mix_title,mix_url,part,position,timestamp,artist,title,raw
"2017-10-22 - Ben Klock @ Awakenings x Klockworks Pres. Photon, Gashouder, ADE","https://www.mixesdb.com/w/2017-10-22_-_Ben_Klock_@_Awakenings_x_Klockworks_Pres._Photon,_Gashouder,_ADE",,1,000,Trevino,Sombre Tones [Klockworks - KW 20],Trevino - Sombre Tones [Klockworks - KW 20]
"2017-10-22 - Ben Klock @ Awakenings x Klockworks Pres. Photon, Gashouder, ADE","https://www.mixesdb.com/w/2017-10-22_-_Ben_Klock_@_Awakenings_x_Klockworks_Pres._Photon,_Gashouder,_ADE",,2,003,Emmanuel Top,Revision 02 [Attack - ET 002],Emmanuel Top - Revision 02 [Attack - ET 002]
"2017-10-22 - Ben Klock @ Awakenings x Klockworks Pres. Photon, Gashouder, ADE","https://www.mixesdb.com/w/2017-10-22_-_Ben_Klock_@_Awakenings_x_Klockworks_Pres._Photon,_Gashouder,_ADE",,3,007,Truncate,Organ Trax [Be As One - BAO 10YDIG],Truncate - Organ Trax [Be As One - BAO 10YDIG]
"2017-10-22 - Ben Klock @ Awakenings x Klockworks Pres. Photon, Gashouder, ADE","https://www.mixesdb.com/w/2017-10-22_-_Ben_Klock_@_Awakenings_x_Klockworks_Pres._Photon,_Gashouder,_ADE",,4,009,Cisco Ferreira & Colin Mcbean,?,Cisco Ferreira & Colin Mcbean - ?
"2017-10-22 - Ben Klock @ Awakenings x Klockworks Pres. Photon, Gashouder, ADE","https://www.mixesdb.com/w/2017-10-22_-_Ben_Klock_@_Awakenings_x_Klockworks_Pres._Photon,_Gashouder,_ADE",,5,011,Jam,Monsoon [Be As One - BAO 10YDIG],Jam - Monsoon [Be As One - BAO 10YDIG]
"2017-10-22 - Ben Klock @ Awakenings x Klockworks Pres. Photon, Gashouder, ADE","https://www.mixesdb.com/w/2017-10-22_-_Ben_Klock_@_Awakenings_x_Klockworks_Pres._Photon,_Gashouder,_ADE",,6,014,Deniro,Atavism [Tape - 005],Deniro - Atavism [Tape - 005]
"2017-10-22 - Ben Klock @ Awakenings x Klockworks Pres. Photon, Gashouder, ADE","https://www.mixesdb.com/w/2017-10-22_-_Ben_Klock_@_Awakenings_x_Klockworks_Pres._Photon,_Gashouder,_ADE",,7,016,,?,?
"2017-10-22 - Ben Klock @ Awakenings x Klockworks Pres. Photon, Gashouder, ADE","https://www.mixesdb.com/w/2017-10-22_-_Ben_Klock_@_Awakenings_x_Klockworks_Pres._Photon,_Gashouder,_ADE",,8,019,Luca La Rocca,Shutter [Planet Rhythm - PRRUKD 081],Luca La Rocca - Shutter [Planet Rhythm - PRRUKD 081]
"2017-10-22 - Ben Klock @ Awakenings x Klockworks Pres. Photon, Gashouder, ADE","https://www.mixesdb.com/w/2017-10-22_-_Ben_Klock_@_Awakenings_x_Klockworks_Pres._Photon,_Gashouder,_ADE",,9,023,Gecko,Just Close Your Eyes [Delirium Red - DELRED 022],Gecko - Just Close Your Eyes [Delirium Red - DELRED 022]
"2017-10-22 - Ben Klock @ Awakenings x Klockworks Pres. Photon, Gashouder, ADE","https://www.mixesdb.com/w/2017-10-22_-_Ben_Klock_@_Awakenings_x_Klockworks_Pres._Photon,_Gashouder,_ADE",,10,028,Heiko Laux,Self [Klockworks - KW24],Heiko Laux - Self [Klockworks - KW24]
"2017-10-22 - Ben Klock @ Awakenings x Klockworks Pres. Photon, Gashouder, ADE","https://www.mixesdb.com/w/2017-10-22_-_Ben_Klock_@_Awakenings_x_Klockworks_Pres._Photon,_Gashouder,_ADE",,11,031,Heartless,Mathilda (Structure 1) [6dimensions - 126D-03],Heartless - Mathilda (Structure 1) [6dimensions - 126D-03]
"2017-10-22 - Ben Klock @ Awakenings x Klockworks Pres. Photon, Gashouder, ADE","https://www.mixesdb.com/w/2017-10-22_-_Ben_Klock_@_Awakenings_x_Klockworks_Pres._Photon,_Gashouder,_ADE",,12,036,The Advent,Sketch 1 [Tresor - 106],The Advent - Sketch 1 [Tresor - 106]
"2017-10-22 - Ben Klock @ Awakenings x Klockworks Pres. Photon, Gashouder, ADE","https://www.mixesdb.com/w/2017-10-22_-_Ben_Klock_@_Awakenings_x_Klockworks_Pres._Photon,_Gashouder,_ADE",,13,038,Truncate,Pseudo V1 [Nachtstrom - NST 154],Truncate - Pseudo V1 [Nachtstrom - NST 154]
"2017-10-22 - Ben Klock @ Awakenings x Klockworks Pres. Photon, Gashouder, ADE","https://www.mixesdb.com/w/2017-10-22_-_Ben_Klock_@_Awakenings_x_Klockworks_Pres._Photon,_Gashouder,_ADE",,14,042,Dax J,The Wonk,Dax J - The Wonk
"2017-10-22 - Ben Klock @ Awakenings x Klockworks Pres. Photon, Gashouder, ADE","https://www.mixesdb.com/w/2017-10-22_-_Ben_Klock_@_Awakenings_x_Klockworks_Pres._Photon,_Gashouder,_ADE",,15,045,Ø [Phase],Binary Opposition (Ben Klock Process) [Token - 20RD],Ø [Phase] - Binary Opposition (Ben Klock Process) [Token - 20RD]
"2017-10-22 - Ben Klock @ Awakenings x Klockworks Pres. Photon, Gashouder, ADE","https://www.mixesdb.com/w/2017-10-22_-_Ben_Klock_@_Awakenings_x_Klockworks_Pres._Photon,_Gashouder,_ADE",,16,047,Juan Atkins & Moritz Von Oswald,Transport (Carl Craig Remix) (DJ Deep & Roman Poncet Rework) [Tresor - 298],Juan Atkins & Moritz Von Oswald - Transport (Carl Craig Remix) (DJ Deep & Roman Poncet Rework) [Tresor - 298]
"2017-10-22 - Ben Klock @ Awakenings x Klockworks Pres. Photon, Gashouder, ADE","https://www.mixesdb.com/w/2017-10-22_-_Ben_Klock_@_Awakenings_x_Klockworks_Pres._Photon,_Gashouder,_ADE",,17,051,Oliver Ho,Meta 13,Oliver Ho - Meta 13
"2017-10-22 - Ben Klock @ Awakenings x Klockworks Pres. Photon, Gashouder, ADE","https://www.mixesdb.com/w/2017-10-22_-_Ben_Klock_@_Awakenings_x_Klockworks_Pres._Photon,_Gashouder,_ADE",,18,054,Luca La Rocca,Acid Life [Kaputt - KP 072],Luca La Rocca - Acid Life [Kaputt - KP 072]
"2017-10-22 - Ben Klock @ Awakenings x Klockworks Pres. Photon, Gashouder, ADE","https://www.mixesdb.com/w/2017-10-22_-_Ben_Klock_@_Awakenings_x_Klockworks_Pres._Photon,_Gashouder,_ADE",,19,057,,?,?
"2017-10-22 - Ben Klock @ Awakenings x Klockworks Pres. Photon, Gashouder, ADE","https://www.mixesdb.com/w/2017-10-22_-_Ben_Klock_@_Awakenings_x_Klockworks_Pres._Photon,_Gashouder,_ADE",,20,061,Keith Carnal,Lcuy,Keith Carnal - Lcuy
"2017-10-22 - Ben Klock @ Awakenings x Klockworks Pres. Photon, Gashouder, ADE","https://www.mixesdb.com/w/2017-10-22_-_Ben_Klock_@_Awakenings_x_Klockworks_Pres._Photon,_Gashouder,_ADE",,21,065,Traversable Wormhole,Tachyon (James Ruskin Remix) [Create Learn Realize - CLR 039],Traversable Wormhole - Tachyon (James Ruskin Remix) [Create Learn Realize - CLR 039]
"2017-10-22 - Ben Klock @ Awakenings x Klockworks Pres. Photon, Gashouder, ADE","https://www.mixesdb.com/w/2017-10-22_-_Ben_Klock_@_Awakenings_x_Klockworks_Pres._Photon,_Gashouder,_ADE",,22,069,The Pump Panel,Confusion (Floatation Mix) [Full Frequency Range - FX 260],The Pump Panel - Confusion (Floatation Mix) [Full Frequency Range - FX 260]
"2017-10-22 - Ben Klock @ Awakenings x Klockworks Pres. Photon, Gashouder, ADE","https://www.mixesdb.com/w/2017-10-22_-_Ben_Klock_@_Awakenings_x_Klockworks_Pres._Photon,_Gashouder,_ADE",,23,074,Developer,Snap Over [Failsafe - FA-SA-003],Developer - Snap Over [Failsafe - FA-SA-003]
"2017-10-22 - Ben Klock @ Awakenings x Klockworks Pres. Photon, Gashouder, ADE","https://www.mixesdb.com/w/2017-10-22_-_Ben_Klock_@_Awakenings_x_Klockworks_Pres._Photon,_Gashouder,_ADE",,24,077,Roseen,Multiple Infection [Ausgang - AUS 004],Roseen - Multiple Infection [Ausgang - AUS 004]
"2017-10-22 - Ben Klock @ Awakenings x Klockworks Pres. Photon, Gashouder, ADE","https://www.mixesdb.com/w/2017-10-22_-_Ben_Klock_@_Awakenings_x_Klockworks_Pres._Photon,_Gashouder,_ADE",,25,081,Regal,Acid Is The Answer (Dub Mix) [Involve - INV 014],Regal - Acid Is The Answer (Dub Mix) [Involve - INV 014]
"2017-10-22 - Ben Klock @ Awakenings x Klockworks Pres. Photon, Gashouder, ADE","https://www.mixesdb.com/w/2017-10-22_-_Ben_Klock_@_Awakenings_x_Klockworks_Pres._Photon,_Gashouder,_ADE",,26,088,Adam Craft,Aphite 49 [Klockworks - KW 20],Adam Craft - Aphite 49 [Klockworks - KW 20]
"2017-10-22 - Ben Klock @ Awakenings x Klockworks Pres. Photon, Gashouder, ADE","https://www.mixesdb.com/w/2017-10-22_-_Ben_Klock_@_Awakenings_x_Klockworks_Pres._Photon,_Gashouder,_ADE",,27,092,Surgeon,La Real (Part 3) [Counterbalance - CBX 002],Surgeon - La Real (Part 3) [Counterbalance - CBX 002]
"2017-10-22 - Ben Klock @ Awakenings x Klockworks Pres. Photon, Gashouder, ADE","https://www.mixesdb.com/w/2017-10-22_-_Ben_Klock_@_Awakenings_x_Klockworks_Pres._Photon,_Gashouder,_ADE",,28,095,High Position,Cops [Klockworks - KW 20],High Position - Cops [Klockworks - KW 20]
"2017-10-22 - Ben Klock @ Awakenings x Klockworks Pres. Photon, Gashouder, ADE","https://www.mixesdb.com/w/2017-10-22_-_Ben_Klock_@_Awakenings_x_Klockworks_Pres._Photon,_Gashouder,_ADE",,29,098,Robert Görl,Psychoring [Disko B - Db 8],Robert Görl - Psychoring [Disko B - Db 8]
"2017-10-22 - Ben Klock @ Awakenings x Klockworks Pres. Photon, Gashouder, ADE","https://www.mixesdb.com/w/2017-10-22_-_Ben_Klock_@_Awakenings_x_Klockworks_Pres._Photon,_Gashouder,_ADE",,30,100,Dax J,The Wonk [Monnom Black - MONNOM 009],Dax J - The Wonk [Monnom Black - MONNOM 009]
"2017-10-22 - Ben Klock @ Awakenings x Klockworks Pres. Photon, Gashouder, ADE","https://www.mixesdb.com/w/2017-10-22_-_Ben_Klock_@_Awakenings_x_Klockworks_Pres._Photon,_Gashouder,_ADE",,31,105,Savas Pascalidis,Low Octane [Sweatshop - SWSH 017],Savas Pascalidis - Low Octane [Sweatshop - SWSH 017]
"2017-10-22 - Ben Klock @ Awakenings x Klockworks Pres. Photon, Gashouder, ADE","https://www.mixesdb.com/w/2017-10-22_-_Ben_Klock_@_Awakenings_x_Klockworks_Pres._Photon,_Gashouder,_ADE",,32,107,Luca La Rocca,Interstellar [Planet Rhythm - PRRUKD 081],Luca La Rocca - Interstellar [Planet Rhythm - PRRUKD 081]
"2017-10-22 - Ben Klock @ Awakenings x Klockworks Pres. Photon, Gashouder, ADE","https://www.mixesdb.com/w/2017-10-22_-_Ben_Klock_@_Awakenings_x_Klockworks_Pres._Photon,_Gashouder,_ADE",,33,111,Liquid Overdose,Saturation (Part 1) [Scanner - NN-2001-011],Liquid Overdose - Saturation (Part 1) [Scanner - NN-2001-011]
"2017-10-22 - Ben Klock @ Awakenings x Klockworks Pres. Photon, Gashouder, ADE","https://www.mixesdb.com/w/2017-10-22_-_Ben_Klock_@_Awakenings_x_Klockworks_Pres._Photon,_Gashouder,_ADE",,34,115,DJ T-1000,Thumper [Pure Sonik - PURE 28],DJ T-1000 - Thumper [Pure Sonik - PURE 28]
"2017-10-22 - Ben Klock @ Awakenings x Klockworks Pres. Photon, Gashouder, ADE","https://www.mixesdb.com/w/2017-10-22_-_Ben_Klock_@_Awakenings_x_Klockworks_Pres._Photon,_Gashouder,_ADE",,35,119,The Advent,High Horse [Klockworks - KW22],The Advent - High Horse [Klockworks - KW22]
"2017-10-22 - Ben Klock @ Awakenings x Klockworks Pres. Photon, Gashouder, ADE","https://www.mixesdb.com/w/2017-10-22_-_Ben_Klock_@_Awakenings_x_Klockworks_Pres._Photon,_Gashouder,_ADE",,36,123,Troy,Redshift [Klockworks - KW21],Troy - Redshift [Klockworks - KW21]
"2017-10-22 - Ben Klock @ Awakenings x Klockworks Pres. Photon, Gashouder, ADE","https://www.mixesdb.com/w/2017-10-22_-_Ben_Klock_@_Awakenings_x_Klockworks_Pres._Photon,_Gashouder,_ADE",,37,129,Timmo,Muzik [Drumcode - DC 178],Timmo - Muzik [Drumcode - DC 178]
"2017-10-22 - Ben Klock @ Awakenings x Klockworks Pres. Photon, Gashouder, ADE","https://www.mixesdb.com/w/2017-10-22_-_Ben_Klock_@_Awakenings_x_Klockworks_Pres._Photon,_Gashouder,_ADE",,38,132,Schacke,Make Them Remember [Ectotherm - ECTOS 004],Schacke - Make Them Remember [Ectotherm - ECTOS 004]
"2017-10-22 - Ben Klock @ Awakenings x Klockworks Pres. Photon, Gashouder, ADE","https://www.mixesdb.com/w/2017-10-22_-_Ben_Klock_@_Awakenings_x_Klockworks_Pres._Photon,_Gashouder,_ADE",,39,135,Radio Slave,Feel The Same (Floorplan Remix 1) [Rekids - 107],Radio Slave - Feel The Same (Floorplan Remix 1) [Rekids - 107]
"2017-10-22 - Ben Klock @ Awakenings x Klockworks Pres. Photon, Gashouder, ADE","https://www.mixesdb.com/w/2017-10-22_-_Ben_Klock_@_Awakenings_x_Klockworks_Pres._Photon,_Gashouder,_ADE",,40,139,Regis,Keep Planning [Downwards - DNRECD 1],Regis - Keep Planning [Downwards - DNRECD 1]
"2017-10-22 - Ben Klock @ Awakenings x Klockworks Pres. Photon, Gashouder, ADE","https://www.mixesdb.com/w/2017-10-22_-_Ben_Klock_@_Awakenings_x_Klockworks_Pres._Photon,_Gashouder,_ADE",,41,141,Rush Plus,Low For Me [Rush Plus - RPDC001],Rush Plus - Low For Me [Rush Plus - RPDC001]
"2017-10-22 - Ben Klock @ Awakenings x Klockworks Pres. Photon, Gashouder, ADE","https://www.mixesdb.com/w/2017-10-22_-_Ben_Klock_@_Awakenings_x_Klockworks_Pres._Photon,_Gashouder,_ADE",,42,146,Konrad,Strange [Phobiq - 0167D],Konrad - Strange [Phobiq - 0167D]
2020-07-17 - Ben Klock @ Photon Live Stream,https://www.mixesdb.com/w/2020-07-17_-_Ben_Klock_@_Photon_Live_Stream,,1,00,,?,?
2020-07-17 - Ben Klock @ Photon Live Stream,https://www.mixesdb.com/w/2020-07-17_-_Ben_Klock_@_Photon_Live_Stream,,2,03,Stanislav Tolkachev,Everything Ends [SEM112],Stanislav Tolkachev - Everything Ends [SEM112]
2020-07-17 - Ben Klock @ Photon Live Stream,https://www.mixesdb.com/w/2020-07-17_-_Ben_Klock_@_Photon_Live_Stream,,3,06,Reeko,Cutting Exercise,Reeko - Cutting Exercise
2020-07-17 - Ben Klock @ Photon Live Stream,https://www.mixesdb.com/w/2020-07-17_-_Ben_Klock_@_Photon_Live_Stream,,4,09,Matt Mor,Surrender [MR013],Matt Mor - Surrender [MR013]
2020-07-17 - Ben Klock @ Photon Live Stream,https://www.mixesdb.com/w/2020-07-17_-_Ben_Klock_@_Photon_Live_Stream,,5,12,Marco Lenzi,XX2 B [Molecular],Marco Lenzi - XX2 B [Molecular]
2020-07-17 - Ben Klock @ Photon Live Stream,https://www.mixesdb.com/w/2020-07-17_-_Ben_Klock_@_Photon_Live_Stream,,6,14,The Advent,Foothold [KW30],The Advent - Foothold [KW30]
2020-07-17 - Ben Klock @ Photon Live Stream,https://www.mixesdb.com/w/2020-07-17_-_Ben_Klock_@_Photon_Live_Stream,,7,16,Paul Laurens,Didact,Paul Laurens - Didact
2020-07-17 - Ben Klock @ Photon Live Stream,https://www.mixesdb.com/w/2020-07-17_-_Ben_Klock_@_Photon_Live_Stream,,8,19,Steve Parker,Alien Mutation [MUTED002],Steve Parker - Alien Mutation [MUTED002]
2020-07-17 - Ben Klock @ Photon Live Stream,https://www.mixesdb.com/w/2020-07-17_-_Ben_Klock_@_Photon_Live_Stream,,9,22,Peder Mannerfelt,Sissel & Bass (Onscreenactor Remix) [KAOS04],Peder Mannerfelt - Sissel & Bass (Onscreenactor Remix) [KAOS04]
2020-07-17 - Ben Klock @ Photon Live Stream,https://www.mixesdb.com/w/2020-07-17_-_Ben_Klock_@_Photon_Live_Stream,,10,24,Stef Mendesidis,? [Unreleased],Stef Mendesidis - ? [Unreleased]
2020-07-17 - Ben Klock @ Photon Live Stream,https://www.mixesdb.com/w/2020-07-17_-_Ben_Klock_@_Photon_Live_Stream,,11,27,Si Begg,When We Were Young [LOVEWAX09],Si Begg - When We Were Young [LOVEWAX09]
2020-07-17 - Ben Klock @ Photon Live Stream,https://www.mixesdb.com/w/2020-07-17_-_Ben_Klock_@_Photon_Live_Stream,,12,31,Ø [Phase] & Rødhad,190318 [WNSWG004],Ø [Phase] & Rødhad - 190318 [WNSWG004]
2020-07-17 - Ben Klock @ Photon Live Stream,https://www.mixesdb.com/w/2020-07-17_-_Ben_Klock_@_Photon_Live_Stream,,13,33,Christian Bloch,Diana [KNT-11],Christian Bloch - Diana [KNT-11]
2020-07-17 - Ben Klock @ Photon Live Stream,https://www.mixesdb.com/w/2020-07-17_-_Ben_Klock_@_Photon_Live_Stream,,14,36,Marco Lenzi,XX2 A [Molecular],Marco Lenzi - XX2 A [Molecular]
2020-07-17 - Ben Klock @ Photon Live Stream,https://www.mixesdb.com/w/2020-07-17_-_Ben_Klock_@_Photon_Live_Stream,,15,38,D.Dan,Mutant Future [LT065],D.Dan - Mutant Future [LT065]
2020-07-17 - Ben Klock @ Photon Live Stream,https://www.mixesdb.com/w/2020-07-17_-_Ben_Klock_@_Photon_Live_Stream,,16,40,Obscurum,Down,Obscurum - Down
2020-07-17 - Ben Klock @ Photon Live Stream,https://www.mixesdb.com/w/2020-07-17_-_Ben_Klock_@_Photon_Live_Stream,,17,42,Charlotte de Witte,Vision [FIGUREX17],Charlotte de Witte - Vision [FIGUREX17]
2020-07-17 - Ben Klock @ Photon Live Stream,https://www.mixesdb.com/w/2020-07-17_-_Ben_Klock_@_Photon_Live_Stream,,18,45,Foul Play,Dubbing You,Foul Play - Dubbing You
2020-07-17 - Ben Klock @ Photon Live Stream,https://www.mixesdb.com/w/2020-07-17_-_Ben_Klock_@_Photon_Live_Stream,,19,50,Karenn,Shoes Off [VOAM004],Karenn - Shoes Off [VOAM004]
2020-07-17 - Ben Klock @ Photon Live Stream,https://www.mixesdb.com/w/2020-07-17_-_Ben_Klock_@_Photon_Live_Stream,,20,52,Droughtwerk,Controlled [DWK002],Droughtwerk - Controlled [DWK002]
2020-07-17 - Ben Klock @ Photon Live Stream,https://www.mixesdb.com/w/2020-07-17_-_Ben_Klock_@_Photon_Live_Stream,,21,55,Regis,Artillery [DOWNWARDS],Regis - Artillery [DOWNWARDS]
2020-07-17 - Ben Klock @ Photon Live Stream,https://www.mixesdb.com/w/2020-07-17_-_Ben_Klock_@_Photon_Live_Stream,,22,57,DJ Hell,Like That! (The Old Skool Mix) [MAGNET014],DJ Hell - Like That! (The Old Skool Mix) [MAGNET014]
2020-07-17 - Ben Klock @ Photon Live Stream,https://www.mixesdb.com/w/2020-07-17_-_Ben_Klock_@_Photon_Live_Stream,,23,58,Pete Namlook,Summer (Part 7) [Fax +49-69/450464],Pete Namlook - Summer (Part 7) [Fax +49-69/450464]
2009-02-18 - Ben Klock - Breezeblock,https://www.mixesdb.com/w/2009-02-18_-_Ben_Klock_-_Breezeblock,Hour 1,1,,Zinc feat Foreign Beggars,Move (Bingo Bass),Zinc feat Foreign Beggars - Move (Bingo Bass)
2009-02-18 - Ben Klock - Breezeblock,https://www.mixesdb.com/w/2009-02-18_-_Ben_Klock_-_Breezeblock,Hour 1,2,,Flying Lotus,Parisian Goldfish [TAKE Remix] (Warp),Flying Lotus - Parisian Goldfish [TAKE Remix] (Warp)
2009-02-18 - Ben Klock - Breezeblock,https://www.mixesdb.com/w/2009-02-18_-_Ben_Klock_-_Breezeblock,Hour 1,3,,Pinch,Teleport (Planet Mu),Pinch - Teleport (Planet Mu)
2009-02-18 - Ben Klock - Breezeblock,https://www.mixesdb.com/w/2009-02-18_-_Ben_Klock_-_Breezeblock,Hour 1,4,,Legion Of Two,And Now We Wait (Planet Mu),Legion Of Two - And Now We Wait (Planet Mu)
2009-02-18 - Ben Klock - Breezeblock,https://www.mixesdb.com/w/2009-02-18_-_Ben_Klock_-_Breezeblock,Hour 1,5,,F,Epilogue [Ramadanman Rerub] (7even),F - Epilogue [Ramadanman Rerub] (7even)
2009-02-18 - Ben Klock - Breezeblock,https://www.mixesdb.com/w/2009-02-18_-_Ben_Klock_-_Breezeblock,Hour 1,6,,Samiyam,Bricks (Dubpate),Samiyam - Bricks (Dubpate)
2009-02-18 - Ben Klock - Breezeblock,https://www.mixesdb.com/w/2009-02-18_-_Ben_Klock_-_Breezeblock,Hour 1,7,,Floating Points,Esthian Three,Floating Points - Esthian Three
2009-02-18 - Ben Klock - Breezeblock,https://www.mixesdb.com/w/2009-02-18_-_Ben_Klock_-_Breezeblock,Hour 1,8,,The Scarlet Harlots feat Shiftee Moova,Backlash [Raffertie's Bigger Bass Remix],The Scarlet Harlots feat Shiftee Moova - Backlash [Raffertie's Bigger Bass Remix]
2009-02-18 - Ben Klock - Breezeblock,https://www.mixesdb.com/w/2009-02-18_-_Ben_Klock_-_Breezeblock,Hour 1,9,,Harry Craze & Silkie,French Knickers (Break The Habit),Harry Craze & Silkie - French Knickers (Break The Habit)
2009-02-18 - Ben Klock - Breezeblock,https://www.mixesdb.com/w/2009-02-18_-_Ben_Klock_-_Breezeblock,Hour 1,10,,Teebs,WLTA,Teebs - WLTA
2009-02-18 - Ben Klock - Breezeblock,https://www.mixesdb.com/w/2009-02-18_-_Ben_Klock_-_Breezeblock,Hour 1,11,,Joker,Psychedelic Runway (Kapsize),Joker - Psychedelic Runway (Kapsize)
2009-02-18 - Ben Klock - Breezeblock,https://www.mixesdb.com/w/2009-02-18_-_Ben_Klock_-_Breezeblock,Hour 1,12,,Exile,Your Summer Song' from the LP - Radio (Plug Research),Exile - Your Summer Song' from the LP - Radio (Plug Research)
2009-02-18 - Ben Klock - Breezeblock,https://www.mixesdb.com/w/2009-02-18_-_Ben_Klock_-_Breezeblock,Hour 1,13,,Ras G,Speaker Smash!!!!!!!!!!!,Ras G - Speaker Smash!!!!!!!!!!!
2009-02-18 - Ben Klock - Breezeblock,https://www.mixesdb.com/w/2009-02-18_-_Ben_Klock_-_Breezeblock,Hour 1,14,,Beat Pharmacy,Nuclear Race [Komonazmuk & Appleblim mix],Beat Pharmacy - Nuclear Race [Komonazmuk & Appleblim mix]
2009-02-18 - Ben Klock - Breezeblock,https://www.mixesdb.com/w/2009-02-18_-_Ben_Klock_-_Breezeblock,Hour 1,15,,Martyn,Elden St' from the LP - Great Lengths (3024),Martyn - Elden St' from the LP - Great Lengths (3024)
2009-02-18 - Ben Klock - Breezeblock,https://www.mixesdb.com/w/2009-02-18_-_Ben_Klock_-_Breezeblock,Hour 1,16,,Ben Klock,Grip (Ostgut Ton),Ben Klock - Grip (Ostgut Ton)
2009-02-18 - Ben Klock - Breezeblock,https://www.mixesdb.com/w/2009-02-18_-_Ben_Klock_-_Breezeblock,Hour 1,17,,Levon Vincent,Six Figures (Novel Sound),Levon Vincent - Six Figures (Novel Sound)
2009-02-18 - Ben Klock - Breezeblock,https://www.mixesdb.com/w/2009-02-18_-_Ben_Klock_-_Breezeblock,Hour 1,18,,Steffan Linzatti,See (Stockholm LTD),Steffan Linzatti - See (Stockholm LTD)
2009-02-18 - Ben Klock - Breezeblock,https://www.mixesdb.com/w/2009-02-18_-_Ben_Klock_-_Breezeblock,Hour 1,19,,Steve Stoll,Run In It - B1 (Proper),Steve Stoll - Run In It - B1 (Proper)
2009-02-18 - Ben Klock - Breezeblock,https://www.mixesdb.com/w/2009-02-18_-_Ben_Klock_-_Breezeblock,Hour 1,20,,Norman Nodge,Rush (MDR),Norman Nodge - Rush (MDR)
2009-02-18 - Ben Klock - Breezeblock,https://www.mixesdb.com/w/2009-02-18_-_Ben_Klock_-_Breezeblock,Hour 1,21,,Telefon Tel Aviv,Immolate Yourself [Ben Klock Remix] (BPitchcontrol),Telefon Tel Aviv - Immolate Yourself [Ben Klock Remix] (BPitchcontrol)
2009-02-18 - Ben Klock - Breezeblock,https://www.mixesdb.com/w/2009-02-18_-_Ben_Klock_-_Breezeblock,Hour 1,22,,Roman Lindau,Simplicity (Fachwerk),Roman Lindau - Simplicity (Fachwerk)
2009-02-18 - Ben Klock - Breezeblock,https://www.mixesdb.com/w/2009-02-18_-_Ben_Klock_-_Breezeblock,Hour 2,1,,Bookworms,Static In The Valley - Brookhaven,Bookworms - Static In The Valley - Brookhaven
2009-02-18 - Ben Klock - Breezeblock,https://www.mixesdb.com/w/2009-02-18_-_Ben_Klock_-_Breezeblock,Hour 2,2,,Mono/Poly,The Beatles,Mono/Poly - The Beatles
2009-02-18 - Ben Klock - Breezeblock,https://www.mixesdb.com/w/2009-02-18_-_Ben_Klock_-_Breezeblock,Hour 2,3,,Bullion,Young Heartache (One Handed Music),Bullion - Young Heartache (One Handed Music)
2009-02-18 - Ben Klock - Breezeblock,https://www.mixesdb.com/w/2009-02-18_-_Ben_Klock_-_Breezeblock,Hour 2,4,,EPROM,64 Bytes [Boreta Remix] (Additech),EPROM - 64 Bytes [Boreta Remix] (Additech)
2009-02-18 - Ben Klock - Breezeblock,https://www.mixesdb.com/w/2009-02-18_-_Ben_Klock_-_Breezeblock,Hour 2,5,,Commodo,Querky,Commodo - Querky
2009-02-18 - Ben Klock - Breezeblock,https://www.mixesdb.com/w/2009-02-18_-_Ben_Klock_-_Breezeblock,Hour 2,6,,Truth,Stolen Children (Deep Medi),Truth - Stolen Children (Deep Medi)
2009-02-18 - Ben Klock - Breezeblock,https://www.mixesdb.com/w/2009-02-18_-_Ben_Klock_-_Breezeblock,Hour 2,7,,Computer Jay,Maintain [Mike Slott Rewerk] (Ramp Recordings),Computer Jay - Maintain [Mike Slott Rewerk] (Ramp Recordings)
2009-02-18 - Ben Klock - Breezeblock,https://www.mixesdb.com/w/2009-02-18_-_Ben_Klock_-_Breezeblock,Hour 2,8,,Robert Logan,Acurate Spit Boy (Slowfoot),Robert Logan - Acurate Spit Boy (Slowfoot)
2009-02-18 - Ben Klock - Breezeblock,https://www.mixesdb.com/w/2009-02-18_-_Ben_Klock_-_Breezeblock,Hour 2,9,,The Woods,Anatomy Of A Leak (Plug Research),The Woods - Anatomy Of A Leak (Plug Research)
2009-02-18 - Ben Klock - Breezeblock,https://www.mixesdb.com/w/2009-02-18_-_Ben_Klock_-_Breezeblock,Hour 2,10,,Glasser,Apply [Lemonade mix],Glasser - Apply [Lemonade mix]
2009-02-18 - Ben Klock - Breezeblock,https://www.mixesdb.com/w/2009-02-18_-_Ben_Klock_-_Breezeblock,Hour 2,11,,Sh** Mat,White Label Unity (Planet Mu),Sh** Mat - White Label Unity (Planet Mu)
2014-11-17 - Ben Klock - FACT Mix 470,https://www.mixesdb.com/w/2014-11-17_-_Ben_Klock_-_FACT_Mix_470,,1,00,Oubys,Arp On Arp [Testtoon - TTTB04.1],Oubys - Arp On Arp [Testtoon - TTTB04.1]
2014-11-17 - Ben Klock - FACT Mix 470,https://www.mixesdb.com/w/2014-11-17_-_Ben_Klock_-_FACT_Mix_470,,2,01,Markus Suckut,Turn On [Mosaic - mosaicred02],Markus Suckut - Turn On [Mosaic - mosaicred02]
2014-11-17 - Ben Klock - FACT Mix 470,https://www.mixesdb.com/w/2014-11-17_-_Ben_Klock_-_FACT_Mix_470,,3,04,+ Tin Man,No New Violence (Instrumental Version) [Acid Test - ATLP04],+ Tin Man - No New Violence (Instrumental Version) [Acid Test - ATLP04]
2014-11-17 - Ben Klock - FACT Mix 470,https://www.mixesdb.com/w/2014-11-17_-_Ben_Klock_-_FACT_Mix_470,,4,07,Exium,Complex (Rolando Remix) [Pole - 009],Exium - Complex (Rolando Remix) [Pole - 009]
2014-11-17 - Ben Klock - FACT Mix 470,https://www.mixesdb.com/w/2014-11-17_-_Ben_Klock_-_FACT_Mix_470,,5,09,Mike Parker,Modulation Cave 2 [Deep Sound Channel - DSC005],Mike Parker - Modulation Cave 2 [Deep Sound Channel - DSC005]
2014-11-17 - Ben Klock - FACT Mix 470,https://www.mixesdb.com/w/2014-11-17_-_Ben_Klock_-_FACT_Mix_470,,6,12,Lucy,Sana Sana Sana Cura Cura Cura [Token - 48],Lucy - Sana Sana Sana Cura Cura Cura [Token - 48]
2014-11-17 - Ben Klock - FACT Mix 470,https://www.mixesdb.com/w/2014-11-17_-_Ben_Klock_-_FACT_Mix_470,,7,15,Adam Craft,Aphite 49,Adam Craft - Aphite 49
2014-11-17 - Ben Klock - FACT Mix 470,https://www.mixesdb.com/w/2014-11-17_-_Ben_Klock_-_FACT_Mix_470,,8,20,Efdemin,Solaris [Dial - LP 30],Efdemin - Solaris [Dial - LP 30]
2014-11-17 - Ben Klock - FACT Mix 470,https://www.mixesdb.com/w/2014-11-17_-_Ben_Klock_-_FACT_Mix_470,,9,22,The Advent,Sketch 3 [Tresor 106],The Advent - Sketch 3 [Tresor 106]
2014-11-17 - Ben Klock - FACT Mix 470,https://www.mixesdb.com/w/2014-11-17_-_Ben_Klock_-_FACT_Mix_470,,10,25,Paul Johnson,Aww Shit [Chiwax - CPJTX 001],Paul Johnson - Aww Shit [Chiwax - CPJTX 001]
2014-11-17 - Ben Klock - FACT Mix 470,https://www.mixesdb.com/w/2014-11-17_-_Ben_Klock_-_FACT_Mix_470,,11,28,Phil Kieran,Hells Bells,Phil Kieran - Hells Bells
2014-11-17 - Ben Klock - FACT Mix 470,https://www.mixesdb.com/w/2014-11-17_-_Ben_Klock_-_FACT_Mix_470,,12,??,Jeroen Search,Untitled,Jeroen Search - Untitled
2014-11-17 - Ben Klock - FACT Mix 470,https://www.mixesdb.com/w/2014-11-17_-_Ben_Klock_-_FACT_Mix_470,,13,32,Orgue Electronique Feat. Robert Owens,Our House (DJ TLR's Leave Your Brain At The Door Edit 1) [Creme Organization - CREME 12-59],Orgue Electronique Feat. Robert Owens - Our House (DJ TLR's Leave Your Brain At The Door Edit 1) [Creme Organization - CREME 12-59]
2014-11-17 - Ben Klock - FACT Mix 470,https://www.mixesdb.com/w/2014-11-17_-_Ben_Klock_-_FACT_Mix_470,,14,34,Surgeon,Untitled (B2) [Counterbalance - CBX 002],Surgeon - Untitled (B2) [Counterbalance - CBX 002]
2014-11-17 - Ben Klock - FACT Mix 470,https://www.mixesdb.com/w/2014-11-17_-_Ben_Klock_-_FACT_Mix_470,,15,36,Ben Sims,The Fear (Planetary Assault Systems Remix) [Theory - 050.2],Ben Sims - The Fear (Planetary Assault Systems Remix) [Theory - 050.2]
2014-11-17 - Ben Klock - FACT Mix 470,https://www.mixesdb.com/w/2014-11-17_-_Ben_Klock_-_FACT_Mix_470,,16,39,Function,F4 [Synewave - SW24],Function - F4 [Synewave - SW24]
2014-11-17 - Ben Klock - FACT Mix 470,https://www.mixesdb.com/w/2014-11-17_-_Ben_Klock_-_FACT_Mix_470,,17,43,Bas Mooy,Exiles [CLR - 082],Bas Mooy - Exiles [CLR - 082]
2014-11-17 - Ben Klock - FACT Mix 470,https://www.mixesdb.com/w/2014-11-17_-_Ben_Klock_-_FACT_Mix_470,,18,45,Staffan Linzatti,Natural Flow,Staffan Linzatti - Natural Flow
2014-11-17 - Ben Klock - FACT Mix 470,https://www.mixesdb.com/w/2014-11-17_-_Ben_Klock_-_FACT_Mix_470,,19,49,DJ Slip,Available Light ('99 Original Version) [Thema - 017],DJ Slip - Available Light ('99 Original Version) [Thema - 017]
2014-11-17 - Ben Klock - FACT Mix 470,https://www.mixesdb.com/w/2014-11-17_-_Ben_Klock_-_FACT_Mix_470,,20,52,Trevino,The Dismal Truth [Klockworks - KW 14],Trevino - The Dismal Truth [Klockworks - KW 14]
2014-11-17 - Ben Klock - FACT Mix 470,https://www.mixesdb.com/w/2014-11-17_-_Ben_Klock_-_FACT_Mix_470,,21,55,Slam,Cirklon Bells (Edit Select Remix) [Soma - 416],Slam - Cirklon Bells (Edit Select Remix) [Soma - 416]
2014-11-17 - Ben Klock - FACT Mix 470,https://www.mixesdb.com/w/2014-11-17_-_Ben_Klock_-_FACT_Mix_470,,22,60,The Orb,A Huge Ever Growing Pulsating Brain That Rules From The Centre Of The Ultraworld (Loving You - Orbital Mix) [WAU! Mr. Modo - MWS 017T],The Orb - A Huge Ever Growing Pulsating Brain That Rules From The Centre Of The Ultraworld (Loving You - Orbital Mix) [WAU! Mr. Modo - MWS 017T]
"2019-08-03 - Ben Klock - Ostgut Ton Takeover, Rinse FM","https://www.mixesdb.com/w/2019-08-03_-_Ben_Klock_-_Ostgut_Ton_Takeover,_Rinse_FM",,1,00,The 7th Plain,Chords Are Dirty [OstgutTon],The 7th Plain - Chords Are Dirty [OstgutTon]
"2019-08-03 - Ben Klock - Ostgut Ton Takeover, Rinse FM","https://www.mixesdb.com/w/2019-08-03_-_Ben_Klock_-_Ostgut_Ton_Takeover,_Rinse_FM",,2,03,AleksiPerala,UK74R1406110 [AP Musik],AleksiPerala - UK74R1406110 [AP Musik]
"2019-08-03 - Ben Klock - Ostgut Ton Takeover, Rinse FM","https://www.mixesdb.com/w/2019-08-03_-_Ben_Klock_-_Ostgut_Ton_Takeover,_Rinse_FM",,3,06,Djrum Feat. Shadowbox4u,Lies [Brownswood Electr*c 3],Djrum Feat. Shadowbox4u - Lies [Brownswood Electr*c 3]
"2019-08-03 - Ben Klock - Ostgut Ton Takeover, Rinse FM","https://www.mixesdb.com/w/2019-08-03_-_Ben_Klock_-_Ostgut_Ton_Takeover,_Rinse_FM",,4,??,Badawi,DstryPrfts (Shackleton Remix) [IndexDub],Badawi - DstryPrfts (Shackleton Remix) [IndexDub]
"2019-08-03 - Ben Klock - Ostgut Ton Takeover, Rinse FM","https://www.mixesdb.com/w/2019-08-03_-_Ben_Klock_-_Ostgut_Ton_Takeover,_Rinse_FM",,5,11,Kirilik,Souls [Figure],Kirilik - Souls [Figure]
"2019-08-03 - Ben Klock - Ostgut Ton Takeover, Rinse FM","https://www.mixesdb.com/w/2019-08-03_-_Ben_Klock_-_Ostgut_Ton_Takeover,_Rinse_FM",,6,1?,Flxk1,Fundamentals [Blackest Ever Black],Flxk1 - Fundamentals [Blackest Ever Black]
"2019-08-03 - Ben Klock - Ostgut Ton Takeover, Rinse FM","https://www.mixesdb.com/w/2019-08-03_-_Ben_Klock_-_Ostgut_Ton_Takeover,_Rinse_FM",,7,17,Exos,My Home Is Sonic [Delsin],Exos - My Home Is Sonic [Delsin]
"2019-08-03 - Ben Klock - Ostgut Ton Takeover, Rinse FM","https://www.mixesdb.com/w/2019-08-03_-_Ben_Klock_-_Ostgut_Ton_Takeover,_Rinse_FM",,8,??,Pretty Sneaky,3 (B1) [Pretty Sneaky],Pretty Sneaky - 3 (B1) [Pretty Sneaky]
"2019-08-03 - Ben Klock - Ostgut Ton Takeover, Rinse FM","https://www.mixesdb.com/w/2019-08-03_-_Ben_Klock_-_Ostgut_Ton_Takeover,_Rinse_FM",,9,23,Young Paint Feat. Actress.,Kat Paint [Werk],Young Paint Feat. Actress. - Kat Paint [Werk]
"2019-08-03 - Ben Klock - Ostgut Ton Takeover, Rinse FM","https://www.mixesdb.com/w/2019-08-03_-_Ben_Klock_-_Ostgut_Ton_Takeover,_Rinse_FM",,10,28,Muslimgauze,Muslims Die India (1) [Staalplaat],Muslimgauze - Muslims Die India (1) [Staalplaat]
"2019-08-03 - Ben Klock - Ostgut Ton Takeover, Rinse FM","https://www.mixesdb.com/w/2019-08-03_-_Ben_Klock_-_Ostgut_Ton_Takeover,_Rinse_FM",,11,??,Muslimgauze,Muslims Die India (2) [Staalplaat],Muslimgauze - Muslims Die India (2) [Staalplaat]
"2019-08-03 - Ben Klock - Ostgut Ton Takeover, Rinse FM","https://www.mixesdb.com/w/2019-08-03_-_Ben_Klock_-_Ostgut_Ton_Takeover,_Rinse_FM",,12,??,Muslimgauze,Muslims Die India (1) [Staalplaat],Muslimgauze - Muslims Die India (1) [Staalplaat]
"2019-08-03 - Ben Klock - Ostgut Ton Takeover, Rinse FM","https://www.mixesdb.com/w/2019-08-03_-_Ben_Klock_-_Ostgut_Ton_Takeover,_Rinse_FM",,13,??,User48736353001,7 Cutting,User48736353001 - 7 Cutting
"2019-08-03 - Ben Klock - Ostgut Ton Takeover, Rinse FM","https://www.mixesdb.com/w/2019-08-03_-_Ben_Klock_-_Ostgut_Ton_Takeover,_Rinse_FM",,14,32,D-Tiffany,Ak [Planet Euphorique],D-Tiffany - Ak [Planet Euphorique]
"2019-08-03 - Ben Klock - Ostgut Ton Takeover, Rinse FM","https://www.mixesdb.com/w/2019-08-03_-_Ben_Klock_-_Ostgut_Ton_Takeover,_Rinse_FM",,15,??,From Within,Silent Intelligence Part II [M_Nus],From Within - Silent Intelligence Part II [M_Nus]
"2019-08-03 - Ben Klock - Ostgut Ton Takeover, Rinse FM","https://www.mixesdb.com/w/2019-08-03_-_Ben_Klock_-_Ostgut_Ton_Takeover,_Rinse_FM",,16,??,SkeeMask,VLI [Ilian Tape],SkeeMask - VLI [Ilian Tape]
"2019-08-03 - Ben Klock - Ostgut Ton Takeover, Rinse FM","https://www.mixesdb.com/w/2019-08-03_-_Ben_Klock_-_Ostgut_Ton_Takeover,_Rinse_FM",,17,41,Rod Modell,ITO [Tresor],Rod Modell - ITO [Tresor]
"2019-08-03 - Ben Klock - Ostgut Ton Takeover, Rinse FM","https://www.mixesdb.com/w/2019-08-03_-_Ben_Klock_-_Ostgut_Ton_Takeover,_Rinse_FM",,18,44,Sun Electric,Aaah!,Sun Electric - Aaah!
"2019-08-03 - Ben Klock - Ostgut Ton Takeover, Rinse FM","https://www.mixesdb.com/w/2019-08-03_-_Ben_Klock_-_Ostgut_Ton_Takeover,_Rinse_FM",,19,47,Barker,Models Of Wellbeing [Ostgut Ton],Barker - Models Of Wellbeing [Ostgut Ton]
"2019-08-03 - Ben Klock - Ostgut Ton Takeover, Rinse FM","https://www.mixesdb.com/w/2019-08-03_-_Ben_Klock_-_Ostgut_Ton_Takeover,_Rinse_FM",,20,50,AlvaNoto,Xerrox Monophaser 2 [Raster Artistic Platform],AlvaNoto - Xerrox Monophaser 2 [Raster Artistic Platform]
"2019-08-03 - Ben Klock - Ostgut Ton Takeover, Rinse FM","https://www.mixesdb.com/w/2019-08-03_-_Ben_Klock_-_Ostgut_Ton_Takeover,_Rinse_FM",,21,53,The Rolling Stones,Heaven [Rolling Stones],The Rolling Stones - Heaven [Rolling Stones]
"2019-08-03 - Ben Klock - Ostgut Ton Takeover, Rinse FM","https://www.mixesdb.com/w/2019-08-03_-_Ben_Klock_-_Ostgut_Ton_Takeover,_Rinse_FM",,22,57,User18081971,11 Early Morning Clissold,User18081971 - 11 Early Morning Clissold
"2018-10-21 - Ben Klock @ Klockworks Pres.PHOTON, Gashouder, ADE","https://www.mixesdb.com/w/2018-10-21_-_Ben_Klock_@_Klockworks_Pres.PHOTON,_Gashouder,_ADE",,1,000,,?,?
"2018-10-21 - Ben Klock @ Klockworks Pres.PHOTON, Gashouder, ADE","https://www.mixesdb.com/w/2018-10-21_-_Ben_Klock_@_Klockworks_Pres.PHOTON,_Gashouder,_ADE",,2,000,Heiko Laux,Antipode [KW24],Heiko Laux - Antipode [KW24]
"2018-10-21 - Ben Klock @ Klockworks Pres.PHOTON, Gashouder, ADE","https://www.mixesdb.com/w/2018-10-21_-_Ben_Klock_@_Klockworks_Pres.PHOTON,_Gashouder,_ADE",,3,001,"Burden, DLTN",Phi 2.5 (Stanislav Tolkachev Remix) [AUREARMX001],"Burden, DLTN - Phi 2.5 (Stanislav Tolkachev Remix) [AUREARMX001]"
"2018-10-21 - Ben Klock @ Klockworks Pres.PHOTON, Gashouder, ADE","https://www.mixesdb.com/w/2018-10-21_-_Ben_Klock_@_Klockworks_Pres.PHOTON,_Gashouder,_ADE",,4,003,Fadi Mohem,On The Line [KW27],Fadi Mohem - On The Line [KW27]
"2018-10-21 - Ben Klock @ Klockworks Pres.PHOTON, Gashouder, ADE","https://www.mixesdb.com/w/2018-10-21_-_Ben_Klock_@_Klockworks_Pres.PHOTON,_Gashouder,_ADE",,5,006,N.A.A.F.I,Soutpilaar (Rezystor Remix) [MRKD008],N.A.A.F.I - Soutpilaar (Rezystor Remix) [MRKD008]
"2018-10-21 - Ben Klock @ Klockworks Pres.PHOTON, Gashouder, ADE","https://www.mixesdb.com/w/2018-10-21_-_Ben_Klock_@_Klockworks_Pres.PHOTON,_Gashouder,_ADE",,6,009,V.C.P.,Area [Tortured - PAIN 019],V.C.P. - Area [Tortured - PAIN 019]
"2018-10-21 - Ben Klock @ Klockworks Pres.PHOTON, Gashouder, ADE","https://www.mixesdb.com/w/2018-10-21_-_Ben_Klock_@_Klockworks_Pres.PHOTON,_Gashouder,_ADE",,7,014,Re:Axis,Holding The Greatness [PRRUKBLK030],Re:Axis - Holding The Greatness [PRRUKBLK030]
"2018-10-21 - Ben Klock @ Klockworks Pres.PHOTON, Gashouder, ADE","https://www.mixesdb.com/w/2018-10-21_-_Ben_Klock_@_Klockworks_Pres.PHOTON,_Gashouder,_ADE",,8,017,James Bong,Roger [HATE],James Bong - Roger [HATE]
"2018-10-21 - Ben Klock @ Klockworks Pres.PHOTON, Gashouder, ADE","https://www.mixesdb.com/w/2018-10-21_-_Ben_Klock_@_Klockworks_Pres.PHOTON,_Gashouder,_ADE",,9,020,,?,?
"2018-10-21 - Ben Klock @ Klockworks Pres.PHOTON, Gashouder, ADE","https://www.mixesdb.com/w/2018-10-21_-_Ben_Klock_@_Klockworks_Pres.PHOTON,_Gashouder,_ADE",,10,022,"Edit Select, Teste",Ascend (Amotik Remix) [EDITSELECT36],"Edit Select, Teste - Ascend (Amotik Remix) [EDITSELECT36]"
"2018-10-21 - Ben Klock @ Klockworks Pres.PHOTON, Gashouder, ADE","https://www.mixesdb.com/w/2018-10-21_-_Ben_Klock_@_Klockworks_Pres.PHOTON,_Gashouder,_ADE",,11,025,Stef Mendesidis,Senzo [KW23],Stef Mendesidis - Senzo [KW23]
"2018-10-21 - Ben Klock @ Klockworks Pres.PHOTON, Gashouder, ADE","https://www.mixesdb.com/w/2018-10-21_-_Ben_Klock_@_Klockworks_Pres.PHOTON,_Gashouder,_ADE",,12,029,Sebastian Krämer,Refrak [MORD054],Sebastian Krämer - Refrak [MORD054]
"2018-10-21 - Ben Klock @ Klockworks Pres.PHOTON, Gashouder, ADE","https://www.mixesdb.com/w/2018-10-21_-_Ben_Klock_@_Klockworks_Pres.PHOTON,_Gashouder,_ADE",,13,031,Paul Mac,Simplicity [Fragmented - FMD 008],Paul Mac - Simplicity [Fragmented - FMD 008]
"2018-10-21 - Ben Klock @ Klockworks Pres.PHOTON, Gashouder, ADE","https://www.mixesdb.com/w/2018-10-21_-_Ben_Klock_@_Klockworks_Pres.PHOTON,_Gashouder,_ADE",,14,035,Exos,Half [FIM 185],Exos - Half [FIM 185]
"2018-10-21 - Ben Klock @ Klockworks Pres.PHOTON, Gashouder, ADE","https://www.mixesdb.com/w/2018-10-21_-_Ben_Klock_@_Klockworks_Pres.PHOTON,_Gashouder,_ADE",,15,039,Harpoen (Jeroen Search & Albert Van Abbe),Live Take [DRUM001],Harpoen (Jeroen Search & Albert Van Abbe) - Live Take [DRUM001]
"2018-10-21 - Ben Klock @ Klockworks Pres.PHOTON, Gashouder, ADE","https://www.mixesdb.com/w/2018-10-21_-_Ben_Klock_@_Klockworks_Pres.PHOTON,_Gashouder,_ADE",,16,044,Ryan Mckay,Illusions [BEK032],Ryan Mckay - Illusions [BEK032]
"2018-10-21 - Ben Klock @ Klockworks Pres.PHOTON, Gashouder, ADE","https://www.mixesdb.com/w/2018-10-21_-_Ben_Klock_@_Klockworks_Pres.PHOTON,_Gashouder,_ADE",,17,047,Dimi Angélis,Live Chat Events [ANGLS007],Dimi Angélis - Live Chat Events [ANGLS007]
"2018-10-21 - Ben Klock @ Klockworks Pres.PHOTON, Gashouder, ADE","https://www.mixesdb.com/w/2018-10-21_-_Ben_Klock_@_Klockworks_Pres.PHOTON,_Gashouder,_ADE",,18,049,Truncate,Multiply [TRUNCATE17],Truncate - Multiply [TRUNCATE17]
"2018-10-21 - Ben Klock @ Klockworks Pres.PHOTON, Gashouder, ADE","https://www.mixesdb.com/w/2018-10-21_-_Ben_Klock_@_Klockworks_Pres.PHOTON,_Gashouder,_ADE",,19,051,Lady Starlight,D5-12 [FIGURE100],Lady Starlight - D5-12 [FIGURE100]
"2018-10-21 - Ben Klock @ Klockworks Pres.PHOTON, Gashouder, ADE","https://www.mixesdb.com/w/2018-10-21_-_Ben_Klock_@_Klockworks_Pres.PHOTON,_Gashouder,_ADE",,20,054,DJ Dextro,Epitafio,DJ Dextro - Epitafio
"2018-10-21 - Ben Klock @ Klockworks Pres.PHOTON, Gashouder, ADE","https://www.mixesdb.com/w/2018-10-21_-_Ben_Klock_@_Klockworks_Pres.PHOTON,_Gashouder,_ADE",,21,059,Roman Poncet,Turn Down [FIGURE100],Roman Poncet - Turn Down [FIGURE100]
"2018-10-21 - Ben Klock @ Klockworks Pres.PHOTON, Gashouder, ADE","https://www.mixesdb.com/w/2018-10-21_-_Ben_Klock_@_Klockworks_Pres.PHOTON,_Gashouder,_ADE",,22,063,David Carretta,Vicious Game 2018 (Mark Broom V2 Remix),David Carretta - Vicious Game 2018 (Mark Broom V2 Remix)
"2018-10-21 - Ben Klock @ Klockworks Pres.PHOTON, Gashouder, ADE","https://www.mixesdb.com/w/2018-10-21_-_Ben_Klock_@_Klockworks_Pres.PHOTON,_Gashouder,_ADE",,23,065,BOOZ,Q13 (Ritzi Lee Remix) [IAR224],BOOZ - Q13 (Ritzi Lee Remix) [IAR224]
"2018-10-21 - Ben Klock @ Klockworks Pres.PHOTON, Gashouder, ADE","https://www.mixesdb.com/w/2018-10-21_-_Ben_Klock_@_Klockworks_Pres.PHOTON,_Gashouder,_ADE",,24,070,Wehbba,Mind Awake [DC192],Wehbba - Mind Awake [DC192]
"2018-10-21 - Ben Klock @ Klockworks Pres.PHOTON, Gashouder, ADE","https://www.mixesdb.com/w/2018-10-21_-_Ben_Klock_@_Klockworks_Pres.PHOTON,_Gashouder,_ADE",,25,073,Dimi Angélis,Index [ANGLS007],Dimi Angélis - Index [ANGLS007]
"2018-10-21 - Ben Klock @ Klockworks Pres.PHOTON, Gashouder, ADE","https://www.mixesdb.com/w/2018-10-21_-_Ben_Klock_@_Klockworks_Pres.PHOTON,_Gashouder,_ADE",,26,076,I Am Bam,Roller [Quartz],I Am Bam - Roller [Quartz]
"2018-10-21 - Ben Klock @ Klockworks Pres.PHOTON, Gashouder, ADE","https://www.mixesdb.com/w/2018-10-21_-_Ben_Klock_@_Klockworks_Pres.PHOTON,_Gashouder,_ADE",,27,079,Dax J,Imperial Propaganda [MONNOM005],Dax J - Imperial Propaganda [MONNOM005]
"2018-10-21 - Ben Klock @ Klockworks Pres.PHOTON, Gashouder, ADE","https://www.mixesdb.com/w/2018-10-21_-_Ben_Klock_@_Klockworks_Pres.PHOTON,_Gashouder,_ADE",,28,083,Stef Mendesidis,The Secret Agent's Blunder [CRG020],Stef Mendesidis - The Secret Agent's Blunder [CRG020]
"2018-10-21 - Ben Klock @ Klockworks Pres.PHOTON, Gashouder, ADE","https://www.mixesdb.com/w/2018-10-21_-_Ben_Klock_@_Klockworks_Pres.PHOTON,_Gashouder,_ADE",,29,089,The Advent,High Horse [KW22],The Advent - High Horse [KW22]
"2018-10-21 - Ben Klock @ Klockworks Pres.PHOTON, Gashouder, ADE","https://www.mixesdb.com/w/2018-10-21_-_Ben_Klock_@_Klockworks_Pres.PHOTON,_Gashouder,_ADE",,30,093,Berg Jaär,Dal [PRRUKBLK028],Berg Jaär - Dal [PRRUKBLK028]
"2018-10-21 - Ben Klock @ Klockworks Pres.PHOTON, Gashouder, ADE","https://www.mixesdb.com/w/2018-10-21_-_Ben_Klock_@_Klockworks_Pres.PHOTON,_Gashouder,_ADE",,31,098,Farrago,Hard Light [ARTS036],Farrago - Hard Light [ARTS036]
"2018-10-21 - Ben Klock @ Klockworks Pres.PHOTON, Gashouder, ADE","https://www.mixesdb.com/w/2018-10-21_-_Ben_Klock_@_Klockworks_Pres.PHOTON,_Gashouder,_ADE",,32,103,,?,?
"2018-10-21 - Ben Klock @ Klockworks Pres.PHOTON, Gashouder, ADE","https://www.mixesdb.com/w/2018-10-21_-_Ben_Klock_@_Klockworks_Pres.PHOTON,_Gashouder,_ADE",,33,105,House Syndicate,Jam The Mace [Jerome Sydenham's Tekno Rendition],House Syndicate - Jam The Mace [Jerome Sydenham's Tekno Rendition]
"2018-10-21 - Ben Klock @ Klockworks Pres.PHOTON, Gashouder, ADE","https://www.mixesdb.com/w/2018-10-21_-_Ben_Klock_@_Klockworks_Pres.PHOTON,_Gashouder,_ADE",,34,109,Klara,Absolution (Anetha Remix) [UNUM001],Klara - Absolution (Anetha Remix) [UNUM001]
"2018-10-21 - Ben Klock @ Klockworks Pres.PHOTON, Gashouder, ADE","https://www.mixesdb.com/w/2018-10-21_-_Ben_Klock_@_Klockworks_Pres.PHOTON,_Gashouder,_ADE",,35,111,Coyu & Green Velvet,The Last Generation [SUARA],Coyu & Green Velvet - The Last Generation [SUARA]
"2018-10-21 - Ben Klock @ Klockworks Pres.PHOTON, Gashouder, ADE","https://www.mixesdb.com/w/2018-10-21_-_Ben_Klock_@_Klockworks_Pres.PHOTON,_Gashouder,_ADE",,36,116,Format #1,Solid Session,Format #1 - Solid Session
"2009-08-06 - Ben Klock @ Be, Space, Ibiza (CLR Podcast 025, 2009-08-17)","https://www.mixesdb.com/w/2009-08-06_-_Ben_Klock_@_Be,_Space,_Ibiza_(CLR_Podcast_025,_2009-08-17)",,1,00:00,Donor / Truss,Indifference 1 [Perc Trax - 033],Donor / Truss - Indifference 1 [Perc Trax - 033]
"2009-08-06 - Ben Klock @ Be, Space, Ibiza (CLR Podcast 025, 2009-08-17)","https://www.mixesdb.com/w/2009-08-06_-_Ben_Klock_@_Be,_Space,_Ibiza_(CLR_Podcast_025,_2009-08-17)",,2,04:30,Rejected,For The People (Ben Klock Remix) [Rejected],Rejected - For The People (Ben Klock Remix) [Rejected]
"2009-08-06 - Ben Klock @ Be, Space, Ibiza (CLR Podcast 025, 2009-08-17)","https://www.mixesdb.com/w/2009-08-06_-_Ben_Klock_@_Be,_Space,_Ibiza_(CLR_Podcast_025,_2009-08-17)",,3,09:00,DJ Slip,Available Light [Thema],DJ Slip - Available Light [Thema]
"2009-08-06 - Ben Klock @ Be, Space, Ibiza (CLR Podcast 025, 2009-08-17)","https://www.mixesdb.com/w/2009-08-06_-_Ben_Klock_@_Be,_Space,_Ibiza_(CLR_Podcast_025,_2009-08-17)",,4,11:20,Ben Klock,Subzero [Ostgut Ton],Ben Klock - Subzero [Ostgut Ton]
"2009-08-06 - Ben Klock @ Be, Space, Ibiza (CLR Podcast 025, 2009-08-17)","https://www.mixesdb.com/w/2009-08-06_-_Ben_Klock_@_Be,_Space,_Ibiza_(CLR_Podcast_025,_2009-08-17)",,5,16:00,Silent Servant,Discipline [Sandwell District],Silent Servant - Discipline [Sandwell District]
"2009-08-06 - Ben Klock @ Be, Space, Ibiza (CLR Podcast 025, 2009-08-17)","https://www.mixesdb.com/w/2009-08-06_-_Ben_Klock_@_Be,_Space,_Ibiza_(CLR_Podcast_025,_2009-08-17)",,6,21:00,Hauntologist,EP2 A2 [Hauntologist],Hauntologist - EP2 A2 [Hauntologist]
"2009-08-06 - Ben Klock @ Be, Space, Ibiza (CLR Podcast 025, 2009-08-17)","https://www.mixesdb.com/w/2009-08-06_-_Ben_Klock_@_Be,_Space,_Ibiza_(CLR_Podcast_025,_2009-08-17)",,7,26:00,Cio D'or,Organza (Samuli Kemppi Remix) [Prologue - 010],Cio D'or - Organza (Samuli Kemppi Remix) [Prologue - 010]
"2009-08-06 - Ben Klock @ Be, Space, Ibiza (CLR Podcast 025, 2009-08-17)","https://www.mixesdb.com/w/2009-08-06_-_Ben_Klock_@_Be,_Space,_Ibiza_(CLR_Podcast_025,_2009-08-17)",,8,29:00,Estroe,Knetter [Snejl],Estroe - Knetter [Snejl]
"2009-08-06 - Ben Klock @ Be, Space, Ibiza (CLR Podcast 025, 2009-08-17)","https://www.mixesdb.com/w/2009-08-06_-_Ben_Klock_@_Be,_Space,_Ibiza_(CLR_Podcast_025,_2009-08-17)",,9,33:00,Ben Klock,Viscoplastic [Deeply Rooted House],Ben Klock - Viscoplastic [Deeply Rooted House]
"2009-08-06 - Ben Klock @ Be, Space, Ibiza (CLR Podcast 025, 2009-08-17)","https://www.mixesdb.com/w/2009-08-06_-_Ben_Klock_@_Be,_Space,_Ibiza_(CLR_Podcast_025,_2009-08-17)",,10,37:00,Junior Boys,Work (Marcel Dettmann Mix) [Philomena - 03],Junior Boys - Work (Marcel Dettmann Mix) [Philomena - 03]
"2009-08-06 - Ben Klock @ Be, Space, Ibiza (CLR Podcast 025, 2009-08-17)","https://www.mixesdb.com/w/2009-08-06_-_Ben_Klock_@_Be,_Space,_Ibiza_(CLR_Podcast_025,_2009-08-17)",,11,43:00,Tommy Four Seven,Surma (Speedy J Dub Tool) [Electric Deluxe - 005],Tommy Four Seven - Surma (Speedy J Dub Tool) [Electric Deluxe - 005]
"2009-08-06 - Ben Klock @ Be, Space, Ibiza (CLR Podcast 025, 2009-08-17)","https://www.mixesdb.com/w/2009-08-06_-_Ben_Klock_@_Be,_Space,_Ibiza_(CLR_Podcast_025,_2009-08-17)",,12,47:00,Chiapet,Westworld (Medieval Funk Mix) [Yoshitoshi - 034],Chiapet - Westworld (Medieval Funk Mix) [Yoshitoshi - 034]
"2009-08-06 - Ben Klock @ Be, Space, Ibiza (CLR Podcast 025, 2009-08-17)","https://www.mixesdb.com/w/2009-08-06_-_Ben_Klock_@_Be,_Space,_Ibiza_(CLR_Podcast_025,_2009-08-17)",,13,51:00,System F. Feat. Marc Almond,Soul On Soul (The Hacker Remix),System F. Feat. Marc Almond - Soul On Soul (The Hacker Remix)
"2009-08-06 - Ben Klock @ Be, Space, Ibiza (CLR Podcast 025, 2009-08-17)","https://www.mixesdb.com/w/2009-08-06_-_Ben_Klock_@_Be,_Space,_Ibiza_(CLR_Podcast_025,_2009-08-17)",,14,57:00,Ben Klock,Untitled,Ben Klock - Untitled
"2009-08-06 - Ben Klock @ Be, Space, Ibiza (CLR Podcast 025, 2009-08-17)","https://www.mixesdb.com/w/2009-08-06_-_Ben_Klock_@_Be,_Space,_Ibiza_(CLR_Podcast_025,_2009-08-17)",,15,60:00,Deuce,Cue Ed,Deuce - Cue Ed
"2009-08-06 - Ben Klock @ Be, Space, Ibiza (CLR Podcast 025, 2009-08-17)","https://www.mixesdb.com/w/2009-08-06_-_Ben_Klock_@_Be,_Space,_Ibiza_(CLR_Podcast_025,_2009-08-17)",,16,63:00,Manager 111,My Psycho Thrill Babe [Psycho Thrill],Manager 111 - My Psycho Thrill Babe [Psycho Thrill]
"2009-11-29 - Ben Klock @ Pogo, The Twisted Pepper, Dublin (BodytonicLive 23, 2009-12-08)","https://www.mixesdb.com/w/2009-11-29_-_Ben_Klock_@_Pogo,_The_Twisted_Pepper,_Dublin_(BodytonicLive_23,_2009-12-08)",,1,00,,?,?
"2009-11-29 - Ben Klock @ Pogo, The Twisted Pepper, Dublin (BodytonicLive 23, 2009-12-08)","https://www.mixesdb.com/w/2009-11-29_-_Ben_Klock_@_Pogo,_The_Twisted_Pepper,_Dublin_(BodytonicLive_23,_2009-12-08)",,2,05,Robert Hood,Range [M-Plant - M.PM3],Robert Hood - Range [M-Plant - M.PM3]
"2009-11-29 - Ben Klock @ Pogo, The Twisted Pepper, Dublin (BodytonicLive 23, 2009-12-08)","https://www.mixesdb.com/w/2009-11-29_-_Ben_Klock_@_Pogo,_The_Twisted_Pepper,_Dublin_(BodytonicLive_23,_2009-12-08)",,3,10,DVS1,Running [Klockworks - KW 05],DVS1 - Running [Klockworks - KW 05]
"2009-11-29 - Ben Klock @ Pogo, The Twisted Pepper, Dublin (BodytonicLive 23, 2009-12-08)","https://www.mixesdb.com/w/2009-11-29_-_Ben_Klock_@_Pogo,_The_Twisted_Pepper,_Dublin_(BodytonicLive_23,_2009-12-08)",,4,15,Marcel Dettmann,Rerun [Marcel Dettmann - MDR 006],Marcel Dettmann - Rerun [Marcel Dettmann - MDR 006]
"2009-11-29 - Ben Klock @ Pogo, The Twisted Pepper, Dublin (BodytonicLive 23, 2009-12-08)","https://www.mixesdb.com/w/2009-11-29_-_Ben_Klock_@_Pogo,_The_Twisted_Pepper,_Dublin_(BodytonicLive_23,_2009-12-08)",,5,19,Rob Glennon,Bass Shifter (Paul Mac's Lo Fi Dub) [Nice & Nasty - DB3 014T],Rob Glennon - Bass Shifter (Paul Mac's Lo Fi Dub) [Nice & Nasty - DB3 014T]
"2009-11-29 - Ben Klock @ Pogo, The Twisted Pepper, Dublin (BodytonicLive 23, 2009-12-08)","https://www.mixesdb.com/w/2009-11-29_-_Ben_Klock_@_Pogo,_The_Twisted_Pepper,_Dublin_(BodytonicLive_23,_2009-12-08)",,6,23,,?,?
"2009-11-29 - Ben Klock @ Pogo, The Twisted Pepper, Dublin (BodytonicLive 23, 2009-12-08)","https://www.mixesdb.com/w/2009-11-29_-_Ben_Klock_@_Pogo,_The_Twisted_Pepper,_Dublin_(BodytonicLive_23,_2009-12-08)",,7,25,Robert Hood,Superman [M-Plant - M.PM3],Robert Hood - Superman [M-Plant - M.PM3]
"2009-11-29 - Ben Klock @ Pogo, The Twisted Pepper, Dublin (BodytonicLive 23, 2009-12-08)","https://www.mixesdb.com/w/2009-11-29_-_Ben_Klock_@_Pogo,_The_Twisted_Pepper,_Dublin_(BodytonicLive_23,_2009-12-08)",,8,29,,?,?
"2009-11-29 - Ben Klock @ Pogo, The Twisted Pepper, Dublin (BodytonicLive 23, 2009-12-08)","https://www.mixesdb.com/w/2009-11-29_-_Ben_Klock_@_Pogo,_The_Twisted_Pepper,_Dublin_(BodytonicLive_23,_2009-12-08)",,9,33,Marcel Dettmann,Forla2 [Marcel Dettmann - MDR 016],Marcel Dettmann - Forla2 [Marcel Dettmann - MDR 016]
"2009-11-29 - Ben Klock @ Pogo, The Twisted Pepper, Dublin (BodytonicLive 23, 2009-12-08)","https://www.mixesdb.com/w/2009-11-29_-_Ben_Klock_@_Pogo,_The_Twisted_Pepper,_Dublin_(BodytonicLive_23,_2009-12-08)",,10,35,Ben Klock,Red Alert [Deeply Rooted House - DRH028],Ben Klock - Red Alert [Deeply Rooted House - DRH028]
"2009-11-29 - Ben Klock @ Pogo, The Twisted Pepper, Dublin (BodytonicLive 23, 2009-12-08)","https://www.mixesdb.com/w/2009-11-29_-_Ben_Klock_@_Pogo,_The_Twisted_Pepper,_Dublin_(BodytonicLive_23,_2009-12-08)",,11,39,Marcel Dettmann,Plain [Beatstreet - BS03],Marcel Dettmann - Plain [Beatstreet - BS03]
"2009-11-29 - Ben Klock @ Pogo, The Twisted Pepper, Dublin (BodytonicLive 23, 2009-12-08)","https://www.mixesdb.com/w/2009-11-29_-_Ben_Klock_@_Pogo,_The_Twisted_Pepper,_Dublin_(BodytonicLive_23,_2009-12-08)",,12,43,,?,?
"2009-11-29 - Ben Klock @ Pogo, The Twisted Pepper, Dublin (BodytonicLive 23, 2009-12-08)","https://www.mixesdb.com/w/2009-11-29_-_Ben_Klock_@_Pogo,_The_Twisted_Pepper,_Dublin_(BodytonicLive_23,_2009-12-08)",,13,48,,?,?
"2009-11-29 - Ben Klock @ Pogo, The Twisted Pepper, Dublin (BodytonicLive 23, 2009-12-08)","https://www.mixesdb.com/w/2009-11-29_-_Ben_Klock_@_Pogo,_The_Twisted_Pepper,_Dublin_(BodytonicLive_23,_2009-12-08)",,14,50,Junior Boys,Work (Marcel Dettmann Remix) [Philomena - 03],Junior Boys - Work (Marcel Dettmann Remix) [Philomena - 03]
"2009-11-29 - Ben Klock @ Pogo, The Twisted Pepper, Dublin (BodytonicLive 23, 2009-12-08)","https://www.mixesdb.com/w/2009-11-29_-_Ben_Klock_@_Pogo,_The_Twisted_Pepper,_Dublin_(BodytonicLive_23,_2009-12-08)",,15,55,Martyn,Is This Insanity? (Ben Klock Remix) [3024 - 007],Martyn - Is This Insanity? (Ben Klock Remix) [3024 - 007]
2010-12 - Ben Klock - Trax 141,https://www.mixesdb.com/w/2010-12_-_Ben_Klock_-_Trax_141,,1,,Marcel Dettmann,Shelter [Ostgut Ton],Marcel Dettmann - Shelter [Ostgut Ton]
2010-12 - Ben Klock - Trax 141,https://www.mixesdb.com/w/2010-12_-_Ben_Klock_-_Trax_141,,2,,SCB,Down Moment [Ostgut Ton],SCB - Down Moment [Ostgut Ton]
2010-12 - Ben Klock - Trax 141,https://www.mixesdb.com/w/2010-12_-_Ben_Klock_-_Trax_141,,3,,Marcelus,Friction [Deeply Rooted House],Marcelus - Friction [Deeply Rooted House]
2010-12 - Ben Klock - Trax 141,https://www.mixesdb.com/w/2010-12_-_Ben_Klock_-_Trax_141,,4,,Ben Klock,You [Klockworks],Ben Klock - You [Klockworks]
2010-12 - Ben Klock - Trax 141,https://www.mixesdb.com/w/2010-12_-_Ben_Klock_-_Trax_141,,5,,L.B. Dub Corp,It's What You Feel [Ostgut Ton],L.B. Dub Corp - It's What You Feel [Ostgut Ton]
2010-12 - Ben Klock - Trax 141,https://www.mixesdb.com/w/2010-12_-_Ben_Klock_-_Trax_141,,6,,Norman Nodge,Homology [Marcel Dettmann],Norman Nodge - Homology [Marcel Dettmann]
2010-12 - Ben Klock - Trax 141,https://www.mixesdb.com/w/2010-12_-_Ben_Klock_-_Trax_141,,7,,Darko Esser,Clean Slate (DVS1 Remix) [Curle],Darko Esser - Clean Slate (DVS1 Remix) [Curle]
2010-12 - Ben Klock - Trax 141,https://www.mixesdb.com/w/2010-12_-_Ben_Klock_-_Trax_141,,8,,ROD,Malmok One [Klockworks],ROD - Malmok One [Klockworks]
2010-12 - Ben Klock - Trax 141,https://www.mixesdb.com/w/2010-12_-_Ben_Klock_-_Trax_141,,9,,Corrugated Tunnel Feat. Martin McCann,Threadbare (Norman Nodge Remix) [Process],Corrugated Tunnel Feat. Martin McCann - Threadbare (Norman Nodge Remix) [Process]
2008-06-24 - Ben Klock - Bodytonic Podcast 17,https://www.mixesdb.com/w/2008-06-24_-_Ben_Klock_-_Bodytonic_Podcast_17,,1,00:00,Vince Watson,Ethereal [Delsin - 72 dsr/vws2],Vince Watson - Ethereal [Delsin - 72 dsr/vws2]
2008-06-24 - Ben Klock - Bodytonic Podcast 17,https://www.mixesdb.com/w/2008-06-24_-_Ben_Klock_-_Bodytonic_Podcast_17,,2,03:30,Shed,Flat Axe [Ostgut - OSTGUTLP02],Shed - Flat Axe [Ostgut - OSTGUTLP02]
2008-06-24 - Ben Klock - Bodytonic Podcast 17,https://www.mixesdb.com/w/2008-06-24_-_Ben_Klock_-_Bodytonic_Podcast_17,,3,07:20,Lemos,I Mousa Pu Gamousa [Resopal Red - RSPRED021],Lemos - I Mousa Pu Gamousa [Resopal Red - RSPRED021]
2008-06-24 - Ben Klock - Bodytonic Podcast 17,https://www.mixesdb.com/w/2008-06-24_-_Ben_Klock_-_Bodytonic_Podcast_17,,4,11:20,Manager 111,A Difficult Affair [Psycho Thrill - PTNE2114],Manager 111 - A Difficult Affair [Psycho Thrill - PTNE2114]
2008-06-24 - Ben Klock - Bodytonic Podcast 17,https://www.mixesdb.com/w/2008-06-24_-_Ben_Klock_-_Bodytonic_Podcast_17,,5,13:30,Damon Wild,Opaque [Synewave - SWUK002],Damon Wild - Opaque [Synewave - SWUK002]
2008-06-24 - Ben Klock - Bodytonic Podcast 17,https://www.mixesdb.com/w/2008-06-24_-_Ben_Klock_-_Bodytonic_Podcast_17,,6,16:00,Heiko Laux,Mirabella [Rejected - 004],Heiko Laux - Mirabella [Rejected - 004]
2008-06-24 - Ben Klock - Bodytonic Podcast 17,https://www.mixesdb.com/w/2008-06-24_-_Ben_Klock_-_Bodytonic_Podcast_17,,7,21:20,Planetary Assault Systems,Surface Noise [Peacefrog - PF 057],Planetary Assault Systems - Surface Noise [Peacefrog - PF 057]
2008-06-24 - Ben Klock - Bodytonic Podcast 17,https://www.mixesdb.com/w/2008-06-24_-_Ben_Klock_-_Bodytonic_Podcast_17,,8,26:30,,?,?
2008-06-24 - Ben Klock - Bodytonic Podcast 17,https://www.mixesdb.com/w/2008-06-24_-_Ben_Klock_-_Bodytonic_Podcast_17,,9,29:30,Mike Dehnert,Take Me To [Fachwerk - FW 004],Mike Dehnert - Take Me To [Fachwerk - FW 004]
2008-06-24 - Ben Klock - Bodytonic Podcast 17,https://www.mixesdb.com/w/2008-06-24_-_Ben_Klock_-_Bodytonic_Podcast_17,,10,33:00,Ø [Phase],Morodem (Floor Mix) [Token - TOKENSPEC1],Ø [Phase] - Morodem (Floor Mix) [Token - TOKENSPEC1]
2008-06-24 - Ben Klock - Bodytonic Podcast 17,https://www.mixesdb.com/w/2008-06-24_-_Ben_Klock_-_Bodytonic_Podcast_17,,11,36:30,Ben Klock,Viscoplastic [Deeply Rooted House - DRH028],Ben Klock - Viscoplastic [Deeply Rooted House - DRH028]
2008-06-24 - Ben Klock - Bodytonic Podcast 17,https://www.mixesdb.com/w/2008-06-24_-_Ben_Klock_-_Bodytonic_Podcast_17,,12,41:30,Shed,That Beats Everything [Ostgut - OSTGUTLP02],Shed - That Beats Everything [Ostgut - OSTGUTLP02]
2008-06-24 - Ben Klock - Bodytonic Podcast 17,https://www.mixesdb.com/w/2008-06-24_-_Ben_Klock_-_Bodytonic_Podcast_17,,13,44:00,Cassy,Idle Blues [Cassy - 02],Cassy - Idle Blues [Cassy - 02]
2008-06-24 - Ben Klock - Bodytonic Podcast 17,https://www.mixesdb.com/w/2008-06-24_-_Ben_Klock_-_Bodytonic_Podcast_17,,14,49:30,Lateral Cut Groove,Little San [Digital Jaxx - DJAXX 072],Lateral Cut Groove - Little San [Digital Jaxx - DJAXX 072]
2008-06-24 - Ben Klock - Bodytonic Podcast 17,https://www.mixesdb.com/w/2008-06-24_-_Ben_Klock_-_Bodytonic_Podcast_17,,15,53:30,Steve Bug,Honeymoon (Russ Gabriel Remix) [Raw Elements - Raw 627-6-2],Steve Bug - Honeymoon (Russ Gabriel Remix) [Raw Elements - Raw 627-6-2]
2008-06-24 - Ben Klock - Bodytonic Podcast 17,https://www.mixesdb.com/w/2008-06-24_-_Ben_Klock_-_Bodytonic_Podcast_17,,16,55:30,,?,?
2008-06-24 - Ben Klock - Bodytonic Podcast 17,https://www.mixesdb.com/w/2008-06-24_-_Ben_Klock_-_Bodytonic_Podcast_17,,17,59:00,Wax,Untitled (B) [Wax - 10001],Wax - Untitled (B) [Wax - 10001]
2008-06-24 - Ben Klock - Bodytonic Podcast 17,https://www.mixesdb.com/w/2008-06-24_-_Ben_Klock_-_Bodytonic_Podcast_17,,18,62:00,Dettmann & Klock,Places Like This [Ostgut - o-ton11],Dettmann & Klock - Places Like This [Ostgut - o-ton11]
2008-06-24 - Ben Klock - Bodytonic Podcast 17,https://www.mixesdb.com/w/2008-06-24_-_Ben_Klock_-_Bodytonic_Podcast_17,,19,67:00,Microworld,Disco Version [Styrax Leaves - strx leaves 12],Microworld - Disco Version [Styrax Leaves - strx leaves 12]
2009-06-22 - Ben Klock - CLR Podcast 017,https://www.mixesdb.com/w/2009-06-22_-_Ben_Klock_-_CLR_Podcast_017,,1,00:00,DVS1,Searching [Klockworks - KW 05],DVS1 - Searching [Klockworks - KW 05]
2009-06-22 - Ben Klock - CLR Podcast 017,https://www.mixesdb.com/w/2009-06-22_-_Ben_Klock_-_CLR_Podcast_017,,2,03:54,Ben Klock feat. Elif Biçer,Goodly Sin (Robert Hood Remix) [Ostgut Ton - o-ton26],Ben Klock feat. Elif Biçer - Goodly Sin (Robert Hood Remix) [Ostgut Ton - o-ton26]
2009-06-22 - Ben Klock - CLR Podcast 017,https://www.mixesdb.com/w/2009-06-22_-_Ben_Klock_-_CLR_Podcast_017,,3,07:36,Levon Vincent,Solemn Days [Deconstruct - DEC-02],Levon Vincent - Solemn Days [Deconstruct - DEC-02]
2009-06-22 - Ben Klock - CLR Podcast 017,https://www.mixesdb.com/w/2009-06-22_-_Ben_Klock_-_CLR_Podcast_017,,4,09:37,Rossella,28 [Net28 - 04.1],Rossella - 28 [Net28 - 04.1]
2009-06-22 - Ben Klock - CLR Podcast 017,https://www.mixesdb.com/w/2009-06-22_-_Ben_Klock_-_CLR_Podcast_017,,5,12:14,Scuba,Volt [Abucs - 005],Scuba - Volt [Abucs - 005]
2009-06-22 - Ben Klock - CLR Podcast 017,https://www.mixesdb.com/w/2009-06-22_-_Ben_Klock_-_CLR_Podcast_017,,6,15:25,Bill Youngman,Cells Regenerate (Hanno Hinkelbein Remix) [Null - 0.18],Bill Youngman - Cells Regenerate (Hanno Hinkelbein Remix) [Null - 0.18]
2009-06-22 - Ben Klock - CLR Podcast 017,https://www.mixesdb.com/w/2009-06-22_-_Ben_Klock_-_CLR_Podcast_017,,7,17:53,DVS1,Running [Klockworks - KW 05],DVS1 - Running [Klockworks - KW 05]
2009-06-22 - Ben Klock - CLR Podcast 017,https://www.mixesdb.com/w/2009-06-22_-_Ben_Klock_-_CLR_Podcast_017,,8,21:48,Ben Klock,Pressure [Klockworks - KW 06],Ben Klock - Pressure [Klockworks - KW 06]
2009-06-22 - Ben Klock - CLR Podcast 017,https://www.mixesdb.com/w/2009-06-22_-_Ben_Klock_-_CLR_Podcast_017,,9,25:40,,?,?
2009-06-22 - Ben Klock - CLR Podcast 017,https://www.mixesdb.com/w/2009-06-22_-_Ben_Klock_-_CLR_Podcast_017,,10,28:02,Ben Klock,Subzero [Ostgut Ton - o-ton19],Ben Klock - Subzero [Ostgut Ton - o-ton19]
2009-06-22 - Ben Klock - CLR Podcast 017,https://www.mixesdb.com/w/2009-06-22_-_Ben_Klock_-_CLR_Podcast_017,,11,32:48,DVS1,Break Away [Klockworks - KW 07],DVS1 - Break Away [Klockworks - KW 07]
2009-06-22 - Ben Klock - CLR Podcast 017,https://www.mixesdb.com/w/2009-06-22_-_Ben_Klock_-_CLR_Podcast_017,,12,35:47,Ben Klock,Pulse [Klockworks - KW 04],Ben Klock - Pulse [Klockworks - KW 04]
2009-06-22 - Ben Klock - CLR Podcast 017,https://www.mixesdb.com/w/2009-06-22_-_Ben_Klock_-_CLR_Podcast_017,,13,39:08,DJ Slip,Available Light [Thema - 017],DJ Slip - Available Light [Thema - 017]
2009-06-22 - Ben Klock - CLR Podcast 017,https://www.mixesdb.com/w/2009-06-22_-_Ben_Klock_-_CLR_Podcast_017,,14,41:03,Deuce,Cue Ed [Ostgut Ton - o-ton25],Deuce - Cue Ed [Ostgut Ton - o-ton25]
2009-06-22 - Ben Klock - CLR Podcast 017,https://www.mixesdb.com/w/2009-06-22_-_Ben_Klock_-_CLR_Podcast_017,,15,43:56,Planetary Assault Systems,Enter Action [Ostgut Ton - CD09],Planetary Assault Systems - Enter Action [Ostgut Ton - CD09]
2009-06-22 - Ben Klock - CLR Podcast 017,https://www.mixesdb.com/w/2009-06-22_-_Ben_Klock_-_CLR_Podcast_017,,16,47:44,Marco Carola,Danger [One Thousand Records - OTS LP1],Marco Carola - Danger [One Thousand Records - OTS LP1]
2009-06-22 - Ben Klock - CLR Podcast 017,https://www.mixesdb.com/w/2009-06-22_-_Ben_Klock_-_CLR_Podcast_017,,17,49:28,Jacek Sienkiewicz,"Connections [Cocoon - COR12""060]","Jacek Sienkiewicz - Connections [Cocoon - COR12""060]"
2009-06-22 - Ben Klock - CLR Podcast 017,https://www.mixesdb.com/w/2009-06-22_-_Ben_Klock_-_CLR_Podcast_017,,18,51:42,Bruce Ivery,Rush [Stilove4music - 018],Bruce Ivery - Rush [Stilove4music - 018]
2009-06-22 - Ben Klock - CLR Podcast 017,https://www.mixesdb.com/w/2009-06-22_-_Ben_Klock_-_CLR_Podcast_017,,19,55:04,Robert Hood,Rek [Tresor - 27],Robert Hood - Rek [Tresor - 27]
2009-06-22 - Ben Klock - CLR Podcast 017,https://www.mixesdb.com/w/2009-06-22_-_Ben_Klock_-_CLR_Podcast_017,,20,56:17,Ben Klock,Subzero (Function-Regis Remix) [Ostgut Ton - o-ton26],Ben Klock - Subzero (Function-Regis Remix) [Ostgut Ton - o-ton26]
"2013-01-21 - Ben Klock - The Dark Knight, Radio Noise","https://www.mixesdb.com/w/2013-01-21_-_Ben_Klock_-_The_Dark_Knight,_Radio_Noise",,1,00,Reeko,Segmento 4 [Mental Disorder - MD 15],Reeko - Segmento 4 [Mental Disorder - MD 15]
"2013-01-21 - Ben Klock - The Dark Knight, Radio Noise","https://www.mixesdb.com/w/2013-01-21_-_Ben_Klock_-_The_Dark_Knight,_Radio_Noise",,2,01,Planetary Assault Systems,Turn [Mote Evolver - MOTE 032],Planetary Assault Systems - Turn [Mote Evolver - MOTE 032]
"2013-01-21 - Ben Klock - The Dark Knight, Radio Noise","https://www.mixesdb.com/w/2013-01-21_-_Ben_Klock_-_The_Dark_Knight,_Radio_Noise",,3,04,,?,?
"2013-01-21 - Ben Klock - The Dark Knight, Radio Noise","https://www.mixesdb.com/w/2013-01-21_-_Ben_Klock_-_The_Dark_Knight,_Radio_Noise",,4,08,Radio Slave,Mood [Rekids - 067],Radio Slave - Mood [Rekids - 067]
"2013-01-21 - Ben Klock - The Dark Knight, Radio Noise","https://www.mixesdb.com/w/2013-01-21_-_Ben_Klock_-_The_Dark_Knight,_Radio_Noise",,5,12,,?,?
"2013-01-21 - Ben Klock - The Dark Knight, Radio Noise","https://www.mixesdb.com/w/2013-01-21_-_Ben_Klock_-_The_Dark_Knight,_Radio_Noise",,6,17,Laurent Garnier,Crispy Bacon [F Communications - F 055],Laurent Garnier - Crispy Bacon [F Communications - F 055]
"2013-01-21 - Ben Klock - The Dark Knight, Radio Noise","https://www.mixesdb.com/w/2013-01-21_-_Ben_Klock_-_The_Dark_Knight,_Radio_Noise",,7,21,Adam Kelly,Time Through Portal (Joton Remix) [NewRhythmic - NRDR028],Adam Kelly - Time Through Portal (Joton Remix) [NewRhythmic - NRDR028]
"2013-01-21 - Ben Klock - The Dark Knight, Radio Noise","https://www.mixesdb.com/w/2013-01-21_-_Ben_Klock_-_The_Dark_Knight,_Radio_Noise",,8,25,,?,?
"2013-01-21 - Ben Klock - The Dark Knight, Radio Noise","https://www.mixesdb.com/w/2013-01-21_-_Ben_Klock_-_The_Dark_Knight,_Radio_Noise",,9,29,Planetary Assault Systems,Flat Tire [Mote Evolver - MOTE 032],Planetary Assault Systems - Flat Tire [Mote Evolver - MOTE 032]
"2013-01-21 - Ben Klock - The Dark Knight, Radio Noise","https://www.mixesdb.com/w/2013-01-21_-_Ben_Klock_-_The_Dark_Knight,_Radio_Noise",,10,33,Rødhåd,Patient Zero [Dystopian - 002],Rødhåd - Patient Zero [Dystopian - 002]
"2013-01-21 - Ben Klock - The Dark Knight, Radio Noise","https://www.mixesdb.com/w/2013-01-21_-_Ben_Klock_-_The_Dark_Knight,_Radio_Noise",,11,38,My Favorite Robot,Forest Fires [Visionquest - VQ 007],My Favorite Robot - Forest Fires [Visionquest - VQ 007]
"2013-01-21 - Ben Klock - The Dark Knight, Radio Noise","https://www.mixesdb.com/w/2013-01-21_-_Ben_Klock_-_The_Dark_Knight,_Radio_Noise",,12,41,Trench,Arrival [Subject Detroit - SUB-026],Trench - Arrival [Subject Detroit - SUB-026]
"2013-01-21 - Ben Klock - The Dark Knight, Radio Noise","https://www.mixesdb.com/w/2013-01-21_-_Ben_Klock_-_The_Dark_Knight,_Radio_Noise",,13,46,DVS1,Polyphonic Love [Transmat - MS 98],DVS1 - Polyphonic Love [Transmat - MS 98]
"2013-01-21 - Ben Klock - The Dark Knight, Radio Noise","https://www.mixesdb.com/w/2013-01-21_-_Ben_Klock_-_The_Dark_Knight,_Radio_Noise",,14,51,DJ Hyperactive,25 Hours [Droid - 17],DJ Hyperactive - 25 Hours [Droid - 17]
"2013-01-21 - Ben Klock - The Dark Knight, Radio Noise","https://www.mixesdb.com/w/2013-01-21_-_Ben_Klock_-_The_Dark_Knight,_Radio_Noise",,15,56,Jeroen Search,Resonance One [NewRhythmic - NRDR011],Jeroen Search - Resonance One [NewRhythmic - NRDR011]
"2006-06-23 - Johnny Fredsgaard, Ben Klock @ Tweak FM, Copenhagen","https://www.mixesdb.com/w/2006-06-23_-_Johnny_Fredsgaard,_Ben_Klock_@_Tweak_FM,_Copenhagen",Johnny Fredsgaard,1,000,Extract From Selection,Men On Earth [Trapez],Extract From Selection - Men On Earth [Trapez]
"2006-06-23 - Johnny Fredsgaard, Ben Klock @ Tweak FM, Copenhagen","https://www.mixesdb.com/w/2006-06-23_-_Johnny_Fredsgaard,_Ben_Klock_@_Tweak_FM,_Copenhagen",Johnny Fredsgaard,2,???,Innervision Feat. Derrick Carter,Where We At? [Sonar Kollektiv],Innervision Feat. Derrick Carter - Where We At? [Sonar Kollektiv]
"2006-06-23 - Johnny Fredsgaard, Ben Klock @ Tweak FM, Copenhagen","https://www.mixesdb.com/w/2006-06-23_-_Johnny_Fredsgaard,_Ben_Klock_@_Tweak_FM,_Copenhagen",Johnny Fredsgaard,3,???,Loco Dice,Menina Brasileira [Ovum],Loco Dice - Menina Brasileira [Ovum]
"2006-06-23 - Johnny Fredsgaard, Ben Klock @ Tweak FM, Copenhagen","https://www.mixesdb.com/w/2006-06-23_-_Johnny_Fredsgaard,_Ben_Klock_@_Tweak_FM,_Copenhagen",Johnny Fredsgaard,4,???,Jackmate,Targa [Milnormodern],Jackmate - Targa [Milnormodern]
"2006-06-23 - Johnny Fredsgaard, Ben Klock @ Tweak FM, Copenhagen","https://www.mixesdb.com/w/2006-06-23_-_Johnny_Fredsgaard,_Ben_Klock_@_Tweak_FM,_Copenhagen",Johnny Fredsgaard,5,???,Claude VonStroke,Deep Throat (John Tejada Remix) [Cyber],Claude VonStroke - Deep Throat (John Tejada Remix) [Cyber]
"2006-06-23 - Johnny Fredsgaard, Ben Klock @ Tweak FM, Copenhagen","https://www.mixesdb.com/w/2006-06-23_-_Johnny_Fredsgaard,_Ben_Klock_@_Tweak_FM,_Copenhagen",Johnny Fredsgaard,6,???,Robert Babicz,Sonntag [K2],Robert Babicz - Sonntag [K2]
"2006-06-23 - Johnny Fredsgaard, Ben Klock @ Tweak FM, Copenhagen","https://www.mixesdb.com/w/2006-06-23_-_Johnny_Fredsgaard,_Ben_Klock_@_Tweak_FM,_Copenhagen",Johnny Fredsgaard,7,???,G-Man,Quo Vadis [I200],G-Man - Quo Vadis [I200]
"2006-06-23 - Johnny Fredsgaard, Ben Klock @ Tweak FM, Copenhagen","https://www.mixesdb.com/w/2006-06-23_-_Johnny_Fredsgaard,_Ben_Klock_@_Tweak_FM,_Copenhagen",Johnny Fredsgaard,8,???,Abe Duque Feat. Blake Baxter,Who's Got The Flava Now? [Abe Duque],Abe Duque Feat. Blake Baxter - Who's Got The Flava Now? [Abe Duque]
"2006-06-23 - Johnny Fredsgaard, Ben Klock @ Tweak FM, Copenhagen","https://www.mixesdb.com/w/2006-06-23_-_Johnny_Fredsgaard,_Ben_Klock_@_Tweak_FM,_Copenhagen",Johnny Fredsgaard,9,???,DJ Hell & Anthony Rother,German Bodymachine [Dataphunk],DJ Hell & Anthony Rother - German Bodymachine [Dataphunk]
"2006-06-23 - Johnny Fredsgaard, Ben Klock @ Tweak FM, Copenhagen","https://www.mixesdb.com/w/2006-06-23_-_Johnny_Fredsgaard,_Ben_Klock_@_Tweak_FM,_Copenhagen",Johnny Fredsgaard,10,???,Philus,Ionit [Sähkö],Philus - Ionit [Sähkö]
"2006-06-23 - Johnny Fredsgaard, Ben Klock @ Tweak FM, Copenhagen","https://www.mixesdb.com/w/2006-06-23_-_Johnny_Fredsgaard,_Ben_Klock_@_Tweak_FM,_Copenhagen",Ben Klock,1,036,Delia Gonzalez & Gavin Russom,Relevee (Carl Craig Remix) [DFA - dfaemi 2159],Delia Gonzalez & Gavin Russom - Relevee (Carl Craig Remix) [DFA - dfaemi 2159]
"2006-06-23 - Johnny Fredsgaard, Ben Klock @ Tweak FM, Copenhagen","https://www.mixesdb.com/w/2006-06-23_-_Johnny_Fredsgaard,_Ben_Klock_@_Tweak_FM,_Copenhagen",Ben Klock,2,042,Cagedbaby,Hello There (Radio Slave Remix) [Southern Fried - ECB96],Cagedbaby - Hello There (Radio Slave Remix) [Southern Fried - ECB96]
"2006-06-23 - Johnny Fredsgaard, Ben Klock @ Tweak FM, Copenhagen","https://www.mixesdb.com/w/2006-06-23_-_Johnny_Fredsgaard,_Ben_Klock_@_Tweak_FM,_Copenhagen",Ben Klock,3,047,,?,?
"2006-06-23 - Johnny Fredsgaard, Ben Klock @ Tweak FM, Copenhagen","https://www.mixesdb.com/w/2006-06-23_-_Johnny_Fredsgaard,_Ben_Klock_@_Tweak_FM,_Copenhagen",Ben Klock,4,051,,?,?
"2006-06-23 - Johnny Fredsgaard, Ben Klock @ Tweak FM, Copenhagen","https://www.mixesdb.com/w/2006-06-23_-_Johnny_Fredsgaard,_Ben_Klock_@_Tweak_FM,_Copenhagen",Ben Klock,5,054,,?,?
"2006-06-23 - Johnny Fredsgaard, Ben Klock @ Tweak FM, Copenhagen","https://www.mixesdb.com/w/2006-06-23_-_Johnny_Fredsgaard,_Ben_Klock_@_Tweak_FM,_Copenhagen",Ben Klock,6,057,Redshape,Pink Dust [Styrax Leaves - 09],Redshape - Pink Dust [Styrax Leaves - 09]
"2006-06-23 - Johnny Fredsgaard, Ben Klock @ Tweak FM, Copenhagen","https://www.mixesdb.com/w/2006-06-23_-_Johnny_Fredsgaard,_Ben_Klock_@_Tweak_FM,_Copenhagen",Ben Klock,7,062,Arnaud Le Texier,Sampler C'est Pas Bien !!! [Safari Electronique - Saf-008],Arnaud Le Texier - Sampler C'est Pas Bien !!! [Safari Electronique - Saf-008]
"2006-06-23 - Johnny Fredsgaard, Ben Klock @ Tweak FM, Copenhagen","https://www.mixesdb.com/w/2006-06-23_-_Johnny_Fredsgaard,_Ben_Klock_@_Tweak_FM,_Copenhagen",Ben Klock,8,066,Shinedoe,Different Faces [100% Pure - PURE 034],Shinedoe - Different Faces [100% Pure - PURE 034]
"2006-06-23 - Johnny Fredsgaard, Ben Klock @ Tweak FM, Copenhagen","https://www.mixesdb.com/w/2006-06-23_-_Johnny_Fredsgaard,_Ben_Klock_@_Tweak_FM,_Copenhagen",Ben Klock,9,070,Fatcat,Let's Try Acid [World Music - W001],Fatcat - Let's Try Acid [World Music - W001]
"2006-06-23 - Johnny Fredsgaard, Ben Klock @ Tweak FM, Copenhagen","https://www.mixesdb.com/w/2006-06-23_-_Johnny_Fredsgaard,_Ben_Klock_@_Tweak_FM,_Copenhagen",Ben Klock,10,074,Axel Bartsch,Thunk [sportclub - 04],Axel Bartsch - Thunk [sportclub - 04]
"2006-06-23 - Johnny Fredsgaard, Ben Klock @ Tweak FM, Copenhagen","https://www.mixesdb.com/w/2006-06-23_-_Johnny_Fredsgaard,_Ben_Klock_@_Tweak_FM,_Copenhagen",Ben Klock,11,080,Wink,Have To Get Back (Vox Version) [Ovum - OVM178],Wink - Have To Get Back (Vox Version) [Ovum - OVM178]
"2006-06-23 - Johnny Fredsgaard, Ben Klock @ Tweak FM, Copenhagen","https://www.mixesdb.com/w/2006-06-23_-_Johnny_Fredsgaard,_Ben_Klock_@_Tweak_FM,_Copenhagen",Ben Klock,12,085,Loco Dice,"Carthago [Cocoon - COR12""020]","Loco Dice - Carthago [Cocoon - COR12""020]"
"2006-06-23 - Johnny Fredsgaard, Ben Klock @ Tweak FM, Copenhagen","https://www.mixesdb.com/w/2006-06-23_-_Johnny_Fredsgaard,_Ben_Klock_@_Tweak_FM,_Copenhagen",Ben Klock,13,091,,?,?
"2006-06-23 - Johnny Fredsgaard, Ben Klock @ Tweak FM, Copenhagen","https://www.mixesdb.com/w/2006-06-23_-_Johnny_Fredsgaard,_Ben_Klock_@_Tweak_FM,_Copenhagen",Ben Klock,14,097,Dettmann & Klock,Dawning [Ostgut Ton - o-ton01],Dettmann & Klock - Dawning [Ostgut Ton - o-ton01]
"2006-06-23 - Johnny Fredsgaard, Ben Klock @ Tweak FM, Copenhagen","https://www.mixesdb.com/w/2006-06-23_-_Johnny_Fredsgaard,_Ben_Klock_@_Tweak_FM,_Copenhagen",Ben Klock,15,101,Rhythm & Sound,Poor People Must Work (Carl Craig Remix) [Burial Mix - BMX-4],Rhythm & Sound - Poor People Must Work (Carl Craig Remix) [Burial Mix - BMX-4]
"2006-06-23 - Johnny Fredsgaard, Ben Klock @ Tweak FM, Copenhagen","https://www.mixesdb.com/w/2006-06-23_-_Johnny_Fredsgaard,_Ben_Klock_@_Tweak_FM,_Copenhagen",Ben Klock,16,105,Roger23,Looking For A Title But I Haven't Found One Yet [Playhouse - PLAY123],Roger23 - Looking For A Title But I Haven't Found One Yet [Playhouse - PLAY123]
"2006-06-23 - Johnny Fredsgaard, Ben Klock @ Tweak FM, Copenhagen","https://www.mixesdb.com/w/2006-06-23_-_Johnny_Fredsgaard,_Ben_Klock_@_Tweak_FM,_Copenhagen",Michael Hansen,1,110,Pacou,Fortran [Funque Droppings],Pacou - Fortran [Funque Droppings]
"2006-06-23 - Johnny Fredsgaard, Ben Klock @ Tweak FM, Copenhagen","https://www.mixesdb.com/w/2006-06-23_-_Johnny_Fredsgaard,_Ben_Klock_@_Tweak_FM,_Copenhagen",Michael Hansen,2,116,Obscurum,Dom [E-Com],Obscurum - Dom [E-Com]
"2012-08-11 - Ben Klock @ Berghain (Astropolis 18 / Tsugi Podcast 246, 2012-08-16)","https://www.mixesdb.com/w/2012-08-11_-_Ben_Klock_@_Berghain_(Astropolis_18_/_Tsugi_Podcast_246,_2012-08-16)",,1,00,Truncate,Bodega V2 [Truncate - 6],Truncate - Bodega V2 [Truncate - 6]
"2012-08-11 - Ben Klock @ Berghain (Astropolis 18 / Tsugi Podcast 246, 2012-08-16)","https://www.mixesdb.com/w/2012-08-11_-_Ben_Klock_@_Berghain_(Astropolis_18_/_Tsugi_Podcast_246,_2012-08-16)",,2,03,ROD,HGB [CLR - 059],ROD - HGB [CLR - 059]
"2012-08-11 - Ben Klock @ Berghain (Astropolis 18 / Tsugi Podcast 246, 2012-08-16)","https://www.mixesdb.com/w/2012-08-11_-_Ben_Klock_@_Berghain_(Astropolis_18_/_Tsugi_Podcast_246,_2012-08-16)",,3,06,Shifted,Leather [Mote Evolver - MOTELP01],Shifted - Leather [Mote Evolver - MOTELP01]
"2012-08-11 - Ben Klock @ Berghain (Astropolis 18 / Tsugi Podcast 246, 2012-08-16)","https://www.mixesdb.com/w/2012-08-11_-_Ben_Klock_@_Berghain_(Astropolis_18_/_Tsugi_Podcast_246,_2012-08-16)",,4,11,DVS1,Confused [Klockworks - KW 08],DVS1 - Confused [Klockworks - KW 08]
"2012-08-11 - Ben Klock @ Berghain (Astropolis 18 / Tsugi Podcast 246, 2012-08-16)","https://www.mixesdb.com/w/2012-08-11_-_Ben_Klock_@_Berghain_(Astropolis_18_/_Tsugi_Podcast_246,_2012-08-16)",,5,16,88uw,No Rush (Paul Boex' Hypno Rework) [Gynoid - D072],88uw - No Rush (Paul Boex' Hypno Rework) [Gynoid - D072]
"2012-08-11 - Ben Klock @ Berghain (Astropolis 18 / Tsugi Podcast 246, 2012-08-16)","https://www.mixesdb.com/w/2012-08-11_-_Ben_Klock_@_Berghain_(Astropolis_18_/_Tsugi_Podcast_246,_2012-08-16)",,6,18,Steve Rachmad,Thera (Remix) [100% Pure - PURE 082],Steve Rachmad - Thera (Remix) [100% Pure - PURE 082]
"2012-08-11 - Ben Klock @ Berghain (Astropolis 18 / Tsugi Podcast 246, 2012-08-16)","https://www.mixesdb.com/w/2012-08-11_-_Ben_Klock_@_Berghain_(Astropolis_18_/_Tsugi_Podcast_246,_2012-08-16)",,7,23,Robert Hood,And Then We Planned Our Escape [Music Man - MM138],Robert Hood - And Then We Planned Our Escape [Music Man - MM138]
"2012-08-11 - Ben Klock @ Berghain (Astropolis 18 / Tsugi Podcast 246, 2012-08-16)","https://www.mixesdb.com/w/2012-08-11_-_Ben_Klock_@_Berghain_(Astropolis_18_/_Tsugi_Podcast_246,_2012-08-16)",,8,27,Function,Obsessed (Substance Remix) [Echocord Colour - 020],Function - Obsessed (Substance Remix) [Echocord Colour - 020]
"2012-08-11 - Ben Klock @ Berghain (Astropolis 18 / Tsugi Podcast 246, 2012-08-16)","https://www.mixesdb.com/w/2012-08-11_-_Ben_Klock_@_Berghain_(Astropolis_18_/_Tsugi_Podcast_246,_2012-08-16)",,9,31,Emmanuel Top,Spherique [NovaMute - 12 NoMu 46],Emmanuel Top - Spherique [NovaMute - 12 NoMu 46]
"2012-08-11 - Ben Klock @ Berghain (Astropolis 18 / Tsugi Podcast 246, 2012-08-16)","https://www.mixesdb.com/w/2012-08-11_-_Ben_Klock_@_Berghain_(Astropolis_18_/_Tsugi_Podcast_246,_2012-08-16)",,10,38,Jeff Mills,The Deep [Purpose Maker - PM-014],Jeff Mills - The Deep [Purpose Maker - PM-014]
"2012-08-11 - Ben Klock @ Berghain (Astropolis 18 / Tsugi Podcast 246, 2012-08-16)","https://www.mixesdb.com/w/2012-08-11_-_Ben_Klock_@_Berghain_(Astropolis_18_/_Tsugi_Podcast_246,_2012-08-16)",,11,41,Emmanuel Top,Play It Loud [Attack - ATT-V-94 004],Emmanuel Top - Play It Loud [Attack - ATT-V-94 004]
"2012-08-11 - Ben Klock @ Berghain (Astropolis 18 / Tsugi Podcast 246, 2012-08-16)","https://www.mixesdb.com/w/2012-08-11_-_Ben_Klock_@_Berghain_(Astropolis_18_/_Tsugi_Podcast_246,_2012-08-16)",,12,44,Wild & Taylor,Bang The Acid (Claude Young's Vox Worx Mix) [Missile - 33.5],Wild & Taylor - Bang The Acid (Claude Young's Vox Worx Mix) [Missile - 33.5]
"2012-08-11 - Ben Klock @ Berghain (Astropolis 18 / Tsugi Podcast 246, 2012-08-16)","https://www.mixesdb.com/w/2012-08-11_-_Ben_Klock_@_Berghain_(Astropolis_18_/_Tsugi_Podcast_246,_2012-08-16)",,13,47,Umek,Untitled (A1) [CLR - 04],Umek - Untitled (A1) [CLR - 04]
"2012-08-11 - Ben Klock @ Berghain (Astropolis 18 / Tsugi Podcast 246, 2012-08-16)","https://www.mixesdb.com/w/2012-08-11_-_Ben_Klock_@_Berghain_(Astropolis_18_/_Tsugi_Podcast_246,_2012-08-16)",,14,50,Sub Space,Thirteen (Locked Groove 13) [Minimalizm - SUBSPACE1X20],Sub Space - Thirteen (Locked Groove 13) [Minimalizm - SUBSPACE1X20]
"2012-08-11 - Ben Klock @ Berghain (Astropolis 18 / Tsugi Podcast 246, 2012-08-16)","https://www.mixesdb.com/w/2012-08-11_-_Ben_Klock_@_Berghain_(Astropolis_18_/_Tsugi_Podcast_246,_2012-08-16)",,15,53,Umek,Cavist [Spiel-Zeug Schallplatten - 12 Spiel 07],Umek - Cavist [Spiel-Zeug Schallplatten - 12 Spiel 07]
"2012-08-11 - Ben Klock @ Berghain (Astropolis 18 / Tsugi Podcast 246, 2012-08-16)","https://www.mixesdb.com/w/2012-08-11_-_Ben_Klock_@_Berghain_(Astropolis_18_/_Tsugi_Podcast_246,_2012-08-16)",,16,56,Sub Space,Fourteen (Locked Groove 14) [Minimalizm - SUBSPACE1X20],Sub Space - Fourteen (Locked Groove 14) [Minimalizm - SUBSPACE1X20]
"2020-01-01 - Ben Klock @ Awakenings New Years Day, Gashouder, Amsterdam","https://www.mixesdb.com/w/2020-01-01_-_Ben_Klock_@_Awakenings_New_Years_Day,_Gashouder,_Amsterdam",,1,000,Trybet (Mike Parker & Aric Rist),Nautical Two [GPH01],Trybet (Mike Parker & Aric Rist) - Nautical Two [GPH01]
"2020-01-01 - Ben Klock @ Awakenings New Years Day, Gashouder, Amsterdam","https://www.mixesdb.com/w/2020-01-01_-_Ben_Klock_@_Awakenings_New_Years_Day,_Gashouder,_Amsterdam",,2,004,Ejeca,4Walls [DANCETRAX025],Ejeca - 4Walls [DANCETRAX025]
"2020-01-01 - Ben Klock @ Awakenings New Years Day, Gashouder, Amsterdam","https://www.mixesdb.com/w/2020-01-01_-_Ben_Klock_@_Awakenings_New_Years_Day,_Gashouder,_Amsterdam",,3,007,Paul Laurens,Self-Aggrandising Complex Unreleased,Paul Laurens - Self-Aggrandising Complex Unreleased
"2020-01-01 - Ben Klock @ Awakenings New Years Day, Gashouder, Amsterdam","https://www.mixesdb.com/w/2020-01-01_-_Ben_Klock_@_Awakenings_New_Years_Day,_Gashouder,_Amsterdam",,4,009,Ritzi Lee,SOS [Complex Textures - COMPLEX 094],Ritzi Lee - SOS [Complex Textures - COMPLEX 094]
"2020-01-01 - Ben Klock @ Awakenings New Years Day, Gashouder, Amsterdam","https://www.mixesdb.com/w/2020-01-01_-_Ben_Klock_@_Awakenings_New_Years_Day,_Gashouder,_Amsterdam",,5,012,DJ Slip & Tim Taylor,Pleasure Unit (Bloody Mary Drum Workout) [Dame - 039],DJ Slip & Tim Taylor - Pleasure Unit (Bloody Mary Drum Workout) [Dame - 039]
"2020-01-01 - Ben Klock @ Awakenings New Years Day, Gashouder, Amsterdam","https://www.mixesdb.com/w/2020-01-01_-_Ben_Klock_@_Awakenings_New_Years_Day,_Gashouder,_Amsterdam",,6,014,Seleccion Natural,Modernist Descents [Polegroup - 057],Seleccion Natural - Modernist Descents [Polegroup - 057]
"2020-01-01 - Ben Klock @ Awakenings New Years Day, Gashouder, Amsterdam","https://www.mixesdb.com/w/2020-01-01_-_Ben_Klock_@_Awakenings_New_Years_Day,_Gashouder,_Amsterdam",,7,017,Fumiya Tanaka,Continuation,Fumiya Tanaka - Continuation
"2020-01-01 - Ben Klock @ Awakenings New Years Day, Gashouder, Amsterdam","https://www.mixesdb.com/w/2020-01-01_-_Ben_Klock_@_Awakenings_New_Years_Day,_Gashouder,_Amsterdam",,8,020,Fadi Mohem,Take Your Time [Klockworks - KW 27],Fadi Mohem - Take Your Time [Klockworks - KW 27]
"2020-01-01 - Ben Klock @ Awakenings New Years Day, Gashouder, Amsterdam","https://www.mixesdb.com/w/2020-01-01_-_Ben_Klock_@_Awakenings_New_Years_Day,_Gashouder,_Amsterdam",,9,024,D_Func.,Warrior,D_Func. - Warrior
"2020-01-01 - Ben Klock @ Awakenings New Years Day, Gashouder, Amsterdam","https://www.mixesdb.com/w/2020-01-01_-_Ben_Klock_@_Awakenings_New_Years_Day,_Gashouder,_Amsterdam",,10,028,Alex Bau,Immersion [Nachtstrom - NST 154],Alex Bau - Immersion [Nachtstrom - NST 154]
"2020-01-01 - Ben Klock @ Awakenings New Years Day, Gashouder, Amsterdam","https://www.mixesdb.com/w/2020-01-01_-_Ben_Klock_@_Awakenings_New_Years_Day,_Gashouder,_Amsterdam",,11,030,Inverted Reality,MASKING,Inverted Reality - MASKING
"2020-01-01 - Ben Klock @ Awakenings New Years Day, Gashouder, Amsterdam","https://www.mixesdb.com/w/2020-01-01_-_Ben_Klock_@_Awakenings_New_Years_Day,_Gashouder,_Amsterdam",,12,035,Groof,Past Masters [Warm Up - WU 005],Groof - Past Masters [Warm Up - WU 005]
"2020-01-01 - Ben Klock @ Awakenings New Years Day, Gashouder, Amsterdam","https://www.mixesdb.com/w/2020-01-01_-_Ben_Klock_@_Awakenings_New_Years_Day,_Gashouder,_Amsterdam",,13,041,Vladimir Dubyshkin,Customs & Traditions [Trip - TRP 030],Vladimir Dubyshkin - Customs & Traditions [Trip - TRP 030]
"2020-01-01 - Ben Klock @ Awakenings New Years Day, Gashouder, Amsterdam","https://www.mixesdb.com/w/2020-01-01_-_Ben_Klock_@_Awakenings_New_Years_Day,_Gashouder,_Amsterdam",,14,044,Introversion,Onryo [ARTS - CORE 007],Introversion - Onryo [ARTS - CORE 007]
"2020-01-01 - Ben Klock @ Awakenings New Years Day, Gashouder, Amsterdam","https://www.mixesdb.com/w/2020-01-01_-_Ben_Klock_@_Awakenings_New_Years_Day,_Gashouder,_Amsterdam",,15,048,Tensal,Bihotxak [Warm Up - WU 57],Tensal - Bihotxak [Warm Up - WU 57]
"2020-01-01 - Ben Klock @ Awakenings New Years Day, Gashouder, Amsterdam","https://www.mixesdb.com/w/2020-01-01_-_Ben_Klock_@_Awakenings_New_Years_Day,_Gashouder,_Amsterdam",,16,050,,?,?
"2020-01-01 - Ben Klock @ Awakenings New Years Day, Gashouder, Amsterdam","https://www.mixesdb.com/w/2020-01-01_-_Ben_Klock_@_Awakenings_New_Years_Day,_Gashouder,_Amsterdam",,17,053,Stef Mendesidis,Critical Ratio [Clergy - CRG022],Stef Mendesidis - Critical Ratio [Clergy - CRG022]
"2020-01-01 - Ben Klock @ Awakenings New Years Day, Gashouder, Amsterdam","https://www.mixesdb.com/w/2020-01-01_-_Ben_Klock_@_Awakenings_New_Years_Day,_Gashouder,_Amsterdam",,18,056,Truncate,Repeat [TRUNCATE20],Truncate - Repeat [TRUNCATE20]
"2020-01-01 - Ben Klock @ Awakenings New Years Day, Gashouder, Amsterdam","https://www.mixesdb.com/w/2020-01-01_-_Ben_Klock_@_Awakenings_New_Years_Day,_Gashouder,_Amsterdam",,19,060,Radio Slave,Another Club (Charlotte de Witte Remix) [Rekids - 145],Radio Slave - Another Club (Charlotte de Witte Remix) [Rekids - 145]
"2020-01-01 - Ben Klock @ Awakenings New Years Day, Gashouder, Amsterdam","https://www.mixesdb.com/w/2020-01-01_-_Ben_Klock_@_Awakenings_New_Years_Day,_Gashouder,_Amsterdam",,20,066,Stef Mendesidis,Gendarme Classe A [Klockworks - KW 23],Stef Mendesidis - Gendarme Classe A [Klockworks - KW 23]
"2020-01-01 - Ben Klock @ Awakenings New Years Day, Gashouder, Amsterdam","https://www.mixesdb.com/w/2020-01-01_-_Ben_Klock_@_Awakenings_New_Years_Day,_Gashouder,_Amsterdam",,21,068,,?,?
"2020-01-01 - Ben Klock @ Awakenings New Years Day, Gashouder, Amsterdam","https://www.mixesdb.com/w/2020-01-01_-_Ben_Klock_@_Awakenings_New_Years_Day,_Gashouder,_Amsterdam",,22,072,Truncate,The Bell [Blueprint - BP 055],Truncate - The Bell [Blueprint - BP 055]
"2020-01-01 - Ben Klock @ Awakenings New Years Day, Gashouder, Amsterdam","https://www.mixesdb.com/w/2020-01-01_-_Ben_Klock_@_Awakenings_New_Years_Day,_Gashouder,_Amsterdam",,23,075,,?,?
"2020-01-01 - Ben Klock @ Awakenings New Years Day, Gashouder, Amsterdam","https://www.mixesdb.com/w/2020-01-01_-_Ben_Klock_@_Awakenings_New_Years_Day,_Gashouder,_Amsterdam",,24,077,Johnny Island,Rave Shower [Planet Rhythm - PRRUKBLK 045],Johnny Island - Rave Shower [Planet Rhythm - PRRUKBLK 045]
"2020-01-01 - Ben Klock @ Awakenings New Years Day, Gashouder, Amsterdam","https://www.mixesdb.com/w/2020-01-01_-_Ben_Klock_@_Awakenings_New_Years_Day,_Gashouder,_Amsterdam",,25,080,,?,?
"2020-01-01 - Ben Klock @ Awakenings New Years Day, Gashouder, Amsterdam","https://www.mixesdb.com/w/2020-01-01_-_Ben_Klock_@_Awakenings_New_Years_Day,_Gashouder,_Amsterdam",,26,083,Stef Mendesidis,Chroma [Clergy - CRG022],Stef Mendesidis - Chroma [Clergy - CRG022]
"2020-01-01 - Ben Klock @ Awakenings New Years Day, Gashouder, Amsterdam","https://www.mixesdb.com/w/2020-01-01_-_Ben_Klock_@_Awakenings_New_Years_Day,_Gashouder,_Amsterdam",,27,086,Fumiya Tanaka,Go Up [Torema TRM021],Fumiya Tanaka - Go Up [Torema TRM021]
"2020-01-01 - Ben Klock @ Awakenings New Years Day, Gashouder, Amsterdam","https://www.mixesdb.com/w/2020-01-01_-_Ben_Klock_@_Awakenings_New_Years_Day,_Gashouder,_Amsterdam",,28,089,Fadi Mohem,On The Line [Klockworks - KW 27],Fadi Mohem - On The Line [Klockworks - KW 27]
"2020-01-01 - Ben Klock @ Awakenings New Years Day, Gashouder, Amsterdam","https://www.mixesdb.com/w/2020-01-01_-_Ben_Klock_@_Awakenings_New_Years_Day,_Gashouder,_Amsterdam",,29,093,Truncate,Our Bodies [EI8HT - 004],Truncate - Our Bodies [EI8HT - 004]
"2020-01-01 - Ben Klock @ Awakenings New Years Day, Gashouder, Amsterdam","https://www.mixesdb.com/w/2020-01-01_-_Ben_Klock_@_Awakenings_New_Years_Day,_Gashouder,_Amsterdam",,30,096,Sterac,The Illuminator [Kanzleramt - KA 177],Sterac - The Illuminator [Kanzleramt - KA 177]
"2020-01-01 - Ben Klock @ Awakenings New Years Day, Gashouder, Amsterdam","https://www.mixesdb.com/w/2020-01-01_-_Ben_Klock_@_Awakenings_New_Years_Day,_Gashouder,_Amsterdam",,31,099,Calling The Freak,Noise Shaping [B-Classics - MWCD-2012-390],Calling The Freak - Noise Shaping [B-Classics - MWCD-2012-390]
"2020-01-01 - Ben Klock @ Awakenings New Years Day, Gashouder, Amsterdam","https://www.mixesdb.com/w/2020-01-01_-_Ben_Klock_@_Awakenings_New_Years_Day,_Gashouder,_Amsterdam",,32,105,Jeroen Search,Magic Table [Token - 92D],Jeroen Search - Magic Table [Token - 92D]
"2020-01-01 - Ben Klock @ Awakenings New Years Day, Gashouder, Amsterdam","https://www.mixesdb.com/w/2020-01-01_-_Ben_Klock_@_Awakenings_New_Years_Day,_Gashouder,_Amsterdam",,33,107,JB3,Forklift (Luke Slater's Filtered Remix),JB3 - Forklift (Luke Slater's Filtered Remix)
"2020-01-01 - Ben Klock @ Awakenings New Years Day, Gashouder, Amsterdam","https://www.mixesdb.com/w/2020-01-01_-_Ben_Klock_@_Awakenings_New_Years_Day,_Gashouder,_Amsterdam",,34,112,Talec Twist,I'm A Real Gangster,Talec Twist - I'm A Real Gangster
"2020-01-01 - Ben Klock @ Awakenings New Years Day, Gashouder, Amsterdam","https://www.mixesdb.com/w/2020-01-01_-_Ben_Klock_@_Awakenings_New_Years_Day,_Gashouder,_Amsterdam",,35,116,Stef Mendesidis,Memorex [Clergy - CRG022],Stef Mendesidis - Memorex [Clergy - CRG022]
"2013-04-30 - Ben Klock @ Ribbon Club Culture, Terracina, Italy","https://www.mixesdb.com/w/2013-04-30_-_Ben_Klock_@_Ribbon_Club_Culture,_Terracina,_Italy",,1,00,ROD,Hux,ROD - Hux
"2013-04-30 - Ben Klock @ Ribbon Club Culture, Terracina, Italy","https://www.mixesdb.com/w/2013-04-30_-_Ben_Klock_@_Ribbon_Club_Culture,_Terracina,_Italy",,2,04,Joy Arises,When Sadness Releases (Grindvik And Zahn Remix),Joy Arises - When Sadness Releases (Grindvik And Zahn Remix)
"2013-04-30 - Ben Klock @ Ribbon Club Culture, Terracina, Italy","https://www.mixesdb.com/w/2013-04-30_-_Ben_Klock_@_Ribbon_Club_Culture,_Terracina,_Italy",,3,08,Stone Owl,Chemtrails (Audio Injection Remix) [Trapez - DIG 02],Stone Owl - Chemtrails (Audio Injection Remix) [Trapez - DIG 02]
"2013-04-30 - Ben Klock @ Ribbon Club Culture, Terracina, Italy","https://www.mixesdb.com/w/2013-04-30_-_Ben_Klock_@_Ribbon_Club_Culture,_Terracina,_Italy",,4,11,Philippe Petit,Scrape [DMT 002],Philippe Petit - Scrape [DMT 002]
"2013-04-30 - Ben Klock @ Ribbon Club Culture, Terracina, Italy","https://www.mixesdb.com/w/2013-04-30_-_Ben_Klock_@_Ribbon_Club_Culture,_Terracina,_Italy",,5,17,Floorplan,Eclipse,Floorplan - Eclipse
"2013-04-30 - Ben Klock @ Ribbon Club Culture, Terracina, Italy","https://www.mixesdb.com/w/2013-04-30_-_Ben_Klock_@_Ribbon_Club_Culture,_Terracina,_Italy",,6,19,Lewis Fautzi & Nuklear Default,Hypnotic [Soniculture - UN 010],Lewis Fautzi & Nuklear Default - Hypnotic [Soniculture - UN 010]
"2013-04-30 - Ben Klock @ Ribbon Club Culture, Terracina, Italy","https://www.mixesdb.com/w/2013-04-30_-_Ben_Klock_@_Ribbon_Club_Culture,_Terracina,_Italy",,7,21,Philippe Petit,Flotation,Philippe Petit - Flotation
"2013-04-30 - Ben Klock @ Ribbon Club Culture, Terracina, Italy","https://www.mixesdb.com/w/2013-04-30_-_Ben_Klock_@_Ribbon_Club_Culture,_Terracina,_Italy",,8,24,Regal,Pulzar [Involve - INV 001],Regal - Pulzar [Involve - INV 001]
"2013-04-30 - Ben Klock @ Ribbon Club Culture, Terracina, Italy","https://www.mixesdb.com/w/2013-04-30_-_Ben_Klock_@_Ribbon_Club_Culture,_Terracina,_Italy",,9,28,ROD,Anindica,ROD - Anindica
"2013-04-30 - Ben Klock @ Ribbon Club Culture, Terracina, Italy","https://www.mixesdb.com/w/2013-04-30_-_Ben_Klock_@_Ribbon_Club_Culture,_Terracina,_Italy",,10,32,Terence Fixmer,When The Sun [Electric Deluxe - EDLX 022],Terence Fixmer - When The Sun [Electric Deluxe - EDLX 022]
"2013-04-30 - Ben Klock @ Ribbon Club Culture, Terracina, Italy","https://www.mixesdb.com/w/2013-04-30_-_Ben_Klock_@_Ribbon_Club_Culture,_Terracina,_Italy",,11,34,Inland,Celebration (Dub),Inland - Celebration (Dub)
"2013-04-30 - Ben Klock @ Ribbon Club Culture, Terracina, Italy","https://www.mixesdb.com/w/2013-04-30_-_Ben_Klock_@_Ribbon_Club_Culture,_Terracina,_Italy",,12,38,,?,?
"2013-04-30 - Ben Klock @ Ribbon Club Culture, Terracina, Italy","https://www.mixesdb.com/w/2013-04-30_-_Ben_Klock_@_Ribbon_Club_Culture,_Terracina,_Italy",,13,42,Dustin Zahn,Against The Grain,Dustin Zahn - Against The Grain
"2013-04-30 - Ben Klock @ Ribbon Club Culture, Terracina, Italy","https://www.mixesdb.com/w/2013-04-30_-_Ben_Klock_@_Ribbon_Club_Culture,_Terracina,_Italy",,14,46,Mark Broom,Two [Token - 29D],Mark Broom - Two [Token - 29D]
"2013-04-30 - Ben Klock @ Ribbon Club Culture, Terracina, Italy","https://www.mixesdb.com/w/2013-04-30_-_Ben_Klock_@_Ribbon_Club_Culture,_Terracina,_Italy",,15,50,HMC,Marauder (Edit) [Lightspeed - LSR 013],HMC - Marauder (Edit) [Lightspeed - LSR 013]
"2009-06-06 - Ben Klock, Marcel Dettmann @ Free Your Mind Festival, NL","https://www.mixesdb.com/w/2009-06-06_-_Ben_Klock,_Marcel_Dettmann_@_Free_Your_Mind_Festival,_NL",,1,,,?,?
"2009-06-06 - Ben Klock, Marcel Dettmann @ Free Your Mind Festival, NL","https://www.mixesdb.com/w/2009-06-06_-_Ben_Klock,_Marcel_Dettmann_@_Free_Your_Mind_Festival,_NL",,2,,Marc Romboy vs. Chelonis R. Jones,The Beat (Robert Hood Remix) [Systematic - SYST0008-3],Marc Romboy vs. Chelonis R. Jones - The Beat (Robert Hood Remix) [Systematic - SYST0008-3]
"2009-06-06 - Ben Klock, Marcel Dettmann @ Free Your Mind Festival, NL","https://www.mixesdb.com/w/2009-06-06_-_Ben_Klock,_Marcel_Dettmann_@_Free_Your_Mind_Festival,_NL",,3,,Ben Klock feat. Elif Biçer,Goodly Sin (Robert Hood Remix) [Ostgut Ton – o-ton26],Ben Klock feat. Elif Biçer - Goodly Sin (Robert Hood Remix) [Ostgut Ton – o-ton26]
"2009-06-06 - Ben Klock, Marcel Dettmann @ Free Your Mind Festival, NL","https://www.mixesdb.com/w/2009-06-06_-_Ben_Klock,_Marcel_Dettmann_@_Free_Your_Mind_Festival,_NL",,4,,Levon Vincent,Solemn Days [Deconstruct - DEC-02],Levon Vincent - Solemn Days [Deconstruct - DEC-02]
"2009-06-06 - Ben Klock, Marcel Dettmann @ Free Your Mind Festival, NL","https://www.mixesdb.com/w/2009-06-06_-_Ben_Klock,_Marcel_Dettmann_@_Free_Your_Mind_Festival,_NL",,5,,Rossella,28 [Net28 - NET2804.1],Rossella - 28 [Net28 - NET2804.1]
"2009-06-06 - Ben Klock, Marcel Dettmann @ Free Your Mind Festival, NL","https://www.mixesdb.com/w/2009-06-06_-_Ben_Klock,_Marcel_Dettmann_@_Free_Your_Mind_Festival,_NL",,6,,Scuba,Hundreds And Thousands [Hotflush - 022],Scuba - Hundreds And Thousands [Hotflush - 022]
"2009-06-06 - Ben Klock, Marcel Dettmann @ Free Your Mind Festival, NL","https://www.mixesdb.com/w/2009-06-06_-_Ben_Klock,_Marcel_Dettmann_@_Free_Your_Mind_Festival,_NL",,7,,Bill Youngman,Cells Regenerate (Hanno Hinkelbein Rmx) [Null - 0.18],Bill Youngman - Cells Regenerate (Hanno Hinkelbein Rmx) [Null - 0.18]
"2009-06-06 - Ben Klock, Marcel Dettmann @ Free Your Mind Festival, NL","https://www.mixesdb.com/w/2009-06-06_-_Ben_Klock,_Marcel_Dettmann_@_Free_Your_Mind_Festival,_NL",,8,,DVS1,Running [Klockworks - KW 05],DVS1 - Running [Klockworks - KW 05]
"2009-06-06 - Ben Klock, Marcel Dettmann @ Free Your Mind Festival, NL","https://www.mixesdb.com/w/2009-06-06_-_Ben_Klock,_Marcel_Dettmann_@_Free_Your_Mind_Festival,_NL",,9,,Deuce,Cue Ed [Ostgut Ton – o-ton25],Deuce - Cue Ed [Ostgut Ton – o-ton25]
"2009-06-06 - Ben Klock, Marcel Dettmann @ Free Your Mind Festival, NL","https://www.mixesdb.com/w/2009-06-06_-_Ben_Klock,_Marcel_Dettmann_@_Free_Your_Mind_Festival,_NL",,10,,Planetary Assault Systems,Enter Action [Ostgut Ton – OSTGUTCD09],Planetary Assault Systems - Enter Action [Ostgut Ton – OSTGUTCD09]
"2009-06-06 - Ben Klock, Marcel Dettmann @ Free Your Mind Festival, NL","https://www.mixesdb.com/w/2009-06-06_-_Ben_Klock,_Marcel_Dettmann_@_Free_Your_Mind_Festival,_NL",,11,,Marco Carola,Danger [One Thousand Records - LP1],Marco Carola - Danger [One Thousand Records - LP1]
"2009-06-06 - Ben Klock, Marcel Dettmann @ Free Your Mind Festival, NL","https://www.mixesdb.com/w/2009-06-06_-_Ben_Klock,_Marcel_Dettmann_@_Free_Your_Mind_Festival,_NL",,12,,Jacek Sienkiewicz,"Connections [Cocoon Recordings - COR12""060]","Jacek Sienkiewicz - Connections [Cocoon Recordings - COR12""060]"
"2009-06-06 - Ben Klock, Marcel Dettmann @ Free Your Mind Festival, NL","https://www.mixesdb.com/w/2009-06-06_-_Ben_Klock,_Marcel_Dettmann_@_Free_Your_Mind_Festival,_NL",,13,,Je Dàvu,I Zebra (Raw Meat Techno Edit) [Platzhirsch Schallplatten - PLATZHIRSCH LTD #9],Je Dàvu - I Zebra (Raw Meat Techno Edit) [Platzhirsch Schallplatten - PLATZHIRSCH LTD #9]
"2009-06-06 - Ben Klock, Marcel Dettmann @ Free Your Mind Festival, NL","https://www.mixesdb.com/w/2009-06-06_-_Ben_Klock,_Marcel_Dettmann_@_Free_Your_Mind_Festival,_NL",,14,,Shlomi Aber & Kenny Larkin,Sketches (Kenny Larkin Version) [Be As One - 018],Shlomi Aber & Kenny Larkin - Sketches (Kenny Larkin Version) [Be As One - 018]
"2009-06-06 - Ben Klock, Marcel Dettmann @ Free Your Mind Festival, NL","https://www.mixesdb.com/w/2009-06-06_-_Ben_Klock,_Marcel_Dettmann_@_Free_Your_Mind_Festival,_NL",,15,,Klockworks,Onyx [Klockworks - 02],Klockworks - Onyx [Klockworks - 02]
"2009-06-06 - Ben Klock, Marcel Dettmann @ Free Your Mind Festival, NL","https://www.mixesdb.com/w/2009-06-06_-_Ben_Klock,_Marcel_Dettmann_@_Free_Your_Mind_Festival,_NL",,16,,,? (unknown subzero remix),? (unknown subzero remix)
"2009-06-06 - Ben Klock, Marcel Dettmann @ Free Your Mind Festival, NL","https://www.mixesdb.com/w/2009-06-06_-_Ben_Klock,_Marcel_Dettmann_@_Free_Your_Mind_Festival,_NL",,17,,Junior Boys,Work (Marcel Dettmann Mix) [Philomena - 03],Junior Boys - Work (Marcel Dettmann Mix) [Philomena - 03]
"2009-06-06 - Ben Klock, Marcel Dettmann @ Free Your Mind Festival, NL","https://www.mixesdb.com/w/2009-06-06_-_Ben_Klock,_Marcel_Dettmann_@_Free_Your_Mind_Festival,_NL",,18,,Rolando,Running [Saved Records - SVALB02A],Rolando - Running [Saved Records - SVALB02A]
"2009-06-06 - Ben Klock, Marcel Dettmann @ Free Your Mind Festival, NL","https://www.mixesdb.com/w/2009-06-06_-_Ben_Klock,_Marcel_Dettmann_@_Free_Your_Mind_Festival,_NL",,19,,Robert Hood,School [Music Man Records – MM 127],Robert Hood – School [Music Man Records – MM 127]
"2009-06-06 - Ben Klock, Marcel Dettmann @ Free Your Mind Festival, NL","https://www.mixesdb.com/w/2009-06-06_-_Ben_Klock,_Marcel_Dettmann_@_Free_Your_Mind_Festival,_NL",,20,,Planetary Assault Systems,Hold It [Ostgut Ton - OSTGUTCD09],Planetary Assault Systems - Hold It [Ostgut Ton - OSTGUTCD09]
"2009-06-06 - Ben Klock, Marcel Dettmann @ Free Your Mind Festival, NL","https://www.mixesdb.com/w/2009-06-06_-_Ben_Klock,_Marcel_Dettmann_@_Free_Your_Mind_Festival,_NL",,21,,Scuba,Hundreds And Thousands [Hotflush - HF022],Scuba - Hundreds And Thousands [Hotflush - HF022]
"2009-06-06 - Ben Klock, Marcel Dettmann @ Free Your Mind Festival, NL","https://www.mixesdb.com/w/2009-06-06_-_Ben_Klock,_Marcel_Dettmann_@_Free_Your_Mind_Festival,_NL",,22,,K-Hand,These Sounds Lead The Way [Gorsch - 101G],K-Hand - These Sounds Lead The Way [Gorsch - 101G]
"2009-06-06 - Ben Klock, Marcel Dettmann @ Free Your Mind Festival, NL","https://www.mixesdb.com/w/2009-06-06_-_Ben_Klock,_Marcel_Dettmann_@_Free_Your_Mind_Festival,_NL",,23,,Deuce,Twerp Wiz [Ostgut Ton – o-ton25],Deuce - Twerp Wiz [Ostgut Ton – o-ton25]
"2009-06-06 - Ben Klock, Marcel Dettmann @ Free Your Mind Festival, NL","https://www.mixesdb.com/w/2009-06-06_-_Ben_Klock,_Marcel_Dettmann_@_Free_Your_Mind_Festival,_NL",,24,,,?,?
"2009-06-06 - Ben Klock, Marcel Dettmann @ Free Your Mind Festival, NL","https://www.mixesdb.com/w/2009-06-06_-_Ben_Klock,_Marcel_Dettmann_@_Free_Your_Mind_Festival,_NL",,25,,Mike Dehnert,Brauchbar [Fachwerk – FW 007],Mike Dehnert - Brauchbar [Fachwerk – FW 007]
"2009-06-06 - Ben Klock, Marcel Dettmann @ Free Your Mind Festival, NL","https://www.mixesdb.com/w/2009-06-06_-_Ben_Klock,_Marcel_Dettmann_@_Free_Your_Mind_Festival,_NL",,26,,Damon Wild,Kabuki [Synewave – SW67],Damon Wild - Kabuki [Synewave – SW67]
"2009-06-06 - Ben Klock, Marcel Dettmann @ Free Your Mind Festival, NL","https://www.mixesdb.com/w/2009-06-06_-_Ben_Klock,_Marcel_Dettmann_@_Free_Your_Mind_Festival,_NL",,27,,,?,?
"2009-06-06 - Ben Klock, Marcel Dettmann @ Free Your Mind Festival, NL","https://www.mixesdb.com/w/2009-06-06_-_Ben_Klock,_Marcel_Dettmann_@_Free_Your_Mind_Festival,_NL",,28,,,?,?
"2009-06-06 - Ben Klock, Marcel Dettmann @ Free Your Mind Festival, NL","https://www.mixesdb.com/w/2009-06-06_-_Ben_Klock,_Marcel_Dettmann_@_Free_Your_Mind_Festival,_NL",,29,,TronikHouse,Up Tempo (Original Mix) [KMS – KMS-036],TronikHouse – Up Tempo (Original Mix) [KMS – KMS-036]
"2009-06-06 - Ben Klock, Marcel Dettmann @ Free Your Mind Festival, NL","https://www.mixesdb.com/w/2009-06-06_-_Ben_Klock,_Marcel_Dettmann_@_Free_Your_Mind_Festival,_NL",,30,,Shed,Another Wedged Chicken (Martyn's 131 Remix) [Ostgut Ton – o-ton20],Shed – Another Wedged Chicken (Martyn's 131 Remix) [Ostgut Ton – o-ton20]
"2009-06-06 - Ben Klock, Marcel Dettmann @ Free Your Mind Festival, NL","https://www.mixesdb.com/w/2009-06-06_-_Ben_Klock,_Marcel_Dettmann_@_Free_Your_Mind_Festival,_NL",,31,,,? (unknown fever ray remix),? (unknown fever ray remix)
"2009-06-06 - Ben Klock, Marcel Dettmann @ Free Your Mind Festival, NL","https://www.mixesdb.com/w/2009-06-06_-_Ben_Klock,_Marcel_Dettmann_@_Free_Your_Mind_Festival,_NL",,32,,,?,?
"2009-06-06 - Ben Klock, Marcel Dettmann @ Free Your Mind Festival, NL","https://www.mixesdb.com/w/2009-06-06_-_Ben_Klock,_Marcel_Dettmann_@_Free_Your_Mind_Festival,_NL",,33,,Santiago Salazar,Arcade [Macro - MACRO M11],Santiago Salazar - Arcade [Macro - MACRO M11]
"2024-04-05 - Ben Klock b2b Adiel @ 30 Years Time Warp, Mannheim, Germany","https://www.mixesdb.com/w/2024-04-05_-_Ben_Klock_b2b_Adiel_@_30_Years_Time_Warp,_Mannheim,_Germany",,1,00,Speedy J,Something For Your Mind [Music Man],Speedy J - Something For Your Mind [Music Man]
"2024-04-05 - Ben Klock b2b Adiel @ 30 Years Time Warp, Mannheim, Germany","https://www.mixesdb.com/w/2024-04-05_-_Ben_Klock_b2b_Adiel_@_30_Years_Time_Warp,_Mannheim,_Germany",,2,03,,?,?
"2024-04-05 - Ben Klock b2b Adiel @ 30 Years Time Warp, Mannheim, Germany","https://www.mixesdb.com/w/2024-04-05_-_Ben_Klock_b2b_Adiel_@_30_Years_Time_Warp,_Mannheim,_Germany",,3,09,Mac Declos,The Ritual [Xx Lab],Mac Declos - The Ritual [Xx Lab]
"2024-04-05 - Ben Klock b2b Adiel @ 30 Years Time Warp, Mannheim, Germany","https://www.mixesdb.com/w/2024-04-05_-_Ben_Klock_b2b_Adiel_@_30_Years_Time_Warp,_Mannheim,_Germany",,4,17,Funk Assault,Pre-Gig Selfie [Primal Instinct],Funk Assault - Pre-Gig Selfie [Primal Instinct]
"2024-04-05 - Ben Klock b2b Adiel @ 30 Years Time Warp, Mannheim, Germany","https://www.mixesdb.com/w/2024-04-05_-_Ben_Klock_b2b_Adiel_@_30_Years_Time_Warp,_Mannheim,_Germany",,5,20,,?,?
"2024-04-05 - Ben Klock b2b Adiel @ 30 Years Time Warp, Mannheim, Germany","https://www.mixesdb.com/w/2024-04-05_-_Ben_Klock_b2b_Adiel_@_30_Years_Time_Warp,_Mannheim,_Germany",,6,25,Alfred Czital & AYU,Body High,Alfred Czital & AYU - Body High
"2024-04-05 - Ben Klock b2b Adiel @ 30 Years Time Warp, Mannheim, Germany","https://www.mixesdb.com/w/2024-04-05_-_Ben_Klock_b2b_Adiel_@_30_Years_Time_Warp,_Mannheim,_Germany",,7,29,Stef Mendesidis,The Dance Class [Klockworks],Stef Mendesidis - The Dance Class [Klockworks]
"2024-04-05 - Ben Klock b2b Adiel @ 30 Years Time Warp, Mannheim, Germany","https://www.mixesdb.com/w/2024-04-05_-_Ben_Klock_b2b_Adiel_@_30_Years_Time_Warp,_Mannheim,_Germany",,8,32,Frequency,Darkheart Energy (Lenson Remix) [Repetitive Rhythm Research],Frequency - Darkheart Energy (Lenson Remix) [Repetitive Rhythm Research]
"2024-04-05 - Ben Klock b2b Adiel @ 30 Years Time Warp, Mannheim, Germany","https://www.mixesdb.com/w/2024-04-05_-_Ben_Klock_b2b_Adiel_@_30_Years_Time_Warp,_Mannheim,_Germany",,9,35,R.M.K,Muscle,R.M.K - Muscle
"2024-04-05 - Ben Klock b2b Adiel @ 30 Years Time Warp, Mannheim, Germany","https://www.mixesdb.com/w/2024-04-05_-_Ben_Klock_b2b_Adiel_@_30_Years_Time_Warp,_Mannheim,_Germany",,10,39,Phase Fatale,Love Is Destructive [Bite],Phase Fatale - Love Is Destructive [Bite]
"2024-04-05 - Ben Klock b2b Adiel @ 30 Years Time Warp, Mannheim, Germany","https://www.mixesdb.com/w/2024-04-05_-_Ben_Klock_b2b_Adiel_@_30_Years_Time_Warp,_Mannheim,_Germany",,11,43,DJ Disrespect,Confidence (Dist Remix) [Gomboc],DJ Disrespect - Confidence (Dist Remix) [Gomboc]
"2024-04-05 - Ben Klock b2b Adiel @ 30 Years Time Warp, Mannheim, Germany","https://www.mixesdb.com/w/2024-04-05_-_Ben_Klock_b2b_Adiel_@_30_Years_Time_Warp,_Mannheim,_Germany",,12,45,Hurdslenk,Futures [Hardgroove],Hurdslenk - Futures [Hardgroove]
"2024-04-05 - Ben Klock b2b Adiel @ 30 Years Time Warp, Mannheim, Germany","https://www.mixesdb.com/w/2024-04-05_-_Ben_Klock_b2b_Adiel_@_30_Years_Time_Warp,_Mannheim,_Germany",,13,58,Stef Mendesidis,Axial Force [Klockworks],Stef Mendesidis - Axial Force [Klockworks]
"2024-04-05 - Ben Klock b2b Adiel @ 30 Years Time Warp, Mannheim, Germany","https://www.mixesdb.com/w/2024-04-05_-_Ben_Klock_b2b_Adiel_@_30_Years_Time_Warp,_Mannheim,_Germany",,14,52,Pergo,RITMO ESPECIAL [Drei Vinyl],Pergo - RITMO ESPECIAL [Drei Vinyl]
"2024-04-05 - Ben Klock b2b Adiel @ 30 Years Time Warp, Mannheim, Germany","https://www.mixesdb.com/w/2024-04-05_-_Ben_Klock_b2b_Adiel_@_30_Years_Time_Warp,_Mannheim,_Germany",,15,58,Ignez,Tavisupali [Somov],Ignez - Tavisupali [Somov]
"2024-04-05 - Ben Klock b2b Adiel @ 30 Years Time Warp, Mannheim, Germany","https://www.mixesdb.com/w/2024-04-05_-_Ben_Klock_b2b_Adiel_@_30_Years_Time_Warp,_Mannheim,_Germany",,16,65,DJ Plant Texture,What Should I Do Next?,DJ Plant Texture - What Should I Do Next?
"2024-04-05 - Ben Klock b2b Adiel @ 30 Years Time Warp, Mannheim, Germany","https://www.mixesdb.com/w/2024-04-05_-_Ben_Klock_b2b_Adiel_@_30_Years_Time_Warp,_Mannheim,_Germany",,17,68,Alexander Johansson & Mattias Fridell,Hicka,Alexander Johansson & Mattias Fridell - Hicka
"2024-04-05 - Ben Klock b2b Adiel @ 30 Years Time Warp, Mannheim, Germany","https://www.mixesdb.com/w/2024-04-05_-_Ben_Klock_b2b_Adiel_@_30_Years_Time_Warp,_Mannheim,_Germany",,18,72,Mac Declos,Intrepid X [Xx Lab],Mac Declos - Intrepid X [Xx Lab]
"2024-04-05 - Ben Klock b2b Adiel @ 30 Years Time Warp, Mannheim, Germany","https://www.mixesdb.com/w/2024-04-05_-_Ben_Klock_b2b_Adiel_@_30_Years_Time_Warp,_Mannheim,_Germany",,19,74,Talec Twist,I'm A Real Gangster [Intensivstation],Talec Twist - I'm A Real Gangster [Intensivstation]
"2024-04-05 - Ben Klock b2b Adiel @ 30 Years Time Warp, Mannheim, Germany","https://www.mixesdb.com/w/2024-04-05_-_Ben_Klock_b2b_Adiel_@_30_Years_Time_Warp,_Mannheim,_Germany",,20,78,Florian Meindl,The Incal (Janzon Remix) [Flash],Florian Meindl - The Incal (Janzon Remix) [Flash]
"2024-04-05 - Ben Klock b2b Adiel @ 30 Years Time Warp, Mannheim, Germany","https://www.mixesdb.com/w/2024-04-05_-_Ben_Klock_b2b_Adiel_@_30_Years_Time_Warp,_Mannheim,_Germany",,21,82,DJ Saint Pierre,Holmberg 15 A [Illegal Alien],DJ Saint Pierre - Holmberg 15 A [Illegal Alien]
"2024-04-05 - Ben Klock b2b Adiel @ 30 Years Time Warp, Mannheim, Germany","https://www.mixesdb.com/w/2024-04-05_-_Ben_Klock_b2b_Adiel_@_30_Years_Time_Warp,_Mannheim,_Germany",,22,84,FJAAK,Redemption [Fjaak],FJAAK - Redemption [Fjaak]
"2024-04-05 - Ben Klock b2b Adiel @ 30 Years Time Warp, Mannheim, Germany","https://www.mixesdb.com/w/2024-04-05_-_Ben_Klock_b2b_Adiel_@_30_Years_Time_Warp,_Mannheim,_Germany",,23,88,Tred,All Messed Up [Lobster Theremin],Tred - All Messed Up [Lobster Theremin]
"2019-04-20 - Ben Klock @ DGTL Festival, NDSM Docklands, Amsterdam (RA Live)","https://www.mixesdb.com/w/2019-04-20_-_Ben_Klock_@_DGTL_Festival,_NDSM_Docklands,_Amsterdam_(RA_Live)",Version 1,1,00,Ten Ven,Just About (Deetron Remix),Ten Ven - Just About (Deetron Remix)
"2019-04-20 - Ben Klock @ DGTL Festival, NDSM Docklands, Amsterdam (RA Live)","https://www.mixesdb.com/w/2019-04-20_-_Ben_Klock_@_DGTL_Festival,_NDSM_Docklands,_Amsterdam_(RA_Live)",Version 1,2,04,,?,?
"2019-04-20 - Ben Klock @ DGTL Festival, NDSM Docklands, Amsterdam (RA Live)","https://www.mixesdb.com/w/2019-04-20_-_Ben_Klock_@_DGTL_Festival,_NDSM_Docklands,_Amsterdam_(RA_Live)",Version 1,3,09,Marco Shuttle Feat. Gabriella Vergilov,The Moon Chant [The Bunker New York - BK 035],Marco Shuttle Feat. Gabriella Vergilov - The Moon Chant [The Bunker New York - BK 035]
"2019-04-20 - Ben Klock @ DGTL Festival, NDSM Docklands, Amsterdam (RA Live)","https://www.mixesdb.com/w/2019-04-20_-_Ben_Klock_@_DGTL_Festival,_NDSM_Docklands,_Amsterdam_(RA_Live)",Version 1,4,11,Mandingo,Another Dub On Earth [Black Catalogue - BC 019909],Mandingo - Another Dub On Earth [Black Catalogue - BC 019909]
"2019-04-20 - Ben Klock @ DGTL Festival, NDSM Docklands, Amsterdam (RA Live)","https://www.mixesdb.com/w/2019-04-20_-_Ben_Klock_@_DGTL_Festival,_NDSM_Docklands,_Amsterdam_(RA_Live)",Version 1,5,15,Ngly,Service Cost HH2 [L.I.E.S (Long Island Electrical Systems) - LIES-019.5],Ngly - Service Cost HH2 [L.I.E.S (Long Island Electrical Systems) - LIES-019.5]
"2019-04-20 - Ben Klock @ DGTL Festival, NDSM Docklands, Amsterdam (RA Live)","https://www.mixesdb.com/w/2019-04-20_-_Ben_Klock_@_DGTL_Festival,_NDSM_Docklands,_Amsterdam_(RA_Live)",Version 1,6,19,Gary Martin,Pimping People In High Places (Woodword Ave Mix),Gary Martin - Pimping People In High Places (Woodword Ave Mix)
"2019-04-20 - Ben Klock @ DGTL Festival, NDSM Docklands, Amsterdam (RA Live)","https://www.mixesdb.com/w/2019-04-20_-_Ben_Klock_@_DGTL_Festival,_NDSM_Docklands,_Amsterdam_(RA_Live)",Version 1,7,23,DJ Hell,Jack The House [International DeeJay Gigolo - 101229 28],DJ Hell - Jack The House [International DeeJay Gigolo - 101229 28]
"2019-04-20 - Ben Klock @ DGTL Festival, NDSM Docklands, Amsterdam (RA Live)","https://www.mixesdb.com/w/2019-04-20_-_Ben_Klock_@_DGTL_Festival,_NDSM_Docklands,_Amsterdam_(RA_Live)",Version 1,8,27,Panzer Knacker,Rollin' On The Side Of Psycho [DJAX Upbeats - DJAXUP 348],Panzer Knacker - Rollin' On The Side Of Psycho [DJAX Upbeats - DJAXUP 348]
"2019-04-20 - Ben Klock @ DGTL Festival, NDSM Docklands, Amsterdam (RA Live)","https://www.mixesdb.com/w/2019-04-20_-_Ben_Klock_@_DGTL_Festival,_NDSM_Docklands,_Amsterdam_(RA_Live)",Version 1,9,30,Celeda & The Heavy Hitters,Messin' With My Mind [Twisted America - TW12-55259],Celeda & The Heavy Hitters - Messin' With My Mind [Twisted America - TW12-55259]
"2019-04-20 - Ben Klock @ DGTL Festival, NDSM Docklands, Amsterdam (RA Live)","https://www.mixesdb.com/w/2019-04-20_-_Ben_Klock_@_DGTL_Festival,_NDSM_Docklands,_Amsterdam_(RA_Live)",Version 1,10,35,Yaleesa Hall,Zoe Price [Will & Ink - WNK 012],Yaleesa Hall - Zoe Price [Will & Ink - WNK 012]
"2019-04-20 - Ben Klock @ DGTL Festival, NDSM Docklands, Amsterdam (RA Live)","https://www.mixesdb.com/w/2019-04-20_-_Ben_Klock_@_DGTL_Festival,_NDSM_Docklands,_Amsterdam_(RA_Live)",Version 1,11,36,,?,?
"2019-04-20 - Ben Klock @ DGTL Festival, NDSM Docklands, Amsterdam (RA Live)","https://www.mixesdb.com/w/2019-04-20_-_Ben_Klock_@_DGTL_Festival,_NDSM_Docklands,_Amsterdam_(RA_Live)",Version 1,12,41,Identified Patient,The Female Medical College Of Pennsylvania,Identified Patient - The Female Medical College Of Pennsylvania
"2019-04-20 - Ben Klock @ DGTL Festival, NDSM Docklands, Amsterdam (RA Live)","https://www.mixesdb.com/w/2019-04-20_-_Ben_Klock_@_DGTL_Festival,_NDSM_Docklands,_Amsterdam_(RA_Live)",Version 1,13,45,Roberto & Jamie Anderson Feat. Robert Owens,Broken (Instrumental) [Fossil Archive - FAUK 009],Roberto & Jamie Anderson Feat. Robert Owens - Broken (Instrumental) [Fossil Archive - FAUK 009]
"2019-04-20 - Ben Klock @ DGTL Festival, NDSM Docklands, Amsterdam (RA Live)","https://www.mixesdb.com/w/2019-04-20_-_Ben_Klock_@_DGTL_Festival,_NDSM_Docklands,_Amsterdam_(RA_Live)",Version 1,14,50,Savile,Effort Won't Betray You [Argot - 020],Savile - Effort Won't Betray You [Argot - 020]
"2019-04-20 - Ben Klock @ DGTL Festival, NDSM Docklands, Amsterdam (RA Live)","https://www.mixesdb.com/w/2019-04-20_-_Ben_Klock_@_DGTL_Festival,_NDSM_Docklands,_Amsterdam_(RA_Live)",Version 1,15,52,Elektrochemie LK,Da Phonk (Steve Bug Mix) [Confused],Elektrochemie LK - Da Phonk (Steve Bug Mix) [Confused]
"2019-04-20 - Ben Klock @ DGTL Festival, NDSM Docklands, Amsterdam (RA Live)","https://www.mixesdb.com/w/2019-04-20_-_Ben_Klock_@_DGTL_Festival,_NDSM_Docklands,_Amsterdam_(RA_Live)",Version 1,16,54,Sub Space,Nineteen [Locked Groove 19],Sub Space - Nineteen [Locked Groove 19]
"2019-04-20 - Ben Klock @ DGTL Festival, NDSM Docklands, Amsterdam (RA Live)","https://www.mixesdb.com/w/2019-04-20_-_Ben_Klock_@_DGTL_Festival,_NDSM_Docklands,_Amsterdam_(RA_Live)",Version 1,17,59,Biemsix,Clear [Symbolism - SYMLTD 002],Biemsix - Clear [Symbolism - SYMLTD 002]
"2019-04-20 - Ben Klock @ DGTL Festival, NDSM Docklands, Amsterdam (RA Live)","https://www.mixesdb.com/w/2019-04-20_-_Ben_Klock_@_DGTL_Festival,_NDSM_Docklands,_Amsterdam_(RA_Live)",Version 1,18,62,Luke Slater,Love (Marcel Dettmann Black Glove Remix),Luke Slater - Love (Marcel Dettmann Black Glove Remix)
"2019-04-20 - Ben Klock @ DGTL Festival, NDSM Docklands, Amsterdam (RA Live)","https://www.mixesdb.com/w/2019-04-20_-_Ben_Klock_@_DGTL_Festival,_NDSM_Docklands,_Amsterdam_(RA_Live)",Version 1,19,68,Kevin Yost,It's Getting Bigger [I! - IRECALMCD 071D15TR],Kevin Yost - It's Getting Bigger [I! - IRECALMCD 071D15TR]
"2019-04-20 - Ben Klock @ DGTL Festival, NDSM Docklands, Amsterdam (RA Live)","https://www.mixesdb.com/w/2019-04-20_-_Ben_Klock_@_DGTL_Festival,_NDSM_Docklands,_Amsterdam_(RA_Live)",Version 1,20,75,,Silence,Silence
2013-02-20 - Ben Klock @ Boiler Room Berlin 021,https://www.mixesdb.com/w/2013-02-20_-_Ben_Klock_@_Boiler_Room_Berlin_021,,1,00,Infiniti,Game One (Rennie Foster Remix) [Dirty Works - DTSSR 1],Infiniti - Game One (Rennie Foster Remix) [Dirty Works - DTSSR 1]
2013-02-20 - Ben Klock @ Boiler Room Berlin 021,https://www.mixesdb.com/w/2013-02-20_-_Ben_Klock_@_Boiler_Room_Berlin_021,,2,05,Omar S,Triangulum Australe (Say It In Space) [FXHE - AOS-7501],Omar S - Triangulum Australe (Say It In Space) [FXHE - AOS-7501]
2013-02-20 - Ben Klock @ Boiler Room Berlin 021,https://www.mixesdb.com/w/2013-02-20_-_Ben_Klock_@_Boiler_Room_Berlin_021,,3,08,"Lewis Fautzi, Nuclear Default",Clearing [Soniculture - 010],"Lewis Fautzi, Nuclear Default - Clearing [Soniculture - 010]"
2013-02-20 - Ben Klock @ Boiler Room Berlin 021,https://www.mixesdb.com/w/2013-02-20_-_Ben_Klock_@_Boiler_Room_Berlin_021,,4,12,Function,Obsessed (Substance Remix) [Echocord Colour - 020],Function - Obsessed (Substance Remix) [Echocord Colour - 020]
2013-02-20 - Ben Klock @ Boiler Room Berlin 021,https://www.mixesdb.com/w/2013-02-20_-_Ben_Klock_@_Boiler_Room_Berlin_021,,5,15,Joe Cocherell,Commerce Above All Else [Frozen Border - FB 012],Joe Cocherell - Commerce Above All Else [Frozen Border - FB 012]
2013-02-20 - Ben Klock @ Boiler Room Berlin 021,https://www.mixesdb.com/w/2013-02-20_-_Ben_Klock_@_Boiler_Room_Berlin_021,,6,19,Sub Space,Thirteen (Locked Groove 13) [Minimalizm],Sub Space - Thirteen (Locked Groove 13) [Minimalizm]
2013-02-20 - Ben Klock @ Boiler Room Berlin 021,https://www.mixesdb.com/w/2013-02-20_-_Ben_Klock_@_Boiler_Room_Berlin_021,,7,23,Little Nobody,Behind The Meme Claw (DJ T-1000's Drums And Weapons Remake) [If? - IF142],Little Nobody - Behind The Meme Claw (DJ T-1000's Drums And Weapons Remake) [If? - IF142]
2013-02-20 - Ben Klock @ Boiler Room Berlin 021,https://www.mixesdb.com/w/2013-02-20_-_Ben_Klock_@_Boiler_Room_Berlin_021,,8,26,Diego Hostettler & Heiko Laux,"Chicken, Understood (Truncate Remix)","Diego Hostettler & Heiko Laux - Chicken, Understood (Truncate Remix)"
2013-02-20 - Ben Klock @ Boiler Room Berlin 021,https://www.mixesdb.com/w/2013-02-20_-_Ben_Klock_@_Boiler_Room_Berlin_021,,9,28,Baby Ford & The Ifach Collective,Tea Party [Klang Elektronik - KLANG 43],Baby Ford & The Ifach Collective - Tea Party [Klang Elektronik - KLANG 43]
2013-02-20 - Ben Klock @ Boiler Room Berlin 021,https://www.mixesdb.com/w/2013-02-20_-_Ben_Klock_@_Boiler_Room_Berlin_021,,10,32,ROD,RSPCT [MDR - Forthcoming],ROD - RSPCT [MDR - Forthcoming]
2013-02-20 - Ben Klock @ Boiler Room Berlin 021,https://www.mixesdb.com/w/2013-02-20_-_Ben_Klock_@_Boiler_Room_Berlin_021,,11,34,DVS1,Distress [HUSH 03],DVS1 - Distress [HUSH 03]
2013-02-20 - Ben Klock @ Boiler Room Berlin 021,https://www.mixesdb.com/w/2013-02-20_-_Ben_Klock_@_Boiler_Room_Berlin_021,,12,39,Philippe Petit,Take [Decision Making Theory - 001],Philippe Petit - Take [Decision Making Theory - 001]
2013-02-20 - Ben Klock @ Boiler Room Berlin 021,https://www.mixesdb.com/w/2013-02-20_-_Ben_Klock_@_Boiler_Room_Berlin_021,,13,42,Trus'me,Somebody [Prime Numbers - PN 03],Trus'me - Somebody [Prime Numbers - PN 03]
2013-02-20 - Ben Klock @ Boiler Room Berlin 021,https://www.mixesdb.com/w/2013-02-20_-_Ben_Klock_@_Boiler_Room_Berlin_021,,14,46,Markus Suckut,False [Edit Select - 11],Markus Suckut - False [Edit Select - 11]
2013-02-20 - Ben Klock @ Boiler Room Berlin 021,https://www.mixesdb.com/w/2013-02-20_-_Ben_Klock_@_Boiler_Room_Berlin_021,,15,50,Sub Space,Fifteen [Locked Groove 15],Sub Space - Fifteen [Locked Groove 15]
2013-02-20 - Ben Klock @ Boiler Room Berlin 021,https://www.mixesdb.com/w/2013-02-20_-_Ben_Klock_@_Boiler_Room_Berlin_021,,16,53,Shifted,Trouble [Mote Evolver - MOTE 033],Shifted - Trouble [Mote Evolver - MOTE 033]
2013-02-20 - Ben Klock @ Boiler Room Berlin 021,https://www.mixesdb.com/w/2013-02-20_-_Ben_Klock_@_Boiler_Room_Berlin_021,,17,57,DJ T-1000,Made To Phase [PURE10],DJ T-1000 - Made To Phase [PURE10]
2013-02-20 - Ben Klock @ Boiler Room Berlin 021,https://www.mixesdb.com/w/2013-02-20_-_Ben_Klock_@_Boiler_Room_Berlin_021,,18,60,Steve Bicknell,Untitled (Steve Bicknell Remix) [Cosmic - COS 003.5],Steve Bicknell - Untitled (Steve Bicknell Remix) [Cosmic - COS 003.5]
2013-02-20 - Ben Klock @ Boiler Room Berlin 021,https://www.mixesdb.com/w/2013-02-20_-_Ben_Klock_@_Boiler_Room_Berlin_021,,19,66,Octave One,Trak 3 [430 West - 4W-300],Octave One - Trak 3 [430 West - 4W-300]
2013-02-20 - Ben Klock @ Boiler Room Berlin 021,https://www.mixesdb.com/w/2013-02-20_-_Ben_Klock_@_Boiler_Room_Berlin_021,,20,69,A. Mochi,Sunset [Figure - SPCFIGURESPCN],A. Mochi - Sunset [Figure - SPCFIGURESPCN]
2013-02-20 - Ben Klock @ Boiler Room Berlin 021,https://www.mixesdb.com/w/2013-02-20_-_Ben_Klock_@_Boiler_Room_Berlin_021,,21,73,DJ Hyperactive,Weepy,DJ Hyperactive - Weepy
2013-02-20 - Ben Klock @ Boiler Room Berlin 021,https://www.mixesdb.com/w/2013-02-20_-_Ben_Klock_@_Boiler_Room_Berlin_021,,22,77,Magnus,Act Two (Truncate Remix) [Magnus - 0026],Magnus - Act Two (Truncate Remix) [Magnus - 0026]
2013-02-20 - Ben Klock @ Boiler Room Berlin 021,https://www.mixesdb.com/w/2013-02-20_-_Ben_Klock_@_Boiler_Room_Berlin_021,,23,80,DJ Roxy,Bass Traxx [Logistic - LOG 054],DJ Roxy - Bass Traxx [Logistic - LOG 054]
2013-02-20 - Ben Klock @ Boiler Room Berlin 021,https://www.mixesdb.com/w/2013-02-20_-_Ben_Klock_@_Boiler_Room_Berlin_021,,24,83,Vedomir,Musical Suprematism (Marcel Dettmann Remix) [Dekmantel],Vedomir - Musical Suprematism (Marcel Dettmann Remix) [Dekmantel]
2013-02-20 - Ben Klock @ Boiler Room Berlin 021,https://www.mixesdb.com/w/2013-02-20_-_Ben_Klock_@_Boiler_Room_Berlin_021,,25,85,Plastikman,Mind In Rewind (Steve Bicknell Lost Remix) [Minus - 100 REPLIKANTS],Plastikman - Mind In Rewind (Steve Bicknell Lost Remix) [Minus - 100 REPLIKANTS]
"2018-06-16 - Ben Klock b2b DJ Nobu @ Sónar By Night, Fira Gran Via, Sónar","https://www.mixesdb.com/w/2018-06-16_-_Ben_Klock_b2b_DJ_Nobu_@_S%C3%B3nar_By_Night,_Fira_Gran_Via,_S%C3%B3nar",,1,000,Voiski,Blue Flags,Voiski - Blue Flags
"2018-06-16 - Ben Klock b2b DJ Nobu @ Sónar By Night, Fira Gran Via, Sónar","https://www.mixesdb.com/w/2018-06-16_-_Ben_Klock_b2b_DJ_Nobu_@_S%C3%B3nar_By_Night,_Fira_Gran_Via,_S%C3%B3nar",,2,003,Simian Mobile Disco,Remember In Reverse [Delicacies],Simian Mobile Disco - Remember In Reverse [Delicacies]
"2018-06-16 - Ben Klock b2b DJ Nobu @ Sónar By Night, Fira Gran Via, Sónar","https://www.mixesdb.com/w/2018-06-16_-_Ben_Klock_b2b_DJ_Nobu_@_S%C3%B3nar_By_Night,_Fira_Gran_Via,_S%C3%B3nar",,3,007,Truncate,Sparse [Sleaze],Truncate - Sparse [Sleaze]
"2018-06-16 - Ben Klock b2b DJ Nobu @ Sónar By Night, Fira Gran Via, Sónar","https://www.mixesdb.com/w/2018-06-16_-_Ben_Klock_b2b_DJ_Nobu_@_S%C3%B3nar_By_Night,_Fira_Gran_Via,_S%C3%B3nar",,4,009,Steve Stoll,PART 1 [Orbe],Steve Stoll - PART 1 [Orbe]
"2018-06-16 - Ben Klock b2b DJ Nobu @ Sónar By Night, Fira Gran Via, Sónar","https://www.mixesdb.com/w/2018-06-16_-_Ben_Klock_b2b_DJ_Nobu_@_S%C3%B3nar_By_Night,_Fira_Gran_Via,_S%C3%B3nar",,5,013,Cncpt,Foreign Drum Sequence 2 [Modularz - MOD 23],Cncpt - Foreign Drum Sequence 2 [Modularz - MOD 23]
"2018-06-16 - Ben Klock b2b DJ Nobu @ Sónar By Night, Fira Gran Via, Sónar","https://www.mixesdb.com/w/2018-06-16_-_Ben_Klock_b2b_DJ_Nobu_@_S%C3%B3nar_By_Night,_Fira_Gran_Via,_S%C3%B3nar",,6,017,Robert Hood,Red Machine [Dekmantel - DKMNTL 055],Robert Hood - Red Machine [Dekmantel - DKMNTL 055]
"2018-06-16 - Ben Klock b2b DJ Nobu @ Sónar By Night, Fira Gran Via, Sónar","https://www.mixesdb.com/w/2018-06-16_-_Ben_Klock_b2b_DJ_Nobu_@_S%C3%B3nar_By_Night,_Fira_Gran_Via,_S%C3%B3nar",,7,020,Diego Amura,Automa [MindTrip - MT 15],Diego Amura - Automa [MindTrip - MT 15]
"2018-06-16 - Ben Klock b2b DJ Nobu @ Sónar By Night, Fira Gran Via, Sónar","https://www.mixesdb.com/w/2018-06-16_-_Ben_Klock_b2b_DJ_Nobu_@_S%C3%B3nar_By_Night,_Fira_Gran_Via,_S%C3%B3nar",,8,024,Abstract Division,Immersion [Dynamic Reflection - DREF 028],Abstract Division - Immersion [Dynamic Reflection - DREF 028]
"2018-06-16 - Ben Klock b2b DJ Nobu @ Sónar By Night, Fira Gran Via, Sónar","https://www.mixesdb.com/w/2018-06-16_-_Ben_Klock_b2b_DJ_Nobu_@_S%C3%B3nar_By_Night,_Fira_Gran_Via,_S%C3%B3nar",,9,027,Aiken,Inductive [Timeline - TL 003],Aiken - Inductive [Timeline - TL 003]
"2018-06-16 - Ben Klock b2b DJ Nobu @ Sónar By Night, Fira Gran Via, Sónar","https://www.mixesdb.com/w/2018-06-16_-_Ben_Klock_b2b_DJ_Nobu_@_S%C3%B3nar_By_Night,_Fira_Gran_Via,_S%C3%B3nar",,10,032,Joton,Antioquia III [Odd Even - EVENODD 003],Joton - Antioquia III [Odd Even - EVENODD 003]
"2018-06-16 - Ben Klock b2b DJ Nobu @ Sónar By Night, Fira Gran Via, Sónar","https://www.mixesdb.com/w/2018-06-16_-_Ben_Klock_b2b_DJ_Nobu_@_S%C3%B3nar_By_Night,_Fira_Gran_Via,_S%C3%B3nar",,11,033,Tensal,Delafix [Soma],Tensal - Delafix [Soma]
"2018-06-16 - Ben Klock b2b DJ Nobu @ Sónar By Night, Fira Gran Via, Sónar","https://www.mixesdb.com/w/2018-06-16_-_Ben_Klock_b2b_DJ_Nobu_@_S%C3%B3nar_By_Night,_Fira_Gran_Via,_S%C3%B3nar",,12,035,Héctor Oaks,All This Was Fire [OAKS07],Héctor Oaks - All This Was Fire [OAKS07]
"2018-06-16 - Ben Klock b2b DJ Nobu @ Sónar By Night, Fira Gran Via, Sónar","https://www.mixesdb.com/w/2018-06-16_-_Ben_Klock_b2b_DJ_Nobu_@_S%C3%B3nar_By_Night,_Fira_Gran_Via,_S%C3%B3nar",,13,040,Regis,Purification [Downwards - DNRECD 3],Regis - Purification [Downwards - DNRECD 3]
"2018-06-16 - Ben Klock b2b DJ Nobu @ Sónar By Night, Fira Gran Via, Sónar","https://www.mixesdb.com/w/2018-06-16_-_Ben_Klock_b2b_DJ_Nobu_@_S%C3%B3nar_By_Night,_Fira_Gran_Via,_S%C3%B3nar",,14,042,Falling Apart,202 B1,Falling Apart - 202 B1
"2018-06-16 - Ben Klock b2b DJ Nobu @ Sónar By Night, Fira Gran Via, Sónar","https://www.mixesdb.com/w/2018-06-16_-_Ben_Klock_b2b_DJ_Nobu_@_S%C3%B3nar_By_Night,_Fira_Gran_Via,_S%C3%B3nar",,15,047,Gemini Voice Archive,Reflection On Existence [Soma],Gemini Voice Archive - Reflection On Existence [Soma]
"2018-06-16 - Ben Klock b2b DJ Nobu @ Sónar By Night, Fira Gran Via, Sónar","https://www.mixesdb.com/w/2018-06-16_-_Ben_Klock_b2b_DJ_Nobu_@_S%C3%B3nar_By_Night,_Fira_Gran_Via,_S%C3%B3nar",,16,049,Owen Offset,Exhale (DJ Rush Jungle Love Remix) [AA015],Owen Offset - Exhale (DJ Rush Jungle Love Remix) [AA015]
"2018-06-16 - Ben Klock b2b DJ Nobu @ Sónar By Night, Fira Gran Via, Sónar","https://www.mixesdb.com/w/2018-06-16_-_Ben_Klock_b2b_DJ_Nobu_@_S%C3%B3nar_By_Night,_Fira_Gran_Via,_S%C3%B3nar",,17,050,Rumenige,Fastfood (Takaaki Itoh Remix) [Antidandruff - UFF6.0],Rumenige - Fastfood (Takaaki Itoh Remix) [Antidandruff - UFF6.0]
"2018-06-16 - Ben Klock b2b DJ Nobu @ Sónar By Night, Fira Gran Via, Sónar","https://www.mixesdb.com/w/2018-06-16_-_Ben_Klock_b2b_DJ_Nobu_@_S%C3%B3nar_By_Night,_Fira_Gran_Via,_S%C3%B3nar",,18,060,Kwartz,Sleepless [Order & Devotion - O&D 001],Kwartz - Sleepless [Order & Devotion - O&D 001]
"2018-06-16 - Ben Klock b2b DJ Nobu @ Sónar By Night, Fira Gran Via, Sónar","https://www.mixesdb.com/w/2018-06-16_-_Ben_Klock_b2b_DJ_Nobu_@_S%C3%B3nar_By_Night,_Fira_Gran_Via,_S%C3%B3nar",,19,065,Paul Johnson,Aww Shit [Chiwax - CPJTX 001],Paul Johnson - Aww Shit [Chiwax - CPJTX 001]
"2018-06-16 - Ben Klock b2b DJ Nobu @ Sónar By Night, Fira Gran Via, Sónar","https://www.mixesdb.com/w/2018-06-16_-_Ben_Klock_b2b_DJ_Nobu_@_S%C3%B3nar_By_Night,_Fira_Gran_Via,_S%C3%B3nar",,20,069,Volte-Face,Blatchington Mill (Wata Igarashi's Stairway Remix) [BLEED008],Volte-Face - Blatchington Mill (Wata Igarashi's Stairway Remix) [BLEED008]
"2018-06-16 - Ben Klock b2b DJ Nobu @ Sónar By Night, Fira Gran Via, Sónar","https://www.mixesdb.com/w/2018-06-16_-_Ben_Klock_b2b_DJ_Nobu_@_S%C3%B3nar_By_Night,_Fira_Gran_Via,_S%C3%B3nar",,21,075,David Carretta,Vicious Game 2018 (Mark Broom V2 Remix) [GND - GN 115],David Carretta - Vicious Game 2018 (Mark Broom V2 Remix) [GND - GN 115]
"2018-06-16 - Ben Klock b2b DJ Nobu @ Sónar By Night, Fira Gran Via, Sónar","https://www.mixesdb.com/w/2018-06-16_-_Ben_Klock_b2b_DJ_Nobu_@_S%C3%B3nar_By_Night,_Fira_Gran_Via,_S%C3%B3nar",,22,077,Exium,Bipolar,Exium - Bipolar
"2018-06-16 - Ben Klock b2b DJ Nobu @ Sónar By Night, Fira Gran Via, Sónar","https://www.mixesdb.com/w/2018-06-16_-_Ben_Klock_b2b_DJ_Nobu_@_S%C3%B3nar_By_Night,_Fira_Gran_Via,_S%C3%B3nar",,23,080,DJ Shufflemaster,HD4 Untitled (Len Faki Hardspace Mix) [LF Remix - 007],DJ Shufflemaster - HD4 Untitled (Len Faki Hardspace Mix) [LF Remix - 007]
"2018-06-16 - Ben Klock b2b DJ Nobu @ Sónar By Night, Fira Gran Via, Sónar","https://www.mixesdb.com/w/2018-06-16_-_Ben_Klock_b2b_DJ_Nobu_@_S%C3%B3nar_By_Night,_Fira_Gran_Via,_S%C3%B3nar",,24,082,Mike Parker,Pulse Trader,Mike Parker - Pulse Trader
"2018-06-16 - Ben Klock b2b DJ Nobu @ Sónar By Night, Fira Gran Via, Sónar","https://www.mixesdb.com/w/2018-06-16_-_Ben_Klock_b2b_DJ_Nobu_@_S%C3%B3nar_By_Night,_Fira_Gran_Via,_S%C3%B3nar",,25,086,Scorp,New Energy [SCORP - 004],Scorp - New Energy [SCORP - 004]
"2018-06-16 - Ben Klock b2b DJ Nobu @ Sónar By Night, Fira Gran Via, Sónar","https://www.mixesdb.com/w/2018-06-16_-_Ben_Klock_b2b_DJ_Nobu_@_S%C3%B3nar_By_Night,_Fira_Gran_Via,_S%C3%B3nar",,26,089,Morgan,Flowerchild [Synewave - 36],Morgan - Flowerchild [Synewave - 36]
"2018-06-16 - Ben Klock b2b DJ Nobu @ Sónar By Night, Fira Gran Via, Sónar","https://www.mixesdb.com/w/2018-06-16_-_Ben_Klock_b2b_DJ_Nobu_@_S%C3%B3nar_By_Night,_Fira_Gran_Via,_S%C3%B3nar",,27,093,DJ Dextro,Epitafio [Naked Lunch - NLD 429],DJ Dextro - Epitafio [Naked Lunch - NLD 429]
"2018-06-16 - Ben Klock b2b DJ Nobu @ Sónar By Night, Fira Gran Via, Sónar","https://www.mixesdb.com/w/2018-06-16_-_Ben_Klock_b2b_DJ_Nobu_@_S%C3%B3nar_By_Night,_Fira_Gran_Via,_S%C3%B3nar",,28,095,Reeko,Barcelona #3:00Am [Soma],Reeko - Barcelona #3:00Am [Soma]
"2018-06-16 - Ben Klock b2b DJ Nobu @ Sónar By Night, Fira Gran Via, Sónar","https://www.mixesdb.com/w/2018-06-16_-_Ben_Klock_b2b_DJ_Nobu_@_S%C3%B3nar_By_Night,_Fira_Gran_Via,_S%C3%B3nar",,29,099,Stanislav Tolkachev,The Fridge 6 [Rosten - 4],Stanislav Tolkachev - The Fridge 6 [Rosten - 4]
"2018-06-16 - Ben Klock b2b DJ Nobu @ Sónar By Night, Fira Gran Via, Sónar","https://www.mixesdb.com/w/2018-06-16_-_Ben_Klock_b2b_DJ_Nobu_@_S%C3%B3nar_By_Night,_Fira_Gran_Via,_S%C3%B3nar",,30,102,Sendai,Martens' Deficit [Stroboscopic Artefacts],Sendai - Martens' Deficit [Stroboscopic Artefacts]
"2018-06-16 - Ben Klock b2b DJ Nobu @ Sónar By Night, Fira Gran Via, Sónar","https://www.mixesdb.com/w/2018-06-16_-_Ben_Klock_b2b_DJ_Nobu_@_S%C3%B3nar_By_Night,_Fira_Gran_Via,_S%C3%B3nar",,31,105,DJ Deeon & DJ Funk,Let It Be House [NIT 973606],DJ Deeon & DJ Funk - Let It Be House [NIT 973606]
"2018-06-16 - Ben Klock b2b DJ Nobu @ Sónar By Night, Fira Gran Via, Sónar","https://www.mixesdb.com/w/2018-06-16_-_Ben_Klock_b2b_DJ_Nobu_@_S%C3%B3nar_By_Night,_Fira_Gran_Via,_S%C3%B3nar",,32,108,Voiski,From Sea To Sea [LIES - 036],Voiski - From Sea To Sea [LIES - 036]
"2018-06-16 - Ben Klock b2b DJ Nobu @ Sónar By Night, Fira Gran Via, Sónar","https://www.mixesdb.com/w/2018-06-16_-_Ben_Klock_b2b_DJ_Nobu_@_S%C3%B3nar_By_Night,_Fira_Gran_Via,_S%C3%B3nar",,33,112,KiNK,Five [Running Back - RBCD10DIGITAL],KiNK - Five [Running Back - RBCD10DIGITAL]
"2018-06-16 - Ben Klock b2b DJ Nobu @ Sónar By Night, Fira Gran Via, Sónar","https://www.mixesdb.com/w/2018-06-16_-_Ben_Klock_b2b_DJ_Nobu_@_S%C3%B3nar_By_Night,_Fira_Gran_Via,_S%C3%B3nar",,34,115,Echoplex,The Solar Experience [Solar Phenomena],Echoplex - The Solar Experience [Solar Phenomena]
"2018-06-16 - Ben Klock b2b DJ Nobu @ Sónar By Night, Fira Gran Via, Sónar","https://www.mixesdb.com/w/2018-06-16_-_Ben_Klock_b2b_DJ_Nobu_@_S%C3%B3nar_By_Night,_Fira_Gran_Via,_S%C3%B3nar",,35,116,Brian Eno,An Ending [EGLP 53],Brian Eno - An Ending [EGLP 53]
"2016-08-07 - Ben Klock @ Boiler Room - Dekmantel Festival Day 3, Amsterdam","https://www.mixesdb.com/w/2016-08-07_-_Ben_Klock_@_Boiler_Room_-_Dekmantel_Festival_Day_3,_Amsterdam",,1,00,John Dee,Whites Only,John Dee - Whites Only
"2016-08-07 - Ben Klock @ Boiler Room - Dekmantel Festival Day 3, Amsterdam","https://www.mixesdb.com/w/2016-08-07_-_Ben_Klock_@_Boiler_Room_-_Dekmantel_Festival_Day_3,_Amsterdam",,2,02,,?,?
"2016-08-07 - Ben Klock @ Boiler Room - Dekmantel Festival Day 3, Amsterdam","https://www.mixesdb.com/w/2016-08-07_-_Ben_Klock_@_Boiler_Room_-_Dekmantel_Festival_Day_3,_Amsterdam",,3,04,Planetary Assault Systems,Tri Fn Trp [Ostgut - LP23],Planetary Assault Systems - Tri Fn Trp [Ostgut - LP23]
"2016-08-07 - Ben Klock @ Boiler Room - Dekmantel Festival Day 3, Amsterdam","https://www.mixesdb.com/w/2016-08-07_-_Ben_Klock_@_Boiler_Room_-_Dekmantel_Festival_Day_3,_Amsterdam",,4,06,Deauwd,Litter [Float - 011],Deauwd - Litter [Float - 011]
"2016-08-07 - Ben Klock @ Boiler Room - Dekmantel Festival Day 3, Amsterdam","https://www.mixesdb.com/w/2016-08-07_-_Ben_Klock_@_Boiler_Room_-_Dekmantel_Festival_Day_3,_Amsterdam",,5,08,Aleksi Perälä,UK74R1512120,Aleksi Perälä - UK74R1512120
"2016-08-07 - Ben Klock @ Boiler Room - Dekmantel Festival Day 3, Amsterdam","https://www.mixesdb.com/w/2016-08-07_-_Ben_Klock_@_Boiler_Room_-_Dekmantel_Festival_Day_3,_Amsterdam",,6,10,Grain,Untitled (B1) [FatCat - 12FAT017],Grain - Untitled (B1) [FatCat - 12FAT017]
"2016-08-07 - Ben Klock @ Boiler Room - Dekmantel Festival Day 3, Amsterdam","https://www.mixesdb.com/w/2016-08-07_-_Ben_Klock_@_Boiler_Room_-_Dekmantel_Festival_Day_3,_Amsterdam",,7,13,DJ Bone,Shut The Lites Off [Metroplex - M-036],DJ Bone - Shut The Lites Off [Metroplex - M-036]
"2016-08-07 - Ben Klock @ Boiler Room - Dekmantel Festival Day 3, Amsterdam","https://www.mixesdb.com/w/2016-08-07_-_Ben_Klock_@_Boiler_Room_-_Dekmantel_Festival_Day_3,_Amsterdam",,8,16,"Vin Sol, MATRiXXMAN, Nick Hook U.S.",666 Wayz [Classicworks],"Vin Sol, MATRiXXMAN, Nick Hook U.S. - 666 Wayz [Classicworks]"
"2016-08-07 - Ben Klock @ Boiler Room - Dekmantel Festival Day 3, Amsterdam","https://www.mixesdb.com/w/2016-08-07_-_Ben_Klock_@_Boiler_Room_-_Dekmantel_Festival_Day_3,_Amsterdam",,9,19,JUDAΣ,Disgrace II [Arts - AC010],JUDAΣ - Disgrace II [Arts - AC010]
"2016-08-07 - Ben Klock @ Boiler Room - Dekmantel Festival Day 3, Amsterdam","https://www.mixesdb.com/w/2016-08-07_-_Ben_Klock_@_Boiler_Room_-_Dekmantel_Festival_Day_3,_Amsterdam",,10,21,Devilfish,612 [Bush],Devilfish - 612 [Bush]
"2016-08-07 - Ben Klock @ Boiler Room - Dekmantel Festival Day 3, Amsterdam","https://www.mixesdb.com/w/2016-08-07_-_Ben_Klock_@_Boiler_Room_-_Dekmantel_Festival_Day_3,_Amsterdam",,11,22,,?,?
"2016-08-07 - Ben Klock @ Boiler Room - Dekmantel Festival Day 3, Amsterdam","https://www.mixesdb.com/w/2016-08-07_-_Ben_Klock_@_Boiler_Room_-_Dekmantel_Festival_Day_3,_Amsterdam",,12,25,+ Jay Denham,Agent 6 [Holzplatten],+ Jay Denham - Agent 6 [Holzplatten]
"2016-08-07 - Ben Klock @ Boiler Room - Dekmantel Festival Day 3, Amsterdam","https://www.mixesdb.com/w/2016-08-07_-_Ben_Klock_@_Boiler_Room_-_Dekmantel_Festival_Day_3,_Amsterdam",,13,28,,?,?
"2016-08-07 - Ben Klock @ Boiler Room - Dekmantel Festival Day 3, Amsterdam","https://www.mixesdb.com/w/2016-08-07_-_Ben_Klock_@_Boiler_Room_-_Dekmantel_Festival_Day_3,_Amsterdam",,14,31,,?,?
"2016-08-07 - Ben Klock @ Boiler Room - Dekmantel Festival Day 3, Amsterdam","https://www.mixesdb.com/w/2016-08-07_-_Ben_Klock_@_Boiler_Room_-_Dekmantel_Festival_Day_3,_Amsterdam",,15,33,Andy Bowman,Silo [Gecko],Andy Bowman - Silo [Gecko]
"2016-08-07 - Ben Klock @ Boiler Room - Dekmantel Festival Day 3, Amsterdam","https://www.mixesdb.com/w/2016-08-07_-_Ben_Klock_@_Boiler_Room_-_Dekmantel_Festival_Day_3,_Amsterdam",,16,35,Dubspeeka,K375 Unfriended [Drumcode],Dubspeeka - K375 Unfriended [Drumcode]
"2016-08-07 - Ben Klock @ Boiler Room - Dekmantel Festival Day 3, Amsterdam","https://www.mixesdb.com/w/2016-08-07_-_Ben_Klock_@_Boiler_Room_-_Dekmantel_Festival_Day_3,_Amsterdam",,17,39,Elektrabel,Tyksha [Trabet],Elektrabel - Tyksha [Trabet]
"2016-08-07 - Ben Klock @ Boiler Room - Dekmantel Festival Day 3, Amsterdam","https://www.mixesdb.com/w/2016-08-07_-_Ben_Klock_@_Boiler_Room_-_Dekmantel_Festival_Day_3,_Amsterdam",,18,41,UBX127,Sprites [Figure],UBX127 - Sprites [Figure]
"2016-08-07 - Ben Klock @ Boiler Room - Dekmantel Festival Day 3, Amsterdam","https://www.mixesdb.com/w/2016-08-07_-_Ben_Klock_@_Boiler_Room_-_Dekmantel_Festival_Day_3,_Amsterdam",,19,44,Elektrabel,Daje [Subsist],Elektrabel - Daje [Subsist]
"2016-08-07 - Ben Klock @ Boiler Room - Dekmantel Festival Day 3, Amsterdam","https://www.mixesdb.com/w/2016-08-07_-_Ben_Klock_@_Boiler_Room_-_Dekmantel_Festival_Day_3,_Amsterdam",,20,48,Scan 7,The Resistance [Tresor - 255],Scan 7 - The Resistance [Tresor - 255]
"2016-08-07 - Ben Klock @ Boiler Room - Dekmantel Festival Day 3, Amsterdam","https://www.mixesdb.com/w/2016-08-07_-_Ben_Klock_@_Boiler_Room_-_Dekmantel_Festival_Day_3,_Amsterdam",,21,50,+plattform,Sour [Ploink - PL007NK],+plattform - Sour [Ploink - PL007NK]
"2016-08-07 - Ben Klock @ Boiler Room - Dekmantel Festival Day 3, Amsterdam","https://www.mixesdb.com/w/2016-08-07_-_Ben_Klock_@_Boiler_Room_-_Dekmantel_Festival_Day_3,_Amsterdam",,22,53,Troy,Flux [Klockworks - KW 20.2],Troy - Flux [Klockworks - KW 20.2]
"2016-08-07 - Ben Klock @ Boiler Room - Dekmantel Festival Day 3, Amsterdam","https://www.mixesdb.com/w/2016-08-07_-_Ben_Klock_@_Boiler_Room_-_Dekmantel_Festival_Day_3,_Amsterdam",,23,56,,?,?
"2016-08-07 - Ben Klock @ Boiler Room - Dekmantel Festival Day 3, Amsterdam","https://www.mixesdb.com/w/2016-08-07_-_Ben_Klock_@_Boiler_Room_-_Dekmantel_Festival_Day_3,_Amsterdam",,24,59,TWR72,X3 [Float - 010],TWR72 - X3 [Float - 010]
"2016-08-07 - Ben Klock @ Boiler Room - Dekmantel Festival Day 3, Amsterdam","https://www.mixesdb.com/w/2016-08-07_-_Ben_Klock_@_Boiler_Room_-_Dekmantel_Festival_Day_3,_Amsterdam",,25,63,Ritzi Lee,Intrusive [Bek - 025],Ritzi Lee - Intrusive [Bek - 025]
"2016-08-07 - Ben Klock @ Boiler Room - Dekmantel Festival Day 3, Amsterdam","https://www.mixesdb.com/w/2016-08-07_-_Ben_Klock_@_Boiler_Room_-_Dekmantel_Festival_Day_3,_Amsterdam",,26,66,Jeroen Search & Bas,They [Basic Beat - SEARCHCOL 003],Jeroen Search & Bas - They [Basic Beat - SEARCHCOL 003]
"2016-08-07 - Ben Klock @ Boiler Room - Dekmantel Festival Day 3, Amsterdam","https://www.mixesdb.com/w/2016-08-07_-_Ben_Klock_@_Boiler_Room_-_Dekmantel_Festival_Day_3,_Amsterdam",,27,68,DAF,Absolute Körperkontrolle,DAF - Absolute Körperkontrolle
"2016-08-07 - Ben Klock @ Boiler Room - Dekmantel Festival Day 3, Amsterdam","https://www.mixesdb.com/w/2016-08-07_-_Ben_Klock_@_Boiler_Room_-_Dekmantel_Festival_Day_3,_Amsterdam",,28,70,"Freddie Fresh, Tim Taylor, DJ Slip & Dan Zamani",Crazy Hats [Missile],"Freddie Fresh, Tim Taylor, DJ Slip & Dan Zamani - Crazy Hats [Missile]"
"2016-08-07 - Ben Klock @ Boiler Room - Dekmantel Festival Day 3, Amsterdam","https://www.mixesdb.com/w/2016-08-07_-_Ben_Klock_@_Boiler_Room_-_Dekmantel_Festival_Day_3,_Amsterdam",,29,73,ROD,Dubix [Klockworks - KW19],ROD - Dubix [Klockworks - KW19]
"2016-08-07 - Ben Klock @ Boiler Room - Dekmantel Festival Day 3, Amsterdam","https://www.mixesdb.com/w/2016-08-07_-_Ben_Klock_@_Boiler_Room_-_Dekmantel_Festival_Day_3,_Amsterdam",,30,75,,?,?
"2016-08-07 - Ben Klock @ Boiler Room - Dekmantel Festival Day 3, Amsterdam","https://www.mixesdb.com/w/2016-08-07_-_Ben_Klock_@_Boiler_Room_-_Dekmantel_Festival_Day_3,_Amsterdam",,31,77,Spacebuggy,Speed,Spacebuggy - Speed
"2016-08-07 - Ben Klock @ Boiler Room - Dekmantel Festival Day 3, Amsterdam","https://www.mixesdb.com/w/2016-08-07_-_Ben_Klock_@_Boiler_Room_-_Dekmantel_Festival_Day_3,_Amsterdam",,32,81,Christian Morgenstern,Miscellaneous 7 (Psyk Remix) [Konsequent - KSQ 040D],Christian Morgenstern - Miscellaneous 7 (Psyk Remix) [Konsequent - KSQ 040D]
"2016-08-07 - Ben Klock @ Boiler Room - Dekmantel Festival Day 3, Amsterdam","https://www.mixesdb.com/w/2016-08-07_-_Ben_Klock_@_Boiler_Room_-_Dekmantel_Festival_Day_3,_Amsterdam",,33,84,Alva Noto,Verrox Solphaer,Alva Noto - Verrox Solphaer
2015-10-10 - Ben Klock - Essential Mix,https://www.mixesdb.com/w/2015-10-10_-_Ben_Klock_-_Essential_Mix,,1,0:00:00,,Intro,Intro
2015-10-10 - Ben Klock - Essential Mix,https://www.mixesdb.com/w/2015-10-10_-_Ben_Klock_-_Essential_Mix,,2,0:01:56,Klaus Wiese,Tibetische Klangschalen 1 [Edition Akasha],Klaus Wiese - Tibetische Klangschalen 1 [Edition Akasha]
2015-10-10 - Ben Klock - Essential Mix,https://www.mixesdb.com/w/2015-10-10_-_Ben_Klock_-_Essential_Mix,,3,0:03:49,Josh Wink,Full Late Night [Not On Label],Josh Wink - Full Late Night [Not On Label]
2015-10-10 - Ben Klock - Essential Mix,https://www.mixesdb.com/w/2015-10-10_-_Ben_Klock_-_Essential_Mix,,4,0:06:19,Edit Select,Hi Line Extraction (Mike Parker Version) [Lanthan Audio - 001],Edit Select - Hi Line Extraction (Mike Parker Version) [Lanthan Audio - 001]
2015-10-10 - Ben Klock - Essential Mix,https://www.mixesdb.com/w/2015-10-10_-_Ben_Klock_-_Essential_Mix,,5,0:07:21,Antonio Ruscito,Seconda Immagine (Edit Select Remix) [Edit Select - 21],Antonio Ruscito - Seconda Immagine (Edit Select Remix) [Edit Select - 21]
2015-10-10 - Ben Klock - Essential Mix,https://www.mixesdb.com/w/2015-10-10_-_Ben_Klock_-_Essential_Mix,,6,0:11:22,Jeff Rushin,Coda [Mote-Evolver],Jeff Rushin - Coda [Mote-Evolver]
2015-10-10 - Ben Klock - Essential Mix,https://www.mixesdb.com/w/2015-10-10_-_Ben_Klock_-_Essential_Mix,,7,0:14:57,Pastaboys Featuring Osunlade,Deep Musique (Trus'me Spritz Mix) [Rebirth - 010],Pastaboys Featuring Osunlade - Deep Musique (Trus'me Spritz Mix) [Rebirth - 010]
2015-10-10 - Ben Klock - Essential Mix,https://www.mixesdb.com/w/2015-10-10_-_Ben_Klock_-_Essential_Mix,,8,0:18:53,Jeff Rushin,Enigma [Mote-Evolver - 044],Jeff Rushin - Enigma [Mote-Evolver - 044]
2015-10-10 - Ben Klock - Essential Mix,https://www.mixesdb.com/w/2015-10-10_-_Ben_Klock_-_Essential_Mix,,9,0??,Juxta Position,Sweatbox [Mistress - HU-MR07-SH],Juxta Position - Sweatbox [Mistress - HU-MR07-SH]
2015-10-10 - Ben Klock - Essential Mix,https://www.mixesdb.com/w/2015-10-10_-_Ben_Klock_-_Essential_Mix,,10,0??,Jeroen Search,Untitled [White],Jeroen Search - Untitled [White]
2015-10-10 - Ben Klock - Essential Mix,https://www.mixesdb.com/w/2015-10-10_-_Ben_Klock_-_Essential_Mix,,11,0??,Museum,Septem F [Marcel Dettmann - 21],Museum - Septem F [Marcel Dettmann - 21]
2015-10-10 - Ben Klock - Essential Mix,https://www.mixesdb.com/w/2015-10-10_-_Ben_Klock_-_Essential_Mix,,12,0??,DJ Dozia,Pop Culture (Ambivalent's Culture Mix) [Ovum - 260],DJ Dozia - Pop Culture (Ambivalent's Culture Mix) [Ovum - 260]
2015-10-10 - Ben Klock - Essential Mix,https://www.mixesdb.com/w/2015-10-10_-_Ben_Klock_-_Essential_Mix,,13,035,Spencer Parker,Rights For Men [Work Them - 018],Spencer Parker - Rights For Men [Work Them - 018]
2015-10-10 - Ben Klock - Essential Mix,https://www.mixesdb.com/w/2015-10-10_-_Ben_Klock_-_Essential_Mix,,14,0??,Shinedoe,Inside Your Mind [Intacto],Shinedoe - Inside Your Mind [Intacto]
2015-10-10 - Ben Klock - Essential Mix,https://www.mixesdb.com/w/2015-10-10_-_Ben_Klock_-_Essential_Mix,,15,0??,MBC,Untitled Too [Lessismorecordings],MBC - Untitled Too [Lessismorecordings]
2015-10-10 - Ben Klock - Essential Mix,https://www.mixesdb.com/w/2015-10-10_-_Ben_Klock_-_Essential_Mix,,16,0??,Spencer Parker,Silly Club Song No. 2 [Rekids],Spencer Parker - Silly Club Song No. 2 [Rekids]
2015-10-10 - Ben Klock - Essential Mix,https://www.mixesdb.com/w/2015-10-10_-_Ben_Klock_-_Essential_Mix,,17,043,Yotam Avni,This Is How (Sterac Remix) [Ovum - OVM-259],Yotam Avni - This Is How (Sterac Remix) [Ovum - OVM-259]
2015-10-10 - Ben Klock - Essential Mix,https://www.mixesdb.com/w/2015-10-10_-_Ben_Klock_-_Essential_Mix,,18,0??,Yotam Avni,This Is How [Ovum],Yotam Avni - This Is How [Ovum]
2015-10-10 - Ben Klock - Essential Mix,https://www.mixesdb.com/w/2015-10-10_-_Ben_Klock_-_Essential_Mix,,19,053,Planetary Assault Systems,Twelve [Peacefrog - PFG 008DA],Planetary Assault Systems - Twelve [Peacefrog - PFG 008DA]
2015-10-10 - Ben Klock - Essential Mix,https://www.mixesdb.com/w/2015-10-10_-_Ben_Klock_-_Essential_Mix,,20,054,Mike Dunn,Dance You Mutha (Ju Edit) [White],Mike Dunn - Dance You Mutha (Ju Edit) [White]
2015-10-10 - Ben Klock - Essential Mix,https://www.mixesdb.com/w/2015-10-10_-_Ben_Klock_-_Essential_Mix,,21,0??,Orgue Electronique Feat. Robert Owen,Our House (DJ TLR Remix) [Crème Organization],Orgue Electronique Feat. Robert Owen - Our House (DJ TLR Remix) [Crème Organization]
2015-10-10 - Ben Klock - Essential Mix,https://www.mixesdb.com/w/2015-10-10_-_Ben_Klock_-_Essential_Mix,,22,0??,Cajmere Feat. Derrick Carter,Wet Dream (Ju Edit) [White],Cajmere Feat. Derrick Carter - Wet Dream (Ju Edit) [White]
2015-10-10 - Ben Klock - Essential Mix,https://www.mixesdb.com/w/2015-10-10_-_Ben_Klock_-_Essential_Mix,,23,068,Drew Sky,Pressure Point [Chiwax - CCE 004],Drew Sky - Pressure Point [Chiwax - CCE 004]
2015-10-10 - Ben Klock - Essential Mix,https://www.mixesdb.com/w/2015-10-10_-_Ben_Klock_-_Essential_Mix,,24,0??,Inner City,Ahnonghay (Carl Craig Remix) [Music Man],Inner City - Ahnonghay (Carl Craig Remix) [Music Man]
2015-10-10 - Ben Klock - Essential Mix,https://www.mixesdb.com/w/2015-10-10_-_Ben_Klock_-_Essential_Mix,,25,0??,Fanon Flowers,From East To West Part 1 [Automat],Fanon Flowers - From East To West Part 1 [Automat]
2015-10-10 - Ben Klock - Essential Mix,https://www.mixesdb.com/w/2015-10-10_-_Ben_Klock_-_Essential_Mix,,26,078,Orlando Voorn,In Da Jungle (Chocolate Puma Miami Cut) [Big & Dirty - BADRD 037],Orlando Voorn - In Da Jungle (Chocolate Puma Miami Cut) [Big & Dirty - BADRD 037]
2015-10-10 - Ben Klock - Essential Mix,https://www.mixesdb.com/w/2015-10-10_-_Ben_Klock_-_Essential_Mix,,27,081,Woody McBride,All Night (Techno Mix) [Subspec],Woody McBride - All Night (Techno Mix) [Subspec]
2015-10-10 - Ben Klock - Essential Mix,https://www.mixesdb.com/w/2015-10-10_-_Ben_Klock_-_Essential_Mix,,28,0??,Dax J,The Invisible Man [Monnom Black - 009],Dax J - The Invisible Man [Monnom Black - 009]
2015-10-10 - Ben Klock - Essential Mix,https://www.mixesdb.com/w/2015-10-10_-_Ben_Klock_-_Essential_Mix,,29,0??,Stranger,Untitled (B1) [Paling Trax],Stranger - Untitled (B1) [Paling Trax]
2015-10-10 - Ben Klock - Essential Mix,https://www.mixesdb.com/w/2015-10-10_-_Ben_Klock_-_Essential_Mix,,30,0??,Dirty Basscore,Mbass [Credo - 030],Dirty Basscore - Mbass [Credo - 030]
2015-10-10 - Ben Klock - Essential Mix,https://www.mixesdb.com/w/2015-10-10_-_Ben_Klock_-_Essential_Mix,,31,095,Mikael Jonasson,Quatar (Audio Injection Remix) [Ground Factory - GF 049],Mikael Jonasson - Quatar (Audio Injection Remix) [Ground Factory - GF 049]
2015-10-10 - Ben Klock - Essential Mix,https://www.mixesdb.com/w/2015-10-10_-_Ben_Klock_-_Essential_Mix,,32,100,Mathew Jonson,Marionette (The Beginning) [Wagon Repair],Mathew Jonson - Marionette (The Beginning) [Wagon Repair]
2015-10-10 - Ben Klock - Essential Mix,https://www.mixesdb.com/w/2015-10-10_-_Ben_Klock_-_Essential_Mix,,33,106,Fuse,Substance Abuse (Barem Remix) [Plus 8 - 100],Fuse - Substance Abuse (Barem Remix) [Plus 8 - 100]
2015-10-10 - Ben Klock - Essential Mix,https://www.mixesdb.com/w/2015-10-10_-_Ben_Klock_-_Essential_Mix,,34,109,Cassegrain & Tin Man,Window Window [Infrastructure New York - INF 019],Cassegrain & Tin Man - Window Window [Infrastructure New York - INF 019]
2015-10-10 - Ben Klock - Essential Mix,https://www.mixesdb.com/w/2015-10-10_-_Ben_Klock_-_Essential_Mix,,35,113,Members Of Mayday,MOM [Electric Kingdom],Members Of Mayday - MOM [Electric Kingdom]
2015-10-10 - Ben Klock - Essential Mix,https://www.mixesdb.com/w/2015-10-10_-_Ben_Klock_-_Essential_Mix,,36,11?,Envoy,Dark Manoeuvres [Soma Quality],Envoy - Dark Manoeuvres [Soma Quality]
2015-10-10 - Ben Klock - Essential Mix,https://www.mixesdb.com/w/2015-10-10_-_Ben_Klock_-_Essential_Mix,,37,11?,Klaus Wiese,Tibetische Klangschalen 1 [Edition Akasha],Klaus Wiese - Tibetische Klangschalen 1 [Edition Akasha]
2013-07-28 - Ben Klock @ Tomorrowland,https://www.mixesdb.com/w/2013-07-28_-_Ben_Klock_@_Tomorrowland,,1,00,,? (Truncate ?),? (Truncate ?)
2013-07-28 - Ben Klock @ Tomorrowland,https://www.mixesdb.com/w/2013-07-28_-_Ben_Klock_@_Tomorrowland,,2,02,Steve Rachmad,? [Unreleased],Steve Rachmad - ? [Unreleased]
2013-07-28 - Ben Klock @ Tomorrowland,https://www.mixesdb.com/w/2013-07-28_-_Ben_Klock_@_Tomorrowland,,3,04,,?,?
2013-07-28 - Ben Klock @ Tomorrowland,https://www.mixesdb.com/w/2013-07-28_-_Ben_Klock_@_Tomorrowland,,4,06,Sleeparchive,4 [Tresor - 260],Sleeparchive - 4 [Tresor - 260]
2013-07-28 - Ben Klock @ Tomorrowland,https://www.mixesdb.com/w/2013-07-28_-_Ben_Klock_@_Tomorrowland,,5,08,,?,?
2013-07-28 - Ben Klock @ Tomorrowland,https://www.mixesdb.com/w/2013-07-28_-_Ben_Klock_@_Tomorrowland,,6,13,Speedy J,Shoegaze (Edict Select Dub Mix),Speedy J - Shoegaze (Edict Select Dub Mix)
2013-07-28 - Ben Klock @ Tomorrowland,https://www.mixesdb.com/w/2013-07-28_-_Ben_Klock_@_Tomorrowland,,7,16,Damon Wild,Avion (Marcel Dettmann Mdr Remix),Damon Wild - Avion (Marcel Dettmann Mdr Remix)
2013-07-28 - Ben Klock @ Tomorrowland,https://www.mixesdb.com/w/2013-07-28_-_Ben_Klock_@_Tomorrowland,,8,18,,?,?
2013-07-28 - Ben Klock @ Tomorrowland,https://www.mixesdb.com/w/2013-07-28_-_Ben_Klock_@_Tomorrowland,,9,21,Markus Suckut,False,Markus Suckut - False
2013-07-28 - Ben Klock @ Tomorrowland,https://www.mixesdb.com/w/2013-07-28_-_Ben_Klock_@_Tomorrowland,,10,23,Robert Hood,One Touch (Mark Broom Edit),Robert Hood - One Touch (Mark Broom Edit)
2013-07-28 - Ben Klock @ Tomorrowland,https://www.mixesdb.com/w/2013-07-28_-_Ben_Klock_@_Tomorrowland,,11,25,Je Davu,I Zebra,Je Davu - I Zebra
2013-07-28 - Ben Klock @ Tomorrowland,https://www.mixesdb.com/w/2013-07-28_-_Ben_Klock_@_Tomorrowland,,12,29,Lex Gorrie,Unknown (Developer Remix 1),Lex Gorrie - Unknown (Developer Remix 1)
2013-07-28 - Ben Klock @ Tomorrowland,https://www.mixesdb.com/w/2013-07-28_-_Ben_Klock_@_Tomorrowland,,13,33,Joe Cocherell,Commerce Above All Else,Joe Cocherell - Commerce Above All Else
2013-07-28 - Ben Klock @ Tomorrowland,https://www.mixesdb.com/w/2013-07-28_-_Ben_Klock_@_Tomorrowland,,14,36,Jeroen search,Remains﻿,Jeroen search - Remains﻿
2013-07-28 - Ben Klock @ Tomorrowland,https://www.mixesdb.com/w/2013-07-28_-_Ben_Klock_@_Tomorrowland,,15,40,,?,?
2013-07-28 - Ben Klock @ Tomorrowland,https://www.mixesdb.com/w/2013-07-28_-_Ben_Klock_@_Tomorrowland,,16,42,,?,?
2013-07-28 - Ben Klock @ Tomorrowland,https://www.mixesdb.com/w/2013-07-28_-_Ben_Klock_@_Tomorrowland,,17,46,Mark Broom,Two,Mark Broom - Two
2013-07-28 - Ben Klock @ Tomorrowland,https://www.mixesdb.com/w/2013-07-28_-_Ben_Klock_@_Tomorrowland,,18,50,.Xtrak,Multiplexor,.Xtrak - Multiplexor
2013-07-28 - Ben Klock @ Tomorrowland,https://www.mixesdb.com/w/2013-07-28_-_Ben_Klock_@_Tomorrowland,,19,54,Audio Injection,Deep Thought,Audio Injection - Deep Thought
2016-01-23 - Ben Klock - The Boom Room 086,https://www.mixesdb.com/w/2016-01-23_-_Ben_Klock_-_The_Boom_Room_086,,1,00,Ben Klock,Subzero [Ostgut Ton - 19],Ben Klock - Subzero [Ostgut Ton - 19]
2016-01-23 - Ben Klock - The Boom Room 086,https://www.mixesdb.com/w/2016-01-23_-_Ben_Klock_-_The_Boom_Room_086,,2,05,Kerri Chandler,Pong (Bones & Strings Rework) [Deeply Rooted House - DRH018R],Kerri Chandler - Pong (Bones & Strings Rework) [Deeply Rooted House - DRH018R]
2016-01-23 - Ben Klock - The Boom Room 086,https://www.mixesdb.com/w/2016-01-23_-_Ben_Klock_-_The_Boom_Room_086,,3,12,Dettmann & Klock,Dawning [Ostgut Ton - O-TON 01],Dettmann & Klock - Dawning [Ostgut Ton - O-TON 01]
2016-01-23 - Ben Klock - The Boom Room 086,https://www.mixesdb.com/w/2016-01-23_-_Ben_Klock_-_The_Boom_Room_086,,4,14,Kenny Larkin,Glob (Ben Klock Remix 1) [Planet E - PLE 65317-3],Kenny Larkin - Glob (Ben Klock Remix 1) [Planet E - PLE 65317-3]
2016-01-23 - Ben Klock - The Boom Room 086,https://www.mixesdb.com/w/2016-01-23_-_Ben_Klock_-_The_Boom_Room_086,,5,19,Telefon Tel Aviv,Immolate Yourself (Ben Klock 'Jack' Mix) [BPitch Control - BPC208],Telefon Tel Aviv - Immolate Yourself (Ben Klock 'Jack' Mix) [BPitch Control - BPC208]
"2016-07-10 - Ben Klock @ FuturFestival, Turin","https://www.mixesdb.com/w/2016-07-10_-_Ben_Klock_@_FuturFestival,_Turin",,1,00,Reus,Acid Modo,Reus - Acid Modo
"2016-07-10 - Ben Klock @ FuturFestival, Turin","https://www.mixesdb.com/w/2016-07-10_-_Ben_Klock_@_FuturFestival,_Turin",,2,04,Tensal,Effect 2,Tensal - Effect 2
"2016-07-10 - Ben Klock @ FuturFestival, Turin","https://www.mixesdb.com/w/2016-07-10_-_Ben_Klock_@_FuturFestival,_Turin",,3,07,Savas Pascalidis,Low Octane,Savas Pascalidis - Low Octane
"2016-07-10 - Ben Klock @ FuturFestival, Turin","https://www.mixesdb.com/w/2016-07-10_-_Ben_Klock_@_FuturFestival,_Turin",,4,09,Aquatrax,Artwork (Percy X Edit),Aquatrax - Artwork (Percy X Edit)
"2016-07-10 - Ben Klock @ FuturFestival, Turin","https://www.mixesdb.com/w/2016-07-10_-_Ben_Klock_@_FuturFestival,_Turin",,5,13,Ritzi Lee,Intrusive,Ritzi Lee - Intrusive
"2016-07-10 - Ben Klock @ FuturFestival, Turin","https://www.mixesdb.com/w/2016-07-10_-_Ben_Klock_@_FuturFestival,_Turin",,6,17,Dubspeeka,K375 Unfriended,Dubspeeka - K375 Unfriended
"2016-07-10 - Ben Klock @ FuturFestival, Turin","https://www.mixesdb.com/w/2016-07-10_-_Ben_Klock_@_FuturFestival,_Turin",,7,24,Yotam Avni,This Is How (Sterac Remix),Yotam Avni - This Is How (Sterac Remix)
"2016-07-10 - Ben Klock @ FuturFestival, Turin","https://www.mixesdb.com/w/2016-07-10_-_Ben_Klock_@_FuturFestival,_Turin",,8,27,James Ruskin & DVS1,Page 1,James Ruskin & DVS1 - Page 1
"2016-07-10 - Ben Klock @ FuturFestival, Turin","https://www.mixesdb.com/w/2016-07-10_-_Ben_Klock_@_FuturFestival,_Turin",,9,31,Jordan Fields,Acid Atmosphere,Jordan Fields - Acid Atmosphere
"2016-07-10 - Ben Klock @ FuturFestival, Turin","https://www.mixesdb.com/w/2016-07-10_-_Ben_Klock_@_FuturFestival,_Turin",,10,36,Ribé,Atop,Ribé - Atop
"2016-07-10 - Ben Klock @ FuturFestival, Turin","https://www.mixesdb.com/w/2016-07-10_-_Ben_Klock_@_FuturFestival,_Turin",,11,39,Data Raw,Scanner,Data Raw - Scanner
"2016-07-10 - Ben Klock @ FuturFestival, Turin","https://www.mixesdb.com/w/2016-07-10_-_Ben_Klock_@_FuturFestival,_Turin",,12,40,Truncate,Untitled B2 [Truncate - 12],Truncate - Untitled B2 [Truncate - 12]
"2009-04-17 - Ben Klock @ Berlin Calling, Petrol, Antwerp","https://www.mixesdb.com/w/2009-04-17_-_Ben_Klock_@_Berlin_Calling,_Petrol,_Antwerp",,1,00,Fever Ray,Seven (Marcel Dettmann's Voice In My Head) [Rabid - 043T],Fever Ray - Seven (Marcel Dettmann's Voice In My Head) [Rabid - 043T]
"2009-04-17 - Ben Klock @ Berlin Calling, Petrol, Antwerp","https://www.mixesdb.com/w/2009-04-17_-_Ben_Klock_@_Berlin_Calling,_Petrol,_Antwerp",,2,06,Kerri Chandler,Pong (Bones & Strings Rework) [Deeply Rooted House - DRH018R],Kerri Chandler - Pong (Bones & Strings Rework) [Deeply Rooted House - DRH018R]
"2009-04-17 - Ben Klock @ Berlin Calling, Petrol, Antwerp","https://www.mixesdb.com/w/2009-04-17_-_Ben_Klock_@_Berlin_Calling,_Petrol,_Antwerp",,3,12,Planetary Assault Systems,Temporary Suspension [Ostgut Ton - O-Ton24],Planetary Assault Systems - Temporary Suspension [Ostgut Ton - O-Ton24]
"2009-04-17 - Ben Klock @ Berlin Calling, Petrol, Antwerp","https://www.mixesdb.com/w/2009-04-17_-_Ben_Klock_@_Berlin_Calling,_Petrol,_Antwerp",,4,16,Staffan Linzatti,The World Ends With You [Stockholm - STHLM 016],Staffan Linzatti - The World Ends With You [Stockholm - STHLM 016]
"2009-04-17 - Ben Klock @ Berlin Calling, Petrol, Antwerp","https://www.mixesdb.com/w/2009-04-17_-_Ben_Klock_@_Berlin_Calling,_Petrol,_Antwerp",,5,21,,?,?
"2009-04-17 - Ben Klock @ Berlin Calling, Petrol, Antwerp","https://www.mixesdb.com/w/2009-04-17_-_Ben_Klock_@_Berlin_Calling,_Petrol,_Antwerp",,6,24,Marc Romboy vs Chelonis R. Jones,The Beat (Robert Hood Remix) [Systematic - SYST0008-3],Marc Romboy vs Chelonis R. Jones - The Beat (Robert Hood Remix) [Systematic - SYST0008-3]
"2009-04-17 - Ben Klock @ Berlin Calling, Petrol, Antwerp","https://www.mixesdb.com/w/2009-04-17_-_Ben_Klock_@_Berlin_Calling,_Petrol,_Antwerp",,7,29,Milton Bradley,Minus 126 In Berlin [Do Not Resist The Beat! - BEAT 01],Milton Bradley - Minus 126 In Berlin [Do Not Resist The Beat! - BEAT 01]
"2009-04-17 - Ben Klock @ Berlin Calling, Petrol, Antwerp","https://www.mixesdb.com/w/2009-04-17_-_Ben_Klock_@_Berlin_Calling,_Petrol,_Antwerp",,8,32,Delano Smith,Trans [Third Ear - 3EEP-099],Delano Smith - Trans [Third Ear - 3EEP-099]
"2009-04-17 - Ben Klock @ Berlin Calling, Petrol, Antwerp","https://www.mixesdb.com/w/2009-04-17_-_Ben_Klock_@_Berlin_Calling,_Petrol,_Antwerp",,9,38,Joris Voorn,MPX_309 [Green - GR02],Joris Voorn - MPX_309 [Green - GR02]
"2009-04-17 - Ben Klock @ Berlin Calling, Petrol, Antwerp","https://www.mixesdb.com/w/2009-04-17_-_Ben_Klock_@_Berlin_Calling,_Petrol,_Antwerp",,10,42,Ben Klock,Viscoplastic [Deeply Rooted House - DRH028],Ben Klock - Viscoplastic [Deeply Rooted House - DRH028]
"2009-04-17 - Ben Klock @ Berlin Calling, Petrol, Antwerp","https://www.mixesdb.com/w/2009-04-17_-_Ben_Klock_@_Berlin_Calling,_Petrol,_Antwerp",,11,46,,?,?
"2009-04-17 - Ben Klock @ Berlin Calling, Petrol, Antwerp","https://www.mixesdb.com/w/2009-04-17_-_Ben_Klock_@_Berlin_Calling,_Petrol,_Antwerp",,12,50,Matt Nordstrom,Lucky Drawls [Saved - 027],Matt Nordstrom - Lucky Drawls [Saved - 027]
"2009-04-17 - Ben Klock @ Berlin Calling, Petrol, Antwerp","https://www.mixesdb.com/w/2009-04-17_-_Ben_Klock_@_Berlin_Calling,_Petrol,_Antwerp",,13,55,,?,?
2016-10-20 - Ben Klock - Mixmag Presents (Mixmag 11/16),https://www.mixesdb.com/w/2016-10-20_-_Ben_Klock_-_Mixmag_Presents_(Mixmag_11/16),,1,,Tin Man,VerityAcid,Tin Man - VerityAcid
2016-10-20 - Ben Klock - Mixmag Presents (Mixmag 11/16),https://www.mixesdb.com/w/2016-10-20_-_Ben_Klock_-_Mixmag_Presents_(Mixmag_11/16),,2,,Sector Y,Sentient,Sector Y - Sentient
2016-10-20 - Ben Klock - Mixmag Presents (Mixmag 11/16),https://www.mixesdb.com/w/2016-10-20_-_Ben_Klock_-_Mixmag_Presents_(Mixmag_11/16),,3,,Oscar Mulero,Spatial Sequence Synesthesia,Oscar Mulero - Spatial Sequence Synesthesia
2016-10-20 - Ben Klock - Mixmag Presents (Mixmag 11/16),https://www.mixesdb.com/w/2016-10-20_-_Ben_Klock_-_Mixmag_Presents_(Mixmag_11/16),,4,,Nick Hook & Vin Sol & Matrixxman,666 Wayz (Instrumental),Nick Hook & Vin Sol & Matrixxman - 666 Wayz (Instrumental)
2016-10-20 - Ben Klock - Mixmag Presents (Mixmag 11/16),https://www.mixesdb.com/w/2016-10-20_-_Ben_Klock_-_Mixmag_Presents_(Mixmag_11/16),,5,,Jordan Fields,Acid Atmosphere,Jordan Fields - Acid Atmosphere
2016-10-20 - Ben Klock - Mixmag Presents (Mixmag 11/16),https://www.mixesdb.com/w/2016-10-20_-_Ben_Klock_-_Mixmag_Presents_(Mixmag_11/16),,6,,Jeroen Search,Untitled,Jeroen Search - Untitled
2016-10-20 - Ben Klock - Mixmag Presents (Mixmag 11/16),https://www.mixesdb.com/w/2016-10-20_-_Ben_Klock_-_Mixmag_Presents_(Mixmag_11/16),,7,,Charlotte de Witte,Trip (Remix - TWR72),Charlotte de Witte - Trip (Remix - TWR72)
2016-10-20 - Ben Klock - Mixmag Presents (Mixmag 11/16),https://www.mixesdb.com/w/2016-10-20_-_Ben_Klock_-_Mixmag_Presents_(Mixmag_11/16),,8,,Truncate,Hardware Jam 4,Truncate - Hardware Jam 4
2016-10-20 - Ben Klock - Mixmag Presents (Mixmag 11/16),https://www.mixesdb.com/w/2016-10-20_-_Ben_Klock_-_Mixmag_Presents_(Mixmag_11/16),,9,,Rødhåd,Patient Zero (Function Remix),Rødhåd - Patient Zero (Function Remix)
2016-10-20 - Ben Klock - Mixmag Presents (Mixmag 11/16),https://www.mixesdb.com/w/2016-10-20_-_Ben_Klock_-_Mixmag_Presents_(Mixmag_11/16),,10,,The Persuader,Myren,The Persuader - Myren
2016-10-20 - Ben Klock - Mixmag Presents (Mixmag 11/16),https://www.mixesdb.com/w/2016-10-20_-_Ben_Klock_-_Mixmag_Presents_(Mixmag_11/16),,11,,2 AM/FM,Desolate Cities,2 AM/FM - Desolate Cities
2016-10-20 - Ben Klock - Mixmag Presents (Mixmag 11/16),https://www.mixesdb.com/w/2016-10-20_-_Ben_Klock_-_Mixmag_Presents_(Mixmag_11/16),,12,,Tensal,Effect 2,Tensal - Effect 2
2016-10-20 - Ben Klock - Mixmag Presents (Mixmag 11/16),https://www.mixesdb.com/w/2016-10-20_-_Ben_Klock_-_Mixmag_Presents_(Mixmag_11/16),,13,,Commix,Satellite Type 2 (Marcel Dettmann Remix 2),Commix - Satellite Type 2 (Marcel Dettmann Remix 2)
2016-10-20 - Ben Klock - Mixmag Presents (Mixmag 11/16),https://www.mixesdb.com/w/2016-10-20_-_Ben_Klock_-_Mixmag_Presents_(Mixmag_11/16),,14,,Ritzi Lee,Above Is Below,Ritzi Lee - Above Is Below
2016-10-20 - Ben Klock - Mixmag Presents (Mixmag 11/16),https://www.mixesdb.com/w/2016-10-20_-_Ben_Klock_-_Mixmag_Presents_(Mixmag_11/16),,15,,James Ruskin & DVS1,Page 1,James Ruskin & DVS1 - Page 1
2009-03-01 - Ben Klock - FACT Mix 31,https://www.mixesdb.com/w/2009-03-01_-_Ben_Klock_-_FACT_Mix_31,,1,00,N/A,Variance IV (Regis Edit) [Sandwell District - SD14],N/A - Variance IV (Regis Edit) [Sandwell District - SD14]
2009-03-01 - Ben Klock - FACT Mix 31,https://www.mixesdb.com/w/2009-03-01_-_Ben_Klock_-_FACT_Mix_31,,2,04,Liquid Sky,The Darkness [Filtered Visions Digital - FVD005],Liquid Sky - The Darkness [Filtered Visions Digital - FVD005]
2009-03-01 - Ben Klock - FACT Mix 31,https://www.mixesdb.com/w/2009-03-01_-_Ben_Klock_-_FACT_Mix_31,,3,06,Shed,The Lower Upside Down (Surgeon Remix) [Ostgut Ton - o-ton20],Shed - The Lower Upside Down (Surgeon Remix) [Ostgut Ton - o-ton20]
2009-03-01 - Ben Klock - FACT Mix 31,https://www.mixesdb.com/w/2009-03-01_-_Ben_Klock_-_FACT_Mix_31,,4,09,Norman Nodge,ManMade [Marcel Dettmann - MDR 005],Norman Nodge - ManMade [Marcel Dettmann - MDR 005]
2009-03-01 - Ben Klock - FACT Mix 31,https://www.mixesdb.com/w/2009-03-01_-_Ben_Klock_-_FACT_Mix_31,,5,12,Bandulu,Episode 07 [Foundation Sound Works - FD 002],Bandulu - Episode 07 [Foundation Sound Works - FD 002]
2009-03-01 - Ben Klock - FACT Mix 31,https://www.mixesdb.com/w/2009-03-01_-_Ben_Klock_-_FACT_Mix_31,,6,15,The Mole,Ain't The Way It's Supposed To Be [Wagon Repair - WAG 038LP],The Mole - Ain't The Way It's Supposed To Be [Wagon Repair - WAG 038LP]
2009-03-01 - Ben Klock - FACT Mix 31,https://www.mixesdb.com/w/2009-03-01_-_Ben_Klock_-_FACT_Mix_31,,7,20,Surgeon,Prowler [Counterbalance - CBX008],Surgeon - Prowler [Counterbalance - CBX008]
2009-03-01 - Ben Klock - FACT Mix 31,https://www.mixesdb.com/w/2009-03-01_-_Ben_Klock_-_FACT_Mix_31,,8,22,Omar S,Busaru Beats [Sound Signature - SS034],Omar S - Busaru Beats [Sound Signature - SS034]
2009-03-01 - Ben Klock - FACT Mix 31,https://www.mixesdb.com/w/2009-03-01_-_Ben_Klock_-_FACT_Mix_31,,9,25,Ben Klock,Grip [Ostgut Ton - OSTGUTLP03],Ben Klock - Grip [Ostgut Ton - OSTGUTLP03]
2009-03-01 - Ben Klock - FACT Mix 31,https://www.mixesdb.com/w/2009-03-01_-_Ben_Klock_-_FACT_Mix_31,,10,28,Levon Vincent,Six Figures [Novel Sound - NS02],Levon Vincent - Six Figures [Novel Sound - NS02]
2009-03-01 - Ben Klock - FACT Mix 31,https://www.mixesdb.com/w/2009-03-01_-_Ben_Klock_-_FACT_Mix_31,,11,30,Staffan Linzatti,See [Stockholm LTD - STHLM LTD 016],Staffan Linzatti - See [Stockholm LTD - STHLM LTD 016]
2009-03-01 - Ben Klock - FACT Mix 31,https://www.mixesdb.com/w/2009-03-01_-_Ben_Klock_-_FACT_Mix_31,,12,32,Steve Stoll,Untitled (B) [Proper N.Y.C. - PROPS 036],Steve Stoll - Untitled (B) [Proper N.Y.C. - PROPS 036]
2009-03-01 - Ben Klock - FACT Mix 31,https://www.mixesdb.com/w/2009-03-01_-_Ben_Klock_-_FACT_Mix_31,,13,35,Norman Nodge,Rush [Marcel Dettmann - MDR 005],Norman Nodge - Rush [Marcel Dettmann - MDR 005]
2009-03-01 - Ben Klock - FACT Mix 31,https://www.mixesdb.com/w/2009-03-01_-_Ben_Klock_-_FACT_Mix_31,,14,36,Ben Klock,Before One [Ostgut Ton - o-ton19],Ben Klock - Before One [Ostgut Ton - o-ton19]
2009-03-01 - Ben Klock - FACT Mix 31,https://www.mixesdb.com/w/2009-03-01_-_Ben_Klock_-_FACT_Mix_31,,15,41,Booka Shade,Sweet Lies (Radio Slave Remix) [Get Physical - GPMDS002],Booka Shade - Sweet Lies (Radio Slave Remix) [Get Physical - GPMDS002]
2009-03-01 - Ben Klock - FACT Mix 31,https://www.mixesdb.com/w/2009-03-01_-_Ben_Klock_-_FACT_Mix_31,,16,47,Marcel Dettmann,Untitled [Unreleased],Marcel Dettmann - Untitled [Unreleased]
2009-03-01 - Ben Klock - FACT Mix 31,https://www.mixesdb.com/w/2009-03-01_-_Ben_Klock_-_FACT_Mix_31,,17,50,KiNK,Blueprint [Hour House Is Your Rush - HHYR2],KiNK - Blueprint [Hour House Is Your Rush - HHYR2]
2009-03-01 - Ben Klock - FACT Mix 31,https://www.mixesdb.com/w/2009-03-01_-_Ben_Klock_-_FACT_Mix_31,,18,55,Roman Lindau,Simplicity [Fachwerk - FW 007],Roman Lindau - Simplicity [Fachwerk - FW 007]
2024-02-13 - Ben Klock - Bassiani Podcast 200,https://www.mixesdb.com/w/2024-02-13_-_Ben_Klock_-_Bassiani_Podcast_200,,1,00,Jonas Kopp,N0n H0p3,Jonas Kopp - N0n H0p3
2024-02-13 - Ben Klock - Bassiani Podcast 200,https://www.mixesdb.com/w/2024-02-13_-_Ben_Klock_-_Bassiani_Podcast_200,,2,03,Franz Jäger,Timewriters [Franz Jäger],Franz Jäger - Timewriters [Franz Jäger]
2024-02-13 - Ben Klock - Bassiani Podcast 200,https://www.mixesdb.com/w/2024-02-13_-_Ben_Klock_-_Bassiani_Podcast_200,,3,05,Marco Shuttle,Endless Vanishing Point [MSP01],Marco Shuttle - Endless Vanishing Point [MSP01]
2024-02-13 - Ben Klock - Bassiani Podcast 200,https://www.mixesdb.com/w/2024-02-13_-_Ben_Klock_-_Bassiani_Podcast_200,,4,07,Kameliia,Beyond [AMOTIK],Kameliia - Beyond [AMOTIK]
2024-02-13 - Ben Klock - Bassiani Podcast 200,https://www.mixesdb.com/w/2024-02-13_-_Ben_Klock_-_Bassiani_Podcast_200,,5,10,,?,?
2024-02-13 - Ben Klock - Bassiani Podcast 200,https://www.mixesdb.com/w/2024-02-13_-_Ben_Klock_-_Bassiani_Podcast_200,,6,13,Klint,Paranoia Sketch,Klint - Paranoia Sketch
2024-02-13 - Ben Klock - Bassiani Podcast 200,https://www.mixesdb.com/w/2024-02-13_-_Ben_Klock_-_Bassiani_Podcast_200,,7,17,Quelza,We Will Go Further Than Ten Thousand Stars,Quelza - We Will Go Further Than Ten Thousand Stars
2024-02-13 - Ben Klock - Bassiani Podcast 200,https://www.mixesdb.com/w/2024-02-13_-_Ben_Klock_-_Bassiani_Podcast_200,,8,20,Bleak,Hunting Nightmares [Uncage],Bleak - Hunting Nightmares [Uncage]
2024-02-13 - Ben Klock - Bassiani Podcast 200,https://www.mixesdb.com/w/2024-02-13_-_Ben_Klock_-_Bassiani_Podcast_200,,9,24,Ribé & Roll Dann,Demencia [Klockworks],Ribé & Roll Dann - Demencia [Klockworks]
2024-02-13 - Ben Klock - Bassiani Podcast 200,https://www.mixesdb.com/w/2024-02-13_-_Ben_Klock_-_Bassiani_Podcast_200,,10,27,Ignez,Telomere [Somov],Ignez - Telomere [Somov]
2024-02-13 - Ben Klock - Bassiani Podcast 200,https://www.mixesdb.com/w/2024-02-13_-_Ben_Klock_-_Bassiani_Podcast_200,,11,31,,?,?
2024-02-13 - Ben Klock - Bassiani Podcast 200,https://www.mixesdb.com/w/2024-02-13_-_Ben_Klock_-_Bassiani_Podcast_200,,12,34,,?,?
2024-02-13 - Ben Klock - Bassiani Podcast 200,https://www.mixesdb.com/w/2024-02-13_-_Ben_Klock_-_Bassiani_Podcast_200,,13,37,Ben Khlifa,A Proximiter,Ben Khlifa - A Proximiter
2024-02-13 - Ben Klock - Bassiani Podcast 200,https://www.mixesdb.com/w/2024-02-13_-_Ben_Klock_-_Bassiani_Podcast_200,,14,39,Allan Gallego,Speed [Subsist],Allan Gallego - Speed [Subsist]
2024-02-13 - Ben Klock - Bassiani Podcast 200,https://www.mixesdb.com/w/2024-02-13_-_Ben_Klock_-_Bassiani_Podcast_200,,15,42,Frequency,Turn The Light [Repetitive Rhythm Research],Frequency - Turn The Light [Repetitive Rhythm Research]
2024-02-13 - Ben Klock - Bassiani Podcast 200,https://www.mixesdb.com/w/2024-02-13_-_Ben_Klock_-_Bassiani_Podcast_200,,16,46,,?,?
2024-02-13 - Ben Klock - Bassiani Podcast 200,https://www.mixesdb.com/w/2024-02-13_-_Ben_Klock_-_Bassiani_Podcast_200,,17,50,Deluka,Mind Games [SK_Eleven],Deluka - Mind Games [SK_Eleven]
2024-02-13 - Ben Klock - Bassiani Podcast 200,https://www.mixesdb.com/w/2024-02-13_-_Ben_Klock_-_Bassiani_Podcast_200,,18,53,Christoph Faust,When A Bottle Falls Down The Stairs,Christoph Faust - When A Bottle Falls Down The Stairs
2024-02-13 - Ben Klock - Bassiani Podcast 200,https://www.mixesdb.com/w/2024-02-13_-_Ben_Klock_-_Bassiani_Podcast_200,,19,57,Kaiser,Esco [MORD],Kaiser - Esco [MORD]
2024-02-13 - Ben Klock - Bassiani Podcast 200,https://www.mixesdb.com/w/2024-02-13_-_Ben_Klock_-_Bassiani_Podcast_200,,20,59,Forum,Principalities [Format],Forum - Principalities [Format]
2024-02-13 - Ben Klock - Bassiani Podcast 200,https://www.mixesdb.com/w/2024-02-13_-_Ben_Klock_-_Bassiani_Podcast_200,,21,62,Samuel L. Session,"Diaspora, Pt.1 [SLS]","Samuel L. Session - Diaspora, Pt.1 [SLS]"
2024-02-13 - Ben Klock - Bassiani Podcast 200,https://www.mixesdb.com/w/2024-02-13_-_Ben_Klock_-_Bassiani_Podcast_200,,22,64,Klint,Empire [BCCOVA06],Klint - Empire [BCCOVA06]
2024-02-13 - Ben Klock - Bassiani Podcast 200,https://www.mixesdb.com/w/2024-02-13_-_Ben_Klock_-_Bassiani_Podcast_200,,23,66,Sterac,Coin Flippers,Sterac - Coin Flippers
2024-02-13 - Ben Klock - Bassiani Podcast 200,https://www.mixesdb.com/w/2024-02-13_-_Ben_Klock_-_Bassiani_Podcast_200,,24,71,Regent,Nocta [Mutual Rytm],Regent - Nocta [Mutual Rytm]
2024-02-13 - Ben Klock - Bassiani Podcast 200,https://www.mixesdb.com/w/2024-02-13_-_Ben_Klock_-_Bassiani_Podcast_200,,25,73,Stef Mendesidis,Minore [Klockworks],Stef Mendesidis - Minore [Klockworks]
2024-02-13 - Ben Klock - Bassiani Podcast 200,https://www.mixesdb.com/w/2024-02-13_-_Ben_Klock_-_Bassiani_Podcast_200,,26,77,DJ Disrespect,Confidence (Dist Remix) [Gomboc],DJ Disrespect - Confidence (Dist Remix) [Gomboc]
2024-02-13 - Ben Klock - Bassiani Podcast 200,https://www.mixesdb.com/w/2024-02-13_-_Ben_Klock_-_Bassiani_Podcast_200,,27,78,Gareth Wild,Deviance Is Bliss (2023 Re-Edit) [Soma],Gareth Wild - Deviance Is Bliss (2023 Re-Edit) [Soma]
2024-02-13 - Ben Klock - Bassiani Podcast 200,https://www.mixesdb.com/w/2024-02-13_-_Ben_Klock_-_Bassiani_Podcast_200,,28,80,Outlier,Resilience,Outlier - Resilience
2024-02-13 - Ben Klock - Bassiani Podcast 200,https://www.mixesdb.com/w/2024-02-13_-_Ben_Klock_-_Bassiani_Podcast_200,,29,85,Kashpitzky,False Tales,Kashpitzky - False Tales
2024-02-13 - Ben Klock - Bassiani Podcast 200,https://www.mixesdb.com/w/2024-02-13_-_Ben_Klock_-_Bassiani_Podcast_200,,30,87,Tred,All Messed Up,Tred - All Messed Up
2021-01-09 - Ben Klock - Junction 2: Connections,https://www.mixesdb.com/w/2021-01-09_-_Ben_Klock_-_Junction_2:_Connections,,1,00,,?,?
2021-01-09 - Ben Klock - Junction 2: Connections,https://www.mixesdb.com/w/2021-01-09_-_Ben_Klock_-_Junction_2:_Connections,,2,03,Goldwave,Psychodelic Electric [Kanzleramt],Goldwave - Psychodelic Electric [Kanzleramt]
2021-01-09 - Ben Klock - Junction 2: Connections,https://www.mixesdb.com/w/2021-01-09_-_Ben_Klock_-_Junction_2:_Connections,,3,08,UBX127,Shifters [Oom],UBX127 - Shifters [Oom]
2021-01-09 - Ben Klock - Junction 2: Connections,https://www.mixesdb.com/w/2021-01-09_-_Ben_Klock_-_Junction_2:_Connections,,4,11,Robert Hood,The Cure [Rekids],Robert Hood - The Cure [Rekids]
2021-01-09 - Ben Klock - Junction 2: Connections,https://www.mixesdb.com/w/2021-01-09_-_Ben_Klock_-_Junction_2:_Connections,,5,15,P. Lopez,Gesture [Aeonic],P. Lopez - Gesture [Aeonic]
2021-01-09 - Ben Klock - Junction 2: Connections,https://www.mixesdb.com/w/2021-01-09_-_Ben_Klock_-_Junction_2:_Connections,,6,17,CRAVO,ID,CRAVO - ID
2021-01-09 - Ben Klock - Junction 2: Connections,https://www.mixesdb.com/w/2021-01-09_-_Ben_Klock_-_Junction_2:_Connections,,7,20,Joris Voorn,Shining (Third Nation Mix) [Sino],Joris Voorn - Shining (Third Nation Mix) [Sino]
2021-01-09 - Ben Klock - Junction 2: Connections,https://www.mixesdb.com/w/2021-01-09_-_Ben_Klock_-_Junction_2:_Connections,,8,23,Woody McBride,Obviously [Communique],Woody McBride - Obviously [Communique]
2021-01-09 - Ben Klock - Junction 2: Connections,https://www.mixesdb.com/w/2021-01-09_-_Ben_Klock_-_Junction_2:_Connections,,9,25,Roman Flügel,Pattern 8,Roman Flügel - Pattern 8
2021-01-09 - Ben Klock - Junction 2: Connections,https://www.mixesdb.com/w/2021-01-09_-_Ben_Klock_-_Junction_2:_Connections,,10,28,Deniro,Boss 303 [Trip],Deniro - Boss 303 [Trip]
2021-01-09 - Ben Klock - Junction 2: Connections,https://www.mixesdb.com/w/2021-01-09_-_Ben_Klock_-_Junction_2:_Connections,,11,30,Trunkline,Voices [Planet Rhythm],Trunkline - Voices [Planet Rhythm]
2021-01-09 - Ben Klock - Junction 2: Connections,https://www.mixesdb.com/w/2021-01-09_-_Ben_Klock_-_Junction_2:_Connections,,12,33,,?,?
2021-01-09 - Ben Klock - Junction 2: Connections,https://www.mixesdb.com/w/2021-01-09_-_Ben_Klock_-_Junction_2:_Connections,,13,35,TWR72,Summer Bod [The Archives],TWR72 - Summer Bod [The Archives]
2021-01-09 - Ben Klock - Junction 2: Connections,https://www.mixesdb.com/w/2021-01-09_-_Ben_Klock_-_Junction_2:_Connections,,14,37,Flaws,Healing [Float],Flaws - Healing [Float]
2021-01-09 - Ben Klock - Junction 2: Connections,https://www.mixesdb.com/w/2021-01-09_-_Ben_Klock_-_Junction_2:_Connections,,15,40,,?,?
2021-01-09 - Ben Klock - Junction 2: Connections,https://www.mixesdb.com/w/2021-01-09_-_Ben_Klock_-_Junction_2:_Connections,,16,43,Marcal,Suffocating [Planet Rhythm],Marcal - Suffocating [Planet Rhythm]
2021-01-09 - Ben Klock - Junction 2: Connections,https://www.mixesdb.com/w/2021-01-09_-_Ben_Klock_-_Junction_2:_Connections,,17,48,Temudo,Group Dynamics [Klockworks],Temudo - Group Dynamics [Klockworks]
2021-01-09 - Ben Klock - Junction 2: Connections,https://www.mixesdb.com/w/2021-01-09_-_Ben_Klock_-_Junction_2:_Connections,,18,51,Quazar,Confusing The Sun (Sterac aka Steve Rachmad Remix) [Superstition],Quazar - Confusing The Sun (Sterac aka Steve Rachmad Remix) [Superstition]
2021-01-09 - Ben Klock - Junction 2: Connections,https://www.mixesdb.com/w/2021-01-09_-_Ben_Klock_-_Junction_2:_Connections,,19,56,,?,?
2021-01-09 - Ben Klock - Junction 2: Connections,https://www.mixesdb.com/w/2021-01-09_-_Ben_Klock_-_Junction_2:_Connections,,20,59,Surgeon,First [Tresor],Surgeon - First [Tresor]
2021-01-09 - Ben Klock - Junction 2: Connections,https://www.mixesdb.com/w/2021-01-09_-_Ben_Klock_-_Junction_2:_Connections,,21,61,DVS1,The Five Aggregates [Axis],DVS1 - The Five Aggregates [Axis]
2018-11-16 - Ben Klock - Circoloco Radio 057,https://www.mixesdb.com/w/2018-11-16_-_Ben_Klock_-_Circoloco_Radio_057,,1,00,SRVD,Elevate [Rekids - 124],SRVD - Elevate [Rekids - 124]
2018-11-16 - Ben Klock - Circoloco Radio 057,https://www.mixesdb.com/w/2018-11-16_-_Ben_Klock_-_Circoloco_Radio_057,,2,07,,?,?
2018-11-16 - Ben Klock - Circoloco Radio 057,https://www.mixesdb.com/w/2018-11-16_-_Ben_Klock_-_Circoloco_Radio_057,,3,09,Dustin Zahn,Nameless Midnight [Rekids - RSPX07],Dustin Zahn - Nameless Midnight [Rekids - RSPX07]
2018-11-16 - Ben Klock - Circoloco Radio 057,https://www.mixesdb.com/w/2018-11-16_-_Ben_Klock_-_Circoloco_Radio_057,,4,12,Shlomi Aber,Penetrate The System [Figure - 98],Shlomi Aber - Penetrate The System [Figure - 98]
2018-11-16 - Ben Klock - Circoloco Radio 057,https://www.mixesdb.com/w/2018-11-16_-_Ben_Klock_-_Circoloco_Radio_057,,5,16,Oscar Mulero,Mindful Body [Pole - POLEGROUP031LP],Oscar Mulero - Mindful Body [Pole - POLEGROUP031LP]
2018-11-16 - Ben Klock - Circoloco Radio 057,https://www.mixesdb.com/w/2018-11-16_-_Ben_Klock_-_Circoloco_Radio_057,,6,22,Mandingo,Another Dub On Earth [Black Catalogue - BC011_101],Mandingo - Another Dub On Earth [Black Catalogue - BC011_101]
2018-11-16 - Ben Klock - Circoloco Radio 057,https://www.mixesdb.com/w/2018-11-16_-_Ben_Klock_-_Circoloco_Radio_057,,7,26,,?,?
2018-11-16 - Ben Klock - Circoloco Radio 057,https://www.mixesdb.com/w/2018-11-16_-_Ben_Klock_-_Circoloco_Radio_057,,8,29,Traxman,1990 [Factory Music Chicago - FMC001],Traxman - 1990 [Factory Music Chicago - FMC001]
2018-11-16 - Ben Klock - Circoloco Radio 057,https://www.mixesdb.com/w/2018-11-16_-_Ben_Klock_-_Circoloco_Radio_057,,9,32,Truncate,WRKTRX 3 [Truncate - 16],Truncate - WRKTRX 3 [Truncate - 16]
2018-11-16 - Ben Klock - Circoloco Radio 057,https://www.mixesdb.com/w/2018-11-16_-_Ben_Klock_-_Circoloco_Radio_057,,10,34,,?,?
2018-11-16 - Ben Klock - Circoloco Radio 057,https://www.mixesdb.com/w/2018-11-16_-_Ben_Klock_-_Circoloco_Radio_057,,11,38,Oscar Mulero,Gas (Substance Remix) [Granulart - GR012],Oscar Mulero - Gas (Substance Remix) [Granulart - GR012]
2018-11-16 - Ben Klock - Circoloco Radio 057,https://www.mixesdb.com/w/2018-11-16_-_Ben_Klock_-_Circoloco_Radio_057,,12,43,Coyu & Green Velvet,The Last Generation (Original Mix) [Suara],Coyu & Green Velvet - The Last Generation (Original Mix) [Suara]
2018-11-16 - Ben Klock - Circoloco Radio 057,https://www.mixesdb.com/w/2018-11-16_-_Ben_Klock_-_Circoloco_Radio_057,,13,46,Dold,Express Route [Blue Hour - 011],Dold - Express Route [Blue Hour - 011]
2018-11-16 - Ben Klock - Circoloco Radio 057,https://www.mixesdb.com/w/2018-11-16_-_Ben_Klock_-_Circoloco_Radio_057,,14,50,Sebastian Kramer,Refrak [Mord - 054,Sebastian Kramer - Refrak [Mord - 054
2018-11-16 - Ben Klock - Circoloco Radio 057,https://www.mixesdb.com/w/2018-11-16_-_Ben_Klock_-_Circoloco_Radio_057,,15,53,Armando,Snare Yo Azz Off (Traxman Back To Da 90s Beat Track Rework) [Factory Music Chicago - FMC001],Armando - Snare Yo Azz Off (Traxman Back To Da 90s Beat Track Rework) [Factory Music Chicago - FMC001]
2018-11-16 - Ben Klock - Circoloco Radio 057,https://www.mixesdb.com/w/2018-11-16_-_Ben_Klock_-_Circoloco_Radio_057,,16,56,Paranoid London,Headtrack [Paranoid London - PDONLP001],Paranoid London - Headtrack [Paranoid London - PDONLP001]
2018-11-16 - Ben Klock - Circoloco Radio 057,https://www.mixesdb.com/w/2018-11-16_-_Ben_Klock_-_Circoloco_Radio_057,,17,59,Roman Poncet,Turn Down [Figure - 100],Roman Poncet - Turn Down [Figure - 100]
"2010-01-22 - Ben Klock, Steffi, Sissi @ Harry Klein, Munich","https://www.mixesdb.com/w/2010-01-22_-_Ben_Klock,_Steffi,_Sissi_@_Harry_Klein,_Munich",,1,,Kevin Gorman,Nearly (MLZ Remix),Kevin Gorman - Nearly (MLZ Remix)
"2010-01-22 - Ben Klock, Steffi, Sissi @ Harry Klein, Munich","https://www.mixesdb.com/w/2010-01-22_-_Ben_Klock,_Steffi,_Sissi_@_Harry_Klein,_Munich",,2,,19.26.1.18.5,Wunschen Brunnen,19.26.1.18.5 - Wunschen Brunnen
"2010-01-22 - Ben Klock, Steffi, Sissi @ Harry Klein, Munich","https://www.mixesdb.com/w/2010-01-22_-_Ben_Klock,_Steffi,_Sissi_@_Harry_Klein,_Munich",,3,,Margaret Dygas,37 Min To 7,Margaret Dygas - 37 Min To 7
"2010-01-22 - Ben Klock, Steffi, Sissi @ Harry Klein, Munich","https://www.mixesdb.com/w/2010-01-22_-_Ben_Klock,_Steffi,_Sissi_@_Harry_Klein,_Munich",,4,,Deepchord,Vantage Isle [DC Mix II],Deepchord - Vantage Isle [DC Mix II]
"2010-01-22 - Ben Klock, Steffi, Sissi @ Harry Klein, Munich","https://www.mixesdb.com/w/2010-01-22_-_Ben_Klock,_Steffi,_Sissi_@_Harry_Klein,_Munich",,5,,Sebastian Davidson,Things That Get Lost,Sebastian Davidson - Things That Get Lost
"2010-01-22 - Ben Klock, Steffi, Sissi @ Harry Klein, Munich","https://www.mixesdb.com/w/2010-01-22_-_Ben_Klock,_Steffi,_Sissi_@_Harry_Klein,_Munich",,6,,"Mike Dehnert, Rydell",French Lesson,"Mike Dehnert, Rydell - French Lesson"
"2010-01-22 - Ben Klock, Steffi, Sissi @ Harry Klein, Munich","https://www.mixesdb.com/w/2010-01-22_-_Ben_Klock,_Steffi,_Sissi_@_Harry_Klein,_Munich",,7,,Frozen Border,004.A,Frozen Border - 004.A
"2010-01-22 - Ben Klock, Steffi, Sissi @ Harry Klein, Munich","https://www.mixesdb.com/w/2010-01-22_-_Ben_Klock,_Steffi,_Sissi_@_Harry_Klein,_Munich",,8,,Levon Vincent,Deeper,Levon Vincent - Deeper
"2010-01-22 - Ben Klock, Steffi, Sissi @ Harry Klein, Munich","https://www.mixesdb.com/w/2010-01-22_-_Ben_Klock,_Steffi,_Sissi_@_Harry_Klein,_Munich",,9,,Roman Lindau,Adipeux,Roman Lindau - Adipeux
"2010-01-22 - Ben Klock, Steffi, Sissi @ Harry Klein, Munich","https://www.mixesdb.com/w/2010-01-22_-_Ben_Klock,_Steffi,_Sissi_@_Harry_Klein,_Munich",,10,,Sendai,System Policy (Peter Van Hoesen Remix),Sendai - System Policy (Peter Van Hoesen Remix)
"2010-01-22 - Ben Klock, Steffi, Sissi @ Harry Klein, Munich","https://www.mixesdb.com/w/2010-01-22_-_Ben_Klock,_Steffi,_Sissi_@_Harry_Klein,_Munich",,11,,Mountain People,006.1,Mountain People - 006.1
"2010-01-22 - Ben Klock, Steffi, Sissi @ Harry Klein, Munich","https://www.mixesdb.com/w/2010-01-22_-_Ben_Klock,_Steffi,_Sissi_@_Harry_Klein,_Munich",,12,,Roman Lindau,Sonnerie,Roman Lindau - Sonnerie
"2010-01-22 - Ben Klock, Steffi, Sissi @ Harry Klein, Munich","https://www.mixesdb.com/w/2010-01-22_-_Ben_Klock,_Steffi,_Sissi_@_Harry_Klein,_Munich",,13,,Silent Servant,Violencia (Function Remix),Silent Servant - Violencia (Function Remix)
"2010-01-22 - Ben Klock, Steffi, Sissi @ Harry Klein, Munich","https://www.mixesdb.com/w/2010-01-22_-_Ben_Klock,_Steffi,_Sissi_@_Harry_Klein,_Munich",,14,,Mike Dehnert,Two,Mike Dehnert - Two
"2010-01-22 - Ben Klock, Steffi, Sissi @ Harry Klein, Munich","https://www.mixesdb.com/w/2010-01-22_-_Ben_Klock,_Steffi,_Sissi_@_Harry_Klein,_Munich",,15,,Martyn,Elden St,Martyn - Elden St
"2010-01-22 - Ben Klock, Steffi, Sissi @ Harry Klein, Munich","https://www.mixesdb.com/w/2010-01-22_-_Ben_Klock,_Steffi,_Sissi_@_Harry_Klein,_Munich",,16,,,?,?
"2010-01-22 - Ben Klock, Steffi, Sissi @ Harry Klein, Munich","https://www.mixesdb.com/w/2010-01-22_-_Ben_Klock,_Steffi,_Sissi_@_Harry_Klein,_Munich",,17,,Horizontal Ground,1.1,Horizontal Ground - 1.1
"2010-01-22 - Ben Klock, Steffi, Sissi @ Harry Klein, Munich","https://www.mixesdb.com/w/2010-01-22_-_Ben_Klock,_Steffi,_Sissi_@_Harry_Klein,_Munich",,18,,Roman Lindau,Can't Fix,Roman Lindau - Can't Fix
"2010-01-22 - Ben Klock, Steffi, Sissi @ Harry Klein, Munich","https://www.mixesdb.com/w/2010-01-22_-_Ben_Klock,_Steffi,_Sissi_@_Harry_Klein,_Munich",,19,,Sendai,Rottinbaugh,Sendai - Rottinbaugh
"2010-01-22 - Ben Klock, Steffi, Sissi @ Harry Klein, Munich","https://www.mixesdb.com/w/2010-01-22_-_Ben_Klock,_Steffi,_Sissi_@_Harry_Klein,_Munich",,20,,,?,?
"2010-01-22 - Ben Klock, Steffi, Sissi @ Harry Klein, Munich","https://www.mixesdb.com/w/2010-01-22_-_Ben_Klock,_Steffi,_Sissi_@_Harry_Klein,_Munich",,21,,,?,?
"2010-01-22 - Ben Klock, Steffi, Sissi @ Harry Klein, Munich","https://www.mixesdb.com/w/2010-01-22_-_Ben_Klock,_Steffi,_Sissi_@_Harry_Klein,_Munich",,22,,,?,?
"2010-01-22 - Ben Klock, Steffi, Sissi @ Harry Klein, Munich","https://www.mixesdb.com/w/2010-01-22_-_Ben_Klock,_Steffi,_Sissi_@_Harry_Klein,_Munich",,23,,,?,?
"2010-01-22 - Ben Klock, Steffi, Sissi @ Harry Klein, Munich","https://www.mixesdb.com/w/2010-01-22_-_Ben_Klock,_Steffi,_Sissi_@_Harry_Klein,_Munich",,24,,Compass,Gliding,Compass - Gliding
"2010-01-22 - Ben Klock, Steffi, Sissi @ Harry Klein, Munich","https://www.mixesdb.com/w/2010-01-22_-_Ben_Klock,_Steffi,_Sissi_@_Harry_Klein,_Munich",,25,,19.26.1.18.5,Return To Ronto,19.26.1.18.5 - Return To Ronto
"2010-01-22 - Ben Klock, Steffi, Sissi @ Harry Klein, Munich","https://www.mixesdb.com/w/2010-01-22_-_Ben_Klock,_Steffi,_Sissi_@_Harry_Klein,_Munich",,26,,,?,?
"2010-01-22 - Ben Klock, Steffi, Sissi @ Harry Klein, Munich","https://www.mixesdb.com/w/2010-01-22_-_Ben_Klock,_Steffi,_Sissi_@_Harry_Klein,_Munich",,27,,,?,?
"2010-01-22 - Ben Klock, Steffi, Sissi @ Harry Klein, Munich","https://www.mixesdb.com/w/2010-01-22_-_Ben_Klock,_Steffi,_Sissi_@_Harry_Klein,_Munich",,28,,Sendai,Sustaining The Chain,Sendai - Sustaining The Chain
"2010-01-22 - Ben Klock, Steffi, Sissi @ Harry Klein, Munich","https://www.mixesdb.com/w/2010-01-22_-_Ben_Klock,_Steffi,_Sissi_@_Harry_Klein,_Munich",,29,,,?,?
"2010-01-22 - Ben Klock, Steffi, Sissi @ Harry Klein, Munich","https://www.mixesdb.com/w/2010-01-22_-_Ben_Klock,_Steffi,_Sissi_@_Harry_Klein,_Munich",,30,,,?,?
"2010-01-22 - Ben Klock, Steffi, Sissi @ Harry Klein, Munich","https://www.mixesdb.com/w/2010-01-22_-_Ben_Klock,_Steffi,_Sissi_@_Harry_Klein,_Munich",,31,,Samuli Kemppi,Kepit,Samuli Kemppi - Kepit
"2010-01-22 - Ben Klock, Steffi, Sissi @ Harry Klein, Munich","https://www.mixesdb.com/w/2010-01-22_-_Ben_Klock,_Steffi,_Sissi_@_Harry_Klein,_Munich",,32,,,?,?
"2010-01-22 - Ben Klock, Steffi, Sissi @ Harry Klein, Munich","https://www.mixesdb.com/w/2010-01-22_-_Ben_Klock,_Steffi,_Sissi_@_Harry_Klein,_Munich",,33,,X-Press 2,Muzik Xpress (Skylark Remix),X-Press 2 - Muzik Xpress (Skylark Remix)
"2010-01-22 - Ben Klock, Steffi, Sissi @ Harry Klein, Munich","https://www.mixesdb.com/w/2010-01-22_-_Ben_Klock,_Steffi,_Sissi_@_Harry_Klein,_Munich",,34,,,?,?
"2010-01-22 - Ben Klock, Steffi, Sissi @ Harry Klein, Munich","https://www.mixesdb.com/w/2010-01-22_-_Ben_Klock,_Steffi,_Sissi_@_Harry_Klein,_Munich",,35,,Levon Vincent,Double Jointed Sex Freak [Part 1],Levon Vincent - Double Jointed Sex Freak [Part 1]
"2010-01-22 - Ben Klock, Steffi, Sissi @ Harry Klein, Munich","https://www.mixesdb.com/w/2010-01-22_-_Ben_Klock,_Steffi,_Sissi_@_Harry_Klein,_Munich",,36,,,?,?
"2010-01-22 - Ben Klock, Steffi, Sissi @ Harry Klein, Munich","https://www.mixesdb.com/w/2010-01-22_-_Ben_Klock,_Steffi,_Sissi_@_Harry_Klein,_Munich",,37,,Black Jazz Consortium,Blacklight,Black Jazz Consortium - Blacklight
"2010-01-22 - Ben Klock, Steffi, Sissi @ Harry Klein, Munich","https://www.mixesdb.com/w/2010-01-22_-_Ben_Klock,_Steffi,_Sissi_@_Harry_Klein,_Munich",,38,,EQD,003.A,EQD - 003.A
"2010-01-22 - Ben Klock, Steffi, Sissi @ Harry Klein, Munich","https://www.mixesdb.com/w/2010-01-22_-_Ben_Klock,_Steffi,_Sissi_@_Harry_Klein,_Munich",,39,,,?,?
"2010-01-22 - Ben Klock, Steffi, Sissi @ Harry Klein, Munich","https://www.mixesdb.com/w/2010-01-22_-_Ben_Klock,_Steffi,_Sissi_@_Harry_Klein,_Munich",,40,,Shlomi Aber,Drunk'd Programmer,Shlomi Aber - Drunk'd Programmer
"2010-01-22 - Ben Klock, Steffi, Sissi @ Harry Klein, Munich","https://www.mixesdb.com/w/2010-01-22_-_Ben_Klock,_Steffi,_Sissi_@_Harry_Klein,_Munich",,41,,,?,?
"2010-01-22 - Ben Klock, Steffi, Sissi @ Harry Klein, Munich","https://www.mixesdb.com/w/2010-01-22_-_Ben_Klock,_Steffi,_Sissi_@_Harry_Klein,_Munich",,42,,Russ Denman,Mere (Kevin Gorman 3D Remix),Russ Denman - Mere (Kevin Gorman 3D Remix)
"2010-01-22 - Ben Klock, Steffi, Sissi @ Harry Klein, Munich","https://www.mixesdb.com/w/2010-01-22_-_Ben_Klock,_Steffi,_Sissi_@_Harry_Klein,_Munich",,43,,,?,?
"2010-01-22 - Ben Klock, Steffi, Sissi @ Harry Klein, Munich","https://www.mixesdb.com/w/2010-01-22_-_Ben_Klock,_Steffi,_Sissi_@_Harry_Klein,_Munich",,44,,Martyn & The Spaceape,Is This Insanity? (Ben Klock Mix),Martyn & The Spaceape - Is This Insanity? (Ben Klock Mix)
"2010-01-22 - Ben Klock, Steffi, Sissi @ Harry Klein, Munich","https://www.mixesdb.com/w/2010-01-22_-_Ben_Klock,_Steffi,_Sissi_@_Harry_Klein,_Munich",,45,,Chris Liebing & Tommy Four Seven,Bauhaus (Mallet Mix),Chris Liebing & Tommy Four Seven - Bauhaus (Mallet Mix)
"2010-01-22 - Ben Klock, Steffi, Sissi @ Harry Klein, Munich","https://www.mixesdb.com/w/2010-01-22_-_Ben_Klock,_Steffi,_Sissi_@_Harry_Klein,_Munich",,46,,,?,?
"2010-01-22 - Ben Klock, Steffi, Sissi @ Harry Klein, Munich","https://www.mixesdb.com/w/2010-01-22_-_Ben_Klock,_Steffi,_Sissi_@_Harry_Klein,_Munich",,47,,,?,?
"2010-01-22 - Ben Klock, Steffi, Sissi @ Harry Klein, Munich","https://www.mixesdb.com/w/2010-01-22_-_Ben_Klock,_Steffi,_Sissi_@_Harry_Klein,_Munich",,48,,,?,?
"2010-01-22 - Ben Klock, Steffi, Sissi @ Harry Klein, Munich","https://www.mixesdb.com/w/2010-01-22_-_Ben_Klock,_Steffi,_Sissi_@_Harry_Klein,_Munich",,49,,,?,?
"2010-01-22 - Ben Klock, Steffi, Sissi @ Harry Klein, Munich","https://www.mixesdb.com/w/2010-01-22_-_Ben_Klock,_Steffi,_Sissi_@_Harry_Klein,_Munich",,50,,,?,?
"2010-01-22 - Ben Klock, Steffi, Sissi @ Harry Klein, Munich","https://www.mixesdb.com/w/2010-01-22_-_Ben_Klock,_Steffi,_Sissi_@_Harry_Klein,_Munich",,51,,,?,?
"2010-01-22 - Ben Klock, Steffi, Sissi @ Harry Klein, Munich","https://www.mixesdb.com/w/2010-01-22_-_Ben_Klock,_Steffi,_Sissi_@_Harry_Klein,_Munich",,52,,Ben Klock,Viscoplastic,Ben Klock - Viscoplastic
"2010-01-22 - Ben Klock, Steffi, Sissi @ Harry Klein, Munich","https://www.mixesdb.com/w/2010-01-22_-_Ben_Klock,_Steffi,_Sissi_@_Harry_Klein,_Munich",,53,,,?,?
"2010-01-22 - Ben Klock, Steffi, Sissi @ Harry Klein, Munich","https://www.mixesdb.com/w/2010-01-22_-_Ben_Klock,_Steffi,_Sissi_@_Harry_Klein,_Munich",,54,,,?,?
"2010-01-22 - Ben Klock, Steffi, Sissi @ Harry Klein, Munich","https://www.mixesdb.com/w/2010-01-22_-_Ben_Klock,_Steffi,_Sissi_@_Harry_Klein,_Munich",,55,,,?,?
"2010-01-22 - Ben Klock, Steffi, Sissi @ Harry Klein, Munich","https://www.mixesdb.com/w/2010-01-22_-_Ben_Klock,_Steffi,_Sissi_@_Harry_Klein,_Munich",,56,,Jeroen Search,Done Deal,Jeroen Search - Done Deal
"2010-01-22 - Ben Klock, Steffi, Sissi @ Harry Klein, Munich","https://www.mixesdb.com/w/2010-01-22_-_Ben_Klock,_Steffi,_Sissi_@_Harry_Klein,_Munich",,57,,,?,?
"2010-01-22 - Ben Klock, Steffi, Sissi @ Harry Klein, Munich","https://www.mixesdb.com/w/2010-01-22_-_Ben_Klock,_Steffi,_Sissi_@_Harry_Klein,_Munich",,58,,,?,?
"2010-01-22 - Ben Klock, Steffi, Sissi @ Harry Klein, Munich","https://www.mixesdb.com/w/2010-01-22_-_Ben_Klock,_Steffi,_Sissi_@_Harry_Klein,_Munich",,59,,Ben Sims,The Ol' Vibes,Ben Sims - The Ol' Vibes
"2010-01-22 - Ben Klock, Steffi, Sissi @ Harry Klein, Munich","https://www.mixesdb.com/w/2010-01-22_-_Ben_Klock,_Steffi,_Sissi_@_Harry_Klein,_Munich",,60,,,?,?
"2010-01-22 - Ben Klock, Steffi, Sissi @ Harry Klein, Munich","https://www.mixesdb.com/w/2010-01-22_-_Ben_Klock,_Steffi,_Sissi_@_Harry_Klein,_Munich",,61,,Krome & Dahlback,The Real Jazz (Dahlback Mix),Krome & Dahlback - The Real Jazz (Dahlback Mix)
"2010-01-22 - Ben Klock, Steffi, Sissi @ Harry Klein, Munich","https://www.mixesdb.com/w/2010-01-22_-_Ben_Klock,_Steffi,_Sissi_@_Harry_Klein,_Munich",,62,,Roman Lindau,Sonnerie,Roman Lindau - Sonnerie
"2010-01-22 - Ben Klock, Steffi, Sissi @ Harry Klein, Munich","https://www.mixesdb.com/w/2010-01-22_-_Ben_Klock,_Steffi,_Sissi_@_Harry_Klein,_Munich",,63,,Jean Louis Huhta,Zoat Zingo,Jean Louis Huhta - Zoat Zingo
"2010-01-22 - Ben Klock, Steffi, Sissi @ Harry Klein, Munich","https://www.mixesdb.com/w/2010-01-22_-_Ben_Klock,_Steffi,_Sissi_@_Harry_Klein,_Munich",,64,,,?,?
"2010-01-22 - Ben Klock, Steffi, Sissi @ Harry Klein, Munich","https://www.mixesdb.com/w/2010-01-22_-_Ben_Klock,_Steffi,_Sissi_@_Harry_Klein,_Munich",,65,,Silent Servant,Demonstration,Silent Servant - Demonstration
"2010-01-22 - Ben Klock, Steffi, Sissi @ Harry Klein, Munich","https://www.mixesdb.com/w/2010-01-22_-_Ben_Klock,_Steffi,_Sissi_@_Harry_Klein,_Munich",,66,,,?,?
"2010-01-22 - Ben Klock, Steffi, Sissi @ Harry Klein, Munich","https://www.mixesdb.com/w/2010-01-22_-_Ben_Klock,_Steffi,_Sissi_@_Harry_Klein,_Munich",,67,,,?,?
"2010-01-22 - Ben Klock, Steffi, Sissi @ Harry Klein, Munich","https://www.mixesdb.com/w/2010-01-22_-_Ben_Klock,_Steffi,_Sissi_@_Harry_Klein,_Munich",,68,,,?,?
"2010-01-22 - Ben Klock, Steffi, Sissi @ Harry Klein, Munich","https://www.mixesdb.com/w/2010-01-22_-_Ben_Klock,_Steffi,_Sissi_@_Harry_Klein,_Munich",,69,,,?,?
"2010-01-22 - Ben Klock, Steffi, Sissi @ Harry Klein, Munich","https://www.mixesdb.com/w/2010-01-22_-_Ben_Klock,_Steffi,_Sissi_@_Harry_Klein,_Munich",,70,,Levon Vincent,Late Night Jam,Levon Vincent - Late Night Jam
"2010-01-22 - Ben Klock, Steffi, Sissi @ Harry Klein, Munich","https://www.mixesdb.com/w/2010-01-22_-_Ben_Klock,_Steffi,_Sissi_@_Harry_Klein,_Munich",,71,,KiNK & Neville Watson,Blueprint,KiNK & Neville Watson - Blueprint
"2010-01-22 - Ben Klock, Steffi, Sissi @ Harry Klein, Munich","https://www.mixesdb.com/w/2010-01-22_-_Ben_Klock,_Steffi,_Sissi_@_Harry_Klein,_Munich",,72,,,?,?
"2010-01-22 - Ben Klock, Steffi, Sissi @ Harry Klein, Munich","https://www.mixesdb.com/w/2010-01-22_-_Ben_Klock,_Steffi,_Sissi_@_Harry_Klein,_Munich",,73,,,?,?
"2010-01-22 - Ben Klock, Steffi, Sissi @ Harry Klein, Munich","https://www.mixesdb.com/w/2010-01-22_-_Ben_Klock,_Steffi,_Sissi_@_Harry_Klein,_Munich",,74,,,?,?
"2010-01-22 - Ben Klock, Steffi, Sissi @ Harry Klein, Munich","https://www.mixesdb.com/w/2010-01-22_-_Ben_Klock,_Steffi,_Sissi_@_Harry_Klein,_Munich",,75,,,?,?
"2010-01-22 - Ben Klock, Steffi, Sissi @ Harry Klein, Munich","https://www.mixesdb.com/w/2010-01-22_-_Ben_Klock,_Steffi,_Sissi_@_Harry_Klein,_Munich",,76,,Silent Servant,Violencia (Kalon Remix),Silent Servant - Violencia (Kalon Remix)
"2010-01-22 - Ben Klock, Steffi, Sissi @ Harry Klein, Munich","https://www.mixesdb.com/w/2010-01-22_-_Ben_Klock,_Steffi,_Sissi_@_Harry_Klein,_Munich",,77,,,?,?
"2010-01-22 - Ben Klock, Steffi, Sissi @ Harry Klein, Munich","https://www.mixesdb.com/w/2010-01-22_-_Ben_Klock,_Steffi,_Sissi_@_Harry_Klein,_Munich",,78,,,?,?
"2010-01-22 - Ben Klock, Steffi, Sissi @ Harry Klein, Munich","https://www.mixesdb.com/w/2010-01-22_-_Ben_Klock,_Steffi,_Sissi_@_Harry_Klein,_Munich",,79,,,?,?
"2010-01-22 - Ben Klock, Steffi, Sissi @ Harry Klein, Munich","https://www.mixesdb.com/w/2010-01-22_-_Ben_Klock,_Steffi,_Sissi_@_Harry_Klein,_Munich",,80,,,?,?
"2010-01-22 - Ben Klock, Steffi, Sissi @ Harry Klein, Munich","https://www.mixesdb.com/w/2010-01-22_-_Ben_Klock,_Steffi,_Sissi_@_Harry_Klein,_Munich",,81,,,?,?
"2010-01-22 - Ben Klock, Steffi, Sissi @ Harry Klein, Munich","https://www.mixesdb.com/w/2010-01-22_-_Ben_Klock,_Steffi,_Sissi_@_Harry_Klein,_Munich",,82,,,?,?
"2010-01-22 - Ben Klock, Steffi, Sissi @ Harry Klein, Munich","https://www.mixesdb.com/w/2010-01-22_-_Ben_Klock,_Steffi,_Sissi_@_Harry_Klein,_Munich",,83,,Russ Gabriel,El Juan,Russ Gabriel - El Juan
"2010-01-22 - Ben Klock, Steffi, Sissi @ Harry Klein, Munich","https://www.mixesdb.com/w/2010-01-22_-_Ben_Klock,_Steffi,_Sissi_@_Harry_Klein,_Munich",,84,,,?,?
"2010-01-22 - Ben Klock, Steffi, Sissi @ Harry Klein, Munich","https://www.mixesdb.com/w/2010-01-22_-_Ben_Klock,_Steffi,_Sissi_@_Harry_Klein,_Munich",,85,,Redshape,Steam,Redshape - Steam
"2010-01-22 - Ben Klock, Steffi, Sissi @ Harry Klein, Munich","https://www.mixesdb.com/w/2010-01-22_-_Ben_Klock,_Steffi,_Sissi_@_Harry_Klein,_Munich",,86,,,?,?
"2010-01-22 - Ben Klock, Steffi, Sissi @ Harry Klein, Munich","https://www.mixesdb.com/w/2010-01-22_-_Ben_Klock,_Steffi,_Sissi_@_Harry_Klein,_Munich",,87,,Ben Klock Feat. Elif Biçer,OK (Kenny Larkin Remix),Ben Klock Feat. Elif Biçer - OK (Kenny Larkin Remix)
"2010-01-22 - Ben Klock, Steffi, Sissi @ Harry Klein, Munich","https://www.mixesdb.com/w/2010-01-22_-_Ben_Klock,_Steffi,_Sissi_@_Harry_Klein,_Munich",,88,,Kevin Yost,It's Getting Bigger,Kevin Yost - It's Getting Bigger
"2010-01-22 - Ben Klock, Steffi, Sissi @ Harry Klein, Munich","https://www.mixesdb.com/w/2010-01-22_-_Ben_Klock,_Steffi,_Sissi_@_Harry_Klein,_Munich",,89,,Dennis Ferrer,Transitions,Dennis Ferrer - Transitions
"2010-01-22 - Ben Klock, Steffi, Sissi @ Harry Klein, Munich","https://www.mixesdb.com/w/2010-01-22_-_Ben_Klock,_Steffi,_Sissi_@_Harry_Klein,_Munich",,90,,,?,?
"2010-01-22 - Ben Klock, Steffi, Sissi @ Harry Klein, Munich","https://www.mixesdb.com/w/2010-01-22_-_Ben_Klock,_Steffi,_Sissi_@_Harry_Klein,_Munich",,91,,,?,?
"2010-01-22 - Ben Klock, Steffi, Sissi @ Harry Klein, Munich","https://www.mixesdb.com/w/2010-01-22_-_Ben_Klock,_Steffi,_Sissi_@_Harry_Klein,_Munich",,92,,Horizontal Ground,1.2,Horizontal Ground - 1.2
"2010-01-22 - Ben Klock, Steffi, Sissi @ Harry Klein, Munich","https://www.mixesdb.com/w/2010-01-22_-_Ben_Klock,_Steffi,_Sissi_@_Harry_Klein,_Munich",,93,,Omar S,Busaru Beats,Omar S - Busaru Beats
"2010-01-22 - Ben Klock, Steffi, Sissi @ Harry Klein, Munich","https://www.mixesdb.com/w/2010-01-22_-_Ben_Klock,_Steffi,_Sissi_@_Harry_Klein,_Munich",,94,,Junior Boys & Ben Klock,Work (Marcel Dettmann Remix),Junior Boys & Ben Klock - Work (Marcel Dettmann Remix)
"2010-01-22 - Ben Klock, Steffi, Sissi @ Harry Klein, Munich","https://www.mixesdb.com/w/2010-01-22_-_Ben_Klock,_Steffi,_Sissi_@_Harry_Klein,_Munich",,95,,,?,?
"2010-01-22 - Ben Klock, Steffi, Sissi @ Harry Klein, Munich","https://www.mixesdb.com/w/2010-01-22_-_Ben_Klock,_Steffi,_Sissi_@_Harry_Klein,_Munich",,96,,Motor City Drum Ensemble,Got It,Motor City Drum Ensemble - Got It
"2010-01-22 - Ben Klock, Steffi, Sissi @ Harry Klein, Munich","https://www.mixesdb.com/w/2010-01-22_-_Ben_Klock,_Steffi,_Sissi_@_Harry_Klein,_Munich",,97,,,?,?
"2010-01-22 - Ben Klock, Steffi, Sissi @ Harry Klein, Munich","https://www.mixesdb.com/w/2010-01-22_-_Ben_Klock,_Steffi,_Sissi_@_Harry_Klein,_Munich",,98,,,?,?
"2010-01-22 - Ben Klock, Steffi, Sissi @ Harry Klein, Munich","https://www.mixesdb.com/w/2010-01-22_-_Ben_Klock,_Steffi,_Sissi_@_Harry_Klein,_Munich",,99,,,?,?
"2010-01-22 - Ben Klock, Steffi, Sissi @ Harry Klein, Munich","https://www.mixesdb.com/w/2010-01-22_-_Ben_Klock,_Steffi,_Sissi_@_Harry_Klein,_Munich",,100,,,?,?
"2010-01-22 - Ben Klock, Steffi, Sissi @ Harry Klein, Munich","https://www.mixesdb.com/w/2010-01-22_-_Ben_Klock,_Steffi,_Sissi_@_Harry_Klein,_Munich",,101,,Mike Dehnert,Brauchbar,Mike Dehnert - Brauchbar
"2010-01-22 - Ben Klock, Steffi, Sissi @ Harry Klein, Munich","https://www.mixesdb.com/w/2010-01-22_-_Ben_Klock,_Steffi,_Sissi_@_Harry_Klein,_Munich",,102,,Mood II Swing,Do It Your Way,Mood II Swing - Do It Your Way
"2010-01-22 - Ben Klock, Steffi, Sissi @ Harry Klein, Munich","https://www.mixesdb.com/w/2010-01-22_-_Ben_Klock,_Steffi,_Sissi_@_Harry_Klein,_Munich",,103,,,?,?
"2010-01-22 - Ben Klock, Steffi, Sissi @ Harry Klein, Munich","https://www.mixesdb.com/w/2010-01-22_-_Ben_Klock,_Steffi,_Sissi_@_Harry_Klein,_Munich",,104,,Ben Klock & Precious System,In A While / The Voice From Planet Love (Dixon Edit),Ben Klock & Precious System - In A While / The Voice From Planet Love (Dixon Edit)
"2010-07-10 - DJ Hell, Ben Klock - Mix Subas, Opus3","https://www.mixesdb.com/w/2010-07-10_-_DJ_Hell,_Ben_Klock_-_Mix_Subas,_Opus3",,1,,Christian Prommer,Sueno Latino (DJ Hell - All U Need Is Love Remix),Christian Prommer - Sueno Latino (DJ Hell - All U Need Is Love Remix)
"2010-07-10 - DJ Hell, Ben Klock - Mix Subas, Opus3","https://www.mixesdb.com/w/2010-07-10_-_DJ_Hell,_Ben_Klock_-_Mix_Subas,_Opus3",,2,,Baby Ford & Eon,Dead Eye,Baby Ford & Eon - Dead Eye
"2010-07-10 - DJ Hell, Ben Klock - Mix Subas, Opus3","https://www.mixesdb.com/w/2010-07-10_-_DJ_Hell,_Ben_Klock_-_Mix_Subas,_Opus3",,3,,Kirk Degiorgio,Nairobi (Carl Craig Remix),Kirk Degiorgio - Nairobi (Carl Craig Remix)
"2010-07-10 - DJ Hell, Ben Klock - Mix Subas, Opus3","https://www.mixesdb.com/w/2010-07-10_-_DJ_Hell,_Ben_Klock_-_Mix_Subas,_Opus3",,4,,Josh One,Contemplation (King Britt Funke Mix),Josh One - Contemplation (King Britt Funke Mix)
"2010-07-10 - DJ Hell, Ben Klock - Mix Subas, Opus3","https://www.mixesdb.com/w/2010-07-10_-_DJ_Hell,_Ben_Klock_-_Mix_Subas,_Opus3",,5,,Will Saul & Tam Cooper Feat. Ursula Rucker,Where Is It? (Re-Loved Dub),Will Saul & Tam Cooper Feat. Ursula Rucker - Where Is It? (Re-Loved Dub)
"2010-07-10 - DJ Hell, Ben Klock - Mix Subas, Opus3","https://www.mixesdb.com/w/2010-07-10_-_DJ_Hell,_Ben_Klock_-_Mix_Subas,_Opus3",,6,,DJ Assassin,Face In The Crowd (Intellidread Mix),DJ Assassin - Face In The Crowd (Intellidread Mix)
"2010-07-10 - DJ Hell, Ben Klock - Mix Subas, Opus3","https://www.mixesdb.com/w/2010-07-10_-_DJ_Hell,_Ben_Klock_-_Mix_Subas,_Opus3",,7,,Melody Boy 2000,Monotone Fantastique,Melody Boy 2000 - Monotone Fantastique
"2010-07-10 - DJ Hell, Ben Klock - Mix Subas, Opus3","https://www.mixesdb.com/w/2010-07-10_-_DJ_Hell,_Ben_Klock_-_Mix_Subas,_Opus3",,8,,The Balanescu Quartet,Robots,The Balanescu Quartet - Robots
"2010-07-10 - DJ Hell, Ben Klock - Mix Subas, Opus3","https://www.mixesdb.com/w/2010-07-10_-_DJ_Hell,_Ben_Klock_-_Mix_Subas,_Opus3",,9,,Ryuichi Sakamoto & David Sylvian,Forbidden Colors,Ryuichi Sakamoto & David Sylvian - Forbidden Colors
"2010-07-10 - DJ Hell, Ben Klock - Mix Subas, Opus3","https://www.mixesdb.com/w/2010-07-10_-_DJ_Hell,_Ben_Klock_-_Mix_Subas,_Opus3",,10,,Depeche Mode,Eque,Depeche Mode - Eque
"2010-07-10 - DJ Hell, Ben Klock - Mix Subas, Opus3","https://www.mixesdb.com/w/2010-07-10_-_DJ_Hell,_Ben_Klock_-_Mix_Subas,_Opus3",,11,,Die Vogel,Empire / Empire (Dixon Edit),Die Vogel - Empire / Empire (Dixon Edit)
"2010-07-10 - DJ Hell, Ben Klock - Mix Subas, Opus3","https://www.mixesdb.com/w/2010-07-10_-_DJ_Hell,_Ben_Klock_-_Mix_Subas,_Opus3",,12,,Club MCM,It's Me,Club MCM - It's Me
"2010-07-10 - DJ Hell, Ben Klock - Mix Subas, Opus3","https://www.mixesdb.com/w/2010-07-10_-_DJ_Hell,_Ben_Klock_-_Mix_Subas,_Opus3",,13,,Stereotyp,Take The Weight (Peter Kruder Vocal Mix),Stereotyp - Take The Weight (Peter Kruder Vocal Mix)
"2010-07-10 - DJ Hell, Ben Klock - Mix Subas, Opus3","https://www.mixesdb.com/w/2010-07-10_-_DJ_Hell,_Ben_Klock_-_Mix_Subas,_Opus3",,14,,Clara Moto Feat. Mimu,Silently (Kirk Degiorgio Remix),Clara Moto Feat. Mimu - Silently (Kirk Degiorgio Remix)
"2010-07-10 - DJ Hell, Ben Klock - Mix Subas, Opus3","https://www.mixesdb.com/w/2010-07-10_-_DJ_Hell,_Ben_Klock_-_Mix_Subas,_Opus3",,15,,Che,The Incident (Wet Dream Mix),Che - The Incident (Wet Dream Mix)
"2010-07-10 - DJ Hell, Ben Klock - Mix Subas, Opus3","https://www.mixesdb.com/w/2010-07-10_-_DJ_Hell,_Ben_Klock_-_Mix_Subas,_Opus3",,16,,DJ Linus,Are You Ready?,DJ Linus - Are You Ready?
"2010-07-10 - DJ Hell, Ben Klock - Mix Subas, Opus3","https://www.mixesdb.com/w/2010-07-10_-_DJ_Hell,_Ben_Klock_-_Mix_Subas,_Opus3",,17,,Dollkraut,Loot,Dollkraut - Loot
"2010-07-10 - DJ Hell, Ben Klock - Mix Subas, Opus3","https://www.mixesdb.com/w/2010-07-10_-_DJ_Hell,_Ben_Klock_-_Mix_Subas,_Opus3",Ben Klock,1,,154,Apricot,154 - Apricot
"2010-07-10 - DJ Hell, Ben Klock - Mix Subas, Opus3","https://www.mixesdb.com/w/2010-07-10_-_DJ_Hell,_Ben_Klock_-_Mix_Subas,_Opus3",Ben Klock,2,,Dvs1,Pressure,Dvs1 - Pressure
"2010-07-10 - DJ Hell, Ben Klock - Mix Subas, Opus3","https://www.mixesdb.com/w/2010-07-10_-_DJ_Hell,_Ben_Klock_-_Mix_Subas,_Opus3",Ben Klock,3,,Junior Boys,Work (Marcel Dettmann Remix),Junior Boys - Work (Marcel Dettmann Remix)
"2010-07-10 - DJ Hell, Ben Klock - Mix Subas, Opus3","https://www.mixesdb.com/w/2010-07-10_-_DJ_Hell,_Ben_Klock_-_Mix_Subas,_Opus3",Ben Klock,4,,Martyn,Miniluv,Martyn - Miniluv
"2010-07-10 - DJ Hell, Ben Klock - Mix Subas, Opus3","https://www.mixesdb.com/w/2010-07-10_-_DJ_Hell,_Ben_Klock_-_Mix_Subas,_Opus3",Ben Klock,5,,Stl,Loop 4,Stl - Loop 4
"2010-07-10 - DJ Hell, Ben Klock - Mix Subas, Opus3","https://www.mixesdb.com/w/2010-07-10_-_DJ_Hell,_Ben_Klock_-_Mix_Subas,_Opus3",Ben Klock,6,,Levon Vincent,The Long Life,Levon Vincent - The Long Life
"2010-07-10 - DJ Hell, Ben Klock - Mix Subas, Opus3","https://www.mixesdb.com/w/2010-07-10_-_DJ_Hell,_Ben_Klock_-_Mix_Subas,_Opus3",Ben Klock,7,,Jonas Kopp,Michigan Lake,Jonas Kopp - Michigan Lake
"2010-07-10 - DJ Hell, Ben Klock - Mix Subas, Opus3","https://www.mixesdb.com/w/2010-07-10_-_DJ_Hell,_Ben_Klock_-_Mix_Subas,_Opus3",Ben Klock,8,,Act,Rohd,Act - Rohd
"2010-07-10 - DJ Hell, Ben Klock - Mix Subas, Opus3","https://www.mixesdb.com/w/2010-07-10_-_DJ_Hell,_Ben_Klock_-_Mix_Subas,_Opus3",Ben Klock,9,,Mikhail Breen,Veracity,Mikhail Breen - Veracity
"2010-07-10 - DJ Hell, Ben Klock - Mix Subas, Opus3","https://www.mixesdb.com/w/2010-07-10_-_DJ_Hell,_Ben_Klock_-_Mix_Subas,_Opus3",Ben Klock,10,,Dvs1,Confused,Dvs1 - Confused
"2010-07-10 - DJ Hell, Ben Klock - Mix Subas, Opus3","https://www.mixesdb.com/w/2010-07-10_-_DJ_Hell,_Ben_Klock_-_Mix_Subas,_Opus3",Ben Klock,11,,Rolando,De Cago,Rolando - De Cago
"2010-07-10 - DJ Hell, Ben Klock - Mix Subas, Opus3","https://www.mixesdb.com/w/2010-07-10_-_DJ_Hell,_Ben_Klock_-_Mix_Subas,_Opus3",Ben Klock,12,,Kevin Gorman,7am Stepper,Kevin Gorman - 7am Stepper
"2010-07-10 - DJ Hell, Ben Klock - Mix Subas, Opus3","https://www.mixesdb.com/w/2010-07-10_-_DJ_Hell,_Ben_Klock_-_Mix_Subas,_Opus3",Ben Klock,13,,Ben Klock,Compression Session 1,Ben Klock - Compression Session 1
"2010-07-10 - DJ Hell, Ben Klock - Mix Subas, Opus3","https://www.mixesdb.com/w/2010-07-10_-_DJ_Hell,_Ben_Klock_-_Mix_Subas,_Opus3",Ben Klock,14,,Roman Lindau,Keppra,Roman Lindau - Keppra
"2010-07-10 - DJ Hell, Ben Klock - Mix Subas, Opus3","https://www.mixesdb.com/w/2010-07-10_-_DJ_Hell,_Ben_Klock_-_Mix_Subas,_Opus3",Ben Klock,15,,Tyree,Nuthin Wrong,Tyree - Nuthin Wrong
"2010-07-10 - DJ Hell, Ben Klock - Mix Subas, Opus3","https://www.mixesdb.com/w/2010-07-10_-_DJ_Hell,_Ben_Klock_-_Mix_Subas,_Opus3",Ben Klock,16,,Echologist,Dirt (Ben Klock Edit),Echologist - Dirt (Ben Klock Edit)
"2010-07-10 - DJ Hell, Ben Klock - Mix Subas, Opus3","https://www.mixesdb.com/w/2010-07-10_-_DJ_Hell,_Ben_Klock_-_Mix_Subas,_Opus3",Ben Klock,17,,James Ruskin,Graphic,James Ruskin - Graphic
"2010-07-10 - DJ Hell, Ben Klock - Mix Subas, Opus3","https://www.mixesdb.com/w/2010-07-10_-_DJ_Hell,_Ben_Klock_-_Mix_Subas,_Opus3",Ben Klock,18,,Ben Klock Feat. Elif Bicer,Elfin Flight,Ben Klock Feat. Elif Bicer - Elfin Flight
2011-06-20 - Ben Klock - CLR Podcast 121,https://www.mixesdb.com/w/2011-06-20_-_Ben_Klock_-_CLR_Podcast_121,,1,00:00,Emptyset Feat. Cornelius Harris,Altogether Lost (Ben Klock’s Glowing Clap Mix) [CLR - 047],Emptyset Feat. Cornelius Harris - Altogether Lost (Ben Klock’s Glowing Clap Mix) [CLR - 047]
2011-06-20 - Ben Klock - CLR Podcast 121,https://www.mixesdb.com/w/2011-06-20_-_Ben_Klock_-_CLR_Podcast_121,,2,03:25,DVS1,Behind The Lines [Klockworks],DVS1 - Behind The Lines [Klockworks]
2011-06-20 - Ben Klock - CLR Podcast 121,https://www.mixesdb.com/w/2011-06-20_-_Ben_Klock_-_CLR_Podcast_121,,3,06:20,Terrence Dixon,Multiply [Thema - 022],Terrence Dixon - Multiply [Thema - 022]
2011-06-20 - Ben Klock - CLR Podcast 121,https://www.mixesdb.com/w/2011-06-20_-_Ben_Klock_-_CLR_Podcast_121,,4,09:20,Armando,Pleasure Dome,Armando - Pleasure Dome
2011-06-20 - Ben Klock - CLR Podcast 121,https://www.mixesdb.com/w/2011-06-20_-_Ben_Klock_-_CLR_Podcast_121,,5,11:50,Marcel Dettmann,Deluge [50WEAPONS - 016],Marcel Dettmann - Deluge [50WEAPONS - 016]
2011-06-20 - Ben Klock - CLR Podcast 121,https://www.mixesdb.com/w/2011-06-20_-_Ben_Klock_-_CLR_Podcast_121,,6,14:55,Steve Bicknell,Why + For Whom [D2],Steve Bicknell - Why + For Whom [D2]
2011-06-20 - Ben Klock - CLR Podcast 121,https://www.mixesdb.com/w/2011-06-20_-_Ben_Klock_-_CLR_Podcast_121,,7,17:54,S100,Discharge,S100 - Discharge
2011-06-20 - Ben Klock - CLR Podcast 121,https://www.mixesdb.com/w/2011-06-20_-_Ben_Klock_-_CLR_Podcast_121,,8,21:32,Ben Sims,The Afterparty,Ben Sims - The Afterparty
2011-06-20 - Ben Klock - CLR Podcast 121,https://www.mixesdb.com/w/2011-06-20_-_Ben_Klock_-_CLR_Podcast_121,,9,25:45,Planetary Assault Systems,Radiance,Planetary Assault Systems - Radiance
2011-06-20 - Ben Klock - CLR Podcast 121,https://www.mixesdb.com/w/2011-06-20_-_Ben_Klock_-_CLR_Podcast_121,,10,30:25,Justin Berkovi,The Groove,Justin Berkovi - The Groove
2011-06-20 - Ben Klock - CLR Podcast 121,https://www.mixesdb.com/w/2011-06-20_-_Ben_Klock_-_CLR_Podcast_121,,11,36:00,Oscar Mulero,Higia,Oscar Mulero - Higia
2011-06-20 - Ben Klock - CLR Podcast 121,https://www.mixesdb.com/w/2011-06-20_-_Ben_Klock_-_CLR_Podcast_121,,12,38:45,Gesloten Cirkel,Yamagic,Gesloten Cirkel - Yamagic
2011-06-20 - Ben Klock - CLR Podcast 121,https://www.mixesdb.com/w/2011-06-20_-_Ben_Klock_-_CLR_Podcast_121,,13,41:30,Phase,Plateau Station,Phase - Plateau Station
2011-06-20 - Ben Klock - CLR Podcast 121,https://www.mixesdb.com/w/2011-06-20_-_Ben_Klock_-_CLR_Podcast_121,,14,42:02,Tommy Four Seven,Track 5 (Robert Hood Remix),Tommy Four Seven - Track 5 (Robert Hood Remix)
2011-06-20 - Ben Klock - CLR Podcast 121,https://www.mixesdb.com/w/2011-06-20_-_Ben_Klock_-_CLR_Podcast_121,,15,48:40,I,L.T.B.C.Y.B,I - L.T.B.C.Y.B
2011-06-20 - Ben Klock - CLR Podcast 121,https://www.mixesdb.com/w/2011-06-20_-_Ben_Klock_-_CLR_Podcast_121,,16,50:00,Jeroen Search,Resonance 1 [Newrhythmic],Jeroen Search - Resonance 1 [Newrhythmic]
2011-06-20 - Ben Klock - CLR Podcast 121,https://www.mixesdb.com/w/2011-06-20_-_Ben_Klock_-_CLR_Podcast_121,,17,53:20,Mathew Jonson,Learning To Fly (Dub),Mathew Jonson - Learning To Fly (Dub)
2011-06-20 - Ben Klock - CLR Podcast 121,https://www.mixesdb.com/w/2011-06-20_-_Ben_Klock_-_CLR_Podcast_121,,18,59:30,Oscar Mulero,Same Shoes Different Streets,Oscar Mulero - Same Shoes Different Streets
2011-06-20 - Ben Klock - CLR Podcast 121,https://www.mixesdb.com/w/2011-06-20_-_Ben_Klock_-_CLR_Podcast_121,,19,62:30,Heiko Laux,Hypnomarchin' [Kanzleramt - 69],Heiko Laux - Hypnomarchin' [Kanzleramt - 69]
"2019-05-19 - Ben Klock @ Great Wall Festival, Beijing, China","https://www.mixesdb.com/w/2019-05-19_-_Ben_Klock_@_Great_Wall_Festival,_Beijing,_China",,1,00,F.U.S.E.,Sanctuary [Plus 8 Records - PLUS8131],F.U.S.E. - Sanctuary [Plus 8 Records - PLUS8131]
"2019-05-19 - Ben Klock @ Great Wall Festival, Beijing, China","https://www.mixesdb.com/w/2019-05-19_-_Ben_Klock_@_Great_Wall_Festival,_Beijing,_China",,2,03,Mike Parker,Amalgamated (Synchronous Mix) [Geophone - GPH08],Mike Parker - Amalgamated (Synchronous Mix) [Geophone - GPH08]
"2019-05-19 - Ben Klock @ Great Wall Festival, Beijing, China","https://www.mixesdb.com/w/2019-05-19_-_Ben_Klock_@_Great_Wall_Festival,_Beijing,_China",,3,08,Deniro,700 [трип - TRP016],Deniro - 700 [трип - TRP016]
"2019-05-19 - Ben Klock @ Great Wall Festival, Beijing, China","https://www.mixesdb.com/w/2019-05-19_-_Ben_Klock_@_Great_Wall_Festival,_Beijing,_China",,4,11,Schacke,Paraphilic Love Map [IOD038],Schacke - Paraphilic Love Map [IOD038]
"2019-05-19 - Ben Klock @ Great Wall Festival, Beijing, China","https://www.mixesdb.com/w/2019-05-19_-_Ben_Klock_@_Great_Wall_Festival,_Beijing,_China",,5,13,Jay Clarke,In Dreams [Klockworks - KW28],Jay Clarke - In Dreams [Klockworks - KW28]
"2019-05-19 - Ben Klock @ Great Wall Festival, Beijing, China","https://www.mixesdb.com/w/2019-05-19_-_Ben_Klock_@_Great_Wall_Festival,_Beijing,_China",,6,17,Trike,Talk Back [International Deejay Gigolo - Gigolo 26],Trike - Talk Back [International Deejay Gigolo - Gigolo 26]
"2019-05-19 - Ben Klock @ Great Wall Festival, Beijing, China","https://www.mixesdb.com/w/2019-05-19_-_Ben_Klock_@_Great_Wall_Festival,_Beijing,_China",,7,21,Savile,Effort Won't Betray You [Argot - 020],Savile - Effort Won't Betray You [Argot - 020]
"2019-05-19 - Ben Klock @ Great Wall Festival, Beijing, China","https://www.mixesdb.com/w/2019-05-19_-_Ben_Klock_@_Great_Wall_Festival,_Beijing,_China",,8,24,,?,?
"2019-05-19 - Ben Klock @ Great Wall Festival, Beijing, China","https://www.mixesdb.com/w/2019-05-19_-_Ben_Klock_@_Great_Wall_Festival,_Beijing,_China",,9,27,Thomas P. Heckmann,Acid Breaks [Afu - AFULTD.77],Thomas P. Heckmann - Acid Breaks [Afu - AFULTD.77]
"2019-05-19 - Ben Klock @ Great Wall Festival, Beijing, China","https://www.mixesdb.com/w/2019-05-19_-_Ben_Klock_@_Great_Wall_Festival,_Beijing,_China",,10,31,Newa,80's [Klockworks - KW 25],Newa - 80's [Klockworks - KW 25]
"2019-05-19 - Ben Klock @ Great Wall Festival, Beijing, China","https://www.mixesdb.com/w/2019-05-19_-_Ben_Klock_@_Great_Wall_Festival,_Beijing,_China",,11,35,Levon Vincent,DJSF II [Novel Sound - NS-08],Levon Vincent - DJSF II [Novel Sound - NS-08]
"2019-05-19 - Ben Klock @ Great Wall Festival, Beijing, China","https://www.mixesdb.com/w/2019-05-19_-_Ben_Klock_@_Great_Wall_Festival,_Beijing,_China",,12,39,,?,?
"2019-05-19 - Ben Klock @ Great Wall Festival, Beijing, China","https://www.mixesdb.com/w/2019-05-19_-_Ben_Klock_@_Great_Wall_Festival,_Beijing,_China",,13,45,Ben Klock,Compression Session 2 [Ostgut - o-ton42],Ben Klock - Compression Session 2 [Ostgut - o-ton42]
"2019-05-19 - Ben Klock @ Great Wall Festival, Beijing, China","https://www.mixesdb.com/w/2019-05-19_-_Ben_Klock_@_Great_Wall_Festival,_Beijing,_China",,14,49,Mike Parker,Reduction [Geophone - GPHCD01],Mike Parker - Reduction [Geophone - GPHCD01]
"2019-05-19 - Ben Klock @ Great Wall Festival, Beijing, China","https://www.mixesdb.com/w/2019-05-19_-_Ben_Klock_@_Great_Wall_Festival,_Beijing,_China",,15,56,Daxyl,Immersion [Behzad Et Amarou - BEAR001],Daxyl - Immersion [Behzad Et Amarou - BEAR001]
"2019-05-19 - Ben Klock @ Great Wall Festival, Beijing, China","https://www.mixesdb.com/w/2019-05-19_-_Ben_Klock_@_Great_Wall_Festival,_Beijing,_China",,16,62,Len Faki,Robot Evolution (Charlotte de Witte Remix) [Figure - FIGUREX08],Len Faki - Robot Evolution (Charlotte de Witte Remix) [Figure - FIGUREX08]
"2019-05-19 - Ben Klock @ Great Wall Festival, Beijing, China","https://www.mixesdb.com/w/2019-05-19_-_Ben_Klock_@_Great_Wall_Festival,_Beijing,_China",,17,66,Kirilik,Souls [Figure - FIGUREX09],Kirilik - Souls [Figure - FIGUREX09]
"2009-04-16 - Ben Klock @ Knister Knaster, Sass Music Club, Vienna","https://www.mixesdb.com/w/2009-04-16_-_Ben_Klock_@_Knister_Knaster,_Sass_Music_Club,_Vienna",,1,00,Edit Select,Bauer [Ostgut Tont - o-ton23],Edit Select - Bauer [Ostgut Tont - o-ton23]
"2009-04-16 - Ben Klock @ Knister Knaster, Sass Music Club, Vienna","https://www.mixesdb.com/w/2009-04-16_-_Ben_Klock_@_Knister_Knaster,_Sass_Music_Club,_Vienna",,2,04,Collabs,Magnit Express (Electric Deluxe - EDLX.002a),Collabs - Magnit Express (Electric Deluxe - EDLX.002a)
"2009-04-16 - Ben Klock @ Knister Knaster, Sass Music Club, Vienna","https://www.mixesdb.com/w/2009-04-16_-_Ben_Klock_@_Knister_Knaster,_Sass_Music_Club,_Vienna",,3,05,Marcel Dettmann,Untitled [Unreleased],Marcel Dettmann - Untitled [Unreleased]
"2009-04-16 - Ben Klock @ Knister Knaster, Sass Music Club, Vienna","https://www.mixesdb.com/w/2009-04-16_-_Ben_Klock_@_Knister_Knaster,_Sass_Music_Club,_Vienna",,4,08,Mike Dehnert,Umlaut (Remix 1) [Fachwerk - FW/ALBUM6],Mike Dehnert - Umlaut (Remix 1) [Fachwerk - FW/ALBUM6]
"2009-04-16 - Ben Klock @ Knister Knaster, Sass Music Club, Vienna","https://www.mixesdb.com/w/2009-04-16_-_Ben_Klock_@_Knister_Knaster,_Sass_Music_Club,_Vienna",,5,10,Ben Klock,Subzero [Ostgut Ton - o-ton19],Ben Klock - Subzero [Ostgut Ton - o-ton19]
"2009-04-16 - Ben Klock @ Knister Knaster, Sass Music Club, Vienna","https://www.mixesdb.com/w/2009-04-16_-_Ben_Klock_@_Knister_Knaster,_Sass_Music_Club,_Vienna",,6,15,Dean Cole,Maintain [Corrosion - SION007],Dean Cole - Maintain [Corrosion - SION007]
"2009-04-16 - Ben Klock @ Knister Knaster, Sass Music Club, Vienna","https://www.mixesdb.com/w/2009-04-16_-_Ben_Klock_@_Knister_Knaster,_Sass_Music_Club,_Vienna",,7,17,Mike Dehnert,Live PA Cut 2 [Fachwerk - FW/ALBUM6],Mike Dehnert - Live PA Cut 2 [Fachwerk - FW/ALBUM6]
"2009-04-16 - Ben Klock @ Knister Knaster, Sass Music Club, Vienna","https://www.mixesdb.com/w/2009-04-16_-_Ben_Klock_@_Knister_Knaster,_Sass_Music_Club,_Vienna",,8,19,Klockworks,Pulse [Klockworks - KW 04],Klockworks - Pulse [Klockworks - KW 04]
"2009-04-16 - Ben Klock @ Knister Knaster, Sass Music Club, Vienna","https://www.mixesdb.com/w/2009-04-16_-_Ben_Klock_@_Knister_Knaster,_Sass_Music_Club,_Vienna",,9,22,Tony Jackson,Untitled (A1) [Instillation - ins012],Tony Jackson - Untitled (A1) [Instillation - ins012]
"2009-04-16 - Ben Klock @ Knister Knaster, Sass Music Club, Vienna","https://www.mixesdb.com/w/2009-04-16_-_Ben_Klock_@_Knister_Knaster,_Sass_Music_Club,_Vienna",,10,25,Charlton,Argibalt (Regis - U-Viv Mix) [Labrynth - 10],Charlton - Argibalt (Regis - U-Viv Mix) [Labrynth - 10]
"2009-04-16 - Ben Klock @ Knister Knaster, Sass Music Club, Vienna","https://www.mixesdb.com/w/2009-04-16_-_Ben_Klock_@_Knister_Knaster,_Sass_Music_Club,_Vienna",,11,27,Carl Craig & Moritz Von Oswald,Movement 5 [Deutsche Grammophon - 476 691 3],Carl Craig & Moritz Von Oswald - Movement 5 [Deutsche Grammophon - 476 691 3]
"2009-04-16 - Ben Klock @ Knister Knaster, Sass Music Club, Vienna","https://www.mixesdb.com/w/2009-04-16_-_Ben_Klock_@_Knister_Knaster,_Sass_Music_Club,_Vienna",,12,30,G-Man & Marco Carola,Enforcer [i220 - 020LP3],G-Man & Marco Carola - Enforcer [i220 - 020LP3]
"2009-04-16 - Ben Klock @ Knister Knaster, Sass Music Club, Vienna","https://www.mixesdb.com/w/2009-04-16_-_Ben_Klock_@_Knister_Knaster,_Sass_Music_Club,_Vienna",,13,33,Mark Broom,Riddim [20:20 Vision - vis166],Mark Broom - Riddim [20:20 Vision - vis166]
"2009-04-16 - Ben Klock @ Knister Knaster, Sass Music Club, Vienna","https://www.mixesdb.com/w/2009-04-16_-_Ben_Klock_@_Knister_Knaster,_Sass_Music_Club,_Vienna",,14,36,Seth Troxler,Aggression [Moodgadget],Seth Troxler - Aggression [Moodgadget]
"2009-04-16 - Ben Klock @ Knister Knaster, Sass Music Club, Vienna","https://www.mixesdb.com/w/2009-04-16_-_Ben_Klock_@_Knister_Knaster,_Sass_Music_Club,_Vienna",,15,39,N/A,Untitled (Function Edit) [Sandwell District - SD12],N/A - Untitled (Function Edit) [Sandwell District - SD12]
"2009-04-16 - Ben Klock @ Knister Knaster, Sass Music Club, Vienna","https://www.mixesdb.com/w/2009-04-16_-_Ben_Klock_@_Knister_Knaster,_Sass_Music_Club,_Vienna",,16,42,Delta Funktionen,Silhouette [Delsin - 79DSR/DTF1],Delta Funktionen - Silhouette [Delsin - 79DSR/DTF1]
"2009-04-16 - Ben Klock @ Knister Knaster, Sass Music Club, Vienna","https://www.mixesdb.com/w/2009-04-16_-_Ben_Klock_@_Knister_Knaster,_Sass_Music_Club,_Vienna",,17,46,Ben Klock,Grip [Ostgut Ton - OSTGUTLP03],Ben Klock - Grip [Ostgut Ton - OSTGUTLP03]
"2009-04-16 - Ben Klock @ Knister Knaster, Sass Music Club, Vienna","https://www.mixesdb.com/w/2009-04-16_-_Ben_Klock_@_Knister_Knaster,_Sass_Music_Club,_Vienna",,18,49,Marcel Dettmann,Untitled [Unreleased],Marcel Dettmann - Untitled [Unreleased]
"2009-04-16 - Ben Klock @ Knister Knaster, Sass Music Club, Vienna","https://www.mixesdb.com/w/2009-04-16_-_Ben_Klock_@_Knister_Knaster,_Sass_Music_Club,_Vienna",,19,53,Mike Dehnert,Cab [Fachwerk - FW001F4],Mike Dehnert - Cab [Fachwerk - FW001F4]
"2009-04-16 - Ben Klock @ Knister Knaster, Sass Music Club, Vienna","https://www.mixesdb.com/w/2009-04-16_-_Ben_Klock_@_Knister_Knaster,_Sass_Music_Club,_Vienna",,20,56,Kerri Chandler,Pong (Bones & Strings Dub) [Deeply Rooted House - DRH018R],Kerri Chandler - Pong (Bones & Strings Dub) [Deeply Rooted House - DRH018R]
2007-07-23 - Ben Klock - RA Podcast (RA.063),https://www.mixesdb.com/w/2007-07-23_-_Ben_Klock_-_RA_Podcast_(RA.063),,1,00:00,Norman Nodge,NN 8.0 [Marcel Dettmann - MDR 03],Norman Nodge - NN 8.0 [Marcel Dettmann - MDR 03]
2007-07-23 - Ben Klock - RA Podcast (RA.063),https://www.mixesdb.com/w/2007-07-23_-_Ben_Klock_-_RA_Podcast_(RA.063),,2,0?:??,+ Ellen Allien,Go (Marcel Dettmann Remix) [BPitch Control - BPC 160],+ Ellen Allien - Go (Marcel Dettmann Remix) [BPitch Control - BPC 160]
2007-07-23 - Ben Klock - RA Podcast (RA.063),https://www.mixesdb.com/w/2007-07-23_-_Ben_Klock_-_RA_Podcast_(RA.063),,3,04:06,+ Tadeo,IO [Apnea - 15],+ Tadeo - IO [Apnea - 15]
2007-07-23 - Ben Klock - RA Podcast (RA.063),https://www.mixesdb.com/w/2007-07-23_-_Ben_Klock_-_RA_Podcast_(RA.063),,4,05:04,+ Ambivalent,R U OK (Tim & Camea Remix) [M_nus - 56],+ Ambivalent - R U OK (Tim & Camea Remix) [M_nus - 56]
2007-07-23 - Ben Klock - RA Podcast (RA.063),https://www.mixesdb.com/w/2007-07-23_-_Ben_Klock_-_RA_Podcast_(RA.063),,5,08:39,Siobhan Donaghy,Don't Give It Up (Carl Craig Dub) [Parlophone - 12RDJSX 6729],Siobhan Donaghy - Don't Give It Up (Carl Craig Dub) [Parlophone - 12RDJSX 6729]
2007-07-23 - Ben Klock - RA Podcast (RA.063),https://www.mixesdb.com/w/2007-07-23_-_Ben_Klock_-_RA_Podcast_(RA.063),,6,16:53,Ben Klock,Similarity [BPitch Control - BPC165],Ben Klock - Similarity [BPitch Control - BPC165]
2007-07-23 - Ben Klock - RA Podcast (RA.063),https://www.mixesdb.com/w/2007-07-23_-_Ben_Klock_-_RA_Podcast_(RA.063),,7,24:42,Tiefschwarz,Ghostrack (Radio Slave Remix) [Souvenir - SOUVENIR006],Tiefschwarz - Ghostrack (Radio Slave Remix) [Souvenir - SOUVENIR006]
2007-07-23 - Ben Klock - RA Podcast (RA.063),https://www.mixesdb.com/w/2007-07-23_-_Ben_Klock_-_RA_Podcast_(RA.063),,8,28:59,Alex Cortex,Hi-Mem [Source - 1247],Alex Cortex - Hi-Mem [Source - 1247]
2007-07-23 - Ben Klock - RA Podcast (RA.063),https://www.mixesdb.com/w/2007-07-23_-_Ben_Klock_-_RA_Podcast_(RA.063),,9,34:03,Rejected,For The People (Ben Klock Remix) [Rejected - rej014],Rejected - For The People (Ben Klock Remix) [Rejected - rej014]
2007-07-23 - Ben Klock - RA Podcast (RA.063),https://www.mixesdb.com/w/2007-07-23_-_Ben_Klock_-_RA_Podcast_(RA.063),,10,38:20,Innersphere,Phunk (Mark Broom Remix) [Intacto - INTAC010],Innersphere - Phunk (Mark Broom Remix) [Intacto - INTAC010]
2007-07-23 - Ben Klock - RA Podcast (RA.063),https://www.mixesdb.com/w/2007-07-23_-_Ben_Klock_-_RA_Podcast_(RA.063),,11,40:00,+ Ellen Allien,Go (Marcel Dettmann Remix) [BPitch Control - BPC 160],+ Ellen Allien - Go (Marcel Dettmann Remix) [BPitch Control - BPC 160]
2007-07-23 - Ben Klock - RA Podcast (RA.063),https://www.mixesdb.com/w/2007-07-23_-_Ben_Klock_-_RA_Podcast_(RA.063),,12,43:27,Karo Zwo,Zwo Fremde [Dance Arena - DAP10],Karo Zwo - Zwo Fremde [Dance Arena - DAP10]
2007-07-23 - Ben Klock - RA Podcast (RA.063),https://www.mixesdb.com/w/2007-07-23_-_Ben_Klock_-_RA_Podcast_(RA.063),,13,49:35,King Britt,Snowblind In Ann Arbor [Poussez! - PO2],King Britt - Snowblind In Ann Arbor [Poussez! - PO2]
2007-07-23 - Ben Klock - RA Podcast (RA.063),https://www.mixesdb.com/w/2007-07-23_-_Ben_Klock_-_RA_Podcast_(RA.063),,14,52:41,,?,?
2007-07-23 - Ben Klock - RA Podcast (RA.063),https://www.mixesdb.com/w/2007-07-23_-_Ben_Klock_-_RA_Podcast_(RA.063),,15,55:40,+ Ellen Allien,Go (Marcel Dettmann Remix) [BPitch Control - BPC 160],+ Ellen Allien - Go (Marcel Dettmann Remix) [BPitch Control - BPC 160]
2007-07-23 - Ben Klock - RA Podcast (RA.063),https://www.mixesdb.com/w/2007-07-23_-_Ben_Klock_-_RA_Podcast_(RA.063),,16,57:47,Zander VT,After The Crash [BPitch Control - BPC 161],Zander VT - After The Crash [BPitch Control - BPC 161]
2007-07-23 - Ben Klock - RA Podcast (RA.063),https://www.mixesdb.com/w/2007-07-23_-_Ben_Klock_-_RA_Podcast_(RA.063),,17,61:39,Samuli Kemppi,Vangel [Ostgut - o-ton16],Samuli Kemppi - Vangel [Ostgut - o-ton16]
2007-07-23 - Ben Klock - RA Podcast (RA.063),https://www.mixesdb.com/w/2007-07-23_-_Ben_Klock_-_RA_Podcast_(RA.063),,18,65:19,Klockworks,Sean [Klockworks - KW 02],Klockworks - Sean [Klockworks - KW 02]
2007-07-23 - Ben Klock - RA Podcast (RA.063),https://www.mixesdb.com/w/2007-07-23_-_Ben_Klock_-_RA_Podcast_(RA.063),,19,66:42,Daniel Bell,Baby Judy [Accelerate - ACCLTDX999],Daniel Bell - Baby Judy [Accelerate - ACCLTDX999]
2007-07-23 - Ben Klock - RA Podcast (RA.063),https://www.mixesdb.com/w/2007-07-23_-_Ben_Klock_-_RA_Podcast_(RA.063),,20,70:24,Dettmann & Klock,Dawning (Revisited) [Ostgut - o-ton11],Dettmann & Klock - Dawning (Revisited) [Ostgut - o-ton11]
2007-07-23 - Ben Klock - RA Podcast (RA.063),https://www.mixesdb.com/w/2007-07-23_-_Ben_Klock_-_RA_Podcast_(RA.063),,21,78:18,+ Ellen Allien,Go (Marcel Dettmann Remix) [BPitch Control - BPC 160],+ Ellen Allien - Go (Marcel Dettmann Remix) [BPitch Control - BPC 160]
"2011-03-06 - Ben Klock @ Efir Club, St. Petersburg","https://www.mixesdb.com/w/2011-03-06_-_Ben_Klock_@_Efir_Club,_St._Petersburg",,1,0:00,O/V/R,Post Traumatic Son (Marcel Dettmann MDR Version),O/V/R - Post Traumatic Son (Marcel Dettmann MDR Version)
"2011-03-06 - Ben Klock @ Efir Club, St. Petersburg","https://www.mixesdb.com/w/2011-03-06_-_Ben_Klock_@_Efir_Club,_St._Petersburg",,2,0:01,Marcelus,Friction,Marcelus - Friction
"2011-03-06 - Ben Klock @ Efir Club, St. Petersburg","https://www.mixesdb.com/w/2011-03-06_-_Ben_Klock_@_Efir_Club,_St._Petersburg",,3,0:03,Ben Klock,Pulse,Ben Klock - Pulse
"2011-03-06 - Ben Klock @ Efir Club, St. Petersburg","https://www.mixesdb.com/w/2011-03-06_-_Ben_Klock_@_Efir_Club,_St._Petersburg",,4,0:07,Marcelus,Perception,Marcelus - Perception
"2011-03-06 - Ben Klock @ Efir Club, St. Petersburg","https://www.mixesdb.com/w/2011-03-06_-_Ben_Klock_@_Efir_Club,_St._Petersburg",,5,0:14,Kerri Chandler,Pong (Ben Klock's Bones And Strings Dub),Kerri Chandler - Pong (Ben Klock's Bones And Strings Dub)
"2011-03-06 - Ben Klock @ Efir Club, St. Petersburg","https://www.mixesdb.com/w/2011-03-06_-_Ben_Klock_@_Efir_Club,_St._Petersburg",,6,0:17,Robert Hood,The Feel,Robert Hood - The Feel
"2011-03-06 - Ben Klock @ Efir Club, St. Petersburg","https://www.mixesdb.com/w/2011-03-06_-_Ben_Klock_@_Efir_Club,_St._Petersburg",,7,0:22,Marc Romboy vs Blake Baxter,Muzik (KiNK Remix),Marc Romboy vs Blake Baxter - Muzik (KiNK Remix)
"2011-03-06 - Ben Klock @ Efir Club, St. Petersburg","https://www.mixesdb.com/w/2011-03-06_-_Ben_Klock_@_Efir_Club,_St._Petersburg",,8,0:26,Roberto Bosco,One,Roberto Bosco - One
"2011-03-06 - Ben Klock @ Efir Club, St. Petersburg","https://www.mixesdb.com/w/2011-03-06_-_Ben_Klock_@_Efir_Club,_St._Petersburg",,9,0:30,,Skudge?,Skudge?
"2011-03-06 - Ben Klock @ Efir Club, St. Petersburg","https://www.mixesdb.com/w/2011-03-06_-_Ben_Klock_@_Efir_Club,_St._Petersburg",,10,0:33,Cosmin TRG,Izolat,Cosmin TRG - Izolat
"2011-03-06 - Ben Klock @ Efir Club, St. Petersburg","https://www.mixesdb.com/w/2011-03-06_-_Ben_Klock_@_Efir_Club,_St._Petersburg",,11,0:37,Planetary Assault Systems,Raid (Mote Evolver),Planetary Assault Systems - Raid (Mote Evolver)
"2011-03-06 - Ben Klock @ Efir Club, St. Petersburg","https://www.mixesdb.com/w/2011-03-06_-_Ben_Klock_@_Efir_Club,_St._Petersburg",,12,0:40,G.I.O.N.,Haze,G.I.O.N. - Haze
"2011-03-06 - Ben Klock @ Efir Club, St. Petersburg","https://www.mixesdb.com/w/2011-03-06_-_Ben_Klock_@_Efir_Club,_St._Petersburg",,13,0:43,Jeff Mills,Condor To Mallorca,Jeff Mills - Condor To Mallorca
"2011-03-06 - Ben Klock @ Efir Club, St. Petersburg","https://www.mixesdb.com/w/2011-03-06_-_Ben_Klock_@_Efir_Club,_St._Petersburg",,14,0:47,Raiz,Keep Secrets (Function & Jerome Sydenham Remix),Raiz - Keep Secrets (Function & Jerome Sydenham Remix)
"2011-03-06 - Ben Klock @ Efir Club, St. Petersburg","https://www.mixesdb.com/w/2011-03-06_-_Ben_Klock_@_Efir_Club,_St._Petersburg",,15,0:51,,?,?
"2011-03-06 - Ben Klock @ Efir Club, St. Petersburg","https://www.mixesdb.com/w/2011-03-06_-_Ben_Klock_@_Efir_Club,_St._Petersburg",,16,0:54,Ben Klock,Subzero,Ben Klock - Subzero
"2011-03-06 - Ben Klock @ Efir Club, St. Petersburg","https://www.mixesdb.com/w/2011-03-06_-_Ben_Klock_@_Efir_Club,_St._Petersburg",,17,0:58,,?,?
"2011-03-06 - Ben Klock @ Efir Club, St. Petersburg","https://www.mixesdb.com/w/2011-03-06_-_Ben_Klock_@_Efir_Club,_St._Petersburg",,18,1:00,Jerome Sydenham,Amp,Jerome Sydenham - Amp
"2011-03-06 - Ben Klock @ Efir Club, St. Petersburg","https://www.mixesdb.com/w/2011-03-06_-_Ben_Klock_@_Efir_Club,_St._Petersburg",,19,1:06,Speedy J & Literon Collabs 200,Snacker,Speedy J & Literon Collabs 200 - Snacker
"2011-03-06 - Ben Klock @ Efir Club, St. Petersburg","https://www.mixesdb.com/w/2011-03-06_-_Ben_Klock_@_Efir_Club,_St._Petersburg",,20,1:11,Depeche Mode,Dream On (Dave Clarke Remix),Depeche Mode - Dream On (Dave Clarke Remix)
"2011-03-06 - Ben Klock @ Efir Club, St. Petersburg","https://www.mixesdb.com/w/2011-03-06_-_Ben_Klock_@_Efir_Club,_St._Petersburg",,21,1:16,Speedy J,Armstrong,Speedy J - Armstrong
"2011-03-06 - Ben Klock @ Efir Club, St. Petersburg","https://www.mixesdb.com/w/2011-03-06_-_Ben_Klock_@_Efir_Club,_St._Petersburg",,22,1:19,Lucy,Beautiful People,Lucy - Beautiful People
"2011-03-06 - Ben Klock @ Efir Club, St. Petersburg","https://www.mixesdb.com/w/2011-03-06_-_Ben_Klock_@_Efir_Club,_St._Petersburg",,23,1:23,Subspace,Bi-Machine,Subspace - Bi-Machine
"2011-03-06 - Ben Klock @ Efir Club, St. Petersburg","https://www.mixesdb.com/w/2011-03-06_-_Ben_Klock_@_Efir_Club,_St._Petersburg",,24,1:27,,?,?
"2011-03-06 - Ben Klock @ Efir Club, St. Petersburg","https://www.mixesdb.com/w/2011-03-06_-_Ben_Klock_@_Efir_Club,_St._Petersburg",,25,1:32,Martyn Feat. Spaceape,Is This Isanity,Martyn Feat. Spaceape - Is This Isanity
"2011-03-06 - Ben Klock @ Efir Club, St. Petersburg","https://www.mixesdb.com/w/2011-03-06_-_Ben_Klock_@_Efir_Club,_St._Petersburg",,26,1:37,,?,?
"2011-03-06 - Ben Klock @ Efir Club, St. Petersburg","https://www.mixesdb.com/w/2011-03-06_-_Ben_Klock_@_Efir_Club,_St._Petersburg",,27,1:41,DJ Hyperactive,Music Box,DJ Hyperactive - Music Box
"2011-03-06 - Ben Klock @ Efir Club, St. Petersburg","https://www.mixesdb.com/w/2011-03-06_-_Ben_Klock_@_Efir_Club,_St._Petersburg",,28,1:45,Anthony Rother,Don't Stop The Beat,Anthony Rother - Don't Stop The Beat
"2011-03-06 - Ben Klock @ Efir Club, St. Petersburg","https://www.mixesdb.com/w/2011-03-06_-_Ben_Klock_@_Efir_Club,_St._Petersburg",,29,1:49,Ben Klock,Czeslawa (Ostgut Ton),Ben Klock - Czeslawa (Ostgut Ton)
"2011-03-06 - Ben Klock @ Efir Club, St. Petersburg","https://www.mixesdb.com/w/2011-03-06_-_Ben_Klock_@_Efir_Club,_St._Petersburg",,30,1:54,,Fanon Flowers (Frantic) ?,Fanon Flowers (Frantic) ?
"2011-03-06 - Ben Klock @ Efir Club, St. Petersburg","https://www.mixesdb.com/w/2011-03-06_-_Ben_Klock_@_Efir_Club,_St._Petersburg",,31,1:57,,?,?
"2011-03-06 - Ben Klock @ Efir Club, St. Petersburg","https://www.mixesdb.com/w/2011-03-06_-_Ben_Klock_@_Efir_Club,_St._Petersburg",,32,2:00,Jonas Kopp,Alkitran,Jonas Kopp - Alkitran
"2011-03-06 - Ben Klock @ Efir Club, St. Petersburg","https://www.mixesdb.com/w/2011-03-06_-_Ben_Klock_@_Efir_Club,_St._Petersburg",,33,2:05,,?,?
"2011-03-06 - Ben Klock @ Efir Club, St. Petersburg","https://www.mixesdb.com/w/2011-03-06_-_Ben_Klock_@_Efir_Club,_St._Petersburg",,34,2:08,Salt City Orchestra,The Book (Bookin Da Beats),Salt City Orchestra - The Book (Bookin Da Beats)
"2011-03-06 - Ben Klock @ Efir Club, St. Petersburg","https://www.mixesdb.com/w/2011-03-06_-_Ben_Klock_@_Efir_Club,_St._Petersburg",,35,2:12,,? DJ Hild [Roots United Crew] ?,? DJ Hild [Roots United Crew] ?
"2011-03-06 - Ben Klock @ Efir Club, St. Petersburg","https://www.mixesdb.com/w/2011-03-06_-_Ben_Klock_@_Efir_Club,_St._Petersburg",,36,2:16,,?,?
"2011-03-06 - Ben Klock @ Efir Club, St. Petersburg","https://www.mixesdb.com/w/2011-03-06_-_Ben_Klock_@_Efir_Club,_St._Petersburg",,37,2:20,,?,?
"2011-03-06 - Ben Klock @ Efir Club, St. Petersburg","https://www.mixesdb.com/w/2011-03-06_-_Ben_Klock_@_Efir_Club,_St._Petersburg",,38,2:24,Junior Boys,Work (Marcel Dettmann Remix),Junior Boys - Work (Marcel Dettmann Remix)
"2023-08-11 - Ben Klock @ Neopop Festival, Viana do Castelo, Portugal","https://www.mixesdb.com/w/2023-08-11_-_Ben_Klock_@_Neopop_Festival,_Viana_do_Castelo,_Portugal",,1,00,Basic Implant,Special Edition 01 (A1) [Fine - AUMO 001],Basic Implant - Special Edition 01 (A1) [Fine - AUMO 001]
"2023-08-11 - Ben Klock @ Neopop Festival, Viana do Castelo, Portugal","https://www.mixesdb.com/w/2023-08-11_-_Ben_Klock_@_Neopop_Festival,_Viana_do_Castelo,_Portugal",,2,05,Kaiser (K S R),Esco [Mord - BOX004],Kaiser (K S R) - Esco [Mord - BOX004]
"2023-08-11 - Ben Klock @ Neopop Festival, Viana do Castelo, Portugal","https://www.mixesdb.com/w/2023-08-11_-_Ben_Klock_@_Neopop_Festival,_Viana_do_Castelo,_Portugal",,3,07,Confidential Recipe,La Danza [Rekids Special Projects - RSPX40],Confidential Recipe - La Danza [Rekids Special Projects - RSPX40]
"2023-08-11 - Ben Klock @ Neopop Festival, Viana do Castelo, Portugal","https://www.mixesdb.com/w/2023-08-11_-_Ben_Klock_@_Neopop_Festival,_Viana_do_Castelo,_Portugal",,4,09,,?,?
"2023-08-11 - Ben Klock @ Neopop Festival, Viana do Castelo, Portugal","https://www.mixesdb.com/w/2023-08-11_-_Ben_Klock_@_Neopop_Festival,_Viana_do_Castelo,_Portugal",,5,12,,?,?
"2023-08-11 - Ben Klock @ Neopop Festival, Viana do Castelo, Portugal","https://www.mixesdb.com/w/2023-08-11_-_Ben_Klock_@_Neopop_Festival,_Viana_do_Castelo,_Portugal",,6,15,SHDW & Obscure Shape,Disturbing Behavior [Mutual Rytm - MR012],SHDW & Obscure Shape - Disturbing Behavior [Mutual Rytm - MR012]
"2023-08-11 - Ben Klock @ Neopop Festival, Viana do Castelo, Portugal","https://www.mixesdb.com/w/2023-08-11_-_Ben_Klock_@_Neopop_Festival,_Viana_do_Castelo,_Portugal",,7,18,,?,?
"2023-08-11 - Ben Klock @ Neopop Festival, Viana do Castelo, Portugal","https://www.mixesdb.com/w/2023-08-11_-_Ben_Klock_@_Neopop_Festival,_Viana_do_Castelo,_Portugal",,8,20,Gareth Wild,Deviance Is Bliss (2023 Re-Edit) [Soma Quality - SOMA651D],Gareth Wild - Deviance Is Bliss (2023 Re-Edit) [Soma Quality - SOMA651D]
"2023-08-11 - Ben Klock @ Neopop Festival, Viana do Castelo, Portugal","https://www.mixesdb.com/w/2023-08-11_-_Ben_Klock_@_Neopop_Festival,_Viana_do_Castelo,_Portugal",,9,23,Stef Mendesidis,Jupiter's Doom,Stef Mendesidis - Jupiter's Doom
"2023-08-11 - Ben Klock @ Neopop Festival, Viana do Castelo, Portugal","https://www.mixesdb.com/w/2023-08-11_-_Ben_Klock_@_Neopop_Festival,_Viana_do_Castelo,_Portugal",,10,28,DJ Dextro,Ruthless [Codein],DJ Dextro - Ruthless [Codein]
"2023-08-11 - Ben Klock @ Neopop Festival, Viana do Castelo, Portugal","https://www.mixesdb.com/w/2023-08-11_-_Ben_Klock_@_Neopop_Festival,_Viana_do_Castelo,_Portugal",,11,31,Troy,Zenith [Klockworks - KW 36],Troy - Zenith [Klockworks - KW 36]
"2023-08-11 - Ben Klock @ Neopop Festival, Viana do Castelo, Portugal","https://www.mixesdb.com/w/2023-08-11_-_Ben_Klock_@_Neopop_Festival,_Viana_do_Castelo,_Portugal",,12,36,,?,?
"2023-08-11 - Ben Klock @ Neopop Festival, Viana do Castelo, Portugal","https://www.mixesdb.com/w/2023-08-11_-_Ben_Klock_@_Neopop_Festival,_Viana_do_Castelo,_Portugal",,13,40,Nørbak,Norma (Temudo Remix) [NRBK003],Nørbak - Norma (Temudo Remix) [NRBK003]
"2023-08-11 - Ben Klock @ Neopop Festival, Viana do Castelo, Portugal","https://www.mixesdb.com/w/2023-08-11_-_Ben_Klock_@_Neopop_Festival,_Viana_do_Castelo,_Portugal",,14,43,,?,?
"2023-08-11 - Ben Klock @ Neopop Festival, Viana do Castelo, Portugal","https://www.mixesdb.com/w/2023-08-11_-_Ben_Klock_@_Neopop_Festival,_Viana_do_Castelo,_Portugal",,15,45,Gunjack,Salt The Earth,Gunjack - Salt The Earth
"2023-08-11 - Ben Klock @ Neopop Festival, Viana do Castelo, Portugal","https://www.mixesdb.com/w/2023-08-11_-_Ben_Klock_@_Neopop_Festival,_Viana_do_Castelo,_Portugal",,16,48,,?,?
"2023-08-11 - Ben Klock @ Neopop Festival, Viana do Castelo, Portugal","https://www.mixesdb.com/w/2023-08-11_-_Ben_Klock_@_Neopop_Festival,_Viana_do_Castelo,_Portugal",,17,51,Stef Mendesidis,Magma [Monnom Black - The World Of Monnom Black III],Stef Mendesidis - Magma [Monnom Black - The World Of Monnom Black III]
"2023-08-11 - Ben Klock @ Neopop Festival, Viana do Castelo, Portugal","https://www.mixesdb.com/w/2023-08-11_-_Ben_Klock_@_Neopop_Festival,_Viana_do_Castelo,_Portugal",,18,54,Phil Berg,Y-Axis [SK_Eleven - SK11X020],Phil Berg - Y-Axis [SK_Eleven - SK11X020]
"2023-08-11 - Ben Klock @ Neopop Festival, Viana do Castelo, Portugal","https://www.mixesdb.com/w/2023-08-11_-_Ben_Klock_@_Neopop_Festival,_Viana_do_Castelo,_Portugal",,19,57,Altinbas,Encounter [Observer Station - OS002],Altinbas - Encounter [Observer Station - OS002]
"2023-08-11 - Ben Klock @ Neopop Festival, Viana do Castelo, Portugal","https://www.mixesdb.com/w/2023-08-11_-_Ben_Klock_@_Neopop_Festival,_Viana_do_Castelo,_Portugal",,20,60,Ø [Phase],Wire [Modwerks - MDWXLP006],Ø [Phase] - Wire [Modwerks - MDWXLP006]
"2023-08-11 - Ben Klock @ Neopop Festival, Viana do Castelo, Portugal","https://www.mixesdb.com/w/2023-08-11_-_Ben_Klock_@_Neopop_Festival,_Viana_do_Castelo,_Portugal",,21,63,Talec Twist,I'm A Real Gangster,Talec Twist - I'm A Real Gangster
"2023-08-11 - Ben Klock @ Neopop Festival, Viana do Castelo, Portugal","https://www.mixesdb.com/w/2023-08-11_-_Ben_Klock_@_Neopop_Festival,_Viana_do_Castelo,_Portugal",,22,66,DJ Boss,Atmolam [ARMS - 015],DJ Boss - Atmolam [ARMS - 015]
"2023-08-11 - Ben Klock @ Neopop Festival, Viana do Castelo, Portugal","https://www.mixesdb.com/w/2023-08-11_-_Ben_Klock_@_Neopop_Festival,_Viana_do_Castelo,_Portugal",,23,70,Alarico,Nisba,Alarico - Nisba
"2023-08-11 - Ben Klock @ Neopop Festival, Viana do Castelo, Portugal","https://www.mixesdb.com/w/2023-08-11_-_Ben_Klock_@_Neopop_Festival,_Viana_do_Castelo,_Portugal",,24,72,R.M.K,Werk It [Fossil Archive - FAUK015],R.M.K - Werk It [Fossil Archive - FAUK015]
"2023-08-11 - Ben Klock @ Neopop Festival, Viana do Castelo, Portugal","https://www.mixesdb.com/w/2023-08-11_-_Ben_Klock_@_Neopop_Festival,_Viana_do_Castelo,_Portugal",,25,75,Ben Sims,Snapshot '99 [HARDGROOVEDIGI018],Ben Sims - Snapshot '99 [HARDGROOVEDIGI018]
"2023-08-11 - Ben Klock @ Neopop Festival, Viana do Castelo, Portugal","https://www.mixesdb.com/w/2023-08-11_-_Ben_Klock_@_Neopop_Festival,_Viana_do_Castelo,_Portugal",,26,79,Hans Bouffmyhre,The Wasp (The Southern Remix),Hans Bouffmyhre - The Wasp (The Southern Remix)
"2023-08-11 - Ben Klock @ Neopop Festival, Viana do Castelo, Portugal","https://www.mixesdb.com/w/2023-08-11_-_Ben_Klock_@_Neopop_Festival,_Viana_do_Castelo,_Portugal",,27,82,Stef Mendesidis,Aquaton [Klockworks],Stef Mendesidis - Aquaton [Klockworks]
"2023-08-11 - Ben Klock @ Neopop Festival, Viana do Castelo, Portugal","https://www.mixesdb.com/w/2023-08-11_-_Ben_Klock_@_Neopop_Festival,_Viana_do_Castelo,_Portugal",,28,86,Planet Asault Systems,In From The Night [Peacefrog - PF012],Planet Asault Systems - In From The Night [Peacefrog - PF012]
"2024-08-14 - Ben Klock @ Boiler Room x Glitch Festival, Malta","https://www.mixesdb.com/w/2024-08-14_-_Ben_Klock_@_Boiler_Room_x_Glitch_Festival,_Malta",,1,00,DJ Jes,Ismael (Temudo Remix Version 1) [Impact Mechanics],DJ Jes - Ismael (Temudo Remix Version 1) [Impact Mechanics]
"2024-08-14 - Ben Klock @ Boiler Room x Glitch Festival, Malta","https://www.mixesdb.com/w/2024-08-14_-_Ben_Klock_@_Boiler_Room_x_Glitch_Festival,_Malta",,2,04,Cirkle,Echoes Of Eternity [Sublunar],Cirkle - Echoes Of Eternity [Sublunar]
"2024-08-14 - Ben Klock @ Boiler Room x Glitch Festival, Malta","https://www.mixesdb.com/w/2024-08-14_-_Ben_Klock_@_Boiler_Room_x_Glitch_Festival,_Malta",,3,06,FVKS,Adjustment [OECUS],FVKS - Adjustment [OECUS]
"2024-08-14 - Ben Klock @ Boiler Room x Glitch Festival, Malta","https://www.mixesdb.com/w/2024-08-14_-_Ben_Klock_@_Boiler_Room_x_Glitch_Festival,_Malta",,4,08,A.Morgan,The Answer [NewRhythmic],A.Morgan - The Answer [NewRhythmic]
"2024-08-14 - Ben Klock @ Boiler Room x Glitch Festival, Malta","https://www.mixesdb.com/w/2024-08-14_-_Ben_Klock_@_Boiler_Room_x_Glitch_Festival,_Malta",,5,10,,?,?
"2024-08-14 - Ben Klock @ Boiler Room x Glitch Festival, Malta","https://www.mixesdb.com/w/2024-08-14_-_Ben_Klock_@_Boiler_Room_x_Glitch_Festival,_Malta",,6,13,Chlär,Anthem Of Division [Primal Instinct],Chlär - Anthem Of Division [Primal Instinct]
"2024-08-14 - Ben Klock @ Boiler Room x Glitch Festival, Malta","https://www.mixesdb.com/w/2024-08-14_-_Ben_Klock_@_Boiler_Room_x_Glitch_Festival,_Malta",,7,15,Harvey McKay,Footstep [RSPX],Harvey McKay - Footstep [RSPX]
"2024-08-14 - Ben Klock @ Boiler Room x Glitch Festival, Malta","https://www.mixesdb.com/w/2024-08-14_-_Ben_Klock_@_Boiler_Room_x_Glitch_Festival,_Malta",,8,18,Alarico,Carnal Fever [Primal Instinct],Alarico - Carnal Fever [Primal Instinct]
"2024-08-14 - Ben Klock @ Boiler Room x Glitch Festival, Malta","https://www.mixesdb.com/w/2024-08-14_-_Ben_Klock_@_Boiler_Room_x_Glitch_Festival,_Malta",,9,20,Nicolas Vogler,Nothing To See Here [Devotion],Nicolas Vogler - Nothing To See Here [Devotion]
"2024-08-14 - Ben Klock @ Boiler Room x Glitch Festival, Malta","https://www.mixesdb.com/w/2024-08-14_-_Ben_Klock_@_Boiler_Room_x_Glitch_Festival,_Malta",,10,23,Toru Katsuta,Particle In Space [Modwerks],Toru Katsuta - Particle In Space [Modwerks]
"2024-08-14 - Ben Klock @ Boiler Room x Glitch Festival, Malta","https://www.mixesdb.com/w/2024-08-14_-_Ben_Klock_@_Boiler_Room_x_Glitch_Festival,_Malta",,11,25,Sedvs,Still On [Morbid],Sedvs - Still On [Morbid]
"2024-08-14 - Ben Klock @ Boiler Room x Glitch Festival, Malta","https://www.mixesdb.com/w/2024-08-14_-_Ben_Klock_@_Boiler_Room_x_Glitch_Festival,_Malta",,12,27,Stef Mendesidis,Axial Force [Klockworks],Stef Mendesidis - Axial Force [Klockworks]
"2024-08-14 - Ben Klock @ Boiler Room x Glitch Festival, Malta","https://www.mixesdb.com/w/2024-08-14_-_Ben_Klock_@_Boiler_Room_x_Glitch_Festival,_Malta",,13,30,Cirkle,Evolving [SK_Eleven],Cirkle - Evolving [SK_Eleven]
"2024-08-14 - Ben Klock @ Boiler Room x Glitch Festival, Malta","https://www.mixesdb.com/w/2024-08-14_-_Ben_Klock_@_Boiler_Room_x_Glitch_Festival,_Malta",,14,32,,?,?
"2024-08-14 - Ben Klock @ Boiler Room x Glitch Festival, Malta","https://www.mixesdb.com/w/2024-08-14_-_Ben_Klock_@_Boiler_Room_x_Glitch_Festival,_Malta",,15,37,A.Morgan,Sidewinder [NewRhythmic],A.Morgan - Sidewinder [NewRhythmic]
"2024-08-14 - Ben Klock @ Boiler Room x Glitch Festival, Malta","https://www.mixesdb.com/w/2024-08-14_-_Ben_Klock_@_Boiler_Room_x_Glitch_Festival,_Malta",,16,40,Talismann,Lolabo [TALISMANN],Talismann - Lolabo [TALISMANN]
"2024-08-14 - Ben Klock @ Boiler Room x Glitch Festival, Malta","https://www.mixesdb.com/w/2024-08-14_-_Ben_Klock_@_Boiler_Room_x_Glitch_Festival,_Malta",,17,43,Stef Mendesidis,Minore [Klockworks],Stef Mendesidis - Minore [Klockworks]
"2024-08-14 - Ben Klock @ Boiler Room x Glitch Festival, Malta","https://www.mixesdb.com/w/2024-08-14_-_Ben_Klock_@_Boiler_Room_x_Glitch_Festival,_Malta",,18,45,EL Joven Prisionero,La Raya [PoleGroup],EL Joven Prisionero - La Raya [PoleGroup]
"2024-08-14 - Ben Klock @ Boiler Room x Glitch Festival, Malta","https://www.mixesdb.com/w/2024-08-14_-_Ben_Klock_@_Boiler_Room_x_Glitch_Festival,_Malta",,19,48,Oscar Mulero,Take The Pleasures From The Serpent [Warm Up],Oscar Mulero - Take The Pleasures From The Serpent [Warm Up]
"2024-08-14 - Ben Klock @ Boiler Room x Glitch Festival, Malta","https://www.mixesdb.com/w/2024-08-14_-_Ben_Klock_@_Boiler_Room_x_Glitch_Festival,_Malta",,20,50,Len Faki,Temple (Ø [Phase) Remix) - Figure],Len Faki - Temple (Ø [Phase) Remix) - Figure]
"2024-08-14 - Ben Klock @ Boiler Room x Glitch Festival, Malta","https://www.mixesdb.com/w/2024-08-14_-_Ben_Klock_@_Boiler_Room_x_Glitch_Festival,_Malta",,21,53,DJ Dextro,Idade Das Perguntas [Codein],DJ Dextro - Idade Das Perguntas [Codein]
"2024-08-14 - Ben Klock @ Boiler Room x Glitch Festival, Malta","https://www.mixesdb.com/w/2024-08-14_-_Ben_Klock_@_Boiler_Room_x_Glitch_Festival,_Malta",,22,57,Gabriel Lmrn,Cresciuto [Diffuse Reality],Gabriel Lmrn - Cresciuto [Diffuse Reality]
"2024-08-14 - Ben Klock @ Boiler Room x Glitch Festival, Malta","https://www.mixesdb.com/w/2024-08-14_-_Ben_Klock_@_Boiler_Room_x_Glitch_Festival,_Malta",,23,58,Brian Eno,An Ending [Polydor],Brian Eno - An Ending [Polydor]
"2020-09-24 - Ben Klock @ Exit Pres. Life Stream, Novi Sad, Serbia","https://www.mixesdb.com/w/2020-09-24_-_Ben_Klock_@_Exit_Pres._Life_Stream,_Novi_Sad,_Serbia",,1,002,Truncate,Concentrate (Josh Wink Interpretation) [Truncate],Truncate - Concentrate (Josh Wink Interpretation) [Truncate]
"2020-09-24 - Ben Klock @ Exit Pres. Life Stream, Novi Sad, Serbia","https://www.mixesdb.com/w/2020-09-24_-_Ben_Klock_@_Exit_Pres._Life_Stream,_Novi_Sad,_Serbia",,2,009,Groof,Past Masters [Warmup],Groof - Past Masters [Warmup]
"2020-09-24 - Ben Klock @ Exit Pres. Life Stream, Novi Sad, Serbia","https://www.mixesdb.com/w/2020-09-24_-_Ben_Klock_@_Exit_Pres._Life_Stream,_Novi_Sad,_Serbia",,3,012,Divide,Processo (Temudo Remix) [Hayes],Divide - Processo (Temudo Remix) [Hayes]
"2020-09-24 - Ben Klock @ Exit Pres. Life Stream, Novi Sad, Serbia","https://www.mixesdb.com/w/2020-09-24_-_Ben_Klock_@_Exit_Pres._Life_Stream,_Novi_Sad,_Serbia",,4,014,Rove Ranger,1998 [Lobster Theremin],Rove Ranger - 1998 [Lobster Theremin]
"2020-09-24 - Ben Klock @ Exit Pres. Life Stream, Novi Sad, Serbia","https://www.mixesdb.com/w/2020-09-24_-_Ben_Klock_@_Exit_Pres._Life_Stream,_Novi_Sad,_Serbia",,5,017,CRAVO,Piece Of Bad Path [Nnullz],CRAVO - Piece Of Bad Path [Nnullz]
"2020-09-24 - Ben Klock @ Exit Pres. Life Stream, Novi Sad, Serbia","https://www.mixesdb.com/w/2020-09-24_-_Ben_Klock_@_Exit_Pres._Life_Stream,_Novi_Sad,_Serbia",,6,019,Trunkline,Voices [Planet Rhythm],Trunkline - Voices [Planet Rhythm]
"2020-09-24 - Ben Klock @ Exit Pres. Life Stream, Novi Sad, Serbia","https://www.mixesdb.com/w/2020-09-24_-_Ben_Klock_@_Exit_Pres._Life_Stream,_Novi_Sad,_Serbia",,7,023,Vil,ID,Vil - ID
"2020-09-24 - Ben Klock @ Exit Pres. Life Stream, Novi Sad, Serbia","https://www.mixesdb.com/w/2020-09-24_-_Ben_Klock_@_Exit_Pres._Life_Stream,_Novi_Sad,_Serbia",,8,026,Stef Mendesidis,? [Unreleased],Stef Mendesidis - ? [Unreleased]
"2020-09-24 - Ben Klock @ Exit Pres. Life Stream, Novi Sad, Serbia","https://www.mixesdb.com/w/2020-09-24_-_Ben_Klock_@_Exit_Pres._Life_Stream,_Novi_Sad,_Serbia",,9,029,Shifted,B2 Untitled [Avn#001],Shifted - B2 Untitled [Avn#001]
"2020-09-24 - Ben Klock @ Exit Pres. Life Stream, Novi Sad, Serbia","https://www.mixesdb.com/w/2020-09-24_-_Ben_Klock_@_Exit_Pres._Life_Stream,_Novi_Sad,_Serbia",,10,032,CRAVO,TG03 [Hayes],CRAVO - TG03 [Hayes]
"2020-09-24 - Ben Klock @ Exit Pres. Life Stream, Novi Sad, Serbia","https://www.mixesdb.com/w/2020-09-24_-_Ben_Klock_@_Exit_Pres._Life_Stream,_Novi_Sad,_Serbia",,11,035,,?,?
"2020-09-24 - Ben Klock @ Exit Pres. Life Stream, Novi Sad, Serbia","https://www.mixesdb.com/w/2020-09-24_-_Ben_Klock_@_Exit_Pres._Life_Stream,_Novi_Sad,_Serbia",,12,039,Milon aka Edit Select,Fused (Edit Select 2012 Remix) [Edit Select],Milon aka Edit Select - Fused (Edit Select 2012 Remix) [Edit Select]
"2020-09-24 - Ben Klock @ Exit Pres. Life Stream, Novi Sad, Serbia","https://www.mixesdb.com/w/2020-09-24_-_Ben_Klock_@_Exit_Pres._Life_Stream,_Novi_Sad,_Serbia",,13,042,Pfirter,Void [Mord],Pfirter - Void [Mord]
"2020-09-24 - Ben Klock @ Exit Pres. Life Stream, Novi Sad, Serbia","https://www.mixesdb.com/w/2020-09-24_-_Ben_Klock_@_Exit_Pres._Life_Stream,_Novi_Sad,_Serbia",,14,045,Planetary Assault Systems,Screen (2018 Re-Edit) [Mote-Evolver],Planetary Assault Systems - Screen (2018 Re-Edit) [Mote-Evolver]
"2020-09-24 - Ben Klock @ Exit Pres. Life Stream, Novi Sad, Serbia","https://www.mixesdb.com/w/2020-09-24_-_Ben_Klock_@_Exit_Pres._Life_Stream,_Novi_Sad,_Serbia",,15,047,UFO95,2AM [Mama Told Ya],UFO95 - 2AM [Mama Told Ya]
"2020-09-24 - Ben Klock @ Exit Pres. Life Stream, Novi Sad, Serbia","https://www.mixesdb.com/w/2020-09-24_-_Ben_Klock_@_Exit_Pres._Life_Stream,_Novi_Sad,_Serbia",,16,053,Ø [Phase] & Rødhåd,190318 [Wsnwg],Ø [Phase] & Rødhåd - 190318 [Wsnwg]
"2020-09-24 - Ben Klock @ Exit Pres. Life Stream, Novi Sad, Serbia","https://www.mixesdb.com/w/2020-09-24_-_Ben_Klock_@_Exit_Pres._Life_Stream,_Novi_Sad,_Serbia",,17,056,Winks,Meditation Will Manifest (Remix),Winks - Meditation Will Manifest (Remix)
"2020-09-24 - Ben Klock @ Exit Pres. Life Stream, Novi Sad, Serbia","https://www.mixesdb.com/w/2020-09-24_-_Ben_Klock_@_Exit_Pres._Life_Stream,_Novi_Sad,_Serbia",,18,061,Paul Laurens,Nothing Seems To Be At Play [Self Released],Paul Laurens - Nothing Seems To Be At Play [Self Released]
"2020-09-24 - Ben Klock @ Exit Pres. Life Stream, Novi Sad, Serbia","https://www.mixesdb.com/w/2020-09-24_-_Ben_Klock_@_Exit_Pres._Life_Stream,_Novi_Sad,_Serbia",,19,063,Falling Apart,A1,Falling Apart - A1
"2020-09-24 - Ben Klock @ Exit Pres. Life Stream, Novi Sad, Serbia","https://www.mixesdb.com/w/2020-09-24_-_Ben_Klock_@_Exit_Pres._Life_Stream,_Novi_Sad,_Serbia",,20,067,Exium,Labyrinth,Exium - Labyrinth
"2020-09-24 - Ben Klock @ Exit Pres. Life Stream, Novi Sad, Serbia","https://www.mixesdb.com/w/2020-09-24_-_Ben_Klock_@_Exit_Pres._Life_Stream,_Novi_Sad,_Serbia",,21,069,Regis,Artillery [Downwards],Regis - Artillery [Downwards]
"2020-09-24 - Ben Klock @ Exit Pres. Life Stream, Novi Sad, Serbia","https://www.mixesdb.com/w/2020-09-24_-_Ben_Klock_@_Exit_Pres._Life_Stream,_Novi_Sad,_Serbia",,22,072,The Advent,Foothold [Klockworks],The Advent - Foothold [Klockworks]
"2020-09-24 - Ben Klock @ Exit Pres. Life Stream, Novi Sad, Serbia","https://www.mixesdb.com/w/2020-09-24_-_Ben_Klock_@_Exit_Pres._Life_Stream,_Novi_Sad,_Serbia",,23,076,Trunkline,Weird Life [Planet Rhythm],Trunkline - Weird Life [Planet Rhythm]
"2020-09-24 - Ben Klock @ Exit Pres. Life Stream, Novi Sad, Serbia","https://www.mixesdb.com/w/2020-09-24_-_Ben_Klock_@_Exit_Pres._Life_Stream,_Novi_Sad,_Serbia",,24,078,,?,?
"2020-09-24 - Ben Klock @ Exit Pres. Life Stream, Novi Sad, Serbia","https://www.mixesdb.com/w/2020-09-24_-_Ben_Klock_@_Exit_Pres._Life_Stream,_Novi_Sad,_Serbia",,25,084,A.Paul & Temudo,Unravel,A.Paul & Temudo - Unravel
"2020-09-24 - Ben Klock @ Exit Pres. Life Stream, Novi Sad, Serbia","https://www.mixesdb.com/w/2020-09-24_-_Ben_Klock_@_Exit_Pres._Life_Stream,_Novi_Sad,_Serbia",,26,087,Wheez-Ie,Xoxo,Wheez-Ie - Xoxo
"2020-09-24 - Ben Klock @ Exit Pres. Life Stream, Novi Sad, Serbia","https://www.mixesdb.com/w/2020-09-24_-_Ben_Klock_@_Exit_Pres._Life_Stream,_Novi_Sad,_Serbia",,27,089,Stef Mendesidis,Memorex [Clergy],Stef Mendesidis - Memorex [Clergy]
"2020-09-24 - Ben Klock @ Exit Pres. Life Stream, Novi Sad, Serbia","https://www.mixesdb.com/w/2020-09-24_-_Ben_Klock_@_Exit_Pres._Life_Stream,_Novi_Sad,_Serbia",,28,094,Vil,? [Unreleased],Vil - ? [Unreleased]
"2020-09-24 - Ben Klock @ Exit Pres. Life Stream, Novi Sad, Serbia","https://www.mixesdb.com/w/2020-09-24_-_Ben_Klock_@_Exit_Pres._Life_Stream,_Novi_Sad,_Serbia",,29,097,Yan Cook,Blades [Cooked],Yan Cook - Blades [Cooked]
"2020-09-24 - Ben Klock @ Exit Pres. Life Stream, Novi Sad, Serbia","https://www.mixesdb.com/w/2020-09-24_-_Ben_Klock_@_Exit_Pres._Life_Stream,_Novi_Sad,_Serbia",,30,100,Paul Laurens,Masking,Paul Laurens - Masking
"2020-09-24 - Ben Klock @ Exit Pres. Life Stream, Novi Sad, Serbia","https://www.mixesdb.com/w/2020-09-24_-_Ben_Klock_@_Exit_Pres._Life_Stream,_Novi_Sad,_Serbia",,31,104,Stef Mendesidis,Critical Ratio [Clergy],Stef Mendesidis - Critical Ratio [Clergy]
"2020-09-24 - Ben Klock @ Exit Pres. Life Stream, Novi Sad, Serbia","https://www.mixesdb.com/w/2020-09-24_-_Ben_Klock_@_Exit_Pres._Life_Stream,_Novi_Sad,_Serbia",,32,109,FJAAK,Underdawg [Fjaak],FJAAK - Underdawg [Fjaak]
"2020-09-24 - Ben Klock @ Exit Pres. Life Stream, Novi Sad, Serbia","https://www.mixesdb.com/w/2020-09-24_-_Ben_Klock_@_Exit_Pres._Life_Stream,_Novi_Sad,_Serbia",,33,114,M Of M,Prototypes (Exclusive Mix 2),M Of M - Prototypes (Exclusive Mix 2)
"2009-12-28 - Ben Klock @ Animal Farm, Sub Club, Glasgow","https://www.mixesdb.com/w/2009-12-28_-_Ben_Klock_@_Animal_Farm,_Sub_Club,_Glasgow",,1,0:00:00,Shlomi Aber,Drunked Programmer,Shlomi Aber - Drunked Programmer
"2009-12-28 - Ben Klock @ Animal Farm, Sub Club, Glasgow","https://www.mixesdb.com/w/2009-12-28_-_Ben_Klock_@_Animal_Farm,_Sub_Club,_Glasgow",,2,0:02:00,Mariano DC,Bourbon Of Wizards (Jonas Kopp Remix),Mariano DC - Bourbon Of Wizards (Jonas Kopp Remix)
"2009-12-28 - Ben Klock @ Animal Farm, Sub Club, Glasgow","https://www.mixesdb.com/w/2009-12-28_-_Ben_Klock_@_Animal_Farm,_Sub_Club,_Glasgow",,3,0:06:00,DJ QU,Party People Clap (Levon Vincent Remix),DJ QU - Party People Clap (Levon Vincent Remix)
"2009-12-28 - Ben Klock @ Animal Farm, Sub Club, Glasgow","https://www.mixesdb.com/w/2009-12-28_-_Ben_Klock_@_Animal_Farm,_Sub_Club,_Glasgow",,4,0:11:00,Bruce Ivery,Rush A2,Bruce Ivery - Rush A2
"2009-12-28 - Ben Klock @ Animal Farm, Sub Club, Glasgow","https://www.mixesdb.com/w/2009-12-28_-_Ben_Klock_@_Animal_Farm,_Sub_Club,_Glasgow",,5,0:14:30,Ben Sims,The Ol' Vibes,Ben Sims - The Ol' Vibes
"2009-12-28 - Ben Klock @ Animal Farm, Sub Club, Glasgow","https://www.mixesdb.com/w/2009-12-28_-_Ben_Klock_@_Animal_Farm,_Sub_Club,_Glasgow",,6,0:18:00,,?,?
"2009-12-28 - Ben Klock @ Animal Farm, Sub Club, Glasgow","https://www.mixesdb.com/w/2009-12-28_-_Ben_Klock_@_Animal_Farm,_Sub_Club,_Glasgow",,7,0:22:00,Gary Beck,Limehouse,Gary Beck - Limehouse
"2009-12-28 - Ben Klock @ Animal Farm, Sub Club, Glasgow","https://www.mixesdb.com/w/2009-12-28_-_Ben_Klock_@_Animal_Farm,_Sub_Club,_Glasgow",,8,0:27:00,,?,?
"2009-12-28 - Ben Klock @ Animal Farm, Sub Club, Glasgow","https://www.mixesdb.com/w/2009-12-28_-_Ben_Klock_@_Animal_Farm,_Sub_Club,_Glasgow",,9,0:33:00,Martyn,Is This Insanity (Ben Klock Remix),Martyn - Is This Insanity (Ben Klock Remix)
"2009-12-28 - Ben Klock @ Animal Farm, Sub Club, Glasgow","https://www.mixesdb.com/w/2009-12-28_-_Ben_Klock_@_Animal_Farm,_Sub_Club,_Glasgow",,10,0:38:00,Ben Klock,Red Alert,Ben Klock - Red Alert
"2009-12-28 - Ben Klock @ Animal Farm, Sub Club, Glasgow","https://www.mixesdb.com/w/2009-12-28_-_Ben_Klock_@_Animal_Farm,_Sub_Club,_Glasgow",,11,0:41:30,Xhin,Link,Xhin - Link
"2009-12-28 - Ben Klock @ Animal Farm, Sub Club, Glasgow","https://www.mixesdb.com/w/2009-12-28_-_Ben_Klock_@_Animal_Farm,_Sub_Club,_Glasgow",,12,0:45:00,Planetary Assault Systems,The Menace,Planetary Assault Systems - The Menace
"2009-12-28 - Ben Klock @ Animal Farm, Sub Club, Glasgow","https://www.mixesdb.com/w/2009-12-28_-_Ben_Klock_@_Animal_Farm,_Sub_Club,_Glasgow",,13,0:48:00,,?,?
"2009-12-28 - Ben Klock @ Animal Farm, Sub Club, Glasgow","https://www.mixesdb.com/w/2009-12-28_-_Ben_Klock_@_Animal_Farm,_Sub_Club,_Glasgow",,14,0:51:30,Marcel Dettmann,Plain,Marcel Dettmann - Plain
"2009-12-28 - Ben Klock @ Animal Farm, Sub Club, Glasgow","https://www.mixesdb.com/w/2009-12-28_-_Ben_Klock_@_Animal_Farm,_Sub_Club,_Glasgow",,15,0:56:00,Mike Dehnert,One,Mike Dehnert - One
"2009-12-28 - Ben Klock @ Animal Farm, Sub Club, Glasgow","https://www.mixesdb.com/w/2009-12-28_-_Ben_Klock_@_Animal_Farm,_Sub_Club,_Glasgow",,16,1:00:00,Peter Van Hoesen,Defense Against The Self,Peter Van Hoesen - Defense Against The Self
"2009-12-28 - Ben Klock @ Animal Farm, Sub Club, Glasgow","https://www.mixesdb.com/w/2009-12-28_-_Ben_Klock_@_Animal_Farm,_Sub_Club,_Glasgow",,17,1:02:30,Samuli Kemppi,Dark Matter,Samuli Kemppi - Dark Matter
"2009-12-28 - Ben Klock @ Animal Farm, Sub Club, Glasgow","https://www.mixesdb.com/w/2009-12-28_-_Ben_Klock_@_Animal_Farm,_Sub_Club,_Glasgow",,18,1:06:00,Peter Van Hoesen,Terminal,Peter Van Hoesen - Terminal
"2009-12-28 - Ben Klock @ Animal Farm, Sub Club, Glasgow","https://www.mixesdb.com/w/2009-12-28_-_Ben_Klock_@_Animal_Farm,_Sub_Club,_Glasgow",,19,1:09:00,,?,?
"2009-12-28 - Ben Klock @ Animal Farm, Sub Club, Glasgow","https://www.mixesdb.com/w/2009-12-28_-_Ben_Klock_@_Animal_Farm,_Sub_Club,_Glasgow",,20,1:12:00,Jeff Mills,Moon,Jeff Mills - Moon
"2009-12-28 - Ben Klock @ Animal Farm, Sub Club, Glasgow","https://www.mixesdb.com/w/2009-12-28_-_Ben_Klock_@_Animal_Farm,_Sub_Club,_Glasgow",,21,1:14:00,,?,?
"2009-12-28 - Ben Klock @ Animal Farm, Sub Club, Glasgow","https://www.mixesdb.com/w/2009-12-28_-_Ben_Klock_@_Animal_Farm,_Sub_Club,_Glasgow",,22,1:18:00,A. Mochi,Brunt,A. Mochi - Brunt
"2009-12-28 - Ben Klock @ Animal Farm, Sub Club, Glasgow","https://www.mixesdb.com/w/2009-12-28_-_Ben_Klock_@_Animal_Farm,_Sub_Club,_Glasgow",,23,1:23:00,Jeroen Search,Storm,Jeroen Search - Storm
"2009-12-28 - Ben Klock @ Animal Farm, Sub Club, Glasgow","https://www.mixesdb.com/w/2009-12-28_-_Ben_Klock_@_Animal_Farm,_Sub_Club,_Glasgow",,24,1:28:00,Staffan Linzatti,2401 Pentitent Tangent,Staffan Linzatti - 2401 Pentitent Tangent
"2009-12-28 - Ben Klock @ Animal Farm, Sub Club, Glasgow","https://www.mixesdb.com/w/2009-12-28_-_Ben_Klock_@_Animal_Farm,_Sub_Club,_Glasgow",,25,1:33:00,Robert Hood,Range,Robert Hood - Range
"2009-12-28 - Ben Klock @ Animal Farm, Sub Club, Glasgow","https://www.mixesdb.com/w/2009-12-28_-_Ben_Klock_@_Animal_Farm,_Sub_Club,_Glasgow",,26,1:39:00,Mion,Drop The Filter,Mion - Drop The Filter
"2009-12-28 - Ben Klock @ Animal Farm, Sub Club, Glasgow","https://www.mixesdb.com/w/2009-12-28_-_Ben_Klock_@_Animal_Farm,_Sub_Club,_Glasgow",,27,1:42:30,,?,?
"2009-12-28 - Ben Klock @ Animal Farm, Sub Club, Glasgow","https://www.mixesdb.com/w/2009-12-28_-_Ben_Klock_@_Animal_Farm,_Sub_Club,_Glasgow",,28,1:46:30,Rob Glennon,Bass Shifter (Paul Mac's Lo Fi Dub),Rob Glennon - Bass Shifter (Paul Mac's Lo Fi Dub)
"2009-12-28 - Ben Klock @ Animal Farm, Sub Club, Glasgow","https://www.mixesdb.com/w/2009-12-28_-_Ben_Klock_@_Animal_Farm,_Sub_Club,_Glasgow",,29,1:50:30,Ignacio,Skyance,Ignacio - Skyance
"2009-12-28 - Ben Klock @ Animal Farm, Sub Club, Glasgow","https://www.mixesdb.com/w/2009-12-28_-_Ben_Klock_@_Animal_Farm,_Sub_Club,_Glasgow",,30,1:54:00,DVS1,Running,DVS1 - Running
"2009-12-28 - Ben Klock @ Animal Farm, Sub Club, Glasgow","https://www.mixesdb.com/w/2009-12-28_-_Ben_Klock_@_Animal_Farm,_Sub_Club,_Glasgow",,31,2:00:00,19.454.18.5.25.5.18,HG 001 B1,19.454.18.5.25.5.18 - HG 001 B1
"2009-12-28 - Ben Klock @ Animal Farm, Sub Club, Glasgow","https://www.mixesdb.com/w/2009-12-28_-_Ben_Klock_@_Animal_Farm,_Sub_Club,_Glasgow",,32,2:05:00,DVS1,Departure,DVS1 - Departure
"2009-12-28 - Ben Klock @ Animal Farm, Sub Club, Glasgow","https://www.mixesdb.com/w/2009-12-28_-_Ben_Klock_@_Animal_Farm,_Sub_Club,_Glasgow",,33,2:08:00,Phase,Decode,Phase - Decode
"2009-12-28 - Ben Klock @ Animal Farm, Sub Club, Glasgow","https://www.mixesdb.com/w/2009-12-28_-_Ben_Klock_@_Animal_Farm,_Sub_Club,_Glasgow",,34,2:13:00,James Ruskin,The Outsider,James Ruskin - The Outsider
"2009-12-28 - Ben Klock @ Animal Farm, Sub Club, Glasgow","https://www.mixesdb.com/w/2009-12-28_-_Ben_Klock_@_Animal_Farm,_Sub_Club,_Glasgow",,35,2:17:00,Joris Voorn,MPX_309,Joris Voorn - MPX_309
"2009-12-28 - Ben Klock @ Animal Farm, Sub Club, Glasgow","https://www.mixesdb.com/w/2009-12-28_-_Ben_Klock_@_Animal_Farm,_Sub_Club,_Glasgow",,36,2:21:00,Ben Klock,Subzero,Ben Klock - Subzero
"2009-12-28 - Ben Klock @ Animal Farm, Sub Club, Glasgow","https://www.mixesdb.com/w/2009-12-28_-_Ben_Klock_@_Animal_Farm,_Sub_Club,_Glasgow",,37,2:26:00,Ben Klock,Subzero (Function-Regis Remix),Ben Klock - Subzero (Function-Regis Remix)
"2009-12-28 - Ben Klock @ Animal Farm, Sub Club, Glasgow","https://www.mixesdb.com/w/2009-12-28_-_Ben_Klock_@_Animal_Farm,_Sub_Club,_Glasgow",,38,2:29:45,Junior Boys,Work (Marcel Dettmann Remix),Junior Boys - Work (Marcel Dettmann Remix)
"2009-12-28 - Ben Klock @ Animal Farm, Sub Club, Glasgow","https://www.mixesdb.com/w/2009-12-28_-_Ben_Klock_@_Animal_Farm,_Sub_Club,_Glasgow",,39,2:32:45,Basic Channel,Phylyps Trak II/II,Basic Channel - Phylyps Trak II/II
"2009-12-28 - Ben Klock @ Animal Farm, Sub Club, Glasgow","https://www.mixesdb.com/w/2009-12-28_-_Ben_Klock_@_Animal_Farm,_Sub_Club,_Glasgow",,40,2:35:30,DJ Hyperactive,Wide Open,DJ Hyperactive - Wide Open
"2009-12-28 - Ben Klock @ Animal Farm, Sub Club, Glasgow","https://www.mixesdb.com/w/2009-12-28_-_Ben_Klock_@_Animal_Farm,_Sub_Club,_Glasgow",,41,2:42:00,Rue East,Birmingham,Rue East - Birmingham
"2010-07-30 - Ben Klock @ Voices, Propaganda, Moscow","https://www.mixesdb.com/w/2010-07-30_-_Ben_Klock_@_Voices,_Propaganda,_Moscow",,1,0:00:00,DJ Hyperactive,Music Box [4 Track],DJ Hyperactive - Music Box [4 Track]
"2010-07-30 - Ben Klock @ Voices, Propaganda, Moscow","https://www.mixesdb.com/w/2010-07-30_-_Ben_Klock_@_Voices,_Propaganda,_Moscow",,2,0:05:56,,?,?
"2010-07-30 - Ben Klock @ Voices, Propaganda, Moscow","https://www.mixesdb.com/w/2010-07-30_-_Ben_Klock_@_Voices,_Propaganda,_Moscow",,3,0:08:53,Klockworks,Voyage One [Klockworks],Klockworks - Voyage One [Klockworks]
"2010-07-30 - Ben Klock @ Voices, Propaganda, Moscow","https://www.mixesdb.com/w/2010-07-30_-_Ben_Klock_@_Voices,_Propaganda,_Moscow",,4,0:13:07,Ben Klock,Wolf [Ostgut Ton],Ben Klock - Wolf [Ostgut Ton]
"2010-07-30 - Ben Klock @ Voices, Propaganda, Moscow","https://www.mixesdb.com/w/2010-07-30_-_Ben_Klock_@_Voices,_Propaganda,_Moscow",,5,0:17:07,DJ Bone,We Control The Beat [Subject Detroit],DJ Bone - We Control The Beat [Subject Detroit]
"2010-07-30 - Ben Klock @ Voices, Propaganda, Moscow","https://www.mixesdb.com/w/2010-07-30_-_Ben_Klock_@_Voices,_Propaganda,_Moscow",,6,0:23:09,,?,?
"2010-07-30 - Ben Klock @ Voices, Propaganda, Moscow","https://www.mixesdb.com/w/2010-07-30_-_Ben_Klock_@_Voices,_Propaganda,_Moscow",,7,0:25:12,Shed,My R-Class [Ostgut Ton],Shed - My R-Class [Ostgut Ton]
"2010-07-30 - Ben Klock @ Voices, Propaganda, Moscow","https://www.mixesdb.com/w/2010-07-30_-_Ben_Klock_@_Voices,_Propaganda,_Moscow",,8,0:28:56,,?,?
"2010-07-30 - Ben Klock @ Voices, Propaganda, Moscow","https://www.mixesdb.com/w/2010-07-30_-_Ben_Klock_@_Voices,_Propaganda,_Moscow",,9,0:32:35,Green Velvet,Conniption [Relief],Green Velvet - Conniption [Relief]
"2010-07-30 - Ben Klock @ Voices, Propaganda, Moscow","https://www.mixesdb.com/w/2010-07-30_-_Ben_Klock_@_Voices,_Propaganda,_Moscow",,10,0:35:40,DJ T-1000,Bout To Bang It [Inzec],DJ T-1000 - Bout To Bang It [Inzec]
"2010-07-30 - Ben Klock @ Voices, Propaganda, Moscow","https://www.mixesdb.com/w/2010-07-30_-_Ben_Klock_@_Voices,_Propaganda,_Moscow",,11,0:39:23,Ignacio,Chios [Music Man],Ignacio - Chios [Music Man]
"2010-07-30 - Ben Klock @ Voices, Propaganda, Moscow","https://www.mixesdb.com/w/2010-07-30_-_Ben_Klock_@_Voices,_Propaganda,_Moscow",,12,0:44:15,,?,?
"2010-07-30 - Ben Klock @ Voices, Propaganda, Moscow","https://www.mixesdb.com/w/2010-07-30_-_Ben_Klock_@_Voices,_Propaganda,_Moscow",,13,0:47:00,,?,?
"2010-07-30 - Ben Klock @ Voices, Propaganda, Moscow","https://www.mixesdb.com/w/2010-07-30_-_Ben_Klock_@_Voices,_Propaganda,_Moscow",,14,0:51:15,Richie Hawtin,005 [Plus 8],Richie Hawtin - 005 [Plus 8]
"2010-07-30 - Ben Klock @ Voices, Propaganda, Moscow","https://www.mixesdb.com/w/2010-07-30_-_Ben_Klock_@_Voices,_Propaganda,_Moscow",,15,0:55:32,DJ Hyperactive,Wide Open [EC],DJ Hyperactive - Wide Open [EC]
"2010-07-30 - Ben Klock @ Voices, Propaganda, Moscow","https://www.mixesdb.com/w/2010-07-30_-_Ben_Klock_@_Voices,_Propaganda,_Moscow",,16,1:01:44,,?,?
"2010-07-30 - Ben Klock @ Voices, Propaganda, Moscow","https://www.mixesdb.com/w/2010-07-30_-_Ben_Klock_@_Voices,_Propaganda,_Moscow",,17,1:04:37,SYNUS 0006,Dark Delay [Panel Trax],SYNUS 0006 - Dark Delay [Panel Trax]
"2010-07-30 - Ben Klock @ Voices, Propaganda, Moscow","https://www.mixesdb.com/w/2010-07-30_-_Ben_Klock_@_Voices,_Propaganda,_Moscow",,18,1:07:58,Sterac,One With Hats,Sterac - One With Hats
"2010-07-30 - Ben Klock @ Voices, Propaganda, Moscow","https://www.mixesdb.com/w/2010-07-30_-_Ben_Klock_@_Voices,_Propaganda,_Moscow",,19,1:10:56,Ben Klock,Subzero [Ostgut Ton],Ben Klock - Subzero [Ostgut Ton]
"2010-07-30 - Ben Klock @ Voices, Propaganda, Moscow","https://www.mixesdb.com/w/2010-07-30_-_Ben_Klock_@_Voices,_Propaganda,_Moscow",,20,1:15:31,Sub Space,The Bi-Machine [Labrynth],Sub Space - The Bi-Machine [Labrynth]
"2010-07-30 - Ben Klock @ Voices, Propaganda, Moscow","https://www.mixesdb.com/w/2010-07-30_-_Ben_Klock_@_Voices,_Propaganda,_Moscow",,21,1:19:00,DVS1,Running [Klockworks],DVS1 - Running [Klockworks]
"2010-07-30 - Ben Klock @ Voices, Propaganda, Moscow","https://www.mixesdb.com/w/2010-07-30_-_Ben_Klock_@_Voices,_Propaganda,_Moscow",,22,1:22:00,Cajmere,Day by Day (Green Velvet Mix) [Cajual],Cajmere - Day by Day (Green Velvet Mix) [Cajual]
"2010-07-30 - Ben Klock @ Voices, Propaganda, Moscow","https://www.mixesdb.com/w/2010-07-30_-_Ben_Klock_@_Voices,_Propaganda,_Moscow",,23,1:25:22,Green Velvet,I Want To Leave My Body [Relief],Green Velvet - I Want To Leave My Body [Relief]
"2010-07-30 - Ben Klock @ Voices, Propaganda, Moscow","https://www.mixesdb.com/w/2010-07-30_-_Ben_Klock_@_Voices,_Propaganda,_Moscow",,24,1:29:37,,?,?
"2010-07-30 - Ben Klock @ Voices, Propaganda, Moscow","https://www.mixesdb.com/w/2010-07-30_-_Ben_Klock_@_Voices,_Propaganda,_Moscow",,25,1:31:00,Marcel Dettmann,Plain [Beatstreet],Marcel Dettmann - Plain [Beatstreet]
"2010-07-30 - Ben Klock @ Voices, Propaganda, Moscow","https://www.mixesdb.com/w/2010-07-30_-_Ben_Klock_@_Voices,_Propaganda,_Moscow",,26,1:35:00,,?,?
"2010-07-30 - Ben Klock @ Voices, Propaganda, Moscow","https://www.mixesdb.com/w/2010-07-30_-_Ben_Klock_@_Voices,_Propaganda,_Moscow",,27,1:37:37,Cajmere,Only 4 U (Green Velvet Mix) [Cajual],Cajmere - Only 4 U (Green Velvet Mix) [Cajual]
"2010-07-30 - Ben Klock @ Voices, Propaganda, Moscow","https://www.mixesdb.com/w/2010-07-30_-_Ben_Klock_@_Voices,_Propaganda,_Moscow",,28,1:40:18,DJ Hyperactive,Reptilian Tank [Contact],DJ Hyperactive - Reptilian Tank [Contact]
"2010-07-30 - Ben Klock @ Voices, Propaganda, Moscow","https://www.mixesdb.com/w/2010-07-30_-_Ben_Klock_@_Voices,_Propaganda,_Moscow",,29,1:43:46,,?,?
"2010-07-30 - Ben Klock @ Voices, Propaganda, Moscow","https://www.mixesdb.com/w/2010-07-30_-_Ben_Klock_@_Voices,_Propaganda,_Moscow",,30,1:46:05,Winx,How's The Music [Sorted],Winx - How's The Music [Sorted]
"2010-07-30 - Ben Klock @ Voices, Propaganda, Moscow","https://www.mixesdb.com/w/2010-07-30_-_Ben_Klock_@_Voices,_Propaganda,_Moscow",,31,1:51:00,Planetary Assault Systems,Surface Noise [Peacefrog],Planetary Assault Systems - Surface Noise [Peacefrog]
"2010-07-30 - Ben Klock @ Voices, Propaganda, Moscow","https://www.mixesdb.com/w/2010-07-30_-_Ben_Klock_@_Voices,_Propaganda,_Moscow",,32,1:57:04,Junior Boys,Work (Marcel Dettmann Remix) [Philomena],Junior Boys - Work (Marcel Dettmann Remix) [Philomena]
"2010-07-30 - Ben Klock @ Voices, Propaganda, Moscow","https://www.mixesdb.com/w/2010-07-30_-_Ben_Klock_@_Voices,_Propaganda,_Moscow",,33,2:01:44,DJ Bone,Water Slaves,DJ Bone - Water Slaves
"2010-07-30 - Ben Klock @ Voices, Propaganda, Moscow","https://www.mixesdb.com/w/2010-07-30_-_Ben_Klock_@_Voices,_Propaganda,_Moscow",,34,2:06:22,Rob Glennon,Bass Shifter (Paul Mac's Lo Fi Dub) [Nice & Nasty],Rob Glennon - Bass Shifter (Paul Mac's Lo Fi Dub) [Nice & Nasty]
"2010-07-30 - Ben Klock @ Voices, Propaganda, Moscow","https://www.mixesdb.com/w/2010-07-30_-_Ben_Klock_@_Voices,_Propaganda,_Moscow",,35,2:09:31,,?,?
"2010-07-30 - Ben Klock @ Voices, Propaganda, Moscow","https://www.mixesdb.com/w/2010-07-30_-_Ben_Klock_@_Voices,_Propaganda,_Moscow",,36,2:14:00,Klockworks,Pulse [Klockworks],Klockworks - Pulse [Klockworks]
"2010-07-30 - Ben Klock @ Voices, Propaganda, Moscow","https://www.mixesdb.com/w/2010-07-30_-_Ben_Klock_@_Voices,_Propaganda,_Moscow",,37,2:16:25,Klockworks,You [Klockworks],Klockworks - You [Klockworks]
"2010-07-30 - Ben Klock @ Voices, Propaganda, Moscow","https://www.mixesdb.com/w/2010-07-30_-_Ben_Klock_@_Voices,_Propaganda,_Moscow",,38,2:20:42,,?,?
"2010-07-30 - Ben Klock @ Voices, Propaganda, Moscow","https://www.mixesdb.com/w/2010-07-30_-_Ben_Klock_@_Voices,_Propaganda,_Moscow",,39,2:26:16,,?,?
"2010-07-30 - Ben Klock @ Voices, Propaganda, Moscow","https://www.mixesdb.com/w/2010-07-30_-_Ben_Klock_@_Voices,_Propaganda,_Moscow",,40,2:30:00,Black Jazz Consortium,Blacklight [Soul People Music],Black Jazz Consortium - Blacklight [Soul People Music]
"2010-07-30 - Ben Klock @ Voices, Propaganda, Moscow","https://www.mixesdb.com/w/2010-07-30_-_Ben_Klock_@_Voices,_Propaganda,_Moscow",,41,2:34:10,,?,?
"2010-07-30 - Ben Klock @ Voices, Propaganda, Moscow","https://www.mixesdb.com/w/2010-07-30_-_Ben_Klock_@_Voices,_Propaganda,_Moscow",,42,2:36:53,,?,?
"2010-07-30 - Ben Klock @ Voices, Propaganda, Moscow","https://www.mixesdb.com/w/2010-07-30_-_Ben_Klock_@_Voices,_Propaganda,_Moscow",,43,2:40:23,,?,?
"2010-07-30 - Ben Klock @ Voices, Propaganda, Moscow","https://www.mixesdb.com/w/2010-07-30_-_Ben_Klock_@_Voices,_Propaganda,_Moscow",,44,2:42:30,,?,?
"2010-07-30 - Ben Klock @ Voices, Propaganda, Moscow","https://www.mixesdb.com/w/2010-07-30_-_Ben_Klock_@_Voices,_Propaganda,_Moscow",,45,2:46:00,,?,?
"2010-07-30 - Ben Klock @ Voices, Propaganda, Moscow","https://www.mixesdb.com/w/2010-07-30_-_Ben_Klock_@_Voices,_Propaganda,_Moscow",,46,2:51:16,Lionrock,The Packet Of Peace (The Jeff Mills Deep House Mix) [Deconstruction],Lionrock - The Packet Of Peace (The Jeff Mills Deep House Mix) [Deconstruction]
"2010-07-30 - Ben Klock @ Voices, Propaganda, Moscow","https://www.mixesdb.com/w/2010-07-30_-_Ben_Klock_@_Voices,_Propaganda,_Moscow",,47,2:55:00,,?,?
"2010-07-30 - Ben Klock @ Voices, Propaganda, Moscow","https://www.mixesdb.com/w/2010-07-30_-_Ben_Klock_@_Voices,_Propaganda,_Moscow",,48,2:58:29,,?,?
"2010-07-30 - Ben Klock @ Voices, Propaganda, Moscow","https://www.mixesdb.com/w/2010-07-30_-_Ben_Klock_@_Voices,_Propaganda,_Moscow",,49,3:02:21,Klockworks,Sean [Klockworks],Klockworks - Sean [Klockworks]
"2010-07-30 - Ben Klock @ Voices, Propaganda, Moscow","https://www.mixesdb.com/w/2010-07-30_-_Ben_Klock_@_Voices,_Propaganda,_Moscow",,50,3:06:14,Martyn Feat. Spaceape,Is This Insanity? (Ben Klock Remix) [3024],Martyn Feat. Spaceape - Is This Insanity? (Ben Klock Remix) [3024]
"2010-07-30 - Ben Klock @ Voices, Propaganda, Moscow","https://www.mixesdb.com/w/2010-07-30_-_Ben_Klock_@_Voices,_Propaganda,_Moscow",,51,3:11:43,,?,?
"2010-07-30 - Ben Klock @ Voices, Propaganda, Moscow","https://www.mixesdb.com/w/2010-07-30_-_Ben_Klock_@_Voices,_Propaganda,_Moscow",,52,3:17:00,,?,?
"2010-07-30 - Ben Klock @ Voices, Propaganda, Moscow","https://www.mixesdb.com/w/2010-07-30_-_Ben_Klock_@_Voices,_Propaganda,_Moscow",,53,3:19:34,,?,?
"2010-07-30 - Ben Klock @ Voices, Propaganda, Moscow","https://www.mixesdb.com/w/2010-07-30_-_Ben_Klock_@_Voices,_Propaganda,_Moscow",,54,3:23:00,DVS1,Pressure [Transmat],DVS1 - Pressure [Transmat]
"2010-07-30 - Ben Klock @ Voices, Propaganda, Moscow","https://www.mixesdb.com/w/2010-07-30_-_Ben_Klock_@_Voices,_Propaganda,_Moscow",,55,3:29:13,Kenny Larkin,Glob (Ben Klock Remix 1) [Planet E],Kenny Larkin - Glob (Ben Klock Remix 1) [Planet E]
"2010-07-30 - Ben Klock @ Voices, Propaganda, Moscow","https://www.mixesdb.com/w/2010-07-30_-_Ben_Klock_@_Voices,_Propaganda,_Moscow",,56,3:33:01,Maurizio,M5-A [Maurizo],Maurizio - M5-A [Maurizo]
"2010-07-30 - Ben Klock @ Voices, Propaganda, Moscow","https://www.mixesdb.com/w/2010-07-30_-_Ben_Klock_@_Voices,_Propaganda,_Moscow",,57,3:37:41,Italojohnson,ITJ 01-A [ItaloJohnson],Italojohnson - ITJ 01-A [ItaloJohnson]
"2010-07-30 - Ben Klock @ Voices, Propaganda, Moscow","https://www.mixesdb.com/w/2010-07-30_-_Ben_Klock_@_Voices,_Propaganda,_Moscow",,58,3:44:30,Omar S,A Victim [FXHE],Omar S - A Victim [FXHE]
2022-04-17 - Ben Klock @ Awakenings Easter Festival 2022,https://www.mixesdb.com/w/2022-04-17_-_Ben_Klock_@_Awakenings_Easter_Festival_2022,,1,0:00:00,Ignez,Cure [Token],Ignez - Cure [Token]
2022-04-17 - Ben Klock @ Awakenings Easter Festival 2022,https://www.mixesdb.com/w/2022-04-17_-_Ben_Klock_@_Awakenings_Easter_Festival_2022,,2,0:05:20,Dustmite,Filaments & Jaws,Dustmite - Filaments & Jaws
2022-04-17 - Ben Klock @ Awakenings Easter Festival 2022,https://www.mixesdb.com/w/2022-04-17_-_Ben_Klock_@_Awakenings_Easter_Festival_2022,,3,0:08:00,Atonism,Exhale,Atonism - Exhale
2022-04-17 - Ben Klock @ Awakenings Easter Festival 2022,https://www.mixesdb.com/w/2022-04-17_-_Ben_Klock_@_Awakenings_Easter_Festival_2022,,4,0:09:50,Alarico,27th District (MATRiXXMAN Remix),Alarico - 27th District (MATRiXXMAN Remix)
2022-04-17 - Ben Klock @ Awakenings Easter Festival 2022,https://www.mixesdb.com/w/2022-04-17_-_Ben_Klock_@_Awakenings_Easter_Festival_2022,,5,0:11:45,The Advent,Ramage,The Advent - Ramage
2022-04-17 - Ben Klock @ Awakenings Easter Festival 2022,https://www.mixesdb.com/w/2022-04-17_-_Ben_Klock_@_Awakenings_Easter_Festival_2022,,6,0:15:00,Temudo,Lea & Blanche [Blueprint],Temudo - Lea & Blanche [Blueprint]
2022-04-17 - Ben Klock @ Awakenings Easter Festival 2022,https://www.mixesdb.com/w/2022-04-17_-_Ben_Klock_@_Awakenings_Easter_Festival_2022,,7,0:18:30,Marcal,The Only Way Is Forward [Hardgroove],Marcal - The Only Way Is Forward [Hardgroove]
2022-04-17 - Ben Klock @ Awakenings Easter Festival 2022,https://www.mixesdb.com/w/2022-04-17_-_Ben_Klock_@_Awakenings_Easter_Festival_2022,,8,0:21:20,Marcal,Ainozama [Rekids],Marcal - Ainozama [Rekids]
2022-04-17 - Ben Klock @ Awakenings Easter Festival 2022,https://www.mixesdb.com/w/2022-04-17_-_Ben_Klock_@_Awakenings_Easter_Festival_2022,,9,0:26:25,Mion,Fused,Mion - Fused
2022-04-17 - Ben Klock @ Awakenings Easter Festival 2022,https://www.mixesdb.com/w/2022-04-17_-_Ben_Klock_@_Awakenings_Easter_Festival_2022,,10,0:29:30,Alexandre Laeddis,Backhand,Alexandre Laeddis - Backhand
2022-04-17 - Ben Klock @ Awakenings Easter Festival 2022,https://www.mixesdb.com/w/2022-04-17_-_Ben_Klock_@_Awakenings_Easter_Festival_2022,,11,0:33:05,YANT,Solidarity On The Line,YANT - Solidarity On The Line
2022-04-17 - Ben Klock @ Awakenings Easter Festival 2022,https://www.mixesdb.com/w/2022-04-17_-_Ben_Klock_@_Awakenings_Easter_Festival_2022,,12,0:36:30,Surgeon,First (Outline Mix) (Len Faki Hardspace Mix),Surgeon - First (Outline Mix) (Len Faki Hardspace Mix)
2022-04-17 - Ben Klock @ Awakenings Easter Festival 2022,https://www.mixesdb.com/w/2022-04-17_-_Ben_Klock_@_Awakenings_Easter_Festival_2022,,13,0:39:00,Ø [Phase],Human Error (Stef Mendesidis Remix),Ø [Phase] - Human Error (Stef Mendesidis Remix)
2022-04-17 - Ben Klock @ Awakenings Easter Festival 2022,https://www.mixesdb.com/w/2022-04-17_-_Ben_Klock_@_Awakenings_Easter_Festival_2022,,14,0:43:45,CRAVO,FORTE2014 [HAYES],CRAVO - FORTE2014 [HAYES]
2022-04-17 - Ben Klock @ Awakenings Easter Festival 2022,https://www.mixesdb.com/w/2022-04-17_-_Ben_Klock_@_Awakenings_Easter_Festival_2022,,15,0:45:40,Thomas P. Heckmann,Knarzmaschine,Thomas P. Heckmann - Knarzmaschine
2022-04-17 - Ben Klock @ Awakenings Easter Festival 2022,https://www.mixesdb.com/w/2022-04-17_-_Ben_Klock_@_Awakenings_Easter_Festival_2022,,16,0:49:20,Anika Kunst,Hidden Intention [Symbolism],Anika Kunst - Hidden Intention [Symbolism]
2022-04-17 - Ben Klock @ Awakenings Easter Festival 2022,https://www.mixesdb.com/w/2022-04-17_-_Ben_Klock_@_Awakenings_Easter_Festival_2022,,17,0:54:20,A. Morgan,Flesh [NewRhythmic],A. Morgan - Flesh [NewRhythmic]
2022-04-17 - Ben Klock @ Awakenings Easter Festival 2022,https://www.mixesdb.com/w/2022-04-17_-_Ben_Klock_@_Awakenings_Easter_Festival_2022,,18,0:55:30,Arnaud Le Texier,Axioms [Children Of Tomorrow],Arnaud Le Texier - Axioms [Children Of Tomorrow]
2022-04-17 - Ben Klock @ Awakenings Easter Festival 2022,https://www.mixesdb.com/w/2022-04-17_-_Ben_Klock_@_Awakenings_Easter_Festival_2022,,19,0:58:10,Elektrabel,Bradafaak,Elektrabel - Bradafaak
2022-04-17 - Ben Klock @ Awakenings Easter Festival 2022,https://www.mixesdb.com/w/2022-04-17_-_Ben_Klock_@_Awakenings_Easter_Festival_2022,,20,1:02:30,Stef Mendesidis,Sonica,Stef Mendesidis - Sonica
2022-04-17 - Ben Klock @ Awakenings Easter Festival 2022,https://www.mixesdb.com/w/2022-04-17_-_Ben_Klock_@_Awakenings_Easter_Festival_2022,,21,1:05:05,Albert Zhirnov,Old Malt [Clergy],Albert Zhirnov - Old Malt [Clergy]
2022-04-17 - Ben Klock @ Awakenings Easter Festival 2022,https://www.mixesdb.com/w/2022-04-17_-_Ben_Klock_@_Awakenings_Easter_Festival_2022,,22,1:08:00,Andreas Kramer & Faris Al Hassoni,Manslaughter,Andreas Kramer & Faris Al Hassoni - Manslaughter
2022-04-17 - Ben Klock @ Awakenings Easter Festival 2022,https://www.mixesdb.com/w/2022-04-17_-_Ben_Klock_@_Awakenings_Easter_Festival_2022,,23,1:12:50,Troy,Zenith,Troy - Zenith
2022-04-17 - Ben Klock @ Awakenings Easter Festival 2022,https://www.mixesdb.com/w/2022-04-17_-_Ben_Klock_@_Awakenings_Easter_Festival_2022,,24,1:16:50,CRAVO,Backwash,CRAVO - Backwash
2022-04-17 - Ben Klock @ Awakenings Easter Festival 2022,https://www.mixesdb.com/w/2022-04-17_-_Ben_Klock_@_Awakenings_Easter_Festival_2022,,25,1:19:30,Woody McBride,Who Am I? (Hard Mix) [Communiqué USA],Woody McBride - Who Am I? (Hard Mix) [Communiqué USA]
2022-04-17 - Ben Klock @ Awakenings Easter Festival 2022,https://www.mixesdb.com/w/2022-04-17_-_Ben_Klock_@_Awakenings_Easter_Festival_2022,,26,1:23:30,D.Dan,Mutant Future,D.Dan - Mutant Future
2022-04-17 - Ben Klock @ Awakenings Easter Festival 2022,https://www.mixesdb.com/w/2022-04-17_-_Ben_Klock_@_Awakenings_Easter_Festival_2022,,27,1:27:11,David Carretta,Vicious Game 2018 (Mark Broom Remix V2) [GND],David Carretta - Vicious Game 2018 (Mark Broom Remix V2) [GND]
2022-04-17 - Ben Klock @ Awakenings Easter Festival 2022,https://www.mixesdb.com/w/2022-04-17_-_Ben_Klock_@_Awakenings_Easter_Festival_2022,,28,1:30:10,DJ Dextro,Vazio De Bootes [Suara],DJ Dextro - Vazio De Bootes [Suara]
2022-04-17 - Ben Klock @ Awakenings Easter Festival 2022,https://www.mixesdb.com/w/2022-04-17_-_Ben_Klock_@_Awakenings_Easter_Festival_2022,,29,1:34:40,Amotik,Pachpan [AMOTIK],Amotik - Pachpan [AMOTIK]
2022-04-17 - Ben Klock @ Awakenings Easter Festival 2022,https://www.mixesdb.com/w/2022-04-17_-_Ben_Klock_@_Awakenings_Easter_Festival_2022,,30,1:39:15,Ben Klock & Fadi Mohem,Gateway,Ben Klock & Fadi Mohem - Gateway
2022-04-17 - Ben Klock @ Awakenings Easter Festival 2022,https://www.mixesdb.com/w/2022-04-17_-_Ben_Klock_@_Awakenings_Easter_Festival_2022,,31,1:43:40,DJ Dextro,Expect Nothing [Naked Lunch],DJ Dextro - Expect Nothing [Naked Lunch]
2022-04-17 - Ben Klock @ Awakenings Easter Festival 2022,https://www.mixesdb.com/w/2022-04-17_-_Ben_Klock_@_Awakenings_Easter_Festival_2022,,32,1:45:30,Ignez,? [Unreleased],Ignez - ? [Unreleased]
2022-04-17 - Ben Klock @ Awakenings Easter Festival 2022,https://www.mixesdb.com/w/2022-04-17_-_Ben_Klock_@_Awakenings_Easter_Festival_2022,,33,1:49:20,Franz Jager,Overhead Tool [SYXT],Franz Jager - Overhead Tool [SYXT]
2022-04-17 - Ben Klock @ Awakenings Easter Festival 2022,https://www.mixesdb.com/w/2022-04-17_-_Ben_Klock_@_Awakenings_Easter_Festival_2022,,34,1:52:00,Digital Express,"Man, Woman, Love [Armada]","Digital Express - Man, Woman, Love [Armada]"
2022-04-17 - Ben Klock @ Awakenings Easter Festival 2022,https://www.mixesdb.com/w/2022-04-17_-_Ben_Klock_@_Awakenings_Easter_Festival_2022,,35,1:55:00,Levon Vincent,4Am Rush,Levon Vincent - 4Am Rush
"2021-07-29 - Ben Klock X Etapp Kyle (Live PA) @ 16 Years Ostgut Ton, Halle, Berghain, Berlin (ARTE Concert)","https://www.mixesdb.com/w/2021-07-29_-_Ben_Klock_X_Etapp_Kyle_(Live_PA)_@_16_Years_Ostgut_Ton,_Halle,_Berghain,_Berlin_(ARTE_Concert)",,1,00,,Interview,Interview
"2021-07-29 - Ben Klock X Etapp Kyle (Live PA) @ 16 Years Ostgut Ton, Halle, Berghain, Berlin (ARTE Concert)","https://www.mixesdb.com/w/2021-07-29_-_Ben_Klock_X_Etapp_Kyle_(Live_PA)_@_16_Years_Ostgut_Ton,_Halle,_Berghain,_Berlin_(ARTE_Concert)",,2,03,Ø [Phase],Module Overload [Cosmic],Ø [Phase] - Module Overload [Cosmic]
"2021-07-29 - Ben Klock X Etapp Kyle (Live PA) @ 16 Years Ostgut Ton, Halle, Berghain, Berlin (ARTE Concert)","https://www.mixesdb.com/w/2021-07-29_-_Ben_Klock_X_Etapp_Kyle_(Live_PA)_@_16_Years_Ostgut_Ton,_Halle,_Berghain,_Berlin_(ARTE_Concert)",,3,06,,?,?
"2021-07-29 - Ben Klock X Etapp Kyle (Live PA) @ 16 Years Ostgut Ton, Halle, Berghain, Berlin (ARTE Concert)","https://www.mixesdb.com/w/2021-07-29_-_Ben_Klock_X_Etapp_Kyle_(Live_PA)_@_16_Years_Ostgut_Ton,_Halle,_Berghain,_Berlin_(ARTE_Concert)",,4,09,Tomash Gee,Bug [Audio Assault],Tomash Gee - Bug [Audio Assault]
"2021-07-29 - Ben Klock X Etapp Kyle (Live PA) @ 16 Years Ostgut Ton, Halle, Berghain, Berlin (ARTE Concert)","https://www.mixesdb.com/w/2021-07-29_-_Ben_Klock_X_Etapp_Kyle_(Live_PA)_@_16_Years_Ostgut_Ton,_Halle,_Berghain,_Berlin_(ARTE_Concert)",,5,12,,?,?
"2021-07-29 - Ben Klock X Etapp Kyle (Live PA) @ 16 Years Ostgut Ton, Halle, Berghain, Berlin (ARTE Concert)","https://www.mixesdb.com/w/2021-07-29_-_Ben_Klock_X_Etapp_Kyle_(Live_PA)_@_16_Years_Ostgut_Ton,_Halle,_Berghain,_Berlin_(ARTE_Concert)",,6,14,NYCO,Bellona [Self Reflektion],NYCO - Bellona [Self Reflektion]
"2021-07-29 - Ben Klock X Etapp Kyle (Live PA) @ 16 Years Ostgut Ton, Halle, Berghain, Berlin (ARTE Concert)","https://www.mixesdb.com/w/2021-07-29_-_Ben_Klock_X_Etapp_Kyle_(Live_PA)_@_16_Years_Ostgut_Ton,_Halle,_Berghain,_Berlin_(ARTE_Concert)",,7,17,Basic Implant,Borisch Musik [Audiotools],Basic Implant - Borisch Musik [Audiotools]
"2021-07-29 - Ben Klock X Etapp Kyle (Live PA) @ 16 Years Ostgut Ton, Halle, Berghain, Berlin (ARTE Concert)","https://www.mixesdb.com/w/2021-07-29_-_Ben_Klock_X_Etapp_Kyle_(Live_PA)_@_16_Years_Ostgut_Ton,_Halle,_Berghain,_Berlin_(ARTE_Concert)",,8,20,Oliver Way,Electronic Sockets [Urban Substance],Oliver Way - Electronic Sockets [Urban Substance]
"2021-07-29 - Ben Klock X Etapp Kyle (Live PA) @ 16 Years Ostgut Ton, Halle, Berghain, Berlin (ARTE Concert)","https://www.mixesdb.com/w/2021-07-29_-_Ben_Klock_X_Etapp_Kyle_(Live_PA)_@_16_Years_Ostgut_Ton,_Halle,_Berghain,_Berlin_(ARTE_Concert)",,9,23,The Source Experience,Zyklus Part 1,The Source Experience - Zyklus Part 1
"2021-07-29 - Ben Klock X Etapp Kyle (Live PA) @ 16 Years Ostgut Ton, Halle, Berghain, Berlin (ARTE Concert)","https://www.mixesdb.com/w/2021-07-29_-_Ben_Klock_X_Etapp_Kyle_(Live_PA)_@_16_Years_Ostgut_Ton,_Halle,_Berghain,_Berlin_(ARTE_Concert)",,10,24,Bas Mooy & Vincent De Wit,Zondagsschool [Audio Assault],Bas Mooy & Vincent De Wit - Zondagsschool [Audio Assault]
"2021-07-29 - Ben Klock X Etapp Kyle (Live PA) @ 16 Years Ostgut Ton, Halle, Berghain, Berlin (ARTE Concert)","https://www.mixesdb.com/w/2021-07-29_-_Ben_Klock_X_Etapp_Kyle_(Live_PA)_@_16_Years_Ostgut_Ton,_Halle,_Berghain,_Berlin_(ARTE_Concert)",,11,26,,?,?
"2021-07-29 - Ben Klock X Etapp Kyle (Live PA) @ 16 Years Ostgut Ton, Halle, Berghain, Berlin (ARTE Concert)","https://www.mixesdb.com/w/2021-07-29_-_Ben_Klock_X_Etapp_Kyle_(Live_PA)_@_16_Years_Ostgut_Ton,_Halle,_Berghain,_Berlin_(ARTE_Concert)",,12,29,Jay Denham,Attack,Jay Denham - Attack
"2021-07-29 - Ben Klock X Etapp Kyle (Live PA) @ 16 Years Ostgut Ton, Halle, Berghain, Berlin (ARTE Concert)","https://www.mixesdb.com/w/2021-07-29_-_Ben_Klock_X_Etapp_Kyle_(Live_PA)_@_16_Years_Ostgut_Ton,_Halle,_Berghain,_Berlin_(ARTE_Concert)",,13,31,SW.,Untitled D2 [Apollo (Proton)],SW. - Untitled D2 [Apollo (Proton)]
"2021-07-29 - Ben Klock X Etapp Kyle (Live PA) @ 16 Years Ostgut Ton, Halle, Berghain, Berlin (ARTE Concert)","https://www.mixesdb.com/w/2021-07-29_-_Ben_Klock_X_Etapp_Kyle_(Live_PA)_@_16_Years_Ostgut_Ton,_Halle,_Berghain,_Berlin_(ARTE_Concert)",,14,35,Stef Mendesidis,Stalker [Klockworks],Stef Mendesidis - Stalker [Klockworks]
"2021-07-29 - Ben Klock X Etapp Kyle (Live PA) @ 16 Years Ostgut Ton, Halle, Berghain, Berlin (ARTE Concert)","https://www.mixesdb.com/w/2021-07-29_-_Ben_Klock_X_Etapp_Kyle_(Live_PA)_@_16_Years_Ostgut_Ton,_Halle,_Berghain,_Berlin_(ARTE_Concert)",,15,40,Holy Ghost,Dr. Strangelove [Tresor],Holy Ghost - Dr. Strangelove [Tresor]
"2021-07-29 - Ben Klock X Etapp Kyle (Live PA) @ 16 Years Ostgut Ton, Halle, Berghain, Berlin (ARTE Concert)","https://www.mixesdb.com/w/2021-07-29_-_Ben_Klock_X_Etapp_Kyle_(Live_PA)_@_16_Years_Ostgut_Ton,_Halle,_Berghain,_Berlin_(ARTE_Concert)",,16,42,Chris Liebing,Dandu Groove (Andrew Richley Remix) [Fine],Chris Liebing - Dandu Groove (Andrew Richley Remix) [Fine]
"2021-07-29 - Ben Klock X Etapp Kyle (Live PA) @ 16 Years Ostgut Ton, Halle, Berghain, Berlin (ARTE Concert)","https://www.mixesdb.com/w/2021-07-29_-_Ben_Klock_X_Etapp_Kyle_(Live_PA)_@_16_Years_Ostgut_Ton,_Halle,_Berghain,_Berlin_(ARTE_Concert)",,17,45,,?,?
"2021-07-29 - Ben Klock X Etapp Kyle (Live PA) @ 16 Years Ostgut Ton, Halle, Berghain, Berlin (ARTE Concert)","https://www.mixesdb.com/w/2021-07-29_-_Ben_Klock_X_Etapp_Kyle_(Live_PA)_@_16_Years_Ostgut_Ton,_Halle,_Berghain,_Berlin_(ARTE_Concert)",,18,47,Oscar Mulero,Gradiente De Voltaje [Polegroup],Oscar Mulero - Gradiente De Voltaje [Polegroup]
"2021-07-29 - Ben Klock X Etapp Kyle (Live PA) @ 16 Years Ostgut Ton, Halle, Berghain, Berlin (ARTE Concert)","https://www.mixesdb.com/w/2021-07-29_-_Ben_Klock_X_Etapp_Kyle_(Live_PA)_@_16_Years_Ostgut_Ton,_Halle,_Berghain,_Berlin_(ARTE_Concert)",,19,50,Pacou,Ion Engine [Djax-Up-Beats],Pacou - Ion Engine [Djax-Up-Beats]
"2021-07-29 - Ben Klock X Etapp Kyle (Live PA) @ 16 Years Ostgut Ton, Halle, Berghain, Berlin (ARTE Concert)","https://www.mixesdb.com/w/2021-07-29_-_Ben_Klock_X_Etapp_Kyle_(Live_PA)_@_16_Years_Ostgut_Ton,_Halle,_Berghain,_Berlin_(ARTE_Concert)",,20,52,,?,?
"2021-07-29 - Ben Klock X Etapp Kyle (Live PA) @ 16 Years Ostgut Ton, Halle, Berghain, Berlin (ARTE Concert)","https://www.mixesdb.com/w/2021-07-29_-_Ben_Klock_X_Etapp_Kyle_(Live_PA)_@_16_Years_Ostgut_Ton,_Halle,_Berghain,_Berlin_(ARTE_Concert)",,21,55,Oscar Mulero,CV Is Dead [Warm Up],Oscar Mulero - CV Is Dead [Warm Up]
"2021-07-29 - Ben Klock X Etapp Kyle (Live PA) @ 16 Years Ostgut Ton, Halle, Berghain, Berlin (ARTE Concert)","https://www.mixesdb.com/w/2021-07-29_-_Ben_Klock_X_Etapp_Kyle_(Live_PA)_@_16_Years_Ostgut_Ton,_Halle,_Berghain,_Berlin_(ARTE_Concert)",,22,58,DEAS,Intro [Dynamic Reflection],DEAS - Intro [Dynamic Reflection]
"2021-07-29 - Ben Klock X Etapp Kyle (Live PA) @ 16 Years Ostgut Ton, Halle, Berghain, Berlin (ARTE Concert)","https://www.mixesdb.com/w/2021-07-29_-_Ben_Klock_X_Etapp_Kyle_(Live_PA)_@_16_Years_Ostgut_Ton,_Halle,_Berghain,_Berlin_(ARTE_Concert)",,23,62,Barker,Utility [Ostgut Ton],Barker - Utility [Ostgut Ton]
2025-07-11 - Ben Klock @ Stone Techno Festival,https://www.mixesdb.com/w/2025-07-11_-_Ben_Klock_@_Stone_Techno_Festival,,1,000,Jonas Kopp,Code Of Evolution [HAYES],Jonas Kopp - Code Of Evolution [HAYES]
2025-07-11 - Ben Klock @ Stone Techno Festival,https://www.mixesdb.com/w/2025-07-11_-_Ben_Klock_@_Stone_Techno_Festival,,2,003,Playmo,My Darknes,Playmo - My Darknes
2025-07-11 - Ben Klock @ Stone Techno Festival,https://www.mixesdb.com/w/2025-07-11_-_Ben_Klock_@_Stone_Techno_Festival,,3,005,Linear System,Hyacinthus [Molecular],Linear System - Hyacinthus [Molecular]
2025-07-11 - Ben Klock @ Stone Techno Festival,https://www.mixesdb.com/w/2025-07-11_-_Ben_Klock_@_Stone_Techno_Festival,,4,008,Klint,K9 [Illegal Alien],Klint - K9 [Illegal Alien]
2025-07-11 - Ben Klock @ Stone Techno Festival,https://www.mixesdb.com/w/2025-07-11_-_Ben_Klock_@_Stone_Techno_Festival,,5,010,Kika,Tysha (DJ Dextro Remix) [Codein],Kika - Tysha (DJ Dextro Remix) [Codein]
2025-07-11 - Ben Klock @ Stone Techno Festival,https://www.mixesdb.com/w/2025-07-11_-_Ben_Klock_@_Stone_Techno_Festival,,6,012,Perc,The Drums (Future Remix) [Hypercolour],Perc - The Drums (Future Remix) [Hypercolour]
2025-07-11 - Ben Klock @ Stone Techno Festival,https://www.mixesdb.com/w/2025-07-11_-_Ben_Klock_@_Stone_Techno_Festival,,7,015,Arthur Robert,Never Again [HAYES],Arthur Robert - Never Again [HAYES]
2025-07-11 - Ben Klock @ Stone Techno Festival,https://www.mixesdb.com/w/2025-07-11_-_Ben_Klock_@_Stone_Techno_Festival,,8,017,Malseine,Looking In The Mirror,Malseine - Looking In The Mirror
2025-07-11 - Ben Klock @ Stone Techno Festival,https://www.mixesdb.com/w/2025-07-11_-_Ben_Klock_@_Stone_Techno_Festival,,9,019,Ebass,Nothing But The Rain [SK_Eleven],Ebass - Nothing But The Rain [SK_Eleven]
2025-07-11 - Ben Klock @ Stone Techno Festival,https://www.mixesdb.com/w/2025-07-11_-_Ben_Klock_@_Stone_Techno_Festival,,10,021,,?,?
2025-07-11 - Ben Klock @ Stone Techno Festival,https://www.mixesdb.com/w/2025-07-11_-_Ben_Klock_@_Stone_Techno_Festival,,11,024,Krissfa,Sonic Surge [HAYES],Krissfa - Sonic Surge [HAYES]
2025-07-11 - Ben Klock @ Stone Techno Festival,https://www.mixesdb.com/w/2025-07-11_-_Ben_Klock_@_Stone_Techno_Festival,,12,027,,?,?
2025-07-11 - Ben Klock @ Stone Techno Festival,https://www.mixesdb.com/w/2025-07-11_-_Ben_Klock_@_Stone_Techno_Festival,,13,031,Vekh,Akiko (Jonas Kopp Remix) [Virescence],Vekh - Akiko (Jonas Kopp Remix) [Virescence]
2025-07-11 - Ben Klock @ Stone Techno Festival,https://www.mixesdb.com/w/2025-07-11_-_Ben_Klock_@_Stone_Techno_Festival,,14,035,,?,?
2025-07-11 - Ben Klock @ Stone Techno Festival,https://www.mixesdb.com/w/2025-07-11_-_Ben_Klock_@_Stone_Techno_Festival,,15,039,Jeroen Search,The Method Differs [PoleGroup],Jeroen Search - The Method Differs [PoleGroup]
2025-07-11 - Ben Klock @ Stone Techno Festival,https://www.mixesdb.com/w/2025-07-11_-_Ben_Klock_@_Stone_Techno_Festival,,16,042,Lewis Fautzi,Shadows Of Tomorrow,Lewis Fautzi - Shadows Of Tomorrow
2025-07-11 - Ben Klock @ Stone Techno Festival,https://www.mixesdb.com/w/2025-07-11_-_Ben_Klock_@_Stone_Techno_Festival,,17,045,Joline Scheffler,Anisoptera (Franz Jäger Remix) [Room Trax],Joline Scheffler - Anisoptera (Franz Jäger Remix) [Room Trax]
2025-07-11 - Ben Klock @ Stone Techno Festival,https://www.mixesdb.com/w/2025-07-11_-_Ben_Klock_@_Stone_Techno_Festival,,18,048,Van Sorgen,Tanker [Diffuse Reality],Van Sorgen - Tanker [Diffuse Reality]
2025-07-11 - Ben Klock @ Stone Techno Festival,https://www.mixesdb.com/w/2025-07-11_-_Ben_Klock_@_Stone_Techno_Festival,,19,052,Anml Mthr,Silent Void [Zodiak Commune],Anml Mthr - Silent Void [Zodiak Commune]
2025-07-11 - Ben Klock @ Stone Techno Festival,https://www.mixesdb.com/w/2025-07-11_-_Ben_Klock_@_Stone_Techno_Festival,,20,054,Volster,EXPOSITION L (Linear System Remix) [Secession],Volster - EXPOSITION L (Linear System Remix) [Secession]
2025-07-11 - Ben Klock @ Stone Techno Festival,https://www.mixesdb.com/w/2025-07-11_-_Ben_Klock_@_Stone_Techno_Festival,,21,056,Mac Declos,The Ritual [Xx Lab],Mac Declos - The Ritual [Xx Lab]
2025-07-11 - Ben Klock @ Stone Techno Festival,https://www.mixesdb.com/w/2025-07-11_-_Ben_Klock_@_Stone_Techno_Festival,,22,060,Metapattern,Sel [Renegade Methodz],Metapattern - Sel [Renegade Methodz]
2025-07-11 - Ben Klock @ Stone Techno Festival,https://www.mixesdb.com/w/2025-07-11_-_Ben_Klock_@_Stone_Techno_Festival,,23,064,Ribé & Roll Dann,Tregua,Ribé & Roll Dann - Tregua
2025-07-11 - Ben Klock @ Stone Techno Festival,https://www.mixesdb.com/w/2025-07-11_-_Ben_Klock_@_Stone_Techno_Festival,,24,067,Slone,Nightingale [Room Trax],Slone - Nightingale [Room Trax]
2025-07-11 - Ben Klock @ Stone Techno Festival,https://www.mixesdb.com/w/2025-07-11_-_Ben_Klock_@_Stone_Techno_Festival,,25,070,Exos,Begin [X/OZ Music],Exos - Begin [X/OZ Music]
2025-07-11 - Ben Klock @ Stone Techno Festival,https://www.mixesdb.com/w/2025-07-11_-_Ben_Klock_@_Stone_Techno_Festival,,26,073,Boyd Schidt,SAD VAR [MORD],Boyd Schidt - SAD VAR [MORD]
2025-07-11 - Ben Klock @ Stone Techno Festival,https://www.mixesdb.com/w/2025-07-11_-_Ben_Klock_@_Stone_Techno_Festival,,27,075,Oscar Mulero,A Very Unusual Brightening,Oscar Mulero - A Very Unusual Brightening
2025-07-11 - Ben Klock @ Stone Techno Festival,https://www.mixesdb.com/w/2025-07-11_-_Ben_Klock_@_Stone_Techno_Festival,,28,077,Laval,Love Crime,Laval - Love Crime
2025-07-11 - Ben Klock @ Stone Techno Festival,https://www.mixesdb.com/w/2025-07-11_-_Ben_Klock_@_Stone_Techno_Festival,,29,081,Van Sorgen,Aircrunch [Diffuse Reality],Van Sorgen - Aircrunch [Diffuse Reality]
2025-07-11 - Ben Klock @ Stone Techno Festival,https://www.mixesdb.com/w/2025-07-11_-_Ben_Klock_@_Stone_Techno_Festival,,30,083,ConFusioN,Reflex [SK_Eleven],ConFusioN - Reflex [SK_Eleven]
2025-07-11 - Ben Klock @ Stone Techno Festival,https://www.mixesdb.com/w/2025-07-11_-_Ben_Klock_@_Stone_Techno_Festival,,31,086,Dimi Angelis,Intergalactic (Decka Remix) [ANGLS],Dimi Angelis - Intergalactic (Decka Remix) [ANGLS]
2025-07-11 - Ben Klock @ Stone Techno Festival,https://www.mixesdb.com/w/2025-07-11_-_Ben_Klock_@_Stone_Techno_Festival,,32,088,Cirkle,Shamanic [Sublunar],Cirkle - Shamanic [Sublunar]
2025-07-11 - Ben Klock @ Stone Techno Festival,https://www.mixesdb.com/w/2025-07-11_-_Ben_Klock_@_Stone_Techno_Festival,,33,091,,?,?
2025-07-11 - Ben Klock @ Stone Techno Festival,https://www.mixesdb.com/w/2025-07-11_-_Ben_Klock_@_Stone_Techno_Festival,,34,095,Fvks,Adjustment [Oecus],Fvks - Adjustment [Oecus]
2025-07-11 - Ben Klock @ Stone Techno Festival,https://www.mixesdb.com/w/2025-07-11_-_Ben_Klock_@_Stone_Techno_Festival,,35,097,Ribé & Roll Dann,Secuela,Ribé & Roll Dann - Secuela
2025-07-11 - Ben Klock @ Stone Techno Festival,https://www.mixesdb.com/w/2025-07-11_-_Ben_Klock_@_Stone_Techno_Festival,,36,101,,?,?
2025-07-11 - Ben Klock @ Stone Techno Festival,https://www.mixesdb.com/w/2025-07-11_-_Ben_Klock_@_Stone_Techno_Festival,,37,105,Son Error,Fluctuating Pulsewidth [AKRONYM],Son Error - Fluctuating Pulsewidth [AKRONYM]
2025-07-11 - Ben Klock @ Stone Techno Festival,https://www.mixesdb.com/w/2025-07-11_-_Ben_Klock_@_Stone_Techno_Festival,,38,107,,?,?
2025-07-11 - Ben Klock @ Stone Techno Festival,https://www.mixesdb.com/w/2025-07-11_-_Ben_Klock_@_Stone_Techno_Festival,,39,110,Sub Basics,Anomaly [TH Tar Hallow],Sub Basics - Anomaly [TH Tar Hallow]
2025-07-11 - Ben Klock @ Stone Techno Festival,https://www.mixesdb.com/w/2025-07-11_-_Ben_Klock_@_Stone_Techno_Festival,,40,115,Human Safari,Classique [Mutual Rytm],Human Safari - Classique [Mutual Rytm]
2025-07-11 - Ben Klock @ Stone Techno Festival,https://www.mixesdb.com/w/2025-07-11_-_Ben_Klock_@_Stone_Techno_Festival,,41,117,Toru Ikemoto,Don't Play 171 [Conundrum],Toru Ikemoto - Don't Play 171 [Conundrum]
2025-07-11 - Ben Klock @ Stone Techno Festival,https://www.mixesdb.com/w/2025-07-11_-_Ben_Klock_@_Stone_Techno_Festival,,42,120,Nørbak,Sinto [Clergy],Nørbak - Sinto [Clergy]
2025-07-11 - Ben Klock @ Stone Techno Festival,https://www.mixesdb.com/w/2025-07-11_-_Ben_Klock_@_Stone_Techno_Festival,,43,122,Arkan,Nasty Tool [SK_Eleven],Arkan - Nasty Tool [SK_Eleven]
2025-07-11 - Ben Klock @ Stone Techno Festival,https://www.mixesdb.com/w/2025-07-11_-_Ben_Klock_@_Stone_Techno_Festival,,44,126,,?,?
2025-07-11 - Ben Klock @ Stone Techno Festival,https://www.mixesdb.com/w/2025-07-11_-_Ben_Klock_@_Stone_Techno_Festival,,45,131,Connor Wall,Orbital Momentum [Phorum],Connor Wall - Orbital Momentum [Phorum]
2025-07-11 - Ben Klock @ Stone Techno Festival,https://www.mixesdb.com/w/2025-07-11_-_Ben_Klock_@_Stone_Techno_Festival,,46,135,B-Don,Melt (Santiago Krenz Remix),B-Don - Melt (Santiago Krenz Remix)
2025-07-11 - Ben Klock @ Stone Techno Festival,https://www.mixesdb.com/w/2025-07-11_-_Ben_Klock_@_Stone_Techno_Festival,,47,137,Pfirter,Melt (Santiago Krenz Remix) [Paralelo],Pfirter - Melt (Santiago Krenz Remix) [Paralelo]
2025-07-11 - Ben Klock @ Stone Techno Festival,https://www.mixesdb.com/w/2025-07-11_-_Ben_Klock_@_Stone_Techno_Festival,,48,141,Dimi Angelis,Riding The Storm [UTCH],Dimi Angelis - Riding The Storm [UTCH]
2025-07-11 - Ben Klock @ Stone Techno Festival,https://www.mixesdb.com/w/2025-07-11_-_Ben_Klock_@_Stone_Techno_Festival,,49,145,,?,?
2025-07-11 - Ben Klock @ Stone Techno Festival,https://www.mixesdb.com/w/2025-07-11_-_Ben_Klock_@_Stone_Techno_Festival,,50,147,,?,?
2025-07-11 - Ben Klock @ Stone Techno Festival,https://www.mixesdb.com/w/2025-07-11_-_Ben_Klock_@_Stone_Techno_Festival,,51,150,,?,?
2025-07-11 - Ben Klock @ Stone Techno Festival,https://www.mixesdb.com/w/2025-07-11_-_Ben_Klock_@_Stone_Techno_Festival,,52,155,,?,?
2025-07-11 - Ben Klock @ Stone Techno Festival,https://www.mixesdb.com/w/2025-07-11_-_Ben_Klock_@_Stone_Techno_Festival,,53,159,AgainstMe,Vibe With This [HAYES],AgainstMe - Vibe With This [HAYES]
2025-07-11 - Ben Klock @ Stone Techno Festival,https://www.mixesdb.com/w/2025-07-11_-_Ben_Klock_@_Stone_Techno_Festival,,54,160,Talismann,Jylya [Talismann],Talismann - Jylya [Talismann]
2025-07-11 - Ben Klock @ Stone Techno Festival,https://www.mixesdb.com/w/2025-07-11_-_Ben_Klock_@_Stone_Techno_Festival,,55,166,OFF / GRID,Think What You Wanna Think [Uncage],OFF / GRID - Think What You Wanna Think [Uncage]
2025-07-11 - Ben Klock @ Stone Techno Festival,https://www.mixesdb.com/w/2025-07-11_-_Ben_Klock_@_Stone_Techno_Festival,,56,170,Vil,Birds Of Prey,Vil - Birds Of Prey
2025-07-11 - Ben Klock @ Stone Techno Festival,https://www.mixesdb.com/w/2025-07-11_-_Ben_Klock_@_Stone_Techno_Festival,,57,173,Deetron,Heartwalking (AM Version) [Music Man],Deetron - Heartwalking (AM Version) [Music Man]
2025-07-11 - Ben Klock @ Stone Techno Festival,https://www.mixesdb.com/w/2025-07-11_-_Ben_Klock_@_Stone_Techno_Festival,,58,177,Brian Eno,An Ending (Ascent),Brian Eno - An Ending (Ascent)
"2019-04-06 - Ben Klock @ Time Warp 25, Mannheim, Germany","https://www.mixesdb.com/w/2019-04-06_-_Ben_Klock_@_Time_Warp_25,_Mannheim,_Germany",,1,000,Roberto,Let's Be Free [REKIDS],Roberto - Let's Be Free [REKIDS]
"2019-04-06 - Ben Klock @ Time Warp 25, Mannheim, Germany","https://www.mixesdb.com/w/2019-04-06_-_Ben_Klock_@_Time_Warp_25,_Mannheim,_Germany",,2,003,Schacke,Paraphilic Love Map [IOD38],Schacke - Paraphilic Love Map [IOD38]
"2019-04-06 - Ben Klock @ Time Warp 25, Mannheim, Germany","https://www.mixesdb.com/w/2019-04-06_-_Ben_Klock_@_Time_Warp_25,_Mannheim,_Germany",,3,004,Beroshima,Interplugreaction (Somewhen Remix) [Dystopian],Beroshima - Interplugreaction (Somewhen Remix) [Dystopian]
"2019-04-06 - Ben Klock @ Time Warp 25, Mannheim, Germany","https://www.mixesdb.com/w/2019-04-06_-_Ben_Klock_@_Time_Warp_25,_Mannheim,_Germany",,4,006,Schacke,Creep Workout [IOD38],Schacke - Creep Workout [IOD38]
"2019-04-06 - Ben Klock @ Time Warp 25, Mannheim, Germany","https://www.mixesdb.com/w/2019-04-06_-_Ben_Klock_@_Time_Warp_25,_Mannheim,_Germany",,5,011,Kirill,Boi Girl [Low Noise],Kirill - Boi Girl [Low Noise]
"2019-04-06 - Ben Klock @ Time Warp 25, Mannheim, Germany","https://www.mixesdb.com/w/2019-04-06_-_Ben_Klock_@_Time_Warp_25,_Mannheim,_Germany",,6,013,Litüus,PRTN:002/.2 (Len Faki Hardspace Mix 1) [LFRMX014],Litüus - PRTN:002/.2 (Len Faki Hardspace Mix 1) [LFRMX014]
"2019-04-06 - Ben Klock @ Time Warp 25, Mannheim, Germany","https://www.mixesdb.com/w/2019-04-06_-_Ben_Klock_@_Time_Warp_25,_Mannheim,_Germany",,7,016,Vladimir Dubyshkin,I Decided To Fly [Trip],Vladimir Dubyshkin - I Decided To Fly [Trip]
"2019-04-06 - Ben Klock @ Time Warp 25, Mannheim, Germany","https://www.mixesdb.com/w/2019-04-06_-_Ben_Klock_@_Time_Warp_25,_Mannheim,_Germany",,8,020,Mehen,Skin Confessions (Straight Binary Version) [Amniote],Mehen - Skin Confessions (Straight Binary Version) [Amniote]
"2019-04-06 - Ben Klock @ Time Warp 25, Mannheim, Germany","https://www.mixesdb.com/w/2019-04-06_-_Ben_Klock_@_Time_Warp_25,_Mannheim,_Germany",,9,023,Stef Mendesidis,Pain Killer [Klockworks - KW26],Stef Mendesidis - Pain Killer [Klockworks - KW26]
"2019-04-06 - Ben Klock @ Time Warp 25, Mannheim, Germany","https://www.mixesdb.com/w/2019-04-06_-_Ben_Klock_@_Time_Warp_25,_Mannheim,_Germany",,10,026,Insolate,Strike [Machine],Insolate - Strike [Machine]
"2019-04-06 - Ben Klock @ Time Warp 25, Mannheim, Germany","https://www.mixesdb.com/w/2019-04-06_-_Ben_Klock_@_Time_Warp_25,_Mannheim,_Germany",,11,028,Jeff Mills,B2F-7 [Axis - AICT 43],Jeff Mills - B2F-7 [Axis - AICT 43]
"2019-04-06 - Ben Klock @ Time Warp 25, Mannheim, Germany","https://www.mixesdb.com/w/2019-04-06_-_Ben_Klock_@_Time_Warp_25,_Mannheim,_Germany",,12,031,Troy,OB6.5 [Klockworks - KW29],Troy - OB6.5 [Klockworks - KW29]
"2019-04-06 - Ben Klock @ Time Warp 25, Mannheim, Germany","https://www.mixesdb.com/w/2019-04-06_-_Ben_Klock_@_Time_Warp_25,_Mannheim,_Germany",,13,034,Reeko,The Gravedigger And His Bitch (2009 Version) [Mental Disorder],Reeko - The Gravedigger And His Bitch (2009 Version) [Mental Disorder]
"2019-04-06 - Ben Klock @ Time Warp 25, Mannheim, Germany","https://www.mixesdb.com/w/2019-04-06_-_Ben_Klock_@_Time_Warp_25,_Mannheim,_Germany",,14,036,,?,?
"2019-04-06 - Ben Klock @ Time Warp 25, Mannheim, Germany","https://www.mixesdb.com/w/2019-04-06_-_Ben_Klock_@_Time_Warp_25,_Mannheim,_Germany",,15,038,Cncpt,New Science & Telekinesis Facility 10 [Modularz - MOD 039],Cncpt - New Science & Telekinesis Facility 10 [Modularz - MOD 039]
"2019-04-06 - Ben Klock @ Time Warp 25, Mannheim, Germany","https://www.mixesdb.com/w/2019-04-06_-_Ben_Klock_@_Time_Warp_25,_Mannheim,_Germany",,16,041,The Mover,Fire Cloud [Planet Phuture - PP.006/D],The Mover - Fire Cloud [Planet Phuture - PP.006/D]
"2019-04-06 - Ben Klock @ Time Warp 25, Mannheim, Germany","https://www.mixesdb.com/w/2019-04-06_-_Ben_Klock_@_Time_Warp_25,_Mannheim,_Germany",,17,046,Ritzi Lee,Unification [MORD],Ritzi Lee - Unification [MORD]
"2019-04-06 - Ben Klock @ Time Warp 25, Mannheim, Germany","https://www.mixesdb.com/w/2019-04-06_-_Ben_Klock_@_Time_Warp_25,_Mannheim,_Germany",,18,049,Jeff Mills,Man Made [Axis - AX-040],Jeff Mills - Man Made [Axis - AX-040]
"2019-04-06 - Ben Klock @ Time Warp 25, Mannheim, Germany","https://www.mixesdb.com/w/2019-04-06_-_Ben_Klock_@_Time_Warp_25,_Mannheim,_Germany",,19,052,Vladimir Dubyshkin,Pigeon Epilepsy [Trip - TRP 022],Vladimir Dubyshkin - Pigeon Epilepsy [Trip - TRP 022]
"2019-04-06 - Ben Klock @ Time Warp 25, Mannheim, Germany","https://www.mixesdb.com/w/2019-04-06_-_Ben_Klock_@_Time_Warp_25,_Mannheim,_Germany",,20,055,Heiko Laux,German Turbine [Klockworks - KW 24],Heiko Laux - German Turbine [Klockworks - KW 24]
"2019-04-06 - Ben Klock @ Time Warp 25, Mannheim, Germany","https://www.mixesdb.com/w/2019-04-06_-_Ben_Klock_@_Time_Warp_25,_Mannheim,_Germany",,21,058,Blawan,Kalosi [Ternesc - TESC 005],Blawan - Kalosi [Ternesc - TESC 005]
"2019-04-06 - Ben Klock @ Time Warp 25, Mannheim, Germany","https://www.mixesdb.com/w/2019-04-06_-_Ben_Klock_@_Time_Warp_25,_Mannheim,_Germany",,22,061,Planetary Assault Systems,Give It Up [Mote Evolver - MOTE 055D],Planetary Assault Systems - Give It Up [Mote Evolver - MOTE 055D]
"2019-04-06 - Ben Klock @ Time Warp 25, Mannheim, Germany","https://www.mixesdb.com/w/2019-04-06_-_Ben_Klock_@_Time_Warp_25,_Mannheim,_Germany",,23,065,Stef Mendesidis,Cyber Document [Klockworks - KW26],Stef Mendesidis - Cyber Document [Klockworks - KW26]
"2019-04-06 - Ben Klock @ Time Warp 25, Mannheim, Germany","https://www.mixesdb.com/w/2019-04-06_-_Ben_Klock_@_Time_Warp_25,_Mannheim,_Germany",,24,067,Sleeparchive,Session Six [Sleeparchive - ZZZ 017],Sleeparchive - Session Six [Sleeparchive - ZZZ 017]
"2019-04-06 - Ben Klock @ Time Warp 25, Mannheim, Germany","https://www.mixesdb.com/w/2019-04-06_-_Ben_Klock_@_Time_Warp_25,_Mannheim,_Germany",,25,072,Planetary Assault Systems,The Grinder [Machine],Planetary Assault Systems - The Grinder [Machine]
"2019-04-06 - Ben Klock @ Time Warp 25, Mannheim, Germany","https://www.mixesdb.com/w/2019-04-06_-_Ben_Klock_@_Time_Warp_25,_Mannheim,_Germany",,26,075,,Unreleased Varya Karpova & Vanya Koreya,Unreleased Varya Karpova & Vanya Koreya
"2019-04-06 - Ben Klock @ Time Warp 25, Mannheim, Germany","https://www.mixesdb.com/w/2019-04-06_-_Ben_Klock_@_Time_Warp_25,_Mannheim,_Germany",,27,080,Elad Magdasi & Mathias Weber,Magnet (Hector Oaks Remix) [Triple Vision - TVMGCOMP 001],Elad Magdasi & Mathias Weber - Magnet (Hector Oaks Remix) [Triple Vision - TVMGCOMP 001]
"2019-04-06 - Ben Klock @ Time Warp 25, Mannheim, Germany","https://www.mixesdb.com/w/2019-04-06_-_Ben_Klock_@_Time_Warp_25,_Mannheim,_Germany",,28,082,Truncate,Multiply [TRUNCATE17],Truncate - Multiply [TRUNCATE17]
"2019-04-06 - Ben Klock @ Time Warp 25, Mannheim, Germany","https://www.mixesdb.com/w/2019-04-06_-_Ben_Klock_@_Time_Warp_25,_Mannheim,_Germany",,29,084,Jay Clarke,The Cage [Klockworks - KW28],Jay Clarke - The Cage [Klockworks - KW28]
"2019-04-06 - Ben Klock @ Time Warp 25, Mannheim, Germany","https://www.mixesdb.com/w/2019-04-06_-_Ben_Klock_@_Time_Warp_25,_Mannheim,_Germany",,30,087,Litüus,PRTN:002/.2 (Len Faki Hardspace Mix 2) [LFRMX014],Litüus - PRTN:002/.2 (Len Faki Hardspace Mix 2) [LFRMX014]
"2019-04-06 - Ben Klock @ Time Warp 25, Mannheim, Germany","https://www.mixesdb.com/w/2019-04-06_-_Ben_Klock_@_Time_Warp_25,_Mannheim,_Germany",,31,090,Stef Mendesidis,Hunt [Klockworks - KW26],Stef Mendesidis - Hunt [Klockworks - KW26]
"2019-04-06 - Ben Klock @ Time Warp 25, Mannheim, Germany","https://www.mixesdb.com/w/2019-04-06_-_Ben_Klock_@_Time_Warp_25,_Mannheim,_Germany",,32,093,V.C.P,Area [Tortured],V.C.P - Area [Tortured]
"2019-04-06 - Ben Klock @ Time Warp 25, Mannheim, Germany","https://www.mixesdb.com/w/2019-04-06_-_Ben_Klock_@_Time_Warp_25,_Mannheim,_Germany",,33,099,Alien Rain,Space Race [UFO],Alien Rain - Space Race [UFO]
"2019-04-06 - Ben Klock @ Time Warp 25, Mannheim, Germany","https://www.mixesdb.com/w/2019-04-06_-_Ben_Klock_@_Time_Warp_25,_Mannheim,_Germany",,34,102,D.Dan,Hashish Gadani [Lobster Theremin],D.Dan - Hashish Gadani [Lobster Theremin]
"2019-04-06 - Ben Klock @ Time Warp 25, Mannheim, Germany","https://www.mixesdb.com/w/2019-04-06_-_Ben_Klock_@_Time_Warp_25,_Mannheim,_Germany",,35,104,Stef Mendesidis,ID,Stef Mendesidis - ID
"2019-04-06 - Ben Klock @ Time Warp 25, Mannheim, Germany","https://www.mixesdb.com/w/2019-04-06_-_Ben_Klock_@_Time_Warp_25,_Mannheim,_Germany",,36,109,Heiko Laux,Self [Klockworks - KW24],Heiko Laux - Self [Klockworks - KW24]
"2019-04-06 - Ben Klock @ Time Warp 25, Mannheim, Germany","https://www.mixesdb.com/w/2019-04-06_-_Ben_Klock_@_Time_Warp_25,_Mannheim,_Germany",,37,115,Roberto & Jamie Anderson Feat. Robert Owens,Broken (Instrumental) [Fossil Archive - FAUK 009],Roberto & Jamie Anderson Feat. Robert Owens - Broken (Instrumental) [Fossil Archive - FAUK 009]
"2024-06-02 - Ben Klock B2B Marcel Dettmann @ 909 Festival, Amsterdamse Bos, NL","https://www.mixesdb.com/w/2024-06-02_-_Ben_Klock_B2B_Marcel_Dettmann_@_909_Festival,_Amsterdamse_Bos,_NL",,1,0:00:00,DJ Rush,Get Yours (Ruby's 6-Pack Mix) [Omnisounds],DJ Rush - Get Yours (Ruby's 6-Pack Mix) [Omnisounds]
"2024-06-02 - Ben Klock B2B Marcel Dettmann @ 909 Festival, Amsterdamse Bos, NL","https://www.mixesdb.com/w/2024-06-02_-_Ben_Klock_B2B_Marcel_Dettmann_@_909_Festival,_Amsterdamse_Bos,_NL",,2,0:04:13,Norbak,Clima [Token],Norbak - Clima [Token]
"2024-06-02 - Ben Klock B2B Marcel Dettmann @ 909 Festival, Amsterdamse Bos, NL","https://www.mixesdb.com/w/2024-06-02_-_Ben_Klock_B2B_Marcel_Dettmann_@_909_Festival,_Amsterdamse_Bos,_NL",,3,0:08:10,Boy Harsher,Come Closer (Marcel Dettmann Remix),Boy Harsher - Come Closer (Marcel Dettmann Remix)
"2024-06-02 - Ben Klock B2B Marcel Dettmann @ 909 Festival, Amsterdamse Bos, NL","https://www.mixesdb.com/w/2024-06-02_-_Ben_Klock_B2B_Marcel_Dettmann_@_909_Festival,_Amsterdamse_Bos,_NL",,4,0:12:00,Mathys Lenne,Satellite [HAYES],Mathys Lenne - Satellite [HAYES]
"2024-06-02 - Ben Klock B2B Marcel Dettmann @ 909 Festival, Amsterdamse Bos, NL","https://www.mixesdb.com/w/2024-06-02_-_Ben_Klock_B2B_Marcel_Dettmann_@_909_Festival,_Amsterdamse_Bos,_NL",,5,0:15:55,Jeroen Search,Snake Shifter [Syncrophone],Jeroen Search - Snake Shifter [Syncrophone]
"2024-06-02 - Ben Klock B2B Marcel Dettmann @ 909 Festival, Amsterdamse Bos, NL","https://www.mixesdb.com/w/2024-06-02_-_Ben_Klock_B2B_Marcel_Dettmann_@_909_Festival,_Amsterdamse_Bos,_NL",,6,0:20:00,Sterac,Solidify,Sterac - Solidify
"2024-06-02 - Ben Klock B2B Marcel Dettmann @ 909 Festival, Amsterdamse Bos, NL","https://www.mixesdb.com/w/2024-06-02_-_Ben_Klock_B2B_Marcel_Dettmann_@_909_Festival,_Amsterdamse_Bos,_NL",,7,0:23:15,Hurdslenk,False Pretence [Hardgroove],Hurdslenk - False Pretence [Hardgroove]
"2024-06-02 - Ben Klock B2B Marcel Dettmann @ 909 Festival, Amsterdamse Bos, NL","https://www.mixesdb.com/w/2024-06-02_-_Ben_Klock_B2B_Marcel_Dettmann_@_909_Festival,_Amsterdamse_Bos,_NL",,8,0:26:36,Jay Clarke,Perdita [Klockworks],Jay Clarke - Perdita [Klockworks]
"2024-06-02 - Ben Klock B2B Marcel Dettmann @ 909 Festival, Amsterdamse Bos, NL","https://www.mixesdb.com/w/2024-06-02_-_Ben_Klock_B2B_Marcel_Dettmann_@_909_Festival,_Amsterdamse_Bos,_NL",,9,0:30:40,Johannes Astrup,Salsa Lessons [Drawner],Johannes Astrup - Salsa Lessons [Drawner]
"2024-06-02 - Ben Klock B2B Marcel Dettmann @ 909 Festival, Amsterdamse Bos, NL","https://www.mixesdb.com/w/2024-06-02_-_Ben_Klock_B2B_Marcel_Dettmann_@_909_Festival,_Amsterdamse_Bos,_NL",,10,0:35:50,Bleak,Hunting Nightmares [Uncage],Bleak - Hunting Nightmares [Uncage]
"2024-06-02 - Ben Klock B2B Marcel Dettmann @ 909 Festival, Amsterdamse Bos, NL","https://www.mixesdb.com/w/2024-06-02_-_Ben_Klock_B2B_Marcel_Dettmann_@_909_Festival,_Amsterdamse_Bos,_NL",,11,0:40:03,MasCon,Cabernet [Snork],MasCon - Cabernet [Snork]
"2024-06-02 - Ben Klock B2B Marcel Dettmann @ 909 Festival, Amsterdamse Bos, NL","https://www.mixesdb.com/w/2024-06-02_-_Ben_Klock_B2B_Marcel_Dettmann_@_909_Festival,_Amsterdamse_Bos,_NL",,12,0:43:15,Confidential Recipe,La Danza [Rspx (Rekids)],Confidential Recipe - La Danza [Rspx (Rekids)]
"2024-06-02 - Ben Klock B2B Marcel Dettmann @ 909 Festival, Amsterdamse Bos, NL","https://www.mixesdb.com/w/2024-06-02_-_Ben_Klock_B2B_Marcel_Dettmann_@_909_Festival,_Amsterdamse_Bos,_NL",,13,0:46:17,G-Man,Legion,G-Man - Legion
"2024-06-02 - Ben Klock B2B Marcel Dettmann @ 909 Festival, Amsterdamse Bos, NL","https://www.mixesdb.com/w/2024-06-02_-_Ben_Klock_B2B_Marcel_Dettmann_@_909_Festival,_Amsterdamse_Bos,_NL",,14,0:54:51,Deluka,Mind Game [Sk_Eleven],Deluka - Mind Game [Sk_Eleven]
"2024-06-02 - Ben Klock B2B Marcel Dettmann @ 909 Festival, Amsterdamse Bos, NL","https://www.mixesdb.com/w/2024-06-02_-_Ben_Klock_B2B_Marcel_Dettmann_@_909_Festival,_Amsterdamse_Bos,_NL",,15,0:58:43,DJ Rush,Dance With Me (Paul Mac Re-Edit),DJ Rush - Dance With Me (Paul Mac Re-Edit)
"2024-06-02 - Ben Klock B2B Marcel Dettmann @ 909 Festival, Amsterdamse Bos, NL","https://www.mixesdb.com/w/2024-06-02_-_Ben_Klock_B2B_Marcel_Dettmann_@_909_Festival,_Amsterdamse_Bos,_NL",,16,1:01:20,,?,?
"2024-06-02 - Ben Klock B2B Marcel Dettmann @ 909 Festival, Amsterdamse Bos, NL","https://www.mixesdb.com/w/2024-06-02_-_Ben_Klock_B2B_Marcel_Dettmann_@_909_Festival,_Amsterdamse_Bos,_NL",,17,1:06:21,,?,?
"2024-06-02 - Ben Klock B2B Marcel Dettmann @ 909 Festival, Amsterdamse Bos, NL","https://www.mixesdb.com/w/2024-06-02_-_Ben_Klock_B2B_Marcel_Dettmann_@_909_Festival,_Amsterdamse_Bos,_NL",,18,1:09:00,Alexander Johansson & Mattias Fridell,Hicka [Truncate],Alexander Johansson & Mattias Fridell - Hicka [Truncate]
"2024-06-02 - Ben Klock B2B Marcel Dettmann @ 909 Festival, Amsterdamse Bos, NL","https://www.mixesdb.com/w/2024-06-02_-_Ben_Klock_B2B_Marcel_Dettmann_@_909_Festival,_Amsterdamse_Bos,_NL",,19,1:13:44,Mark Broom & Patrik Carrera,ZZZZ [EPM],Mark Broom & Patrik Carrera - ZZZZ [EPM]
"2024-06-02 - Ben Klock B2B Marcel Dettmann @ 909 Festival, Amsterdamse Bos, NL","https://www.mixesdb.com/w/2024-06-02_-_Ben_Klock_B2B_Marcel_Dettmann_@_909_Festival,_Amsterdamse_Bos,_NL",,20,1:17:13,Boxia,Acid Something,Boxia - Acid Something
"2024-06-02 - Ben Klock B2B Marcel Dettmann @ 909 Festival, Amsterdamse Bos, NL","https://www.mixesdb.com/w/2024-06-02_-_Ben_Klock_B2B_Marcel_Dettmann_@_909_Festival,_Amsterdamse_Bos,_NL",,21,1:20:50,Cari Lekebush & Nima Khak,Drum Conductor,Cari Lekebush & Nima Khak - Drum Conductor
"2024-06-02 - Ben Klock B2B Marcel Dettmann @ 909 Festival, Amsterdamse Bos, NL","https://www.mixesdb.com/w/2024-06-02_-_Ben_Klock_B2B_Marcel_Dettmann_@_909_Festival,_Amsterdamse_Bos,_NL",,22,1:22:16,Will Simpson,We The People [Native Drum],Will Simpson - We The People [Native Drum]
"2024-06-02 - Ben Klock B2B Marcel Dettmann @ 909 Festival, Amsterdamse Bos, NL","https://www.mixesdb.com/w/2024-06-02_-_Ben_Klock_B2B_Marcel_Dettmann_@_909_Festival,_Amsterdamse_Bos,_NL",,23,1:25:13,Kr!z,There Is No Sun [Blueprint],Kr!z - There Is No Sun [Blueprint]
"2024-06-02 - Ben Klock B2B Marcel Dettmann @ 909 Festival, Amsterdamse Bos, NL","https://www.mixesdb.com/w/2024-06-02_-_Ben_Klock_B2B_Marcel_Dettmann_@_909_Festival,_Amsterdamse_Bos,_NL",,24,1:29:22,Jay Denham,Dopamine [Black Nation],Jay Denham - Dopamine [Black Nation]
"2024-06-02 - Ben Klock B2B Marcel Dettmann @ 909 Festival, Amsterdamse Bos, NL","https://www.mixesdb.com/w/2024-06-02_-_Ben_Klock_B2B_Marcel_Dettmann_@_909_Festival,_Amsterdamse_Bos,_NL",,25,1:32:56,Toru Katsuta,Particle In Space [Modwerks],Toru Katsuta - Particle In Space [Modwerks]
"2024-06-02 - Ben Klock B2B Marcel Dettmann @ 909 Festival, Amsterdamse Bos, NL","https://www.mixesdb.com/w/2024-06-02_-_Ben_Klock_B2B_Marcel_Dettmann_@_909_Festival,_Amsterdamse_Bos,_NL",,26,1:36:20,,?,?
"2024-06-02 - Ben Klock B2B Marcel Dettmann @ 909 Festival, Amsterdamse Bos, NL","https://www.mixesdb.com/w/2024-06-02_-_Ben_Klock_B2B_Marcel_Dettmann_@_909_Festival,_Amsterdamse_Bos,_NL",,27,1:39:20,Shinedoe,Wake Up (Keith Carnal Remix) [Mtm],Shinedoe - Wake Up (Keith Carnal Remix) [Mtm]
"2024-06-02 - Ben Klock B2B Marcel Dettmann @ 909 Festival, Amsterdamse Bos, NL","https://www.mixesdb.com/w/2024-06-02_-_Ben_Klock_B2B_Marcel_Dettmann_@_909_Festival,_Amsterdamse_Bos,_NL",,28,1:42:55,,?,?
"2024-06-02 - Ben Klock B2B Marcel Dettmann @ 909 Festival, Amsterdamse Bos, NL","https://www.mixesdb.com/w/2024-06-02_-_Ben_Klock_B2B_Marcel_Dettmann_@_909_Festival,_Amsterdamse_Bos,_NL",,29,1:45:37,Nørbak,Norma (Temudo Remix) [Nrbk003],Nørbak - Norma (Temudo Remix) [Nrbk003]
"2024-06-02 - Ben Klock B2B Marcel Dettmann @ 909 Festival, Amsterdamse Bos, NL","https://www.mixesdb.com/w/2024-06-02_-_Ben_Klock_B2B_Marcel_Dettmann_@_909_Festival,_Amsterdamse_Bos,_NL",,30,1:49:45,Baby Ford & The Ifach Collective,RTDC (Mark Broom Remix) [Ifach],Baby Ford & The Ifach Collective - RTDC (Mark Broom Remix) [Ifach]
"2024-06-02 - Ben Klock B2B Marcel Dettmann @ 909 Festival, Amsterdamse Bos, NL","https://www.mixesdb.com/w/2024-06-02_-_Ben_Klock_B2B_Marcel_Dettmann_@_909_Festival,_Amsterdamse_Bos,_NL",,31,1:53:50,Petter B,Coming Back [Bond],Petter B - Coming Back [Bond]
"2024-06-02 - Ben Klock B2B Marcel Dettmann @ 909 Festival, Amsterdamse Bos, NL","https://www.mixesdb.com/w/2024-06-02_-_Ben_Klock_B2B_Marcel_Dettmann_@_909_Festival,_Amsterdamse_Bos,_NL",,32,1:57:20,Boxia,Hotline (Think Mix),Boxia - Hotline (Think Mix)
"2024-06-02 - Ben Klock B2B Marcel Dettmann @ 909 Festival, Amsterdamse Bos, NL","https://www.mixesdb.com/w/2024-06-02_-_Ben_Klock_B2B_Marcel_Dettmann_@_909_Festival,_Amsterdamse_Bos,_NL",,33,2:01:05,,?,?
"2024-06-02 - Ben Klock B2B Marcel Dettmann @ 909 Festival, Amsterdamse Bos, NL","https://www.mixesdb.com/w/2024-06-02_-_Ben_Klock_B2B_Marcel_Dettmann_@_909_Festival,_Amsterdamse_Bos,_NL",,34,2:04:33,Tal Fussman,Rioz,Tal Fussman - Rioz
"2024-06-02 - Ben Klock B2B Marcel Dettmann @ 909 Festival, Amsterdamse Bos, NL","https://www.mixesdb.com/w/2024-06-02_-_Ben_Klock_B2B_Marcel_Dettmann_@_909_Festival,_Amsterdamse_Bos,_NL",,35,2:09:10,Samuel L. Session,"Diaspora, Pt.1 [Sls]","Samuel L. Session - Diaspora, Pt.1 [Sls]"
"2024-06-02 - Ben Klock B2B Marcel Dettmann @ 909 Festival, Amsterdamse Bos, NL","https://www.mixesdb.com/w/2024-06-02_-_Ben_Klock_B2B_Marcel_Dettmann_@_909_Festival,_Amsterdamse_Bos,_NL",,36,2:12:50,Pfirter & Oliver Rosemann,Epsilon 2 (Sleeparchive Remix) [Recorded Things],Pfirter & Oliver Rosemann - Epsilon 2 (Sleeparchive Remix) [Recorded Things]
"2024-06-02 - Ben Klock B2B Marcel Dettmann @ 909 Festival, Amsterdamse Bos, NL","https://www.mixesdb.com/w/2024-06-02_-_Ben_Klock_B2B_Marcel_Dettmann_@_909_Festival,_Amsterdamse_Bos,_NL",,37,2:17:21,Marco Carola,Danger [One Thousand],Marco Carola - Danger [One Thousand]
"2024-06-02 - Ben Klock B2B Marcel Dettmann @ 909 Festival, Amsterdamse Bos, NL","https://www.mixesdb.com/w/2024-06-02_-_Ben_Klock_B2B_Marcel_Dettmann_@_909_Festival,_Amsterdamse_Bos,_NL",,38,2:20:36,Co-Fusion,Elm [Sublime],Co-Fusion - Elm [Sublime]
"2024-06-02 - Ben Klock B2B Marcel Dettmann @ 909 Festival, Amsterdamse Bos, NL","https://www.mixesdb.com/w/2024-06-02_-_Ben_Klock_B2B_Marcel_Dettmann_@_909_Festival,_Amsterdamse_Bos,_NL",,39,2:27:10,R.M.K,Muscle,R.M.K - Muscle
"2024-06-02 - Ben Klock B2B Marcel Dettmann @ 909 Festival, Amsterdamse Bos, NL","https://www.mixesdb.com/w/2024-06-02_-_Ben_Klock_B2B_Marcel_Dettmann_@_909_Festival,_Amsterdamse_Bos,_NL",,40,2:31:23,,?,?
"2024-06-02 - Ben Klock B2B Marcel Dettmann @ 909 Festival, Amsterdamse Bos, NL","https://www.mixesdb.com/w/2024-06-02_-_Ben_Klock_B2B_Marcel_Dettmann_@_909_Festival,_Amsterdamse_Bos,_NL",,41,2:34:36,,?,?
"2024-06-02 - Ben Klock B2B Marcel Dettmann @ 909 Festival, Amsterdamse Bos, NL","https://www.mixesdb.com/w/2024-06-02_-_Ben_Klock_B2B_Marcel_Dettmann_@_909_Festival,_Amsterdamse_Bos,_NL",,42,2:37:55,Brian Sanhaji,Paradox [Sensor],Brian Sanhaji - Paradox [Sensor]
"2024-06-02 - Ben Klock B2B Marcel Dettmann @ 909 Festival, Amsterdamse Bos, NL","https://www.mixesdb.com/w/2024-06-02_-_Ben_Klock_B2B_Marcel_Dettmann_@_909_Festival,_Amsterdamse_Bos,_NL",,43,2:44:03,,?,?
"2024-06-02 - Ben Klock B2B Marcel Dettmann @ 909 Festival, Amsterdamse Bos, NL","https://www.mixesdb.com/w/2024-06-02_-_Ben_Klock_B2B_Marcel_Dettmann_@_909_Festival,_Amsterdamse_Bos,_NL",,44,2:46:38,FEOS vs M/S/O,Into The Groove [Version One],FEOS vs M/S/O - Into The Groove [Version One]
"2024-06-02 - Ben Klock B2B Marcel Dettmann @ 909 Festival, Amsterdamse Bos, NL","https://www.mixesdb.com/w/2024-06-02_-_Ben_Klock_B2B_Marcel_Dettmann_@_909_Festival,_Amsterdamse_Bos,_NL",,45,2:50:12,Juan Sanchez,Double Standards [Fiedeltwo],Juan Sanchez - Double Standards [Fiedeltwo]
"2024-06-02 - Ben Klock B2B Marcel Dettmann @ 909 Festival, Amsterdamse Bos, NL","https://www.mixesdb.com/w/2024-06-02_-_Ben_Klock_B2B_Marcel_Dettmann_@_909_Festival,_Amsterdamse_Bos,_NL",,46,2:54:10,Woolford,Get Real,Woolford - Get Real
"2024-06-02 - Ben Klock B2B Marcel Dettmann @ 909 Festival, Amsterdamse Bos, NL","https://www.mixesdb.com/w/2024-06-02_-_Ben_Klock_B2B_Marcel_Dettmann_@_909_Festival,_Amsterdamse_Bos,_NL",,47,2:59:10,Barker,Utility [Ostgut],Barker - Utility [Ostgut]
"2017-04-15 - B.Traits, Ben Klock, Julia Govor, Kate Simko - B.Traits, BBC Radio 1","https://www.mixesdb.com/w/2017-04-15_-_B.Traits,_Ben_Klock,_Julia_Govor,_Kate_Simko_-_B.Traits,_BBC_Radio_1",B.Traits,1,,Bwana,On Patrol For Their Control [17 Steps],Bwana - On Patrol For Their Control [17 Steps]
"2017-04-15 - B.Traits, Ben Klock, Julia Govor, Kate Simko - B.Traits, BBC Radio 1","https://www.mixesdb.com/w/2017-04-15_-_B.Traits,_Ben_Klock,_Julia_Govor,_Kate_Simko_-_B.Traits,_BBC_Radio_1",B.Traits,2,,Helena Hauff,C45p [Handmade Birds],Helena Hauff - C45p [Handmade Birds]
"2017-04-15 - B.Traits, Ben Klock, Julia Govor, Kate Simko - B.Traits, BBC Radio 1","https://www.mixesdb.com/w/2017-04-15_-_B.Traits,_Ben_Klock,_Julia_Govor,_Kate_Simko_-_B.Traits,_BBC_Radio_1",B.Traits,3,,Nicolas Höppner,All By Themselves (My Belle) [Ostgut Ton],Nicolas Höppner - All By Themselves (My Belle) [Ostgut Ton]
"2017-04-15 - B.Traits, Ben Klock, Julia Govor, Kate Simko - B.Traits, BBC Radio 1","https://www.mixesdb.com/w/2017-04-15_-_B.Traits,_Ben_Klock,_Julia_Govor,_Kate_Simko_-_B.Traits,_BBC_Radio_1",B.Traits,4,,Talassa Barda,Human [Sodai],Talassa Barda - Human [Sodai]
"2017-04-15 - B.Traits, Ben Klock, Julia Govor, Kate Simko - B.Traits, BBC Radio 1","https://www.mixesdb.com/w/2017-04-15_-_B.Traits,_Ben_Klock,_Julia_Govor,_Kate_Simko_-_B.Traits,_BBC_Radio_1",B.Traits,5,,Tiga vs Audion,Stabbed In The Back [Turbo],Tiga vs Audion - Stabbed In The Back [Turbo]
"2017-04-15 - B.Traits, Ben Klock, Julia Govor, Kate Simko - B.Traits, BBC Radio 1","https://www.mixesdb.com/w/2017-04-15_-_B.Traits,_Ben_Klock,_Julia_Govor,_Kate_Simko_-_B.Traits,_BBC_Radio_1",B.Traits,6,,Wink,Resist (Truncate V1 Remix) [Ovum],Wink - Resist (Truncate V1 Remix) [Ovum]
"2017-04-15 - B.Traits, Ben Klock, Julia Govor, Kate Simko - B.Traits, BBC Radio 1","https://www.mixesdb.com/w/2017-04-15_-_B.Traits,_Ben_Klock,_Julia_Govor,_Kate_Simko_-_B.Traits,_BBC_Radio_1",Future Sonic Selection,1,,Phil Kieran,Last Train To Drums [PKR],Phil Kieran - Last Train To Drums [PKR]
"2017-04-15 - B.Traits, Ben Klock, Julia Govor, Kate Simko - B.Traits, BBC Radio 1","https://www.mixesdb.com/w/2017-04-15_-_B.Traits,_Ben_Klock,_Julia_Govor,_Kate_Simko_-_B.Traits,_BBC_Radio_1",Chapter,1,,Dave Clarke,Side The Wolf (Marcel Fengler Remix) [Skint],Dave Clarke - Side The Wolf (Marcel Fengler Remix) [Skint]
"2017-04-15 - B.Traits, Ben Klock, Julia Govor, Kate Simko - B.Traits, BBC Radio 1","https://www.mixesdb.com/w/2017-04-15_-_B.Traits,_Ben_Klock,_Julia_Govor,_Kate_Simko_-_B.Traits,_BBC_Radio_1",Chapter,2,,Acid Blood,Acid Blood (Trax-X vs Sinesweeper Remix) [Missile],Acid Blood - Acid Blood (Trax-X vs Sinesweeper Remix) [Missile]
"2017-04-15 - B.Traits, Ben Klock, Julia Govor, Kate Simko - B.Traits, BBC Radio 1","https://www.mixesdb.com/w/2017-04-15_-_B.Traits,_Ben_Klock,_Julia_Govor,_Kate_Simko_-_B.Traits,_BBC_Radio_1",Chapter,3,,Maral Salmassi & Dfunc,Coils (Mark Broom Remix) [Konsequent],Maral Salmassi & Dfunc - Coils (Mark Broom Remix) [Konsequent]
"2017-04-15 - B.Traits, Ben Klock, Julia Govor, Kate Simko - B.Traits, BBC Radio 1","https://www.mixesdb.com/w/2017-04-15_-_B.Traits,_Ben_Klock,_Julia_Govor,_Kate_Simko_-_B.Traits,_BBC_Radio_1",Chapter,4,,Alan Fitzpatrick & MC R1bbz,Wait A Second [Drumcode],Alan Fitzpatrick & MC R1bbz - Wait A Second [Drumcode]
"2017-04-15 - B.Traits, Ben Klock, Julia Govor, Kate Simko - B.Traits, BBC Radio 1","https://www.mixesdb.com/w/2017-04-15_-_B.Traits,_Ben_Klock,_Julia_Govor,_Kate_Simko_-_B.Traits,_BBC_Radio_1",Chapter,5,,TWR72,Colloquial [Float],TWR72 - Colloquial [Float]
"2017-04-15 - B.Traits, Ben Klock, Julia Govor, Kate Simko - B.Traits, BBC Radio 1","https://www.mixesdb.com/w/2017-04-15_-_B.Traits,_Ben_Klock,_Julia_Govor,_Kate_Simko_-_B.Traits,_BBC_Radio_1",Chapter,6,,Traas,The School (Dub) [EXYZT],Traas - The School (Dub) [EXYZT]
"2017-04-15 - B.Traits, Ben Klock, Julia Govor, Kate Simko - B.Traits, BBC Radio 1","https://www.mixesdb.com/w/2017-04-15_-_B.Traits,_Ben_Klock,_Julia_Govor,_Kate_Simko_-_B.Traits,_BBC_Radio_1",Chapter,7,,Clark,Slap Drones [Warp],Clark - Slap Drones [Warp]
"2017-04-15 - B.Traits, Ben Klock, Julia Govor, Kate Simko - B.Traits, BBC Radio 1","https://www.mixesdb.com/w/2017-04-15_-_B.Traits,_Ben_Klock,_Julia_Govor,_Kate_Simko_-_B.Traits,_BBC_Radio_1",Future 12<nowiki>:</nowiki> Julia Govor,1,,[a]pendics.shuffle,Cosmic Translations (Kamran Sadeghi Remix) [Adjunct],[a]pendics.shuffle - Cosmic Translations (Kamran Sadeghi Remix) [Adjunct]
"2017-04-15 - B.Traits, Ben Klock, Julia Govor, Kate Simko - B.Traits, BBC Radio 1","https://www.mixesdb.com/w/2017-04-15_-_B.Traits,_Ben_Klock,_Julia_Govor,_Kate_Simko_-_B.Traits,_BBC_Radio_1",Future 12<nowiki>:</nowiki> Julia Govor,2,,Einka,Tension [Goldmin],Einka - Tension [Goldmin]
"2017-04-15 - B.Traits, Ben Klock, Julia Govor, Kate Simko - B.Traits, BBC Radio 1","https://www.mixesdb.com/w/2017-04-15_-_B.Traits,_Ben_Klock,_Julia_Govor,_Kate_Simko_-_B.Traits,_BBC_Radio_1",Future 12<nowiki>:</nowiki> Julia Govor,3,,Ricardo Villalobos,Hardcorrection [Unreleased],Ricardo Villalobos - Hardcorrection [Unreleased]
"2017-04-15 - B.Traits, Ben Klock, Julia Govor, Kate Simko - B.Traits, BBC Radio 1","https://www.mixesdb.com/w/2017-04-15_-_B.Traits,_Ben_Klock,_Julia_Govor,_Kate_Simko_-_B.Traits,_BBC_Radio_1",Future 12<nowiki>:</nowiki> Julia Govor,4,,"Richie Hawtin, Fred Gianelli, Daniel Bell, Spawn",Tension (Syses Remix) [Probe],"Richie Hawtin, Fred Gianelli, Daniel Bell, Spawn - Tension (Syses Remix) [Probe]"
"2017-04-15 - B.Traits, Ben Klock, Julia Govor, Kate Simko - B.Traits, BBC Radio 1","https://www.mixesdb.com/w/2017-04-15_-_B.Traits,_Ben_Klock,_Julia_Govor,_Kate_Simko_-_B.Traits,_BBC_Radio_1",Future 12<nowiki>:</nowiki> Julia Govor,5,,DJ ESP,Slurred Vision [Communique],DJ ESP - Slurred Vision [Communique]
"2017-04-15 - B.Traits, Ben Klock, Julia Govor, Kate Simko - B.Traits, BBC Radio 1","https://www.mixesdb.com/w/2017-04-15_-_B.Traits,_Ben_Klock,_Julia_Govor,_Kate_Simko_-_B.Traits,_BBC_Radio_1",Future 12<nowiki>:</nowiki> Julia Govor,6,,Julia Govor,Parallelpiped [RCR],Julia Govor - Parallelpiped [RCR]
"2017-04-15 - B.Traits, Ben Klock, Julia Govor, Kate Simko - B.Traits, BBC Radio 1","https://www.mixesdb.com/w/2017-04-15_-_B.Traits,_Ben_Klock,_Julia_Govor,_Kate_Simko_-_B.Traits,_BBC_Radio_1",Future 12<nowiki>:</nowiki> Julia Govor,7,,Forest Drive West,Scanners [Livity Sound],Forest Drive West - Scanners [Livity Sound]
"2017-04-15 - B.Traits, Ben Klock, Julia Govor, Kate Simko - B.Traits, BBC Radio 1","https://www.mixesdb.com/w/2017-04-15_-_B.Traits,_Ben_Klock,_Julia_Govor,_Kate_Simko_-_B.Traits,_BBC_Radio_1",Future 12<nowiki>:</nowiki> Julia Govor,8,,Quantec,Avahuasca [Elux],Quantec - Avahuasca [Elux]
"2017-04-15 - B.Traits, Ben Klock, Julia Govor, Kate Simko - B.Traits, BBC Radio 1","https://www.mixesdb.com/w/2017-04-15_-_B.Traits,_Ben_Klock,_Julia_Govor,_Kate_Simko_-_B.Traits,_BBC_Radio_1",Future 12<nowiki>:</nowiki> Julia Govor,9,,Dudley Strangeways,Cast [Made Of Concrete],Dudley Strangeways - Cast [Made Of Concrete]
"2017-04-15 - B.Traits, Ben Klock, Julia Govor, Kate Simko - B.Traits, BBC Radio 1","https://www.mixesdb.com/w/2017-04-15_-_B.Traits,_Ben_Klock,_Julia_Govor,_Kate_Simko_-_B.Traits,_BBC_Radio_1",Future 12<nowiki>:</nowiki> Julia Govor,10,,Julia Govor,Not Taking [Unreleased],Julia Govor - Not Taking [Unreleased]
"2017-04-15 - B.Traits, Ben Klock, Julia Govor, Kate Simko - B.Traits, BBC Radio 1","https://www.mixesdb.com/w/2017-04-15_-_B.Traits,_Ben_Klock,_Julia_Govor,_Kate_Simko_-_B.Traits,_BBC_Radio_1",Label Mates<nowiki>:</nowiki> Klockworks,1,,Ben Klock,Pulse [Klockworks],Ben Klock - Pulse [Klockworks]
"2017-04-15 - B.Traits, Ben Klock, Julia Govor, Kate Simko - B.Traits, BBC Radio 1","https://www.mixesdb.com/w/2017-04-15_-_B.Traits,_Ben_Klock,_Julia_Govor,_Kate_Simko_-_B.Traits,_BBC_Radio_1",Label Mates<nowiki>:</nowiki> Klockworks,2,,DVS1,Running [Klockworks],DVS1 - Running [Klockworks]
"2017-04-15 - B.Traits, Ben Klock, Julia Govor, Kate Simko - B.Traits, BBC Radio 1","https://www.mixesdb.com/w/2017-04-15_-_B.Traits,_Ben_Klock,_Julia_Govor,_Kate_Simko_-_B.Traits,_BBC_Radio_1",Label Mates<nowiki>:</nowiki> Klockworks,3,,Trevino,Forged [Klockworks],Trevino - Forged [Klockworks]
"2017-04-15 - B.Traits, Ben Klock, Julia Govor, Kate Simko - B.Traits, BBC Radio 1","https://www.mixesdb.com/w/2017-04-15_-_B.Traits,_Ben_Klock,_Julia_Govor,_Kate_Simko_-_B.Traits,_BBC_Radio_1",Label Mates<nowiki>:</nowiki> Klockworks,4,,Etapp Kyle,Aurora [Klockworks],Etapp Kyle - Aurora [Klockworks]
"2017-04-15 - B.Traits, Ben Klock, Julia Govor, Kate Simko - B.Traits, BBC Radio 1","https://www.mixesdb.com/w/2017-04-15_-_B.Traits,_Ben_Klock,_Julia_Govor,_Kate_Simko_-_B.Traits,_BBC_Radio_1",Label Mates<nowiki>:</nowiki> Klockworks,5,,Vinz,How I Feel [Klockworks],Vinz - How I Feel [Klockworks]
"2017-04-15 - B.Traits, Ben Klock, Julia Govor, Kate Simko - B.Traits, BBC Radio 1","https://www.mixesdb.com/w/2017-04-15_-_B.Traits,_Ben_Klock,_Julia_Govor,_Kate_Simko_-_B.Traits,_BBC_Radio_1",Chameleon Club Mix<nowiki>:</nowiki> B.Traits b2b Kate Simko,1,,Kerri Chandler,Six Pianos [Kaoz Theory],Kerri Chandler - Six Pianos [Kaoz Theory]
"2017-04-15 - B.Traits, Ben Klock, Julia Govor, Kate Simko - B.Traits, BBC Radio 1","https://www.mixesdb.com/w/2017-04-15_-_B.Traits,_Ben_Klock,_Julia_Govor,_Kate_Simko_-_B.Traits,_BBC_Radio_1",Chameleon Club Mix<nowiki>:</nowiki> B.Traits b2b Kate Simko,2,,Matthias Tanzmann,Blue Laces [Moon Harbour],Matthias Tanzmann - Blue Laces [Moon Harbour]
"2017-04-15 - B.Traits, Ben Klock, Julia Govor, Kate Simko - B.Traits, BBC Radio 1","https://www.mixesdb.com/w/2017-04-15_-_B.Traits,_Ben_Klock,_Julia_Govor,_Kate_Simko_-_B.Traits,_BBC_Radio_1",Chameleon Club Mix<nowiki>:</nowiki> B.Traits b2b Kate Simko,3,,Sultan Shakes,Interstellar Love (Young Marco Trybal Dubb) [Reviveher],Sultan Shakes - Interstellar Love (Young Marco Trybal Dubb) [Reviveher]
"2017-04-15 - B.Traits, Ben Klock, Julia Govor, Kate Simko - B.Traits, BBC Radio 1","https://www.mixesdb.com/w/2017-04-15_-_B.Traits,_Ben_Klock,_Julia_Govor,_Kate_Simko_-_B.Traits,_BBC_Radio_1",Chameleon Club Mix<nowiki>:</nowiki> B.Traits b2b Kate Simko,4,,Move D,Roll Split [Away],Move D - Roll Split [Away]
"2017-04-15 - B.Traits, Ben Klock, Julia Govor, Kate Simko - B.Traits, BBC Radio 1","https://www.mixesdb.com/w/2017-04-15_-_B.Traits,_Ben_Klock,_Julia_Govor,_Kate_Simko_-_B.Traits,_BBC_Radio_1",Chameleon Club Mix<nowiki>:</nowiki> B.Traits b2b Kate Simko,5,,Choreboy,Full Effect [Rough Grade],Choreboy - Full Effect [Rough Grade]
"2017-04-15 - B.Traits, Ben Klock, Julia Govor, Kate Simko - B.Traits, BBC Radio 1","https://www.mixesdb.com/w/2017-04-15_-_B.Traits,_Ben_Klock,_Julia_Govor,_Kate_Simko_-_B.Traits,_BBC_Radio_1",Chameleon Club Mix<nowiki>:</nowiki> B.Traits b2b Kate Simko,6,,Jaden Thompson,All Day (Matt Tolfrey Ghetto Mix) [Cuttin Headz],Jaden Thompson - All Day (Matt Tolfrey Ghetto Mix) [Cuttin Headz]
"2017-04-15 - B.Traits, Ben Klock, Julia Govor, Kate Simko - B.Traits, BBC Radio 1","https://www.mixesdb.com/w/2017-04-15_-_B.Traits,_Ben_Klock,_Julia_Govor,_Kate_Simko_-_B.Traits,_BBC_Radio_1",Chameleon Club Mix<nowiki>:</nowiki> B.Traits b2b Kate Simko,7,,David Pher,Over (Leon Remix) [Solid Grooves],David Pher - Over (Leon Remix) [Solid Grooves]
"2017-04-15 - B.Traits, Ben Klock, Julia Govor, Kate Simko - B.Traits, BBC Radio 1","https://www.mixesdb.com/w/2017-04-15_-_B.Traits,_Ben_Klock,_Julia_Govor,_Kate_Simko_-_B.Traits,_BBC_Radio_1",Chameleon Club Mix<nowiki>:</nowiki> B.Traits b2b Kate Simko,8,,Nightmares On Wax & Acid Mondays,Dirty Triumphant [Warp],Nightmares On Wax & Acid Mondays - Dirty Triumphant [Warp]
"2017-04-15 - B.Traits, Ben Klock, Julia Govor, Kate Simko - B.Traits, BBC Radio 1","https://www.mixesdb.com/w/2017-04-15_-_B.Traits,_Ben_Klock,_Julia_Govor,_Kate_Simko_-_B.Traits,_BBC_Radio_1",Chameleon Club Mix<nowiki>:</nowiki> B.Traits b2b Kate Simko,9,,Riva Starr,Another Race [Play It Say It],Riva Starr - Another Race [Play It Say It]
"2017-04-15 - B.Traits, Ben Klock, Julia Govor, Kate Simko - B.Traits, BBC Radio 1","https://www.mixesdb.com/w/2017-04-15_-_B.Traits,_Ben_Klock,_Julia_Govor,_Kate_Simko_-_B.Traits,_BBC_Radio_1",Chameleon Club Mix<nowiki>:</nowiki> B.Traits b2b Kate Simko,10,,Bontan,Personal Question [Hot Creations],Bontan - Personal Question [Hot Creations]
"2017-04-15 - B.Traits, Ben Klock, Julia Govor, Kate Simko - B.Traits, BBC Radio 1","https://www.mixesdb.com/w/2017-04-15_-_B.Traits,_Ben_Klock,_Julia_Govor,_Kate_Simko_-_B.Traits,_BBC_Radio_1",Chameleon Club Mix<nowiki>:</nowiki> B.Traits b2b Kate Simko,11,,Butch,El Camion (Ellroy Remix) [Moon Harbour],Butch - El Camion (Ellroy Remix) [Moon Harbour]
"2017-04-15 - B.Traits, Ben Klock, Julia Govor, Kate Simko - B.Traits, BBC Radio 1","https://www.mixesdb.com/w/2017-04-15_-_B.Traits,_Ben_Klock,_Julia_Govor,_Kate_Simko_-_B.Traits,_BBC_Radio_1",Chameleon Club Mix<nowiki>:</nowiki> B.Traits b2b Kate Simko,12,,Factory Floor,2525 [DFA],Factory Floor - 2525 [DFA]
"2017-04-15 - B.Traits, Ben Klock, Julia Govor, Kate Simko - B.Traits, BBC Radio 1","https://www.mixesdb.com/w/2017-04-15_-_B.Traits,_Ben_Klock,_Julia_Govor,_Kate_Simko_-_B.Traits,_BBC_Radio_1",Chameleon Club Mix<nowiki>:</nowiki> B.Traits b2b Kate Simko,13,,Daja & Riva Starr,The Loft (Emanuel Satie Remix) [Cajual],Daja & Riva Starr - The Loft (Emanuel Satie Remix) [Cajual]
"2017-04-15 - B.Traits, Ben Klock, Julia Govor, Kate Simko - B.Traits, BBC Radio 1","https://www.mixesdb.com/w/2017-04-15_-_B.Traits,_Ben_Klock,_Julia_Govor,_Kate_Simko_-_B.Traits,_BBC_Radio_1",Chameleon Club Mix<nowiki>:</nowiki> B.Traits b2b Kate Simko,14,,Lee Walker,That Little Ditty [Hot Creations],Lee Walker - That Little Ditty [Hot Creations]
