mix_title,mix_url,part,position,timestamp,artist,title,raw
"2012-09-29 - DVS1 @ Klubnacht, Berghain, Berlin (Slam Radio 013 / Invite's Choice 100)","https://www.mixesdb.com/w/2012-09-29_-_DVS1_@_Klubnacht,_Berghain,_Berlin_(Slam_Radio_013_/_Invite's_Choice_100)",Slam Radio 013 (2012-12-27),1,00,Felix Da Housecat,Metropolis (Radikal Victory Edit),Felix Da Housecat - Metropolis (Radikal Victory Edit)
"2012-09-29 - DVS1 @ Klubnacht, Berghain, Berlin (Slam Radio 013 / Invite's Choice 100)","https://www.mixesdb.com/w/2012-09-29_-_DVS1_@_Klubnacht,_Berghain,_Berlin_(Slam_Radio_013_/_Invite's_Choice_100)",Slam Radio 013 (2012-12-27),2,03,Club MCM,Club MCM,Club MCM - Club MCM
"2012-09-29 - DVS1 @ Klubnacht, Berghain, Berlin (Slam Radio 013 / Invite's Choice 100)","https://www.mixesdb.com/w/2012-09-29_-_DVS1_@_Klubnacht,_Berghain,_Berlin_(Slam_Radio_013_/_Invite's_Choice_100)",Slam Radio 013 (2012-12-27),3,03,Lighter Thief,Zippo King [Ifach - 019],Lighter Thief - Zippo King [Ifach - 019]
"2012-09-29 - DVS1 @ Klubnacht, Berghain, Berlin (Slam Radio 013 / Invite's Choice 100)","https://www.mixesdb.com/w/2012-09-29_-_DVS1_@_Klubnacht,_Berghain,_Berlin_(Slam_Radio_013_/_Invite's_Choice_100)",Slam Radio 013 (2012-12-27),4,06,,?,?
"2012-09-29 - DVS1 @ Klubnacht, Berghain, Berlin (Slam Radio 013 / Invite's Choice 100)","https://www.mixesdb.com/w/2012-09-29_-_DVS1_@_Klubnacht,_Berghain,_Berlin_(Slam_Radio_013_/_Invite's_Choice_100)",Slam Radio 013 (2012-12-27),5,09,,?,?
"2012-09-29 - DVS1 @ Klubnacht, Berghain, Berlin (Slam Radio 013 / Invite's Choice 100)","https://www.mixesdb.com/w/2012-09-29_-_DVS1_@_Klubnacht,_Berghain,_Berlin_(Slam_Radio_013_/_Invite's_Choice_100)",Slam Radio 013 (2012-12-27),6,12,2000 and One,Funk That [Wasabi - COMP 081],2000 and One - Funk That [Wasabi - COMP 081]
"2012-09-29 - DVS1 @ Klubnacht, Berghain, Berlin (Slam Radio 013 / Invite's Choice 100)","https://www.mixesdb.com/w/2012-09-29_-_DVS1_@_Klubnacht,_Berghain,_Berlin_(Slam_Radio_013_/_Invite's_Choice_100)",Slam Radio 013 (2012-12-27),7,15,,?,?
"2012-09-29 - DVS1 @ Klubnacht, Berghain, Berlin (Slam Radio 013 / Invite's Choice 100)","https://www.mixesdb.com/w/2012-09-29_-_DVS1_@_Klubnacht,_Berghain,_Berlin_(Slam_Radio_013_/_Invite's_Choice_100)",Slam Radio 013 (2012-12-27),8,17,Surgeon,Atol,Surgeon - Atol
"2012-09-29 - DVS1 @ Klubnacht, Berghain, Berlin (Slam Radio 013 / Invite's Choice 100)","https://www.mixesdb.com/w/2012-09-29_-_DVS1_@_Klubnacht,_Berghain,_Berlin_(Slam_Radio_013_/_Invite's_Choice_100)",Slam Radio 013 (2012-12-27),9,21,DJ Bone,We Control The Beat [Subject Detroit - SUB-030],DJ Bone - We Control The Beat [Subject Detroit - SUB-030]
"2012-09-29 - DVS1 @ Klubnacht, Berghain, Berlin (Slam Radio 013 / Invite's Choice 100)","https://www.mixesdb.com/w/2012-09-29_-_DVS1_@_Klubnacht,_Berghain,_Berlin_(Slam_Radio_013_/_Invite's_Choice_100)",Slam Radio 013 (2012-12-27),10,26,DVS1,Polyphonic Love [Transmat - MS 98],DVS1 - Polyphonic Love [Transmat - MS 98]
"2012-09-29 - DVS1 @ Klubnacht, Berghain, Berlin (Slam Radio 013 / Invite's Choice 100)","https://www.mixesdb.com/w/2012-09-29_-_DVS1_@_Klubnacht,_Berghain,_Berlin_(Slam_Radio_013_/_Invite's_Choice_100)",Slam Radio 013 (2012-12-27),11,32,Untold,Motion The Dance [Hemlock - HEK016i],Untold - Motion The Dance [Hemlock - HEK016i]
"2012-09-29 - DVS1 @ Klubnacht, Berghain, Berlin (Slam Radio 013 / Invite's Choice 100)","https://www.mixesdb.com/w/2012-09-29_-_DVS1_@_Klubnacht,_Berghain,_Berlin_(Slam_Radio_013_/_Invite's_Choice_100)",Slam Radio 013 (2012-12-27),12,37,,?,?
"2012-09-29 - DVS1 @ Klubnacht, Berghain, Berlin (Slam Radio 013 / Invite's Choice 100)","https://www.mixesdb.com/w/2012-09-29_-_DVS1_@_Klubnacht,_Berghain,_Berlin_(Slam_Radio_013_/_Invite's_Choice_100)",Slam Radio 013 (2012-12-27),13,41,Operator,Hermes [Gnosis - 001],Operator - Hermes [Gnosis - 001]
"2012-09-29 - DVS1 @ Klubnacht, Berghain, Berlin (Slam Radio 013 / Invite's Choice 100)","https://www.mixesdb.com/w/2012-09-29_-_DVS1_@_Klubnacht,_Berghain,_Berlin_(Slam_Radio_013_/_Invite's_Choice_100)",Slam Radio 013 (2012-12-27),14,44,Developer,Formu [Gynoid - 10],Developer - Formu [Gynoid - 10]
"2012-09-29 - DVS1 @ Klubnacht, Berghain, Berlin (Slam Radio 013 / Invite's Choice 100)","https://www.mixesdb.com/w/2012-09-29_-_DVS1_@_Klubnacht,_Berghain,_Berlin_(Slam_Radio_013_/_Invite's_Choice_100)",Slam Radio 013 (2012-12-27),15,47,Magnus,Act One [Magnus - 001],Magnus - Act One [Magnus - 001]
"2012-09-29 - DVS1 @ Klubnacht, Berghain, Berlin (Slam Radio 013 / Invite's Choice 100)","https://www.mixesdb.com/w/2012-09-29_-_DVS1_@_Klubnacht,_Berghain,_Berlin_(Slam_Radio_013_/_Invite's_Choice_100)",Slam Radio 013 (2012-12-27),16,49,,?,?
"2012-09-29 - DVS1 @ Klubnacht, Berghain, Berlin (Slam Radio 013 / Invite's Choice 100)","https://www.mixesdb.com/w/2012-09-29_-_DVS1_@_Klubnacht,_Berghain,_Berlin_(Slam_Radio_013_/_Invite's_Choice_100)",Slam Radio 013 (2012-12-27),17,52,Falko Brocksieper,Excellent Upload (Conforce Reconfiguration) [Sub Static - SUS 078],Falko Brocksieper - Excellent Upload (Conforce Reconfiguration) [Sub Static - SUS 078]
"2012-09-29 - DVS1 @ Klubnacht, Berghain, Berlin (Slam Radio 013 / Invite's Choice 100)","https://www.mixesdb.com/w/2012-09-29_-_DVS1_@_Klubnacht,_Berghain,_Berlin_(Slam_Radio_013_/_Invite's_Choice_100)",Slam Radio 013 (2012-12-27),18,55,Architectural,Looking Ahead [Semantica - 40],Architectural - Looking Ahead [Semantica - 40]
"2012-09-29 - DVS1 @ Klubnacht, Berghain, Berlin (Slam Radio 013 / Invite's Choice 100)","https://www.mixesdb.com/w/2012-09-29_-_DVS1_@_Klubnacht,_Berghain,_Berlin_(Slam_Radio_013_/_Invite's_Choice_100)",Invite's Choice 100 (2013-03-16),1,000,Dustin Zahn,Lost In Rapture [Enemy - 021],Dustin Zahn - Lost In Rapture [Enemy - 021]
"2012-09-29 - DVS1 @ Klubnacht, Berghain, Berlin (Slam Radio 013 / Invite's Choice 100)","https://www.mixesdb.com/w/2012-09-29_-_DVS1_@_Klubnacht,_Berghain,_Berlin_(Slam_Radio_013_/_Invite's_Choice_100)",Invite's Choice 100 (2013-03-16),2,003,Eduardo De La Calle,Ksirodakasayi [Chaval - CR003],Eduardo De La Calle - Ksirodakasayi [Chaval - CR003]
"2012-09-29 - DVS1 @ Klubnacht, Berghain, Berlin (Slam Radio 013 / Invite's Choice 100)","https://www.mixesdb.com/w/2012-09-29_-_DVS1_@_Klubnacht,_Berghain,_Berlin_(Slam_Radio_013_/_Invite's_Choice_100)",Invite's Choice 100 (2013-03-16),3,006,Planetary Assault Systems,Turn [Mote Evolver - MOTE 032],Planetary Assault Systems - Turn [Mote Evolver - MOTE 032]
"2012-09-29 - DVS1 @ Klubnacht, Berghain, Berlin (Slam Radio 013 / Invite's Choice 100)","https://www.mixesdb.com/w/2012-09-29_-_DVS1_@_Klubnacht,_Berghain,_Berlin_(Slam_Radio_013_/_Invite's_Choice_100)",Invite's Choice 100 (2013-03-16),4,011,Ronan Portela & Ariel Rodz,Among Noise (Jonas Kopp Remix) [Unique Community - UNQ002],Ronan Portela & Ariel Rodz - Among Noise (Jonas Kopp Remix) [Unique Community - UNQ002]
"2012-09-29 - DVS1 @ Klubnacht, Berghain, Berlin (Slam Radio 013 / Invite's Choice 100)","https://www.mixesdb.com/w/2012-09-29_-_DVS1_@_Klubnacht,_Berghain,_Berlin_(Slam_Radio_013_/_Invite's_Choice_100)",Invite's Choice 100 (2013-03-16),5,017,A. Paul,Kaned Lunch [Naked Lunch - NLD 002],A. Paul - Kaned Lunch [Naked Lunch - NLD 002]
"2012-09-29 - DVS1 @ Klubnacht, Berghain, Berlin (Slam Radio 013 / Invite's Choice 100)","https://www.mixesdb.com/w/2012-09-29_-_DVS1_@_Klubnacht,_Berghain,_Berlin_(Slam_Radio_013_/_Invite's_Choice_100)",Invite's Choice 100 (2013-03-16),6,021,Timeblind,I Was No Mind [Missile - 30],Timeblind - I Was No Mind [Missile - 30]
"2012-09-29 - DVS1 @ Klubnacht, Berghain, Berlin (Slam Radio 013 / Invite's Choice 100)","https://www.mixesdb.com/w/2012-09-29_-_DVS1_@_Klubnacht,_Berghain,_Berlin_(Slam_Radio_013_/_Invite's_Choice_100)",Invite's Choice 100 (2013-03-16),7,023,Tremor,Impact [Silent Steps - 06],Tremor - Impact [Silent Steps - 06]
"2012-09-29 - DVS1 @ Klubnacht, Berghain, Berlin (Slam Radio 013 / Invite's Choice 100)","https://www.mixesdb.com/w/2012-09-29_-_DVS1_@_Klubnacht,_Berghain,_Berlin_(Slam_Radio_013_/_Invite's_Choice_100)",Invite's Choice 100 (2013-03-16),8,026,Voidloss,Distorted Crystal Matrix [Archetypes],Voidloss - Distorted Crystal Matrix [Archetypes]
"2012-09-29 - DVS1 @ Klubnacht, Berghain, Berlin (Slam Radio 013 / Invite's Choice 100)","https://www.mixesdb.com/w/2012-09-29_-_DVS1_@_Klubnacht,_Berghain,_Berlin_(Slam_Radio_013_/_Invite's_Choice_100)",Invite's Choice 100 (2013-03-16),9,030,,?,?
"2012-09-29 - DVS1 @ Klubnacht, Berghain, Berlin (Slam Radio 013 / Invite's Choice 100)","https://www.mixesdb.com/w/2012-09-29_-_DVS1_@_Klubnacht,_Berghain,_Berlin_(Slam_Radio_013_/_Invite's_Choice_100)",Invite's Choice 100 (2013-03-16),10,032,Reeko,Cyberpunk [Pole - 007],Reeko - Cyberpunk [Pole - 007]
"2012-09-29 - DVS1 @ Klubnacht, Berghain, Berlin (Slam Radio 013 / Invite's Choice 100)","https://www.mixesdb.com/w/2012-09-29_-_DVS1_@_Klubnacht,_Berghain,_Berlin_(Slam_Radio_013_/_Invite's_Choice_100)",Invite's Choice 100 (2013-03-16),11,037,AnD,In Just A Small Moment [Frozen Border - FBLP 01],AnD - In Just A Small Moment [Frozen Border - FBLP 01]
"2012-09-29 - DVS1 @ Klubnacht, Berghain, Berlin (Slam Radio 013 / Invite's Choice 100)","https://www.mixesdb.com/w/2012-09-29_-_DVS1_@_Klubnacht,_Berghain,_Berlin_(Slam_Radio_013_/_Invite's_Choice_100)",Invite's Choice 100 (2013-03-16),12,041,Johannes Heil,Feiern (Part 1) [Kanzleramt - KA 15],Johannes Heil - Feiern (Part 1) [Kanzleramt - KA 15]
"2012-09-29 - DVS1 @ Klubnacht, Berghain, Berlin (Slam Radio 013 / Invite's Choice 100)","https://www.mixesdb.com/w/2012-09-29_-_DVS1_@_Klubnacht,_Berghain,_Berlin_(Slam_Radio_013_/_Invite's_Choice_100)",Invite's Choice 100 (2013-03-16),13,041,DJ HMC,Cum On [Dirty House - DIRT 01],DJ HMC - Cum On [Dirty House - DIRT 01]
"2012-09-29 - DVS1 @ Klubnacht, Berghain, Berlin (Slam Radio 013 / Invite's Choice 100)","https://www.mixesdb.com/w/2012-09-29_-_DVS1_@_Klubnacht,_Berghain,_Berlin_(Slam_Radio_013_/_Invite's_Choice_100)",Invite's Choice 100 (2013-03-16),14,043,Wishmountain,Radio [Antiphon - ANTIO 4 LTD],Wishmountain - Radio [Antiphon - ANTIO 4 LTD]
"2012-09-29 - DVS1 @ Klubnacht, Berghain, Berlin (Slam Radio 013 / Invite's Choice 100)","https://www.mixesdb.com/w/2012-09-29_-_DVS1_@_Klubnacht,_Berghain,_Berlin_(Slam_Radio_013_/_Invite's_Choice_100)",Invite's Choice 100 (2013-03-16),15,047,Deepbass,Nova (Psyk Remix) [Informa - 005],Deepbass - Nova (Psyk Remix) [Informa - 005]
"2012-09-29 - DVS1 @ Klubnacht, Berghain, Berlin (Slam Radio 013 / Invite's Choice 100)","https://www.mixesdb.com/w/2012-09-29_-_DVS1_@_Klubnacht,_Berghain,_Berlin_(Slam_Radio_013_/_Invite's_Choice_100)",Invite's Choice 100 (2013-03-16),16,051,,?,?
"2012-09-29 - DVS1 @ Klubnacht, Berghain, Berlin (Slam Radio 013 / Invite's Choice 100)","https://www.mixesdb.com/w/2012-09-29_-_DVS1_@_Klubnacht,_Berghain,_Berlin_(Slam_Radio_013_/_Invite's_Choice_100)",Invite's Choice 100 (2013-03-16),17,054,Tom Pooks,Sharetime (Andre Kronert Remix) [Gastspiel - GSPCOMP 015],Tom Pooks - Sharetime (Andre Kronert Remix) [Gastspiel - GSPCOMP 015]
"2012-09-29 - DVS1 @ Klubnacht, Berghain, Berlin (Slam Radio 013 / Invite's Choice 100)","https://www.mixesdb.com/w/2012-09-29_-_DVS1_@_Klubnacht,_Berghain,_Berlin_(Slam_Radio_013_/_Invite's_Choice_100)",Invite's Choice 100 (2013-03-16),18,057,DJ Shufflemaster,Hermes Discord Soul [Theory - TR016],DJ Shufflemaster - Hermes Discord Soul [Theory - TR016]
"2012-09-29 - DVS1 @ Klubnacht, Berghain, Berlin (Slam Radio 013 / Invite's Choice 100)","https://www.mixesdb.com/w/2012-09-29_-_DVS1_@_Klubnacht,_Berghain,_Berlin_(Slam_Radio_013_/_Invite's_Choice_100)",Invite's Choice 100 (2013-03-16),19,060,Reeko,Segmento 1 [Mental Disorder - MD 14],Reeko - Segmento 1 [Mental Disorder - MD 14]
"2012-09-29 - DVS1 @ Klubnacht, Berghain, Berlin (Slam Radio 013 / Invite's Choice 100)","https://www.mixesdb.com/w/2012-09-29_-_DVS1_@_Klubnacht,_Berghain,_Berlin_(Slam_Radio_013_/_Invite's_Choice_100)",Invite's Choice 100 (2013-03-16),20,064,Jeff Mills,Sugar Is Sweeter [Purpose Maker - PM-004],Jeff Mills - Sugar Is Sweeter [Purpose Maker - PM-004]
"2012-09-29 - DVS1 @ Klubnacht, Berghain, Berlin (Slam Radio 013 / Invite's Choice 100)","https://www.mixesdb.com/w/2012-09-29_-_DVS1_@_Klubnacht,_Berghain,_Berlin_(Slam_Radio_013_/_Invite's_Choice_100)",Invite's Choice 100 (2013-03-16),21,067,Psyk,RDMN [Mote Evolver - MOTE 031],Psyk - RDMN [Mote Evolver - MOTE 031]
"2012-09-29 - DVS1 @ Klubnacht, Berghain, Berlin (Slam Radio 013 / Invite's Choice 100)","https://www.mixesdb.com/w/2012-09-29_-_DVS1_@_Klubnacht,_Berghain,_Berlin_(Slam_Radio_013_/_Invite's_Choice_100)",Invite's Choice 100 (2013-03-16),22,070,,?,?
"2012-09-29 - DVS1 @ Klubnacht, Berghain, Berlin (Slam Radio 013 / Invite's Choice 100)","https://www.mixesdb.com/w/2012-09-29_-_DVS1_@_Klubnacht,_Berghain,_Berlin_(Slam_Radio_013_/_Invite's_Choice_100)",Invite's Choice 100 (2013-03-16),23,074,Jake Conlon,Pull Your Neck In [Pareto Park - PRTP 003],Jake Conlon - Pull Your Neck In [Pareto Park - PRTP 003]
"2012-09-29 - DVS1 @ Klubnacht, Berghain, Berlin (Slam Radio 013 / Invite's Choice 100)","https://www.mixesdb.com/w/2012-09-29_-_DVS1_@_Klubnacht,_Berghain,_Berlin_(Slam_Radio_013_/_Invite's_Choice_100)",Invite's Choice 100 (2013-03-16),24,077,Ken Ishii,Extra (Luke Slater Remix) [R & S - RS 95064],Ken Ishii - Extra (Luke Slater Remix) [R & S - RS 95064]
"2012-09-29 - DVS1 @ Klubnacht, Berghain, Berlin (Slam Radio 013 / Invite's Choice 100)","https://www.mixesdb.com/w/2012-09-29_-_DVS1_@_Klubnacht,_Berghain,_Berlin_(Slam_Radio_013_/_Invite's_Choice_100)",Invite's Choice 100 (2013-03-16),25,080,DJ Hyperactive,25,DJ Hyperactive - 25
"2012-09-29 - DVS1 @ Klubnacht, Berghain, Berlin (Slam Radio 013 / Invite's Choice 100)","https://www.mixesdb.com/w/2012-09-29_-_DVS1_@_Klubnacht,_Berghain,_Berlin_(Slam_Radio_013_/_Invite's_Choice_100)",Invite's Choice 100 (2013-03-16),26,082,Squared Curves,Sparta [Synergetic],Squared Curves - Sparta [Synergetic]
"2012-09-29 - DVS1 @ Klubnacht, Berghain, Berlin (Slam Radio 013 / Invite's Choice 100)","https://www.mixesdb.com/w/2012-09-29_-_DVS1_@_Klubnacht,_Berghain,_Berlin_(Slam_Radio_013_/_Invite's_Choice_100)",Invite's Choice 100 (2013-03-16),27,084,Skymaster,Shooting Stars [Offshoot - SHOOT011],Skymaster - Shooting Stars [Offshoot - SHOOT011]
"2012-09-29 - DVS1 @ Klubnacht, Berghain, Berlin (Slam Radio 013 / Invite's Choice 100)","https://www.mixesdb.com/w/2012-09-29_-_DVS1_@_Klubnacht,_Berghain,_Berlin_(Slam_Radio_013_/_Invite's_Choice_100)",Invite's Choice 100 (2013-03-16),28,087,Alexander D'niel,Klona (Truncate Remix) [EarToGround - ETG004],Alexander D'niel - Klona (Truncate Remix) [EarToGround - ETG004]
"2012-09-29 - DVS1 @ Klubnacht, Berghain, Berlin (Slam Radio 013 / Invite's Choice 100)","https://www.mixesdb.com/w/2012-09-29_-_DVS1_@_Klubnacht,_Berghain,_Berlin_(Slam_Radio_013_/_Invite's_Choice_100)",Invite's Choice 100 (2013-03-16),29,090,Ø [Phase],Binary Opposition (Inigo Kennedy Process) [Token - 20Z],Ø [Phase] - Binary Opposition (Inigo Kennedy Process) [Token - 20Z]
"2012-09-29 - DVS1 @ Klubnacht, Berghain, Berlin (Slam Radio 013 / Invite's Choice 100)","https://www.mixesdb.com/w/2012-09-29_-_DVS1_@_Klubnacht,_Berghain,_Berlin_(Slam_Radio_013_/_Invite's_Choice_100)",Invite's Choice 100 (2013-03-16),30,093,,?,?
"2012-09-29 - DVS1 @ Klubnacht, Berghain, Berlin (Slam Radio 013 / Invite's Choice 100)","https://www.mixesdb.com/w/2012-09-29_-_DVS1_@_Klubnacht,_Berghain,_Berlin_(Slam_Radio_013_/_Invite's_Choice_100)",Invite's Choice 100 (2013-03-16),31,096,,?,?
"2012-09-29 - DVS1 @ Klubnacht, Berghain, Berlin (Slam Radio 013 / Invite's Choice 100)","https://www.mixesdb.com/w/2012-09-29_-_DVS1_@_Klubnacht,_Berghain,_Berlin_(Slam_Radio_013_/_Invite's_Choice_100)",Invite's Choice 100 (2013-03-16),32,098,,?,?
"2012-09-29 - DVS1 @ Klubnacht, Berghain, Berlin (Slam Radio 013 / Invite's Choice 100)","https://www.mixesdb.com/w/2012-09-29_-_DVS1_@_Klubnacht,_Berghain,_Berlin_(Slam_Radio_013_/_Invite's_Choice_100)",Invite's Choice 100 (2013-03-16),33,100,Psyk & Alberto Pascual,Ascent [Drumcode - DCLTD.04],Psyk & Alberto Pascual - Ascent [Drumcode - DCLTD.04]
"2012-09-29 - DVS1 @ Klubnacht, Berghain, Berlin (Slam Radio 013 / Invite's Choice 100)","https://www.mixesdb.com/w/2012-09-29_-_DVS1_@_Klubnacht,_Berghain,_Berlin_(Slam_Radio_013_/_Invite's_Choice_100)",Invite's Choice 100 (2013-03-16),34,102,Truncate,Diffraction (Markus Suckut Remix) [Modularz - 008],Truncate - Diffraction (Markus Suckut Remix) [Modularz - 008]
"2012-09-29 - DVS1 @ Klubnacht, Berghain, Berlin (Slam Radio 013 / Invite's Choice 100)","https://www.mixesdb.com/w/2012-09-29_-_DVS1_@_Klubnacht,_Berghain,_Berlin_(Slam_Radio_013_/_Invite's_Choice_100)",Invite's Choice 100 (2013-03-16),35,105,Trackmasta Lou,To Day Is A Good Day (John Heckle Re-Animation) [Tabernacle - TABR010],Trackmasta Lou - To Day Is A Good Day (John Heckle Re-Animation) [Tabernacle - TABR010]
"2012-09-29 - DVS1 @ Klubnacht, Berghain, Berlin (Slam Radio 013 / Invite's Choice 100)","https://www.mixesdb.com/w/2012-09-29_-_DVS1_@_Klubnacht,_Berghain,_Berlin_(Slam_Radio_013_/_Invite's_Choice_100)",Invite's Choice 100 (2013-03-16),36,109,The Advent Feat. Cari Lekebusch,Arrival [H - PX 67],The Advent Feat. Cari Lekebusch - Arrival [H - PX 67]
"2012-09-29 - DVS1 @ Klubnacht, Berghain, Berlin (Slam Radio 013 / Invite's Choice 100)","https://www.mixesdb.com/w/2012-09-29_-_DVS1_@_Klubnacht,_Berghain,_Berlin_(Slam_Radio_013_/_Invite's_Choice_100)",Invite's Choice 100 (2013-03-16),37,113,Saba,Die Strasse (Thomas Schumacher Remix) [Le Petit Prince - PRIN 0077-6],Saba - Die Strasse (Thomas Schumacher Remix) [Le Petit Prince - PRIN 0077-6]
"2016-06-17 - DVS1 b2b Rødhåd @ Sonar By Night, Fira Gran Via, Sonar","https://www.mixesdb.com/w/2016-06-17_-_DVS1_b2b_R%C3%B8dh%C3%A5d_@_Sonar_By_Night,_Fira_Gran_Via,_Sonar",,1,00,Boston 168,Even The Day [Enemy - 027],Boston 168 - Even The Day [Enemy - 027]
"2016-06-17 - DVS1 b2b Rødhåd @ Sonar By Night, Fira Gran Via, Sonar","https://www.mixesdb.com/w/2016-06-17_-_DVS1_b2b_R%C3%B8dh%C3%A5d_@_Sonar_By_Night,_Fira_Gran_Via,_Sonar",,2,04,Exit Safe Mode,Peripatetic,Exit Safe Mode - Peripatetic
"2016-06-17 - DVS1 b2b Rødhåd @ Sonar By Night, Fira Gran Via, Sonar","https://www.mixesdb.com/w/2016-06-17_-_DVS1_b2b_R%C3%B8dh%C3%A5d_@_Sonar_By_Night,_Fira_Gran_Via,_Sonar",,3,06,P.E.A.R.L.,Hideout [Audio Assault - AARCOMP 002],P.E.A.R.L. - Hideout [Audio Assault - AARCOMP 002]
"2016-06-17 - DVS1 b2b Rødhåd @ Sonar By Night, Fira Gran Via, Sonar","https://www.mixesdb.com/w/2016-06-17_-_DVS1_b2b_R%C3%B8dh%C3%A5d_@_Sonar_By_Night,_Fira_Gran_Via,_Sonar",,4,09,Jeroen Search,Tensile Force,Jeroen Search - Tensile Force
"2016-06-17 - DVS1 b2b Rødhåd @ Sonar By Night, Fira Gran Via, Sonar","https://www.mixesdb.com/w/2016-06-17_-_DVS1_b2b_R%C3%B8dh%C3%A5d_@_Sonar_By_Night,_Fira_Gran_Via,_Sonar",,5,??,Space DJz,Meantime,Space DJz - Meantime
"2016-06-17 - DVS1 b2b Rødhåd @ Sonar By Night, Fira Gran Via, Sonar","https://www.mixesdb.com/w/2016-06-17_-_DVS1_b2b_R%C3%B8dh%C3%A5d_@_Sonar_By_Night,_Fira_Gran_Via,_Sonar",,6,??,Robert Hood,Magnet,Robert Hood - Magnet
"2016-06-17 - DVS1 b2b Rødhåd @ Sonar By Night, Fira Gran Via, Sonar","https://www.mixesdb.com/w/2016-06-17_-_DVS1_b2b_R%C3%B8dh%C3%A5d_@_Sonar_By_Night,_Fira_Gran_Via,_Sonar",,7,??,YYYY,Finitude,YYYY - Finitude
"2016-06-17 - DVS1 b2b Rødhåd @ Sonar By Night, Fira Gran Via, Sonar","https://www.mixesdb.com/w/2016-06-17_-_DVS1_b2b_R%C3%B8dh%C3%A5d_@_Sonar_By_Night,_Fira_Gran_Via,_Sonar",,8,??,Architectural,Strain Tensor,Architectural - Strain Tensor
"2016-06-17 - DVS1 b2b Rødhåd @ Sonar By Night, Fira Gran Via, Sonar","https://www.mixesdb.com/w/2016-06-17_-_DVS1_b2b_R%C3%B8dh%C3%A5d_@_Sonar_By_Night,_Fira_Gran_Via,_Sonar",,9,27,Gomorra,Mentality [Origami Sound - FORZA 09],Gomorra - Mentality [Origami Sound - FORZA 09]
"2016-06-17 - DVS1 b2b Rødhåd @ Sonar By Night, Fira Gran Via, Sonar","https://www.mixesdb.com/w/2016-06-17_-_DVS1_b2b_R%C3%B8dh%C3%A5d_@_Sonar_By_Night,_Fira_Gran_Via,_Sonar",,10,30,Abdulla Rashim,A Shell Of Speed,Abdulla Rashim - A Shell Of Speed
"2016-06-17 - DVS1 b2b Rødhåd @ Sonar By Night, Fira Gran Via, Sonar","https://www.mixesdb.com/w/2016-06-17_-_DVS1_b2b_R%C3%B8dh%C3%A5d_@_Sonar_By_Night,_Fira_Gran_Via,_Sonar",,11,34,DVS1,The Chase [Hush - 04],DVS1 - The Chase [Hush - 04]
"2016-06-17 - DVS1 b2b Rødhåd @ Sonar By Night, Fira Gran Via, Sonar","https://www.mixesdb.com/w/2016-06-17_-_DVS1_b2b_R%C3%B8dh%C3%A5d_@_Sonar_By_Night,_Fira_Gran_Via,_Sonar",,12,41,Etapp Kyle,Ahora [Unterton - 08DIGITAL],Etapp Kyle - Ahora [Unterton - 08DIGITAL]
"2016-06-17 - DVS1 b2b Rødhåd @ Sonar By Night, Fira Gran Via, Sonar","https://www.mixesdb.com/w/2016-06-17_-_DVS1_b2b_R%C3%B8dh%C3%A5d_@_Sonar_By_Night,_Fira_Gran_Via,_Sonar",,13,??,,?,?
"2016-06-17 - DVS1 b2b Rødhåd @ Sonar By Night, Fira Gran Via, Sonar","https://www.mixesdb.com/w/2016-06-17_-_DVS1_b2b_R%C3%B8dh%C3%A5d_@_Sonar_By_Night,_Fira_Gran_Via,_Sonar",,14,??,,?,?
2017-12-08 - DVS1 - fabric 96,https://www.mixesdb.com/w/2017-12-08_-_DVS1_-_fabric_96,,1,,N/A,For All Mankind,N/A - For All Mankind
2017-12-08 - DVS1 - fabric 96,https://www.mixesdb.com/w/2017-12-08_-_DVS1_-_fabric_96,,2,,Gabriella Vergilov,Boring Shit,Gabriella Vergilov - Boring Shit
2017-12-08 - DVS1 - fabric 96,https://www.mixesdb.com/w/2017-12-08_-_DVS1_-_fabric_96,,3,,Kirill Mamin,Silent Prayer,Kirill Mamin - Silent Prayer
2017-12-08 - DVS1 - fabric 96,https://www.mixesdb.com/w/2017-12-08_-_DVS1_-_fabric_96,,4,,Border One,Curve,Border One - Curve
2017-12-08 - DVS1 - fabric 96,https://www.mixesdb.com/w/2017-12-08_-_DVS1_-_fabric_96,,5,,DOUBT,Just Pain,DOUBT - Just Pain
2017-12-08 - DVS1 - fabric 96,https://www.mixesdb.com/w/2017-12-08_-_DVS1_-_fabric_96,,6,,DJ Surgeles,Absorbed,DJ Surgeles - Absorbed
2017-12-08 - DVS1 - fabric 96,https://www.mixesdb.com/w/2017-12-08_-_DVS1_-_fabric_96,,7,,Mike Storm,From The Human Eye To Earth,Mike Storm - From The Human Eye To Earth
2017-12-08 - DVS1 - fabric 96,https://www.mixesdb.com/w/2017-12-08_-_DVS1_-_fabric_96,,8,,Sirko Muller,Our Blood,Sirko Muller - Our Blood
2017-12-08 - DVS1 - fabric 96,https://www.mixesdb.com/w/2017-12-08_-_DVS1_-_fabric_96,,9,,Steffi,1E-4,Steffi - 1E-4
2017-12-08 - DVS1 - fabric 96,https://www.mixesdb.com/w/2017-12-08_-_DVS1_-_fabric_96,,10,,Psyk,Falling,Psyk - Falling
2017-12-08 - DVS1 - fabric 96,https://www.mixesdb.com/w/2017-12-08_-_DVS1_-_fabric_96,,11,,Neel,The Vancori Complex,Neel - The Vancori Complex
2017-12-08 - DVS1 - fabric 96,https://www.mixesdb.com/w/2017-12-08_-_DVS1_-_fabric_96,,12,,Planetary Assault Systems,Fathoms Deep,Planetary Assault Systems - Fathoms Deep
2017-12-08 - DVS1 - fabric 96,https://www.mixesdb.com/w/2017-12-08_-_DVS1_-_fabric_96,,13,,Oscar Mulero,Drops,Oscar Mulero - Drops
2017-12-08 - DVS1 - fabric 96,https://www.mixesdb.com/w/2017-12-08_-_DVS1_-_fabric_96,,14,,Jeff Mills,Fly Guy,Jeff Mills - Fly Guy
2017-12-08 - DVS1 - fabric 96,https://www.mixesdb.com/w/2017-12-08_-_DVS1_-_fabric_96,,15,,Maan,Vert,Maan - Vert
2017-12-08 - DVS1 - fabric 96,https://www.mixesdb.com/w/2017-12-08_-_DVS1_-_fabric_96,,16,,Steve Bicknell,Space 13,Steve Bicknell - Space 13
2017-12-08 - DVS1 - fabric 96,https://www.mixesdb.com/w/2017-12-08_-_DVS1_-_fabric_96,,17,,Dustin Zahn,Politics Of Seduction,Dustin Zahn - Politics Of Seduction
2017-12-08 - DVS1 - fabric 96,https://www.mixesdb.com/w/2017-12-08_-_DVS1_-_fabric_96,,18,,Mike Gervais,Set Me Free,Mike Gervais - Set Me Free
2017-12-08 - DVS1 - fabric 96,https://www.mixesdb.com/w/2017-12-08_-_DVS1_-_fabric_96,,19,,Adriana Lopez,Last Path,Adriana Lopez - Last Path
2017-12-08 - DVS1 - fabric 96,https://www.mixesdb.com/w/2017-12-08_-_DVS1_-_fabric_96,,20,,Truncate,Pseudo V2,Truncate - Pseudo V2
2017-12-08 - DVS1 - fabric 96,https://www.mixesdb.com/w/2017-12-08_-_DVS1_-_fabric_96,,21,,ROD,Duchi Kaal,ROD - Duchi Kaal
2017-12-08 - DVS1 - fabric 96,https://www.mixesdb.com/w/2017-12-08_-_DVS1_-_fabric_96,,22,,Kirill Mamin,Dunning-Kruger Effect,Kirill Mamin - Dunning-Kruger Effect
2017-12-08 - DVS1 - fabric 96,https://www.mixesdb.com/w/2017-12-08_-_DVS1_-_fabric_96,,23,,Mark Broom,Drum Jamz 2,Mark Broom - Drum Jamz 2
2017-12-08 - DVS1 - fabric 96,https://www.mixesdb.com/w/2017-12-08_-_DVS1_-_fabric_96,,24,,Henning Baer,Code Buster,Henning Baer - Code Buster
2017-12-08 - DVS1 - fabric 96,https://www.mixesdb.com/w/2017-12-08_-_DVS1_-_fabric_96,,25,,Lando,Ceremony,Lando - Ceremony
2017-12-08 - DVS1 - fabric 96,https://www.mixesdb.com/w/2017-12-08_-_DVS1_-_fabric_96,,26,,Strain,Theory,Strain - Theory
2017-12-08 - DVS1 - fabric 96,https://www.mixesdb.com/w/2017-12-08_-_DVS1_-_fabric_96,,27,,D-56m,Question Authority,D-56m - Question Authority
2017-12-08 - DVS1 - fabric 96,https://www.mixesdb.com/w/2017-12-08_-_DVS1_-_fabric_96,,28,,Anthony Rother,Technic Electric,Anthony Rother - Technic Electric
2017-12-08 - DVS1 - fabric 96,https://www.mixesdb.com/w/2017-12-08_-_DVS1_-_fabric_96,,29,,Jeff Mills,The Dancer,Jeff Mills - The Dancer
"2021-10-30 - DVS1 @ 25 Years Of Blueprint, fabric, London","https://www.mixesdb.com/w/2021-10-30_-_DVS1_@_25_Years_Of_Blueprint,_fabric,_London",,1,00,Omnia Vox,Semiprime77,Omnia Vox - Semiprime77
"2021-10-30 - DVS1 @ 25 Years Of Blueprint, fabric, London","https://www.mixesdb.com/w/2021-10-30_-_DVS1_@_25_Years_Of_Blueprint,_fabric,_London",,2,02,Robert Hood,Unix [M-Plant],Robert Hood - Unix [M-Plant]
"2021-10-30 - DVS1 @ 25 Years Of Blueprint, fabric, London","https://www.mixesdb.com/w/2021-10-30_-_DVS1_@_25_Years_Of_Blueprint,_fabric,_London",,3,06,PTTRN,Lost 2 [Float],PTTRN - Lost 2 [Float]
"2021-10-30 - DVS1 @ 25 Years Of Blueprint, fabric, London","https://www.mixesdb.com/w/2021-10-30_-_DVS1_@_25_Years_Of_Blueprint,_fabric,_London",,4,09,Tarker,Enhanced,Tarker - Enhanced
"2021-10-30 - DVS1 @ 25 Years Of Blueprint, fabric, London","https://www.mixesdb.com/w/2021-10-30_-_DVS1_@_25_Years_Of_Blueprint,_fabric,_London",,5,10,Rebecca Delle Piane,Infatuated of Me (Version 1),Rebecca Delle Piane - Infatuated of Me (Version 1)
"2021-10-30 - DVS1 @ 25 Years Of Blueprint, fabric, London","https://www.mixesdb.com/w/2021-10-30_-_DVS1_@_25_Years_Of_Blueprint,_fabric,_London",,6,13,CementO,Nordisk Skjønnhet,CementO - Nordisk Skjønnhet
"2021-10-30 - DVS1 @ 25 Years Of Blueprint, fabric, London","https://www.mixesdb.com/w/2021-10-30_-_DVS1_@_25_Years_Of_Blueprint,_fabric,_London",,7,19,Rich Jones,Nine Hundred And Nine [8 Sided Dice],Rich Jones - Nine Hundred And Nine [8 Sided Dice]
"2021-10-30 - DVS1 @ 25 Years Of Blueprint, fabric, London","https://www.mixesdb.com/w/2021-10-30_-_DVS1_@_25_Years_Of_Blueprint,_fabric,_London",,8,23,Temudo,Leve [Evod],Temudo - Leve [Evod]
"2021-10-30 - DVS1 @ 25 Years Of Blueprint, fabric, London","https://www.mixesdb.com/w/2021-10-30_-_DVS1_@_25_Years_Of_Blueprint,_fabric,_London",,9,25,DisX3,Strike,DisX3 - Strike
"2021-10-30 - DVS1 @ 25 Years Of Blueprint, fabric, London","https://www.mixesdb.com/w/2021-10-30_-_DVS1_@_25_Years_Of_Blueprint,_fabric,_London",,10,29,Nekrend,Systematic (Euskalraver Juno Mix) [Raw Surface],Nekrend - Systematic (Euskalraver Juno Mix) [Raw Surface]
"2021-10-30 - DVS1 @ 25 Years Of Blueprint, fabric, London","https://www.mixesdb.com/w/2021-10-30_-_DVS1_@_25_Years_Of_Blueprint,_fabric,_London",,11,34,Psyk,Aumento,Psyk - Aumento
"2021-10-30 - DVS1 @ 25 Years Of Blueprint, fabric, London","https://www.mixesdb.com/w/2021-10-30_-_DVS1_@_25_Years_Of_Blueprint,_fabric,_London",,12,36,Kernel Existence,Asist (Electric Indigo Remix),Kernel Existence - Asist (Electric Indigo Remix)
"2021-10-30 - DVS1 @ 25 Years Of Blueprint, fabric, London","https://www.mixesdb.com/w/2021-10-30_-_DVS1_@_25_Years_Of_Blueprint,_fabric,_London",,13,40,Miki Craven,After The Future,Miki Craven - After The Future
"2021-10-30 - DVS1 @ 25 Years Of Blueprint, fabric, London","https://www.mixesdb.com/w/2021-10-30_-_DVS1_@_25_Years_Of_Blueprint,_fabric,_London",,14,42,Filip Xavi,Explanation Skip (Dasha Rush Remix) [Sonntag Morgen],Filip Xavi - Explanation Skip (Dasha Rush Remix) [Sonntag Morgen]
"2021-10-30 - DVS1 @ 25 Years Of Blueprint, fabric, London","https://www.mixesdb.com/w/2021-10-30_-_DVS1_@_25_Years_Of_Blueprint,_fabric,_London",,15,44,End Train,Into The Sun’s Maze (Oscar Mulero Percussive Remix) [Metempsychosis],End Train - Into The Sun’s Maze (Oscar Mulero Percussive Remix) [Metempsychosis]
"2021-10-30 - DVS1 @ 25 Years Of Blueprint, fabric, London","https://www.mixesdb.com/w/2021-10-30_-_DVS1_@_25_Years_Of_Blueprint,_fabric,_London",,16,48,DJ Dry,End of Rotation (Victor Calderone remix),DJ Dry - End of Rotation (Victor Calderone remix)
"2021-10-30 - DVS1 @ 25 Years Of Blueprint, fabric, London","https://www.mixesdb.com/w/2021-10-30_-_DVS1_@_25_Years_Of_Blueprint,_fabric,_London",,17,51,Petter B,Higher Thirds,Petter B - Higher Thirds
"2021-10-30 - DVS1 @ 25 Years Of Blueprint, fabric, London","https://www.mixesdb.com/w/2021-10-30_-_DVS1_@_25_Years_Of_Blueprint,_fabric,_London",,18,53,The Golden FIlter,End of Times (Drone-Apella),The Golden FIlter - End of Times (Drone-Apella)
"2021-10-30 - DVS1 @ 25 Years Of Blueprint, fabric, London","https://www.mixesdb.com/w/2021-10-30_-_DVS1_@_25_Years_Of_Blueprint,_fabric,_London",,19,56,Drumcell,Terminus Effect,Drumcell - Terminus Effect
2012-09-27 - DVS1 @ Boiler Room - Decibel Live From Seattle,https://www.mixesdb.com/w/2012-09-27_-_DVS1_@_Boiler_Room_-_Decibel_Live_From_Seattle,,1,00,Schatrax,Mists,Schatrax - Mists
2012-09-27 - DVS1 @ Boiler Room - Decibel Live From Seattle,https://www.mixesdb.com/w/2012-09-27_-_DVS1_@_Boiler_Room_-_Decibel_Live_From_Seattle,,2,03,The Martinez Brothers,Where's Mr. Brown,The Martinez Brothers - Where's Mr. Brown
2012-09-27 - DVS1 @ Boiler Room - Decibel Live From Seattle,https://www.mixesdb.com/w/2012-09-27_-_DVS1_@_Boiler_Room_-_Decibel_Live_From_Seattle,,3,05,Dopey,Inversion (Heron's Hypnotic Remix Tool),Dopey - Inversion (Heron's Hypnotic Remix Tool)
2012-09-27 - DVS1 @ Boiler Room - Decibel Live From Seattle,https://www.mixesdb.com/w/2012-09-27_-_DVS1_@_Boiler_Room_-_Decibel_Live_From_Seattle,,4,08,Steffi,Tank (String Version) [Ostgut Ton - O-TON 058],Steffi - Tank (String Version) [Ostgut Ton - O-TON 058]
2012-09-27 - DVS1 @ Boiler Room - Decibel Live From Seattle,https://www.mixesdb.com/w/2012-09-27_-_DVS1_@_Boiler_Room_-_Decibel_Live_From_Seattle,,5,10,DVS1,Arrival (No Break) [Enemy - 014],DVS1 - Arrival (No Break) [Enemy - 014]
2012-09-27 - DVS1 @ Boiler Room - Decibel Live From Seattle,https://www.mixesdb.com/w/2012-09-27_-_DVS1_@_Boiler_Room_-_Decibel_Live_From_Seattle,,6,13,San Soda,Cocomo,San Soda - Cocomo
2012-09-27 - DVS1 @ Boiler Room - Decibel Live From Seattle,https://www.mixesdb.com/w/2012-09-27_-_DVS1_@_Boiler_Room_-_Decibel_Live_From_Seattle,,7,18,Ghosts On Tape,Nature's Law (Lando Kal Remix) [Icee Hot IH001],Ghosts On Tape - Nature's Law (Lando Kal Remix) [Icee Hot IH001]
2012-09-27 - DVS1 @ Boiler Room - Decibel Live From Seattle,https://www.mixesdb.com/w/2012-09-27_-_DVS1_@_Boiler_Room_-_Decibel_Live_From_Seattle,,8,20,,?,?
2012-09-27 - DVS1 @ Boiler Room - Decibel Live From Seattle,https://www.mixesdb.com/w/2012-09-27_-_DVS1_@_Boiler_Room_-_Decibel_Live_From_Seattle,,9,23,D'Marc Cantu,Some Fantasies Are Good (DVS1 Remix) [Forbidden Planet FP001 - Forthcoming],D'Marc Cantu - Some Fantasies Are Good (DVS1 Remix) [Forbidden Planet FP001 - Forthcoming]
2012-09-27 - DVS1 @ Boiler Room - Decibel Live From Seattle,https://www.mixesdb.com/w/2012-09-27_-_DVS1_@_Boiler_Room_-_Decibel_Live_From_Seattle,,10,28,,?,?
2012-09-27 - DVS1 @ Boiler Room - Decibel Live From Seattle,https://www.mixesdb.com/w/2012-09-27_-_DVS1_@_Boiler_Room_-_Decibel_Live_From_Seattle,,11,30,DVS1,Polyphonic Love,DVS1 - Polyphonic Love
2012-09-27 - DVS1 @ Boiler Room - Decibel Live From Seattle,https://www.mixesdb.com/w/2012-09-27_-_DVS1_@_Boiler_Room_-_Decibel_Live_From_Seattle,,12,33,Wincent Kunth,Relove (Edit),Wincent Kunth - Relove (Edit)
2012-09-27 - DVS1 @ Boiler Room - Decibel Live From Seattle,https://www.mixesdb.com/w/2012-09-27_-_DVS1_@_Boiler_Room_-_Decibel_Live_From_Seattle,,13,37,Levon Vincent,Woman Is The Devil,Levon Vincent - Woman Is The Devil
2012-09-27 - DVS1 @ Boiler Room - Decibel Live From Seattle,https://www.mixesdb.com/w/2012-09-27_-_DVS1_@_Boiler_Room_-_Decibel_Live_From_Seattle,,14,42,Operator,Hermes,Operator - Hermes
2012-09-27 - DVS1 @ Boiler Room - Decibel Live From Seattle,https://www.mixesdb.com/w/2012-09-27_-_DVS1_@_Boiler_Room_-_Decibel_Live_From_Seattle,,15,43,Nina Kraviz,Best Friend (DVS1 Raw Version Mix),Nina Kraviz - Best Friend (DVS1 Raw Version Mix)
2012-09-27 - DVS1 @ Boiler Room - Decibel Live From Seattle,https://www.mixesdb.com/w/2012-09-27_-_DVS1_@_Boiler_Room_-_Decibel_Live_From_Seattle,,16,48,Lil' Louis,Blackout,Lil' Louis - Blackout
"2012-09-21 - DVS1 @ Perron, Rotterdam (Pole Group Radio, Vicious Radio 2012-10-05)","https://www.mixesdb.com/w/2012-09-21_-_DVS1_@_Perron,_Rotterdam_(Pole_Group_Radio,_Vicious_Radio_2012-10-05)",,1,00,,Intro,Intro
"2012-09-21 - DVS1 @ Perron, Rotterdam (Pole Group Radio, Vicious Radio 2012-10-05)","https://www.mixesdb.com/w/2012-09-21_-_DVS1_@_Perron,_Rotterdam_(Pole_Group_Radio,_Vicious_Radio_2012-10-05)",,2,02,,?,?
"2012-09-21 - DVS1 @ Perron, Rotterdam (Pole Group Radio, Vicious Radio 2012-10-05)","https://www.mixesdb.com/w/2012-09-21_-_DVS1_@_Perron,_Rotterdam_(Pole_Group_Radio,_Vicious_Radio_2012-10-05)",,3,05,Autist Artists,Crash Kids [Autist],Autist Artists - Crash Kids [Autist]
"2012-09-21 - DVS1 @ Perron, Rotterdam (Pole Group Radio, Vicious Radio 2012-10-05)","https://www.mixesdb.com/w/2012-09-21_-_DVS1_@_Perron,_Rotterdam_(Pole_Group_Radio,_Vicious_Radio_2012-10-05)",,4,09,Psyk,Distane [Mote Evolver - MOTE 031D],Psyk - Distane [Mote Evolver - MOTE 031D]
"2012-09-21 - DVS1 @ Perron, Rotterdam (Pole Group Radio, Vicious Radio 2012-10-05)","https://www.mixesdb.com/w/2012-09-21_-_DVS1_@_Perron,_Rotterdam_(Pole_Group_Radio,_Vicious_Radio_2012-10-05)",,5,14,Reeko,Cyberpunk [Polegroup - POLE 007],Reeko - Cyberpunk [Polegroup - POLE 007]
"2012-09-21 - DVS1 @ Perron, Rotterdam (Pole Group Radio, Vicious Radio 2012-10-05)","https://www.mixesdb.com/w/2012-09-21_-_DVS1_@_Perron,_Rotterdam_(Pole_Group_Radio,_Vicious_Radio_2012-10-05)",,6,16,,?,?
"2012-09-21 - DVS1 @ Perron, Rotterdam (Pole Group Radio, Vicious Radio 2012-10-05)","https://www.mixesdb.com/w/2012-09-21_-_DVS1_@_Perron,_Rotterdam_(Pole_Group_Radio,_Vicious_Radio_2012-10-05)",,7,20,,?,?
"2012-09-21 - DVS1 @ Perron, Rotterdam (Pole Group Radio, Vicious Radio 2012-10-05)","https://www.mixesdb.com/w/2012-09-21_-_DVS1_@_Perron,_Rotterdam_(Pole_Group_Radio,_Vicious_Radio_2012-10-05)",,8,25,,?,?
"2012-09-21 - DVS1 @ Perron, Rotterdam (Pole Group Radio, Vicious Radio 2012-10-05)","https://www.mixesdb.com/w/2012-09-21_-_DVS1_@_Perron,_Rotterdam_(Pole_Group_Radio,_Vicious_Radio_2012-10-05)",,9,27,,?,?
"2012-09-21 - DVS1 @ Perron, Rotterdam (Pole Group Radio, Vicious Radio 2012-10-05)","https://www.mixesdb.com/w/2012-09-21_-_DVS1_@_Perron,_Rotterdam_(Pole_Group_Radio,_Vicious_Radio_2012-10-05)",,10,32,Counterpart,Apocalypse [Planet Rhythm - PRRUKSPOT 003],Counterpart - Apocalypse [Planet Rhythm - PRRUKSPOT 003]
"2012-09-21 - DVS1 @ Perron, Rotterdam (Pole Group Radio, Vicious Radio 2012-10-05)","https://www.mixesdb.com/w/2012-09-21_-_DVS1_@_Perron,_Rotterdam_(Pole_Group_Radio,_Vicious_Radio_2012-10-05)",,11,34,,?,?
"2012-09-21 - DVS1 @ Perron, Rotterdam (Pole Group Radio, Vicious Radio 2012-10-05)","https://www.mixesdb.com/w/2012-09-21_-_DVS1_@_Perron,_Rotterdam_(Pole_Group_Radio,_Vicious_Radio_2012-10-05)",,12,37,Ø [Phase],Behind The Sun [Token - 25D],Ø [Phase] - Behind The Sun [Token - 25D]
"2012-09-21 - DVS1 @ Perron, Rotterdam (Pole Group Radio, Vicious Radio 2012-10-05)","https://www.mixesdb.com/w/2012-09-21_-_DVS1_@_Perron,_Rotterdam_(Pole_Group_Radio,_Vicious_Radio_2012-10-05)",,13,38,,?,?
"2012-09-21 - DVS1 @ Perron, Rotterdam (Pole Group Radio, Vicious Radio 2012-10-05)","https://www.mixesdb.com/w/2012-09-21_-_DVS1_@_Perron,_Rotterdam_(Pole_Group_Radio,_Vicious_Radio_2012-10-05)",,14,43,,?,?
"2012-09-21 - DVS1 @ Perron, Rotterdam (Pole Group Radio, Vicious Radio 2012-10-05)","https://www.mixesdb.com/w/2012-09-21_-_DVS1_@_Perron,_Rotterdam_(Pole_Group_Radio,_Vicious_Radio_2012-10-05)",,15,46,,?,?
"2012-09-21 - DVS1 @ Perron, Rotterdam (Pole Group Radio, Vicious Radio 2012-10-05)","https://www.mixesdb.com/w/2012-09-21_-_DVS1_@_Perron,_Rotterdam_(Pole_Group_Radio,_Vicious_Radio_2012-10-05)",,16,49,Truncate,31 [Gynoid - 012],Truncate - 31 [Gynoid - 012]
"2012-09-21 - DVS1 @ Perron, Rotterdam (Pole Group Radio, Vicious Radio 2012-10-05)","https://www.mixesdb.com/w/2012-09-21_-_DVS1_@_Perron,_Rotterdam_(Pole_Group_Radio,_Vicious_Radio_2012-10-05)",,17,51,,?,?
"2011-09-04 - DVS1 @ System, First Avenue, Minneapolis","https://www.mixesdb.com/w/2011-09-04_-_DVS1_@_System,_First_Avenue,_Minneapolis",,1,0:00,Tim Wolff,The Straight Story (Steve Rachmad Remix),Tim Wolff - The Straight Story (Steve Rachmad Remix)
"2011-09-04 - DVS1 @ System, First Avenue, Minneapolis","https://www.mixesdb.com/w/2011-09-04_-_DVS1_@_System,_First_Avenue,_Minneapolis",,2,0:03,,?,?
"2011-09-04 - DVS1 @ System, First Avenue, Minneapolis","https://www.mixesdb.com/w/2011-09-04_-_DVS1_@_System,_First_Avenue,_Minneapolis",,3,0:06,Basic Soul Unit,Night Heat (Fred P Reshape),Basic Soul Unit - Night Heat (Fred P Reshape)
"2011-09-04 - DVS1 @ System, First Avenue, Minneapolis","https://www.mixesdb.com/w/2011-09-04_-_DVS1_@_System,_First_Avenue,_Minneapolis",,4,0:10,,?,?
"2011-09-04 - DVS1 @ System, First Avenue, Minneapolis","https://www.mixesdb.com/w/2011-09-04_-_DVS1_@_System,_First_Avenue,_Minneapolis",,5,0:13,Delta Funktionen,Estuary,Delta Funktionen - Estuary
"2011-09-04 - DVS1 @ System, First Avenue, Minneapolis","https://www.mixesdb.com/w/2011-09-04_-_DVS1_@_System,_First_Avenue,_Minneapolis",,6,0:17,Kai Alce,Kzr gruv,Kai Alce - Kzr gruv
"2011-09-04 - DVS1 @ System, First Avenue, Minneapolis","https://www.mixesdb.com/w/2011-09-04_-_DVS1_@_System,_First_Avenue,_Minneapolis",,7,0:20,Omar S,U,Omar S - U
"2011-09-04 - DVS1 @ System, First Avenue, Minneapolis","https://www.mixesdb.com/w/2011-09-04_-_DVS1_@_System,_First_Avenue,_Minneapolis",,8,0:24,,?,?
"2011-09-04 - DVS1 @ System, First Avenue, Minneapolis","https://www.mixesdb.com/w/2011-09-04_-_DVS1_@_System,_First_Avenue,_Minneapolis",,9,0:26,,?,?
"2011-09-04 - DVS1 @ System, First Avenue, Minneapolis","https://www.mixesdb.com/w/2011-09-04_-_DVS1_@_System,_First_Avenue,_Minneapolis",,10,0:29,Mathias Mesteño,Grinder,Mathias Mesteño - Grinder
"2011-09-04 - DVS1 @ System, First Avenue, Minneapolis","https://www.mixesdb.com/w/2011-09-04_-_DVS1_@_System,_First_Avenue,_Minneapolis",,11,0:31,,?,?
"2011-09-04 - DVS1 @ System, First Avenue, Minneapolis","https://www.mixesdb.com/w/2011-09-04_-_DVS1_@_System,_First_Avenue,_Minneapolis",,12,0:35,Feygin & Keely Timlin,"""Saying Goodbye"" (Dairmount & Berardi Dub)","Feygin & Keely Timlin - ""Saying Goodbye"" (Dairmount & Berardi Dub)"
"2011-09-04 - DVS1 @ System, First Avenue, Minneapolis","https://www.mixesdb.com/w/2011-09-04_-_DVS1_@_System,_First_Avenue,_Minneapolis",,13,0:40,Omar S,A Victim,Omar S - A Victim
"2011-09-04 - DVS1 @ System, First Avenue, Minneapolis","https://www.mixesdb.com/w/2011-09-04_-_DVS1_@_System,_First_Avenue,_Minneapolis",,14,0:44,ItaloJohnson,01B2,ItaloJohnson - 01B2
"2011-09-04 - DVS1 @ System, First Avenue, Minneapolis","https://www.mixesdb.com/w/2011-09-04_-_DVS1_@_System,_First_Avenue,_Minneapolis",,15,0:47,,?,?
"2011-09-04 - DVS1 @ System, First Avenue, Minneapolis","https://www.mixesdb.com/w/2011-09-04_-_DVS1_@_System,_First_Avenue,_Minneapolis",,16,0:50,ItaloJohnson,03B2,ItaloJohnson - 03B2
"2011-09-04 - DVS1 @ System, First Avenue, Minneapolis","https://www.mixesdb.com/w/2011-09-04_-_DVS1_@_System,_First_Avenue,_Minneapolis",,17,0:54,Savas Pascalidis,Logic State,Savas Pascalidis - Logic State
"2011-09-04 - DVS1 @ System, First Avenue, Minneapolis","https://www.mixesdb.com/w/2011-09-04_-_DVS1_@_System,_First_Avenue,_Minneapolis",,18,0:57,Technique & Yaroslove,Velo City,Technique & Yaroslove - Velo City
"2011-09-04 - DVS1 @ System, First Avenue, Minneapolis","https://www.mixesdb.com/w/2011-09-04_-_DVS1_@_System,_First_Avenue,_Minneapolis",,19,1:02,,?,?
"2011-09-04 - DVS1 @ System, First Avenue, Minneapolis","https://www.mixesdb.com/w/2011-09-04_-_DVS1_@_System,_First_Avenue,_Minneapolis",,20,1:05,Santos,Hold Home,Santos - Hold Home
"2011-09-04 - DVS1 @ System, First Avenue, Minneapolis","https://www.mixesdb.com/w/2011-09-04_-_DVS1_@_System,_First_Avenue,_Minneapolis",,21,1:13,Anthony Shakir,The Floorfiller (Skudge Mix),Anthony Shakir - The Floorfiller (Skudge Mix)
"2011-09-04 - DVS1 @ System, First Avenue, Minneapolis","https://www.mixesdb.com/w/2011-09-04_-_DVS1_@_System,_First_Avenue,_Minneapolis",,22,1:15,Roman Lindau,Sonnerie,Roman Lindau - Sonnerie
"2011-09-04 - DVS1 @ System, First Avenue, Minneapolis","https://www.mixesdb.com/w/2011-09-04_-_DVS1_@_System,_First_Avenue,_Minneapolis",,23,1:18,2562,Aquatic Family Affair,2562 - Aquatic Family Affair
"2011-09-04 - DVS1 @ System, First Avenue, Minneapolis","https://www.mixesdb.com/w/2011-09-04_-_DVS1_@_System,_First_Avenue,_Minneapolis",,24,1:22,DVS1,Arrival (No Break),DVS1 - Arrival (No Break)
"2011-09-04 - DVS1 @ System, First Avenue, Minneapolis","https://www.mixesdb.com/w/2011-09-04_-_DVS1_@_System,_First_Avenue,_Minneapolis",,25,1:26,,?,?
"2011-09-04 - DVS1 @ System, First Avenue, Minneapolis","https://www.mixesdb.com/w/2011-09-04_-_DVS1_@_System,_First_Avenue,_Minneapolis",,26,1:30,Kapuchon & Benny Rodrigues,The Finger (Radio Slave Remix),Kapuchon & Benny Rodrigues - The Finger (Radio Slave Remix)
"2011-09-04 - DVS1 @ System, First Avenue, Minneapolis","https://www.mixesdb.com/w/2011-09-04_-_DVS1_@_System,_First_Avenue,_Minneapolis",,27,1:35,Alejandro Trebor,Quemadura del Sol,Alejandro Trebor - Quemadura del Sol
"2011-09-04 - DVS1 @ System, First Avenue, Minneapolis","https://www.mixesdb.com/w/2011-09-04_-_DVS1_@_System,_First_Avenue,_Minneapolis",,28,1:37,,?,?
"2011-09-04 - DVS1 @ System, First Avenue, Minneapolis","https://www.mixesdb.com/w/2011-09-04_-_DVS1_@_System,_First_Avenue,_Minneapolis",,29,1:43,The Italoboyz,Viktor Casanova (Lee Curtiss Remix),The Italoboyz - Viktor Casanova (Lee Curtiss Remix)
"2011-09-04 - DVS1 @ System, First Avenue, Minneapolis","https://www.mixesdb.com/w/2011-09-04_-_DVS1_@_System,_First_Avenue,_Minneapolis",,30,1:46,,?,?
"2011-09-04 - DVS1 @ System, First Avenue, Minneapolis","https://www.mixesdb.com/w/2011-09-04_-_DVS1_@_System,_First_Avenue,_Minneapolis",,31,1:48,Frozen Border,7.1 (A1),Frozen Border - 7.1 (A1)
"2011-09-04 - DVS1 @ System, First Avenue, Minneapolis","https://www.mixesdb.com/w/2011-09-04_-_DVS1_@_System,_First_Avenue,_Minneapolis",,32,1:50,,?,?
"2011-09-04 - DVS1 @ System, First Avenue, Minneapolis","https://www.mixesdb.com/w/2011-09-04_-_DVS1_@_System,_First_Avenue,_Minneapolis",,33,1:53,,?,?
"2011-09-04 - DVS1 @ System, First Avenue, Minneapolis","https://www.mixesdb.com/w/2011-09-04_-_DVS1_@_System,_First_Avenue,_Minneapolis",,34,1:55,Jerome Sydenham,Weather System,Jerome Sydenham - Weather System
"2011-09-04 - DVS1 @ System, First Avenue, Minneapolis","https://www.mixesdb.com/w/2011-09-04_-_DVS1_@_System,_First_Avenue,_Minneapolis",,35,1:58,Splice,One Hundred,Splice - One Hundred
"2011-09-04 - DVS1 @ System, First Avenue, Minneapolis","https://www.mixesdb.com/w/2011-09-04_-_DVS1_@_System,_First_Avenue,_Minneapolis",,36,2:02,,?,?
"2011-09-04 - DVS1 @ System, First Avenue, Minneapolis","https://www.mixesdb.com/w/2011-09-04_-_DVS1_@_System,_First_Avenue,_Minneapolis",,37,2:05,Samuli Kemppi,Bang,Samuli Kemppi - Bang
"2011-09-04 - DVS1 @ System, First Avenue, Minneapolis","https://www.mixesdb.com/w/2011-09-04_-_DVS1_@_System,_First_Avenue,_Minneapolis",,38,2:10,Xfive,Instiller,Xfive - Instiller
"2011-09-04 - DVS1 @ System, First Avenue, Minneapolis","https://www.mixesdb.com/w/2011-09-04_-_DVS1_@_System,_First_Avenue,_Minneapolis",,39,2:13,Heiko Laux,Souldancer Part 3,Heiko Laux - Souldancer Part 3
"2011-09-04 - DVS1 @ System, First Avenue, Minneapolis","https://www.mixesdb.com/w/2011-09-04_-_DVS1_@_System,_First_Avenue,_Minneapolis",,40,2:16,DVS1,Running,DVS1 - Running
"2011-09-04 - DVS1 @ System, First Avenue, Minneapolis","https://www.mixesdb.com/w/2011-09-04_-_DVS1_@_System,_First_Avenue,_Minneapolis",,41,2:20,Technasia,Final Quadrant (The Cosmic Beats),Technasia - Final Quadrant (The Cosmic Beats)
"2011-09-04 - DVS1 @ System, First Avenue, Minneapolis","https://www.mixesdb.com/w/2011-09-04_-_DVS1_@_System,_First_Avenue,_Minneapolis",,42,2:22,DJ Flint,I Bust It (DJ Urban Remix),DJ Flint - I Bust It (DJ Urban Remix)
"2011-09-04 - DVS1 @ System, First Avenue, Minneapolis","https://www.mixesdb.com/w/2011-09-04_-_DVS1_@_System,_First_Avenue,_Minneapolis",,43,2:26,Uk Gold,Agent Wood,Uk Gold - Agent Wood
"2011-09-04 - DVS1 @ System, First Avenue, Minneapolis","https://www.mixesdb.com/w/2011-09-04_-_DVS1_@_System,_First_Avenue,_Minneapolis",,44,2:29,Lucy,Beautiful People,Lucy - Beautiful People
"2011-09-04 - DVS1 @ System, First Avenue, Minneapolis","https://www.mixesdb.com/w/2011-09-04_-_DVS1_@_System,_First_Avenue,_Minneapolis",,45,2:32,Staffan Linzatti,See,Staffan Linzatti - See
"2011-09-04 - DVS1 @ System, First Avenue, Minneapolis","https://www.mixesdb.com/w/2011-09-04_-_DVS1_@_System,_First_Avenue,_Minneapolis",,46,2:37,,?,?
"2011-09-04 - DVS1 @ System, First Avenue, Minneapolis","https://www.mixesdb.com/w/2011-09-04_-_DVS1_@_System,_First_Avenue,_Minneapolis",,47,2:41,Jerome Sydenham,Tonto,Jerome Sydenham - Tonto
"2011-09-04 - DVS1 @ System, First Avenue, Minneapolis","https://www.mixesdb.com/w/2011-09-04_-_DVS1_@_System,_First_Avenue,_Minneapolis",,48,2:44,"James Ruskin, Mark Broom",Erotic Misery,"James Ruskin, Mark Broom - Erotic Misery"
"2011-09-04 - DVS1 @ System, First Avenue, Minneapolis","https://www.mixesdb.com/w/2011-09-04_-_DVS1_@_System,_First_Avenue,_Minneapolis",,49,2:47,,?,?
"2011-09-04 - DVS1 @ System, First Avenue, Minneapolis","https://www.mixesdb.com/w/2011-09-04_-_DVS1_@_System,_First_Avenue,_Minneapolis",,50,2:50,Zak Khutoretsky,Polyphonic Love,Zak Khutoretsky - Polyphonic Love
"2011-09-04 - DVS1 @ System, First Avenue, Minneapolis","https://www.mixesdb.com/w/2011-09-04_-_DVS1_@_System,_First_Avenue,_Minneapolis",,51,2:53,,?,?
"2011-09-04 - DVS1 @ System, First Avenue, Minneapolis","https://www.mixesdb.com/w/2011-09-04_-_DVS1_@_System,_First_Avenue,_Minneapolis",,52,2:56,Tony Kasper,Please Me,Tony Kasper - Please Me
"2011-09-04 - DVS1 @ System, First Avenue, Minneapolis","https://www.mixesdb.com/w/2011-09-04_-_DVS1_@_System,_First_Avenue,_Minneapolis",,53,2:58,Markus Suckut,Symbiosis,Markus Suckut - Symbiosis
"2011-09-04 - DVS1 @ System, First Avenue, Minneapolis","https://www.mixesdb.com/w/2011-09-04_-_DVS1_@_System,_First_Avenue,_Minneapolis",,54,3:00,Echologist,Dirt (Ben Klock Remix),Echologist - Dirt (Ben Klock Remix)
"2011-09-04 - DVS1 @ System, First Avenue, Minneapolis","https://www.mixesdb.com/w/2011-09-04_-_DVS1_@_System,_First_Avenue,_Minneapolis",,55,3:05,Markus Suckut,February,Markus Suckut - February
"2011-09-04 - DVS1 @ System, First Avenue, Minneapolis","https://www.mixesdb.com/w/2011-09-04_-_DVS1_@_System,_First_Avenue,_Minneapolis",,56,3:09,Markus Suckut,Vary,Markus Suckut - Vary
"2011-09-04 - DVS1 @ System, First Avenue, Minneapolis","https://www.mixesdb.com/w/2011-09-04_-_DVS1_@_System,_First_Avenue,_Minneapolis",,57,3:11,,?,?
"2011-09-04 - DVS1 @ System, First Avenue, Minneapolis","https://www.mixesdb.com/w/2011-09-04_-_DVS1_@_System,_First_Avenue,_Minneapolis",,58,3:14,,?,?
"2011-09-04 - DVS1 @ System, First Avenue, Minneapolis","https://www.mixesdb.com/w/2011-09-04_-_DVS1_@_System,_First_Avenue,_Minneapolis",,59,3:16,Russian Roulette,Hands Up,Russian Roulette - Hands Up
"2011-09-04 - DVS1 @ System, First Avenue, Minneapolis","https://www.mixesdb.com/w/2011-09-04_-_DVS1_@_System,_First_Avenue,_Minneapolis",,60,3:17,Darko Esser,Clean Slate (DVS1 Remix),Darko Esser - Clean Slate (DVS1 Remix)
"2011-09-04 - DVS1 @ System, First Avenue, Minneapolis","https://www.mixesdb.com/w/2011-09-04_-_DVS1_@_System,_First_Avenue,_Minneapolis",,61,3:20,Gennaro Mastrantonio & Billy Johnston,Space (DVS1 Remix),Gennaro Mastrantonio & Billy Johnston - Space (DVS1 Remix)
"2011-09-04 - DVS1 @ System, First Avenue, Minneapolis","https://www.mixesdb.com/w/2011-09-04_-_DVS1_@_System,_First_Avenue,_Minneapolis",,62,3:23,,?,?
"2011-09-04 - DVS1 @ System, First Avenue, Minneapolis","https://www.mixesdb.com/w/2011-09-04_-_DVS1_@_System,_First_Avenue,_Minneapolis",,63,3:25,Dj Funk,Run UK,Dj Funk - Run UK
"2011-09-04 - DVS1 @ System, First Avenue, Minneapolis","https://www.mixesdb.com/w/2011-09-04_-_DVS1_@_System,_First_Avenue,_Minneapolis",,64,3:28,,?,?
"2011-09-04 - DVS1 @ System, First Avenue, Minneapolis","https://www.mixesdb.com/w/2011-09-04_-_DVS1_@_System,_First_Avenue,_Minneapolis",,65,3:30,,?,?
"2011-09-04 - DVS1 @ System, First Avenue, Minneapolis","https://www.mixesdb.com/w/2011-09-04_-_DVS1_@_System,_First_Avenue,_Minneapolis",,66,3:31,Terrence Dixon,The Parkhurst,Terrence Dixon - The Parkhurst
"2011-09-04 - DVS1 @ System, First Avenue, Minneapolis","https://www.mixesdb.com/w/2011-09-04_-_DVS1_@_System,_First_Avenue,_Minneapolis",,67,3:33,,,
"2011-09-04 - DVS1 @ System, First Avenue, Minneapolis","https://www.mixesdb.com/w/2011-09-04_-_DVS1_@_System,_First_Avenue,_Minneapolis",,68,3:38,Truncate,Transients (V1),Truncate - Transients (V1)
"2011-09-04 - DVS1 @ System, First Avenue, Minneapolis","https://www.mixesdb.com/w/2011-09-04_-_DVS1_@_System,_First_Avenue,_Minneapolis",,69,3:41,DVS1,Ecks,DVS1 - Ecks
"2011-09-04 - DVS1 @ System, First Avenue, Minneapolis","https://www.mixesdb.com/w/2011-09-04_-_DVS1_@_System,_First_Avenue,_Minneapolis",,70,3:43,Paperclip People,The Climax,Paperclip People - The Climax
"2011-09-04 - DVS1 @ System, First Avenue, Minneapolis","https://www.mixesdb.com/w/2011-09-04_-_DVS1_@_System,_First_Avenue,_Minneapolis",,71,3:44,,,
"2011-09-04 - DVS1 @ System, First Avenue, Minneapolis","https://www.mixesdb.com/w/2011-09-04_-_DVS1_@_System,_First_Avenue,_Minneapolis",,72,,,[3:44 bis],[3:44 bis]
"2011-09-04 - DVS1 @ System, First Avenue, Minneapolis","https://www.mixesdb.com/w/2011-09-04_-_DVS1_@_System,_First_Avenue,_Minneapolis",,73,3:45,DVS1 & Zak Khutoretsky,Pressure,DVS1 & Zak Khutoretsky - Pressure
2018-07-09 - DVS1 - Dekmantel Podcast 186,https://www.mixesdb.com/w/2018-07-09_-_DVS1_-_Dekmantel_Podcast_186,,1,000,,?,?
2018-07-09 - DVS1 - Dekmantel Podcast 186,https://www.mixesdb.com/w/2018-07-09_-_DVS1_-_Dekmantel_Podcast_186,,2,004,Simoncino,Beyond The Dance (Mr. Fingers Dark Mix),Simoncino - Beyond The Dance (Mr. Fingers Dark Mix)
2018-07-09 - DVS1 - Dekmantel Podcast 186,https://www.mixesdb.com/w/2018-07-09_-_DVS1_-_Dekmantel_Podcast_186,,3,010,Vernon Felicity,Sights Of The Schieweg,Vernon Felicity - Sights Of The Schieweg
2018-07-09 - DVS1 - Dekmantel Podcast 186,https://www.mixesdb.com/w/2018-07-09_-_DVS1_-_Dekmantel_Podcast_186,,4,014,Simoncino,Target,Simoncino - Target
2018-07-09 - DVS1 - Dekmantel Podcast 186,https://www.mixesdb.com/w/2018-07-09_-_DVS1_-_Dekmantel_Podcast_186,,5,022,Specter & Chicagodeep,Sonar Pulse (Linkwood Edit),Specter & Chicagodeep - Sonar Pulse (Linkwood Edit)
2018-07-09 - DVS1 - Dekmantel Podcast 186,https://www.mixesdb.com/w/2018-07-09_-_DVS1_-_Dekmantel_Podcast_186,,6,026,Vin Sol & MATRiXXMAN,Dirty Laundry [Soo Wavey - SWR 006],Vin Sol & MATRiXXMAN - Dirty Laundry [Soo Wavey - SWR 006]
2018-07-09 - DVS1 - Dekmantel Podcast 186,https://www.mixesdb.com/w/2018-07-09_-_DVS1_-_Dekmantel_Podcast_186,,7,029,Jean Nipon,Women's Facility Conjugal Mix,Jean Nipon - Women's Facility Conjugal Mix
2018-07-09 - DVS1 - Dekmantel Podcast 186,https://www.mixesdb.com/w/2018-07-09_-_DVS1_-_Dekmantel_Podcast_186,,8,032,Samanta Fox & Snuffo,Klaus You (Skatebård Remix),Samanta Fox & Snuffo - Klaus You (Skatebård Remix)
2018-07-09 - DVS1 - Dekmantel Podcast 186,https://www.mixesdb.com/w/2018-07-09_-_DVS1_-_Dekmantel_Podcast_186,,9,035,DimoDJ,Crash 3 [Mathematics],DimoDJ - Crash 3 [Mathematics]
2018-07-09 - DVS1 - Dekmantel Podcast 186,https://www.mixesdb.com/w/2018-07-09_-_DVS1_-_Dekmantel_Podcast_186,,10,040,,?,?
2018-07-09 - DVS1 - Dekmantel Podcast 186,https://www.mixesdb.com/w/2018-07-09_-_DVS1_-_Dekmantel_Podcast_186,,11,046,Rio. D,I Got To Make It (Andre Owens Acid Mix),Rio. D - I Got To Make It (Andre Owens Acid Mix)
2018-07-09 - DVS1 - Dekmantel Podcast 186,https://www.mixesdb.com/w/2018-07-09_-_DVS1_-_Dekmantel_Podcast_186,,12,051,Voltery & Medicis,Green Mill [Lazare Hoche - LHR 13],Voltery & Medicis - Green Mill [Lazare Hoche - LHR 13]
2018-07-09 - DVS1 - Dekmantel Podcast 186,https://www.mixesdb.com/w/2018-07-09_-_DVS1_-_Dekmantel_Podcast_186,,13,055,"Mixx, Blood, Camero",Sweet Nectar [Saber 1991],"Mixx, Blood, Camero - Sweet Nectar [Saber 1991]"
2018-07-09 - DVS1 - Dekmantel Podcast 186,https://www.mixesdb.com/w/2018-07-09_-_DVS1_-_Dekmantel_Podcast_186,,14,059,,?,?
2018-07-09 - DVS1 - Dekmantel Podcast 186,https://www.mixesdb.com/w/2018-07-09_-_DVS1_-_Dekmantel_Podcast_186,,15,062,45 ACP,Safe Return,45 ACP - Safe Return
2018-07-09 - DVS1 - Dekmantel Podcast 186,https://www.mixesdb.com/w/2018-07-09_-_DVS1_-_Dekmantel_Podcast_186,,16,068,Myriadd,Beyond This Life,Myriadd - Beyond This Life
2018-07-09 - DVS1 - Dekmantel Podcast 186,https://www.mixesdb.com/w/2018-07-09_-_DVS1_-_Dekmantel_Podcast_186,,17,074,BXP,Acapulco [RA-1],BXP - Acapulco [RA-1]
2018-07-09 - DVS1 - Dekmantel Podcast 186,https://www.mixesdb.com/w/2018-07-09_-_DVS1_-_Dekmantel_Podcast_186,,18,077,Antenna,In August,Antenna - In August
2018-07-09 - DVS1 - Dekmantel Podcast 186,https://www.mixesdb.com/w/2018-07-09_-_DVS1_-_Dekmantel_Podcast_186,,19,082,Critical Digital,It's House,Critical Digital - It's House
2018-07-09 - DVS1 - Dekmantel Podcast 186,https://www.mixesdb.com/w/2018-07-09_-_DVS1_-_Dekmantel_Podcast_186,,20,086,Mike Dunn & MD III,Club Music World,Mike Dunn & MD III - Club Music World
2018-07-09 - DVS1 - Dekmantel Podcast 186,https://www.mixesdb.com/w/2018-07-09_-_DVS1_-_Dekmantel_Podcast_186,,21,089,Frag Maddin,1312 (Mistress 13),Frag Maddin - 1312 (Mistress 13)
2018-07-09 - DVS1 - Dekmantel Podcast 186,https://www.mixesdb.com/w/2018-07-09_-_DVS1_-_Dekmantel_Podcast_186,,22,094,,?,?
2018-07-09 - DVS1 - Dekmantel Podcast 186,https://www.mixesdb.com/w/2018-07-09_-_DVS1_-_Dekmantel_Podcast_186,,23,098,Perseus Traxx,Thinking Of A New Love,Perseus Traxx - Thinking Of A New Love
2018-07-09 - DVS1 - Dekmantel Podcast 186,https://www.mixesdb.com/w/2018-07-09_-_DVS1_-_Dekmantel_Podcast_186,,24,102,Metro,Turnstyle Turbulance,Metro - Turnstyle Turbulance
2018-07-09 - DVS1 - Dekmantel Podcast 186,https://www.mixesdb.com/w/2018-07-09_-_DVS1_-_Dekmantel_Podcast_186,,25,105,85',SWAG [Primitive],85' - SWAG [Primitive]
2018-07-09 - DVS1 - Dekmantel Podcast 186,https://www.mixesdb.com/w/2018-07-09_-_DVS1_-_Dekmantel_Podcast_186,,26,110,Murphy Jax & Mike Dunn,Let's Get To It (Dub) [Exploited - GH 23],Murphy Jax & Mike Dunn - Let's Get To It (Dub) [Exploited - GH 23]
2018-07-09 - DVS1 - Dekmantel Podcast 186,https://www.mixesdb.com/w/2018-07-09_-_DVS1_-_Dekmantel_Podcast_186,,27,116,Mike Dunn,Dance You Mutha [Trax],Mike Dunn - Dance You Mutha [Trax]
"2016-06-18 - B.Traits, Traumer, DVS1 - B.Traits, BBC Radio 1","https://www.mixesdb.com/w/2016-06-18_-_B.Traits,_Traumer,_DVS1_-_B.Traits,_BBC_Radio_1",,1,,KiNK,Roads,KiNK - Roads
"2016-06-18 - B.Traits, Traumer, DVS1 - B.Traits, BBC Radio 1","https://www.mixesdb.com/w/2016-06-18_-_B.Traits,_Traumer,_DVS1_-_B.Traits,_BBC_Radio_1",,2,,Kove,El Camino [Kobalt],Kove - El Camino [Kobalt]
"2016-06-18 - B.Traits, Traumer, DVS1 - B.Traits, BBC Radio 1","https://www.mixesdb.com/w/2016-06-18_-_B.Traits,_Traumer,_DVS1_-_B.Traits,_BBC_Radio_1",,3,,A1 Bassline,Broken,A1 Bassline - Broken
"2016-06-18 - B.Traits, Traumer, DVS1 - B.Traits, BBC Radio 1","https://www.mixesdb.com/w/2016-06-18_-_B.Traits,_Traumer,_DVS1_-_B.Traits,_BBC_Radio_1",,4,,Francesca Lombardo,Never Too Far [Crosstown Rebels],Francesca Lombardo - Never Too Far [Crosstown Rebels]
"2016-06-18 - B.Traits, Traumer, DVS1 - B.Traits, BBC Radio 1","https://www.mixesdb.com/w/2016-06-18_-_B.Traits,_Traumer,_DVS1_-_B.Traits,_BBC_Radio_1",,5,,PBR Streetgang,12.32 (Fort Romeau Remix),PBR Streetgang - 12.32 (Fort Romeau Remix)
"2016-06-18 - B.Traits, Traumer, DVS1 - B.Traits, BBC Radio 1","https://www.mixesdb.com/w/2016-06-18_-_B.Traits,_Traumer,_DVS1_-_B.Traits,_BBC_Radio_1",,6,,Marquis Hawkes Feat. Jocelyn Brown,I'm So Glad (Satisfied Mix) [Houndstooth],Marquis Hawkes Feat. Jocelyn Brown - I'm So Glad (Satisfied Mix) [Houndstooth]
"2016-06-18 - B.Traits, Traumer, DVS1 - B.Traits, BBC Radio 1","https://www.mixesdb.com/w/2016-06-18_-_B.Traits,_Traumer,_DVS1_-_B.Traits,_BBC_Radio_1",,7,,Andrea Oliva,Get Down,Andrea Oliva - Get Down
"2016-06-18 - B.Traits, Traumer, DVS1 - B.Traits, BBC Radio 1","https://www.mixesdb.com/w/2016-06-18_-_B.Traits,_Traumer,_DVS1_-_B.Traits,_BBC_Radio_1",,8,,Marco Faraone,Boost [Drumcode],Marco Faraone - Boost [Drumcode]
"2016-06-18 - B.Traits, Traumer, DVS1 - B.Traits, BBC Radio 1","https://www.mixesdb.com/w/2016-06-18_-_B.Traits,_Traumer,_DVS1_-_B.Traits,_BBC_Radio_1",,9,,DVS1,Black Russian,DVS1 - Black Russian
"2016-06-18 - B.Traits, Traumer, DVS1 - B.Traits, BBC Radio 1","https://www.mixesdb.com/w/2016-06-18_-_B.Traits,_Traumer,_DVS1_-_B.Traits,_BBC_Radio_1",,10,,Rommek,Off The Radar,Rommek - Off The Radar
"2016-06-18 - B.Traits, Traumer, DVS1 - B.Traits, BBC Radio 1","https://www.mixesdb.com/w/2016-06-18_-_B.Traits,_Traumer,_DVS1_-_B.Traits,_BBC_Radio_1",,11,,Shlomi Aber,Conexión [Be As One],Shlomi Aber - Conexión [Be As One]
"2016-06-18 - B.Traits, Traumer, DVS1 - B.Traits, BBC Radio 1","https://www.mixesdb.com/w/2016-06-18_-_B.Traits,_Traumer,_DVS1_-_B.Traits,_BBC_Radio_1",,12,,Trevino,Defektor Dub,Trevino - Defektor Dub
"2016-06-18 - B.Traits, Traumer, DVS1 - B.Traits, BBC Radio 1","https://www.mixesdb.com/w/2016-06-18_-_B.Traits,_Traumer,_DVS1_-_B.Traits,_BBC_Radio_1",,13,,Mr. G,28 (Zombie Version) [Midnight Shift],Mr. G - 28 (Zombie Version) [Midnight Shift]
"2016-06-18 - B.Traits, Traumer, DVS1 - B.Traits, BBC Radio 1","https://www.mixesdb.com/w/2016-06-18_-_B.Traits,_Traumer,_DVS1_-_B.Traits,_BBC_Radio_1",,14,,Bjarki,The Lover That You Are,Bjarki - The Lover That You Are
"2016-06-18 - B.Traits, Traumer, DVS1 - B.Traits, BBC Radio 1","https://www.mixesdb.com/w/2016-06-18_-_B.Traits,_Traumer,_DVS1_-_B.Traits,_BBC_Radio_1",,15,,Knutsson Berg,Acid Nord [Power Plant],Knutsson Berg - Acid Nord [Power Plant]
"2016-06-18 - B.Traits, Traumer, DVS1 - B.Traits, BBC Radio 1","https://www.mixesdb.com/w/2016-06-18_-_B.Traits,_Traumer,_DVS1_-_B.Traits,_BBC_Radio_1",,16,,Traumer,Gypsophila [Unreleased],Traumer - Gypsophila [Unreleased]
"2016-06-18 - B.Traits, Traumer, DVS1 - B.Traits, BBC Radio 1","https://www.mixesdb.com/w/2016-06-18_-_B.Traits,_Traumer,_DVS1_-_B.Traits,_BBC_Radio_1",,17,,Bluetrain,Friday Night Dub [Sushitech],Bluetrain - Friday Night Dub [Sushitech]
"2016-06-18 - B.Traits, Traumer, DVS1 - B.Traits, BBC Radio 1","https://www.mixesdb.com/w/2016-06-18_-_B.Traits,_Traumer,_DVS1_-_B.Traits,_BBC_Radio_1",,18,,Paperclip People,The Climax (Basic Reshape) [Basic Channe],Paperclip People - The Climax (Basic Reshape) [Basic Channe]
"2016-06-18 - B.Traits, Traumer, DVS1 - B.Traits, BBC Radio 1","https://www.mixesdb.com/w/2016-06-18_-_B.Traits,_Traumer,_DVS1_-_B.Traits,_BBC_Radio_1",,19,,Alessandro Crimi,Bathy [Moshitaka],Alessandro Crimi - Bathy [Moshitaka]
"2016-06-18 - B.Traits, Traumer, DVS1 - B.Traits, BBC Radio 1","https://www.mixesdb.com/w/2016-06-18_-_B.Traits,_Traumer,_DVS1_-_B.Traits,_BBC_Radio_1",,20,,Traumer,A Walk Through [Unreleased],Traumer - A Walk Through [Unreleased]
"2016-06-18 - B.Traits, Traumer, DVS1 - B.Traits, BBC Radio 1","https://www.mixesdb.com/w/2016-06-18_-_B.Traits,_Traumer,_DVS1_-_B.Traits,_BBC_Radio_1",,21,,Booka Shade,Night Falls,Booka Shade - Night Falls
"2016-06-18 - B.Traits, Traumer, DVS1 - B.Traits, BBC Radio 1","https://www.mixesdb.com/w/2016-06-18_-_B.Traits,_Traumer,_DVS1_-_B.Traits,_BBC_Radio_1",,22,,Palms Trax,Equation,Palms Trax - Equation
"2016-06-18 - B.Traits, Traumer, DVS1 - B.Traits, BBC Radio 1","https://www.mixesdb.com/w/2016-06-18_-_B.Traits,_Traumer,_DVS1_-_B.Traits,_BBC_Radio_1",,23,,Route 8,The Sunrise In Her Eyes [Lobster Theremin],Route 8 - The Sunrise In Her Eyes [Lobster Theremin]
"2016-06-18 - B.Traits, Traumer, DVS1 - B.Traits, BBC Radio 1","https://www.mixesdb.com/w/2016-06-18_-_B.Traits,_Traumer,_DVS1_-_B.Traits,_BBC_Radio_1",,24,,Tissu,RV Jam,Tissu - RV Jam
"2016-06-18 - B.Traits, Traumer, DVS1 - B.Traits, BBC Radio 1","https://www.mixesdb.com/w/2016-06-18_-_B.Traits,_Traumer,_DVS1_-_B.Traits,_BBC_Radio_1",,25,,Pantera Krause,John Doe,Pantera Krause - John Doe
"2016-06-18 - B.Traits, Traumer, DVS1 - B.Traits, BBC Radio 1","https://www.mixesdb.com/w/2016-06-18_-_B.Traits,_Traumer,_DVS1_-_B.Traits,_BBC_Radio_1",,26,,D. Dan,The Danger Zone,D. Dan - The Danger Zone
"2016-06-18 - B.Traits, Traumer, DVS1 - B.Traits, BBC Radio 1","https://www.mixesdb.com/w/2016-06-18_-_B.Traits,_Traumer,_DVS1_-_B.Traits,_BBC_Radio_1",,27,,nthng,Eternal,nthng - Eternal
"2016-06-18 - B.Traits, Traumer, DVS1 - B.Traits, BBC Radio 1","https://www.mixesdb.com/w/2016-06-18_-_B.Traits,_Traumer,_DVS1_-_B.Traits,_BBC_Radio_1",,28,,Grant,The Limit,Grant - The Limit
"2016-06-18 - B.Traits, Traumer, DVS1 - B.Traits, BBC Radio 1","https://www.mixesdb.com/w/2016-06-18_-_B.Traits,_Traumer,_DVS1_-_B.Traits,_BBC_Radio_1",,29,,Rumah,Blue,Rumah - Blue
"2016-06-18 - B.Traits, Traumer, DVS1 - B.Traits, BBC Radio 1","https://www.mixesdb.com/w/2016-06-18_-_B.Traits,_Traumer,_DVS1_-_B.Traits,_BBC_Radio_1",,30,,Exium,Trshflow (Jerone Search Machine),Exium - Trshflow (Jerone Search Machine)
"2016-06-18 - B.Traits, Traumer, DVS1 - B.Traits, BBC Radio 1","https://www.mixesdb.com/w/2016-06-18_-_B.Traits,_Traumer,_DVS1_-_B.Traits,_BBC_Radio_1",,31,,Jeff Mills,Automatic,Jeff Mills - Automatic
"2016-06-18 - B.Traits, Traumer, DVS1 - B.Traits, BBC Radio 1","https://www.mixesdb.com/w/2016-06-18_-_B.Traits,_Traumer,_DVS1_-_B.Traits,_BBC_Radio_1",,32,,DJ Spider,TMC,DJ Spider - TMC
"2016-06-18 - B.Traits, Traumer, DVS1 - B.Traits, BBC Radio 1","https://www.mixesdb.com/w/2016-06-18_-_B.Traits,_Traumer,_DVS1_-_B.Traits,_BBC_Radio_1",,33,,Psyk,Aumento,Psyk - Aumento
"2016-06-18 - B.Traits, Traumer, DVS1 - B.Traits, BBC Radio 1","https://www.mixesdb.com/w/2016-06-18_-_B.Traits,_Traumer,_DVS1_-_B.Traits,_BBC_Radio_1",,34,,Sandwell District,Untitled A,Sandwell District - Untitled A
"2016-06-18 - B.Traits, Traumer, DVS1 - B.Traits, BBC Radio 1","https://www.mixesdb.com/w/2016-06-18_-_B.Traits,_Traumer,_DVS1_-_B.Traits,_BBC_Radio_1",,35,,Tessela,Rub,Tessela - Rub
"2016-06-18 - B.Traits, Traumer, DVS1 - B.Traits, BBC Radio 1","https://www.mixesdb.com/w/2016-06-18_-_B.Traits,_Traumer,_DVS1_-_B.Traits,_BBC_Radio_1",,36,,James Ruskin,Hostage,James Ruskin - Hostage
"2016-06-18 - B.Traits, Traumer, DVS1 - B.Traits, BBC Radio 1","https://www.mixesdb.com/w/2016-06-18_-_B.Traits,_Traumer,_DVS1_-_B.Traits,_BBC_Radio_1",,37,,Ricky Cross,Around V.C,Ricky Cross - Around V.C
"2016-06-18 - B.Traits, Traumer, DVS1 - B.Traits, BBC Radio 1","https://www.mixesdb.com/w/2016-06-18_-_B.Traits,_Traumer,_DVS1_-_B.Traits,_BBC_Radio_1",,38,,James Ruskin & DVS1,Page 1,James Ruskin & DVS1 - Page 1
"2016-06-18 - B.Traits, Traumer, DVS1 - B.Traits, BBC Radio 1","https://www.mixesdb.com/w/2016-06-18_-_B.Traits,_Traumer,_DVS1_-_B.Traits,_BBC_Radio_1",,39,,Ben Sims,I Feel It Deep (Sandwell Districtdistrict Remix),Ben Sims - I Feel It Deep (Sandwell Districtdistrict Remix)
"2016-06-18 - B.Traits, Traumer, DVS1 - B.Traits, BBC Radio 1","https://www.mixesdb.com/w/2016-06-18_-_B.Traits,_Traumer,_DVS1_-_B.Traits,_BBC_Radio_1",,40,,DVS1,Unknown,DVS1 - Unknown
"2016-06-18 - B.Traits, Traumer, DVS1 - B.Traits, BBC Radio 1","https://www.mixesdb.com/w/2016-06-18_-_B.Traits,_Traumer,_DVS1_-_B.Traits,_BBC_Radio_1",,41,,Staffan Linzatti,See,Staffan Linzatti - See
"2016-06-18 - B.Traits, Traumer, DVS1 - B.Traits, BBC Radio 1","https://www.mixesdb.com/w/2016-06-18_-_B.Traits,_Traumer,_DVS1_-_B.Traits,_BBC_Radio_1",,42,,Traits,Breath Out,Traits - Breath Out
"2016-06-18 - B.Traits, Traumer, DVS1 - B.Traits, BBC Radio 1","https://www.mixesdb.com/w/2016-06-18_-_B.Traits,_Traumer,_DVS1_-_B.Traits,_BBC_Radio_1",,43,,Jay Clarke,Mirage,Jay Clarke - Mirage
"2016-07-09 - B.Traits, La Fleur, DVS1 - B.Traits, BBC Radio 1","https://www.mixesdb.com/w/2016-07-09_-_B.Traits,_La_Fleur,_DVS1_-_B.Traits,_BBC_Radio_1",B.Traits,1,,Shenoda,Minute,Shenoda - Minute
"2016-07-09 - B.Traits, La Fleur, DVS1 - B.Traits, BBC Radio 1","https://www.mixesdb.com/w/2016-07-09_-_B.Traits,_La_Fleur,_DVS1_-_B.Traits,_BBC_Radio_1",B.Traits,2,,Kate Simko & LEO,Waiting Games (Fort Romeau Remix),Kate Simko & LEO - Waiting Games (Fort Romeau Remix)
"2016-07-09 - B.Traits, La Fleur, DVS1 - B.Traits, BBC Radio 1","https://www.mixesdb.com/w/2016-07-09_-_B.Traits,_La_Fleur,_DVS1_-_B.Traits,_BBC_Radio_1",B.Traits,3,,A1Bassline,EDTS1 [A1B],A1Bassline - EDTS1 [A1B]
"2016-07-09 - B.Traits, La Fleur, DVS1 - B.Traits, BBC Radio 1","https://www.mixesdb.com/w/2016-07-09_-_B.Traits,_La_Fleur,_DVS1_-_B.Traits,_BBC_Radio_1",B.Traits,4,,NQ,Look Closer,NQ - Look Closer
"2016-07-09 - B.Traits, La Fleur, DVS1 - B.Traits, BBC Radio 1","https://www.mixesdb.com/w/2016-07-09_-_B.Traits,_La_Fleur,_DVS1_-_B.Traits,_BBC_Radio_1",B.Traits,5,,Dusky,Ingrid Is A Hybrid (Bwana's We're All In This Together Remix),Dusky - Ingrid Is A Hybrid (Bwana's We're All In This Together Remix)
"2016-07-09 - B.Traits, La Fleur, DVS1 - B.Traits, BBC Radio 1","https://www.mixesdb.com/w/2016-07-09_-_B.Traits,_La_Fleur,_DVS1_-_B.Traits,_BBC_Radio_1",B.Traits,6,,Booka Shade,In White Rooms (Hunter Game Remix) [Blaufield M10],Booka Shade - In White Rooms (Hunter Game Remix) [Blaufield M10]
"2016-07-09 - B.Traits, La Fleur, DVS1 - B.Traits, BBC Radio 1","https://www.mixesdb.com/w/2016-07-09_-_B.Traits,_La_Fleur,_DVS1_-_B.Traits,_BBC_Radio_1",B.Traits,7,,Anja Schneider,Rain [Mobilee],Anja Schneider - Rain [Mobilee]
"2016-07-09 - B.Traits, La Fleur, DVS1 - B.Traits, BBC Radio 1","https://www.mixesdb.com/w/2016-07-09_-_B.Traits,_La_Fleur,_DVS1_-_B.Traits,_BBC_Radio_1",B.Traits,8,,Ambivalent,Whyou (Michael Mayer Mix) [Kompakt],Ambivalent - Whyou (Michael Mayer Mix) [Kompakt]
"2016-07-09 - B.Traits, La Fleur, DVS1 - B.Traits, BBC Radio 1","https://www.mixesdb.com/w/2016-07-09_-_B.Traits,_La_Fleur,_DVS1_-_B.Traits,_BBC_Radio_1",B.Traits,9,,R-Zone,Midwinter,R-Zone - Midwinter
"2016-07-09 - B.Traits, La Fleur, DVS1 - B.Traits, BBC Radio 1","https://www.mixesdb.com/w/2016-07-09_-_B.Traits,_La_Fleur,_DVS1_-_B.Traits,_BBC_Radio_1",B.Traits,10,,Trevino,Shimmer [Trip],Trevino - Shimmer [Trip]
"2016-07-09 - B.Traits, La Fleur, DVS1 - B.Traits, BBC Radio 1","https://www.mixesdb.com/w/2016-07-09_-_B.Traits,_La_Fleur,_DVS1_-_B.Traits,_BBC_Radio_1",B.Traits,11,,Bjarki,The Lover That You Are,Bjarki - The Lover That You Are
"2016-07-09 - B.Traits, La Fleur, DVS1 - B.Traits, BBC Radio 1","https://www.mixesdb.com/w/2016-07-09_-_B.Traits,_La_Fleur,_DVS1_-_B.Traits,_BBC_Radio_1",B.Traits,12,,Eclair Fifi,Never Let Go (Strip Steve OS Edit) [LuckyMe],Eclair Fifi - Never Let Go (Strip Steve OS Edit) [LuckyMe]
"2016-07-09 - B.Traits, La Fleur, DVS1 - B.Traits, BBC Radio 1","https://www.mixesdb.com/w/2016-07-09_-_B.Traits,_La_Fleur,_DVS1_-_B.Traits,_BBC_Radio_1",B.Traits,13,,Stacey Pullen,ROK (Christian Smith & Wehbba Remix) [Blackflag],Stacey Pullen - ROK (Christian Smith & Wehbba Remix) [Blackflag]
"2016-07-09 - B.Traits, La Fleur, DVS1 - B.Traits, BBC Radio 1","https://www.mixesdb.com/w/2016-07-09_-_B.Traits,_La_Fleur,_DVS1_-_B.Traits,_BBC_Radio_1",B.Traits,14,,Dubfire & Oliver Huntemann,Terra (Joseph Captiati Remix) [Senso Sounds],Dubfire & Oliver Huntemann - Terra (Joseph Captiati Remix) [Senso Sounds]
"2016-07-09 - B.Traits, La Fleur, DVS1 - B.Traits, BBC Radio 1","https://www.mixesdb.com/w/2016-07-09_-_B.Traits,_La_Fleur,_DVS1_-_B.Traits,_BBC_Radio_1",B.Traits,15,,BKR,Bazaar [Whistleblower],BKR - Bazaar [Whistleblower]
"2016-07-09 - B.Traits, La Fleur, DVS1 - B.Traits, BBC Radio 1","https://www.mixesdb.com/w/2016-07-09_-_B.Traits,_La_Fleur,_DVS1_-_B.Traits,_BBC_Radio_1",Future 12<nowiki>:</nowiki> La Fleur (1/4),1,,La Fleur,Kattflickan [Power Plant],La Fleur - Kattflickan [Power Plant]
"2016-07-09 - B.Traits, La Fleur, DVS1 - B.Traits, BBC Radio 1","https://www.mixesdb.com/w/2016-07-09_-_B.Traits,_La_Fleur,_DVS1_-_B.Traits,_BBC_Radio_1",Future 12<nowiki>:</nowiki> La Fleur (1/4),2,,La Fleur,Reflections [La Fleur],La Fleur - Reflections [La Fleur]
"2016-07-09 - B.Traits, La Fleur, DVS1 - B.Traits, BBC Radio 1","https://www.mixesdb.com/w/2016-07-09_-_B.Traits,_La_Fleur,_DVS1_-_B.Traits,_BBC_Radio_1",Future 12<nowiki>:</nowiki> La Fleur (1/4),3,,Kerri Chandler,Mama (La Fler Remix) [Watergate],Kerri Chandler - Mama (La Fler Remix) [Watergate]
"2016-07-09 - B.Traits, La Fleur, DVS1 - B.Traits, BBC Radio 1","https://www.mixesdb.com/w/2016-07-09_-_B.Traits,_La_Fleur,_DVS1_-_B.Traits,_BBC_Radio_1",Future 12<nowiki>:</nowiki> La Fleur (1/4),4,,La Fleur,Arms Around (C2 Affected Mix) [Watergate],La Fleur - Arms Around (C2 Affected Mix) [Watergate]
"2016-07-09 - B.Traits, La Fleur, DVS1 - B.Traits, BBC Radio 1","https://www.mixesdb.com/w/2016-07-09_-_B.Traits,_La_Fleur,_DVS1_-_B.Traits,_BBC_Radio_1",Future 12<nowiki>:</nowiki> La Fleur (1/4),5,,La Fleur,Nightflow (Kenny Larkin Drama Mix) [Watergate],La Fleur - Nightflow (Kenny Larkin Drama Mix) [Watergate]
"2016-07-09 - B.Traits, La Fleur, DVS1 - B.Traits, BBC Radio 1","https://www.mixesdb.com/w/2016-07-09_-_B.Traits,_La_Fleur,_DVS1_-_B.Traits,_BBC_Radio_1",Future 12<nowiki>:</nowiki> La Fleur (1/4),6,,La Fleur,Flowerhead (Spencer Parker's Gun For Hire Remix) [Whatpeopleplay],La Fleur - Flowerhead (Spencer Parker's Gun For Hire Remix) [Whatpeopleplay]
"2016-07-09 - B.Traits, La Fleur, DVS1 - B.Traits, BBC Radio 1","https://www.mixesdb.com/w/2016-07-09_-_B.Traits,_La_Fleur,_DVS1_-_B.Traits,_BBC_Radio_1",Future 12<nowiki>:</nowiki> La Fleur (1/4),7,,La Fleur,Flowerhead [Power Plant],La Fleur - Flowerhead [Power Plant]
"2016-07-09 - B.Traits, La Fleur, DVS1 - B.Traits, BBC Radio 1","https://www.mixesdb.com/w/2016-07-09_-_B.Traits,_La_Fleur,_DVS1_-_B.Traits,_BBC_Radio_1",Label Mates<nowiki>:</nowiki> Hush,1,,Clarity,Fog (Samurai Music),Clarity - Fog (Samurai Music)
"2016-07-09 - B.Traits, La Fleur, DVS1 - B.Traits, BBC Radio 1","https://www.mixesdb.com/w/2016-07-09_-_B.Traits,_La_Fleur,_DVS1_-_B.Traits,_BBC_Radio_1",Label Mates<nowiki>:</nowiki> Hush,2,,DVS1,Evolve,DVS1 - Evolve
"2016-07-09 - B.Traits, La Fleur, DVS1 - B.Traits, BBC Radio 1","https://www.mixesdb.com/w/2016-07-09_-_B.Traits,_La_Fleur,_DVS1_-_B.Traits,_BBC_Radio_1",Label Mates<nowiki>:</nowiki> Hush,3,,DVS1,Lost Myself,DVS1 - Lost Myself
"2016-07-09 - B.Traits, La Fleur, DVS1 - B.Traits, BBC Radio 1","https://www.mixesdb.com/w/2016-07-09_-_B.Traits,_La_Fleur,_DVS1_-_B.Traits,_BBC_Radio_1",Label Mates<nowiki>:</nowiki> Hush,4,,DVS1,Distress,DVS1 - Distress
"2016-07-09 - B.Traits, La Fleur, DVS1 - B.Traits, BBC Radio 1","https://www.mixesdb.com/w/2016-07-09_-_B.Traits,_La_Fleur,_DVS1_-_B.Traits,_BBC_Radio_1",Label Mates<nowiki>:</nowiki> Hush,5,,DVS1,Watch Tower,DVS1 - Watch Tower
"2016-07-09 - B.Traits, La Fleur, DVS1 - B.Traits, BBC Radio 1","https://www.mixesdb.com/w/2016-07-09_-_B.Traits,_La_Fleur,_DVS1_-_B.Traits,_BBC_Radio_1",Label Mates<nowiki>:</nowiki> Hush,6,,DVS1,Decreasing,DVS1 - Decreasing
"2016-07-09 - B.Traits, La Fleur, DVS1 - B.Traits, BBC Radio 1","https://www.mixesdb.com/w/2016-07-09_-_B.Traits,_La_Fleur,_DVS1_-_B.Traits,_BBC_Radio_1",Chameleon Club Mix With B-Traits,1,,Audion,Destroyer (FOLD's Lean Tape Version) [!K7],Audion - Destroyer (FOLD's Lean Tape Version) [!K7]
"2016-07-09 - B.Traits, La Fleur, DVS1 - B.Traits, BBC Radio 1","https://www.mixesdb.com/w/2016-07-09_-_B.Traits,_La_Fleur,_DVS1_-_B.Traits,_BBC_Radio_1",Chameleon Club Mix With B-Traits,2,,Bjarki,Planet Earth Q94 (Live Edit) [Trip],Bjarki - Planet Earth Q94 (Live Edit) [Trip]
"2016-07-09 - B.Traits, La Fleur, DVS1 - B.Traits, BBC Radio 1","https://www.mixesdb.com/w/2016-07-09_-_B.Traits,_La_Fleur,_DVS1_-_B.Traits,_BBC_Radio_1",Chameleon Club Mix With B-Traits,3,,Tessela,Sorbet [Poly Kicks],Tessela - Sorbet [Poly Kicks]
"2016-07-09 - B.Traits, La Fleur, DVS1 - B.Traits, BBC Radio 1","https://www.mixesdb.com/w/2016-07-09_-_B.Traits,_La_Fleur,_DVS1_-_B.Traits,_BBC_Radio_1",Chameleon Club Mix With B-Traits,4,,James Ruskin & DVS1,Page 1 [Blueprint],James Ruskin & DVS1 - Page 1 [Blueprint]
"2016-07-09 - B.Traits, La Fleur, DVS1 - B.Traits, BBC Radio 1","https://www.mixesdb.com/w/2016-07-09_-_B.Traits,_La_Fleur,_DVS1_-_B.Traits,_BBC_Radio_1",Chameleon Club Mix With B-Traits,5,,Midland,Decompression Suite [Aus],Midland - Decompression Suite [Aus]
"2016-07-09 - B.Traits, La Fleur, DVS1 - B.Traits, BBC Radio 1","https://www.mixesdb.com/w/2016-07-09_-_B.Traits,_La_Fleur,_DVS1_-_B.Traits,_BBC_Radio_1",Chameleon Club Mix With B-Traits,6,,Pastaboys,Deep Musique (Trus'me Spritz Mix) [Rebirth],Pastaboys - Deep Musique (Trus'me Spritz Mix) [Rebirth]
"2016-07-09 - B.Traits, La Fleur, DVS1 - B.Traits, BBC Radio 1","https://www.mixesdb.com/w/2016-07-09_-_B.Traits,_La_Fleur,_DVS1_-_B.Traits,_BBC_Radio_1",Chameleon Club Mix With B-Traits,7,,Robert Hood,Power To The Prophet [M-Plant],Robert Hood - Power To The Prophet [M-Plant]
"2016-07-09 - B.Traits, La Fleur, DVS1 - B.Traits, BBC Radio 1","https://www.mixesdb.com/w/2016-07-09_-_B.Traits,_La_Fleur,_DVS1_-_B.Traits,_BBC_Radio_1",Chameleon Club Mix With B-Traits,8,,Planetary Assault Systems,Wriss [Osgut Ton],Planetary Assault Systems - Wriss [Osgut Ton]
"2016-07-09 - B.Traits, La Fleur, DVS1 - B.Traits, BBC Radio 1","https://www.mixesdb.com/w/2016-07-09_-_B.Traits,_La_Fleur,_DVS1_-_B.Traits,_BBC_Radio_1",Chameleon Club Mix With B-Traits,9,,Truncate,Submission [Ultramajik],Truncate - Submission [Ultramajik]
"2016-07-09 - B.Traits, La Fleur, DVS1 - B.Traits, BBC Radio 1","https://www.mixesdb.com/w/2016-07-09_-_B.Traits,_La_Fleur,_DVS1_-_B.Traits,_BBC_Radio_1",Chameleon Club Mix With B-Traits,10,,Floorplan,Never Grow Old (Mark Broom Dubplate Mix) [M-Plant],Floorplan - Never Grow Old (Mark Broom Dubplate Mix) [M-Plant]
"2016-07-09 - B.Traits, La Fleur, DVS1 - B.Traits, BBC Radio 1","https://www.mixesdb.com/w/2016-07-09_-_B.Traits,_La_Fleur,_DVS1_-_B.Traits,_BBC_Radio_1",Chameleon Club Mix With B-Traits,11,,PVS,F**** Society [Homevvork],PVS - F**** Society [Homevvork]
"2016-07-09 - B.Traits, La Fleur, DVS1 - B.Traits, BBC Radio 1","https://www.mixesdb.com/w/2016-07-09_-_B.Traits,_La_Fleur,_DVS1_-_B.Traits,_BBC_Radio_1",Chameleon Club Mix With B-Traits,12,,Tom Budden,Shouldn't Be Here [Alive],Tom Budden - Shouldn't Be Here [Alive]
"2016-07-09 - B.Traits, La Fleur, DVS1 - B.Traits, BBC Radio 1","https://www.mixesdb.com/w/2016-07-09_-_B.Traits,_La_Fleur,_DVS1_-_B.Traits,_BBC_Radio_1",Chameleon Club Mix With B-Traits,13,,B.Traits,North Shore,B.Traits - North Shore
2012-03-12 - DVS1 - CLR Podcast 159,https://www.mixesdb.com/w/2012-03-12_-_DVS1_-_CLR_Podcast_159,,1,0:00:00,Shifted,Track 2 (AVN 001) [Avian 1],Shifted - Track 2 (AVN 001) [Avian 1]
2012-03-12 - DVS1 - CLR Podcast 159,https://www.mixesdb.com/w/2012-03-12_-_DVS1_-_CLR_Podcast_159,,2,0:00:55,Cosmin TRG,Amor Y Otros [50Weapons],Cosmin TRG - Amor Y Otros [50Weapons]
2012-03-12 - DVS1 - CLR Podcast 159,https://www.mixesdb.com/w/2012-03-12_-_DVS1_-_CLR_Podcast_159,,3,0:05:00,Eduardo De La Calle,The Solution [Modularz - 06],Eduardo De La Calle - The Solution [Modularz - 06]
2012-03-12 - DVS1 - CLR Podcast 159,https://www.mixesdb.com/w/2012-03-12_-_DVS1_-_CLR_Podcast_159,,4,0:08:30,A. Mochi,Stray,A. Mochi - Stray
2012-03-12 - DVS1 - CLR Podcast 159,https://www.mixesdb.com/w/2012-03-12_-_DVS1_-_CLR_Podcast_159,,5,0:11:00,Architectural,Summer Of Love [Semantica],Architectural - Summer Of Love [Semantica]
2012-03-12 - DVS1 - CLR Podcast 159,https://www.mixesdb.com/w/2012-03-12_-_DVS1_-_CLR_Podcast_159,,6,0:13:30,Marcel Dettmann,Duel,Marcel Dettmann - Duel
2012-03-12 - DVS1 - CLR Podcast 159,https://www.mixesdb.com/w/2012-03-12_-_DVS1_-_CLR_Podcast_159,,7,0:16:30,Ben Sims,Straight From Bolivia [Theory - 040.3],Ben Sims - Straight From Bolivia [Theory - 040.3]
2012-03-12 - DVS1 - CLR Podcast 159,https://www.mixesdb.com/w/2012-03-12_-_DVS1_-_CLR_Podcast_159,,8,0:20:30,Luigi AcidMachine,Deroma (Darko Esser Remix) [Cannibald - 027],Luigi AcidMachine - Deroma (Darko Esser Remix) [Cannibald - 027]
2012-03-12 - DVS1 - CLR Podcast 159,https://www.mixesdb.com/w/2012-03-12_-_DVS1_-_CLR_Podcast_159,,9,0:25:30,Ø [Phase],Binary Opposition (Process 2) [Token - 20],Ø [Phase] - Binary Opposition (Process 2) [Token - 20]
2012-03-12 - DVS1 - CLR Podcast 159,https://www.mixesdb.com/w/2012-03-12_-_DVS1_-_CLR_Podcast_159,,10,0:28:00,Raffaele Attanasio,Black Bloc (Manzel Version),Raffaele Attanasio - Black Bloc (Manzel Version)
2012-03-12 - DVS1 - CLR Podcast 159,https://www.mixesdb.com/w/2012-03-12_-_DVS1_-_CLR_Podcast_159,,11,0:32:00,Psyk,Throb,Psyk - Throb
2012-03-12 - DVS1 - CLR Podcast 159,https://www.mixesdb.com/w/2012-03-12_-_DVS1_-_CLR_Podcast_159,,12,0:34:00,Heiko Laux & Diego,Namib (Rocco Caine Remix),Heiko Laux & Diego - Namib (Rocco Caine Remix)
2012-03-12 - DVS1 - CLR Podcast 159,https://www.mixesdb.com/w/2012-03-12_-_DVS1_-_CLR_Podcast_159,,13,0:40:30,Solenoid,Featherman [Graphere 002],Solenoid - Featherman [Graphere 002]
2012-03-12 - DVS1 - CLR Podcast 159,https://www.mixesdb.com/w/2012-03-12_-_DVS1_-_CLR_Podcast_159,,14,0:45:30,Billy Johnston & Gennaro Mastrantonio,Space (DVS1 Remix),Billy Johnston & Gennaro Mastrantonio - Space (DVS1 Remix)
2012-03-12 - DVS1 - CLR Podcast 159,https://www.mixesdb.com/w/2012-03-12_-_DVS1_-_CLR_Podcast_159,,15,0:48:00,Frank Biazzi,Emergence,Frank Biazzi - Emergence
2012-03-12 - DVS1 - CLR Podcast 159,https://www.mixesdb.com/w/2012-03-12_-_DVS1_-_CLR_Podcast_159,,16,0:51:00,HMC,Marauder (Edit),HMC - Marauder (Edit)
2012-03-12 - DVS1 - CLR Podcast 159,https://www.mixesdb.com/w/2012-03-12_-_DVS1_-_CLR_Podcast_159,,17,0:58:30,Roman Lindau,Borné,Roman Lindau - Borné
2012-03-12 - DVS1 - CLR Podcast 159,https://www.mixesdb.com/w/2012-03-12_-_DVS1_-_CLR_Podcast_159,,18,1:01:30,Jon Hester,Shouts In The Dark (DVS1 Lost Mix),Jon Hester - Shouts In The Dark (DVS1 Lost Mix)
"2013-08-01 - DVS1 @ Dommune, Tokyo","https://www.mixesdb.com/w/2013-08-01_-_DVS1_@_Dommune,_Tokyo",,1,00,DJ Surgeles,28.000 Light Years (Jeroen Search Remix 1) [Nasty Temper - NTR004],DJ Surgeles - 28.000 Light Years (Jeroen Search Remix 1) [Nasty Temper - NTR004]
"2013-08-01 - DVS1 @ Dommune, Tokyo","https://www.mixesdb.com/w/2013-08-01_-_DVS1_@_Dommune,_Tokyo",,2,01,Robert Hood,Kick Dirt EP (B) [M-Plant - MP324],Robert Hood - Kick Dirt EP (B) [M-Plant - MP324]
"2013-08-01 - DVS1 @ Dommune, Tokyo","https://www.mixesdb.com/w/2013-08-01_-_DVS1_@_Dommune,_Tokyo",,3,04,Hironori Takahashi,Jazert (Deepbass Remix) [Informa - 006],Hironori Takahashi - Jazert (Deepbass Remix) [Informa - 006]
"2013-08-01 - DVS1 @ Dommune, Tokyo","https://www.mixesdb.com/w/2013-08-01_-_DVS1_@_Dommune,_Tokyo",,4,07,DVS1,Creeping [Klockworks - KW 013],DVS1 - Creeping [Klockworks - KW 013]
"2013-08-01 - DVS1 @ Dommune, Tokyo","https://www.mixesdb.com/w/2013-08-01_-_DVS1_@_Dommune,_Tokyo",,5,12,Lucy,Kalachakra (DVS1 Eyes Open Remix) [Prologue - PRG014],Lucy - Kalachakra (DVS1 Eyes Open Remix) [Prologue - PRG014]
"2013-08-01 - DVS1 @ Dommune, Tokyo","https://www.mixesdb.com/w/2013-08-01_-_DVS1_@_Dommune,_Tokyo",,6,16,Optic Nerve,Timelapse (Minimal Detroit Mix) [Puzzlebox - PBX-24.5],Optic Nerve - Timelapse (Minimal Detroit Mix) [Puzzlebox - PBX-24.5]
"2013-08-01 - DVS1 @ Dommune, Tokyo","https://www.mixesdb.com/w/2013-08-01_-_DVS1_@_Dommune,_Tokyo",,7,19,Sculpturism,Dusk (Eduardo De La Calle Remix) [Audiosculpture - SCULPT010],Sculpturism - Dusk (Eduardo De La Calle Remix) [Audiosculpture - SCULPT010]
"2013-08-01 - DVS1 @ Dommune, Tokyo","https://www.mixesdb.com/w/2013-08-01_-_DVS1_@_Dommune,_Tokyo",,8,25,Sync,Corrosion [Underground Construction ‎– UC-129],Sync - Corrosion [Underground Construction ‎– UC-129]
"2013-08-01 - DVS1 @ Dommune, Tokyo","https://www.mixesdb.com/w/2013-08-01_-_DVS1_@_Dommune,_Tokyo",,9,25,Auto Matic,Smükhö (Tinman Remix) [&nd - Andmusic 0 11],Auto Matic - Smükhö (Tinman Remix) [&nd - Andmusic 0 11]
"2013-08-01 - DVS1 @ Dommune, Tokyo","https://www.mixesdb.com/w/2013-08-01_-_DVS1_@_Dommune,_Tokyo",,10,32,Doubt,Beauty [Forthcoming on Mistress Recordings 003.5],Doubt - Beauty [Forthcoming on Mistress Recordings 003.5]
"2013-08-01 - DVS1 @ Dommune, Tokyo","https://www.mixesdb.com/w/2013-08-01_-_DVS1_@_Dommune,_Tokyo",,11,34,Cesare vs. Disorder,Before I Was Born (Techno Version),Cesare vs. Disorder – Before I Was Born (Techno Version)
"2013-08-01 - DVS1 @ Dommune, Tokyo","https://www.mixesdb.com/w/2013-08-01_-_DVS1_@_Dommune,_Tokyo",,12,38,Christopher Rau,Hollywood Flu,Christopher Rau - Hollywood Flu
"2013-08-01 - DVS1 @ Dommune, Tokyo","https://www.mixesdb.com/w/2013-08-01_-_DVS1_@_Dommune,_Tokyo",,13,40,Kenny Glasgow,Dance 2 Da House,Kenny Glasgow - Dance 2 Da House
"2013-08-01 - DVS1 @ Dommune, Tokyo","https://www.mixesdb.com/w/2013-08-01_-_DVS1_@_Dommune,_Tokyo",,14,44,Daniel Andréasson,Aphotic Theatre [Tabernacle - TABR013],Daniel Andréasson - Aphotic Theatre [Tabernacle - TABR013]
"2013-08-01 - DVS1 @ Dommune, Tokyo","https://www.mixesdb.com/w/2013-08-01_-_DVS1_@_Dommune,_Tokyo",,15,48,Juxta Position,Mercy [Mistress - 02],Juxta Position - Mercy [Mistress - 02]
"2013-08-01 - DVS1 @ Dommune, Tokyo","https://www.mixesdb.com/w/2013-08-01_-_DVS1_@_Dommune,_Tokyo",,16,52,Darling Farah,Aangel (Darling Farah's Live Edit) [Civil Music - CIV048],Darling Farah - Aangel (Darling Farah's Live Edit) [Civil Music - CIV048]
"2013-08-01 - DVS1 @ Dommune, Tokyo","https://www.mixesdb.com/w/2013-08-01_-_DVS1_@_Dommune,_Tokyo",,17,56,DJ Bone,Knowhere [Subject Detroit - SUB007],DJ Bone - Knowhere [Subject Detroit - SUB007]
"2013-08-01 - DVS1 @ Dommune, Tokyo","https://www.mixesdb.com/w/2013-08-01_-_DVS1_@_Dommune,_Tokyo",,18,61,STL,Dark Energy [Something - Something Vinyl Series 15],STL - Dark Energy [Something - Something Vinyl Series 15]
"2013-08-01 - DVS1 @ Dommune, Tokyo","https://www.mixesdb.com/w/2013-08-01_-_DVS1_@_Dommune,_Tokyo",,19,64,DJ Bone,Music +,DJ Bone - Music +
"2013-08-01 - DVS1 @ Dommune, Tokyo","https://www.mixesdb.com/w/2013-08-01_-_DVS1_@_Dommune,_Tokyo",,20,68,,(silence),(silence)
"2013-08-01 - DVS1 @ Dommune, Tokyo","https://www.mixesdb.com/w/2013-08-01_-_DVS1_@_Dommune,_Tokyo",,21,69,Borrowed Identity,Leave Me,Borrowed Identity - Leave Me
"2013-08-01 - DVS1 @ Dommune, Tokyo","https://www.mixesdb.com/w/2013-08-01_-_DVS1_@_Dommune,_Tokyo",,22,74,,?,?
"2013-08-01 - DVS1 @ Dommune, Tokyo","https://www.mixesdb.com/w/2013-08-01_-_DVS1_@_Dommune,_Tokyo",,23,77,Nina Kraviz Feat. Naughty Wood,Best Friend (DVS1 Dub Test) [REKIDS - 073],Nina Kraviz Feat. Naughty Wood - Best Friend (DVS1 Dub Test) [REKIDS - 073]
"2013-08-01 - DVS1 @ Dommune, Tokyo","https://www.mixesdb.com/w/2013-08-01_-_DVS1_@_Dommune,_Tokyo",,24,81,,(silence),(silence)
2010-11-01 - Silent Servant vs DVS1 - LWE Podcast 63,https://www.mixesdb.com/w/2010-11-01_-_Silent_Servant_vs_DVS1_-_LWE_Podcast_63,Silent Servant,1,00:00,Luke Hess,Transform (Marko Fürstenberg Remix) [Echocord - 038],Luke Hess - Transform (Marko Fürstenberg Remix) [Echocord - 038]
2010-11-01 - Silent Servant vs DVS1 - LWE Podcast 63,https://www.mixesdb.com/w/2010-11-01_-_Silent_Servant_vs_DVS1_-_LWE_Podcast_63,Silent Servant,2,08:10,Common Factor,In To [Planet E - PE65238],Common Factor - In To [Planet E - PE65238]
2010-11-01 - Silent Servant vs DVS1 - LWE Podcast 63,https://www.mixesdb.com/w/2010-11-01_-_Silent_Servant_vs_DVS1_-_LWE_Podcast_63,Silent Servant,3,12:10,Skudge,Ontic [Skudge - 002],Skudge - Ontic [Skudge - 002]
2010-11-01 - Silent Servant vs DVS1 - LWE Podcast 63,https://www.mixesdb.com/w/2010-11-01_-_Silent_Servant_vs_DVS1_-_LWE_Podcast_63,Silent Servant,4,16:00,Ben Klock,You [Klockworks - KW 06],Ben Klock - You [Klockworks - KW 06]
2010-11-01 - Silent Servant vs DVS1 - LWE Podcast 63,https://www.mixesdb.com/w/2010-11-01_-_Silent_Servant_vs_DVS1_-_LWE_Podcast_63,Silent Servant,5,19:10,Aphrohead,In The Dark We Live (Dave Clarke 312 Remix) [Re-load - REL 9402],Aphrohead - In The Dark We Live (Dave Clarke 312 Remix) [Re-load - REL 9402]
2010-11-01 - Silent Servant vs DVS1 - LWE Podcast 63,https://www.mixesdb.com/w/2010-11-01_-_Silent_Servant_vs_DVS1_-_LWE_Podcast_63,Silent Servant,6,24:30,Levon Vincent,Six Figures [Novel Sound - NS02],Levon Vincent - Six Figures [Novel Sound - NS02]
2010-11-01 - Silent Servant vs DVS1 - LWE Podcast 63,https://www.mixesdb.com/w/2010-11-01_-_Silent_Servant_vs_DVS1_-_LWE_Podcast_63,Silent Servant,7,28:00,Jerome Sydenham,Benevolent Red [UK Promotions - UKP 010],Jerome Sydenham - Benevolent Red [UK Promotions - UKP 010]
2010-11-01 - Silent Servant vs DVS1 - LWE Podcast 63,https://www.mixesdb.com/w/2010-11-01_-_Silent_Servant_vs_DVS1_-_LWE_Podcast_63,Silent Servant,8,32:30,Monobox,Untitled (B) [M-Plant - M-P308],Monobox - Untitled (B) [M-Plant - M-P308]
2010-11-01 - Silent Servant vs DVS1 - LWE Podcast 63,https://www.mixesdb.com/w/2010-11-01_-_Silent_Servant_vs_DVS1_-_LWE_Podcast_63,Silent Servant,9,34:10,L.B. Dub Corp,Take It Down (In Dub) [Ostgut Ton - o-ton39],L.B. Dub Corp - Take It Down (In Dub) [Ostgut Ton - o-ton39]
2010-11-01 - Silent Servant vs DVS1 - LWE Podcast 63,https://www.mixesdb.com/w/2010-11-01_-_Silent_Servant_vs_DVS1_-_LWE_Podcast_63,Silent Servant,10,38:00,Quadrant,Q 1.1/III [BC 04],Quadrant - Q 1.1/III [BC 04]
2010-11-01 - Silent Servant vs DVS1 - LWE Podcast 63,https://www.mixesdb.com/w/2010-11-01_-_Silent_Servant_vs_DVS1_-_LWE_Podcast_63,DVS1,1,41:00,Ø [Phase],Subtext [Token - 16],Ø [Phase] - Subtext [Token - 16]
2010-11-01 - Silent Servant vs DVS1 - LWE Podcast 63,https://www.mixesdb.com/w/2010-11-01_-_Silent_Servant_vs_DVS1_-_LWE_Podcast_63,DVS1,2,42:20,Darko Esser,Clean Slate (DVS1 Remix) [Curle - 033],Darko Esser - Clean Slate (DVS1 Remix) [Curle - 033]
2010-11-01 - Silent Servant vs DVS1 - LWE Podcast 63,https://www.mixesdb.com/w/2010-11-01_-_Silent_Servant_vs_DVS1_-_LWE_Podcast_63,DVS1,3,46:00,Skudge,Qet,Skudge - Qet
2010-11-01 - Silent Servant vs DVS1 - LWE Podcast 63,https://www.mixesdb.com/w/2010-11-01_-_Silent_Servant_vs_DVS1_-_LWE_Podcast_63,DVS1,4,51:00,Ben Klock,Compression Session 2 [Ostgut Ton - o-ton42],Ben Klock - Compression Session 2 [Ostgut Ton - o-ton42]
2010-11-01 - Silent Servant vs DVS1 - LWE Podcast 63,https://www.mixesdb.com/w/2010-11-01_-_Silent_Servant_vs_DVS1_-_LWE_Podcast_63,DVS1,5,56:00,DVS1,Confused [Klockworks - KW 08],DVS1 - Confused [Klockworks - KW 08]
2010-11-01 - Silent Servant vs DVS1 - LWE Podcast 63,https://www.mixesdb.com/w/2010-11-01_-_Silent_Servant_vs_DVS1_-_LWE_Podcast_63,DVS1,6,61:00,Perc,1909 (Derek Plaslaiko Remix) [Perc Trax - TPTDIGI048],Perc - 1909 (Derek Plaslaiko Remix) [Perc Trax - TPTDIGI048]
2010-11-01 - Silent Servant vs DVS1 - LWE Podcast 63,https://www.mixesdb.com/w/2010-11-01_-_Silent_Servant_vs_DVS1_-_LWE_Podcast_63,DVS1,7,,,+ [64:00] ?,+ [64:00] ?
2010-11-01 - Silent Servant vs DVS1 - LWE Podcast 63,https://www.mixesdb.com/w/2010-11-01_-_Silent_Servant_vs_DVS1_-_LWE_Podcast_63,DVS1,8,69:30,Furesshu,NY Connection,Furesshu - NY Connection
2010-11-01 - Silent Servant vs DVS1 - LWE Podcast 63,https://www.mixesdb.com/w/2010-11-01_-_Silent_Servant_vs_DVS1_-_LWE_Podcast_63,DVS1,9,72:00,,?,?
2010-11-01 - Silent Servant vs DVS1 - LWE Podcast 63,https://www.mixesdb.com/w/2010-11-01_-_Silent_Servant_vs_DVS1_-_LWE_Podcast_63,DVS1,10,74:00,Echologist,Dirt (Ben Klock Edit) [Ostgut Ton - o-ton38],Echologist - Dirt (Ben Klock Edit) [Ostgut Ton - o-ton38]
2010-11-01 - Silent Servant vs DVS1 - LWE Podcast 63,https://www.mixesdb.com/w/2010-11-01_-_Silent_Servant_vs_DVS1_-_LWE_Podcast_63,DVS1,11,78:00,DVS1,Arrival [Enemy - 014],DVS1 - Arrival [Enemy - 014]
2010-11-01 - Silent Servant vs DVS1 - LWE Podcast 63,https://www.mixesdb.com/w/2010-11-01_-_Silent_Servant_vs_DVS1_-_LWE_Podcast_63,DVS1,12,86:00,Markus Suckut,Vary [Stroboscopic Artefacts - SA006],Markus Suckut - Vary [Stroboscopic Artefacts - SA006]
2010-11-01 - Silent Servant vs DVS1 - LWE Podcast 63,https://www.mixesdb.com/w/2010-11-01_-_Silent_Servant_vs_DVS1_-_LWE_Podcast_63,DVS1,13,89:10,L.B. Dub Corp,It's What You Feel [Ostgut Ton - o-ton39],L.B. Dub Corp - It's What You Feel [Ostgut Ton - o-ton39]
"2017-03-25 - B.Traits, Man Power, DVS1, DJ T., Prosumer - B.Traits, BBC Radio 1","https://www.mixesdb.com/w/2017-03-25_-_B.Traits,_Man_Power,_DVS1,_DJ_T.,_Prosumer_-_B.Traits,_BBC_Radio_1",Chameleon Club Mix<nowiki>:</Nowiki> B.Traits b2b Prosumer,1,,Morris Brown,Past [Moodmusic],Morris Brown - Past [Moodmusic]
"2017-03-25 - B.Traits, Man Power, DVS1, DJ T., Prosumer - B.Traits, BBC Radio 1","https://www.mixesdb.com/w/2017-03-25_-_B.Traits,_Man_Power,_DVS1,_DJ_T.,_Prosumer_-_B.Traits,_BBC_Radio_1",Chameleon Club Mix<nowiki>:</Nowiki> B.Traits b2b Prosumer,2,,Hakim Murphy,Infinite Sensations (S2 Sucio Remix) [Stolen Kisses],Hakim Murphy - Infinite Sensations (S2 Sucio Remix) [Stolen Kisses]
"2017-03-25 - B.Traits, Man Power, DVS1, DJ T., Prosumer - B.Traits, BBC Radio 1","https://www.mixesdb.com/w/2017-03-25_-_B.Traits,_Man_Power,_DVS1,_DJ_T.,_Prosumer_-_B.Traits,_BBC_Radio_1",Chameleon Club Mix<nowiki>:</Nowiki> B.Traits b2b Prosumer,3,,Saville,The Only Rule Is Work [Stripped & Chewed],Saville - The Only Rule Is Work [Stripped & Chewed]
"2017-03-25 - B.Traits, Man Power, DVS1, DJ T., Prosumer - B.Traits, BBC Radio 1","https://www.mixesdb.com/w/2017-03-25_-_B.Traits,_Man_Power,_DVS1,_DJ_T.,_Prosumer_-_B.Traits,_BBC_Radio_1",Chameleon Club Mix<nowiki>:</Nowiki> B.Traits b2b Prosumer,4,,T & T Music Factory,De Natte Cel (Prins Thomas Diskomiks),T & T Music Factory - De Natte Cel (Prins Thomas Diskomiks)
"2017-03-25 - B.Traits, Man Power, DVS1, DJ T., Prosumer - B.Traits, BBC Radio 1","https://www.mixesdb.com/w/2017-03-25_-_B.Traits,_Man_Power,_DVS1,_DJ_T.,_Prosumer_-_B.Traits,_BBC_Radio_1",Chameleon Club Mix<nowiki>:</Nowiki> B.Traits b2b Prosumer,5,,Marcus Marr,Rocketship (Prosumers Retransmission) [DFA],Marcus Marr - Rocketship (Prosumers Retransmission) [DFA]
"2017-03-25 - B.Traits, Man Power, DVS1, DJ T., Prosumer - B.Traits, BBC Radio 1","https://www.mixesdb.com/w/2017-03-25_-_B.Traits,_Man_Power,_DVS1,_DJ_T.,_Prosumer_-_B.Traits,_BBC_Radio_1",Chameleon Club Mix<nowiki>:</Nowiki> B.Traits b2b Prosumer,6,,Innerspace Halflife,Wind [M>O>S],Innerspace Halflife - Wind [M>O>S]
"2017-03-25 - B.Traits, Man Power, DVS1, DJ T., Prosumer - B.Traits, BBC Radio 1","https://www.mixesdb.com/w/2017-03-25_-_B.Traits,_Man_Power,_DVS1,_DJ_T.,_Prosumer_-_B.Traits,_BBC_Radio_1",Chameleon Club Mix<nowiki>:</Nowiki> B.Traits b2b Prosumer,7,,Traumprinz,I Love Ya [Traumprinz],Traumprinz - I Love Ya [Traumprinz]
"2017-03-25 - B.Traits, Man Power, DVS1, DJ T., Prosumer - B.Traits, BBC Radio 1","https://www.mixesdb.com/w/2017-03-25_-_B.Traits,_Man_Power,_DVS1,_DJ_T.,_Prosumer_-_B.Traits,_BBC_Radio_1",Chameleon Club Mix<nowiki>:</Nowiki> B.Traits b2b Prosumer,8,,Route 8,The Sunrise In Her Eyes [Lobster Theremin],Route 8 - The Sunrise In Her Eyes [Lobster Theremin]
"2017-03-25 - B.Traits, Man Power, DVS1, DJ T., Prosumer - B.Traits, BBC Radio 1","https://www.mixesdb.com/w/2017-03-25_-_B.Traits,_Man_Power,_DVS1,_DJ_T.,_Prosumer_-_B.Traits,_BBC_Radio_1",Chameleon Club Mix<nowiki>:</Nowiki> B.Traits b2b Prosumer,9,,Eli Escobar,In The Dark [Classic],Eli Escobar - In The Dark [Classic]
"2017-03-25 - B.Traits, Man Power, DVS1, DJ T., Prosumer - B.Traits, BBC Radio 1","https://www.mixesdb.com/w/2017-03-25_-_B.Traits,_Man_Power,_DVS1,_DJ_T.,_Prosumer_-_B.Traits,_BBC_Radio_1",Chameleon Club Mix<nowiki>:</Nowiki> B.Traits b2b Prosumer,10,,Roger Sanchez,Shake Shake [Strictly Rhythm],Roger Sanchez - Shake Shake [Strictly Rhythm]
"2017-03-25 - B.Traits, Man Power, DVS1, DJ T., Prosumer - B.Traits, BBC Radio 1","https://www.mixesdb.com/w/2017-03-25_-_B.Traits,_Man_Power,_DVS1,_DJ_T.,_Prosumer_-_B.Traits,_BBC_Radio_1",Chameleon Club Mix<nowiki>:</Nowiki> B.Traits b2b Prosumer,11,,Auntie Flo,Dance Ritual [Huntleys + Palmers],Auntie Flo - Dance Ritual [Huntleys + Palmers]
"2017-03-25 - B.Traits, Man Power, DVS1, DJ T., Prosumer - B.Traits, BBC Radio 1","https://www.mixesdb.com/w/2017-03-25_-_B.Traits,_Man_Power,_DVS1,_DJ_T.,_Prosumer_-_B.Traits,_BBC_Radio_1",Chameleon Club Mix<nowiki>:</Nowiki> B.Traits b2b Prosumer,12,,Ann-Margret,Midnight Message [MCA],Ann-Margret - Midnight Message [MCA]
"2017-03-25 - B.Traits, Man Power, DVS1, DJ T., Prosumer - B.Traits, BBC Radio 1","https://www.mixesdb.com/w/2017-03-25_-_B.Traits,_Man_Power,_DVS1,_DJ_T.,_Prosumer_-_B.Traits,_BBC_Radio_1",Future 12<nowiki>:</Nowiki> Man Power (4/5),1,,Last Waltz,Tunnel Snakes (Red Axes & Naduve Remix) [Me Me Me],Last Waltz - Tunnel Snakes (Red Axes & Naduve Remix) [Me Me Me]
"2017-03-25 - B.Traits, Man Power, DVS1, DJ T., Prosumer - B.Traits, BBC Radio 1","https://www.mixesdb.com/w/2017-03-25_-_B.Traits,_Man_Power,_DVS1,_DJ_T.,_Prosumer_-_B.Traits,_BBC_Radio_1",Future 12<nowiki>:</Nowiki> Man Power (4/5),2,,Frank Butters,Make It Right,Frank Butters - Make It Right
"2017-03-25 - B.Traits, Man Power, DVS1, DJ T., Prosumer - B.Traits, BBC Radio 1","https://www.mixesdb.com/w/2017-03-25_-_B.Traits,_Man_Power,_DVS1,_DJ_T.,_Prosumer_-_B.Traits,_BBC_Radio_1",Future 12<nowiki>:</Nowiki> Man Power (4/5),3,,James Hadfield,Soak (Bird Of Paradise Remix 1) [Me Me Me],James Hadfield - Soak (Bird Of Paradise Remix 1) [Me Me Me]
"2017-03-25 - B.Traits, Man Power, DVS1, DJ T., Prosumer - B.Traits, BBC Radio 1","https://www.mixesdb.com/w/2017-03-25_-_B.Traits,_Man_Power,_DVS1,_DJ_T.,_Prosumer_-_B.Traits,_BBC_Radio_1",Future 12<nowiki>:</Nowiki> Man Power (4/5),4,,Frank Butters,Make It Right (Andrew Weatherall Instrumental Remix),Frank Butters - Make It Right (Andrew Weatherall Instrumental Remix)
"2017-03-25 - B.Traits, Man Power, DVS1, DJ T., Prosumer - B.Traits, BBC Radio 1","https://www.mixesdb.com/w/2017-03-25_-_B.Traits,_Man_Power,_DVS1,_DJ_T.,_Prosumer_-_B.Traits,_BBC_Radio_1",Future 12<nowiki>:</Nowiki> Man Power (4/5),5,,Pale Blue,Comes Home (Pional Remix) [Me Me Me],Pale Blue - Comes Home (Pional Remix) [Me Me Me]
"2017-03-25 - B.Traits, Man Power, DVS1, DJ T., Prosumer - B.Traits, BBC Radio 1","https://www.mixesdb.com/w/2017-03-25_-_B.Traits,_Man_Power,_DVS1,_DJ_T.,_Prosumer_-_B.Traits,_BBC_Radio_1",Future 12<nowiki>:</Nowiki> Man Power (4/5),6,,DSC,Wake Up,DSC - Wake Up
"2017-03-25 - B.Traits, Man Power, DVS1, DJ T., Prosumer - B.Traits, BBC Radio 1","https://www.mixesdb.com/w/2017-03-25_-_B.Traits,_Man_Power,_DVS1,_DJ_T.,_Prosumer_-_B.Traits,_BBC_Radio_1",Future 12<nowiki>:</Nowiki> Man Power (4/5),7,,Pale Blue,Have You Walked Through This Night [Me Me Me],Pale Blue - Have You Walked Through This Night [Me Me Me]
"2017-03-25 - B.Traits, Man Power, DVS1, DJ T., Prosumer - B.Traits, BBC Radio 1","https://www.mixesdb.com/w/2017-03-25_-_B.Traits,_Man_Power,_DVS1,_DJ_T.,_Prosumer_-_B.Traits,_BBC_Radio_1",Future 12<nowiki>:</Nowiki> Man Power (4/5),8,,Elliot Adamson,Alphabet Song,Elliot Adamson - Alphabet Song
"2017-03-25 - B.Traits, Man Power, DVS1, DJ T., Prosumer - B.Traits, BBC Radio 1","https://www.mixesdb.com/w/2017-03-25_-_B.Traits,_Man_Power,_DVS1,_DJ_T.,_Prosumer_-_B.Traits,_BBC_Radio_1",Chameleon Club Mix<nowiki>:</Nowiki> B.Traits b2b DJ T.,1,,jozif,All My Life [MFF - Music For Freaks],jozif - All My Life [MFF - Music For Freaks]
"2017-03-25 - B.Traits, Man Power, DVS1, DJ T., Prosumer - B.Traits, BBC Radio 1","https://www.mixesdb.com/w/2017-03-25_-_B.Traits,_Man_Power,_DVS1,_DJ_T.,_Prosumer_-_B.Traits,_BBC_Radio_1",Chameleon Club Mix<nowiki>:</Nowiki> B.Traits b2b DJ T.,2,,Sultan Shakes,Interstellar Love (Young Marco's Trybal Dubb) [Reviveher],Sultan Shakes - Interstellar Love (Young Marco's Trybal Dubb) [Reviveher]
"2017-03-25 - B.Traits, Man Power, DVS1, DJ T., Prosumer - B.Traits, BBC Radio 1","https://www.mixesdb.com/w/2017-03-25_-_B.Traits,_Man_Power,_DVS1,_DJ_T.,_Prosumer_-_B.Traits,_BBC_Radio_1",Chameleon Club Mix<nowiki>:</Nowiki> B.Traits b2b DJ T.,3,,Phil Kieran,Make A Change [Hot Creations],Phil Kieran - Make A Change [Hot Creations]
"2017-03-25 - B.Traits, Man Power, DVS1, DJ T., Prosumer - B.Traits, BBC Radio 1","https://www.mixesdb.com/w/2017-03-25_-_B.Traits,_Man_Power,_DVS1,_DJ_T.,_Prosumer_-_B.Traits,_BBC_Radio_1",Chameleon Club Mix<nowiki>:</Nowiki> B.Traits b2b DJ T.,4,,Peggy Gou,Rose [Technicolour],Peggy Gou - Rose [Technicolour]
"2017-03-25 - B.Traits, Man Power, DVS1, DJ T., Prosumer - B.Traits, BBC Radio 1","https://www.mixesdb.com/w/2017-03-25_-_B.Traits,_Man_Power,_DVS1,_DJ_T.,_Prosumer_-_B.Traits,_BBC_Radio_1",Chameleon Club Mix<nowiki>:</Nowiki> B.Traits b2b DJ T.,5,,Boris Werner & Cinema Royale,King Hassan [BPitch Control],Boris Werner & Cinema Royale - King Hassan [BPitch Control]
"2017-03-25 - B.Traits, Man Power, DVS1, DJ T., Prosumer - B.Traits, BBC Radio 1","https://www.mixesdb.com/w/2017-03-25_-_B.Traits,_Man_Power,_DVS1,_DJ_T.,_Prosumer_-_B.Traits,_BBC_Radio_1",Chameleon Club Mix<nowiki>:</Nowiki> B.Traits b2b DJ T.,6,,Anton Pieete,Peven [Ovum],Anton Pieete - Peven [Ovum]
"2017-03-25 - B.Traits, Man Power, DVS1, DJ T., Prosumer - B.Traits, BBC Radio 1","https://www.mixesdb.com/w/2017-03-25_-_B.Traits,_Man_Power,_DVS1,_DJ_T.,_Prosumer_-_B.Traits,_BBC_Radio_1",Chameleon Club Mix<nowiki>:</Nowiki> B.Traits b2b DJ T.,7,,Jepe,Amaebi (Leo Woelfel Amalfi Edition) [Blossom Kollektiv],Jepe - Amaebi (Leo Woelfel Amalfi Edition) [Blossom Kollektiv]
"2017-03-25 - B.Traits, Man Power, DVS1, DJ T., Prosumer - B.Traits, BBC Radio 1","https://www.mixesdb.com/w/2017-03-25_-_B.Traits,_Man_Power,_DVS1,_DJ_T.,_Prosumer_-_B.Traits,_BBC_Radio_1",Chameleon Club Mix<nowiki>:</Nowiki> B.Traits b2b DJ T.,8,,Drones Club,Feel No Pain [PMRS],Drones Club - Feel No Pain [PMRS]
"2017-03-25 - B.Traits, Man Power, DVS1, DJ T., Prosumer - B.Traits, BBC Radio 1","https://www.mixesdb.com/w/2017-03-25_-_B.Traits,_Man_Power,_DVS1,_DJ_T.,_Prosumer_-_B.Traits,_BBC_Radio_1",Chameleon Club Mix<nowiki>:</Nowiki> B.Traits b2b DJ T.,9,,Mr. G.,Platonic Solids No.5 [Rekids],Mr. G. - Platonic Solids No.5 [Rekids]
"2017-03-25 - B.Traits, Man Power, DVS1, DJ T., Prosumer - B.Traits, BBC Radio 1","https://www.mixesdb.com/w/2017-03-25_-_B.Traits,_Man_Power,_DVS1,_DJ_T.,_Prosumer_-_B.Traits,_BBC_Radio_1",Chameleon Club Mix<nowiki>:</Nowiki> B.Traits b2b DJ T.,10,,Mark Fanciulli & Rob Cockerton,Patterns [Suara],Mark Fanciulli & Rob Cockerton - Patterns [Suara]
"2017-03-25 - B.Traits, Man Power, DVS1, DJ T., Prosumer - B.Traits, BBC Radio 1","https://www.mixesdb.com/w/2017-03-25_-_B.Traits,_Man_Power,_DVS1,_DJ_T.,_Prosumer_-_B.Traits,_BBC_Radio_1",Chameleon Club Mix<nowiki>:</Nowiki> B.Traits b2b DVS1,1,,Rumah,Blue,Rumah - Blue
"2017-03-25 - B.Traits, Man Power, DVS1, DJ T., Prosumer - B.Traits, BBC Radio 1","https://www.mixesdb.com/w/2017-03-25_-_B.Traits,_Man_Power,_DVS1,_DJ_T.,_Prosumer_-_B.Traits,_BBC_Radio_1",Chameleon Club Mix<nowiki>:</Nowiki> B.Traits b2b DVS1,2,,Exium,Trashflow (Jeroen Search Machine Mix) [Triple Vision Music],Exium - Trashflow (Jeroen Search Machine Mix) [Triple Vision Music]
"2017-03-25 - B.Traits, Man Power, DVS1, DJ T., Prosumer - B.Traits, BBC Radio 1","https://www.mixesdb.com/w/2017-03-25_-_B.Traits,_Man_Power,_DVS1,_DJ_T.,_Prosumer_-_B.Traits,_BBC_Radio_1",Chameleon Club Mix<nowiki>:</Nowiki> B.Traits b2b DVS1,3,,Jeff Mills,Automatic,Jeff Mills - Automatic
"2017-03-25 - B.Traits, Man Power, DVS1, DJ T., Prosumer - B.Traits, BBC Radio 1","https://www.mixesdb.com/w/2017-03-25_-_B.Traits,_Man_Power,_DVS1,_DJ_T.,_Prosumer_-_B.Traits,_BBC_Radio_1",Chameleon Club Mix<nowiki>:</Nowiki> B.Traits b2b DVS1,4,,DJ Spider,TMC [Rekids],DJ Spider - TMC [Rekids]
"2017-03-25 - B.Traits, Man Power, DVS1, DJ T., Prosumer - B.Traits, BBC Radio 1","https://www.mixesdb.com/w/2017-03-25_-_B.Traits,_Man_Power,_DVS1,_DJ_T.,_Prosumer_-_B.Traits,_BBC_Radio_1",Chameleon Club Mix<nowiki>:</Nowiki> B.Traits b2b DVS1,5,,Psyk,Aumento [Mote Evolver],Psyk - Aumento [Mote Evolver]
"2017-03-25 - B.Traits, Man Power, DVS1, DJ T., Prosumer - B.Traits, BBC Radio 1","https://www.mixesdb.com/w/2017-03-25_-_B.Traits,_Man_Power,_DVS1,_DJ_T.,_Prosumer_-_B.Traits,_BBC_Radio_1",Chameleon Club Mix<nowiki>:</Nowiki> B.Traits b2b DVS1,6,,Sandwell District,Untitled A,Sandwell District - Untitled A
"2017-03-25 - B.Traits, Man Power, DVS1, DJ T., Prosumer - B.Traits, BBC Radio 1","https://www.mixesdb.com/w/2017-03-25_-_B.Traits,_Man_Power,_DVS1,_DJ_T.,_Prosumer_-_B.Traits,_BBC_Radio_1",Chameleon Club Mix<nowiki>:</Nowiki> B.Traits b2b DVS1,7,,Tessela,Rub [Blueprint],Tessela - Rub [Blueprint]
"2017-03-25 - B.Traits, Man Power, DVS1, DJ T., Prosumer - B.Traits, BBC Radio 1","https://www.mixesdb.com/w/2017-03-25_-_B.Traits,_Man_Power,_DVS1,_DJ_T.,_Prosumer_-_B.Traits,_BBC_Radio_1",Chameleon Club Mix<nowiki>:</Nowiki> B.Traits b2b DVS1,8,,James Ruskin,Hostage [Blueprint],James Ruskin - Hostage [Blueprint]
"2017-03-25 - B.Traits, Man Power, DVS1, DJ T., Prosumer - B.Traits, BBC Radio 1","https://www.mixesdb.com/w/2017-03-25_-_B.Traits,_Man_Power,_DVS1,_DJ_T.,_Prosumer_-_B.Traits,_BBC_Radio_1",Chameleon Club Mix<nowiki>:</Nowiki> B.Traits b2b DVS1,9,,Around V.C,Ricky Cross [91],Around V.C - Ricky Cross [91]
"2017-03-25 - B.Traits, Man Power, DVS1, DJ T., Prosumer - B.Traits, BBC Radio 1","https://www.mixesdb.com/w/2017-03-25_-_B.Traits,_Man_Power,_DVS1,_DJ_T.,_Prosumer_-_B.Traits,_BBC_Radio_1",Chameleon Club Mix<nowiki>:</Nowiki> B.Traits b2b DVS1,10,,James Ruskin & DVS1,Page 1 [Blueprint],James Ruskin & DVS1 - Page 1 [Blueprint]
"2017-03-25 - B.Traits, Man Power, DVS1, DJ T., Prosumer - B.Traits, BBC Radio 1","https://www.mixesdb.com/w/2017-03-25_-_B.Traits,_Man_Power,_DVS1,_DJ_T.,_Prosumer_-_B.Traits,_BBC_Radio_1",Chameleon Club Mix<nowiki>:</Nowiki> B.Traits b2b DVS1,11,,Ben Sims,I Feel It Deep [Drumcode],Ben Sims - I Feel It Deep [Drumcode]
"2017-03-25 - B.Traits, Man Power, DVS1, DJ T., Prosumer - B.Traits, BBC Radio 1","https://www.mixesdb.com/w/2017-03-25_-_B.Traits,_Man_Power,_DVS1,_DJ_T.,_Prosumer_-_B.Traits,_BBC_Radio_1",Chameleon Club Mix<nowiki>:</Nowiki> B.Traits b2b DVS1,12,,DVS1,Untitled,DVS1 - Untitled
"2017-03-25 - B.Traits, Man Power, DVS1, DJ T., Prosumer - B.Traits, BBC Radio 1","https://www.mixesdb.com/w/2017-03-25_-_B.Traits,_Man_Power,_DVS1,_DJ_T.,_Prosumer_-_B.Traits,_BBC_Radio_1",Chameleon Club Mix<nowiki>:</Nowiki> B.Traits b2b DVS1,13,,Staffan Linzatti,See [Stockholm],Staffan Linzatti - See [Stockholm]
