mix_title,mix_url,part,position,timestamp,artist,title,raw
"2006-07-16 - Luke Slater & Rhythm Division (Live PA) @ Dour Festival, Belgium","https://www.mixesdb.com/w/2006-07-16_-_Luke_Slater_&_Rhythm_Division_(Live_PA)_@_Dour_Festival,_Belgium",,1,,Luke Slater,All Exhale (Club Mix),Luke Slater - All Exhale (Club Mix)
"2006-07-16 - Luke Slater & Rhythm Division (Live PA) @ Dour Festival, Belgium","https://www.mixesdb.com/w/2006-07-16_-_Luke_Slater_&_Rhythm_Division_(Live_PA)_@_Dour_Festival,_Belgium",,2,,Luke Slater,Head Converter,Luke Slater - Head Converter
"2006-07-16 - Luke Slater & Rhythm Division (Live PA) @ Dour Festival, Belgium","https://www.mixesdb.com/w/2006-07-16_-_Luke_Slater_&_Rhythm_Division_(Live_PA)_@_Dour_Festival,_Belgium",,3,,Luke Slater,I Can Complete You,Luke Slater - I Can Complete You
"2006-07-16 - Luke Slater & Rhythm Division (Live PA) @ Dour Festival, Belgium","https://www.mixesdb.com/w/2006-07-16_-_Luke_Slater_&_Rhythm_Division_(Live_PA)_@_Dour_Festival,_Belgium",,4,,Luke Slater,Love,Luke Slater - Love
"2006-07-16 - Luke Slater & Rhythm Division (Live PA) @ Dour Festival, Belgium","https://www.mixesdb.com/w/2006-07-16_-_Luke_Slater_&_Rhythm_Division_(Live_PA)_@_Dour_Festival,_Belgium",,5,,Luke Slater,Body Freefall,Luke Slater - Body Freefall
"2006-07-16 - Luke Slater & Rhythm Division (Live PA) @ Dour Festival, Belgium","https://www.mixesdb.com/w/2006-07-16_-_Luke_Slater_&_Rhythm_Division_(Live_PA)_@_Dour_Festival,_Belgium",,6,,Luke Slater,Ambient,Luke Slater - Ambient
"2006-07-16 - Luke Slater & Rhythm Division (Live PA) @ Dour Festival, Belgium","https://www.mixesdb.com/w/2006-07-16_-_Luke_Slater_&_Rhythm_Division_(Live_PA)_@_Dour_Festival,_Belgium",,7,,Luke Slater,Booster,Luke Slater - Booster
"2006-07-16 - Luke Slater & Rhythm Division (Live PA) @ Dour Festival, Belgium","https://www.mixesdb.com/w/2006-07-16_-_Luke_Slater_&_Rhythm_Division_(Live_PA)_@_Dour_Festival,_Belgium",,8,,Luke Slater,In Between,Luke Slater - In Between
"2006-07-16 - Luke Slater & Rhythm Division (Live PA) @ Dour Festival, Belgium","https://www.mixesdb.com/w/2006-07-16_-_Luke_Slater_&_Rhythm_Division_(Live_PA)_@_Dour_Festival,_Belgium",,9,,Luke Slater,Hi Nrg,Luke Slater - Hi Nrg
"2006-07-16 - Luke Slater & Rhythm Division (Live PA) @ Dour Festival, Belgium","https://www.mixesdb.com/w/2006-07-16_-_Luke_Slater_&_Rhythm_Division_(Live_PA)_@_Dour_Festival,_Belgium",,10,,Luke Slater,Agogo,Luke Slater - Agogo
"2006-07-16 - Luke Slater & Rhythm Division (Live PA) @ Dour Festival, Belgium","https://www.mixesdb.com/w/2006-07-16_-_Luke_Slater_&_Rhythm_Division_(Live_PA)_@_Dour_Festival,_Belgium",,11,,Luke Slater,Ambient Strings,Luke Slater - Ambient Strings
"2006-07-16 - Luke Slater & Rhythm Division (Live PA) @ Dour Festival, Belgium","https://www.mixesdb.com/w/2006-07-16_-_Luke_Slater_&_Rhythm_Division_(Live_PA)_@_Dour_Festival,_Belgium",,12,,Luke Slater,In From The Night,Luke Slater - In From The Night
"2006-07-16 - Luke Slater & Rhythm Division (Live PA) @ Dour Festival, Belgium","https://www.mixesdb.com/w/2006-07-16_-_Luke_Slater_&_Rhythm_Division_(Live_PA)_@_Dour_Festival,_Belgium",,13,,Luke Slater,All Exhale,Luke Slater - All Exhale
2000-09-04 - Luke Slater (Live PA) - Breezeblock - Headline Set,https://www.mixesdb.com/w/2000-09-04_-_Luke_Slater_(Live_PA)_-_Breezeblock_-_Headline_Set,,1,,Luke Slater,All Exhale,Luke Slater - All Exhale
2000-09-04 - Luke Slater (Live PA) - Breezeblock - Headline Set,https://www.mixesdb.com/w/2000-09-04_-_Luke_Slater_(Live_PA)_-_Breezeblock_-_Headline_Set,,2,,Luke Slater,Sumtom Tin,Luke Slater - Sumtom Tin
2000-09-04 - Luke Slater (Live PA) - Breezeblock - Headline Set,https://www.mixesdb.com/w/2000-09-04_-_Luke_Slater_(Live_PA)_-_Breezeblock_-_Headline_Set,,3,,Luke Slater,Complex,Luke Slater - Complex
2000-09-04 - Luke Slater (Live PA) - Breezeblock - Headline Set,https://www.mixesdb.com/w/2000-09-04_-_Luke_Slater_(Live_PA)_-_Breezeblock_-_Headline_Set,,4,,Luke Slater,Hard Knock Rock,Luke Slater - Hard Knock Rock
2000-09-04 - Luke Slater (Live PA) - Breezeblock - Headline Set,https://www.mixesdb.com/w/2000-09-04_-_Luke_Slater_(Live_PA)_-_Breezeblock_-_Headline_Set,,5,,Luke Slater,Class Action,Luke Slater - Class Action
2000-09-04 - Luke Slater (Live PA) - Breezeblock - Headline Set,https://www.mixesdb.com/w/2000-09-04_-_Luke_Slater_(Live_PA)_-_Breezeblock_-_Headline_Set,,6,,Luke Slater,Let Eat All Van Brook,Luke Slater - Let Eat All Van Brook
2000-09-04 - Luke Slater (Live PA) - Breezeblock - Headline Set,https://www.mixesdb.com/w/2000-09-04_-_Luke_Slater_(Live_PA)_-_Breezeblock_-_Headline_Set,,7,,Luke Slater,Body Freefall,Luke Slater - Body Freefall
2000-09-04 - Luke Slater (Live PA) - Breezeblock - Headline Set,https://www.mixesdb.com/w/2000-09-04_-_Luke_Slater_(Live_PA)_-_Breezeblock_-_Headline_Set,,8,,Luke Slater,All Exhale,Luke Slater - All Exhale
2000-09-04 - Luke Slater (Live PA) - Breezeblock - Headline Set,https://www.mixesdb.com/w/2000-09-04_-_Luke_Slater_(Live_PA)_-_Breezeblock_-_Headline_Set,,9,,Luke Slater,Bolt Up,Luke Slater - Bolt Up
2000-09-04 - Luke Slater (Live PA) - Breezeblock - Headline Set,https://www.mixesdb.com/w/2000-09-04_-_Luke_Slater_(Live_PA)_-_Breezeblock_-_Headline_Set,,10,,Luke Slater,Filter,Luke Slater - Filter
"2001-05-05 - Luke Slater @ Shockers, RAI, Amsterdam","https://www.mixesdb.com/w/2001-05-05_-_Luke_Slater_@_Shockers,_RAI,_Amsterdam",,1,000,DJ Remy,Backstabber [Taste Recordings - 020],DJ Remy - Backstabber [Taste Recordings - 020]
"2001-05-05 - Luke Slater @ Shockers, RAI, Amsterdam","https://www.mixesdb.com/w/2001-05-05_-_Luke_Slater_@_Shockers,_RAI,_Amsterdam",,2,005,Junior Sanchez & Christian Smith,Slave Beat [House Works - 76-017],Junior Sanchez & Christian Smith - Slave Beat [House Works - 76-017]
"2001-05-05 - Luke Slater @ Shockers, RAI, Amsterdam","https://www.mixesdb.com/w/2001-05-05_-_Luke_Slater_@_Shockers,_RAI,_Amsterdam",,3,007,Player,Untitled (B1) [Player - 005],Player - Untitled (B1) [Player - 005]
"2001-05-05 - Luke Slater @ Shockers, RAI, Amsterdam","https://www.mixesdb.com/w/2001-05-05_-_Luke_Slater_@_Shockers,_RAI,_Amsterdam",,4,010,Felix Da Housecat,Silver Screen Shower Scene [City Rockers - ROCKERS1],Felix Da Housecat - Silver Screen Shower Scene [City Rockers - ROCKERS1]
"2001-05-05 - Luke Slater @ Shockers, RAI, Amsterdam","https://www.mixesdb.com/w/2001-05-05_-_Luke_Slater_@_Shockers,_RAI,_Amsterdam",,5,014,JB³,Push [STX - S-45308],JB³ - Push [STX - S-45308]
"2001-05-05 - Luke Slater @ Shockers, RAI, Amsterdam","https://www.mixesdb.com/w/2001-05-05_-_Luke_Slater_@_Shockers,_RAI,_Amsterdam",,6,017,Ben Sims,Work It (Vincent D Remix) [Hardgroove - 002],Ben Sims - Work It (Vincent D Remix) [Hardgroove - 002]
"2001-05-05 - Luke Slater @ Shockers, RAI, Amsterdam","https://www.mixesdb.com/w/2001-05-05_-_Luke_Slater_@_Shockers,_RAI,_Amsterdam",,7,019,Secret Cinema,Carton Clip [EC Records - 002],Secret Cinema - Carton Clip [EC Records - 002]
"2001-05-05 - Luke Slater @ Shockers, RAI, Amsterdam","https://www.mixesdb.com/w/2001-05-05_-_Luke_Slater_@_Shockers,_RAI,_Amsterdam",,8,023,Surgeon,Untitled (A) [Counterbalance - CBX 005],Surgeon - Untitled (A) [Counterbalance - CBX 005]
"2001-05-05 - Luke Slater @ Shockers, RAI, Amsterdam","https://www.mixesdb.com/w/2001-05-05_-_Luke_Slater_@_Shockers,_RAI,_Amsterdam",,9,027,Regis,Her Surrender [Downwards - DNRECD 3],Regis - Her Surrender [Downwards - DNRECD 3]
"2001-05-05 - Luke Slater @ Shockers, RAI, Amsterdam","https://www.mixesdb.com/w/2001-05-05_-_Luke_Slater_@_Shockers,_RAI,_Amsterdam",,10,030,Ian Void,The Rascal (Remixed By Chris McCormack) [Geushky - GY0-6],Ian Void - The Rascal (Remixed By Chris McCormack) [Geushky - GY0-6]
"2001-05-05 - Luke Slater @ Shockers, RAI, Amsterdam","https://www.mixesdb.com/w/2001-05-05_-_Luke_Slater_@_Shockers,_RAI,_Amsterdam",,11,033,1st Bass,Slam Me Down [NovaMute - 12nomu87],1st Bass - Slam Me Down [NovaMute - 12nomu87]
"2001-05-05 - Luke Slater @ Shockers, RAI, Amsterdam","https://www.mixesdb.com/w/2001-05-05_-_Luke_Slater_@_Shockers,_RAI,_Amsterdam",,12,036,,?,?
"2001-05-05 - Luke Slater @ Shockers, RAI, Amsterdam","https://www.mixesdb.com/w/2001-05-05_-_Luke_Slater_@_Shockers,_RAI,_Amsterdam",,13,038,Mumps,Mechanisms E [Tortured - 021],Mumps - Mechanisms E [Tortured - 021]
"2001-05-05 - Luke Slater @ Shockers, RAI, Amsterdam","https://www.mixesdb.com/w/2001-05-05_-_Luke_Slater_@_Shockers,_RAI,_Amsterdam",,14,042,Max Duley,Mute Embrace (Hardcell Mix) [ARC(ANE) - 04],Max Duley - Mute Embrace (Hardcell Mix) [ARC(ANE) - 04]
"2001-05-05 - Luke Slater @ Shockers, RAI, Amsterdam","https://www.mixesdb.com/w/2001-05-05_-_Luke_Slater_@_Shockers,_RAI,_Amsterdam",,15,044,Michel De Hey vs. Literon,Transmitter (Jamie Anderson Mix) [EC - 045],Michel De Hey vs. Literon - Transmitter (Jamie Anderson Mix) [EC - 045]
"2001-05-05 - Luke Slater @ Shockers, RAI, Amsterdam","https://www.mixesdb.com/w/2001-05-05_-_Luke_Slater_@_Shockers,_RAI,_Amsterdam",,16,049,Andrew Richley & Ryan Rivera,Rock It [Analog Movement Creations - amc09],Andrew Richley & Ryan Rivera - Rock It [Analog Movement Creations - amc09]
"2001-05-05 - Luke Slater @ Shockers, RAI, Amsterdam","https://www.mixesdb.com/w/2001-05-05_-_Luke_Slater_@_Shockers,_RAI,_Amsterdam",,17,051,Mr. Sliff,The Horns [Jericho - jel 014],Mr. Sliff - The Horns [Jericho - jel 014]
"2001-05-05 - Luke Slater @ Shockers, RAI, Amsterdam","https://www.mixesdb.com/w/2001-05-05_-_Luke_Slater_@_Shockers,_RAI,_Amsterdam",,18,052,FLR,Easy Filter Part 6 [Reel Musiq - 030],FLR - Easy Filter Part 6 [Reel Musiq - 030]
"2001-05-05 - Luke Slater @ Shockers, RAI, Amsterdam","https://www.mixesdb.com/w/2001-05-05_-_Luke_Slater_@_Shockers,_RAI,_Amsterdam",,19,057,Ben Sims,(Voodoo) Tribe [Voodoo - 1],Ben Sims - (Voodoo) Tribe [Voodoo - 1]
"2001-05-05 - Luke Slater @ Shockers, RAI, Amsterdam","https://www.mixesdb.com/w/2001-05-05_-_Luke_Slater_@_Shockers,_RAI,_Amsterdam",,20,061,,?,?
"2001-05-05 - Luke Slater @ Shockers, RAI, Amsterdam","https://www.mixesdb.com/w/2001-05-05_-_Luke_Slater_@_Shockers,_RAI,_Amsterdam",,21,064,Santos,"3, 2, 1 Fire! [Mantra Vibes - MTR 2110]","Santos - 3, 2, 1 Fire! [Mantra Vibes - MTR 2110]"
"1997-12-26 - Luke Slater @ Teknoville, Fuse, Brussels","https://www.mixesdb.com/w/1997-12-26_-_Luke_Slater_@_Teknoville,_Fuse,_Brussels",Version 1,1,000,Blake Baxter,Sexuality [Incognito - 112688],Blake Baxter - Sexuality [Incognito - 112688]
"1997-12-26 - Luke Slater @ Teknoville, Fuse, Brussels","https://www.mixesdb.com/w/1997-12-26_-_Luke_Slater_@_Teknoville,_Fuse,_Brussels",Version 1,2,001,Trevor Rockcliffe Feat. Blake Baxter,Visions Of You (Foreplay Mix) [Worldwide Ultimatum Trax - 001],Trevor Rockcliffe Feat. Blake Baxter - Visions Of You (Foreplay Mix) [Worldwide Ultimatum Trax - 001]
"1997-12-26 - Luke Slater @ Teknoville, Fuse, Brussels","https://www.mixesdb.com/w/1997-12-26_-_Luke_Slater_@_Teknoville,_Fuse,_Brussels",Version 1,3,003,Thomas Bangalter,What To Do [Roulé - 301],Thomas Bangalter - What To Do [Roulé - 301]
"1997-12-26 - Luke Slater @ Teknoville, Fuse, Brussels","https://www.mixesdb.com/w/1997-12-26_-_Luke_Slater_@_Teknoville,_Fuse,_Brussels",Version 1,4,005,Nick Holder,Greatest Dancer [!K7 - 009cd],Nick Holder - Greatest Dancer [!K7 - 009cd]
"1997-12-26 - Luke Slater @ Teknoville, Fuse, Brussels","https://www.mixesdb.com/w/1997-12-26_-_Luke_Slater_@_Teknoville,_Fuse,_Brussels",Version 1,5,009,G. Flame & Mr. G,Make Me High [Metalbox - 74321 58297 1],G. Flame & Mr. G - Make Me High [Metalbox - 74321 58297 1]
"1997-12-26 - Luke Slater @ Teknoville, Fuse, Brussels","https://www.mixesdb.com/w/1997-12-26_-_Luke_Slater_@_Teknoville,_Fuse,_Brussels",Version 1,6,013,Victor Calderone,Give It Up [Cyber - 019],Victor Calderone - Give It Up [Cyber - 019]
"1997-12-26 - Luke Slater @ Teknoville, Fuse, Brussels","https://www.mixesdb.com/w/1997-12-26_-_Luke_Slater_@_Teknoville,_Fuse,_Brussels",Version 1,7,018,Plastikman,Spastik [NovaMute - 12 NoMu 28],Plastikman - Spastik [NovaMute - 12 NoMu 28]
"1997-12-26 - Luke Slater @ Teknoville, Fuse, Brussels","https://www.mixesdb.com/w/1997-12-26_-_Luke_Slater_@_Teknoville,_Fuse,_Brussels",Version 1,8,022,Haffa Combino,Kobent (Version 2) [Primate - 006],Haffa Combino - Kobent (Version 2) [Primate - 006]
"1997-12-26 - Luke Slater @ Teknoville, Fuse, Brussels","https://www.mixesdb.com/w/1997-12-26_-_Luke_Slater_@_Teknoville,_Fuse,_Brussels",Version 1,9,025,MMM,Donna [MMM - 2],MMM - Donna [MMM - 2]
"1997-12-26 - Luke Slater @ Teknoville, Fuse, Brussels","https://www.mixesdb.com/w/1997-12-26_-_Luke_Slater_@_Teknoville,_Fuse,_Brussels",Version 1,10,028,Robert Armani,Invasion (Remixed By Spasms) [Djax-Up-Beats - 177],Robert Armani - Invasion (Remixed By Spasms) [Djax-Up-Beats - 177]
"1997-12-26 - Luke Slater @ Teknoville, Fuse, Brussels","https://www.mixesdb.com/w/1997-12-26_-_Luke_Slater_@_Teknoville,_Fuse,_Brussels",Version 1,11,032,Joel Mull,The Mole [Primevil - 002],Joel Mull - The Mole [Primevil - 002]
"1997-12-26 - Luke Slater @ Teknoville, Fuse, Brussels","https://www.mixesdb.com/w/1997-12-26_-_Luke_Slater_@_Teknoville,_Fuse,_Brussels",Version 1,12,034,DJ Restyle,Past Silence [Search 404-5],DJ Restyle - Past Silence [Search 404-5]
"1997-12-26 - Luke Slater @ Teknoville, Fuse, Brussels","https://www.mixesdb.com/w/1997-12-26_-_Luke_Slater_@_Teknoville,_Fuse,_Brussels",Version 1,13,037,Jeff Mills,Alarms (First Mix) [Purpose Maker - 005],Jeff Mills - Alarms (First Mix) [Purpose Maker - 005]
"1997-12-26 - Luke Slater @ Teknoville, Fuse, Brussels","https://www.mixesdb.com/w/1997-12-26_-_Luke_Slater_@_Teknoville,_Fuse,_Brussels",Version 1,14,040,Jeff Mills,Cubango [Purpose Maker - 004],Jeff Mills - Cubango [Purpose Maker - 004]
"1997-12-26 - Luke Slater @ Teknoville, Fuse, Brussels","https://www.mixesdb.com/w/1997-12-26_-_Luke_Slater_@_Teknoville,_Fuse,_Brussels",Version 1,15,042,Surgeon,(Intro) Version II [Tresor - 85],Surgeon - (Intro) Version II [Tresor - 85]
"1997-12-26 - Luke Slater @ Teknoville, Fuse, Brussels","https://www.mixesdb.com/w/1997-12-26_-_Luke_Slater_@_Teknoville,_Fuse,_Brussels",Version 1,16,047,Previous,Opera [Tortured - PAIN005],Previous - Opera [Tortured - PAIN005]
"1997-12-26 - Luke Slater @ Teknoville, Fuse, Brussels","https://www.mixesdb.com/w/1997-12-26_-_Luke_Slater_@_Teknoville,_Fuse,_Brussels",Version 1,17,049,,?,?
"1997-12-26 - Luke Slater @ Teknoville, Fuse, Brussels","https://www.mixesdb.com/w/1997-12-26_-_Luke_Slater_@_Teknoville,_Fuse,_Brussels",Version 1,18,051,Jeff Mills,La Force [Purpose Maker - 003],Jeff Mills - La Force [Purpose Maker - 003]
"1997-12-26 - Luke Slater @ Teknoville, Fuse, Brussels","https://www.mixesdb.com/w/1997-12-26_-_Luke_Slater_@_Teknoville,_Fuse,_Brussels",Version 1,19,054,H,Pathfinder EP (A1) [Syncopate - 6],H - Pathfinder EP (A1) [Syncopate - 6]
"1997-12-26 - Luke Slater @ Teknoville, Fuse, Brussels","https://www.mixesdb.com/w/1997-12-26_-_Luke_Slater_@_Teknoville,_Fuse,_Brussels",Version 1,20,056,,?,?
"1997-12-26 - Luke Slater @ Teknoville, Fuse, Brussels","https://www.mixesdb.com/w/1997-12-26_-_Luke_Slater_@_Teknoville,_Fuse,_Brussels",Version 1,21,059,DJ Funk,Work That Body,DJ Funk - Work That Body
"1997-12-26 - Luke Slater @ Teknoville, Fuse, Brussels","https://www.mixesdb.com/w/1997-12-26_-_Luke_Slater_@_Teknoville,_Fuse,_Brussels",Version 1,22,060,Lil' Louis,The Original Video Clash [Dance Mania - 011],Lil' Louis - The Original Video Clash [Dance Mania - 011]
"1997-12-26 - Luke Slater @ Teknoville, Fuse, Brussels","https://www.mixesdb.com/w/1997-12-26_-_Luke_Slater_@_Teknoville,_Fuse,_Brussels",Version 1,23,063,Wataru Kishida,Nisus [Bush - 1036 A/B],Wataru Kishida - Nisus [Bush - 1036 A/B]
"1997-12-26 - Luke Slater @ Teknoville, Fuse, Brussels","https://www.mixesdb.com/w/1997-12-26_-_Luke_Slater_@_Teknoville,_Fuse,_Brussels",Version 1,24,067,Adam Beyer,Drumcode 09 EP (B2) [Drumcode - 09],Adam Beyer - Drumcode 09 EP (B2) [Drumcode - 09]
"1997-12-26 - Luke Slater @ Teknoville, Fuse, Brussels","https://www.mixesdb.com/w/1997-12-26_-_Luke_Slater_@_Teknoville,_Fuse,_Brussels",Version 1,25,068,Christopher Just,I'm A Disco Dancer (And A Sweet Romancer) (Dave Clarke Remix) [International Deejay Gigolo - 08],Christopher Just - I'm A Disco Dancer (And A Sweet Romancer) (Dave Clarke Remix) [International Deejay Gigolo - 08]
"1997-12-26 - Luke Slater @ Teknoville, Fuse, Brussels","https://www.mixesdb.com/w/1997-12-26_-_Luke_Slater_@_Teknoville,_Fuse,_Brussels",Version 1,26,072,jb³,Forklift (Luke Slater's Filtered Remix) [NovaMute - 12 NoMu 49],jb³ - Forklift (Luke Slater's Filtered Remix) [NovaMute - 12 NoMu 49]
"1997-12-26 - Luke Slater @ Teknoville, Fuse, Brussels","https://www.mixesdb.com/w/1997-12-26_-_Luke_Slater_@_Teknoville,_Fuse,_Brussels",Version 1,27,073,+ jb³,Forklift (Luke Slater's Filtered Remix) [NovaMute - 12 NoMu 49],+ jb³ - Forklift (Luke Slater's Filtered Remix) [NovaMute - 12 NoMu 49]
"1997-12-26 - Luke Slater @ Teknoville, Fuse, Brussels","https://www.mixesdb.com/w/1997-12-26_-_Luke_Slater_@_Teknoville,_Fuse,_Brussels",Version 1,28,075,Luke Slater,Filter 2 [NovaMute - NoMu57CD],Luke Slater - Filter 2 [NovaMute - NoMu57CD]
"1997-12-26 - Luke Slater @ Teknoville, Fuse, Brussels","https://www.mixesdb.com/w/1997-12-26_-_Luke_Slater_@_Teknoville,_Fuse,_Brussels",Version 1,29,078,X-102,Titan,X-102 - Titan
"1997-12-26 - Luke Slater @ Teknoville, Fuse, Brussels","https://www.mixesdb.com/w/1997-12-26_-_Luke_Slater_@_Teknoville,_Fuse,_Brussels",Version 1,30,080,Scan X,Z1 [F Communications - 072],Scan X - Z1 [F Communications - 072]
"1997-12-26 - Luke Slater @ Teknoville, Fuse, Brussels","https://www.mixesdb.com/w/1997-12-26_-_Luke_Slater_@_Teknoville,_Fuse,_Brussels",Version 1,31,081,The Martian,Season Of The Solar Wind [Red Planet - 5],The Martian - Season Of The Solar Wind [Red Planet - 5]
"1997-12-26 - Luke Slater @ Teknoville, Fuse, Brussels","https://www.mixesdb.com/w/1997-12-26_-_Luke_Slater_@_Teknoville,_Fuse,_Brussels",Version 1,32,084,The Martian,Particle Shower [Red Planet - 8],The Martian - Particle Shower [Red Planet - 8]
"1997-12-26 - Luke Slater @ Teknoville, Fuse, Brussels","https://www.mixesdb.com/w/1997-12-26_-_Luke_Slater_@_Teknoville,_Fuse,_Brussels",Version 1,33,088,UR,Spirit Caller [Underground Resistance - 042],UR - Spirit Caller [Underground Resistance - 042]
"1997-12-26 - Luke Slater @ Teknoville, Fuse, Brussels","https://www.mixesdb.com/w/1997-12-26_-_Luke_Slater_@_Teknoville,_Fuse,_Brussels",Version 1,34,091,Locomotive,Middle 1,Locomotive - Middle 1
"1997-12-26 - Luke Slater @ Teknoville, Fuse, Brussels","https://www.mixesdb.com/w/1997-12-26_-_Luke_Slater_@_Teknoville,_Fuse,_Brussels",Version 1,35,093,Thomas Bangalter,Ventura,Thomas Bangalter - Ventura
"1997-12-26 - Luke Slater @ Teknoville, Fuse, Brussels","https://www.mixesdb.com/w/1997-12-26_-_Luke_Slater_@_Teknoville,_Fuse,_Brussels",Version 1,36,098,Aphrohead,Blindmanwilly [Clashbackk - CLASH:010],Aphrohead - Blindmanwilly [Clashbackk - CLASH:010]
"1997-12-26 - Luke Slater @ Teknoville, Fuse, Brussels","https://www.mixesdb.com/w/1997-12-26_-_Luke_Slater_@_Teknoville,_Fuse,_Brussels",Version 1,37,103,,?,?
"1997-12-26 - Luke Slater @ Teknoville, Fuse, Brussels","https://www.mixesdb.com/w/1997-12-26_-_Luke_Slater_@_Teknoville,_Fuse,_Brussels",Version 1,38,???,,?,?
"1997-12-26 - Luke Slater @ Teknoville, Fuse, Brussels","https://www.mixesdb.com/w/1997-12-26_-_Luke_Slater_@_Teknoville,_Fuse,_Brussels",Version 1,39,???,Female,In-Tbilisi [Downwards - LINO 15],Female - In-Tbilisi [Downwards - LINO 15]
"1997-12-26 - Luke Slater @ Teknoville, Fuse, Brussels","https://www.mixesdb.com/w/1997-12-26_-_Luke_Slater_@_Teknoville,_Fuse,_Brussels",Version 1,40,???,Regis,Careless Pedestrian [Downwards - 02],Regis - Careless Pedestrian [Downwards - 02]
"1997-12-26 - Luke Slater @ Teknoville, Fuse, Brussels","https://www.mixesdb.com/w/1997-12-26_-_Luke_Slater_@_Teknoville,_Fuse,_Brussels",Version 1,41,???,Jeff Mills,Life Cycle,Jeff Mills - Life Cycle
"2004-05-08 - Alexander Kowalski, Joris Voorn (Live PA), Luke Slater @ Tresor, Berlin","https://www.mixesdb.com/w/2004-05-08_-_Alexander_Kowalski,_Joris_Voorn_(Live_PA),_Luke_Slater_@_Tresor,_Berlin",Joris Voorn (Live),1,,Joris Voorn,Eclipse (Spoken Intro),Joris Voorn - Eclipse (Spoken Intro)
"2004-05-08 - Alexander Kowalski, Joris Voorn (Live PA), Luke Slater @ Tresor, Berlin","https://www.mixesdb.com/w/2004-05-08_-_Alexander_Kowalski,_Joris_Voorn_(Live_PA),_Luke_Slater_@_Tresor,_Berlin",Joris Voorn (Live),2,,,?,?
"2004-05-08 - Alexander Kowalski, Joris Voorn (Live PA), Luke Slater @ Tresor, Berlin","https://www.mixesdb.com/w/2004-05-08_-_Alexander_Kowalski,_Joris_Voorn_(Live_PA),_Luke_Slater_@_Tresor,_Berlin",Joris Voorn (Live),3,,,?,?
"2004-05-08 - Alexander Kowalski, Joris Voorn (Live PA), Luke Slater @ Tresor, Berlin","https://www.mixesdb.com/w/2004-05-08_-_Alexander_Kowalski,_Joris_Voorn_(Live_PA),_Luke_Slater_@_Tresor,_Berlin",Joris Voorn (Live),4,,,?,?
"2004-05-08 - Alexander Kowalski, Joris Voorn (Live PA), Luke Slater @ Tresor, Berlin","https://www.mixesdb.com/w/2004-05-08_-_Alexander_Kowalski,_Joris_Voorn_(Live_PA),_Luke_Slater_@_Tresor,_Berlin",Joris Voorn (Live),5,,Alexander Kowalski,Days Of The Liar (Joris Voorn Tribalicious Remix),Alexander Kowalski - Days Of The Liar (Joris Voorn Tribalicious Remix)
"2004-05-08 - Alexander Kowalski, Joris Voorn (Live PA), Luke Slater @ Tresor, Berlin","https://www.mixesdb.com/w/2004-05-08_-_Alexander_Kowalski,_Joris_Voorn_(Live_PA),_Luke_Slater_@_Tresor,_Berlin",Joris Voorn (Live),6,,,?,?
"2004-05-08 - Alexander Kowalski, Joris Voorn (Live PA), Luke Slater @ Tresor, Berlin","https://www.mixesdb.com/w/2004-05-08_-_Alexander_Kowalski,_Joris_Voorn_(Live_PA),_Luke_Slater_@_Tresor,_Berlin",Joris Voorn (Live),7,,Joris Voorn,Flow (Early Mix),Joris Voorn - Flow (Early Mix)
"2004-05-08 - Alexander Kowalski, Joris Voorn (Live PA), Luke Slater @ Tresor, Berlin","https://www.mixesdb.com/w/2004-05-08_-_Alexander_Kowalski,_Joris_Voorn_(Live_PA),_Luke_Slater_@_Tresor,_Berlin",Joris Voorn (Live),8,,Joris Voorn,Zeronine,Joris Voorn - Zeronine
"2004-05-08 - Alexander Kowalski, Joris Voorn (Live PA), Luke Slater @ Tresor, Berlin","https://www.mixesdb.com/w/2004-05-08_-_Alexander_Kowalski,_Joris_Voorn_(Live_PA),_Luke_Slater_@_Tresor,_Berlin",Joris Voorn (Live),9,,,?,?
"2004-05-08 - Alexander Kowalski, Joris Voorn (Live PA), Luke Slater @ Tresor, Berlin","https://www.mixesdb.com/w/2004-05-08_-_Alexander_Kowalski,_Joris_Voorn_(Live_PA),_Luke_Slater_@_Tresor,_Berlin",Joris Voorn (Live),10,,Joris Voorn,Incident,Joris Voorn - Incident
"2004-05-08 - Alexander Kowalski, Joris Voorn (Live PA), Luke Slater @ Tresor, Berlin","https://www.mixesdb.com/w/2004-05-08_-_Alexander_Kowalski,_Joris_Voorn_(Live_PA),_Luke_Slater_@_Tresor,_Berlin",Joris Voorn (Live),11,,Joris Voorn,Shining,Joris Voorn - Shining
"2001-07-21 - Luke Slater @ LoveParade, Abschlusskundgebung, Berlin","https://www.mixesdb.com/w/2001-07-21_-_Luke_Slater_@_LoveParade,_Abschlusskundgebung,_Berlin",,1,,Planetary Assault Systems,Coad Warrior 1 [Peacefrog],Planetary Assault Systems - Coad Warrior 1 [Peacefrog]
"2001-07-21 - Luke Slater @ LoveParade, Abschlusskundgebung, Berlin","https://www.mixesdb.com/w/2001-07-21_-_Luke_Slater_@_LoveParade,_Abschlusskundgebung,_Berlin",,2,,Zzino vs Filterheadz,African Bulldozer [N.E.W.S],Zzino vs Filterheadz - African Bulldozer [N.E.W.S]
"2001-07-21 - Luke Slater @ LoveParade, Abschlusskundgebung, Berlin","https://www.mixesdb.com/w/2001-07-21_-_Luke_Slater_@_LoveParade,_Abschlusskundgebung,_Berlin",,3,,Ben Sims,Manipulated (Adam Beyer Remix) [Primate 50],Ben Sims - Manipulated (Adam Beyer Remix) [Primate 50]
"2001-07-21 - Luke Slater @ LoveParade, Abschlusskundgebung, Berlin","https://www.mixesdb.com/w/2001-07-21_-_Luke_Slater_@_LoveParade,_Abschlusskundgebung,_Berlin",,4,,Jeff Mills,Ufo [Axis 24],Jeff Mills - Ufo [Axis 24]
"2001-07-21 - Luke Slater @ LoveParade, Abschlusskundgebung, Berlin","https://www.mixesdb.com/w/2001-07-21_-_Luke_Slater_@_LoveParade,_Abschlusskundgebung,_Berlin",,5,,Surgeon,Midnight Club Tracks 2 [Counterbalance],Surgeon - Midnight Club Tracks 2 [Counterbalance]
"2001-07-21 - Luke Slater @ LoveParade, Abschlusskundgebung, Berlin","https://www.mixesdb.com/w/2001-07-21_-_Luke_Slater_@_LoveParade,_Abschlusskundgebung,_Berlin",,6,,,?,?
"2001-07-21 - Luke Slater @ LoveParade, Abschlusskundgebung, Berlin","https://www.mixesdb.com/w/2001-07-21_-_Luke_Slater_@_LoveParade,_Abschlusskundgebung,_Berlin",,7,,Michel De Hey vs Literon,Transmitter (Jamie Anderson Remix) [Immaculate],Michel De Hey vs Literon - Transmitter (Jamie Anderson Remix) [Immaculate]
2004-01-20 - Breezeblock - Luke Slater,https://www.mixesdb.com/w/2004-01-20_-_Breezeblock_-_Luke_Slater,,1,,Public Enemy,Fight The Power (Def Jam),Public Enemy - Fight The Power (Def Jam)
2004-01-20 - Breezeblock - Luke Slater,https://www.mixesdb.com/w/2004-01-20_-_Breezeblock_-_Luke_Slater,,2,,Dave Clarke,What Was Her Name? (LFO Mix) (Skint),Dave Clarke - What Was Her Name? (LFO Mix) (Skint)
2004-01-20 - Breezeblock - Luke Slater,https://www.mixesdb.com/w/2004-01-20_-_Breezeblock_-_Luke_Slater,,3,,State of the Art,Automatic (Inform),State of the Art - Automatic (Inform)
2004-01-20 - Breezeblock - Luke Slater,https://www.mixesdb.com/w/2004-01-20_-_Breezeblock_-_Luke_Slater,,4,,Kerrier District,Disclix (Rephlex),Kerrier District - Disclix (Rephlex)
2004-01-20 - Breezeblock - Luke Slater,https://www.mixesdb.com/w/2004-01-20_-_Breezeblock_-_Luke_Slater,,5,,Jagga Jazzist,Day (Ninja Tune),Jagga Jazzist - Day (Ninja Tune)
2004-01-20 - Breezeblock - Luke Slater,https://www.mixesdb.com/w/2004-01-20_-_Breezeblock_-_Luke_Slater,,6,,Generation Dub,Atomic (Reformed),Generation Dub - Atomic (Reformed)
2004-01-20 - Breezeblock - Luke Slater,https://www.mixesdb.com/w/2004-01-20_-_Breezeblock_-_Luke_Slater,,7,,Squarepusher,Talk About You and Me (Warp),Squarepusher - Talk About You and Me (Warp)
2004-01-20 - Breezeblock - Luke Slater,https://www.mixesdb.com/w/2004-01-20_-_Breezeblock_-_Luke_Slater,,8,,Dabrye,Game Over (feat. Jay Dee and Phat Kat) (Ghostly International),Dabrye - Game Over (feat. Jay Dee and Phat Kat) (Ghostly International)
2004-01-20 - Breezeblock - Luke Slater,https://www.mixesdb.com/w/2004-01-20_-_Breezeblock_-_Luke_Slater,,9,,Technova,I Could Have Sex (Hydrogen Dukebox),Technova - I Could Have Sex (Hydrogen Dukebox)
2004-01-20 - Breezeblock - Luke Slater,https://www.mixesdb.com/w/2004-01-20_-_Breezeblock_-_Luke_Slater,,10,,Jimmy Edgar,No Static (Warp),Jimmy Edgar - No Static (Warp)
2004-01-20 - Breezeblock - Luke Slater,https://www.mixesdb.com/w/2004-01-20_-_Breezeblock_-_Luke_Slater,,11,,Luke Slater,Traction Action (NovaMute),Luke Slater - Traction Action (NovaMute)
2004-01-20 - Breezeblock - Luke Slater,https://www.mixesdb.com/w/2004-01-20_-_Breezeblock_-_Luke_Slater,,12,,Leftfield,6/8 War (Sony Music),Leftfield - 6/8 War (Sony Music)
2004-01-20 - Breezeblock - Luke Slater,https://www.mixesdb.com/w/2004-01-20_-_Breezeblock_-_Luke_Slater,,13,,?,Pretty VaCan't (Gigolo Records),? - Pretty VaCan't (Gigolo Records)
2004-01-20 - Breezeblock - Luke Slater,https://www.mixesdb.com/w/2004-01-20_-_Breezeblock_-_Luke_Slater,,14,,Control Freeks,Tied Up (Vox Mix),Control Freeks - Tied Up (Vox Mix)
2004-01-20 - Breezeblock - Luke Slater,https://www.mixesdb.com/w/2004-01-20_-_Breezeblock_-_Luke_Slater,,15,,Luke Slater,Nothing At All,Luke Slater - Nothing At All
2004-01-20 - Breezeblock - Luke Slater,https://www.mixesdb.com/w/2004-01-20_-_Breezeblock_-_Luke_Slater,,16,,Carl Craig,Rip Off (Popero Records),Carl Craig - Rip Off (Popero Records)
2004-01-20 - Breezeblock - Luke Slater,https://www.mixesdb.com/w/2004-01-20_-_Breezeblock_-_Luke_Slater,,17,,,?,?
2004-01-20 - Breezeblock - Luke Slater,https://www.mixesdb.com/w/2004-01-20_-_Breezeblock_-_Luke_Slater,,18,,DJ Fengari and Benjamin Sturm,Now A Bitch Gets Rich (Free Music),DJ Fengari and Benjamin Sturm - Now A Bitch Gets Rich (Free Music)
2004-01-20 - Breezeblock - Luke Slater,https://www.mixesdb.com/w/2004-01-20_-_Breezeblock_-_Luke_Slater,,19,,Jake Fairley,Motor (Kompakt),Jake Fairley - Motor (Kompakt)
2004-01-20 - Breezeblock - Luke Slater,https://www.mixesdb.com/w/2004-01-20_-_Breezeblock_-_Luke_Slater,,20,,John Starlight,Rip It (Television Records),John Starlight - Rip It (Television Records)
2004-01-20 - Breezeblock - Luke Slater,https://www.mixesdb.com/w/2004-01-20_-_Breezeblock_-_Luke_Slater,,21,,Bolz Bolz,Take A Walk Remixes (Longhaul Records),Bolz Bolz - Take A Walk Remixes (Longhaul Records)
2004-01-20 - Breezeblock - Luke Slater,https://www.mixesdb.com/w/2004-01-20_-_Breezeblock_-_Luke_Slater,,22,,Luke Slater,All X-Hale,Luke Slater - All X-Hale
2004-01-20 - Breezeblock - Luke Slater,https://www.mixesdb.com/w/2004-01-20_-_Breezeblock_-_Luke_Slater,,23,,The Bumblebeez,Brooklyn (Wichita),The Bumblebeez - Brooklyn (Wichita)
2004-01-20 - Breezeblock - Luke Slater,https://www.mixesdb.com/w/2004-01-20_-_Breezeblock_-_Luke_Slater,,24,,Ursula Rucker,This (!K7),Ursula Rucker - This (!K7)
2004-01-20 - Breezeblock - Luke Slater,https://www.mixesdb.com/w/2004-01-20_-_Breezeblock_-_Luke_Slater,,25,,Team Doyobi,two of everything (Autechre Mix),Team Doyobi - two of everything (Autechre Mix)
2004-01-20 - Breezeblock - Luke Slater,https://www.mixesdb.com/w/2004-01-20_-_Breezeblock_-_Luke_Slater,,26,,Ikon,Vai E Vem (Jalapeno),Ikon - Vai E Vem (Jalapeno)
2004-01-20 - Breezeblock - Luke Slater,https://www.mixesdb.com/w/2004-01-20_-_Breezeblock_-_Luke_Slater,,27,,Savath and Savalas,Te Quiero Pero Por Otro Lado… (Warp),Savath and Savalas - Te Quiero Pero Por Otro Lado… (Warp)
2004-01-20 - Breezeblock - Luke Slater,https://www.mixesdb.com/w/2004-01-20_-_Breezeblock_-_Luke_Slater,,28,,Scanone,AWOL,Scanone - AWOL
1994 - Luke Slater @ Kiss 100 FM,https://www.mixesdb.com/w/1994_-_Luke_Slater_@_Kiss_100_FM,,1,00,Clementine,Sugar Step,Clementine - Sugar Step
1994 - Luke Slater @ Kiss 100 FM,https://www.mixesdb.com/w/1994_-_Luke_Slater_@_Kiss_100_FM,,2,04,Vainqueur,Lyot (Maurizio Mix),Vainqueur - Lyot (Maurizio Mix)
1994 - Luke Slater @ Kiss 100 FM,https://www.mixesdb.com/w/1994_-_Luke_Slater_@_Kiss_100_FM,,3,07,V-Room,V-Shaped,V-Room - V-Shaped
1994 - Luke Slater @ Kiss 100 FM,https://www.mixesdb.com/w/1994_-_Luke_Slater_@_Kiss_100_FM,,4,10,DB-X,Third Rail,DB-X - Third Rail
1994 - Luke Slater @ Kiss 100 FM,https://www.mixesdb.com/w/1994_-_Luke_Slater_@_Kiss_100_FM,,5,12,Prototype,The Path (Original Mix),Prototype - The Path (Original Mix)
1994 - Luke Slater @ Kiss 100 FM,https://www.mixesdb.com/w/1994_-_Luke_Slater_@_Kiss_100_FM,,6,15,UR,The Final Frontier,UR - The Final Frontier
1994 - Luke Slater @ Kiss 100 FM,https://www.mixesdb.com/w/1994_-_Luke_Slater_@_Kiss_100_FM,,7,18,Shop,Nitwit,Shop - Nitwit
1994 - Luke Slater @ Kiss 100 FM,https://www.mixesdb.com/w/1994_-_Luke_Slater_@_Kiss_100_FM,,8,21,Project 625,Madness,Project 625 - Madness
"2005-04-30 - Luke Slater @ MayDay, Westfalenhallen, Dortmund - Prototypes","https://www.mixesdb.com/w/2005-04-30_-_Luke_Slater_@_MayDay,_Westfalenhallen,_Dortmund_-_Prototypes",,1,00,Luke Slater,All Exhale,Luke Slater - All Exhale
"2005-04-30 - Luke Slater @ MayDay, Westfalenhallen, Dortmund - Prototypes","https://www.mixesdb.com/w/2005-04-30_-_Luke_Slater_@_MayDay,_Westfalenhallen,_Dortmund_-_Prototypes",,2,??,Luke Slater,Body Freefall Electronic Inform,Luke Slater - Body Freefall Electronic Inform
"2005-04-30 - Luke Slater @ MayDay, Westfalenhallen, Dortmund - Prototypes","https://www.mixesdb.com/w/2005-04-30_-_Luke_Slater_@_MayDay,_Westfalenhallen,_Dortmund_-_Prototypes",,3,??,Umek,Ludko Nastic,Umek - Ludko Nastic
"2005-04-30 - Luke Slater @ MayDay, Westfalenhallen, Dortmund - Prototypes","https://www.mixesdb.com/w/2005-04-30_-_Luke_Slater_@_MayDay,_Westfalenhallen,_Dortmund_-_Prototypes",,4,16,,?,?
"2005-04-30 - Luke Slater @ MayDay, Westfalenhallen, Dortmund - Prototypes","https://www.mixesdb.com/w/2005-04-30_-_Luke_Slater_@_MayDay,_Westfalenhallen,_Dortmund_-_Prototypes",,5,11,Alloy Mental,Alloy Mental,Alloy Mental - Alloy Mental
"2005-04-30 - Luke Slater @ MayDay, Westfalenhallen, Dortmund - Prototypes","https://www.mixesdb.com/w/2005-04-30_-_Luke_Slater_@_MayDay,_Westfalenhallen,_Dortmund_-_Prototypes",,6,19,Nitzer Ebb,Murderous (Phil Kieran Remix),Nitzer Ebb - Murderous (Phil Kieran Remix)
"2005-04-30 - Luke Slater @ MayDay, Westfalenhallen, Dortmund - Prototypes","https://www.mixesdb.com/w/2005-04-30_-_Luke_Slater_@_MayDay,_Westfalenhallen,_Dortmund_-_Prototypes",,7,??,,?,?
"2005-04-30 - Luke Slater @ MayDay, Westfalenhallen, Dortmund - Prototypes","https://www.mixesdb.com/w/2005-04-30_-_Luke_Slater_@_MayDay,_Westfalenhallen,_Dortmund_-_Prototypes",,8,??,,?,?
"2005-04-30 - Luke Slater @ MayDay, Westfalenhallen, Dortmund - Prototypes","https://www.mixesdb.com/w/2005-04-30_-_Luke_Slater_@_MayDay,_Westfalenhallen,_Dortmund_-_Prototypes",,9,??,The Subjects vs Jeff Mills,Dark Matter,The Subjects vs Jeff Mills - Dark Matter
2007-01-20 - Luke Slater - fabric Promo Mix,https://www.mixesdb.com/w/2007-01-20_-_Luke_Slater_-_fabric_Promo_Mix,,1,,A. Mochi,Freedom,A. Mochi - Freedom
2007-01-20 - Luke Slater - fabric Promo Mix,https://www.mixesdb.com/w/2007-01-20_-_Luke_Slater_-_fabric_Promo_Mix,,2,,DJ Shirakura,Routine Song,DJ Shirakura - Routine Song
2007-01-20 - Luke Slater - fabric Promo Mix,https://www.mixesdb.com/w/2007-01-20_-_Luke_Slater_-_fabric_Promo_Mix,,3,,Amouchi,Re:Sound,Amouchi - Re:Sound
2007-01-20 - Luke Slater - fabric Promo Mix,https://www.mixesdb.com/w/2007-01-20_-_Luke_Slater_-_fabric_Promo_Mix,,4,,Planet Funk,Its Your Time (Luca Bacchetti Remix),Planet Funk - Its Your Time (Luca Bacchetti Remix)
2007-01-20 - Luke Slater - fabric Promo Mix,https://www.mixesdb.com/w/2007-01-20_-_Luke_Slater_-_fabric_Promo_Mix,,5,,Hot Chip,Colours (Jeff Samuels Remix),Hot Chip - Colours (Jeff Samuels Remix)
2007-01-20 - Luke Slater - fabric Promo Mix,https://www.mixesdb.com/w/2007-01-20_-_Luke_Slater_-_fabric_Promo_Mix,,6,,Marcel Dettmann,Quicksand,Marcel Dettmann - Quicksand
2007-01-20 - Luke Slater - fabric Promo Mix,https://www.mixesdb.com/w/2007-01-20_-_Luke_Slater_-_fabric_Promo_Mix,,7,,X-Press 2 Feat. Rob Harvey,Kill 100 (Carl Craig Remix),X-Press 2 Feat. Rob Harvey - Kill 100 (Carl Craig Remix)
2007-01-20 - Luke Slater - fabric Promo Mix,https://www.mixesdb.com/w/2007-01-20_-_Luke_Slater_-_fabric_Promo_Mix,,8,,A. Mochi,Freedom,A. Mochi - Freedom
2007-01-20 - Luke Slater - fabric Promo Mix,https://www.mixesdb.com/w/2007-01-20_-_Luke_Slater_-_fabric_Promo_Mix,,9,,DJ Shirakura,Routine Song,DJ Shirakura - Routine Song
2007-01-20 - Luke Slater - fabric Promo Mix,https://www.mixesdb.com/w/2007-01-20_-_Luke_Slater_-_fabric_Promo_Mix,,10,,Amouchi,Re:Sound,Amouchi - Re:Sound
2007-01-20 - Luke Slater - fabric Promo Mix,https://www.mixesdb.com/w/2007-01-20_-_Luke_Slater_-_fabric_Promo_Mix,,11,,Planet Funk,Its Your Time (Luca Bacchetti Remix),Planet Funk - Its Your Time (Luca Bacchetti Remix)
2007-01-20 - Luke Slater - fabric Promo Mix,https://www.mixesdb.com/w/2007-01-20_-_Luke_Slater_-_fabric_Promo_Mix,,12,,Hot Chip,Colours (Jeff Samuels Remix),Hot Chip - Colours (Jeff Samuels Remix)
2007-01-20 - Luke Slater - fabric Promo Mix,https://www.mixesdb.com/w/2007-01-20_-_Luke_Slater_-_fabric_Promo_Mix,,13,,Marcel Dettmann,Quicksand,Marcel Dettmann - Quicksand
2007-01-20 - Luke Slater - fabric Promo Mix,https://www.mixesdb.com/w/2007-01-20_-_Luke_Slater_-_fabric_Promo_Mix,,14,,X-Press 2 Feat. Rob Harvey,Kill 100 (Carl Craig Remix),X-Press 2 Feat. Rob Harvey - Kill 100 (Carl Craig Remix)
2007-01-20 - Luke Slater - fabric Promo Mix,https://www.mixesdb.com/w/2007-01-20_-_Luke_Slater_-_fabric_Promo_Mix,,15,,Len Faki,Rainbow Delta,Len Faki - Rainbow Delta
2007-01-20 - Luke Slater - fabric Promo Mix,https://www.mixesdb.com/w/2007-01-20_-_Luke_Slater_-_fabric_Promo_Mix,,16,,Gennaro Rossi,Super Foolish (Robert Babicz Remix),Gennaro Rossi - Super Foolish (Robert Babicz Remix)
2007-01-20 - Luke Slater - fabric Promo Mix,https://www.mixesdb.com/w/2007-01-20_-_Luke_Slater_-_fabric_Promo_Mix,,17,,Deadbeat & Monolake,Random Brown (Monolake Remix),Deadbeat & Monolake - Random Brown (Monolake Remix)
2007-01-20 - Luke Slater - fabric Promo Mix,https://www.mixesdb.com/w/2007-01-20_-_Luke_Slater_-_fabric_Promo_Mix,,18,,Prins Thomas,Fehrara,Prins Thomas - Fehrara
2007-01-20 - Luke Slater - fabric Promo Mix,https://www.mixesdb.com/w/2007-01-20_-_Luke_Slater_-_fabric_Promo_Mix,,19,,Kalabrese,Auf Dem Hof (Freaks Fun That Re-Do,Kalabrese - Auf Dem Hof (Freaks Fun That Re-Do
2007-01-20 - Luke Slater - fabric Promo Mix,https://www.mixesdb.com/w/2007-01-20_-_Luke_Slater_-_fabric_Promo_Mix,,20,,Brian Emo,Force Maker,Brian Emo - Force Maker
2007-01-20 - Luke Slater - fabric Promo Mix,https://www.mixesdb.com/w/2007-01-20_-_Luke_Slater_-_fabric_Promo_Mix,,21,,Theo Parrish,Falling Up (Carl Craig Remix),Theo Parrish - Falling Up (Carl Craig Remix)
2007-01-20 - Luke Slater - fabric Promo Mix,https://www.mixesdb.com/w/2007-01-20_-_Luke_Slater_-_fabric_Promo_Mix,,22,,Gennaro Rossi,Super Foolish (Robert Babicz Remix),Gennaro Rossi - Super Foolish (Robert Babicz Remix)
2007-01-20 - Luke Slater - fabric Promo Mix,https://www.mixesdb.com/w/2007-01-20_-_Luke_Slater_-_fabric_Promo_Mix,,23,,Groovewatchers,Viruz,Groovewatchers - Viruz
"1999-06-10 - Luke Slater @ Biosphere, Vienna","https://www.mixesdb.com/w/1999-06-10_-_Luke_Slater_@_Biosphere,_Vienna",,1,00,Planetary Assault Systems,Raise Up [Peacefrog Records - PF081],Planetary Assault Systems - Raise Up [Peacefrog Records - PF081]
"1999-06-10 - Luke Slater @ Biosphere, Vienna","https://www.mixesdb.com/w/1999-06-10_-_Luke_Slater_@_Biosphere,_Vienna",,2,03,Ben Sims / Phil Vernol / Rob Jarvis,Untitled (B1) [Killa Bite - 001],Ben Sims / Phil Vernol / Rob Jarvis - Untitled (B1) [Killa Bite - 001]
"1999-06-10 - Luke Slater @ Biosphere, Vienna","https://www.mixesdb.com/w/1999-06-10_-_Luke_Slater_@_Biosphere,_Vienna",,3,05,Mike Dearborn,Battle [Majesty - MAJ-103],Mike Dearborn - Battle [Majesty - MAJ-103]
"1999-06-10 - Luke Slater @ Biosphere, Vienna","https://www.mixesdb.com/w/1999-06-10_-_Luke_Slater_@_Biosphere,_Vienna",,4,07,Spokesman,Acid Creak  (Pierre's Reconstruction Mix) [X-Stream - 002],Spokesman - Acid Creak  (Pierre's Reconstruction Mix) [X-Stream - 002]
"1999-06-10 - Luke Slater @ Biosphere, Vienna","https://www.mixesdb.com/w/1999-06-10_-_Luke_Slater_@_Biosphere,_Vienna",,5,10,Stu Grant,The Chair And The Chairmaker EP (A1) [Embryo - 007],Stu Grant - The Chair And The Chairmaker EP (A1) [Embryo - 007]
"1999-06-10 - Luke Slater @ Biosphere, Vienna","https://www.mixesdb.com/w/1999-06-10_-_Luke_Slater_@_Biosphere,_Vienna",,6,14,,?,?
"1999-06-10 - Luke Slater @ Biosphere, Vienna","https://www.mixesdb.com/w/1999-06-10_-_Luke_Slater_@_Biosphere,_Vienna",,7,16,Joey Beltram,Game Form [Tresor - 33],Joey Beltram - Game Form [Tresor - 33]
"1999-06-10 - Luke Slater @ Biosphere, Vienna","https://www.mixesdb.com/w/1999-06-10_-_Luke_Slater_@_Biosphere,_Vienna",,8,18,,?,?
"1999-06-10 - Luke Slater @ Biosphere, Vienna","https://www.mixesdb.com/w/1999-06-10_-_Luke_Slater_@_Biosphere,_Vienna",,9,21,,?,?
"1999-06-10 - Luke Slater @ Biosphere, Vienna","https://www.mixesdb.com/w/1999-06-10_-_Luke_Slater_@_Biosphere,_Vienna",,10,24,Ben Sims,Mindtravel [Stimulus - 007],Ben Sims - Mindtravel [Stimulus - 007]
"1999-06-10 - Luke Slater @ Biosphere, Vienna","https://www.mixesdb.com/w/1999-06-10_-_Luke_Slater_@_Biosphere,_Vienna",,11,27,Fumiya Tanaka,Go Up [Torema - 021],Fumiya Tanaka - Go Up [Torema - 021]
"1999-06-10 - Luke Slater @ Biosphere, Vienna","https://www.mixesdb.com/w/1999-06-10_-_Luke_Slater_@_Biosphere,_Vienna",,12,28,The Advent,War Head [Tortured - PAIN 012],The Advent - War Head [Tortured - PAIN 012]
"1999-06-10 - Luke Slater @ Biosphere, Vienna","https://www.mixesdb.com/w/1999-06-10_-_Luke_Slater_@_Biosphere,_Vienna",,13,29,Jeff Mills,The Bells [Purpose Maker - PM-002],Jeff Mills - The Bells [Purpose Maker - PM-002]
"1999-06-10 - Luke Slater @ Biosphere, Vienna","https://www.mixesdb.com/w/1999-06-10_-_Luke_Slater_@_Biosphere,_Vienna",,14,31,,?,?
"1999-06-10 - Luke Slater @ Biosphere, Vienna","https://www.mixesdb.com/w/1999-06-10_-_Luke_Slater_@_Biosphere,_Vienna",,15,34,,?,?
"1999-06-10 - Luke Slater @ Biosphere, Vienna","https://www.mixesdb.com/w/1999-06-10_-_Luke_Slater_@_Biosphere,_Vienna",,16,37,,?,?
"1999-06-10 - Luke Slater @ Biosphere, Vienna","https://www.mixesdb.com/w/1999-06-10_-_Luke_Slater_@_Biosphere,_Vienna",,17,40,,?,?
"1999-06-10 - Luke Slater @ Biosphere, Vienna","https://www.mixesdb.com/w/1999-06-10_-_Luke_Slater_@_Biosphere,_Vienna",,18,43,,?,?
"1999-06-10 - Luke Slater @ Biosphere, Vienna","https://www.mixesdb.com/w/1999-06-10_-_Luke_Slater_@_Biosphere,_Vienna",,19,46,Space DJ'z,Comet X,Space DJ'z - Comet X
"1999-06-10 - Luke Slater @ Biosphere, Vienna","https://www.mixesdb.com/w/1999-06-10_-_Luke_Slater_@_Biosphere,_Vienna",,20,49,Ben Sims / Phil Vernol / Rob Jarvis,Untitled (A1) [Killa Bite - 001],Ben Sims / Phil Vernol / Rob Jarvis - Untitled (A1) [Killa Bite - 001]
"1999-06-10 - Luke Slater @ Biosphere, Vienna","https://www.mixesdb.com/w/1999-06-10_-_Luke_Slater_@_Biosphere,_Vienna",,21,51,Separate Minds,1st Bass [Express - EXP-014],Separate Minds - 1st Bass [Express - EXP-014]
"1999-06-10 - Luke Slater @ Biosphere, Vienna","https://www.mixesdb.com/w/1999-06-10_-_Luke_Slater_@_Biosphere,_Vienna",,22,53,D.J. Funk,I'm So Hi [Dance Mania - DM 070],D.J. Funk - I'm So Hi [Dance Mania - DM 070]
"1999-06-10 - Luke Slater @ Biosphere, Vienna","https://www.mixesdb.com/w/1999-06-10_-_Luke_Slater_@_Biosphere,_Vienna",,23,54,,?,?
"1999-06-10 - Luke Slater @ Biosphere, Vienna","https://www.mixesdb.com/w/1999-06-10_-_Luke_Slater_@_Biosphere,_Vienna",,24,56,,?,?
"1999-06-10 - Luke Slater @ Biosphere, Vienna","https://www.mixesdb.com/w/1999-06-10_-_Luke_Slater_@_Biosphere,_Vienna",,25,58,,?,?
"1999-06-10 - Luke Slater @ Biosphere, Vienna","https://www.mixesdb.com/w/1999-06-10_-_Luke_Slater_@_Biosphere,_Vienna",,26,60,Planetary Assault Systems,In From The Night [Peacefrog - PF012],Planetary Assault Systems - In From The Night [Peacefrog - PF012]
"1999-06-10 - Luke Slater @ Biosphere, Vienna","https://www.mixesdb.com/w/1999-06-10_-_Luke_Slater_@_Biosphere,_Vienna",,27,64,The Advent,In Search [Kombination Research - 008],The Advent - In Search [Kombination Research - 008]
"1999-06-10 - Luke Slater @ Biosphere, Vienna","https://www.mixesdb.com/w/1999-06-10_-_Luke_Slater_@_Biosphere,_Vienna",,28,67,Jeff Mills,L8 [Purpose Maker - 008],Jeff Mills - L8 [Purpose Maker - 008]
"1999-06-10 - Luke Slater @ Biosphere, Vienna","https://www.mixesdb.com/w/1999-06-10_-_Luke_Slater_@_Biosphere,_Vienna",,29,70,Luke Slater,Filter 2 [NovaMute - NoMu57CD],Luke Slater - Filter 2 [NovaMute - NoMu57CD]
"1999-06-10 - Luke Slater @ Biosphere, Vienna","https://www.mixesdb.com/w/1999-06-10_-_Luke_Slater_@_Biosphere,_Vienna",,30,73,X-102,Titan,X-102 - Titan
"1999-09-25 - Luke Slater, Pierre @ Fuse, Brussels","https://www.mixesdb.com/w/1999-09-25_-_Luke_Slater,_Pierre_@_Fuse,_Brussels",,1,004,Man Parrish,"Hip Hop, Be Bop (Don't Stop) [Importe/12 - MP-321]","Man Parrish - Hip Hop, Be Bop (Don't Stop) [Importe/12 - MP-321]"
"1999-09-25 - Luke Slater, Pierre @ Fuse, Brussels","https://www.mixesdb.com/w/1999-09-25_-_Luke_Slater,_Pierre_@_Fuse,_Brussels",,2,008,Frankie Bones,Janet's Revenge [Underworld Records - AP 144],Frankie Bones - Janet's Revenge [Underworld Records - AP 144]
"1999-09-25 - Luke Slater, Pierre @ Fuse, Brussels","https://www.mixesdb.com/w/1999-09-25_-_Luke_Slater,_Pierre_@_Fuse,_Brussels",,3,009,,?,?
"1999-09-25 - Luke Slater, Pierre @ Fuse, Brussels","https://www.mixesdb.com/w/1999-09-25_-_Luke_Slater,_Pierre_@_Fuse,_Brussels",,4,013,,?,?
"1999-09-25 - Luke Slater, Pierre @ Fuse, Brussels","https://www.mixesdb.com/w/1999-09-25_-_Luke_Slater,_Pierre_@_Fuse,_Brussels",,5,015,,?,?
"1999-09-25 - Luke Slater, Pierre @ Fuse, Brussels","https://www.mixesdb.com/w/1999-09-25_-_Luke_Slater,_Pierre_@_Fuse,_Brussels",,6,018,,?,?
"1999-09-25 - Luke Slater, Pierre @ Fuse, Brussels","https://www.mixesdb.com/w/1999-09-25_-_Luke_Slater,_Pierre_@_Fuse,_Brussels",,7,021,Luke Slater,Sum Ton Tin [NovaMute – 3052-2],Luke Slater - Sum Ton Tin [NovaMute – 3052-2]
"1999-09-25 - Luke Slater, Pierre @ Fuse, Brussels","https://www.mixesdb.com/w/1999-09-25_-_Luke_Slater,_Pierre_@_Fuse,_Brussels",,8,023,,?,?
"1999-09-25 - Luke Slater, Pierre @ Fuse, Brussels","https://www.mixesdb.com/w/1999-09-25_-_Luke_Slater,_Pierre_@_Fuse,_Brussels",,9,023,,?,?
"1999-09-25 - Luke Slater, Pierre @ Fuse, Brussels","https://www.mixesdb.com/w/1999-09-25_-_Luke_Slater,_Pierre_@_Fuse,_Brussels",,10,028,G Flame & Mr. G,Hustle [Phoenix G. - PG002],G Flame & Mr. G - Hustle [Phoenix G. - PG002]
"1999-09-25 - Luke Slater, Pierre @ Fuse, Brussels","https://www.mixesdb.com/w/1999-09-25_-_Luke_Slater,_Pierre_@_Fuse,_Brussels",,11,033,The Holy Ghost Inc,Mad Monks On Zinc [Holy Ghost Inc - H.G.005],The Holy Ghost Inc - Mad Monks On Zinc [Holy Ghost Inc - H.G.005]
"1999-09-25 - Luke Slater, Pierre @ Fuse, Brussels","https://www.mixesdb.com/w/1999-09-25_-_Luke_Slater,_Pierre_@_Fuse,_Brussels",,12,038,,?,?
"1999-09-25 - Luke Slater, Pierre @ Fuse, Brussels","https://www.mixesdb.com/w/1999-09-25_-_Luke_Slater,_Pierre_@_Fuse,_Brussels",,13,042,Mr.G,Lightz (G' Out Dub) [Defected - DFECT33X],Mr.G - Lightz (G' Out Dub) [Defected - DFECT33X]
"1999-09-25 - Luke Slater, Pierre @ Fuse, Brussels","https://www.mixesdb.com/w/1999-09-25_-_Luke_Slater,_Pierre_@_Fuse,_Brussels",,14,046,,?,?
"1999-09-25 - Luke Slater, Pierre @ Fuse, Brussels","https://www.mixesdb.com/w/1999-09-25_-_Luke_Slater,_Pierre_@_Fuse,_Brussels",,15,062,G Flame & Mr.G,Eye Poke [Phoenix G. - PG001],G Flame & Mr.G - Eye Poke [Phoenix G. - PG001]
"1999-09-25 - Luke Slater, Pierre @ Fuse, Brussels","https://www.mixesdb.com/w/1999-09-25_-_Luke_Slater,_Pierre_@_Fuse,_Brussels",,16,070,Junior Carter,Women Beat Their Men [Nucamp - CAMPT3R],Junior Carter - Women Beat Their Men [Nucamp - CAMPT3R]
"1999-09-25 - Luke Slater, Pierre @ Fuse, Brussels","https://www.mixesdb.com/w/1999-09-25_-_Luke_Slater,_Pierre_@_Fuse,_Brussels",,17,074,JB³,Forklift (Luke Slater's Filtered Remix) [NovaMute - 12 NoMu 49],JB³ - Forklift (Luke Slater's Filtered Remix) [NovaMute - 12 NoMu 49]
"1999-09-25 - Luke Slater, Pierre @ Fuse, Brussels","https://www.mixesdb.com/w/1999-09-25_-_Luke_Slater,_Pierre_@_Fuse,_Brussels",,18,082,Sound Of K,Silvery Sounds (Technasia Hard Mix) [F Communications - F087RMX],Sound Of K - Silvery Sounds (Technasia Hard Mix) [F Communications - F087RMX]
"1999-09-25 - Luke Slater, Pierre @ Fuse, Brussels","https://www.mixesdb.com/w/1999-09-25_-_Luke_Slater,_Pierre_@_Fuse,_Brussels",,19,084,Leftfield,Phat Planet (Dave Clarke Remix) [Music Man - MMCD026],Leftfield - Phat Planet (Dave Clarke Remix) [Music Man - MMCD026]
"1999-09-25 - Luke Slater, Pierre @ Fuse, Brussels","https://www.mixesdb.com/w/1999-09-25_-_Luke_Slater,_Pierre_@_Fuse,_Brussels",,20,088,Christian Morgenstern,Girls Got Rhythm [Forte - FRT04LP],Christian Morgenstern - Girls Got Rhythm [Forte - FRT04LP]
"1999-09-25 - Luke Slater, Pierre @ Fuse, Brussels","https://www.mixesdb.com/w/1999-09-25_-_Luke_Slater,_Pierre_@_Fuse,_Brussels",,21,103,Jeff Mills,Call Of The Wild [Purpose Maker – PM-008],Jeff Mills - Call Of The Wild [Purpose Maker – PM-008]
"1999-09-25 - Luke Slater, Pierre @ Fuse, Brussels","https://www.mixesdb.com/w/1999-09-25_-_Luke_Slater,_Pierre_@_Fuse,_Brussels",,22,115,Lil Louis,French Kiss [Diamond Records - LL-01],Lil Louis - French Kiss [Diamond Records - LL-01]
"1999-09-25 - Luke Slater, Pierre @ Fuse, Brussels","https://www.mixesdb.com/w/1999-09-25_-_Luke_Slater,_Pierre_@_Fuse,_Brussels",,23,142,Mike Dearborn,Future Vision [Majesty - MAJ-LP 001],Mike Dearborn - Future Vision [Majesty - MAJ-LP 001]
"2011-10-01 - Dr Hoffmann, Luke Slater (London) - Blind Spot 121","https://www.mixesdb.com/w/2011-10-01_-_Dr_Hoffmann,_Luke_Slater_(London)_-_Blind_Spot_121",Dr Hoffmann,1,,Repitch,Walker (Mike Parker Remix) [Repitch],Repitch - Walker (Mike Parker Remix) [Repitch]
"2011-10-01 - Dr Hoffmann, Luke Slater (London) - Blind Spot 121","https://www.mixesdb.com/w/2011-10-01_-_Dr_Hoffmann,_Luke_Slater_(London)_-_Blind_Spot_121",Dr Hoffmann,2,,Psyk,Crypt [Lineal],Psyk - Crypt [Lineal]
"2011-10-01 - Dr Hoffmann, Luke Slater (London) - Blind Spot 121","https://www.mixesdb.com/w/2011-10-01_-_Dr_Hoffmann,_Luke_Slater_(London)_-_Blind_Spot_121",Dr Hoffmann,3,,Hans Bouffmyhre,Cloed Circuit [Perc Trax],Hans Bouffmyhre - Cloed Circuit [Perc Trax]
"2011-10-01 - Dr Hoffmann, Luke Slater (London) - Blind Spot 121","https://www.mixesdb.com/w/2011-10-01_-_Dr_Hoffmann,_Luke_Slater_(London)_-_Blind_Spot_121",Dr Hoffmann,4,,Darkcell,Inertia (D.Carbone Remix) [Gynoid Audio],Darkcell - Inertia (D.Carbone Remix) [Gynoid Audio]
"2011-10-01 - Dr Hoffmann, Luke Slater (London) - Blind Spot 121","https://www.mixesdb.com/w/2011-10-01_-_Dr_Hoffmann,_Luke_Slater_(London)_-_Blind_Spot_121",Dr Hoffmann,5,,Mas Teeveh,Astronomy Domine (Gabeen & Dr Hoffmann Remix) [Blind Spot],Mas Teeveh - Astronomy Domine (Gabeen & Dr Hoffmann Remix) [Blind Spot]
"2011-10-01 - Dr Hoffmann, Luke Slater (London) - Blind Spot 121","https://www.mixesdb.com/w/2011-10-01_-_Dr_Hoffmann,_Luke_Slater_(London)_-_Blind_Spot_121",Dr Hoffmann,6,,Sp-X,X_5684 [Time To Express],Sp-X - X_5684 [Time To Express]
"2011-10-01 - Dr Hoffmann, Luke Slater (London) - Blind Spot 121","https://www.mixesdb.com/w/2011-10-01_-_Dr_Hoffmann,_Luke_Slater_(London)_-_Blind_Spot_121",Dr Hoffmann,7,,Xhin & Lucy,LX2 [CLR],Xhin & Lucy - LX2 [CLR]
"2011-10-01 - Dr Hoffmann, Luke Slater (London) - Blind Spot 121","https://www.mixesdb.com/w/2011-10-01_-_Dr_Hoffmann,_Luke_Slater_(London)_-_Blind_Spot_121",Dr Hoffmann,8,,Bryan Black Pres. Black Asteroid,Engine 1 (Brian Sanhaji Remix) [CLR],Bryan Black Pres. Black Asteroid - Engine 1 (Brian Sanhaji Remix) [CLR]
"2011-10-01 - Dr Hoffmann, Luke Slater (London) - Blind Spot 121","https://www.mixesdb.com/w/2011-10-01_-_Dr_Hoffmann,_Luke_Slater_(London)_-_Blind_Spot_121",Dr Hoffmann,9,,Developer,Programma (Truncate Remix) [Modularz],Developer - Programma (Truncate Remix) [Modularz]
"2011-10-01 - Dr Hoffmann, Luke Slater (London) - Blind Spot 121","https://www.mixesdb.com/w/2011-10-01_-_Dr_Hoffmann,_Luke_Slater_(London)_-_Blind_Spot_121",Dr Hoffmann,10,,Xhin,Vent (Pfirter Remix) [Stroboscopic Artefacts],Xhin - Vent (Pfirter Remix) [Stroboscopic Artefacts]
"2011-10-01 - Dr Hoffmann, Luke Slater (London) - Blind Spot 121","https://www.mixesdb.com/w/2011-10-01_-_Dr_Hoffmann,_Luke_Slater_(London)_-_Blind_Spot_121",Dr Hoffmann,11,,Eigenes Rezept & Mays,Pena [TBC],Eigenes Rezept & Mays - Pena [TBC]
"2011-10-01 - Dr Hoffmann, Luke Slater (London) - Blind Spot 121","https://www.mixesdb.com/w/2011-10-01_-_Dr_Hoffmann,_Luke_Slater_(London)_-_Blind_Spot_121",Dr Hoffmann,12,,Eigenes Rezept,Numb [Blind Spot],Eigenes Rezept - Numb [Blind Spot]
"2011-10-01 - Dr Hoffmann, Luke Slater (London) - Blind Spot 121","https://www.mixesdb.com/w/2011-10-01_-_Dr_Hoffmann,_Luke_Slater_(London)_-_Blind_Spot_121",Dr Hoffmann,13,,Reeko,Empirical Science [Pole],Reeko - Empirical Science [Pole]
"2011-10-01 - Dr Hoffmann, Luke Slater (London) - Blind Spot 121","https://www.mixesdb.com/w/2011-10-01_-_Dr_Hoffmann,_Luke_Slater_(London)_-_Blind_Spot_121",Dr Hoffmann,14,,Perc,Wooden Art (Modern Heads Jumplex Remix) [Stroboscopic Artefacts],Perc - Wooden Art (Modern Heads Jumplex Remix) [Stroboscopic Artefacts]
"2011-10-01 - Dr Hoffmann, Luke Slater (London) - Blind Spot 121","https://www.mixesdb.com/w/2011-10-01_-_Dr_Hoffmann,_Luke_Slater_(London)_-_Blind_Spot_121",Dr Hoffmann,15,,Marc Houle,Techno Vocals (Acapella) [Minus],Marc Houle - Techno Vocals (Acapella) [Minus]
"2011-10-01 - Dr Hoffmann, Luke Slater (London) - Blind Spot 121","https://www.mixesdb.com/w/2011-10-01_-_Dr_Hoffmann,_Luke_Slater_(London)_-_Blind_Spot_121",Dr Hoffmann,16,,Hans Bouffmyhre,Damon Within [Perc Trax],Hans Bouffmyhre - Damon Within [Perc Trax]
"2011-10-01 - Dr Hoffmann, Luke Slater (London) - Blind Spot 121","https://www.mixesdb.com/w/2011-10-01_-_Dr_Hoffmann,_Luke_Slater_(London)_-_Blind_Spot_121",Dr Hoffmann,17,,Sawf,Unrhythm [Perc Trax],Sawf - Unrhythm [Perc Trax]
"2011-10-01 - Dr Hoffmann, Luke Slater (London) - Blind Spot 121","https://www.mixesdb.com/w/2011-10-01_-_Dr_Hoffmann,_Luke_Slater_(London)_-_Blind_Spot_121",Dr Hoffmann,18,,(Luke Slater Interview) + Planetary Assault System,Mark Me,(Luke Slater Interview) + Planetary Assault System - Mark Me
"2011-10-01 - Dr Hoffmann, Luke Slater (London) - Blind Spot 121","https://www.mixesdb.com/w/2011-10-01_-_Dr_Hoffmann,_Luke_Slater_(London)_-_Blind_Spot_121","Luke Slater @ A Secret Location, London",1,,Jon Hester Feat. DVS1,Shouts In The Dark,Jon Hester Feat. DVS1 - Shouts In The Dark
"2011-10-01 - Dr Hoffmann, Luke Slater (London) - Blind Spot 121","https://www.mixesdb.com/w/2011-10-01_-_Dr_Hoffmann,_Luke_Slater_(London)_-_Blind_Spot_121","Luke Slater @ A Secret Location, London",2,,O/V/R,Post-Traumatic Son (Ben Klock Techno Mix),O/V/R - Post-Traumatic Son (Ben Klock Techno Mix)
"2011-10-01 - Dr Hoffmann, Luke Slater (London) - Blind Spot 121","https://www.mixesdb.com/w/2011-10-01_-_Dr_Hoffmann,_Luke_Slater_(London)_-_Blind_Spot_121","Luke Slater @ A Secret Location, London",3,,Shifted,Untitled B2 [AVN001],Shifted - Untitled B2 [AVN001]
"2011-10-01 - Dr Hoffmann, Luke Slater (London) - Blind Spot 121","https://www.mixesdb.com/w/2011-10-01_-_Dr_Hoffmann,_Luke_Slater_(London)_-_Blind_Spot_121","Luke Slater @ A Secret Location, London",4,,,?,?
"2011-10-01 - Dr Hoffmann, Luke Slater (London) - Blind Spot 121","https://www.mixesdb.com/w/2011-10-01_-_Dr_Hoffmann,_Luke_Slater_(London)_-_Blind_Spot_121","Luke Slater @ A Secret Location, London",5,,Deuce,Cue Ed,Deuce - Cue Ed
"2011-10-01 - Dr Hoffmann, Luke Slater (London) - Blind Spot 121","https://www.mixesdb.com/w/2011-10-01_-_Dr_Hoffmann,_Luke_Slater_(London)_-_Blind_Spot_121","Luke Slater @ A Secret Location, London",6,,Planetary Assault Systems,Wriss,Planetary Assault Systems - Wriss
"2011-10-01 - Dr Hoffmann, Luke Slater (London) - Blind Spot 121","https://www.mixesdb.com/w/2011-10-01_-_Dr_Hoffmann,_Luke_Slater_(London)_-_Blind_Spot_121","Luke Slater @ A Secret Location, London",7,,Planetary Assault Systems,Function 4,Planetary Assault Systems - Function 4
"2011-10-01 - Dr Hoffmann, Luke Slater (London) - Blind Spot 121","https://www.mixesdb.com/w/2011-10-01_-_Dr_Hoffmann,_Luke_Slater_(London)_-_Blind_Spot_121","Luke Slater @ A Secret Location, London",8,,Gary Beck,Egoist,Gary Beck - Egoist
"2011-10-01 - Dr Hoffmann, Luke Slater (London) - Blind Spot 121","https://www.mixesdb.com/w/2011-10-01_-_Dr_Hoffmann,_Luke_Slater_(London)_-_Blind_Spot_121","Luke Slater @ A Secret Location, London",9,,Planetary Assault Systems,Bell Blocker,Planetary Assault Systems - Bell Blocker
"2011-10-01 - Dr Hoffmann, Luke Slater (London) - Blind Spot 121","https://www.mixesdb.com/w/2011-10-01_-_Dr_Hoffmann,_Luke_Slater_(London)_-_Blind_Spot_121","Luke Slater @ A Secret Location, London",10,,Marcel Fengler,Thwack (P.A.S Remix),Marcel Fengler - Thwack (P.A.S Remix)
"2011-10-01 - Dr Hoffmann, Luke Slater (London) - Blind Spot 121","https://www.mixesdb.com/w/2011-10-01_-_Dr_Hoffmann,_Luke_Slater_(London)_-_Blind_Spot_121","Luke Slater @ A Secret Location, London",11,,,?,?
"2011-10-01 - Dr Hoffmann, Luke Slater (London) - Blind Spot 121","https://www.mixesdb.com/w/2011-10-01_-_Dr_Hoffmann,_Luke_Slater_(London)_-_Blind_Spot_121","Luke Slater @ A Secret Location, London",12,,,?,?
"2011-10-01 - Dr Hoffmann, Luke Slater (London) - Blind Spot 121","https://www.mixesdb.com/w/2011-10-01_-_Dr_Hoffmann,_Luke_Slater_(London)_-_Blind_Spot_121","Luke Slater @ A Secret Location, London",13,,,?,?
"2011-10-01 - Dr Hoffmann, Luke Slater (London) - Blind Spot 121","https://www.mixesdb.com/w/2011-10-01_-_Dr_Hoffmann,_Luke_Slater_(London)_-_Blind_Spot_121","Luke Slater @ A Secret Location, London",14,,,?,?
"2011-10-01 - Dr Hoffmann, Luke Slater (London) - Blind Spot 121","https://www.mixesdb.com/w/2011-10-01_-_Dr_Hoffmann,_Luke_Slater_(London)_-_Blind_Spot_121","Luke Slater @ A Secret Location, London",15,,,?,?
"2011-10-01 - Dr Hoffmann, Luke Slater (London) - Blind Spot 121","https://www.mixesdb.com/w/2011-10-01_-_Dr_Hoffmann,_Luke_Slater_(London)_-_Blind_Spot_121","Luke Slater @ A Secret Location, London",16,,Marcel Dettmann,Translation One,Marcel Dettmann - Translation One
"2011-10-01 - Dr Hoffmann, Luke Slater (London) - Blind Spot 121","https://www.mixesdb.com/w/2011-10-01_-_Dr_Hoffmann,_Luke_Slater_(London)_-_Blind_Spot_121","Luke Slater @ A Secret Location, London",17,,Planetary Assault Systems,Rip The Cut,Planetary Assault Systems - Rip The Cut
"2011-10-01 - Dr Hoffmann, Luke Slater (London) - Blind Spot 121","https://www.mixesdb.com/w/2011-10-01_-_Dr_Hoffmann,_Luke_Slater_(London)_-_Blind_Spot_121","Luke Slater @ A Secret Location, London",18,,Planetary Assault Systems,Cold Bolster,Planetary Assault Systems - Cold Bolster
"2011-10-01 - Dr Hoffmann, Luke Slater (London) - Blind Spot 121","https://www.mixesdb.com/w/2011-10-01_-_Dr_Hoffmann,_Luke_Slater_(London)_-_Blind_Spot_121","Luke Slater @ A Secret Location, London",19,,Mike Parker,Subterranean Liquid,Mike Parker - Subterranean Liquid
"2011-10-01 - Dr Hoffmann, Luke Slater (London) - Blind Spot 121","https://www.mixesdb.com/w/2011-10-01_-_Dr_Hoffmann,_Luke_Slater_(London)_-_Blind_Spot_121","Luke Slater @ A Secret Location, London",20,,,?,?
"2011-10-01 - Dr Hoffmann, Luke Slater (London) - Blind Spot 121","https://www.mixesdb.com/w/2011-10-01_-_Dr_Hoffmann,_Luke_Slater_(London)_-_Blind_Spot_121","Luke Slater @ A Secret Location, London",21,,,?,?
"2011-10-01 - Dr Hoffmann, Luke Slater (London) - Blind Spot 121","https://www.mixesdb.com/w/2011-10-01_-_Dr_Hoffmann,_Luke_Slater_(London)_-_Blind_Spot_121","Luke Slater @ A Secret Location, London",22,,Mark Broom & James Ruskin,Black Lines,Mark Broom & James Ruskin - Black Lines
"2011-10-01 - Dr Hoffmann, Luke Slater (London) - Blind Spot 121","https://www.mixesdb.com/w/2011-10-01_-_Dr_Hoffmann,_Luke_Slater_(London)_-_Blind_Spot_121","Luke Slater @ A Secret Location, London",23,,Planetary Assault Systems,Raid,Planetary Assault Systems - Raid
"2007-04-28 - Luke Slater @ Montini, Sint-Truiden, Belgium","https://www.mixesdb.com/w/2007-04-28_-_Luke_Slater_@_Montini,_Sint-Truiden,_Belgium",,1,000,,?,?
"2007-04-28 - Luke Slater @ Montini, Sint-Truiden, Belgium","https://www.mixesdb.com/w/2007-04-28_-_Luke_Slater_@_Montini,_Sint-Truiden,_Belgium",,2,006,Rino Cerrone & Alessandro Aspide,Meteor It,Rino Cerrone & Alessandro Aspide - Meteor It
"2007-04-28 - Luke Slater @ Montini, Sint-Truiden, Belgium","https://www.mixesdb.com/w/2007-04-28_-_Luke_Slater_@_Montini,_Sint-Truiden,_Belgium",,3,009,Marcel Dettmann,Quicksand,Marcel Dettmann - Quicksand
"2007-04-28 - Luke Slater @ Montini, Sint-Truiden, Belgium","https://www.mixesdb.com/w/2007-04-28_-_Luke_Slater_@_Montini,_Sint-Truiden,_Belgium",,4,013,Wighnomy Brothers,Tiir,Wighnomy Brothers - Tiir
"2007-04-28 - Luke Slater @ Montini, Sint-Truiden, Belgium","https://www.mixesdb.com/w/2007-04-28_-_Luke_Slater_@_Montini,_Sint-Truiden,_Belgium",,5,017,Patrice Bäumel,Just Electricity,Patrice Bäumel - Just Electricity
"2007-04-28 - Luke Slater @ Montini, Sint-Truiden, Belgium","https://www.mixesdb.com/w/2007-04-28_-_Luke_Slater_@_Montini,_Sint-Truiden,_Belgium",,6,020,Lazy Fat People,Pixel Girl (Carl Craig Mix),Lazy Fat People - Pixel Girl (Carl Craig Mix)
"2007-04-28 - Luke Slater @ Montini, Sint-Truiden, Belgium","https://www.mixesdb.com/w/2007-04-28_-_Luke_Slater_@_Montini,_Sint-Truiden,_Belgium",,7,023,Nic Fanciulli,Lucky Heather,Nic Fanciulli - Lucky Heather
"2007-04-28 - Luke Slater @ Montini, Sint-Truiden, Belgium","https://www.mixesdb.com/w/2007-04-28_-_Luke_Slater_@_Montini,_Sint-Truiden,_Belgium",,8,029,A-J-Scent,Sleaze Me Off (Vocal Mix),A-J-Scent - Sleaze Me Off (Vocal Mix)
"2007-04-28 - Luke Slater @ Montini, Sint-Truiden, Belgium","https://www.mixesdb.com/w/2007-04-28_-_Luke_Slater_@_Montini,_Sint-Truiden,_Belgium",,9,032,Dizko Toaster,Toast Hawaii (Remute Remix),Dizko Toaster - Toast Hawaii (Remute Remix)
"2007-04-28 - Luke Slater @ Montini, Sint-Truiden, Belgium","https://www.mixesdb.com/w/2007-04-28_-_Luke_Slater_@_Montini,_Sint-Truiden,_Belgium",,10,036,Amo _ Navas _ D-Nox & Beckers,Memory Cell (Nick & Danny Chatelain Remix),Amo _ Navas _ D-Nox & Beckers - Memory Cell (Nick & Danny Chatelain Remix)
"2007-04-28 - Luke Slater @ Montini, Sint-Truiden, Belgium","https://www.mixesdb.com/w/2007-04-28_-_Luke_Slater_@_Montini,_Sint-Truiden,_Belgium",,11,039,Lexi,Liquid Love (Digital Spank Mix),Lexi - Liquid Love (Digital Spank Mix)
"2007-04-28 - Luke Slater @ Montini, Sint-Truiden, Belgium","https://www.mixesdb.com/w/2007-04-28_-_Luke_Slater_@_Montini,_Sint-Truiden,_Belgium",,12,043,The Rapture,W.A.Y.U.H. (Whoo! Alright - Yeah ... Uh Huh) People Don't Dance No More (Instrumental),The Rapture - W.A.Y.U.H. (Whoo! Alright - Yeah ... Uh Huh) People Don't Dance No More (Instrumental)
"2007-04-28 - Luke Slater @ Montini, Sint-Truiden, Belgium","https://www.mixesdb.com/w/2007-04-28_-_Luke_Slater_@_Montini,_Sint-Truiden,_Belgium",,13,047,Andrew Weatherall,You Cannot Disco Without A Strat,Andrew Weatherall - You Cannot Disco Without A Strat
"2007-04-28 - Luke Slater @ Montini, Sint-Truiden, Belgium","https://www.mixesdb.com/w/2007-04-28_-_Luke_Slater_@_Montini,_Sint-Truiden,_Belgium",,14,048,Savas Pascalidis & Remute,Lies,Savas Pascalidis & Remute - Lies
"2007-04-28 - Luke Slater @ Montini, Sint-Truiden, Belgium","https://www.mixesdb.com/w/2007-04-28_-_Luke_Slater_@_Montini,_Sint-Truiden,_Belgium",,15,050,,?,?
"2007-04-28 - Luke Slater @ Montini, Sint-Truiden, Belgium","https://www.mixesdb.com/w/2007-04-28_-_Luke_Slater_@_Montini,_Sint-Truiden,_Belgium",,16,054,The Futureheads,Worry About It Later (Switch Remix),The Futureheads - Worry About It Later (Switch Remix)
"2007-04-28 - Luke Slater @ Montini, Sint-Truiden, Belgium","https://www.mixesdb.com/w/2007-04-28_-_Luke_Slater_@_Montini,_Sint-Truiden,_Belgium",,17,058,Len Faki,My Black Sheep,Len Faki - My Black Sheep
"2007-04-28 - Luke Slater @ Montini, Sint-Truiden, Belgium","https://www.mixesdb.com/w/2007-04-28_-_Luke_Slater_@_Montini,_Sint-Truiden,_Belgium",,18,062,Planetary Assault Systems,GT (James Ruskin's VW Remix),Planetary Assault Systems - GT (James Ruskin's VW Remix)
"2007-04-28 - Luke Slater @ Montini, Sint-Truiden, Belgium","https://www.mixesdb.com/w/2007-04-28_-_Luke_Slater_@_Montini,_Sint-Truiden,_Belgium",,19,065,Jeff Mills,Skin Deep,Jeff Mills - Skin Deep
"2007-04-28 - Luke Slater @ Montini, Sint-Truiden, Belgium","https://www.mixesdb.com/w/2007-04-28_-_Luke_Slater_@_Montini,_Sint-Truiden,_Belgium",,20,068,,?,?
"2007-04-28 - Luke Slater @ Montini, Sint-Truiden, Belgium","https://www.mixesdb.com/w/2007-04-28_-_Luke_Slater_@_Montini,_Sint-Truiden,_Belgium",,21,069,Renato Cohen,Bad Climax,Renato Cohen - Bad Climax
"2007-04-28 - Luke Slater @ Montini, Sint-Truiden, Belgium","https://www.mixesdb.com/w/2007-04-28_-_Luke_Slater_@_Montini,_Sint-Truiden,_Belgium",,22,073,Donna Summer,I Feel Love (Glenn Underground Remix),Donna Summer - I Feel Love (Glenn Underground Remix)
"2007-04-28 - Luke Slater @ Montini, Sint-Truiden, Belgium","https://www.mixesdb.com/w/2007-04-28_-_Luke_Slater_@_Montini,_Sint-Truiden,_Belgium",,23,075,Hertz,Big Bang (Bryan Cox Remix) (Sway Sweden - SWAYREMIX 4),Hertz - Big Bang (Bryan Cox Remix) (Sway Sweden - SWAYREMIX 4)
"2007-04-28 - Luke Slater @ Montini, Sint-Truiden, Belgium","https://www.mixesdb.com/w/2007-04-28_-_Luke_Slater_@_Montini,_Sint-Truiden,_Belgium",,24,078,,?,?
"2007-04-28 - Luke Slater @ Montini, Sint-Truiden, Belgium","https://www.mixesdb.com/w/2007-04-28_-_Luke_Slater_@_Montini,_Sint-Truiden,_Belgium",,25,083,Pedro Delgardo,Dialect,Pedro Delgardo - Dialect
"2007-04-28 - Luke Slater @ Montini, Sint-Truiden, Belgium","https://www.mixesdb.com/w/2007-04-28_-_Luke_Slater_@_Montini,_Sint-Truiden,_Belgium",,26,085,,?,?
"2007-04-28 - Luke Slater @ Montini, Sint-Truiden, Belgium","https://www.mixesdb.com/w/2007-04-28_-_Luke_Slater_@_Montini,_Sint-Truiden,_Belgium",,27,087,,?,?
"2007-04-28 - Luke Slater @ Montini, Sint-Truiden, Belgium","https://www.mixesdb.com/w/2007-04-28_-_Luke_Slater_@_Montini,_Sint-Truiden,_Belgium",,28,090,,? bassline resembles blue monday,? bassline resembles blue monday
"2007-04-28 - Luke Slater @ Montini, Sint-Truiden, Belgium","https://www.mixesdb.com/w/2007-04-28_-_Luke_Slater_@_Montini,_Sint-Truiden,_Belgium",,29,096,The Rapture,House Of Jealous Of Lovers,The Rapture - House Of Jealous Of Lovers
"2007-04-28 - Luke Slater @ Montini, Sint-Truiden, Belgium","https://www.mixesdb.com/w/2007-04-28_-_Luke_Slater_@_Montini,_Sint-Truiden,_Belgium",,30,098,The Juan MacLean,Love Is In The Air (Mock & Toof Remix),The Juan MacLean - Love Is In The Air (Mock & Toof Remix)
"2007-04-28 - Luke Slater @ Montini, Sint-Truiden, Belgium","https://www.mixesdb.com/w/2007-04-28_-_Luke_Slater_@_Montini,_Sint-Truiden,_Belgium",,31,102,Jesse Rose,Didn't I (Audion Remix),Jesse Rose - Didn't I (Audion Remix)
"2007-04-28 - Luke Slater @ Montini, Sint-Truiden, Belgium","https://www.mixesdb.com/w/2007-04-28_-_Luke_Slater_@_Montini,_Sint-Truiden,_Belgium",,32,104,Adam Proll,Hummel,Adam Proll - Hummel
"2007-04-28 - Luke Slater @ Montini, Sint-Truiden, Belgium","https://www.mixesdb.com/w/2007-04-28_-_Luke_Slater_@_Montini,_Sint-Truiden,_Belgium",,33,107,,? shazam says lobotomize (no artist given) / this / https://www.discogs.com/release/305933-Dr-Jacobs-Lobotomize,? shazam says lobotomize (no artist given) / this / https://www.discogs.com/release/305933-Dr-Jacobs-Lobotomize
"2007-04-28 - Luke Slater @ Montini, Sint-Truiden, Belgium","https://www.mixesdb.com/w/2007-04-28_-_Luke_Slater_@_Montini,_Sint-Truiden,_Belgium",,34,109,,+ ? static discharge is another track while 107 is backflipped,+ ? static discharge is another track while 107 is backflipped
1993-11-11 - Luke Slater @ Maybank Festival,https://www.mixesdb.com/w/1993-11-11_-_Luke_Slater_@_Maybank_Festival,,1,00:00,Mindscape,Plasma [ESP - 9135-1],Mindscape - Plasma [ESP - 9135-1]
1993-11-11 - Luke Slater @ Maybank Festival,https://www.mixesdb.com/w/1993-11-11_-_Luke_Slater_@_Maybank_Festival,,2,02:26,Cyberchrist,Tell Me Why [Mono Tone - Mono-013],Cyberchrist - Tell Me Why [Mono Tone - Mono-013]
1993-11-11 - Luke Slater @ Maybank Festival,https://www.mixesdb.com/w/1993-11-11_-_Luke_Slater_@_Maybank_Festival,,3,05:14,Koenig Cylinders,99.9 [IST - 002],Koenig Cylinders - 99.9 [IST - 002]
1993-11-11 - Luke Slater @ Maybank Festival,https://www.mixesdb.com/w/1993-11-11_-_Luke_Slater_@_Maybank_Festival,,4,08:22,Phuture Wax II,Bone Crash [Influence - IR 011-12],Phuture Wax II - Bone Crash [Influence - IR 011-12]
1993-11-11 - Luke Slater @ Maybank Festival,https://www.mixesdb.com/w/1993-11-11_-_Luke_Slater_@_Maybank_Festival,,5,10:55,Koenig Cylinders,Carousel [IST - 002],Koenig Cylinders - Carousel [IST - 002]
1993-11-11 - Luke Slater @ Maybank Festival,https://www.mixesdb.com/w/1993-11-11_-_Luke_Slater_@_Maybank_Festival,,6,13:31,Mazdaratti,E.O.D. [Telepathic - PSI 003],Mazdaratti - E.O.D. [Telepathic - PSI 003]
1993-11-11 - Luke Slater @ Maybank Festival,https://www.mixesdb.com/w/1993-11-11_-_Luke_Slater_@_Maybank_Festival,,7,16:01,Jeff Mills,The Hacker [Tresor - 11],Jeff Mills - The Hacker [Tresor - 11]
1993-11-11 - Luke Slater @ Maybank Festival,https://www.mixesdb.com/w/1993-11-11_-_Luke_Slater_@_Maybank_Festival,,8,18:31,Mike Ink & Walker,Bewarehouse [Structure - Struc-Thirteen],Mike Ink & Walker - Bewarehouse [Structure - Struc-Thirteen]
1993-11-11 - Luke Slater @ Maybank Festival,https://www.mixesdb.com/w/1993-11-11_-_Luke_Slater_@_Maybank_Festival,,9,21:10,+ Spectral Emotions,Pinhead [Labworks Germany - LAB 16],+ Spectral Emotions - Pinhead [Labworks Germany - LAB 16]
1993-11-11 - Luke Slater @ Maybank Festival,https://www.mixesdb.com/w/1993-11-11_-_Luke_Slater_@_Maybank_Festival,,10,23:10,Spectral Emotions,Closer [Labworks Germany - LAB 16],Spectral Emotions - Closer [Labworks Germany - LAB 16]
1993-11-11 - Luke Slater @ Maybank Festival,https://www.mixesdb.com/w/1993-11-11_-_Luke_Slater_@_Maybank_Festival,,11,24:54,Millsart,Step To Enchantment (Stringent) [Axis - AX 004],Millsart - Step To Enchantment (Stringent) [Axis - AX 004]
1993-11-11 - Luke Slater @ Maybank Festival,https://www.mixesdb.com/w/1993-11-11_-_Luke_Slater_@_Maybank_Festival,,12,26:29,Dan Curtin,Envision [Metamorphic - MET0S120],Dan Curtin - Envision [Metamorphic - MET0S120]
1993-11-11 - Luke Slater @ Maybank Festival,https://www.mixesdb.com/w/1993-11-11_-_Luke_Slater_@_Maybank_Festival,,13,29:27,The Martian,Star Dancer [Red Planet - RP 2],The Martian - Star Dancer [Red Planet - RP 2]
1993-11-11 - Luke Slater @ Maybank Festival,https://www.mixesdb.com/w/1993-11-11_-_Luke_Slater_@_Maybank_Festival,,14,33:15,Jeff Mills,Phase 4 [Tresor - 11],Jeff Mills - Phase 4 [Tresor - 11]
1993-11-11 - Luke Slater @ Maybank Festival,https://www.mixesdb.com/w/1993-11-11_-_Luke_Slater_@_Maybank_Festival,,15,35:11,X-Crash,Executioner [Direct Drive - DDR 010],X-Crash - Executioner [Direct Drive - DDR 010]
1993-11-11 - Luke Slater @ Maybank Festival,https://www.mixesdb.com/w/1993-11-11_-_Luke_Slater_@_Maybank_Festival,,16,37:24,Mind Candy,Feelin' Unnecessary [Industrial Strength - IS013],Mind Candy - Feelin' Unnecessary [Industrial Strength - IS013]
1993-11-11 - Luke Slater @ Maybank Festival,https://www.mixesdb.com/w/1993-11-11_-_Luke_Slater_@_Maybank_Festival,,17,39:18,Roland Casper,Stuzzicadenti [Structure - Struc-Ten],Roland Casper - Stuzzicadenti [Structure - Struc-Ten]
1993-11-11 - Luke Slater @ Maybank Festival,https://www.mixesdb.com/w/1993-11-11_-_Luke_Slater_@_Maybank_Festival,,18,41:53,Walker,Interference 303 [Communism - COM 2],Walker - Interference 303 [Communism - COM 2]
1993-11-11 - Luke Slater @ Maybank Festival,https://www.mixesdb.com/w/1993-11-11_-_Luke_Slater_@_Maybank_Festival,,19,44:39,Mindscape,Orange Sunshine [ESP - 9135-1],Mindscape - Orange Sunshine [ESP - 9135-1]
1993-11-11 - Luke Slater @ Maybank Festival,https://www.mixesdb.com/w/1993-11-11_-_Luke_Slater_@_Maybank_Festival,,20,48:16,S Bicknell,Track 4 (B2) [Cosmic - COS 001],S Bicknell - Track 4 (B2) [Cosmic - COS 001]
1993-11-11 - Luke Slater @ Maybank Festival,https://www.mixesdb.com/w/1993-11-11_-_Luke_Slater_@_Maybank_Festival,,21,50:48,Psilocybin,Delicate Substance [Delirium - DEL 00292],Psilocybin - Delicate Substance [Delirium - DEL 00292]
1993-11-11 - Luke Slater @ Maybank Festival,https://www.mixesdb.com/w/1993-11-11_-_Luke_Slater_@_Maybank_Festival,,22,53:31,3 Phase,Current 1 [NovaMute - NoMu 14],3 Phase - Current 1 [NovaMute - NoMu 14]
1993-11-11 - Luke Slater @ Maybank Festival,https://www.mixesdb.com/w/1993-11-11_-_Luke_Slater_@_Maybank_Festival,,23,57:00,Jeff Mills,Jerical [Tresor - 11],Jeff Mills - Jerical [Tresor - 11]
1993-11-11 - Luke Slater @ Maybank Festival,https://www.mixesdb.com/w/1993-11-11_-_Luke_Slater_@_Maybank_Festival,,24,59:51,PTV,Halcyon [Telepathic - PSI 001],PTV - Halcyon [Telepathic - PSI 001]
1993-11-11 - Luke Slater @ Maybank Festival,https://www.mixesdb.com/w/1993-11-11_-_Luke_Slater_@_Maybank_Festival,,25,63:04,Mazdaratti,Excelsior [Telepathic - PSI 003],Mazdaratti - Excelsior [Telepathic - PSI 003]
1993-11-11 - Luke Slater @ Maybank Festival,https://www.mixesdb.com/w/1993-11-11_-_Luke_Slater_@_Maybank_Festival,,26,64:07,Distortion Bastardz,Untitled (Bullet Proofed Split EP) (A1) [Super Special Corp. - SS6],Distortion Bastardz - Untitled (Bullet Proofed Split EP) (A1) [Super Special Corp. - SS6]
1993-11-11 - Luke Slater @ Maybank Festival,https://www.mixesdb.com/w/1993-11-11_-_Luke_Slater_@_Maybank_Festival,,27,66:06,Vapourspace,Gravitational Arch Of 10 [Plus 8 - Plus8023],Vapourspace - Gravitational Arch Of 10 [Plus 8 - Plus8023]
1993-11-11 - Luke Slater @ Maybank Festival,https://www.mixesdb.com/w/1993-11-11_-_Luke_Slater_@_Maybank_Festival,,28,71:07,Circuit Breaker,Trac-K [Probe - PRO 10],Circuit Breaker - Trac-K [Probe - PRO 10]
1993-11-11 - Luke Slater @ Maybank Festival,https://www.mixesdb.com/w/1993-11-11_-_Luke_Slater_@_Maybank_Festival,,29,74:01,Mike Ink & Walker,Church Of The Poison Mind [Structure - Struc-Thirteen],Mike Ink & Walker - Church Of The Poison Mind [Structure - Struc-Thirteen]
1993-11-11 - Luke Slater @ Maybank Festival,https://www.mixesdb.com/w/1993-11-11_-_Luke_Slater_@_Maybank_Festival,,30,75:48,Walker & Jammin' Unit,Planet Of Love Part I [Structure - Struc-Nine],Walker & Jammin' Unit - Planet Of Love Part I [Structure - Struc-Nine]
1993-11-11 - Luke Slater @ Maybank Festival,https://www.mixesdb.com/w/1993-11-11_-_Luke_Slater_@_Maybank_Festival,,31,78:14,Mystic Institute,QA-752L-P (Reload Remix) [Evolution - EVO006],Mystic Institute - QA-752L-P (Reload Remix) [Evolution - EVO006]
1993-11-11 - Luke Slater @ Maybank Festival,https://www.mixesdb.com/w/1993-11-11_-_Luke_Slater_@_Maybank_Festival,,32,80:35,Tretek,Born Again [Death - DTH 003],Tretek - Born Again [Death - DTH 003]
1993-11-11 - Luke Slater @ Maybank Festival,https://www.mixesdb.com/w/1993-11-11_-_Luke_Slater_@_Maybank_Festival,,33,83:38,Vainqueur,Lyot (Maurizio Mix) [Maurizio - M-2],Vainqueur - Lyot (Maurizio Mix) [Maurizio - M-2]
1993-11-11 - Luke Slater @ Maybank Festival,https://www.mixesdb.com/w/1993-11-11_-_Luke_Slater_@_Maybank_Festival,,34,86:45,The Suburban Knight,Infra Red Spectrum [Underground Resistance - UR-011],The Suburban Knight - Infra Red Spectrum [Underground Resistance - UR-011]
"2024-12-14 - Chris Liebing b2b Luke Slater @ Boiler Room, Expo XXI, Warsaw","https://www.mixesdb.com/w/2024-12-14_-_Chris_Liebing_b2b_Luke_Slater_@_Boiler_Room,_Expo_XXI,_Warsaw",,1,00,,?,?
"2024-12-14 - Chris Liebing b2b Luke Slater @ Boiler Room, Expo XXI, Warsaw","https://www.mixesdb.com/w/2024-12-14_-_Chris_Liebing_b2b_Luke_Slater_@_Boiler_Room,_Expo_XXI,_Warsaw",,2,05,LSD,Process 1 [Ostgut Ton],LSD - Process 1 [Ostgut Ton]
"2024-12-14 - Chris Liebing b2b Luke Slater @ Boiler Room, Expo XXI, Warsaw","https://www.mixesdb.com/w/2024-12-14_-_Chris_Liebing_b2b_Luke_Slater_@_Boiler_Room,_Expo_XXI,_Warsaw",,3,10,DEAS,Maniac [CLR],DEAS - Maniac [CLR]
"2024-12-14 - Chris Liebing b2b Luke Slater @ Boiler Room, Expo XXI, Warsaw","https://www.mixesdb.com/w/2024-12-14_-_Chris_Liebing_b2b_Luke_Slater_@_Boiler_Room,_Expo_XXI,_Warsaw",,4,14,Planetary Assault Systems,Surface Noise [Peacefrog],Planetary Assault Systems - Surface Noise [Peacefrog]
"2024-12-14 - Chris Liebing b2b Luke Slater @ Boiler Room, Expo XXI, Warsaw","https://www.mixesdb.com/w/2024-12-14_-_Chris_Liebing_b2b_Luke_Slater_@_Boiler_Room,_Expo_XXI,_Warsaw",,5,16,Planetary Assault Systems,Engage Now To Surface (Luke Slater Reassembly),Planetary Assault Systems - Engage Now To Surface (Luke Slater Reassembly)
"2024-12-14 - Chris Liebing b2b Luke Slater @ Boiler Room, Expo XXI, Warsaw","https://www.mixesdb.com/w/2024-12-14_-_Chris_Liebing_b2b_Luke_Slater_@_Boiler_Room,_Expo_XXI,_Warsaw",,6,19,Bjoern Torwellen,Fear Of The Unknown [CLR],Bjoern Torwellen - Fear Of The Unknown [CLR]
"2024-12-14 - Chris Liebing b2b Luke Slater @ Boiler Room, Expo XXI, Warsaw","https://www.mixesdb.com/w/2024-12-14_-_Chris_Liebing_b2b_Luke_Slater_@_Boiler_Room,_Expo_XXI,_Warsaw",,7,23,,?,?
"2024-12-14 - Chris Liebing b2b Luke Slater @ Boiler Room, Expo XXI, Warsaw","https://www.mixesdb.com/w/2024-12-14_-_Chris_Liebing_b2b_Luke_Slater_@_Boiler_Room,_Expo_XXI,_Warsaw",,8,??,,?,?
"2024-12-14 - Chris Liebing b2b Luke Slater @ Boiler Room, Expo XXI, Warsaw","https://www.mixesdb.com/w/2024-12-14_-_Chris_Liebing_b2b_Luke_Slater_@_Boiler_Room,_Expo_XXI,_Warsaw",,9,??,,?,?
"2024-12-14 - Chris Liebing b2b Luke Slater @ Boiler Room, Expo XXI, Warsaw","https://www.mixesdb.com/w/2024-12-14_-_Chris_Liebing_b2b_Luke_Slater_@_Boiler_Room,_Expo_XXI,_Warsaw",,10,??,,?,?
"2024-12-14 - Chris Liebing b2b Luke Slater @ Boiler Room, Expo XXI, Warsaw","https://www.mixesdb.com/w/2024-12-14_-_Chris_Liebing_b2b_Luke_Slater_@_Boiler_Room,_Expo_XXI,_Warsaw",,11,??,,?,?
"2024-12-14 - Chris Liebing b2b Luke Slater @ Boiler Room, Expo XXI, Warsaw","https://www.mixesdb.com/w/2024-12-14_-_Chris_Liebing_b2b_Luke_Slater_@_Boiler_Room,_Expo_XXI,_Warsaw",,12,??,,?,?
"2024-12-14 - Chris Liebing b2b Luke Slater @ Boiler Room, Expo XXI, Warsaw","https://www.mixesdb.com/w/2024-12-14_-_Chris_Liebing_b2b_Luke_Slater_@_Boiler_Room,_Expo_XXI,_Warsaw",,13,??,,?,?
"2024-12-14 - Chris Liebing b2b Luke Slater @ Boiler Room, Expo XXI, Warsaw","https://www.mixesdb.com/w/2024-12-14_-_Chris_Liebing_b2b_Luke_Slater_@_Boiler_Room,_Expo_XXI,_Warsaw",,14,??,,?,?
"2024-12-14 - Chris Liebing b2b Luke Slater @ Boiler Room, Expo XXI, Warsaw","https://www.mixesdb.com/w/2024-12-14_-_Chris_Liebing_b2b_Luke_Slater_@_Boiler_Room,_Expo_XXI,_Warsaw",,15,44,Dubfire & Flug,Friction [CLR],Dubfire & Flug - Friction [CLR]
"2024-12-14 - Chris Liebing b2b Luke Slater @ Boiler Room, Expo XXI, Warsaw","https://www.mixesdb.com/w/2024-12-14_-_Chris_Liebing_b2b_Luke_Slater_@_Boiler_Room,_Expo_XXI,_Warsaw",,16,48,The Southern,B2Basic [CLR],The Southern - B2Basic [CLR]
"2024-12-14 - Chris Liebing b2b Luke Slater @ Boiler Room, Expo XXI, Warsaw","https://www.mixesdb.com/w/2024-12-14_-_Chris_Liebing_b2b_Luke_Slater_@_Boiler_Room,_Expo_XXI,_Warsaw",,17,51,1st Bass,Slam Me Down,1st Bass - Slam Me Down
"2024-12-14 - Chris Liebing b2b Luke Slater @ Boiler Room, Expo XXI, Warsaw","https://www.mixesdb.com/w/2024-12-14_-_Chris_Liebing_b2b_Luke_Slater_@_Boiler_Room,_Expo_XXI,_Warsaw",,18,??,,?,?
"2024-12-14 - Chris Liebing b2b Luke Slater @ Boiler Room, Expo XXI, Warsaw","https://www.mixesdb.com/w/2024-12-14_-_Chris_Liebing_b2b_Luke_Slater_@_Boiler_Room,_Expo_XXI,_Warsaw",,19,??,,?,?
"2024-12-14 - Chris Liebing b2b Luke Slater @ Boiler Room, Expo XXI, Warsaw","https://www.mixesdb.com/w/2024-12-14_-_Chris_Liebing_b2b_Luke_Slater_@_Boiler_Room,_Expo_XXI,_Warsaw",,20,62,Planetary Assault Systems,Rip The Keys (Luke Slater Reassembly) [Mote Evolver],Planetary Assault Systems - Rip The Keys (Luke Slater Reassembly) [Mote Evolver]
"2024-12-14 - Chris Liebing b2b Luke Slater @ Boiler Room, Expo XXI, Warsaw","https://www.mixesdb.com/w/2024-12-14_-_Chris_Liebing_b2b_Luke_Slater_@_Boiler_Room,_Expo_XXI,_Warsaw",,21,67,,?,?
"2024-12-14 - Chris Liebing b2b Luke Slater @ Boiler Room, Expo XXI, Warsaw","https://www.mixesdb.com/w/2024-12-14_-_Chris_Liebing_b2b_Luke_Slater_@_Boiler_Room,_Expo_XXI,_Warsaw",,22,??,,?,?
"2024-12-14 - Chris Liebing b2b Luke Slater @ Boiler Room, Expo XXI, Warsaw","https://www.mixesdb.com/w/2024-12-14_-_Chris_Liebing_b2b_Luke_Slater_@_Boiler_Room,_Expo_XXI,_Warsaw",,23,??,,?,?
"2024-12-14 - Chris Liebing b2b Luke Slater @ Boiler Room, Expo XXI, Warsaw","https://www.mixesdb.com/w/2024-12-14_-_Chris_Liebing_b2b_Luke_Slater_@_Boiler_Room,_Expo_XXI,_Warsaw",,24,??,,?,?
"2024-12-14 - Chris Liebing b2b Luke Slater @ Boiler Room, Expo XXI, Warsaw","https://www.mixesdb.com/w/2024-12-14_-_Chris_Liebing_b2b_Luke_Slater_@_Boiler_Room,_Expo_XXI,_Warsaw",,25,73,James Ruskin,Work (Steve Rachmad Remix) [Blueprint],James Ruskin - Work (Steve Rachmad Remix) [Blueprint]
"1994-08-27 - Luke Slater, Acid Kirk @ Subground Technology, PK Studio, Brussels","https://www.mixesdb.com/w/1994-08-27_-_Luke_Slater,_Acid_Kirk_@_Subground_Technology,_PK_Studio,_Brussels",Luke Slater,1,00,Planetary Assault Systems,Starway Ritual,Planetary Assault Systems - Starway Ritual
"1994-08-27 - Luke Slater, Acid Kirk @ Subground Technology, PK Studio, Brussels","https://www.mixesdb.com/w/1994-08-27_-_Luke_Slater,_Acid_Kirk_@_Subground_Technology,_PK_Studio,_Brussels",Luke Slater,2,02,Joey Beltram,The Start It Up,Joey Beltram - The Start It Up
"1994-08-27 - Luke Slater, Acid Kirk @ Subground Technology, PK Studio, Brussels","https://www.mixesdb.com/w/1994-08-27_-_Luke_Slater,_Acid_Kirk_@_Subground_Technology,_PK_Studio,_Brussels",Luke Slater,3,04,Planetary Assault Systems,React Interact,Planetary Assault Systems - React Interact
"1994-08-27 - Luke Slater, Acid Kirk @ Subground Technology, PK Studio, Brussels","https://www.mixesdb.com/w/1994-08-27_-_Luke_Slater,_Acid_Kirk_@_Subground_Technology,_PK_Studio,_Brussels",Luke Slater,4,07,S. Bicknell,Untitled (Dave Angel Remix),S. Bicknell - Untitled (Dave Angel Remix)
"1994-08-27 - Luke Slater, Acid Kirk @ Subground Technology, PK Studio, Brussels","https://www.mixesdb.com/w/1994-08-27_-_Luke_Slater,_Acid_Kirk_@_Subground_Technology,_PK_Studio,_Brussels",Luke Slater,5,11,Jeff Mills,Wrath Of The Punisher,Jeff Mills - Wrath Of The Punisher
"1994-08-27 - Luke Slater, Acid Kirk @ Subground Technology, PK Studio, Brussels","https://www.mixesdb.com/w/1994-08-27_-_Luke_Slater,_Acid_Kirk_@_Subground_Technology,_PK_Studio,_Brussels",Luke Slater,6,14,Subsonic 808,Ride Me,Subsonic 808 - Ride Me
"1994-08-27 - Luke Slater, Acid Kirk @ Subground Technology, PK Studio, Brussels","https://www.mixesdb.com/w/1994-08-27_-_Luke_Slater,_Acid_Kirk_@_Subground_Technology,_PK_Studio,_Brussels",Luke Slater,7,16,Jeff Mills,Condor To Mallorca,Jeff Mills - Condor To Mallorca
"1994-08-27 - Luke Slater, Acid Kirk @ Subground Technology, PK Studio, Brussels","https://www.mixesdb.com/w/1994-08-27_-_Luke_Slater,_Acid_Kirk_@_Subground_Technology,_PK_Studio,_Brussels",Luke Slater,8,18,L.S.G.,Fragile (Warped Remix),L.S.G. - Fragile (Warped Remix)
"1994-08-27 - Luke Slater, Acid Kirk @ Subground Technology, PK Studio, Brussels","https://www.mixesdb.com/w/1994-08-27_-_Luke_Slater,_Acid_Kirk_@_Subground_Technology,_PK_Studio,_Brussels",Luke Slater,9,22,,?,?
"1994-08-27 - Luke Slater, Acid Kirk @ Subground Technology, PK Studio, Brussels","https://www.mixesdb.com/w/1994-08-27_-_Luke_Slater,_Acid_Kirk_@_Subground_Technology,_PK_Studio,_Brussels",Luke Slater,10,24,,?,?
"1994-08-27 - Luke Slater, Acid Kirk @ Subground Technology, PK Studio, Brussels","https://www.mixesdb.com/w/1994-08-27_-_Luke_Slater,_Acid_Kirk_@_Subground_Technology,_PK_Studio,_Brussels",Luke Slater,11,27,Claude Young,Demento,Claude Young - Demento
"1994-08-27 - Luke Slater, Acid Kirk @ Subground Technology, PK Studio, Brussels","https://www.mixesdb.com/w/1994-08-27_-_Luke_Slater,_Acid_Kirk_@_Subground_Technology,_PK_Studio,_Brussels",Luke Slater,12,29,Manuel And Clive,Bounce Factor,Manuel And Clive - Bounce Factor
"1994-08-27 - Luke Slater, Acid Kirk @ Subground Technology, PK Studio, Brussels","https://www.mixesdb.com/w/1994-08-27_-_Luke_Slater,_Acid_Kirk_@_Subground_Technology,_PK_Studio,_Brussels",Luke Slater,13,31,Sound Enforcer,Re-Enforcement I,Sound Enforcer - Re-Enforcement I
"1994-08-27 - Luke Slater, Acid Kirk @ Subground Technology, PK Studio, Brussels","https://www.mixesdb.com/w/1994-08-27_-_Luke_Slater,_Acid_Kirk_@_Subground_Technology,_PK_Studio,_Brussels",Luke Slater,14,33,,?,?
"1994-08-27 - Luke Slater, Acid Kirk @ Subground Technology, PK Studio, Brussels","https://www.mixesdb.com/w/1994-08-27_-_Luke_Slater,_Acid_Kirk_@_Subground_Technology,_PK_Studio,_Brussels",Luke Slater,15,37,,?,?
"1994-08-27 - Luke Slater, Acid Kirk @ Subground Technology, PK Studio, Brussels","https://www.mixesdb.com/w/1994-08-27_-_Luke_Slater,_Acid_Kirk_@_Subground_Technology,_PK_Studio,_Brussels",Luke Slater,16,40,DB-X,Third Rail,DB-X - Third Rail
"1994-08-27 - Luke Slater, Acid Kirk @ Subground Technology, PK Studio, Brussels","https://www.mixesdb.com/w/1994-08-27_-_Luke_Slater,_Acid_Kirk_@_Subground_Technology,_PK_Studio,_Brussels",Luke Slater,17,44,Point Blank,Meng's Theme,Point Blank - Meng's Theme
"1994-08-27 - Luke Slater, Acid Kirk @ Subground Technology, PK Studio, Brussels","https://www.mixesdb.com/w/1994-08-27_-_Luke_Slater,_Acid_Kirk_@_Subground_Technology,_PK_Studio,_Brussels",Luke Slater,18,47,Drax,Phosphene,Drax - Phosphene
"1994-08-27 - Luke Slater, Acid Kirk @ Subground Technology, PK Studio, Brussels","https://www.mixesdb.com/w/1994-08-27_-_Luke_Slater,_Acid_Kirk_@_Subground_Technology,_PK_Studio,_Brussels",Luke Slater,19,50,Jeff Mills,Confidentials 1-4 B1,Jeff Mills - Confidentials 1-4 B1
"1994-08-27 - Luke Slater, Acid Kirk @ Subground Technology, PK Studio, Brussels","https://www.mixesdb.com/w/1994-08-27_-_Luke_Slater,_Acid_Kirk_@_Subground_Technology,_PK_Studio,_Brussels",Luke Slater,20,52,Jeff Mills,The Extremist (DNA Mix),Jeff Mills - The Extremist (DNA Mix)
"1994-08-27 - Luke Slater, Acid Kirk @ Subground Technology, PK Studio, Brussels","https://www.mixesdb.com/w/1994-08-27_-_Luke_Slater,_Acid_Kirk_@_Subground_Technology,_PK_Studio,_Brussels",Luke Slater,21,54,Morganistic,Leaf,Morganistic - Leaf
"1994-08-27 - Luke Slater, Acid Kirk @ Subground Technology, PK Studio, Brussels","https://www.mixesdb.com/w/1994-08-27_-_Luke_Slater,_Acid_Kirk_@_Subground_Technology,_PK_Studio,_Brussels",Luke Slater,22,56,69,Jam The Box (Heavyweight),69 - Jam The Box (Heavyweight)
"1994-08-27 - Luke Slater, Acid Kirk @ Subground Technology, PK Studio, Brussels","https://www.mixesdb.com/w/1994-08-27_-_Luke_Slater,_Acid_Kirk_@_Subground_Technology,_PK_Studio,_Brussels",Acid Kirk (Live),1,59,Psychonauts,Forbidden Planet,Psychonauts - Forbidden Planet
"1994-08-27 - Luke Slater, Acid Kirk @ Subground Technology, PK Studio, Brussels","https://www.mixesdb.com/w/1994-08-27_-_Luke_Slater,_Acid_Kirk_@_Subground_Technology,_PK_Studio,_Brussels",Acid Kirk (Live),2,60,,? <---,? <---
"1994-08-27 - Luke Slater, Acid Kirk @ Subground Technology, PK Studio, Brussels","https://www.mixesdb.com/w/1994-08-27_-_Luke_Slater,_Acid_Kirk_@_Subground_Technology,_PK_Studio,_Brussels",Acid Kirk (Live),3,??,,?,?
"1994-08-27 - Luke Slater, Acid Kirk @ Subground Technology, PK Studio, Brussels","https://www.mixesdb.com/w/1994-08-27_-_Luke_Slater,_Acid_Kirk_@_Subground_Technology,_PK_Studio,_Brussels",Acid Kirk (Live),4,69,Psychonauts,Acrylic Area,Psychonauts - Acrylic Area
"1994-08-27 - Luke Slater, Acid Kirk @ Subground Technology, PK Studio, Brussels","https://www.mixesdb.com/w/1994-08-27_-_Luke_Slater,_Acid_Kirk_@_Subground_Technology,_PK_Studio,_Brussels",Acid Kirk (Live),5,70,,?,?
"1994-08-27 - Luke Slater, Acid Kirk @ Subground Technology, PK Studio, Brussels","https://www.mixesdb.com/w/1994-08-27_-_Luke_Slater,_Acid_Kirk_@_Subground_Technology,_PK_Studio,_Brussels",Acid Kirk (Live),6,75,,?,?
"1994-08-27 - Luke Slater, Acid Kirk @ Subground Technology, PK Studio, Brussels","https://www.mixesdb.com/w/1994-08-27_-_Luke_Slater,_Acid_Kirk_@_Subground_Technology,_PK_Studio,_Brussels",Acid Kirk (Live),7,83,,?,?
"2003-11-22 - Luke Slater, Jesco Schuck @ Clubnight","https://www.mixesdb.com/w/2003-11-22_-_Luke_Slater,_Jesco_Schuck_@_Clubnight",Luke Slater,1,21:00,Luke Slater,Score One [Novamute - 12 NOMU 57],Luke Slater - Score One [Novamute - 12 NOMU 57]
"2003-11-22 - Luke Slater, Jesco Schuck @ Clubnight","https://www.mixesdb.com/w/2003-11-22_-_Luke_Slater,_Jesco_Schuck_@_Clubnight",Luke Slater,2,21:01,Renegade Soundwave,Biting My Nails [Mute - M PRO 7253],Renegade Soundwave - Biting My Nails [Mute - M PRO 7253]
"2003-11-22 - Luke Slater, Jesco Schuck @ Clubnight","https://www.mixesdb.com/w/2003-11-22_-_Luke_Slater,_Jesco_Schuck_@_Clubnight",Luke Slater,3,21:04,Traxster,Flashback #1 [Primate Endangered Species - APE 004],Traxster - Flashback #1 [Primate Endangered Species - APE 004]
"2003-11-22 - Luke Slater, Jesco Schuck @ Clubnight","https://www.mixesdb.com/w/2003-11-22_-_Luke_Slater,_Jesco_Schuck_@_Clubnight",Luke Slater,4,21:06,Stoned Baby,Microtek [Primevil - P021],Stoned Baby - Microtek [Primevil - P021]
"2003-11-22 - Luke Slater, Jesco Schuck @ Clubnight","https://www.mixesdb.com/w/2003-11-22_-_Luke_Slater,_Jesco_Schuck_@_Clubnight",Luke Slater,5,21:07,Jorge Zamacona,Fountain Of Blood [Ingoma - 12],Jorge Zamacona - Fountain Of Blood [Ingoma - 12]
"2003-11-22 - Luke Slater, Jesco Schuck @ Clubnight","https://www.mixesdb.com/w/2003-11-22_-_Luke_Slater,_Jesco_Schuck_@_Clubnight",Luke Slater,6,21:09,Club M.C.M.,Club M.C.M. (Steve Rachmad Remix) [Brave New World - 14],Club M.C.M. - Club M.C.M. (Steve Rachmad Remix) [Brave New World - 14]
"2003-11-22 - Luke Slater, Jesco Schuck @ Clubnight","https://www.mixesdb.com/w/2003-11-22_-_Luke_Slater,_Jesco_Schuck_@_Clubnight",Luke Slater,7,21:14,Co-Fusion,Wild World [Pro-Jex - PROX 029],Co-Fusion - Wild World [Pro-Jex - PROX 029]
"2003-11-22 - Luke Slater, Jesco Schuck @ Clubnight","https://www.mixesdb.com/w/2003-11-22_-_Luke_Slater,_Jesco_Schuck_@_Clubnight",Luke Slater,8,21:17,Danilo Vigorito,Appendix D (A1) [Southsoul Appendix - SUDAPPX 004],Danilo Vigorito - Appendix D (A1) [Southsoul Appendix - SUDAPPX 004]
"2003-11-22 - Luke Slater, Jesco Schuck @ Clubnight","https://www.mixesdb.com/w/2003-11-22_-_Luke_Slater,_Jesco_Schuck_@_Clubnight",Luke Slater,9,21:21,D' Wachman & HD Substance,Spider II [Atlas - 004],D' Wachman & HD Substance - Spider II [Atlas - 004]
"2003-11-22 - Luke Slater, Jesco Schuck @ Clubnight","https://www.mixesdb.com/w/2003-11-22_-_Luke_Slater,_Jesco_Schuck_@_Clubnight",Luke Slater,10,21:24,Los Tujlios,Zderange [Wetmusik - 014],Los Tujlios - Zderange [Wetmusik - 014]
"2003-11-22 - Luke Slater, Jesco Schuck @ Clubnight","https://www.mixesdb.com/w/2003-11-22_-_Luke_Slater,_Jesco_Schuck_@_Clubnight",Luke Slater,11,21:26,Jel Ford,Flaunt The Law [Tortured - PAIN 030],Jel Ford - Flaunt The Law [Tortured - PAIN 030]
"2003-11-22 - Luke Slater, Jesco Schuck @ Clubnight","https://www.mixesdb.com/w/2003-11-22_-_Luke_Slater,_Jesco_Schuck_@_Clubnight",Luke Slater,12,21:30,Jamie Bissmire,P.C.P. [Chancer - CHANCE-1],Jamie Bissmire - P.C.P. [Chancer - CHANCE-1]
"2003-11-22 - Luke Slater, Jesco Schuck @ Clubnight","https://www.mixesdb.com/w/2003-11-22_-_Luke_Slater,_Jesco_Schuck_@_Clubnight",Luke Slater,13,21:33,Benjamin Sturm & DJ Fengari,How A Bitch Gets Rich [Free - 013],Benjamin Sturm & DJ Fengari - How A Bitch Gets Rich [Free - 013]
"2003-11-22 - Luke Slater, Jesco Schuck @ Clubnight","https://www.mixesdb.com/w/2003-11-22_-_Luke_Slater,_Jesco_Schuck_@_Clubnight",Luke Slater,14,21:35,DJ Funk #1,Low Energy [Cosmic - COS 006],DJ Funk #1 - Low Energy [Cosmic - COS 006]
"2003-11-22 - Luke Slater, Jesco Schuck @ Clubnight","https://www.mixesdb.com/w/2003-11-22_-_Luke_Slater,_Jesco_Schuck_@_Clubnight",Luke Slater,15,21:38,DJ Tonio & David Carretta,My Telephone Is Dead [Error 404 - XX2],DJ Tonio & David Carretta - My Telephone Is Dead [Error 404 - XX2]
"2003-11-22 - Luke Slater, Jesco Schuck @ Clubnight","https://www.mixesdb.com/w/2003-11-22_-_Luke_Slater,_Jesco_Schuck_@_Clubnight",Luke Slater,16,21:42,Marco Bailey,Platinum [MB Elektronik - 010],Marco Bailey - Platinum [MB Elektronik - 010]
"2003-11-22 - Luke Slater, Jesco Schuck @ Clubnight","https://www.mixesdb.com/w/2003-11-22_-_Luke_Slater,_Jesco_Schuck_@_Clubnight",Luke Slater,17,21:44,Adam Jay,Premonition [Primevil - 037],Adam Jay - Premonition [Primevil - 037]
"2003-11-22 - Luke Slater, Jesco Schuck @ Clubnight","https://www.mixesdb.com/w/2003-11-22_-_Luke_Slater,_Jesco_Schuck_@_Clubnight",Luke Slater,18,21:49,Egyptian Empire,The Horn Track (Luke Slater's Khufu Remix) [Missile - 53],Egyptian Empire - The Horn Track (Luke Slater's Khufu Remix) [Missile - 53]
"2003-11-22 - Luke Slater, Jesco Schuck @ Clubnight","https://www.mixesdb.com/w/2003-11-22_-_Luke_Slater,_Jesco_Schuck_@_Clubnight",Luke Slater,19,21:54,The Rapture,House Of Jealous Lovers [Output - OPR DFA 001],The Rapture - House Of Jealous Lovers [Output - OPR DFA 001]
"2003-11-22 - Luke Slater, Jesco Schuck @ Clubnight","https://www.mixesdb.com/w/2003-11-22_-_Luke_Slater,_Jesco_Schuck_@_Clubnight",Luke Slater,20,21:57,Harald Klotzberg,Zonentrommler (DJ Boss 4×U Remix) [Collapse - 02],Harald Klotzberg - Zonentrommler (DJ Boss 4×U Remix) [Collapse - 02]
"2003-11-22 - Luke Slater, Jesco Schuck @ Clubnight","https://www.mixesdb.com/w/2003-11-22_-_Luke_Slater,_Jesco_Schuck_@_Clubnight",Luke Slater,21,21:59,Jeff Mills,L8 [Purpose Maker - 008],Jeff Mills - L8 [Purpose Maker - 008]
"2003-11-22 - Luke Slater, Jesco Schuck @ Clubnight","https://www.mixesdb.com/w/2003-11-22_-_Luke_Slater,_Jesco_Schuck_@_Clubnight",Luke Slater,22,22:02,Simon Digby,Fiesta Del Sol [Primevil - 044],Simon Digby - Fiesta Del Sol [Primevil - 044]
"2003-11-22 - Luke Slater, Jesco Schuck @ Clubnight","https://www.mixesdb.com/w/2003-11-22_-_Luke_Slater,_Jesco_Schuck_@_Clubnight",Luke Slater,23,22:03,Kraftwerk,Nummern [Kling Klang - 1 C 060-1 46379 6],Kraftwerk - Nummern [Kling Klang - 1 C 060-1 46379 6]
"2003-11-22 - Luke Slater, Jesco Schuck @ Clubnight","https://www.mixesdb.com/w/2003-11-22_-_Luke_Slater,_Jesco_Schuck_@_Clubnight",Luke Slater,24,22:07,Teknika,Digitalis [Sodium - 3],Teknika - Digitalis [Sodium - 3]
"2003-11-22 - Luke Slater, Jesco Schuck @ Clubnight","https://www.mixesdb.com/w/2003-11-22_-_Luke_Slater,_Jesco_Schuck_@_Clubnight",Luke Slater,25,22:11,Luke Slater,All Exhale [Novamute - 12 NOMU 79],Luke Slater - All Exhale [Novamute - 12 NOMU 79]
"2003-11-22 - Luke Slater, Jesco Schuck @ Clubnight","https://www.mixesdb.com/w/2003-11-22_-_Luke_Slater,_Jesco_Schuck_@_Clubnight",Luke Slater,26,22:17,Luke Slater,EDBD [Novamute - 12 NOMU 133],Luke Slater - EDBD [Novamute - 12 NOMU 133]
"2003-11-22 - Luke Slater, Jesco Schuck @ Clubnight","https://www.mixesdb.com/w/2003-11-22_-_Luke_Slater,_Jesco_Schuck_@_Clubnight",Luke Slater,27,22:22,Luke Slater,Nothing At All [Mute - P12 MUTE 261],Luke Slater - Nothing At All [Mute - P12 MUTE 261]
"2003-11-22 - Luke Slater, Jesco Schuck @ Clubnight","https://www.mixesdb.com/w/2003-11-22_-_Luke_Slater,_Jesco_Schuck_@_Clubnight",Luke Slater,28,22:26,Luke Slater,Love [Novamute - 12 NOMU 562],Luke Slater - Love [Novamute - 12 NOMU 562]
"2003-11-22 - Luke Slater, Jesco Schuck @ Clubnight","https://www.mixesdb.com/w/2003-11-22_-_Luke_Slater,_Jesco_Schuck_@_Clubnight",Luke Slater,29,22:32,John Starlight,Holy Vol.2 [Television - 07],John Starlight - Holy Vol.2 [Television - 07]
"2003-11-22 - Luke Slater, Jesco Schuck @ Clubnight","https://www.mixesdb.com/w/2003-11-22_-_Luke_Slater,_Jesco_Schuck_@_Clubnight",Luke Slater,30,22:36,Chris Vareland,Indian Voices [Primate - 029],Chris Vareland - Indian Voices [Primate - 029]
"2003-11-22 - Luke Slater, Jesco Schuck @ Clubnight","https://www.mixesdb.com/w/2003-11-22_-_Luke_Slater,_Jesco_Schuck_@_Clubnight",Luke Slater,31,22:39,Luke Slater,Intensity [Novamute - 12 NOMU 133],Luke Slater - Intensity [Novamute - 12 NOMU 133]
"2003-11-22 - Luke Slater, Jesco Schuck @ Clubnight","https://www.mixesdb.com/w/2003-11-22_-_Luke_Slater,_Jesco_Schuck_@_Clubnight",Luke Slater,32,22:44,T.Raumschmiere,Monstertruckdriver [Novamute - 12 NOMU 124],T.Raumschmiere - Monstertruckdriver [Novamute - 12 NOMU 124]
"2003-11-22 - Luke Slater, Jesco Schuck @ Clubnight","https://www.mixesdb.com/w/2003-11-22_-_Luke_Slater,_Jesco_Schuck_@_Clubnight",Luke Slater,33,22:46,Luke Slater,Traktion Action [Novamute - 12 NOMU 133],Luke Slater - Traktion Action [Novamute - 12 NOMU 133]
"2003-11-22 - Luke Slater, Jesco Schuck @ Clubnight","https://www.mixesdb.com/w/2003-11-22_-_Luke_Slater,_Jesco_Schuck_@_Clubnight",Jesco Schuck,1,22:58,LFO,Nurture [Warp - WAP 56R],LFO - Nurture [Warp - WAP 56R]
"2003-11-22 - Luke Slater, Jesco Schuck @ Clubnight","https://www.mixesdb.com/w/2003-11-22_-_Luke_Slater,_Jesco_Schuck_@_Clubnight",Jesco Schuck,2,23:02,Dub Kult,Stop The World [Arcola - 001],Dub Kult - Stop The World [Arcola - 001]
"2003-11-22 - Luke Slater, Jesco Schuck @ Clubnight","https://www.mixesdb.com/w/2003-11-22_-_Luke_Slater,_Jesco_Schuck_@_Clubnight",Jesco Schuck,3,23:07,Rino Cerrone,First Step [Isoghi - 3],Rino Cerrone - First Step [Isoghi - 3]
"2003-11-22 - Luke Slater, Jesco Schuck @ Clubnight","https://www.mixesdb.com/w/2003-11-22_-_Luke_Slater,_Jesco_Schuck_@_Clubnight",Jesco Schuck,4,23:11,Gadgets,Untitled (Tomie Nevada Remix) [On-Off - 6],Gadgets - Untitled (Tomie Nevada Remix) [On-Off - 6]
"2003-11-22 - Luke Slater, Jesco Schuck @ Clubnight","https://www.mixesdb.com/w/2003-11-22_-_Luke_Slater,_Jesco_Schuck_@_Clubnight",Jesco Schuck,5,23:15,Tomie Nevada,Breakout [Zenit - 15],Tomie Nevada - Breakout [Zenit - 15]
"2003-11-22 - Luke Slater, Jesco Schuck @ Clubnight","https://www.mixesdb.com/w/2003-11-22_-_Luke_Slater,_Jesco_Schuck_@_Clubnight",Jesco Schuck,6,23:17,The Advent,Missing Links [Kombination Research - 015],The Advent - Missing Links [Kombination Research - 015]
"2003-11-22 - Luke Slater, Jesco Schuck @ Clubnight","https://www.mixesdb.com/w/2003-11-22_-_Luke_Slater,_Jesco_Schuck_@_Clubnight",Jesco Schuck,7,23:31,Steve Bicknell,Karakter [Lost - 002],Steve Bicknell - Karakter [Lost - 002]
"2003-11-22 - Luke Slater, Jesco Schuck @ Clubnight","https://www.mixesdb.com/w/2003-11-22_-_Luke_Slater,_Jesco_Schuck_@_Clubnight",Jesco Schuck,8,23:24,Jel Ford,Distinctly Neapolitan (Marco Carola Remix) [Platform - 3],Jel Ford - Distinctly Neapolitan (Marco Carola Remix) [Platform - 3]
"2003-11-22 - Luke Slater, Jesco Schuck @ Clubnight","https://www.mixesdb.com/w/2003-11-22_-_Luke_Slater,_Jesco_Schuck_@_Clubnight",Jesco Schuck,9,23:28,The Advent,Save The World [Ekho Port - EP 001],The Advent - Save The World [Ekho Port - EP 001]
"2003-11-22 - Luke Slater, Jesco Schuck @ Clubnight","https://www.mixesdb.com/w/2003-11-22_-_Luke_Slater,_Jesco_Schuck_@_Clubnight",Jesco Schuck,10,23:33,Gaetano Parisio,Chapter Eight EP (A) [Southsoul - 008],Gaetano Parisio - Chapter Eight EP (A) [Southsoul - 008]
"2003-11-22 - Luke Slater, Jesco Schuck @ Clubnight","https://www.mixesdb.com/w/2003-11-22_-_Luke_Slater,_Jesco_Schuck_@_Clubnight",Jesco Schuck,11,23:37,Tomie Nevada,Next Exit [Zenit - 15],Tomie Nevada - Next Exit [Zenit - 15]
"2003-11-22 - Luke Slater, Jesco Schuck @ Clubnight","https://www.mixesdb.com/w/2003-11-22_-_Luke_Slater,_Jesco_Schuck_@_Clubnight",Jesco Schuck,12,23:42,Gaetano Parisio & Danilo Vigorito,Logica EP (B1) [Conform - 020],Gaetano Parisio & Danilo Vigorito - Logica EP (B1) [Conform - 020]
"2003-11-22 - Luke Slater, Jesco Schuck @ Clubnight","https://www.mixesdb.com/w/2003-11-22_-_Luke_Slater,_Jesco_Schuck_@_Clubnight",Jesco Schuck,13,23:45,Kelli Hand,Afterhour [Sino - 8],Kelli Hand - Afterhour [Sino - 8]
"2003-11-22 - Luke Slater, Jesco Schuck @ Clubnight","https://www.mixesdb.com/w/2003-11-22_-_Luke_Slater,_Jesco_Schuck_@_Clubnight",Jesco Schuck,14,23:49,Destillat,Atropin [Klang Elektronik - 80],Destillat - Atropin [Klang Elektronik - 80]
"2003-11-22 - Luke Slater, Jesco Schuck @ Clubnight","https://www.mixesdb.com/w/2003-11-22_-_Luke_Slater,_Jesco_Schuck_@_Clubnight",Jesco Schuck,15,23:53,Bandulu,Imperial Slate [Music Man - LP 019],Bandulu - Imperial Slate [Music Man - LP 019]
"2003-11-22 - Luke Slater, Jesco Schuck @ Clubnight","https://www.mixesdb.com/w/2003-11-22_-_Luke_Slater,_Jesco_Schuck_@_Clubnight",Jesco Schuck,16,23:57,G Flame,Cmackx [Alpha - 6],G Flame - Cmackx [Alpha - 6]
2012-03-16 - Luke Slater - Drumcode Radio (DCR085),https://www.mixesdb.com/w/2012-03-16_-_Luke_Slater_-_Drumcode_Radio_(DCR085),,1,,Truncate,2 [Truncate],Truncate - 2 [Truncate]
2012-03-16 - Luke Slater - Drumcode Radio (DCR085),https://www.mixesdb.com/w/2012-03-16_-_Luke_Slater_-_Drumcode_Radio_(DCR085),,2,,Truncate,21 [Truncate],Truncate - 21 [Truncate]
2012-03-16 - Luke Slater - Drumcode Radio (DCR085),https://www.mixesdb.com/w/2012-03-16_-_Luke_Slater_-_Drumcode_Radio_(DCR085),,3,,Planetary Assault Systems,? [Mote-Evolver],Planetary Assault Systems - ? [Mote-Evolver]
2012-03-16 - Luke Slater - Drumcode Radio (DCR085),https://www.mixesdb.com/w/2012-03-16_-_Luke_Slater_-_Drumcode_Radio_(DCR085),,4,,Ben Sims Feat. Blake Baxter,Work Your Body [Drumcode],Ben Sims Feat. Blake Baxter - Work Your Body [Drumcode]
2012-03-16 - Luke Slater - Drumcode Radio (DCR085),https://www.mixesdb.com/w/2012-03-16_-_Luke_Slater_-_Drumcode_Radio_(DCR085),,5,,Abstract Division,Deformation (Norman Nodge Remix) [Dynamic Reflection],Abstract Division - Deformation (Norman Nodge Remix) [Dynamic Reflection]
2012-03-16 - Luke Slater - Drumcode Radio (DCR085),https://www.mixesdb.com/w/2012-03-16_-_Luke_Slater_-_Drumcode_Radio_(DCR085),,6,,Tommy Four Seven,Track 5 (Robert Hood Remix) [CLR],Tommy Four Seven - Track 5 (Robert Hood Remix) [CLR]
2012-03-16 - Luke Slater - Drumcode Radio (DCR085),https://www.mixesdb.com/w/2012-03-16_-_Luke_Slater_-_Drumcode_Radio_(DCR085),,7,,Octave One,Love & Hate (Luke Slater Remix) [430 West],Octave One - Love & Hate (Luke Slater Remix) [430 West]
2012-03-16 - Luke Slater - Drumcode Radio (DCR085),https://www.mixesdb.com/w/2012-03-16_-_Luke_Slater_-_Drumcode_Radio_(DCR085),,8,,Alan Fitzpatrick,Corruption [8 Sided Dice - 035],Alan Fitzpatrick - Corruption [8 Sided Dice - 035]
2012-03-16 - Luke Slater - Drumcode Radio (DCR085),https://www.mixesdb.com/w/2012-03-16_-_Luke_Slater_-_Drumcode_Radio_(DCR085),,9,,Thomas Bangalter,Outrun [Roulé],Thomas Bangalter - Outrun [Roulé]
2012-03-16 - Luke Slater - Drumcode Radio (DCR085),https://www.mixesdb.com/w/2012-03-16_-_Luke_Slater_-_Drumcode_Radio_(DCR085),,10,,Floorplan,"Baby, Baby [M-Plant]","Floorplan - Baby, Baby [M-Plant]"
2012-03-16 - Luke Slater - Drumcode Radio (DCR085),https://www.mixesdb.com/w/2012-03-16_-_Luke_Slater_-_Drumcode_Radio_(DCR085),,11,,Planetary Assault Systems,Wriss [Ostgut],Planetary Assault Systems - Wriss [Ostgut]
2012-03-16 - Luke Slater - Drumcode Radio (DCR085),https://www.mixesdb.com/w/2012-03-16_-_Luke_Slater_-_Drumcode_Radio_(DCR085),,12,,DJ T-1000,?,DJ T-1000 - ?
2012-03-16 - Luke Slater - Drumcode Radio (DCR085),https://www.mixesdb.com/w/2012-03-16_-_Luke_Slater_-_Drumcode_Radio_(DCR085),,13,,Virilus,?,Virilus - ?
2012-03-16 - Luke Slater - Drumcode Radio (DCR085),https://www.mixesdb.com/w/2012-03-16_-_Luke_Slater_-_Drumcode_Radio_(DCR085),,14,,Marcel Dettmann,Duel [50weapons - 016],Marcel Dettmann - Duel [50weapons - 016]
2012-03-16 - Luke Slater - Drumcode Radio (DCR085),https://www.mixesdb.com/w/2012-03-16_-_Luke_Slater_-_Drumcode_Radio_(DCR085),,15,,Ø [Phase],Binary Opposition (Process 1) [Token - 20],Ø [Phase] - Binary Opposition (Process 1) [Token - 20]
2012-03-16 - Luke Slater - Drumcode Radio (DCR085),https://www.mixesdb.com/w/2012-03-16_-_Luke_Slater_-_Drumcode_Radio_(DCR085),,16,,JB3,Forklift (Luke Slater Filtered Mix) [Mute],JB3 - Forklift (Luke Slater Filtered Mix) [Mute]
2012-03-16 - Luke Slater - Drumcode Radio (DCR085),https://www.mixesdb.com/w/2012-03-16_-_Luke_Slater_-_Drumcode_Radio_(DCR085),,17,,Mr. Jones,Artillery [Heavy Reel],Mr. Jones - Artillery [Heavy Reel]
2012-03-16 - Luke Slater - Drumcode Radio (DCR085),https://www.mixesdb.com/w/2012-03-16_-_Luke_Slater_-_Drumcode_Radio_(DCR085),,18,,Dacido & Meta,Knockin' On A Dark Room (Advanced Human Remix) [Gynoid],Dacido & Meta - Knockin' On A Dark Room (Advanced Human Remix) [Gynoid]
"1998-04-29 - Laurent Garnier, Luke Slater (Live PA) @ Heineken Horizons, RAI, Amsterdam","https://www.mixesdb.com/w/1998-04-29_-_Laurent_Garnier,_Luke_Slater_(Live_PA)_@_Heineken_Horizons,_RAI,_Amsterdam",Laurent Garnier,1,000:00,Black Noise,"Nature Of The Beast (Black Noise Mix) [Metroplex - M-028, 1997]","Black Noise - Nature Of The Beast (Black Noise Mix) [Metroplex - M-028, 1997]"
"1998-04-29 - Laurent Garnier, Luke Slater (Live PA) @ Heineken Horizons, RAI, Amsterdam","https://www.mixesdb.com/w/1998-04-29_-_Laurent_Garnier,_Luke_Slater_(Live_PA)_@_Heineken_Horizons,_RAI,_Amsterdam",Laurent Garnier,2,005:40,Monolake,"Occam [DIN - din-ml-01, 1997]","Monolake - Occam [DIN - din-ml-01, 1997]"
"1998-04-29 - Laurent Garnier, Luke Slater (Live PA) @ Heineken Horizons, RAI, Amsterdam","https://www.mixesdb.com/w/1998-04-29_-_Laurent_Garnier,_Luke_Slater_(Live_PA)_@_Heineken_Horizons,_RAI,_Amsterdam",Laurent Garnier,3,009:35,,?,?
"1998-04-29 - Laurent Garnier, Luke Slater (Live PA) @ Heineken Horizons, RAI, Amsterdam","https://www.mixesdb.com/w/1998-04-29_-_Laurent_Garnier,_Luke_Slater_(Live_PA)_@_Heineken_Horizons,_RAI,_Amsterdam",Laurent Garnier,4,013:25,DJ Hyperactive,"The Dreamer [4 Track - 4TRK-001, 1998]","DJ Hyperactive - The Dreamer [4 Track - 4TRK-001, 1998]"
"1998-04-29 - Laurent Garnier, Luke Slater (Live PA) @ Heineken Horizons, RAI, Amsterdam","https://www.mixesdb.com/w/1998-04-29_-_Laurent_Garnier,_Luke_Slater_(Live_PA)_@_Heineken_Horizons,_RAI,_Amsterdam",Laurent Garnier,5,019:15,Fast Eddie,"Acid Thunder (Fast Thunder) (Fast Eddie Mix) [D.J. International - DJ 961, 1988]","Fast Eddie - Acid Thunder (Fast Thunder) (Fast Eddie Mix) [D.J. International - DJ 961, 1988]"
"1998-04-29 - Laurent Garnier, Luke Slater (Live PA) @ Heineken Horizons, RAI, Amsterdam","https://www.mixesdb.com/w/1998-04-29_-_Laurent_Garnier,_Luke_Slater_(Live_PA)_@_Heineken_Horizons,_RAI,_Amsterdam",Laurent Garnier,6,022:25,Laurent Garnier,"Coloured City [F Communications - F 086, 1998]","Laurent Garnier - Coloured City [F Communications - F 086, 1998]"
"1998-04-29 - Laurent Garnier, Luke Slater (Live PA) @ Heineken Horizons, RAI, Amsterdam","https://www.mixesdb.com/w/1998-04-29_-_Laurent_Garnier,_Luke_Slater_(Live_PA)_@_Heineken_Horizons,_RAI,_Amsterdam",Laurent Garnier,7,027:15,Trevor Rockcliffe Feat. Blake Baxter,"Visions Of You (Oral Mix) [Worldwide Ultimatum Trax - UT001, 1998]","Trevor Rockcliffe Feat. Blake Baxter - Visions Of You (Oral Mix) [Worldwide Ultimatum Trax - UT001, 1998]"
"1998-04-29 - Laurent Garnier, Luke Slater (Live PA) @ Heineken Horizons, RAI, Amsterdam","https://www.mixesdb.com/w/1998-04-29_-_Laurent_Garnier,_Luke_Slater_(Live_PA)_@_Heineken_Horizons,_RAI,_Amsterdam",Laurent Garnier,8,031:20,Trevor Rockcliffe Feat. Blake Baxter,"Visions Of You (Foreplay Mix) [Worldwide Ultimatum Trax - UT001, 1998]","Trevor Rockcliffe Feat. Blake Baxter - Visions Of You (Foreplay Mix) [Worldwide Ultimatum Trax - UT001, 1998]"
"1998-04-29 - Laurent Garnier, Luke Slater (Live PA) @ Heineken Horizons, RAI, Amsterdam","https://www.mixesdb.com/w/1998-04-29_-_Laurent_Garnier,_Luke_Slater_(Live_PA)_@_Heineken_Horizons,_RAI,_Amsterdam",Laurent Garnier,9,035:10,Technasia,"Future Mix [technasia - ta03, 1998]","Technasia - Future Mix [technasia - ta03, 1998]"
"1998-04-29 - Laurent Garnier, Luke Slater (Live PA) @ Heineken Horizons, RAI, Amsterdam","https://www.mixesdb.com/w/1998-04-29_-_Laurent_Garnier,_Luke_Slater_(Live_PA)_@_Heineken_Horizons,_RAI,_Amsterdam",Laurent Garnier,10,039:30,DJ Hell vs. Richard Bartz,"Take A Shot... [Kurbel - KURBEL 07, 1997]","DJ Hell vs. Richard Bartz - Take A Shot... [Kurbel - KURBEL 07, 1997]"
"1998-04-29 - Laurent Garnier, Luke Slater (Live PA) @ Heineken Horizons, RAI, Amsterdam","https://www.mixesdb.com/w/1998-04-29_-_Laurent_Garnier,_Luke_Slater_(Live_PA)_@_Heineken_Horizons,_RAI,_Amsterdam",Laurent Garnier,11,042:35,,?,?
"1998-04-29 - Laurent Garnier, Luke Slater (Live PA) @ Heineken Horizons, RAI, Amsterdam","https://www.mixesdb.com/w/1998-04-29_-_Laurent_Garnier,_Luke_Slater_(Live_PA)_@_Heineken_Horizons,_RAI,_Amsterdam",Laurent Garnier,12,046:25,Pressure Funk,"Twisted Funk [Soma Quality Recordings - SOMA 62, 1998]","Pressure Funk - Twisted Funk [Soma Quality Recordings - SOMA 62, 1998]"
"1998-04-29 - Laurent Garnier, Luke Slater (Live PA) @ Heineken Horizons, RAI, Amsterdam","https://www.mixesdb.com/w/1998-04-29_-_Laurent_Garnier,_Luke_Slater_(Live_PA)_@_Heineken_Horizons,_RAI,_Amsterdam",Laurent Garnier,13,050:40,,?,?
"1998-04-29 - Laurent Garnier, Luke Slater (Live PA) @ Heineken Horizons, RAI, Amsterdam","https://www.mixesdb.com/w/1998-04-29_-_Laurent_Garnier,_Luke_Slater_(Live_PA)_@_Heineken_Horizons,_RAI,_Amsterdam",Laurent Garnier,14,055:30,Plantastik,"Artifacts [Kickin - KICK72, 1997]","Plantastik - Artifacts [Kickin - KICK72, 1997]"
"1998-04-29 - Laurent Garnier, Luke Slater (Live PA) @ Heineken Horizons, RAI, Amsterdam","https://www.mixesdb.com/w/1998-04-29_-_Laurent_Garnier,_Luke_Slater_(Live_PA)_@_Heineken_Horizons,_RAI,_Amsterdam",Laurent Garnier,15,060:35,Marshall Jefferson,"The Horse (Is Coming) [KTM - KTM-9, 1997]","Marshall Jefferson - The Horse (Is Coming) [KTM - KTM-9, 1997]"
"1998-04-29 - Laurent Garnier, Luke Slater (Live PA) @ Heineken Horizons, RAI, Amsterdam","https://www.mixesdb.com/w/1998-04-29_-_Laurent_Garnier,_Luke_Slater_(Live_PA)_@_Heineken_Horizons,_RAI,_Amsterdam",Laurent Garnier,16,067:40,Pleasure Zone,"Fantasy [Trax Records - TX164, 1988]","Pleasure Zone - Fantasy [Trax Records - TX164, 1988]"
"1998-04-29 - Laurent Garnier, Luke Slater (Live PA) @ Heineken Horizons, RAI, Amsterdam","https://www.mixesdb.com/w/1998-04-29_-_Laurent_Garnier,_Luke_Slater_(Live_PA)_@_Heineken_Horizons,_RAI,_Amsterdam",Laurent Garnier,17,070:20,DJ Amar,"Playstation Cd-Rom (Video Game) [Funk - D.J.002 1/2, 1996]","DJ Amar - Playstation Cd-Rom (Video Game) [Funk - D.J.002 1/2, 1996]"
"1998-04-29 - Laurent Garnier, Luke Slater (Live PA) @ Heineken Horizons, RAI, Amsterdam","https://www.mixesdb.com/w/1998-04-29_-_Laurent_Garnier,_Luke_Slater_(Live_PA)_@_Heineken_Horizons,_RAI,_Amsterdam",Laurent Garnier,18,072:40,Deeon,"The Truth [Dance Mania - DM 186, 1986]","Deeon - The Truth [Dance Mania - DM 186, 1986]"
"1998-04-29 - Laurent Garnier, Luke Slater (Live PA) @ Heineken Horizons, RAI, Amsterdam","https://www.mixesdb.com/w/1998-04-29_-_Laurent_Garnier,_Luke_Slater_(Live_PA)_@_Heineken_Horizons,_RAI,_Amsterdam",Laurent Garnier,19,075:30,D.J. Funk,"XTC (B3) [Dance Mania - DM 205, 1997]","D.J. Funk - XTC (B3) [Dance Mania - DM 205, 1997]"
"1998-04-29 - Laurent Garnier, Luke Slater (Live PA) @ Heineken Horizons, RAI, Amsterdam","https://www.mixesdb.com/w/1998-04-29_-_Laurent_Garnier,_Luke_Slater_(Live_PA)_@_Heineken_Horizons,_RAI,_Amsterdam",Laurent Garnier,20,078:30,D.J. Funk,"Run (U.K.) [Funk - DJ 003, 1997]","D.J. Funk - Run (U.K.) [Funk - DJ 003, 1997]"
"1998-04-29 - Laurent Garnier, Luke Slater (Live PA) @ Heineken Horizons, RAI, Amsterdam","https://www.mixesdb.com/w/1998-04-29_-_Laurent_Garnier,_Luke_Slater_(Live_PA)_@_Heineken_Horizons,_RAI,_Amsterdam",Laurent Garnier,21,083:40,DJ Skull,"The Graveyard Orchestra (Random XS Remix) [Djax-Up-Beats - DJAX-UP-283, 1997]","DJ Skull - The Graveyard Orchestra (Random XS Remix) [Djax-Up-Beats - DJAX-UP-283, 1997]"
"1998-04-29 - Laurent Garnier, Luke Slater (Live PA) @ Heineken Horizons, RAI, Amsterdam","https://www.mixesdb.com/w/1998-04-29_-_Laurent_Garnier,_Luke_Slater_(Live_PA)_@_Heineken_Horizons,_RAI,_Amsterdam",Laurent Garnier,22,090:35,Lil' Louis & The World,"Blackout (Phase 1) [FFRR - FX 123, 1989]","Lil' Louis & The World - Blackout (Phase 1) [FFRR - FX 123, 1989]"
"1998-04-29 - Laurent Garnier, Luke Slater (Live PA) @ Heineken Horizons, RAI, Amsterdam","https://www.mixesdb.com/w/1998-04-29_-_Laurent_Garnier,_Luke_Slater_(Live_PA)_@_Heineken_Horizons,_RAI,_Amsterdam",Laurent Garnier,23,096:05,,?,?
"1998-04-29 - Laurent Garnier, Luke Slater (Live PA) @ Heineken Horizons, RAI, Amsterdam","https://www.mixesdb.com/w/1998-04-29_-_Laurent_Garnier,_Luke_Slater_(Live_PA)_@_Heineken_Horizons,_RAI,_Amsterdam",Laurent Garnier,24,099:30,Constipated Monkeys,"Cro Magnon (What About Our Love) [Subliminal - SUB 2, 1997]","Constipated Monkeys - Cro Magnon (What About Our Love) [Subliminal - SUB 2, 1997]"
"1998-04-29 - Laurent Garnier, Luke Slater (Live PA) @ Heineken Horizons, RAI, Amsterdam","https://www.mixesdb.com/w/1998-04-29_-_Laurent_Garnier,_Luke_Slater_(Live_PA)_@_Heineken_Horizons,_RAI,_Amsterdam",Laurent Garnier,25,102:05,Stardust,"Music Sounds Better With You [Roulé - Roulé 305, 1998]","Stardust - Music Sounds Better With You [Roulé - Roulé 305, 1998]"
"1998-04-29 - Laurent Garnier, Luke Slater (Live PA) @ Heineken Horizons, RAI, Amsterdam","https://www.mixesdb.com/w/1998-04-29_-_Laurent_Garnier,_Luke_Slater_(Live_PA)_@_Heineken_Horizons,_RAI,_Amsterdam",Laurent Garnier,26,107:35,,?,?
"1998-04-29 - Laurent Garnier, Luke Slater (Live PA) @ Heineken Horizons, RAI, Amsterdam","https://www.mixesdb.com/w/1998-04-29_-_Laurent_Garnier,_Luke_Slater_(Live_PA)_@_Heineken_Horizons,_RAI,_Amsterdam",Laurent Garnier,27,110:40,,?,?
"1998-04-29 - Laurent Garnier, Luke Slater (Live PA) @ Heineken Horizons, RAI, Amsterdam","https://www.mixesdb.com/w/1998-04-29_-_Laurent_Garnier,_Luke_Slater_(Live_PA)_@_Heineken_Horizons,_RAI,_Amsterdam",Laurent Garnier,28,115:50,Jerome,"Artmosphere [100% Pure - PURE 24, 1998]","Jerome - Artmosphere [100% Pure - PURE 24, 1998]"
"1998-04-29 - Laurent Garnier, Luke Slater (Live PA) @ Heineken Horizons, RAI, Amsterdam","https://www.mixesdb.com/w/1998-04-29_-_Laurent_Garnier,_Luke_Slater_(Live_PA)_@_Heineken_Horizons,_RAI,_Amsterdam",Laurent Garnier,29,119:50,The Blunted Boy Wonder,"Metropolis [NovaMute - 12NoMu58, 1997]","The Blunted Boy Wonder - Metropolis [NovaMute - 12NoMu58, 1997]"
"1998-04-29 - Laurent Garnier, Luke Slater (Live PA) @ Heineken Horizons, RAI, Amsterdam","https://www.mixesdb.com/w/1998-04-29_-_Laurent_Garnier,_Luke_Slater_(Live_PA)_@_Heineken_Horizons,_RAI,_Amsterdam",Laurent Garnier,30,123:45,C D C Crew,"Flightdance  [Synewave - SW33, 1997]","C D C Crew - Flightdance  [Synewave - SW33, 1997]"
"1998-04-29 - Laurent Garnier, Luke Slater (Live PA) @ Heineken Horizons, RAI, Amsterdam","https://www.mixesdb.com/w/1998-04-29_-_Laurent_Garnier,_Luke_Slater_(Live_PA)_@_Heineken_Horizons,_RAI,_Amsterdam",Laurent Garnier,31,128:35,,?,?
"1998-04-29 - Laurent Garnier, Luke Slater (Live PA) @ Heineken Horizons, RAI, Amsterdam","https://www.mixesdb.com/w/1998-04-29_-_Laurent_Garnier,_Luke_Slater_(Live_PA)_@_Heineken_Horizons,_RAI,_Amsterdam",Laurent Garnier,32,133:45,Chaotik Ramses,"Rebirth [F Communications - F 082, 1998]","Chaotik Ramses - Rebirth [F Communications - F 082, 1998]"
"1998-04-29 - Laurent Garnier, Luke Slater (Live PA) @ Heineken Horizons, RAI, Amsterdam","https://www.mixesdb.com/w/1998-04-29_-_Laurent_Garnier,_Luke_Slater_(Live_PA)_@_Heineken_Horizons,_RAI,_Amsterdam",Laurent Garnier,33,138:20,Ignacio,"Organa [Music Man - MM 038, 1997]","Ignacio - Organa [Music Man - MM 038, 1997]"
"1998-04-29 - Laurent Garnier, Luke Slater (Live PA) @ Heineken Horizons, RAI, Amsterdam","https://www.mixesdb.com/w/1998-04-29_-_Laurent_Garnier,_Luke_Slater_(Live_PA)_@_Heineken_Horizons,_RAI,_Amsterdam",Laurent Garnier,34,145:00,Jan Driver,"Filter [Formaldehyd - form 053, 1997]","Jan Driver - Filter [Formaldehyd - form 053, 1997]"
"1998-04-29 - Laurent Garnier, Luke Slater (Live PA) @ Heineken Horizons, RAI, Amsterdam","https://www.mixesdb.com/w/1998-04-29_-_Laurent_Garnier,_Luke_Slater_(Live_PA)_@_Heineken_Horizons,_RAI,_Amsterdam",Laurent Garnier,35,149:15,Thomas Schumacher,"When I Rock [Bush - Bush 1050, 1997]","Thomas Schumacher - When I Rock [Bush - Bush 1050, 1997]"
"1998-04-29 - Laurent Garnier, Luke Slater (Live PA) @ Heineken Horizons, RAI, Amsterdam","https://www.mixesdb.com/w/1998-04-29_-_Laurent_Garnier,_Luke_Slater_(Live_PA)_@_Heineken_Horizons,_RAI,_Amsterdam",Laurent Garnier,36,156:05,K. Hand,"XTC [Radikal Fear - FEAR 024, 1995]","K. Hand - XTC [Radikal Fear - FEAR 024, 1995]"
"1998-04-29 - Laurent Garnier, Luke Slater (Live PA) @ Heineken Horizons, RAI, Amsterdam","https://www.mixesdb.com/w/1998-04-29_-_Laurent_Garnier,_Luke_Slater_(Live_PA)_@_Heineken_Horizons,_RAI,_Amsterdam",Luke Slater (Live PA),1,159:30,Luke Slater,"Score One [NovaMute - NoMu57LP, 1997]","Luke Slater - Score One [NovaMute - NoMu57LP, 1997]"
"1998-04-29 - Laurent Garnier, Luke Slater (Live PA) @ Heineken Horizons, RAI, Amsterdam","https://www.mixesdb.com/w/1998-04-29_-_Laurent_Garnier,_Luke_Slater_(Live_PA)_@_Heineken_Horizons,_RAI,_Amsterdam",Luke Slater (Live PA),2,163:00,Luke Slater,"Freek Funk [NovaMute - 12NoMu56, 1997]","Luke Slater - Freek Funk [NovaMute - 12NoMu56, 1997]"
"1998-04-29 - Laurent Garnier, Luke Slater (Live PA) @ Heineken Horizons, RAI, Amsterdam","https://www.mixesdb.com/w/1998-04-29_-_Laurent_Garnier,_Luke_Slater_(Live_PA)_@_Heineken_Horizons,_RAI,_Amsterdam",Luke Slater (Live PA),3,166:00,,?,?
"1998-04-29 - Laurent Garnier, Luke Slater (Live PA) @ Heineken Horizons, RAI, Amsterdam","https://www.mixesdb.com/w/1998-04-29_-_Laurent_Garnier,_Luke_Slater_(Live_PA)_@_Heineken_Horizons,_RAI,_Amsterdam",Luke Slater (Live PA),4,171:00,Planetary Assault Systems,"Angel Street [Peacefrog - PF016, 1993]","Planetary Assault Systems - Angel Street [Peacefrog - PF016, 1993]"
"1998-04-29 - Laurent Garnier, Luke Slater (Live PA) @ Heineken Horizons, RAI, Amsterdam","https://www.mixesdb.com/w/1998-04-29_-_Laurent_Garnier,_Luke_Slater_(Live_PA)_@_Heineken_Horizons,_RAI,_Amsterdam",Luke Slater (Live PA),5,177:00,Luke Slater,"Engine One [NovaMute - NoMu57CD, 1997]","Luke Slater - Engine One [NovaMute - NoMu57CD, 1997]"
"1998-04-29 - Laurent Garnier, Luke Slater (Live PA) @ Heineken Horizons, RAI, Amsterdam","https://www.mixesdb.com/w/1998-04-29_-_Laurent_Garnier,_Luke_Slater_(Live_PA)_@_Heineken_Horizons,_RAI,_Amsterdam",Luke Slater (Live PA),6,185:00,,?,?
2002-04-15 - Luke Slater - Breezeblock - Headline Set,https://www.mixesdb.com/w/2002-04-15_-_Luke_Slater_-_Breezeblock_-_Headline_Set,,1,,Luke Slater,I Can Complete You [Mute],Luke Slater - I Can Complete You [Mute]
2002-04-15 - Luke Slater - Breezeblock - Headline Set,https://www.mixesdb.com/w/2002-04-15_-_Luke_Slater_-_Breezeblock_-_Headline_Set,,2,,Felix Da Housecat,Don't Bring Me,Felix Da Housecat - Don't Bring Me
2002-04-15 - Luke Slater - Breezeblock - Headline Set,https://www.mixesdb.com/w/2002-04-15_-_Luke_Slater_-_Breezeblock_-_Headline_Set,,3,,Breaking On The Street,Electro,Breaking On The Street - Electro
2002-04-15 - Luke Slater - Breezeblock - Headline Set,https://www.mixesdb.com/w/2002-04-15_-_Luke_Slater_-_Breezeblock_-_Headline_Set,,4,,Luke Slater,Searching For A Dream [Mute],Luke Slater - Searching For A Dream [Mute]
2002-04-15 - Luke Slater - Breezeblock - Headline Set,https://www.mixesdb.com/w/2002-04-15_-_Luke_Slater_-_Breezeblock_-_Headline_Set,,5,,Luke Slater,Body Freefall,Luke Slater - Body Freefall
2002-04-15 - Luke Slater - Breezeblock - Headline Set,https://www.mixesdb.com/w/2002-04-15_-_Luke_Slater_-_Breezeblock_-_Headline_Set,,6,,Radiohead,Idioteque [Parlophone],Radiohead - Idioteque [Parlophone]
2002-04-15 - Luke Slater - Breezeblock - Headline Set,https://www.mixesdb.com/w/2002-04-15_-_Luke_Slater_-_Breezeblock_-_Headline_Set,,7,,Crowd Pleaser,?,Crowd Pleaser - ?
2002-04-15 - Luke Slater - Breezeblock - Headline Set,https://www.mixesdb.com/w/2002-04-15_-_Luke_Slater_-_Breezeblock_-_Headline_Set,,8,,Luke Slater,Stars & Heroes (Remix By Adam Beyer & Henrik B) [Mute],Luke Slater - Stars & Heroes (Remix By Adam Beyer & Henrik B) [Mute]
2002-04-15 - Luke Slater - Breezeblock - Headline Set,https://www.mixesdb.com/w/2002-04-15_-_Luke_Slater_-_Breezeblock_-_Headline_Set,,9,,Renegade Sound Wave,Biting My Nails [Mute],Renegade Sound Wave - Biting My Nails [Mute]
"2003-11-22 - Luke Slater @ Groove City, Brussels","https://www.mixesdb.com/w/2003-11-22_-_Luke_Slater_@_Groove_City,_Brussels",,1,,Chris Liebing,American Madness,Chris Liebing - American Madness
"2003-11-22 - Luke Slater @ Groove City, Brussels","https://www.mixesdb.com/w/2003-11-22_-_Luke_Slater_@_Groove_City,_Brussels",,2,,,?,?
"2003-11-22 - Luke Slater @ Groove City, Brussels","https://www.mixesdb.com/w/2003-11-22_-_Luke_Slater_@_Groove_City,_Brussels",,3,,Egyptian Empire,The Horn Track (Luke Slater Khufu Remix),Egyptian Empire - The Horn Track (Luke Slater Khufu Remix)
"2003-11-22 - Luke Slater @ Groove City, Brussels","https://www.mixesdb.com/w/2003-11-22_-_Luke_Slater_@_Groove_City,_Brussels",,4,,,?,?
"2003-11-22 - Luke Slater @ Groove City, Brussels","https://www.mixesdb.com/w/2003-11-22_-_Luke_Slater_@_Groove_City,_Brussels",,5,,,?,?
"2003-11-22 - Luke Slater @ Groove City, Brussels","https://www.mixesdb.com/w/2003-11-22_-_Luke_Slater_@_Groove_City,_Brussels",,6,,,?,?
"2003-11-22 - Luke Slater @ Groove City, Brussels","https://www.mixesdb.com/w/2003-11-22_-_Luke_Slater_@_Groove_City,_Brussels",,7,,Marco Bailey,Platinium,Marco Bailey - Platinium
"2003-11-22 - Luke Slater @ Groove City, Brussels","https://www.mixesdb.com/w/2003-11-22_-_Luke_Slater_@_Groove_City,_Brussels",,8,,CJ Bolland,The Digger,CJ Bolland - The Digger
"2005-02-02 - Luke Slater - Metissages, Couleur3","https://www.mixesdb.com/w/2005-02-02_-_Luke_Slater_-_Metissages,_Couleur3",,1,,Planetary Assault Systems,Tap Dance,Planetary Assault Systems - Tap Dance
"2005-02-02 - Luke Slater - Metissages, Couleur3","https://www.mixesdb.com/w/2005-02-02_-_Luke_Slater_-_Metissages,_Couleur3",,2,,Brothomstates,Matala Bobo,Brothomstates - Matala Bobo
"2005-02-02 - Luke Slater - Metissages, Couleur3","https://www.mixesdb.com/w/2005-02-02_-_Luke_Slater_-_Metissages,_Couleur3",,3,,Agoria,Caraibes,Agoria - Caraibes
"2005-02-02 - Luke Slater - Metissages, Couleur3","https://www.mixesdb.com/w/2005-02-02_-_Luke_Slater_-_Metissages,_Couleur3",,4,,Throbbing Gristle,Hot On The Heels Of Love (Carl Craig Remix),Throbbing Gristle - Hot On The Heels Of Love (Carl Craig Remix)
"2005-02-02 - Luke Slater - Metissages, Couleur3","https://www.mixesdb.com/w/2005-02-02_-_Luke_Slater_-_Metissages,_Couleur3",,5,,Lump 200,Drop Dead Gorgeous,Lump 200 - Drop Dead Gorgeous
"2005-02-02 - Luke Slater - Metissages, Couleur3","https://www.mixesdb.com/w/2005-02-02_-_Luke_Slater_-_Metissages,_Couleur3",,6,,Stefan Gubatz,Leerlauf,Stefan Gubatz - Leerlauf
"2005-02-02 - Luke Slater - Metissages, Couleur3","https://www.mixesdb.com/w/2005-02-02_-_Luke_Slater_-_Metissages,_Couleur3",,7,,Lump 200,Wer Einen Und At,Lump 200 - Wer Einen Und At
"2005-02-02 - Luke Slater - Metissages, Couleur3","https://www.mixesdb.com/w/2005-02-02_-_Luke_Slater_-_Metissages,_Couleur3",,8,,Luke Slater,Nothing At All (King Unique Chocolate Orange Remix),Luke Slater - Nothing At All (King Unique Chocolate Orange Remix)
"2005-02-02 - Luke Slater - Metissages, Couleur3","https://www.mixesdb.com/w/2005-02-02_-_Luke_Slater_-_Metissages,_Couleur3",,9,,Martin H,Anja,Martin H - Anja
"2005-02-02 - Luke Slater - Metissages, Couleur3","https://www.mixesdb.com/w/2005-02-02_-_Luke_Slater_-_Metissages,_Couleur3",,10,,Maskio,Acid Theory,Maskio - Acid Theory
"2005-02-02 - Luke Slater - Metissages, Couleur3","https://www.mixesdb.com/w/2005-02-02_-_Luke_Slater_-_Metissages,_Couleur3",,11,,Killa Productions,Women Beat Their Men (B1),Killa Productions - Women Beat Their Men (B1)
"2005-02-02 - Luke Slater - Metissages, Couleur3","https://www.mixesdb.com/w/2005-02-02_-_Luke_Slater_-_Metissages,_Couleur3",,12,,Jorge Zamacona,Js Back,Jorge Zamacona - Js Back
"2005-02-02 - Luke Slater - Metissages, Couleur3","https://www.mixesdb.com/w/2005-02-02_-_Luke_Slater_-_Metissages,_Couleur3",,13,,Paul Mac,Corner Of The Table,Paul Mac - Corner Of The Table
"2005-02-02 - Luke Slater - Metissages, Couleur3","https://www.mixesdb.com/w/2005-02-02_-_Luke_Slater_-_Metissages,_Couleur3",,14,,Daniel Jacques,The Breakdown,Daniel Jacques - The Breakdown
"2005-02-02 - Luke Slater - Metissages, Couleur3","https://www.mixesdb.com/w/2005-02-02_-_Luke_Slater_-_Metissages,_Couleur3",,15,,Mr. G,Basement Number 12,Mr. G - Basement Number 12
"2005-02-02 - Luke Slater - Metissages, Couleur3","https://www.mixesdb.com/w/2005-02-02_-_Luke_Slater_-_Metissages,_Couleur3",,16,,Marco Remus,Moneybitch,Marco Remus - Moneybitch
"2005-02-02 - Luke Slater - Metissages, Couleur3","https://www.mixesdb.com/w/2005-02-02_-_Luke_Slater_-_Metissages,_Couleur3",,17,,Mr. G,BNO 12/12,Mr. G - BNO 12/12
"2005-02-02 - Luke Slater - Metissages, Couleur3","https://www.mixesdb.com/w/2005-02-02_-_Luke_Slater_-_Metissages,_Couleur3",,18,,Cave & The Miller,The Mystery,Cave & The Miller - The Mystery
"2003-06-28 - Luke Slater @ Cocorico, Rimini, Italy","https://www.mixesdb.com/w/2003-06-28_-_Luke_Slater_@_Cocorico,_Rimini,_Italy",,1,00,,?,?
"2003-06-28 - Luke Slater @ Cocorico, Rimini, Italy","https://www.mixesdb.com/w/2003-06-28_-_Luke_Slater_@_Cocorico,_Rimini,_Italy",,2,03,Reese,Rock To The Beat,Reese - Rock To The Beat
"2003-06-28 - Luke Slater @ Cocorico, Rimini, Italy","https://www.mixesdb.com/w/2003-06-28_-_Luke_Slater_@_Cocorico,_Rimini,_Italy",,3,05,The Youngsters,Confidential Music [F Communication - F 167],The Youngsters - Confidential Music [F Communication - F 167]
"2003-06-28 - Luke Slater @ Cocorico, Rimini, Italy","https://www.mixesdb.com/w/2003-06-28_-_Luke_Slater_@_Cocorico,_Rimini,_Italy",,4,??,,?,?
"2003-06-28 - Luke Slater @ Cocorico, Rimini, Italy","https://www.mixesdb.com/w/2003-06-28_-_Luke_Slater_@_Cocorico,_Rimini,_Italy",,5,??,,?,?
"2003-06-28 - Luke Slater @ Cocorico, Rimini, Italy","https://www.mixesdb.com/w/2003-06-28_-_Luke_Slater_@_Cocorico,_Rimini,_Italy",,6,??,,?,?
"2003-06-28 - Luke Slater @ Cocorico, Rimini, Italy","https://www.mixesdb.com/w/2003-06-28_-_Luke_Slater_@_Cocorico,_Rimini,_Italy",,7,23,Danilo Vigorito,Appendix D (A1),Danilo Vigorito - Appendix D (A1)
"2003-06-28 - Luke Slater @ Cocorico, Rimini, Italy","https://www.mixesdb.com/w/2003-06-28_-_Luke_Slater_@_Cocorico,_Rimini,_Italy",,8,26,,?,?
"2003-06-28 - Luke Slater @ Cocorico, Rimini, Italy","https://www.mixesdb.com/w/2003-06-28_-_Luke_Slater_@_Cocorico,_Rimini,_Italy",,9,30,,?,?
"2003-06-28 - Luke Slater @ Cocorico, Rimini, Italy","https://www.mixesdb.com/w/2003-06-28_-_Luke_Slater_@_Cocorico,_Rimini,_Italy",,10,34,Quasistereo,Accelerator (Chicks On Speed Mix) [Anodyne - 11],Quasistereo - Accelerator (Chicks On Speed Mix) [Anodyne - 11]
"2003-06-28 - Luke Slater @ Cocorico, Rimini, Italy","https://www.mixesdb.com/w/2003-06-28_-_Luke_Slater_@_Cocorico,_Rimini,_Italy",,11,38,,?,?
"2003-06-28 - Luke Slater @ Cocorico, Rimini, Italy","https://www.mixesdb.com/w/2003-06-28_-_Luke_Slater_@_Cocorico,_Rimini,_Italy",,12,41,Renato Cohen,Pontape,Renato Cohen - Pontape
"2003-06-28 - Luke Slater @ Cocorico, Rimini, Italy","https://www.mixesdb.com/w/2003-06-28_-_Luke_Slater_@_Cocorico,_Rimini,_Italy",,13,42,+ Josh Wink & Lil' Louis,Hows Your Evening So Far? (Sampled),+ Josh Wink & Lil' Louis - Hows Your Evening So Far? (Sampled)
"2003-06-28 - Luke Slater @ Cocorico, Rimini, Italy","https://www.mixesdb.com/w/2003-06-28_-_Luke_Slater_@_Cocorico,_Rimini,_Italy",,14,45,Kalpa,Looters,Kalpa - Looters
"2003-06-28 - Luke Slater @ Cocorico, Rimini, Italy","https://www.mixesdb.com/w/2003-06-28_-_Luke_Slater_@_Cocorico,_Rimini,_Italy",,15,48,Mr. Sliff,Rippin & Dippin (Part I),Mr. Sliff - Rippin & Dippin (Part I)
"2003-06-28 - Luke Slater @ Cocorico, Rimini, Italy","https://www.mixesdb.com/w/2003-06-28_-_Luke_Slater_@_Cocorico,_Rimini,_Italy",,16,51,,?,?
"2003-06-28 - Luke Slater @ Cocorico, Rimini, Italy","https://www.mixesdb.com/w/2003-06-28_-_Luke_Slater_@_Cocorico,_Rimini,_Italy",,17,55,,?,?
"2003-06-28 - Luke Slater @ Cocorico, Rimini, Italy","https://www.mixesdb.com/w/2003-06-28_-_Luke_Slater_@_Cocorico,_Rimini,_Italy",,18,??,,?,?
"2003-06-28 - Luke Slater @ Cocorico, Rimini, Italy","https://www.mixesdb.com/w/2003-06-28_-_Luke_Slater_@_Cocorico,_Rimini,_Italy",,19,??,Joel Mull,IS01 (Mateo Murphy Remix),Joel Mull - IS01 (Mateo Murphy Remix)
"2003-06-28 - Luke Slater @ Cocorico, Rimini, Italy","https://www.mixesdb.com/w/2003-06-28_-_Luke_Slater_@_Cocorico,_Rimini,_Italy",,20,??,,?,?
"2003-06-28 - Luke Slater @ Cocorico, Rimini, Italy","https://www.mixesdb.com/w/2003-06-28_-_Luke_Slater_@_Cocorico,_Rimini,_Italy",,21,??,,?,?
"2003-06-28 - Luke Slater @ Cocorico, Rimini, Italy","https://www.mixesdb.com/w/2003-06-28_-_Luke_Slater_@_Cocorico,_Rimini,_Italy",,22,73,Ben Sims,Manipulated (Adam Beyer Remix),Ben Sims - Manipulated (Adam Beyer Remix)
"2003-06-28 - Luke Slater @ Cocorico, Rimini, Italy","https://www.mixesdb.com/w/2003-06-28_-_Luke_Slater_@_Cocorico,_Rimini,_Italy",,23,74,,?,?
2023-12-24 - Luke Slater - 2023 Merry Xmas Mix,https://www.mixesdb.com/w/2023-12-24_-_Luke_Slater_-_2023_Merry_Xmas_Mix,,1,,Luke Slater & Dubfire,The Sonic Assassin [Mote-Evolver],Luke Slater & Dubfire - The Sonic Assassin [Mote-Evolver]
2023-12-24 - Luke Slater - 2023 Merry Xmas Mix,https://www.mixesdb.com/w/2023-12-24_-_Luke_Slater_-_2023_Merry_Xmas_Mix,,2,,Planetary Assault Systems,Twelve (Psyk Rework) [Mote-Evolver],Planetary Assault Systems - Twelve (Psyk Rework) [Mote-Evolver]
2023-12-24 - Luke Slater - 2023 Merry Xmas Mix,https://www.mixesdb.com/w/2023-12-24_-_Luke_Slater_-_2023_Merry_Xmas_Mix,,3,,Depeche Mode,Ghosts Again (Chris Liebing vs Luke Slater Remix) [Columbia (Sony)],Depeche Mode - Ghosts Again (Chris Liebing vs Luke Slater Remix) [Columbia (Sony)]
2023-12-24 - Luke Slater - 2023 Merry Xmas Mix,https://www.mixesdb.com/w/2023-12-24_-_Luke_Slater_-_2023_Merry_Xmas_Mix,,4,,Planetary Assault Systems,Grid Scanner [Mote-Evolver],Planetary Assault Systems - Grid Scanner [Mote-Evolver]
2023-12-24 - Luke Slater - 2023 Merry Xmas Mix,https://www.mixesdb.com/w/2023-12-24_-_Luke_Slater_-_2023_Merry_Xmas_Mix,,5,,Planetary Assault Systems,In From The Night (Planetary Assault Systems Remix) [Peacefrog],Planetary Assault Systems - In From The Night (Planetary Assault Systems Remix) [Peacefrog]
2023-12-24 - Luke Slater - 2023 Merry Xmas Mix,https://www.mixesdb.com/w/2023-12-24_-_Luke_Slater_-_2023_Merry_Xmas_Mix,,6,,LC1,ID,LC1 - ID
2023-12-24 - Luke Slater - 2023 Merry Xmas Mix,https://www.mixesdb.com/w/2023-12-24_-_Luke_Slater_-_2023_Merry_Xmas_Mix,,7,,Frank De Wulf,Magic Orchestra (Planetary Assault Systems Live Jack Edit) [Music Man],Frank De Wulf - Magic Orchestra (Planetary Assault Systems Live Jack Edit) [Music Man]
2023-12-24 - Luke Slater - 2023 Merry Xmas Mix,https://www.mixesdb.com/w/2023-12-24_-_Luke_Slater_-_2023_Merry_Xmas_Mix,,8,,Frank De Wulf,Magic Orchestra [Music Man],Frank De Wulf - Magic Orchestra [Music Man]
2023-12-24 - Luke Slater - 2023 Merry Xmas Mix,https://www.mixesdb.com/w/2023-12-24_-_Luke_Slater_-_2023_Merry_Xmas_Mix,,9,,Mattia Trani,One More Step (Planetary Assault Systems Remix) [Pushmaster Discs],Mattia Trani - One More Step (Planetary Assault Systems Remix) [Pushmaster Discs]
2023-12-24 - Luke Slater - 2023 Merry Xmas Mix,https://www.mixesdb.com/w/2023-12-24_-_Luke_Slater_-_2023_Merry_Xmas_Mix,,10,,Luke Slater & Dubfire,The Dissent [Mote-Evolver],Luke Slater & Dubfire - The Dissent [Mote-Evolver]
2023-12-24 - Luke Slater - 2023 Merry Xmas Mix,https://www.mixesdb.com/w/2023-12-24_-_Luke_Slater_-_2023_Merry_Xmas_Mix,,11,,Speedy & Steve,Dabler Nine [Mote-Evolver],Speedy & Steve - Dabler Nine [Mote-Evolver]
2023-12-24 - Luke Slater - 2023 Merry Xmas Mix,https://www.mixesdb.com/w/2023-12-24_-_Luke_Slater_-_2023_Merry_Xmas_Mix,,12,,Roog Unit,Koox [Mote-Evolver],Roog Unit - Koox [Mote-Evolver]
2023-12-24 - Luke Slater - 2023 Merry Xmas Mix,https://www.mixesdb.com/w/2023-12-24_-_Luke_Slater_-_2023_Merry_Xmas_Mix,,13,,Luke Slater & Speedy J,SHS Pt.18 Selection 3,Luke Slater & Speedy J - SHS Pt.18 Selection 3
2023-12-24 - Luke Slater - 2023 Merry Xmas Mix,https://www.mixesdb.com/w/2023-12-24_-_Luke_Slater_-_2023_Merry_Xmas_Mix,,14,,Sven Väth,Nyx (Planetary Assault Systems Remix) [Cocoon],Sven Väth - Nyx (Planetary Assault Systems Remix) [Cocoon]
2023-12-24 - Luke Slater - 2023 Merry Xmas Mix,https://www.mixesdb.com/w/2023-12-24_-_Luke_Slater_-_2023_Merry_Xmas_Mix,,15,,Roog Unit,Sanity Regard [Mote-Evolver],Roog Unit - Sanity Regard [Mote-Evolver]
2023-12-24 - Luke Slater - 2023 Merry Xmas Mix,https://www.mixesdb.com/w/2023-12-24_-_Luke_Slater_-_2023_Merry_Xmas_Mix,,16,,Alan Fitzpatrick,Aura (Planetary Assault Systems Remix) [We Are The Brave],Alan Fitzpatrick - Aura (Planetary Assault Systems Remix) [We Are The Brave]
2023-12-24 - Luke Slater - 2023 Merry Xmas Mix,https://www.mixesdb.com/w/2023-12-24_-_Luke_Slater_-_2023_Merry_Xmas_Mix,,17,,RoogUnit,Don't Let Go [Mote-Evolver],RoogUnit - Don't Let Go [Mote-Evolver]
2023-12-24 - Luke Slater - 2023 Merry Xmas Mix,https://www.mixesdb.com/w/2023-12-24_-_Luke_Slater_-_2023_Merry_Xmas_Mix,,18,,RoogUnit,Bash Box [Mote-Evolver],RoogUnit - Bash Box [Mote-Evolver]
2022-04-05 - Luke Slater - XLR8R Podcast 742,https://www.mixesdb.com/w/2022-04-05_-_Luke_Slater_-_XLR8R_Podcast_742,,1,00,,?,?
2022-04-05 - Luke Slater - XLR8R Podcast 742,https://www.mixesdb.com/w/2022-04-05_-_Luke_Slater_-_XLR8R_Podcast_742,,2,04,Reinier Zonneveld X Speedy J,Kicktrack [Filth On Acid - 111],Reinier Zonneveld X Speedy J - Kicktrack [Filth On Acid - 111]
2022-04-05 - Luke Slater - XLR8R Podcast 742,https://www.mixesdb.com/w/2022-04-05_-_Luke_Slater_-_XLR8R_Podcast_742,,3,07,DJ Dextro,Xzibit [Suara - 445],DJ Dextro - Xzibit [Suara - 445]
2022-04-05 - Luke Slater - XLR8R Podcast 742,https://www.mixesdb.com/w/2022-04-05_-_Luke_Slater_-_XLR8R_Podcast_742,,4,10,Black Girl/White Girl,Primal Soul [Unreleased],Black Girl/White Girl - Primal Soul [Unreleased]
2022-04-05 - Luke Slater - XLR8R Podcast 742,https://www.mixesdb.com/w/2022-04-05_-_Luke_Slater_-_XLR8R_Podcast_742,,5,12,ALNA,Trust (Fred Asquith Remix) [Out Of Ctrl],ALNA - Trust (Fred Asquith Remix) [Out Of Ctrl]
2022-04-05 - Luke Slater - XLR8R Podcast 742,https://www.mixesdb.com/w/2022-04-05_-_Luke_Slater_-_XLR8R_Podcast_742,,6,15,Dok & Martin,Dynamic Range [EI8HT - 026],Dok & Martin - Dynamic Range [EI8HT - 026]
2022-04-05 - Luke Slater - XLR8R Podcast 742,https://www.mixesdb.com/w/2022-04-05_-_Luke_Slater_-_XLR8R_Podcast_742,,7,,Toni Alvarez,That Days [Plus8 - 138],Toni Alvarez - That Days [Plus8 - 138]
2022-04-05 - Luke Slater - XLR8R Podcast 742,https://www.mixesdb.com/w/2022-04-05_-_Luke_Slater_-_XLR8R_Podcast_742,,8,,Axel Karakasis,Throb [Tronic],Axel Karakasis - Throb [Tronic]
2022-04-05 - Luke Slater - XLR8R Podcast 742,https://www.mixesdb.com/w/2022-04-05_-_Luke_Slater_-_XLR8R_Podcast_742,,9,,Ultrastation,Klymat (Clean) [Something Happening Somewhere],Ultrastation - Klymat (Clean) [Something Happening Somewhere]
2022-04-05 - Luke Slater - XLR8R Podcast 742,https://www.mixesdb.com/w/2022-04-05_-_Luke_Slater_-_XLR8R_Podcast_742,,10,,S-File,I am (Gene Richards Jr Jackin' Cut) [GND],S-File - I am (Gene Richards Jr Jackin' Cut) [GND]
2022-04-05 - Luke Slater - XLR8R Podcast 742,https://www.mixesdb.com/w/2022-04-05_-_Luke_Slater_-_XLR8R_Podcast_742,,11,,Reinier Zonneveld X Speedy J,Nummer 3 [Filth On Acid],Reinier Zonneveld X Speedy J - Nummer 3 [Filth On Acid]
2022-04-05 - Luke Slater - XLR8R Podcast 742,https://www.mixesdb.com/w/2022-04-05_-_Luke_Slater_-_XLR8R_Podcast_742,,12,,Truncate,The Drill [Truncate - 24],Truncate - The Drill [Truncate - 24]
2022-04-05 - Luke Slater - XLR8R Podcast 742,https://www.mixesdb.com/w/2022-04-05_-_Luke_Slater_-_XLR8R_Podcast_742,,13,,Planetary Assault Systems,?,Planetary Assault Systems - ?
2022-04-05 - Luke Slater - XLR8R Podcast 742,https://www.mixesdb.com/w/2022-04-05_-_Luke_Slater_-_XLR8R_Podcast_742,,14,,"M.F.S: Observatory, Lazy Ants",Lassameperdere [Kneaded Pains],"M.F.S: Observatory, Lazy Ants - Lassameperdere [Kneaded Pains]"
2022-04-05 - Luke Slater - XLR8R Podcast 742,https://www.mixesdb.com/w/2022-04-05_-_Luke_Slater_-_XLR8R_Podcast_742,,15,,Unknown,Unknown (Planetary Assault Systems Remix),Unknown - Unknown (Planetary Assault Systems Remix)
2022-04-05 - Luke Slater - XLR8R Podcast 742,https://www.mixesdb.com/w/2022-04-05_-_Luke_Slater_-_XLR8R_Podcast_742,,16,,Kashpitzky,Defensive Approach [Be As One],Kashpitzky - Defensive Approach [Be As One]
2022-04-05 - Luke Slater - XLR8R Podcast 742,https://www.mixesdb.com/w/2022-04-05_-_Luke_Slater_-_XLR8R_Podcast_742,,17,,Steve Bicknell,A Day In The Life 04 [KR3.005],Steve Bicknell - A Day In The Life 04 [KR3.005]
2022-04-05 - Luke Slater - XLR8R Podcast 742,https://www.mixesdb.com/w/2022-04-05_-_Luke_Slater_-_XLR8R_Podcast_742,,18,,Peter Eilmes,Biadan [SENSOR],Peter Eilmes - Biadan [SENSOR]
2022-04-05 - Luke Slater - XLR8R Podcast 742,https://www.mixesdb.com/w/2022-04-05_-_Luke_Slater_-_XLR8R_Podcast_742,,19,,Kracht,Juno [Krachtvoer],Kracht - Juno [Krachtvoer]
2022-04-05 - Luke Slater - XLR8R Podcast 742,https://www.mixesdb.com/w/2022-04-05_-_Luke_Slater_-_XLR8R_Podcast_742,,20,,Planetary Assault Systems,Rip The Cut (Luke Slater Remix 2) [Mote-Evolver - MOTE063D],Planetary Assault Systems - Rip The Cut (Luke Slater Remix 2) [Mote-Evolver - MOTE063D]
2022-04-05 - Luke Slater - XLR8R Podcast 742,https://www.mixesdb.com/w/2022-04-05_-_Luke_Slater_-_XLR8R_Podcast_742,,21,,Mark Broom,100% Juice [Rekids],Mark Broom - 100% Juice [Rekids]
2022-04-05 - Luke Slater - XLR8R Podcast 742,https://www.mixesdb.com/w/2022-04-05_-_Luke_Slater_-_XLR8R_Podcast_742,,22,,,?,?
2022-04-05 - Luke Slater - XLR8R Podcast 742,https://www.mixesdb.com/w/2022-04-05_-_Luke_Slater_-_XLR8R_Podcast_742,,23,,Phara,Excess Retorics [Phaaar - PH001],Phara - Excess Retorics [Phaaar - PH001]
2009-11-19 - Luke Slater - Clash Music Podcast,https://www.mixesdb.com/w/2009-11-19_-_Luke_Slater_-_Clash_Music_Podcast,,1,,Samuli Kemppi,Metal Space (Mike Dehnert Remix) [Komisch - 002],Samuli Kemppi - Metal Space (Mike Dehnert Remix) [Komisch - 002]
2009-11-19 - Luke Slater - Clash Music Podcast,https://www.mixesdb.com/w/2009-11-19_-_Luke_Slater_-_Clash_Music_Podcast,,2,,Jens Zimmermann,X11 [Resopal - 069],Jens Zimmermann - X11 [Resopal - 069]
2009-11-19 - Luke Slater - Clash Music Podcast,https://www.mixesdb.com/w/2009-11-19_-_Luke_Slater_-_Clash_Music_Podcast,,3,,Unknown,Variance III (Marcel Dettmann Edit) [Sandwell District - 14],Unknown - Variance III (Marcel Dettmann Edit) [Sandwell District - 14]
2009-11-19 - Luke Slater - Clash Music Podcast,https://www.mixesdb.com/w/2009-11-19_-_Luke_Slater_-_Clash_Music_Podcast,,4,,19.454.18.5.25.5.18,When I Think Of... [Horizontal Ground - 01],19.454.18.5.25.5.18 - When I Think Of... [Horizontal Ground - 01]
2009-11-19 - Luke Slater - Clash Music Podcast,https://www.mixesdb.com/w/2009-11-19_-_Luke_Slater_-_Clash_Music_Podcast,,5,,DVS1,Running [Klockworks - 5],DVS1 - Running [Klockworks - 5]
2009-11-19 - Luke Slater - Clash Music Podcast,https://www.mixesdb.com/w/2009-11-19_-_Luke_Slater_-_Clash_Music_Podcast,,6,,Terence Fixmer,Hypnose (Radio Slave's Nose To The Floor Remix) [From Jupiter - 03],Terence Fixmer - Hypnose (Radio Slave's Nose To The Floor Remix) [From Jupiter - 03]
2009-11-19 - Luke Slater - Clash Music Podcast,https://www.mixesdb.com/w/2009-11-19_-_Luke_Slater_-_Clash_Music_Podcast,,7,,Soul Designer,The Soul Is Back (Luke Slater Remix) [Third Ear],Soul Designer - The Soul Is Back (Luke Slater Remix) [Third Ear]
2009-11-19 - Luke Slater - Clash Music Podcast,https://www.mixesdb.com/w/2009-11-19_-_Luke_Slater_-_Clash_Music_Podcast,,8,,Milton Bradley,Don't Phonk [Do Not Resist The Beat! - 02],Milton Bradley - Don't Phonk [Do Not Resist The Beat! - 02]
2009-11-19 - Luke Slater - Clash Music Podcast,https://www.mixesdb.com/w/2009-11-19_-_Luke_Slater_-_Clash_Music_Podcast,,9,,Bas Mooy,Like A Virgin [Impact Mechanics],Bas Mooy - Like A Virgin [Impact Mechanics]
2009-11-19 - Luke Slater - Clash Music Podcast,https://www.mixesdb.com/w/2009-11-19_-_Luke_Slater_-_Clash_Music_Podcast,,10,,Robert Hood,Obey [M-Plant],Robert Hood - Obey [M-Plant]
2009-11-19 - Luke Slater - Clash Music Podcast,https://www.mixesdb.com/w/2009-11-19_-_Luke_Slater_-_Clash_Music_Podcast,,11,,Jeff Mills,Rich [Axis],Jeff Mills - Rich [Axis]
2009-11-19 - Luke Slater - Clash Music Podcast,https://www.mixesdb.com/w/2009-11-19_-_Luke_Slater_-_Clash_Music_Podcast,,12,,James Ruskin,The Outsider (Luke Slater Remix) [Blueprint],James Ruskin - The Outsider (Luke Slater Remix) [Blueprint]
2009-11-19 - Luke Slater - Clash Music Podcast,https://www.mixesdb.com/w/2009-11-19_-_Luke_Slater_-_Clash_Music_Podcast,,13,,Planetary Assault Systems,Mark Me [Ostgut Ton],Planetary Assault Systems - Mark Me [Ostgut Ton]
2009-11-19 - Luke Slater - Clash Music Podcast,https://www.mixesdb.com/w/2009-11-19_-_Luke_Slater_-_Clash_Music_Podcast,,14,,Chris Finke,Shut That Door [Flux],Chris Finke - Shut That Door [Flux]
2009-11-19 - Luke Slater - Clash Music Podcast,https://www.mixesdb.com/w/2009-11-19_-_Luke_Slater_-_Clash_Music_Podcast,,15,,Cari Lekebusch,Spindizzy [Mote Evolver],Cari Lekebusch - Spindizzy [Mote Evolver]
2009-11-19 - Luke Slater - Clash Music Podcast,https://www.mixesdb.com/w/2009-11-19_-_Luke_Slater_-_Clash_Music_Podcast,,16,,Jerome Sydenham,My Pet Gorilla [Apotek],Jerome Sydenham - My Pet Gorilla [Apotek]
2009-11-19 - Luke Slater - Clash Music Podcast,https://www.mixesdb.com/w/2009-11-19_-_Luke_Slater_-_Clash_Music_Podcast,,17,,Planetary Assault Systems,Hold It [Ostgut Ton],Planetary Assault Systems - Hold It [Ostgut Ton]
2009-11-19 - Luke Slater - Clash Music Podcast,https://www.mixesdb.com/w/2009-11-19_-_Luke_Slater_-_Clash_Music_Podcast,,18,,Literon,Mindphaser (Into the 09 Remix) [Fortek],Literon - Mindphaser (Into the 09 Remix) [Fortek]
2009-11-19 - Luke Slater - Clash Music Podcast,https://www.mixesdb.com/w/2009-11-19_-_Luke_Slater_-_Clash_Music_Podcast,,19,,Mauro Picotto,Diamond (Mark Broom Remix) [Alchemy],Mauro Picotto - Diamond (Mark Broom Remix) [Alchemy]
2009-11-19 - Luke Slater - Clash Music Podcast,https://www.mixesdb.com/w/2009-11-19_-_Luke_Slater_-_Clash_Music_Podcast,,20,,Planetary Assault Systems,Temporary Suspension [Ostgut Ton],Planetary Assault Systems - Temporary Suspension [Ostgut Ton]
2005-10 - Pacou - Luke Slater Works Mix,https://www.mixesdb.com/w/2005-10_-_Pacou_-_Luke_Slater_Works_Mix,,1,,AdamBeyer+Lenk,PAS Remix#2 (Primate 19),AdamBeyer+Lenk - PAS Remix#2 (Primate 19)
2005-10 - Pacou - Luke Slater Works Mix,https://www.mixesdb.com/w/2005-10_-_Pacou_-_Luke_Slater_Works_Mix,,2,,PAS,Long Lost PF 079,PAS - Long Lost PF 079
2005-10 - Pacou - Luke Slater Works Mix,https://www.mixesdb.com/w/2005-10_-_Pacou_-_Luke_Slater_Works_Mix,,3,,Slam,Positive Education (Morganistic Mix#2) Soma 030,Slam - Positive Education (Morganistic Mix#2) Soma 030
2005-10 - Pacou - Luke Slater Works Mix,https://www.mixesdb.com/w/2005-10_-_Pacou_-_Luke_Slater_Works_Mix,,4,,PAS,Booster PF 029,PAS - Booster PF 029
2005-10 - Pacou - Luke Slater Works Mix,https://www.mixesdb.com/w/2005-10_-_Pacou_-_Luke_Slater_Works_Mix,,5,,Morganistic,it makes it Input Neuron LP 1 B1,Morganistic - it makes it Input Neuron LP 1 B1
2005-10 - Pacou - Luke Slater Works Mix,https://www.mixesdb.com/w/2005-10_-_Pacou_-_Luke_Slater_Works_Mix,,6,,PAS,Groove 4 Thought PFG 008 LP,PAS - Groove 4 Thought PFG 008 LP
2005-10 - Pacou - Luke Slater Works Mix,https://www.mixesdb.com/w/2005-10_-_Pacou_-_Luke_Slater_Works_Mix,,7,,Luke Slater,Freek Funk Bark mix novamute 12nomu56,Luke Slater - Freek Funk Bark mix novamute 12nomu56
2005-10 - Pacou - Luke Slater Works Mix,https://www.mixesdb.com/w/2005-10_-_Pacou_-_Luke_Slater_Works_Mix,,8,,Advent,Bad Boy (PAS Remix) Internal TRLPR 8,Advent - Bad Boy (PAS Remix) Internal TRLPR 8
2005-10 - Pacou - Luke Slater Works Mix,https://www.mixesdb.com/w/2005-10_-_Pacou_-_Luke_Slater_Works_Mix,,9,,Jacktronic,The Hustler PAS Mix PF 027,Jacktronic - The Hustler PAS Mix PF 027
2005-10 - Pacou - Luke Slater Works Mix,https://www.mixesdb.com/w/2005-10_-_Pacou_-_Luke_Slater_Works_Mix,,10,,PAS,Atomic PFG 008 LP,PAS - Atomic PFG 008 LP
2005-10 - Pacou - Luke Slater Works Mix,https://www.mixesdb.com/w/2005-10_-_Pacou_-_Luke_Slater_Works_Mix,,11,,Morganistic,leaf Input Neuron LP 1 C1,Morganistic - leaf Input Neuron LP 1 C1
2005-10 - Pacou - Luke Slater Works Mix,https://www.mixesdb.com/w/2005-10_-_Pacou_-_Luke_Slater_Works_Mix,,12,,PAS Vol 5,fUNK electric PF 057,PAS Vol 5 - fUNK electric PF 057
2005-10 - Pacou - Luke Slater Works Mix,https://www.mixesdb.com/w/2005-10_-_Pacou_-_Luke_Slater_Works_Mix,,13,,PAS,Voodoo PF 078,PAS - Voodoo PF 078
2005-10 - Pacou - Luke Slater Works Mix,https://www.mixesdb.com/w/2005-10_-_Pacou_-_Luke_Slater_Works_Mix,,14,,PAS,React Interact PF 020,PAS - React Interact PF 020
2005-10 - Pacou - Luke Slater Works Mix,https://www.mixesdb.com/w/2005-10_-_Pacou_-_Luke_Slater_Works_Mix,,15,,Clementine,Syn-Son Djax 187,Clementine - Syn-Son Djax 187
2005-10 - Pacou - Luke Slater Works Mix,https://www.mixesdb.com/w/2005-10_-_Pacou_-_Luke_Slater_Works_Mix,,16,,Luke Slater,Class Action 12nomu62,Luke Slater - Class Action 12nomu62
2005-10 - Pacou - Luke Slater Works Mix,https://www.mixesdb.com/w/2005-10_-_Pacou_-_Luke_Slater_Works_Mix,,17,,Luke Slater,HighWire NoMu57LP F2,Luke Slater - HighWire NoMu57LP F2
2005-10 - Pacou - Luke Slater Works Mix,https://www.mixesdb.com/w/2005-10_-_Pacou_-_Luke_Slater_Works_Mix,,18,,Morganistic,Bellows Input Neuron LP 1 A1,Morganistic - Bellows Input Neuron LP 1 A1
2005-10 - Pacou - Luke Slater Works Mix,https://www.mixesdb.com/w/2005-10_-_Pacou_-_Luke_Slater_Works_Mix,,19,,Luke Slater,QuadFonik PF 019,Luke Slater - QuadFonik PF 019
2005-10 - Pacou - Luke Slater Works Mix,https://www.mixesdb.com/w/2005-10_-_Pacou_-_Luke_Slater_Works_Mix,,20,,JB3,Forklift (Luke Slaters Filtered Mix) 12nomu49,JB3 - Forklift (Luke Slaters Filtered Mix) 12nomu49
2005-10 - Pacou - Luke Slater Works Mix,https://www.mixesdb.com/w/2005-10_-_Pacou_-_Luke_Slater_Works_Mix,,21,,PAS,Shift PF 079,PAS - Shift PF 079
2005-10 - Pacou - Luke Slater Works Mix,https://www.mixesdb.com/w/2005-10_-_Pacou_-_Luke_Slater_Works_Mix,,22,,Luke Slater,Engine One NoMu57LP A1,Luke Slater - Engine One NoMu57LP A1
2005-10 - Pacou - Luke Slater Works Mix,https://www.mixesdb.com/w/2005-10_-_Pacou_-_Luke_Slater_Works_Mix,,23,,PAS,In from The Night PF 012,PAS - In from The Night PF 012
2005-10 - Pacou - Luke Slater Works Mix,https://www.mixesdb.com/w/2005-10_-_Pacou_-_Luke_Slater_Works_Mix,,24,,PAS,Raise Up PF 081,PAS - Raise Up PF 081
2005-10 - Pacou - Luke Slater Works Mix,https://www.mixesdb.com/w/2005-10_-_Pacou_-_Luke_Slater_Works_Mix,,25,,Luke Slater,Moave Violin PF 068,Luke Slater - Moave Violin PF 068
2005-10 - Pacou - Luke Slater Works Mix,https://www.mixesdb.com/w/2005-10_-_Pacou_-_Luke_Slater_Works_Mix,,26,,Clementine,Breaking Point Djax 187,Clementine - Breaking Point Djax 187
"1998-10-09 - Luke Slater @ LaGoa's 8th Anniversary, LaGoa, Menen, Belgium","https://www.mixesdb.com/w/1998-10-09_-_Luke_Slater_@_LaGoa's_8th_Anniversary,_LaGoa,_Menen,_Belgium",Side A,1,00,,?,?
"1998-10-09 - Luke Slater @ LaGoa's 8th Anniversary, LaGoa, Menen, Belgium","https://www.mixesdb.com/w/1998-10-09_-_Luke_Slater_@_LaGoa's_8th_Anniversary,_LaGoa,_Menen,_Belgium",Side A,2,01,Faithless,God Is A DJ (Sharp Remix),Faithless - God Is A DJ (Sharp Remix)
"1998-10-09 - Luke Slater @ LaGoa's 8th Anniversary, LaGoa, Menen, Belgium","https://www.mixesdb.com/w/1998-10-09_-_Luke_Slater_@_LaGoa's_8th_Anniversary,_LaGoa,_Menen,_Belgium",Side A,3,06,Designer Music,Good Girls,Designer Music - Good Girls
"1998-10-09 - Luke Slater @ LaGoa's 8th Anniversary, LaGoa, Menen, Belgium","https://www.mixesdb.com/w/1998-10-09_-_Luke_Slater_@_LaGoa's_8th_Anniversary,_LaGoa,_Menen,_Belgium",Side A,4,08,,?,?
"1998-10-09 - Luke Slater @ LaGoa's 8th Anniversary, LaGoa, Menen, Belgium","https://www.mixesdb.com/w/1998-10-09_-_Luke_Slater_@_LaGoa's_8th_Anniversary,_LaGoa,_Menen,_Belgium",Side A,5,12,,?,?
"1998-10-09 - Luke Slater @ LaGoa's 8th Anniversary, LaGoa, Menen, Belgium","https://www.mixesdb.com/w/1998-10-09_-_Luke_Slater_@_LaGoa's_8th_Anniversary,_LaGoa,_Menen,_Belgium",Side A,6,15,Thomas Schumacher,When I Rock (Johannes Heil Remix),Thomas Schumacher - When I Rock (Johannes Heil Remix)
"1998-10-09 - Luke Slater @ LaGoa's 8th Anniversary, LaGoa, Menen, Belgium","https://www.mixesdb.com/w/1998-10-09_-_Luke_Slater_@_LaGoa's_8th_Anniversary,_LaGoa,_Menen,_Belgium",Side A,7,19,"""M""",The Fuzz (Loophole Mix),"""M"" - The Fuzz (Loophole Mix)"
"1998-10-09 - Luke Slater @ LaGoa's 8th Anniversary, LaGoa, Menen, Belgium","https://www.mixesdb.com/w/1998-10-09_-_Luke_Slater_@_LaGoa's_8th_Anniversary,_LaGoa,_Menen,_Belgium",Side A,8,21,Jeff Mills,Automatic,Jeff Mills - Automatic
"1998-10-09 - Luke Slater @ LaGoa's 8th Anniversary, LaGoa, Menen, Belgium","https://www.mixesdb.com/w/1998-10-09_-_Luke_Slater_@_LaGoa's_8th_Anniversary,_LaGoa,_Menen,_Belgium",Side A,9,23,Jeff Mills,The Bells,Jeff Mills - The Bells
"1998-10-09 - Luke Slater @ LaGoa's 8th Anniversary, LaGoa, Menen, Belgium","https://www.mixesdb.com/w/1998-10-09_-_Luke_Slater_@_LaGoa's_8th_Anniversary,_LaGoa,_Menen,_Belgium",Side A,10,26,,?,?
"1998-10-09 - Luke Slater @ LaGoa's 8th Anniversary, LaGoa, Menen, Belgium","https://www.mixesdb.com/w/1998-10-09_-_Luke_Slater_@_LaGoa's_8th_Anniversary,_LaGoa,_Menen,_Belgium",Side A,11,28,,?,?
"1998-10-09 - Luke Slater @ LaGoa's 8th Anniversary, LaGoa, Menen, Belgium","https://www.mixesdb.com/w/1998-10-09_-_Luke_Slater_@_LaGoa's_8th_Anniversary,_LaGoa,_Menen,_Belgium",Side B,1,32,The Advent,Panther [Kombination Research - KR005],The Advent - Panther [Kombination Research - KR005]
"1998-10-09 - Luke Slater @ LaGoa's 8th Anniversary, LaGoa, Menen, Belgium","https://www.mixesdb.com/w/1998-10-09_-_Luke_Slater_@_LaGoa's_8th_Anniversary,_LaGoa,_Menen,_Belgium",Side B,2,33,The Advent,Remake,The Advent - Remake
"1998-10-09 - Luke Slater @ LaGoa's 8th Anniversary, LaGoa, Menen, Belgium","https://www.mixesdb.com/w/1998-10-09_-_Luke_Slater_@_LaGoa's_8th_Anniversary,_LaGoa,_Menen,_Belgium",Side B,3,36,,?,?
"1998-10-09 - Luke Slater @ LaGoa's 8th Anniversary, LaGoa, Menen, Belgium","https://www.mixesdb.com/w/1998-10-09_-_Luke_Slater_@_LaGoa's_8th_Anniversary,_LaGoa,_Menen,_Belgium",Side B,4,39,,?,?
"1998-10-09 - Luke Slater @ LaGoa's 8th Anniversary, LaGoa, Menen, Belgium","https://www.mixesdb.com/w/1998-10-09_-_Luke_Slater_@_LaGoa's_8th_Anniversary,_LaGoa,_Menen,_Belgium",Side B,5,41,,?,?
"1998-10-09 - Luke Slater @ LaGoa's 8th Anniversary, LaGoa, Menen, Belgium","https://www.mixesdb.com/w/1998-10-09_-_Luke_Slater_@_LaGoa's_8th_Anniversary,_LaGoa,_Menen,_Belgium",Side B,6,44,,?,?
"1998-10-09 - Luke Slater @ LaGoa's 8th Anniversary, LaGoa, Menen, Belgium","https://www.mixesdb.com/w/1998-10-09_-_Luke_Slater_@_LaGoa's_8th_Anniversary,_LaGoa,_Menen,_Belgium",Side B,7,45,,?,?
"1998-10-09 - Luke Slater @ LaGoa's 8th Anniversary, LaGoa, Menen, Belgium","https://www.mixesdb.com/w/1998-10-09_-_Luke_Slater_@_LaGoa's_8th_Anniversary,_LaGoa,_Menen,_Belgium",Side B,8,46,Planetary Assault Systems,Screen,Planetary Assault Systems - Screen
"1998-10-09 - Luke Slater @ LaGoa's 8th Anniversary, LaGoa, Menen, Belgium","https://www.mixesdb.com/w/1998-10-09_-_Luke_Slater_@_LaGoa's_8th_Anniversary,_LaGoa,_Menen,_Belgium",Side B,9,49,,?,?
"1998-10-09 - Luke Slater @ LaGoa's 8th Anniversary, LaGoa, Menen, Belgium","https://www.mixesdb.com/w/1998-10-09_-_Luke_Slater_@_LaGoa's_8th_Anniversary,_LaGoa,_Menen,_Belgium",Side B,10,53,D.J. Funk,Run (U.K.),D.J. Funk - Run (U.K.)
"1998-10-09 - Luke Slater @ LaGoa's 8th Anniversary, LaGoa, Menen, Belgium","https://www.mixesdb.com/w/1998-10-09_-_Luke_Slater_@_LaGoa's_8th_Anniversary,_LaGoa,_Menen,_Belgium",Side B,11,55,,?,?
"1998-10-09 - Luke Slater @ LaGoa's 8th Anniversary, LaGoa, Menen, Belgium","https://www.mixesdb.com/w/1998-10-09_-_Luke_Slater_@_LaGoa's_8th_Anniversary,_LaGoa,_Menen,_Belgium",Side B,12,58,,?,?
"1998-10-09 - Luke Slater @ LaGoa's 8th Anniversary, LaGoa, Menen, Belgium","https://www.mixesdb.com/w/1998-10-09_-_Luke_Slater_@_LaGoa's_8th_Anniversary,_LaGoa,_Menen,_Belgium",Side B,13,61,,?,?
2022-05-26 - Luke Slater - SPND20 Mixtape,https://www.mixesdb.com/w/2022-05-26_-_Luke_Slater_-_SPND20_Mixtape,,1,000,Bidoben,Gstaad [Truncate - DGTL09],Bidoben - Gstaad [Truncate - DGTL09]
2022-05-26 - Luke Slater - SPND20 Mixtape,https://www.mixesdb.com/w/2022-05-26_-_Luke_Slater_-_SPND20_Mixtape,,2,005,Falling Echoes,Shadow Ban [Olympian - OLY24],Falling Echoes - Shadow Ban [Olympian - OLY24]
2022-05-26 - Luke Slater - SPND20 Mixtape,https://www.mixesdb.com/w/2022-05-26_-_Luke_Slater_-_SPND20_Mixtape,,3,007,Marco Bruno,Runaway [Symbolism - SYMDIGI009],Marco Bruno - Runaway [Symbolism - SYMDIGI009]
2022-05-26 - Luke Slater - SPND20 Mixtape,https://www.mixesdb.com/w/2022-05-26_-_Luke_Slater_-_SPND20_Mixtape,,4,013,Jacobworld,180 Degrees [Format - FR019],Jacobworld - 180 Degrees [Format - FR019]
2022-05-26 - Luke Slater - SPND20 Mixtape,https://www.mixesdb.com/w/2022-05-26_-_Luke_Slater_-_SPND20_Mixtape,,5,015,Temudo,2023 [Klockworks - KW31],Temudo - 2023 [Klockworks - KW31]
2022-05-26 - Luke Slater - SPND20 Mixtape,https://www.mixesdb.com/w/2022-05-26_-_Luke_Slater_-_SPND20_Mixtape,,6,019,,?,?
2022-05-26 - Luke Slater - SPND20 Mixtape,https://www.mixesdb.com/w/2022-05-26_-_Luke_Slater_-_SPND20_Mixtape,,7,021,DJ Dextro,Stripe 82 [Suara - 445],DJ Dextro - Stripe 82 [Suara - 445]
2022-05-26 - Luke Slater - SPND20 Mixtape,https://www.mixesdb.com/w/2022-05-26_-_Luke_Slater_-_SPND20_Mixtape,,8,023,Axel Karakasis,Airborne Dust [Tronic - TR424],Axel Karakasis - Airborne Dust [Tronic - TR424]
2022-05-26 - Luke Slater - SPND20 Mixtape,https://www.mixesdb.com/w/2022-05-26_-_Luke_Slater_-_SPND20_Mixtape,,9,028,Truncate,First Phase (Planetary Assault Systems Remix) [Truncate - 22],Truncate - First Phase (Planetary Assault Systems Remix) [Truncate - 22]
2022-05-26 - Luke Slater - SPND20 Mixtape,https://www.mixesdb.com/w/2022-05-26_-_Luke_Slater_-_SPND20_Mixtape,,10,033,,?,?
2022-05-26 - Luke Slater - SPND20 Mixtape,https://www.mixesdb.com/w/2022-05-26_-_Luke_Slater_-_SPND20_Mixtape,,11,036,ANNĒ (GR),Nude (Insolate Remix) [Out Of Place - OOP015],ANNĒ (GR) - Nude (Insolate Remix) [Out Of Place - OOP015]
2022-05-26 - Luke Slater - SPND20 Mixtape,https://www.mixesdb.com/w/2022-05-26_-_Luke_Slater_-_SPND20_Mixtape,,12,041,Kashpitzky,Reckless [Be As One - BAOX15],Kashpitzky - Reckless [Be As One - BAOX15]
2022-05-26 - Luke Slater - SPND20 Mixtape,https://www.mixesdb.com/w/2022-05-26_-_Luke_Slater_-_SPND20_Mixtape,,13,044,Adam Beyer & Joseph Capriati,Congenial Endeavor,Adam Beyer & Joseph Capriati - Congenial Endeavor
2022-05-26 - Luke Slater - SPND20 Mixtape,https://www.mixesdb.com/w/2022-05-26_-_Luke_Slater_-_SPND20_Mixtape,,14,046,Planetary Assault Systems,Rip The Cut (Dubfire Remix) [Mote Evolver - MOTE063D],Planetary Assault Systems - Rip The Cut (Dubfire Remix) [Mote Evolver - MOTE063D]
2022-05-26 - Luke Slater - SPND20 Mixtape,https://www.mixesdb.com/w/2022-05-26_-_Luke_Slater_-_SPND20_Mixtape,,15,051,Reinier Zonneveld X Speedy J,Kicktrack [Filth On Acid - FOA111],Reinier Zonneveld X Speedy J - Kicktrack [Filth On Acid - FOA111]
2022-05-26 - Luke Slater - SPND20 Mixtape,https://www.mixesdb.com/w/2022-05-26_-_Luke_Slater_-_SPND20_Mixtape,,16,056,,?,?
2022-05-26 - Luke Slater - SPND20 Mixtape,https://www.mixesdb.com/w/2022-05-26_-_Luke_Slater_-_SPND20_Mixtape,,17,060,Reinier Zonneveld X Speedy J,Nummer 3 [Filth On Acid - FOA111],Reinier Zonneveld X Speedy J - Nummer 3 [Filth On Acid - FOA111]
2022-05-26 - Luke Slater - SPND20 Mixtape,https://www.mixesdb.com/w/2022-05-26_-_Luke_Slater_-_SPND20_Mixtape,,18,064,ALNA,Trust (Fred Asquith Remix) [OUT OF CTRL - OOC001],ALNA - Trust (Fred Asquith Remix) [OUT OF CTRL - OOC001]
2022-05-26 - Luke Slater - SPND20 Mixtape,https://www.mixesdb.com/w/2022-05-26_-_Luke_Slater_-_SPND20_Mixtape,,19,067,Ultrastation,Klymat (Dirt) [Something Happening Somewhere - SOHASO037],Ultrastation - Klymat (Dirt) [Something Happening Somewhere - SOHASO037]
2022-05-26 - Luke Slater - SPND20 Mixtape,https://www.mixesdb.com/w/2022-05-26_-_Luke_Slater_-_SPND20_Mixtape,,20,069,Dok & Martin,Dynamic Range [EI8HT - 026],Dok & Martin - Dynamic Range [EI8HT - 026]
2022-05-26 - Luke Slater - SPND20 Mixtape,https://www.mixesdb.com/w/2022-05-26_-_Luke_Slater_-_SPND20_Mixtape,,21,073,Planetary Assault Systems,Say It Loud [Token - 100D],Planetary Assault Systems - Say It Loud [Token - 100D]
2022-05-26 - Luke Slater - SPND20 Mixtape,https://www.mixesdb.com/w/2022-05-26_-_Luke_Slater_-_SPND20_Mixtape,,22,078,The Lady Machine,Collide [Mote Evolver - MOTE062D],The Lady Machine - Collide [Mote Evolver - MOTE062D]
2022-05-26 - Luke Slater - SPND20 Mixtape,https://www.mixesdb.com/w/2022-05-26_-_Luke_Slater_-_SPND20_Mixtape,,23,082,Planetary Assault Systems,Rip The Cut (Luke Slater Remix 2) [Mote Evolver - MOTE063D],Planetary Assault Systems - Rip The Cut (Luke Slater Remix 2) [Mote Evolver - MOTE063D]
2022-05-26 - Luke Slater - SPND20 Mixtape,https://www.mixesdb.com/w/2022-05-26_-_Luke_Slater_-_SPND20_Mixtape,,24,086,Kracht,Juno [Krachtvoer - KV008],Kracht - Juno [Krachtvoer - KV008]
2022-05-26 - Luke Slater - SPND20 Mixtape,https://www.mixesdb.com/w/2022-05-26_-_Luke_Slater_-_SPND20_Mixtape,,25,090,Planetary Assault Systems,Desert Races [Mote Evolver - MOTE050D],Planetary Assault Systems - Desert Races [Mote Evolver - MOTE050D]
2022-05-26 - Luke Slater - SPND20 Mixtape,https://www.mixesdb.com/w/2022-05-26_-_Luke_Slater_-_SPND20_Mixtape,,26,094,Planetary Assault Systems,Devotion (Truncate Remix) [Token - 108D],Planetary Assault Systems - Devotion (Truncate Remix) [Token - 108D]
2022-05-26 - Luke Slater - SPND20 Mixtape,https://www.mixesdb.com/w/2022-05-26_-_Luke_Slater_-_SPND20_Mixtape,,27,098,Planetary Assault Systems,Sucktion [Mote Evolver - MOTE022D],Planetary Assault Systems - Sucktion [Mote Evolver - MOTE022D]
2022-05-26 - Luke Slater - SPND20 Mixtape,https://www.mixesdb.com/w/2022-05-26_-_Luke_Slater_-_SPND20_Mixtape,,28,103,Planetary Assault Systems,Whip It Good [Ostgut Ton - OTON123D],Planetary Assault Systems - Whip It Good [Ostgut Ton - OTON123D]
2022-05-26 - Luke Slater - SPND20 Mixtape,https://www.mixesdb.com/w/2022-05-26_-_Luke_Slater_-_SPND20_Mixtape,,29,109,Albert Salvatierra,Transmitter Setup [Planet Rhythm - PRRUKBLK064],Albert Salvatierra - Transmitter Setup [Planet Rhythm - PRRUKBLK064]
2022-05-26 - Luke Slater - SPND20 Mixtape,https://www.mixesdb.com/w/2022-05-26_-_Luke_Slater_-_SPND20_Mixtape,,30,113,,?,?
2022-05-26 - Luke Slater - SPND20 Mixtape,https://www.mixesdb.com/w/2022-05-26_-_Luke_Slater_-_SPND20_Mixtape,,31,116,Planetary Assault Systems,In From The Night [Peacefrog - PF039DA],Planetary Assault Systems - In From The Night [Peacefrog - PF039DA]
2014-11-20 - Luke Slater - Slam Radio 112,https://www.mixesdb.com/w/2014-11-20_-_Luke_Slater_-_Slam_Radio_112,,1,00,Drumcell,Departing Comfort (Planetary Assault Systems Remix) [CLR - 085],Drumcell - Departing Comfort (Planetary Assault Systems Remix) [CLR - 085]
2014-11-20 - Luke Slater - Slam Radio 112,https://www.mixesdb.com/w/2014-11-20_-_Luke_Slater_-_Slam_Radio_112,,2,10,Slam,Factory Music (Planetary Assault Systems Remix) [Soma - 419],Slam - Factory Music (Planetary Assault Systems Remix) [Soma - 419]
2014-11-20 - Luke Slater - Slam Radio 112,https://www.mixesdb.com/w/2014-11-20_-_Luke_Slater_-_Slam_Radio_112,,3,14,Reeko,Electrical Phenomena [Polegroup - 014],Reeko - Electrical Phenomena [Polegroup - 014]
2014-11-20 - Luke Slater - Slam Radio 112,https://www.mixesdb.com/w/2014-11-20_-_Luke_Slater_-_Slam_Radio_112,,4,16,Planetary Assault Systems,Black Tea [Ostgut Ton - OSTGUT CD20DIGITAL],Planetary Assault Systems - Black Tea [Ostgut Ton - OSTGUT CD20DIGITAL]
2014-11-20 - Luke Slater - Slam Radio 112,https://www.mixesdb.com/w/2014-11-20_-_Luke_Slater_-_Slam_Radio_112,,5,19,Rødhåd,Newspeak [Dystopian - 001],Rødhåd - Newspeak [Dystopian - 001]
2014-11-20 - Luke Slater - Slam Radio 112,https://www.mixesdb.com/w/2014-11-20_-_Luke_Slater_-_Slam_Radio_112,,6,22,Truncate,44 Test,Truncate - 44 Test
2014-11-20 - Luke Slater - Slam Radio 112,https://www.mixesdb.com/w/2014-11-20_-_Luke_Slater_-_Slam_Radio_112,,7,??,Psyk,Track G [Mote-Evolver],Psyk - Track G [Mote-Evolver]
2014-11-20 - Luke Slater - Slam Radio 112,https://www.mixesdb.com/w/2014-11-20_-_Luke_Slater_-_Slam_Radio_112,,8,??,Sound Associates,Jacknife (Len Faki DJ Edit) [Figure - 57],Sound Associates - Jacknife (Len Faki DJ Edit) [Figure - 57]
2014-11-20 - Luke Slater - Slam Radio 112,https://www.mixesdb.com/w/2014-11-20_-_Luke_Slater_-_Slam_Radio_112,,9,??,Secret Cinema,Volt [EC],Secret Cinema - Volt [EC]
2014-11-20 - Luke Slater - Slam Radio 112,https://www.mixesdb.com/w/2014-11-20_-_Luke_Slater_-_Slam_Radio_112,,10,??,Nikola Gala,Exhale Out (Mark Broom Remix) [Enemy],Nikola Gala - Exhale Out (Mark Broom Remix) [Enemy]
2014-11-20 - Luke Slater - Slam Radio 112,https://www.mixesdb.com/w/2014-11-20_-_Luke_Slater_-_Slam_Radio_112,,11,27,Robert Hood,Unix: Alive [M-Plant - MPM 12],Robert Hood - Unix: Alive [M-Plant - MPM 12]
2014-11-20 - Luke Slater - Slam Radio 112,https://www.mixesdb.com/w/2014-11-20_-_Luke_Slater_-_Slam_Radio_112,,12,28,Andrea Belluzzi,Opi [Forthcoming],Andrea Belluzzi - Opi [Forthcoming]
2014-11-20 - Luke Slater - Slam Radio 112,https://www.mixesdb.com/w/2014-11-20_-_Luke_Slater_-_Slam_Radio_112,,13,??,Planetary Assault Systems,Cold Bolster [Ostguton],Planetary Assault Systems - Cold Bolster [Ostguton]
2014-11-20 - Luke Slater - Slam Radio 112,https://www.mixesdb.com/w/2014-11-20_-_Luke_Slater_-_Slam_Radio_112,,14,??,Planetary Assault Systems,The Eyes Themselves [Mote-Evolver],Planetary Assault Systems - The Eyes Themselves [Mote-Evolver]
2014-11-20 - Luke Slater - Slam Radio 112,https://www.mixesdb.com/w/2014-11-20_-_Luke_Slater_-_Slam_Radio_112,,15,37,Blue Hour,Falling Lines [Blue Hour - BH 004],Blue Hour - Falling Lines [Blue Hour - BH 004]
2014-11-20 - Luke Slater - Slam Radio 112,https://www.mixesdb.com/w/2014-11-20_-_Luke_Slater_-_Slam_Radio_112,,16,39,Ben Sims,Tough [Groove Theory],Ben Sims - Tough [Groove Theory]
2014-11-20 - Luke Slater - Slam Radio 112,https://www.mixesdb.com/w/2014-11-20_-_Luke_Slater_-_Slam_Radio_112,,17,??,Ben Sims,The Fear (Planetary Assault Systems Remix) [Grove Theory - 050.2],Ben Sims - The Fear (Planetary Assault Systems Remix) [Grove Theory - 050.2]
2014-11-20 - Luke Slater - Slam Radio 112,https://www.mixesdb.com/w/2014-11-20_-_Luke_Slater_-_Slam_Radio_112,,18,??,Pär Grindvik,The Planets [Stockholm LTD],Pär Grindvik - The Planets [Stockholm LTD]
2014-11-20 - Luke Slater - Slam Radio 112,https://www.mixesdb.com/w/2014-11-20_-_Luke_Slater_-_Slam_Radio_112,,19,??,Planetary Assault Systems,Arc [Mote Evolver - 041],Planetary Assault Systems - Arc [Mote Evolver - 041]
2014-11-20 - Luke Slater - Slam Radio 112,https://www.mixesdb.com/w/2014-11-20_-_Luke_Slater_-_Slam_Radio_112,,20,??,Steve Bicknell,Untitled (A1) [Cosmic - 035],Steve Bicknell - Untitled (A1) [Cosmic - 035]
2014-11-20 - Luke Slater - Slam Radio 112,https://www.mixesdb.com/w/2014-11-20_-_Luke_Slater_-_Slam_Radio_112,,21,??,Andrea Belluzzi,Pilan [Promo],Andrea Belluzzi - Pilan [Promo]
2014-11-20 - Luke Slater - Slam Radio 112,https://www.mixesdb.com/w/2014-11-20_-_Luke_Slater_-_Slam_Radio_112,,22,54,Surgeon,Fixed Action [Token],Surgeon - Fixed Action [Token]
2014-11-20 - Luke Slater - Slam Radio 112,https://www.mixesdb.com/w/2014-11-20_-_Luke_Slater_-_Slam_Radio_112,,23,??,Moderat,Bad Kingdom (Marcel Dettmann Remix) [50Weapons - RMX09],Moderat - Bad Kingdom (Marcel Dettmann Remix) [50Weapons - RMX09]
2014-11-20 - Luke Slater - Slam Radio 112,https://www.mixesdb.com/w/2014-11-20_-_Luke_Slater_-_Slam_Radio_112,,24,??,Luke Slater,Untitled Loop Groove,Luke Slater - Untitled Loop Groove
2014-11-20 - Luke Slater - Slam Radio 112,https://www.mixesdb.com/w/2014-11-20_-_Luke_Slater_-_Slam_Radio_112,,25,??,LFO,LFO (Leeds Warehouse Mix) [Warp],LFO - LFO (Leeds Warehouse Mix) [Warp]
2014-11-20 - Luke Slater - Slam Radio 112,https://www.mixesdb.com/w/2014-11-20_-_Luke_Slater_-_Slam_Radio_112,,26,??,Planetary Assault Systems,Booster (Album Mix) [Peacefrog],Planetary Assault Systems - Booster (Album Mix) [Peacefrog]
2024 - Philip Ryan - A Tribute To Luke Slater,https://www.mixesdb.com/w/2024_-_Philip_Ryan_-_A_Tribute_To_Luke_Slater,,1,,The 7th Plain,Grace [GPR],The 7th Plain - Grace [GPR]
2024 - Philip Ryan - A Tribute To Luke Slater,https://www.mixesdb.com/w/2024_-_Philip_Ryan_-_A_Tribute_To_Luke_Slater,,2,,Planetary Assault Systems,Elec Tric [Peacefrog],Planetary Assault Systems - Elec Tric [Peacefrog]
2024 - Philip Ryan - A Tribute To Luke Slater,https://www.mixesdb.com/w/2024_-_Philip_Ryan_-_A_Tribute_To_Luke_Slater,,3,,Luke Slater,The Secret Garden [Peacefrog],Luke Slater - The Secret Garden [Peacefrog]
2024 - Philip Ryan - A Tribute To Luke Slater,https://www.mixesdb.com/w/2024_-_Philip_Ryan_-_A_Tribute_To_Luke_Slater,,4,,Clementine,Fast Lane [Djax-Up-Beats],Clementine - Fast Lane [Djax-Up-Beats]
2024 - Philip Ryan - A Tribute To Luke Slater,https://www.mixesdb.com/w/2024_-_Philip_Ryan_-_A_Tribute_To_Luke_Slater,,5,,Planetary Assault Systems,Gruve [Peacefrog],Planetary Assault Systems - Gruve [Peacefrog]
2024 - Philip Ryan - A Tribute To Luke Slater,https://www.mixesdb.com/w/2024_-_Philip_Ryan_-_A_Tribute_To_Luke_Slater,,6,,Luke Slater,Freek Funk [NovaMute],Luke Slater - Freek Funk [NovaMute]
2024 - Philip Ryan - A Tribute To Luke Slater,https://www.mixesdb.com/w/2024_-_Philip_Ryan_-_A_Tribute_To_Luke_Slater,,7,,L.B. Dub Corp,Night Time Hawk [Mote Evolver],L.B. Dub Corp - Night Time Hawk [Mote Evolver]
2024 - Philip Ryan - A Tribute To Luke Slater,https://www.mixesdb.com/w/2024_-_Philip_Ryan_-_A_Tribute_To_Luke_Slater,,8,,Luke Slater,Expectation No3 [Peacefrog],Luke Slater - Expectation No3 [Peacefrog]
2024 - Philip Ryan - A Tribute To Luke Slater,https://www.mixesdb.com/w/2024_-_Philip_Ryan_-_A_Tribute_To_Luke_Slater,,9,,Luke Slater,Spadang [Jelly Jam],Luke Slater - Spadang [Jelly Jam]
2024 - Philip Ryan - A Tribute To Luke Slater,https://www.mixesdb.com/w/2024_-_Philip_Ryan_-_A_Tribute_To_Luke_Slater,,10,,Planetary Assault Systems,Red [Ostgut Ton],Planetary Assault Systems - Red [Ostgut Ton]
2024 - Philip Ryan - A Tribute To Luke Slater,https://www.mixesdb.com/w/2024_-_Philip_Ryan_-_A_Tribute_To_Luke_Slater,,11,,Morganistic,Bellows [Input Neuron Musique],Morganistic - Bellows [Input Neuron Musique]
2024 - Philip Ryan - A Tribute To Luke Slater,https://www.mixesdb.com/w/2024_-_Philip_Ryan_-_A_Tribute_To_Luke_Slater,,12,,Phil Kieran,Wasps Under A Toy Boat (Planetary Assault Systems Remix) [Cocoon],Phil Kieran - Wasps Under A Toy Boat (Planetary Assault Systems Remix) [Cocoon]
2024 - Philip Ryan - A Tribute To Luke Slater,https://www.mixesdb.com/w/2024_-_Philip_Ryan_-_A_Tribute_To_Luke_Slater,,13,,JB3,Forklift (Luke Slater's Filtered Remix) [NovaMute],JB3 - Forklift (Luke Slater's Filtered Remix) [NovaMute]
2024 - Philip Ryan - A Tribute To Luke Slater,https://www.mixesdb.com/w/2024_-_Philip_Ryan_-_A_Tribute_To_Luke_Slater,,14,,Luke Slater,Quad Fonic [Peacefrog],Luke Slater - Quad Fonic [Peacefrog]
2024 - Philip Ryan - A Tribute To Luke Slater,https://www.mixesdb.com/w/2024_-_Philip_Ryan_-_A_Tribute_To_Luke_Slater,,15,,Planetary Assault Systems,Bang Wap [Token],Planetary Assault Systems - Bang Wap [Token]
2024 - Philip Ryan - A Tribute To Luke Slater,https://www.mixesdb.com/w/2024_-_Philip_Ryan_-_A_Tribute_To_Luke_Slater,,16,,Ken Ishii,Extra (Luke Slater Mix),Ken Ishii - Extra (Luke Slater Mix)
2024 - Philip Ryan - A Tribute To Luke Slater,https://www.mixesdb.com/w/2024_-_Philip_Ryan_-_A_Tribute_To_Luke_Slater,,17,,Clementine,Sun-Son [Djax-Up Beats],Clementine - Sun-Son [Djax-Up Beats]
2024 - Philip Ryan - A Tribute To Luke Slater,https://www.mixesdb.com/w/2024_-_Philip_Ryan_-_A_Tribute_To_Luke_Slater,,18,,Adam Beyer & Lenk,Drum Code No1 (Planetary Assault Systems Mix1) [Primate],Adam Beyer & Lenk - Drum Code No1 (Planetary Assault Systems Mix1) [Primate]
2024 - Philip Ryan - A Tribute To Luke Slater,https://www.mixesdb.com/w/2024_-_Philip_Ryan_-_A_Tribute_To_Luke_Slater,,19,,Steve Bicknell,Untitled (Planetary Assault System Remix) [Cosmic],Steve Bicknell - Untitled (Planetary Assault System Remix) [Cosmic]
2024 - Philip Ryan - A Tribute To Luke Slater,https://www.mixesdb.com/w/2024_-_Philip_Ryan_-_A_Tribute_To_Luke_Slater,,20,,Luke Slater,Let Eat All Vanbrook [NovaMute],Luke Slater - Let Eat All Vanbrook [NovaMute]
2022-04-16 - Luke Slater @ Awakenings Easter Festival 2022,https://www.mixesdb.com/w/2022-04-16_-_Luke_Slater_@_Awakenings_Easter_Festival_2022,,1,00,,?,?
2022-04-16 - Luke Slater @ Awakenings Easter Festival 2022,https://www.mixesdb.com/w/2022-04-16_-_Luke_Slater_@_Awakenings_Easter_Festival_2022,,2,02,Bidoben,Gstaad,Bidoben - Gstaad
2022-04-16 - Luke Slater @ Awakenings Easter Festival 2022,https://www.mixesdb.com/w/2022-04-16_-_Luke_Slater_@_Awakenings_Easter_Festival_2022,,3,07,Planetary Assault Systems,Rip The Cut (Luke Slater Remix 1),Planetary Assault Systems - Rip The Cut (Luke Slater Remix 1)
2022-04-16 - Luke Slater @ Awakenings Easter Festival 2022,https://www.mixesdb.com/w/2022-04-16_-_Luke_Slater_@_Awakenings_Easter_Festival_2022,,4,10,Marco Bruno,Runaway,Marco Bruno - Runaway
2022-04-16 - Luke Slater @ Awakenings Easter Festival 2022,https://www.mixesdb.com/w/2022-04-16_-_Luke_Slater_@_Awakenings_Easter_Festival_2022,,5,13,Jacob World,180 Degrees,Jacob World - 180 Degrees
2022-04-16 - Luke Slater @ Awakenings Easter Festival 2022,https://www.mixesdb.com/w/2022-04-16_-_Luke_Slater_@_Awakenings_Easter_Festival_2022,,6,15,Axel Karakasis,Airborne Dust,Axel Karakasis - Airborne Dust
2022-04-16 - Luke Slater @ Awakenings Easter Festival 2022,https://www.mixesdb.com/w/2022-04-16_-_Luke_Slater_@_Awakenings_Easter_Festival_2022,,7,20,Truncate,First Phase (Planetary Assault Systems Remix) [TRUNCATE - 22],Truncate - First Phase (Planetary Assault Systems Remix) [TRUNCATE - 22]
2022-04-16 - Luke Slater @ Awakenings Easter Festival 2022,https://www.mixesdb.com/w/2022-04-16_-_Luke_Slater_@_Awakenings_Easter_Festival_2022,,8,23,ANNĒ,Nude (Insolate Remix),ANNĒ - Nude (Insolate Remix)
2022-04-16 - Luke Slater @ Awakenings Easter Festival 2022,https://www.mixesdb.com/w/2022-04-16_-_Luke_Slater_@_Awakenings_Easter_Festival_2022,,9,28,Planetary Assault Systems,Rip The Cut (Dubfire Remix),Planetary Assault Systems - Rip The Cut (Dubfire Remix)
2022-04-16 - Luke Slater @ Awakenings Easter Festival 2022,https://www.mixesdb.com/w/2022-04-16_-_Luke_Slater_@_Awakenings_Easter_Festival_2022,,10,33,Reinier Zonneveld & Speedy J,Kicktrack,Reinier Zonneveld & Speedy J - Kicktrack
2022-04-16 - Luke Slater @ Awakenings Easter Festival 2022,https://www.mixesdb.com/w/2022-04-16_-_Luke_Slater_@_Awakenings_Easter_Festival_2022,,11,40,ALNA,Trust (Fred Asquith Remix),ALNA - Trust (Fred Asquith Remix)
2022-04-16 - Luke Slater @ Awakenings Easter Festival 2022,https://www.mixesdb.com/w/2022-04-16_-_Luke_Slater_@_Awakenings_Easter_Festival_2022,,12,43,Dok & Martin,Dynamic Range,Dok & Martin - Dynamic Range
2022-04-16 - Luke Slater @ Awakenings Easter Festival 2022,https://www.mixesdb.com/w/2022-04-16_-_Luke_Slater_@_Awakenings_Easter_Festival_2022,,13,47,Planetary Assault Systems,Say It Loud,Planetary Assault Systems - Say It Loud
2022-04-16 - Luke Slater @ Awakenings Easter Festival 2022,https://www.mixesdb.com/w/2022-04-16_-_Luke_Slater_@_Awakenings_Easter_Festival_2022,,14,52,Reinier Zonneveld & Speedy J,Nummer 3,Reinier Zonneveld & Speedy J - Nummer 3
2022-04-16 - Luke Slater @ Awakenings Easter Festival 2022,https://www.mixesdb.com/w/2022-04-16_-_Luke_Slater_@_Awakenings_Easter_Festival_2022,,15,58,Glaskin & Malwina,Querschläger (Planetary Assault Systems Remix),Glaskin & Malwina - Querschläger (Planetary Assault Systems Remix)
2022-04-16 - Luke Slater @ Awakenings Easter Festival 2022,https://www.mixesdb.com/w/2022-04-16_-_Luke_Slater_@_Awakenings_Easter_Festival_2022,,16,60,Planetary Assault Systems,Booster [Peacefrog - 029],Planetary Assault Systems - Booster [Peacefrog - 029]
2022-04-16 - Luke Slater @ Awakenings Easter Festival 2022,https://www.mixesdb.com/w/2022-04-16_-_Luke_Slater_@_Awakenings_Easter_Festival_2022,,17,63,Juan Sanchez,Fianchetto,Juan Sanchez - Fianchetto
2022-04-16 - Luke Slater @ Awakenings Easter Festival 2022,https://www.mixesdb.com/w/2022-04-16_-_Luke_Slater_@_Awakenings_Easter_Festival_2022,,18,65,,?,?
2022-04-16 - Luke Slater @ Awakenings Easter Festival 2022,https://www.mixesdb.com/w/2022-04-16_-_Luke_Slater_@_Awakenings_Easter_Festival_2022,,19,67,Planetary Assault Systems,In From The Night (Adam Beyer & Wehbba Rework),Planetary Assault Systems - In From The Night (Adam Beyer & Wehbba Rework)
2022-04-16 - Luke Slater @ Awakenings Easter Festival 2022,https://www.mixesdb.com/w/2022-04-16_-_Luke_Slater_@_Awakenings_Easter_Festival_2022,,20,70,Planetary Assault Systems,In From The Night [Peacefrog - 012],Planetary Assault Systems - In From The Night [Peacefrog - 012]
2022-04-16 - Luke Slater @ Awakenings Easter Festival 2022,https://www.mixesdb.com/w/2022-04-16_-_Luke_Slater_@_Awakenings_Easter_Festival_2022,,21,74,Albert Salvatierra,Transmitter Setup,Albert Salvatierra - Transmitter Setup
2022-04-16 - Luke Slater @ Awakenings Easter Festival 2022,https://www.mixesdb.com/w/2022-04-16_-_Luke_Slater_@_Awakenings_Easter_Festival_2022,,22,79,Radio Slave,Acid Dip (Emergency On Planet Acid Remix),Radio Slave - Acid Dip (Emergency On Planet Acid Remix)
2022-04-16 - Luke Slater @ Awakenings Easter Festival 2022,https://www.mixesdb.com/w/2022-04-16_-_Luke_Slater_@_Awakenings_Easter_Festival_2022,,23,81,DJ Funk,Work That Body,DJ Funk - Work That Body
2022-04-16 - Luke Slater @ Awakenings Easter Festival 2022,https://www.mixesdb.com/w/2022-04-16_-_Luke_Slater_@_Awakenings_Easter_Festival_2022,,24,82,Killa Productions,Good Life (Re-Edit),Killa Productions - Good Life (Re-Edit)
2022-04-16 - Luke Slater @ Awakenings Easter Festival 2022,https://www.mixesdb.com/w/2022-04-16_-_Luke_Slater_@_Awakenings_Easter_Festival_2022,,25,87,Reinier Zonneveld & Speedy J,Oldskoolweg,Reinier Zonneveld & Speedy J - Oldskoolweg
2021-06-20 - Luke Slater - HATE Podcast 242,https://www.mixesdb.com/w/2021-06-20_-_Luke_Slater_-_HATE_Podcast_242,,1,00,Frequency,Panic Mode (1993 Version) [Repetitive Rhythm Research - 001],Frequency - Panic Mode (1993 Version) [Repetitive Rhythm Research - 001]
2021-06-20 - Luke Slater - HATE Podcast 242,https://www.mixesdb.com/w/2021-06-20_-_Luke_Slater_-_HATE_Podcast_242,,2,04,Translate,Linear Pattern (Jeroen Search Remix 2) [Prophet - PRPH014],Translate - Linear Pattern (Jeroen Search Remix 2) [Prophet - PRPH014]
2021-06-20 - Luke Slater - HATE Podcast 242,https://www.mixesdb.com/w/2021-06-20_-_Luke_Slater_-_HATE_Podcast_242,,3,07,Truncate,First Phase (Planetary Assault Systems Remix) [Truncate - 22],Truncate - First Phase (Planetary Assault Systems Remix) [Truncate - 22]
2021-06-20 - Luke Slater - HATE Podcast 242,https://www.mixesdb.com/w/2021-06-20_-_Luke_Slater_-_HATE_Podcast_242,,4,11,Christian Smith + John Selway,Weather (Planetary Assault Systems Mix #1) [Primate - 063],Christian Smith + John Selway - Weather (Planetary Assault Systems Mix #1) [Primate - 063]
2021-06-20 - Luke Slater - HATE Podcast 242,https://www.mixesdb.com/w/2021-06-20_-_Luke_Slater_-_HATE_Podcast_242,,5,16,Roog Unit,Edge 3 [Mote-Evolver - 058],Roog Unit - Edge 3 [Mote-Evolver - 058]
2021-06-20 - Luke Slater - HATE Podcast 242,https://www.mixesdb.com/w/2021-06-20_-_Luke_Slater_-_HATE_Podcast_242,,6,19,Planetary Assault Systems,Bang Wap [Token - 100],Planetary Assault Systems - Bang Wap [Token - 100]
2021-06-20 - Luke Slater - HATE Podcast 242,https://www.mixesdb.com/w/2021-06-20_-_Luke_Slater_-_HATE_Podcast_242,,7,24,The Lady Machine,Amplify [Mote-Evolver - 062],The Lady Machine - Amplify [Mote-Evolver - 062]
2021-06-20 - Luke Slater - HATE Podcast 242,https://www.mixesdb.com/w/2021-06-20_-_Luke_Slater_-_HATE_Podcast_242,,8,26,Anastasia Kristensen,Volshebno (Planetary Assault Systems Remix) [Houndstooth - HTH147D],Anastasia Kristensen - Volshebno (Planetary Assault Systems Remix) [Houndstooth - HTH147D]
2021-06-20 - Luke Slater - HATE Podcast 242,https://www.mixesdb.com/w/2021-06-20_-_Luke_Slater_-_HATE_Podcast_242,,9,29,Rene Wise,Marbles [Mote-Evolver - 060],Rene Wise - Marbles [Mote-Evolver - 060]
2021-06-20 - Luke Slater - HATE Podcast 242,https://www.mixesdb.com/w/2021-06-20_-_Luke_Slater_-_HATE_Podcast_242,,10,31,The Advent,Bad Boy (Planetary Assault Systems Remix) [Internal - TRCDR 8],The Advent - Bad Boy (Planetary Assault Systems Remix) [Internal - TRCDR 8]
2021-06-20 - Luke Slater - HATE Podcast 242,https://www.mixesdb.com/w/2021-06-20_-_Luke_Slater_-_HATE_Podcast_242,,11,33,ASEC,High Tool (Temudo Remix),ASEC - High Tool (Temudo Remix)
2021-06-20 - Luke Slater - HATE Podcast 242,https://www.mixesdb.com/w/2021-06-20_-_Luke_Slater_-_HATE_Podcast_242,,12,37,LaFontaine,3015 [Mote-Evolver - 061],LaFontaine - 3015 [Mote-Evolver - 061]
2021-06-20 - Luke Slater - HATE Podcast 242,https://www.mixesdb.com/w/2021-06-20_-_Luke_Slater_-_HATE_Podcast_242,,13,41,,?,?
2021-06-20 - Luke Slater - HATE Podcast 242,https://www.mixesdb.com/w/2021-06-20_-_Luke_Slater_-_HATE_Podcast_242,,14,45,,?,?
2021-06-20 - Luke Slater - HATE Podcast 242,https://www.mixesdb.com/w/2021-06-20_-_Luke_Slater_-_HATE_Podcast_242,,15,48,Rene Wise,Lakota Fox,Rene Wise - Lakota Fox
2021-06-20 - Luke Slater - HATE Podcast 242,https://www.mixesdb.com/w/2021-06-20_-_Luke_Slater_-_HATE_Podcast_242,,16,50,LaFontaine,Kokkur [Mote-Evolver - 061],LaFontaine - Kokkur [Mote-Evolver - 061]
2021-06-20 - Luke Slater - HATE Podcast 242,https://www.mixesdb.com/w/2021-06-20_-_Luke_Slater_-_HATE_Podcast_242,,17,53,Ø [Phase],Fugue State,Ø [Phase] - Fugue State
2021-06-20 - Luke Slater - HATE Podcast 242,https://www.mixesdb.com/w/2021-06-20_-_Luke_Slater_-_HATE_Podcast_242,,18,54,Blenk,Dubjam,Blenk - Dubjam
2021-06-20 - Luke Slater - HATE Podcast 242,https://www.mixesdb.com/w/2021-06-20_-_Luke_Slater_-_HATE_Podcast_242,,19,55,Planetary Assault Systems,Whip It Good [Ostgut Ton - 123],Planetary Assault Systems - Whip It Good [Ostgut Ton - 123]
2021-06-20 - Luke Slater - HATE Podcast 242,https://www.mixesdb.com/w/2021-06-20_-_Luke_Slater_-_HATE_Podcast_242,,20,58,Planetary Assault Systems,Say It Loud [Token - TOKEN100],Planetary Assault Systems - Say It Loud [Token - TOKEN100]
2021-06-20 - Luke Slater - HATE Podcast 242,https://www.mixesdb.com/w/2021-06-20_-_Luke_Slater_-_HATE_Podcast_242,,21,61,Sterac,Ghost 37 [Mote-Evolver - 059],Sterac - Ghost 37 [Mote-Evolver - 059]
2021-06-20 - Luke Slater - HATE Podcast 242,https://www.mixesdb.com/w/2021-06-20_-_Luke_Slater_-_HATE_Podcast_242,,22,63,The Lady Machine,Magnify [Mote-Evolver - 062],The Lady Machine - Magnify [Mote-Evolver - 062]
2021-06-20 - Luke Slater - HATE Podcast 242,https://www.mixesdb.com/w/2021-06-20_-_Luke_Slater_-_HATE_Podcast_242,,23,65,Jeroen Search,Rejection Rate [Token - 101],Jeroen Search - Rejection Rate [Token - 101]
2021-06-20 - Luke Slater - HATE Podcast 242,https://www.mixesdb.com/w/2021-06-20_-_Luke_Slater_-_HATE_Podcast_242,,24,67,Roog Unit,Edge 1 [Mote-Evolver - 058],Roog Unit - Edge 1 [Mote-Evolver - 058]
2021-06-20 - Luke Slater - HATE Podcast 242,https://www.mixesdb.com/w/2021-06-20_-_Luke_Slater_-_HATE_Podcast_242,,25,71,Daniel Avery,Diminuendo (Luke Slater Remix) [Phantasy Sound - PH78],Daniel Avery - Diminuendo (Luke Slater Remix) [Phantasy Sound - PH78]
2021-06-20 - Luke Slater - HATE Podcast 242,https://www.mixesdb.com/w/2021-06-20_-_Luke_Slater_-_HATE_Podcast_242,,26,74,Sathurnus,The Alchemist [Simplecoding - SIMC0066],Sathurnus - The Alchemist [Simplecoding - SIMC0066]
2021-06-20 - Luke Slater - HATE Podcast 242,https://www.mixesdb.com/w/2021-06-20_-_Luke_Slater_-_HATE_Podcast_242,,27,76,,?,?
"2024-06-02 - Chris Liebing B2B Luke Slater @ 909 Festival, Amsterdamse Bos, NL","https://www.mixesdb.com/w/2024-06-02_-_Chris_Liebing_B2B_Luke_Slater_@_909_Festival,_Amsterdamse_Bos,_NL",,1,00,,?,?
"2024-06-02 - Chris Liebing B2B Luke Slater @ 909 Festival, Amsterdamse Bos, NL","https://www.mixesdb.com/w/2024-06-02_-_Chris_Liebing_B2B_Luke_Slater_@_909_Festival,_Amsterdamse_Bos,_NL",,2,??,,?,?
"2024-06-02 - Chris Liebing B2B Luke Slater @ 909 Festival, Amsterdamse Bos, NL","https://www.mixesdb.com/w/2024-06-02_-_Chris_Liebing_B2B_Luke_Slater_@_909_Festival,_Amsterdamse_Bos,_NL",,3,??,Bjoern Torwellen,All Those Who Wander,Bjoern Torwellen - All Those Who Wander
"2024-06-02 - Chris Liebing B2B Luke Slater @ 909 Festival, Amsterdamse Bos, NL","https://www.mixesdb.com/w/2024-06-02_-_Chris_Liebing_B2B_Luke_Slater_@_909_Festival,_Amsterdamse_Bos,_NL",,4,??,Risa Taniguchi,Emission [CLR],Risa Taniguchi - Emission [CLR]
"2024-06-02 - Chris Liebing B2B Luke Slater @ 909 Festival, Amsterdamse Bos, NL","https://www.mixesdb.com/w/2024-06-02_-_Chris_Liebing_B2B_Luke_Slater_@_909_Festival,_Amsterdamse_Bos,_NL",,5,21,Depeche Mode,Ghosts Again (Chris Liebing vs Luke Slater Remix) [Columbia (Sony)],Depeche Mode - Ghosts Again (Chris Liebing vs Luke Slater Remix) [Columbia (Sony)]
"2024-06-02 - Chris Liebing B2B Luke Slater @ 909 Festival, Amsterdamse Bos, NL","https://www.mixesdb.com/w/2024-06-02_-_Chris_Liebing_B2B_Luke_Slater_@_909_Festival,_Amsterdamse_Bos,_NL",,6,2?,,?,?
"2024-06-02 - Chris Liebing B2B Luke Slater @ 909 Festival, Amsterdamse Bos, NL","https://www.mixesdb.com/w/2024-06-02_-_Chris_Liebing_B2B_Luke_Slater_@_909_Festival,_Amsterdamse_Bos,_NL",,7,2?,,?,?
"2024-06-02 - Chris Liebing B2B Luke Slater @ 909 Festival, Amsterdamse Bos, NL","https://www.mixesdb.com/w/2024-06-02_-_Chris_Liebing_B2B_Luke_Slater_@_909_Festival,_Amsterdamse_Bos,_NL",,8,27,Risa Taniguchi,Our Deepest Fear [Tregambe],Risa Taniguchi - Our Deepest Fear [Tregambe]
"2024-06-02 - Chris Liebing B2B Luke Slater @ 909 Festival, Amsterdamse Bos, NL","https://www.mixesdb.com/w/2024-06-02_-_Chris_Liebing_B2B_Luke_Slater_@_909_Festival,_Amsterdamse_Bos,_NL",,9,31,,?,?
"2024-06-02 - Chris Liebing B2B Luke Slater @ 909 Festival, Amsterdamse Bos, NL","https://www.mixesdb.com/w/2024-06-02_-_Chris_Liebing_B2B_Luke_Slater_@_909_Festival,_Amsterdamse_Bos,_NL",,10,??,,?,?
"2024-06-02 - Chris Liebing B2B Luke Slater @ 909 Festival, Amsterdamse Bos, NL","https://www.mixesdb.com/w/2024-06-02_-_Chris_Liebing_B2B_Luke_Slater_@_909_Festival,_Amsterdamse_Bos,_NL",,11,??,Jeff Mills,The Bells [Purpose Maker],Jeff Mills - The Bells [Purpose Maker]
"2024-06-02 - Chris Liebing B2B Luke Slater @ 909 Festival, Amsterdamse Bos, NL","https://www.mixesdb.com/w/2024-06-02_-_Chris_Liebing_B2B_Luke_Slater_@_909_Festival,_Amsterdamse_Bos,_NL",,12,51,Exium & Dynamic Forces,Rejection Of Influence [Nheoma],Exium & Dynamic Forces - Rejection Of Influence [Nheoma]
"2024-06-02 - Chris Liebing B2B Luke Slater @ 909 Festival, Amsterdamse Bos, NL","https://www.mixesdb.com/w/2024-06-02_-_Chris_Liebing_B2B_Luke_Slater_@_909_Festival,_Amsterdamse_Bos,_NL",,13,62,Len Faki,Yantra (Planetary Assault Systems Remix) [Figure],Len Faki - Yantra (Planetary Assault Systems Remix) [Figure]
"2024-06-02 - Chris Liebing B2B Luke Slater @ 909 Festival, Amsterdamse Bos, NL","https://www.mixesdb.com/w/2024-06-02_-_Chris_Liebing_B2B_Luke_Slater_@_909_Festival,_Amsterdamse_Bos,_NL",,14,66,,?,?
"2024-06-02 - Chris Liebing B2B Luke Slater @ 909 Festival, Amsterdamse Bos, NL","https://www.mixesdb.com/w/2024-06-02_-_Chris_Liebing_B2B_Luke_Slater_@_909_Festival,_Amsterdamse_Bos,_NL",,15,??,,?,?
"2024-06-02 - Chris Liebing B2B Luke Slater @ 909 Festival, Amsterdamse Bos, NL","https://www.mixesdb.com/w/2024-06-02_-_Chris_Liebing_B2B_Luke_Slater_@_909_Festival,_Amsterdamse_Bos,_NL",,16,??,,?,?
"2024-06-02 - Chris Liebing B2B Luke Slater @ 909 Festival, Amsterdamse Bos, NL","https://www.mixesdb.com/w/2024-06-02_-_Chris_Liebing_B2B_Luke_Slater_@_909_Festival,_Amsterdamse_Bos,_NL",,17,??,,?,?
"2024-06-02 - Chris Liebing B2B Luke Slater @ 909 Festival, Amsterdamse Bos, NL","https://www.mixesdb.com/w/2024-06-02_-_Chris_Liebing_B2B_Luke_Slater_@_909_Festival,_Amsterdamse_Bos,_NL",,18,??,,?,?
"2024-06-02 - Chris Liebing B2B Luke Slater @ 909 Festival, Amsterdamse Bos, NL","https://www.mixesdb.com/w/2024-06-02_-_Chris_Liebing_B2B_Luke_Slater_@_909_Festival,_Amsterdamse_Bos,_NL",,19,??,The Southern,Particle [CLR],The Southern - Particle [CLR]
"2024-06-02 - Chris Liebing B2B Luke Slater @ 909 Festival, Amsterdamse Bos, NL","https://www.mixesdb.com/w/2024-06-02_-_Chris_Liebing_B2B_Luke_Slater_@_909_Festival,_Amsterdamse_Bos,_NL",,20,??,,?,?
"2024-06-02 - Chris Liebing B2B Luke Slater @ 909 Festival, Amsterdamse Bos, NL","https://www.mixesdb.com/w/2024-06-02_-_Chris_Liebing_B2B_Luke_Slater_@_909_Festival,_Amsterdamse_Bos,_NL",,21,??,Len Faki,Temple (Ø [Phase] Remix) [Figure],Len Faki - Temple (Ø [Phase] Remix) [Figure]
"2024-06-02 - Chris Liebing B2B Luke Slater @ 909 Festival, Amsterdamse Bos, NL","https://www.mixesdb.com/w/2024-06-02_-_Chris_Liebing_B2B_Luke_Slater_@_909_Festival,_Amsterdamse_Bos,_NL",,22,??,,?,?
"2023-10-13 - Luke Slater - Mary Anne Hobbs ICONS Mix, BBC 6 Music","https://www.mixesdb.com/w/2023-10-13_-_Luke_Slater_-_Mary_Anne_Hobbs_ICONS_Mix,_BBC_6_Music",,1,00,L.B. Dub Corp,Your Love,L.B. Dub Corp - Your Love
"2023-10-13 - Luke Slater - Mary Anne Hobbs ICONS Mix, BBC 6 Music","https://www.mixesdb.com/w/2023-10-13_-_Luke_Slater_-_Mary_Anne_Hobbs_ICONS_Mix,_BBC_6_Music",,2,05,Luke Slater & Dubfire,The Drama [Mote-Evolver - MOTE 068],Luke Slater & Dubfire - The Drama [Mote-Evolver - MOTE 068]
"2023-10-13 - Luke Slater - Mary Anne Hobbs ICONS Mix, BBC 6 Music","https://www.mixesdb.com/w/2023-10-13_-_Luke_Slater_-_Mary_Anne_Hobbs_ICONS_Mix,_BBC_6_Music",,3,09,Shinedoe,Shine (Ritzi Lee Remix) [Music That Moves - MTM007],Shinedoe - Shine (Ritzi Lee Remix) [Music That Moves - MTM007]
"2023-10-13 - Luke Slater - Mary Anne Hobbs ICONS Mix, BBC 6 Music","https://www.mixesdb.com/w/2023-10-13_-_Luke_Slater_-_Mary_Anne_Hobbs_ICONS_Mix,_BBC_6_Music",,4,13,Kr!s,Surge [TOKEN119],Kr!s - Surge [TOKEN119]
"2023-10-13 - Luke Slater - Mary Anne Hobbs ICONS Mix, BBC 6 Music","https://www.mixesdb.com/w/2023-10-13_-_Luke_Slater_-_Mary_Anne_Hobbs_ICONS_Mix,_BBC_6_Music",,5,15,Shlomi Aber,Remote 101 [CRL110],Shlomi Aber - Remote 101 [CRL110]
"2023-10-13 - Luke Slater - Mary Anne Hobbs ICONS Mix, BBC 6 Music","https://www.mixesdb.com/w/2023-10-13_-_Luke_Slater_-_Mary_Anne_Hobbs_ICONS_Mix,_BBC_6_Music",,6,17,Jeroen Search & Gotshell,Clock Pulse [Be As Imprint - BAO082],Jeroen Search & Gotshell - Clock Pulse [Be As Imprint - BAO082]
"2023-10-13 - Luke Slater - Mary Anne Hobbs ICONS Mix, BBC 6 Music","https://www.mixesdb.com/w/2023-10-13_-_Luke_Slater_-_Mary_Anne_Hobbs_ICONS_Mix,_BBC_6_Music",,7,20,Planetary Assault Systems,Devotion [TOKEN108],Planetary Assault Systems - Devotion [TOKEN108]
"2023-10-13 - Luke Slater - Mary Anne Hobbs ICONS Mix, BBC 6 Music","https://www.mixesdb.com/w/2023-10-13_-_Luke_Slater_-_Mary_Anne_Hobbs_ICONS_Mix,_BBC_6_Music",,8,23,Saag,Deleite Matinal [Modwerks - MDWXLP008],Saag - Deleite Matinal [Modwerks - MDWXLP008]
"2023-10-13 - Luke Slater - Mary Anne Hobbs ICONS Mix, BBC 6 Music","https://www.mixesdb.com/w/2023-10-13_-_Luke_Slater_-_Mary_Anne_Hobbs_ICONS_Mix,_BBC_6_Music",,9,25,Akoriz,Trust [Kneaded Pains - KPLP13],Akoriz - Trust [Kneaded Pains - KPLP13]
"2023-10-13 - Luke Slater - Mary Anne Hobbs ICONS Mix, BBC 6 Music","https://www.mixesdb.com/w/2023-10-13_-_Luke_Slater_-_Mary_Anne_Hobbs_ICONS_Mix,_BBC_6_Music",,10,28,DJ Rolando,Knights Of The Jaguar (P Series Remix),DJ Rolando - Knights Of The Jaguar (P Series Remix)
"2007-01-26 - Carl Cox, Luke Slater - Global 202","https://www.mixesdb.com/w/2007-01-26_-_Carl_Cox,_Luke_Slater_-_Global_202",Global Warmer,1,,Ali Wilson & Matt Smallwood,Take 1 [Tekelec - 012],Ali Wilson & Matt Smallwood - Take 1 [Tekelec - 012]
"2007-01-26 - Carl Cox, Luke Slater - Global 202","https://www.mixesdb.com/w/2007-01-26_-_Carl_Cox,_Luke_Slater_-_Global_202",Global Lowdown - Great Stuff,1,,Karotte,Storytelling [Great Stuff],Karotte - Storytelling [Great Stuff]
"2007-01-26 - Carl Cox, Luke Slater - Global 202","https://www.mixesdb.com/w/2007-01-26_-_Carl_Cox,_Luke_Slater_-_Global_202",Global Lowdown - Great Stuff,2,,Rockers Hi-Fi,Push Push (Koletzki & Meindl Remix) [Great Stuff - GSR 038],Rockers Hi-Fi - Push Push (Koletzki & Meindl Remix) [Great Stuff - GSR 038]
"2007-01-26 - Carl Cox, Luke Slater - Global 202","https://www.mixesdb.com/w/2007-01-26_-_Carl_Cox,_Luke_Slater_-_Global_202",Global Lowdown - Great Stuff,3,,Rainer Weichhold vs. Dandi & Ugo,Infinite Template (Martin Eyerer Remix) [Great Stuff - 040],Rainer Weichhold vs. Dandi & Ugo - Infinite Template (Martin Eyerer Remix) [Great Stuff - 040]
"2007-01-26 - Carl Cox, Luke Slater - Global 202","https://www.mixesdb.com/w/2007-01-26_-_Carl_Cox,_Luke_Slater_-_Global_202",Global Lowdown - Great Stuff,4,,Felix Rennefeld,The Max (Tom Pooks Remix) [Great Stuff - 037],Felix Rennefeld - The Max (Tom Pooks Remix) [Great Stuff - 037]
"2007-01-26 - Carl Cox, Luke Slater - Global 202","https://www.mixesdb.com/w/2007-01-26_-_Carl_Cox,_Luke_Slater_-_Global_202",Global Lowdown - Great Stuff,5,,Guy Gerber,Open The Gates (Deetron Remix) [Great Stuff],Guy Gerber - Open The Gates (Deetron Remix) [Great Stuff]
"2007-01-26 - Carl Cox, Luke Slater - Global 202","https://www.mixesdb.com/w/2007-01-26_-_Carl_Cox,_Luke_Slater_-_Global_202",Global Alliance - Luke Slater,1,,A.Mochi,Freedom [Mote-Evolver - 005],A.Mochi - Freedom [Mote-Evolver - 005]
"2007-01-26 - Carl Cox, Luke Slater - Global 202","https://www.mixesdb.com/w/2007-01-26_-_Carl_Cox,_Luke_Slater_-_Global_202",Global Alliance - Luke Slater,2,,DJ Shirakura,Routine Song [Boxer - 012],DJ Shirakura - Routine Song [Boxer - 012]
"2007-01-26 - Carl Cox, Luke Slater - Global 202","https://www.mixesdb.com/w/2007-01-26_-_Carl_Cox,_Luke_Slater_-_Global_202",Global Alliance - Luke Slater,3,,A.Mochi,Re:Sound [Mote-Evolver - 005],A.Mochi - Re:Sound [Mote-Evolver - 005]
"2007-01-26 - Carl Cox, Luke Slater - Global 202","https://www.mixesdb.com/w/2007-01-26_-_Carl_Cox,_Luke_Slater_-_Global_202",Global Alliance - Luke Slater,4,,Planet Funk,It's Your Time (Luca Bacchetti Mix) [Bustin Loose],Planet Funk - It's Your Time (Luca Bacchetti Mix) [Bustin Loose]
"2007-01-26 - Carl Cox, Luke Slater - Global 202","https://www.mixesdb.com/w/2007-01-26_-_Carl_Cox,_Luke_Slater_-_Global_202",Global Alliance - Luke Slater,5,,Hot Chip,Colours (Jeff Samuels Remix) [EMI],Hot Chip - Colours (Jeff Samuels Remix) [EMI]
"2007-01-26 - Carl Cox, Luke Slater - Global 202","https://www.mixesdb.com/w/2007-01-26_-_Carl_Cox,_Luke_Slater_-_Global_202",Global Alliance - Luke Slater,6,,Marcel Dettmann,Quicksand [Ostgut Ton],Marcel Dettmann - Quicksand [Ostgut Ton]
"2007-01-26 - Carl Cox, Luke Slater - Global 202","https://www.mixesdb.com/w/2007-01-26_-_Carl_Cox,_Luke_Slater_-_Global_202",Global Alliance - Luke Slater,7,,X-Press 2 Feat. Rob Harvey,Kill 100 (Craig Craig Remix) [Skint - 124],X-Press 2 Feat. Rob Harvey - Kill 100 (Craig Craig Remix) [Skint - 124]
"2007-01-26 - Carl Cox, Luke Slater - Global 202","https://www.mixesdb.com/w/2007-01-26_-_Carl_Cox,_Luke_Slater_-_Global_202",Studio Session,1,,Laurent Trax,Hush,Laurent Trax - Hush
"2007-01-26 - Carl Cox, Luke Slater - Global 202","https://www.mixesdb.com/w/2007-01-26_-_Carl_Cox,_Luke_Slater_-_Global_202",Studio Session,2,,Marco Bailey,Horny [MB Elektronics],Marco Bailey - Horny [MB Elektronics]
"2007-01-26 - Carl Cox, Luke Slater - Global 202","https://www.mixesdb.com/w/2007-01-26_-_Carl_Cox,_Luke_Slater_-_Global_202",Studio Session,3,,Scape One,Shockwave Rider EP [Pnuma - 002],Scape One - Shockwave Rider EP [Pnuma - 002]
"2007-01-26 - Carl Cox, Luke Slater - Global 202","https://www.mixesdb.com/w/2007-01-26_-_Carl_Cox,_Luke_Slater_-_Global_202",Studio Session,4,,Alloy Mental,We Have Control [Skint],Alloy Mental - We Have Control [Skint]
"2007-01-26 - Carl Cox, Luke Slater - Global 202","https://www.mixesdb.com/w/2007-01-26_-_Carl_Cox,_Luke_Slater_-_Global_202",Studio Session,5,,Pedro Delgardo & Phil Walls,Acid Future [Yin Yang - 014],Pedro Delgardo & Phil Walls - Acid Future [Yin Yang - 014]
"2007-01-26 - Carl Cox, Luke Slater - Global 202","https://www.mixesdb.com/w/2007-01-26_-_Carl_Cox,_Luke_Slater_-_Global_202",Studio Session,6,,Cave,Untitled,Cave - Untitled
"2007-01-26 - Carl Cox, Luke Slater - Global 202","https://www.mixesdb.com/w/2007-01-26_-_Carl_Cox,_Luke_Slater_-_Global_202",Studio Session,7,,Greg Gow,The Warning EP [Sole],Greg Gow - The Warning EP [Sole]
"2007-01-26 - Carl Cox, Luke Slater - Global 202","https://www.mixesdb.com/w/2007-01-26_-_Carl_Cox,_Luke_Slater_-_Global_202",Studio Session,8,,CJ Bolland,Riot [Gs2],CJ Bolland - Riot [Gs2]
"2007-01-26 - Carl Cox, Luke Slater - Global 202","https://www.mixesdb.com/w/2007-01-26_-_Carl_Cox,_Luke_Slater_-_Global_202",Studio Session,9,,DJ Vibe,You,DJ Vibe - You
"2007-01-26 - Carl Cox, Luke Slater - Global 202","https://www.mixesdb.com/w/2007-01-26_-_Carl_Cox,_Luke_Slater_-_Global_202",Studio Session,10,,Die Rumpelkammer,Untitled,Die Rumpelkammer - Untitled
"2007-01-26 - Carl Cox, Luke Slater - Global 202","https://www.mixesdb.com/w/2007-01-26_-_Carl_Cox,_Luke_Slater_-_Global_202",Studio Session,11,,?,Killing The Kitchen,? - Killing The Kitchen
"2007-01-26 - Carl Cox, Luke Slater - Global 202","https://www.mixesdb.com/w/2007-01-26_-_Carl_Cox,_Luke_Slater_-_Global_202",Studio Session,12,,Sebastien Leger,Bad Clock 04 (Rundell Mix) [Intec],Sebastien Leger - Bad Clock 04 (Rundell Mix) [Intec]
"2007-01-26 - Carl Cox, Luke Slater - Global 202","https://www.mixesdb.com/w/2007-01-26_-_Carl_Cox,_Luke_Slater_-_Global_202",Studio Session,13,,,?,?
"2000-10-28 - Luke Slater @ Hugo D. Nite, Ahoy, Rotterdam","https://www.mixesdb.com/w/2000-10-28_-_Luke_Slater_@_Hugo_D._Nite,_Ahoy,_Rotterdam",,1,00,,?,?
"2000-10-28 - Luke Slater @ Hugo D. Nite, Ahoy, Rotterdam","https://www.mixesdb.com/w/2000-10-28_-_Luke_Slater_@_Hugo_D._Nite,_Ahoy,_Rotterdam",,2,03,Ben Sims,Solartime (Unreleased Hardgroove Mix) [Hardgroove - 002],Ben Sims - Solartime (Unreleased Hardgroove Mix) [Hardgroove - 002]
"2000-10-28 - Luke Slater @ Hugo D. Nite, Ahoy, Rotterdam","https://www.mixesdb.com/w/2000-10-28_-_Luke_Slater_@_Hugo_D._Nite,_Ahoy,_Rotterdam",,3,04,+ Robert Hood,Untitled 2 (Moveable Parts Chapter 1) (B1) [M-Plant - M-P304],+ Robert Hood - Untitled 2 (Moveable Parts Chapter 1) (B1) [M-Plant - M-P304]
"2000-10-28 - Luke Slater @ Hugo D. Nite, Ahoy, Rotterdam","https://www.mixesdb.com/w/2000-10-28_-_Luke_Slater_@_Hugo_D._Nite,_Ahoy,_Rotterdam",,4,06,,?,?
"2000-10-28 - Luke Slater @ Hugo D. Nite, Ahoy, Rotterdam","https://www.mixesdb.com/w/2000-10-28_-_Luke_Slater_@_Hugo_D._Nite,_Ahoy,_Rotterdam",,5,08,Percy X,Break It Down (Percy X Remix) [Soma - 099],Percy X - Break It Down (Percy X Remix) [Soma - 099]
"2000-10-28 - Luke Slater @ Hugo D. Nite, Ahoy, Rotterdam","https://www.mixesdb.com/w/2000-10-28_-_Luke_Slater_@_Hugo_D._Nite,_Ahoy,_Rotterdam",,6,10,,?,?
"2000-10-28 - Luke Slater @ Hugo D. Nite, Ahoy, Rotterdam","https://www.mixesdb.com/w/2000-10-28_-_Luke_Slater_@_Hugo_D._Nite,_Ahoy,_Rotterdam",,7,13,Electric Deluxe,Electric Deluxe [Plus 8 - 072],Electric Deluxe - Electric Deluxe [Plus 8 - 072]
"2000-10-28 - Luke Slater @ Hugo D. Nite, Ahoy, Rotterdam","https://www.mixesdb.com/w/2000-10-28_-_Luke_Slater_@_Hugo_D._Nite,_Ahoy,_Rotterdam",,8,17,Ian Void,The Rascal (Chris McCormack Remix) [Materials - MTZ 001D],Ian Void - The Rascal (Chris McCormack Remix) [Materials - MTZ 001D]
"2000-10-28 - Luke Slater @ Hugo D. Nite, Ahoy, Rotterdam","https://www.mixesdb.com/w/2000-10-28_-_Luke_Slater_@_Hugo_D._Nite,_Ahoy,_Rotterdam",,9,21,,?,?
"2000-10-28 - Luke Slater @ Hugo D. Nite, Ahoy, Rotterdam","https://www.mixesdb.com/w/2000-10-28_-_Luke_Slater_@_Hugo_D._Nite,_Ahoy,_Rotterdam",,10,23,,?,?
"2000-10-28 - Luke Slater @ Hugo D. Nite, Ahoy, Rotterdam","https://www.mixesdb.com/w/2000-10-28_-_Luke_Slater_@_Hugo_D._Nite,_Ahoy,_Rotterdam",,11,25,J.T. Functions,Running On E [X-Sub - XS-018],J.T. Functions - Running On E [X-Sub - XS-018]
"2000-10-28 - Luke Slater @ Hugo D. Nite, Ahoy, Rotterdam","https://www.mixesdb.com/w/2000-10-28_-_Luke_Slater_@_Hugo_D._Nite,_Ahoy,_Rotterdam",,12,26,Luke Slater,"Body Freefall, Electronic Inform (Junior Cartier's Highrise Mix) [NovaMute - 3057-0]","Luke Slater - Body Freefall, Electronic Inform (Junior Cartier's Highrise Mix) [NovaMute - 3057-0]"
"2000-10-28 - Luke Slater @ Hugo D. Nite, Ahoy, Rotterdam","https://www.mixesdb.com/w/2000-10-28_-_Luke_Slater_@_Hugo_D._Nite,_Ahoy,_Rotterdam",,13,29,Hitoshi Ohishi,Wriggle (Recycled Loops Remix) [Primevil - Prvl020],Hitoshi Ohishi - Wriggle (Recycled Loops Remix) [Primevil - Prvl020]
"2000-10-28 - Luke Slater @ Hugo D. Nite, Ahoy, Rotterdam","https://www.mixesdb.com/w/2000-10-28_-_Luke_Slater_@_Hugo_D._Nite,_Ahoy,_Rotterdam",,14,31,Giorgio Moroder,The Chase (ID Remix),Giorgio Moroder - The Chase (ID Remix)
"2000-10-28 - Luke Slater @ Hugo D. Nite, Ahoy, Rotterdam","https://www.mixesdb.com/w/2000-10-28_-_Luke_Slater_@_Hugo_D._Nite,_Ahoy,_Rotterdam",,15,32,+ Donna Summer,I Feel Love [Casablanca],+ Donna Summer - I Feel Love [Casablanca]
"2000-10-28 - Luke Slater @ Hugo D. Nite, Ahoy, Rotterdam","https://www.mixesdb.com/w/2000-10-28_-_Luke_Slater_@_Hugo_D._Nite,_Ahoy,_Rotterdam",,16,35,,?,?
"2000-10-28 - Luke Slater @ Hugo D. Nite, Ahoy, Rotterdam","https://www.mixesdb.com/w/2000-10-28_-_Luke_Slater_@_Hugo_D._Nite,_Ahoy,_Rotterdam",,17,38,Planetary Assault Systems,Function 3 [Peacefrog - PFG005],Planetary Assault Systems - Function 3 [Peacefrog - PFG005]
"2000-10-28 - Luke Slater @ Hugo D. Nite, Ahoy, Rotterdam","https://www.mixesdb.com/w/2000-10-28_-_Luke_Slater_@_Hugo_D._Nite,_Ahoy,_Rotterdam",,18,42,Danny Casseau,Wexel [Subsounds - 1521],Danny Casseau - Wexel [Subsounds - 1521]
"2000-10-28 - Luke Slater @ Hugo D. Nite, Ahoy, Rotterdam","https://www.mixesdb.com/w/2000-10-28_-_Luke_Slater_@_Hugo_D._Nite,_Ahoy,_Rotterdam",,19,45,Ultratubes,Crush [Prolekult - KULT 028],Ultratubes - Crush [Prolekult - KULT 028]
"2000-10-28 - Luke Slater @ Hugo D. Nite, Ahoy, Rotterdam","https://www.mixesdb.com/w/2000-10-28_-_Luke_Slater_@_Hugo_D._Nite,_Ahoy,_Rotterdam",,20,48,FLR,Easy Filter Part 5 [Reel Musiq - RLEP030],FLR - Easy Filter Part 5 [Reel Musiq - RLEP030]
"2000-10-28 - Luke Slater @ Hugo D. Nite, Ahoy, Rotterdam","https://www.mixesdb.com/w/2000-10-28_-_Luke_Slater_@_Hugo_D._Nite,_Ahoy,_Rotterdam",,21,50,Ade Fenton,Into The Spiral (Ade Fenton Remix) [Advanced - ADV 009],Ade Fenton - Into The Spiral (Ade Fenton Remix) [Advanced - ADV 009]
"2000-10-28 - Luke Slater @ Hugo D. Nite, Ahoy, Rotterdam","https://www.mixesdb.com/w/2000-10-28_-_Luke_Slater_@_Hugo_D._Nite,_Ahoy,_Rotterdam",,22,53,,?,?
"2000-10-28 - Luke Slater @ Hugo D. Nite, Ahoy, Rotterdam","https://www.mixesdb.com/w/2000-10-28_-_Luke_Slater_@_Hugo_D._Nite,_Ahoy,_Rotterdam",,23,56,,?,?
"2000-10-28 - Luke Slater @ Hugo D. Nite, Ahoy, Rotterdam","https://www.mixesdb.com/w/2000-10-28_-_Luke_Slater_@_Hugo_D._Nite,_Ahoy,_Rotterdam",,24,60,Oxia,Last Test (Part 1) [GoodLife - GL04],Oxia - Last Test (Part 1) [GoodLife - GL04]
"2000-10-28 - Luke Slater @ Hugo D. Nite, Ahoy, Rotterdam","https://www.mixesdb.com/w/2000-10-28_-_Luke_Slater_@_Hugo_D._Nite,_Ahoy,_Rotterdam",,25,62,Planetary Assault Systems,Function 1 [Peacefrog - PFG01],Planetary Assault Systems - Function 1 [Peacefrog - PFG01]
"1997-03-07 - Luke Slater, Deg @ Tekno Conflikt, Fuse, Brussels","https://www.mixesdb.com/w/1997-03-07_-_Luke_Slater,_Deg_@_Tekno_Conflikt,_Fuse,_Brussels",,1,000,,?,?
"1997-03-07 - Luke Slater, Deg @ Tekno Conflikt, Fuse, Brussels","https://www.mixesdb.com/w/1997-03-07_-_Luke_Slater,_Deg_@_Tekno_Conflikt,_Fuse,_Brussels",,2,002,,?,?
"1997-03-07 - Luke Slater, Deg @ Tekno Conflikt, Fuse, Brussels","https://www.mixesdb.com/w/1997-03-07_-_Luke_Slater,_Deg_@_Tekno_Conflikt,_Fuse,_Brussels",,3,007,,?,?
"1997-03-07 - Luke Slater, Deg @ Tekno Conflikt, Fuse, Brussels","https://www.mixesdb.com/w/1997-03-07_-_Luke_Slater,_Deg_@_Tekno_Conflikt,_Fuse,_Brussels",,4,009,,?,?
"1997-03-07 - Luke Slater, Deg @ Tekno Conflikt, Fuse, Brussels","https://www.mixesdb.com/w/1997-03-07_-_Luke_Slater,_Deg_@_Tekno_Conflikt,_Fuse,_Brussels",,5,011,Plastikman,Panikattack,Plastikman - Panikattack
"1997-03-07 - Luke Slater, Deg @ Tekno Conflikt, Fuse, Brussels","https://www.mixesdb.com/w/1997-03-07_-_Luke_Slater,_Deg_@_Tekno_Conflikt,_Fuse,_Brussels",,6,015,Planetary Assault Systems,Shaken,Planetary Assault Systems - Shaken
"1997-03-07 - Luke Slater, Deg @ Tekno Conflikt, Fuse, Brussels","https://www.mixesdb.com/w/1997-03-07_-_Luke_Slater,_Deg_@_Tekno_Conflikt,_Fuse,_Brussels",,7,020,,?,?
"1997-03-07 - Luke Slater, Deg @ Tekno Conflikt, Fuse, Brussels","https://www.mixesdb.com/w/1997-03-07_-_Luke_Slater,_Deg_@_Tekno_Conflikt,_Fuse,_Brussels",,8,024,,?,?
"1997-03-07 - Luke Slater, Deg @ Tekno Conflikt, Fuse, Brussels","https://www.mixesdb.com/w/1997-03-07_-_Luke_Slater,_Deg_@_Tekno_Conflikt,_Fuse,_Brussels",,9,027,,? Welcome To The World Of Stereophonic Sound,? Welcome To The World Of Stereophonic Sound
"1997-03-07 - Luke Slater, Deg @ Tekno Conflikt, Fuse, Brussels","https://www.mixesdb.com/w/1997-03-07_-_Luke_Slater,_Deg_@_Tekno_Conflikt,_Fuse,_Brussels",,10,030,Floating Point,Metaphor,Floating Point - Metaphor
"1997-03-07 - Luke Slater, Deg @ Tekno Conflikt, Fuse, Brussels","https://www.mixesdb.com/w/1997-03-07_-_Luke_Slater,_Deg_@_Tekno_Conflikt,_Fuse,_Brussels",,11,034,,?,?
"1997-03-07 - Luke Slater, Deg @ Tekno Conflikt, Fuse, Brussels","https://www.mixesdb.com/w/1997-03-07_-_Luke_Slater,_Deg_@_Tekno_Conflikt,_Fuse,_Brussels",,12,037,,?,?
"1997-03-07 - Luke Slater, Deg @ Tekno Conflikt, Fuse, Brussels","https://www.mixesdb.com/w/1997-03-07_-_Luke_Slater,_Deg_@_Tekno_Conflikt,_Fuse,_Brussels",,13,040,,?,?
"1997-03-07 - Luke Slater, Deg @ Tekno Conflikt, Fuse, Brussels","https://www.mixesdb.com/w/1997-03-07_-_Luke_Slater,_Deg_@_Tekno_Conflikt,_Fuse,_Brussels",,14,043,,?,?
"1997-03-07 - Luke Slater, Deg @ Tekno Conflikt, Fuse, Brussels","https://www.mixesdb.com/w/1997-03-07_-_Luke_Slater,_Deg_@_Tekno_Conflikt,_Fuse,_Brussels",,15,045,,?,?
"1997-03-07 - Luke Slater, Deg @ Tekno Conflikt, Fuse, Brussels","https://www.mixesdb.com/w/1997-03-07_-_Luke_Slater,_Deg_@_Tekno_Conflikt,_Fuse,_Brussels",,16,047,,?,?
"1997-03-07 - Luke Slater, Deg @ Tekno Conflikt, Fuse, Brussels","https://www.mixesdb.com/w/1997-03-07_-_Luke_Slater,_Deg_@_Tekno_Conflikt,_Fuse,_Brussels",,17,050,,?,?
"1997-03-07 - Luke Slater, Deg @ Tekno Conflikt, Fuse, Brussels","https://www.mixesdb.com/w/1997-03-07_-_Luke_Slater,_Deg_@_Tekno_Conflikt,_Fuse,_Brussels",,18,052,,?,?
"1997-03-07 - Luke Slater, Deg @ Tekno Conflikt, Fuse, Brussels","https://www.mixesdb.com/w/1997-03-07_-_Luke_Slater,_Deg_@_Tekno_Conflikt,_Fuse,_Brussels",,19,056,Daz Saund & Ben Tisdall,Juggernaut,Daz Saund & Ben Tisdall - Juggernaut
"1997-03-07 - Luke Slater, Deg @ Tekno Conflikt, Fuse, Brussels","https://www.mixesdb.com/w/1997-03-07_-_Luke_Slater,_Deg_@_Tekno_Conflikt,_Fuse,_Brussels",,20,060,Alter Ego vs. David Holmes,The Evil Needle,Alter Ego vs. David Holmes - The Evil Needle
"1997-03-07 - Luke Slater, Deg @ Tekno Conflikt, Fuse, Brussels","https://www.mixesdb.com/w/1997-03-07_-_Luke_Slater,_Deg_@_Tekno_Conflikt,_Fuse,_Brussels",,21,062,Daz Saund & Ben Tisdall,Basis,Daz Saund & Ben Tisdall - Basis
"1997-03-07 - Luke Slater, Deg @ Tekno Conflikt, Fuse, Brussels","https://www.mixesdb.com/w/1997-03-07_-_Luke_Slater,_Deg_@_Tekno_Conflikt,_Fuse,_Brussels",,22,066,,?,?
"1997-03-07 - Luke Slater, Deg @ Tekno Conflikt, Fuse, Brussels","https://www.mixesdb.com/w/1997-03-07_-_Luke_Slater,_Deg_@_Tekno_Conflikt,_Fuse,_Brussels",,23,070,,?,?
"1997-03-07 - Luke Slater, Deg @ Tekno Conflikt, Fuse, Brussels","https://www.mixesdb.com/w/1997-03-07_-_Luke_Slater,_Deg_@_Tekno_Conflikt,_Fuse,_Brussels",,24,073,,?,?
"1997-03-07 - Luke Slater, Deg @ Tekno Conflikt, Fuse, Brussels","https://www.mixesdb.com/w/1997-03-07_-_Luke_Slater,_Deg_@_Tekno_Conflikt,_Fuse,_Brussels",,25,077,S. Bicknell,Lost Recordings #2 [How Can We Know? B1],S. Bicknell - Lost Recordings #2 [How Can We Know? B1]
"1997-03-07 - Luke Slater, Deg @ Tekno Conflikt, Fuse, Brussels","https://www.mixesdb.com/w/1997-03-07_-_Luke_Slater,_Deg_@_Tekno_Conflikt,_Fuse,_Brussels",,26,079,Jb³,Forklift (Luke Slater's Filtered Remix),Jb³ - Forklift (Luke Slater's Filtered Remix)
"1997-03-07 - Luke Slater, Deg @ Tekno Conflikt, Fuse, Brussels","https://www.mixesdb.com/w/1997-03-07_-_Luke_Slater,_Deg_@_Tekno_Conflikt,_Fuse,_Brussels",,27,085,,?,?
"1997-03-07 - Luke Slater, Deg @ Tekno Conflikt, Fuse, Brussels","https://www.mixesdb.com/w/1997-03-07_-_Luke_Slater,_Deg_@_Tekno_Conflikt,_Fuse,_Brussels",,28,087,Planetary Assault Systems,Signal,Planetary Assault Systems - Signal
"1997-03-07 - Luke Slater, Deg @ Tekno Conflikt, Fuse, Brussels","https://www.mixesdb.com/w/1997-03-07_-_Luke_Slater,_Deg_@_Tekno_Conflikt,_Fuse,_Brussels",,29,089,,?,?
"1997-03-07 - Luke Slater, Deg @ Tekno Conflikt, Fuse, Brussels","https://www.mixesdb.com/w/1997-03-07_-_Luke_Slater,_Deg_@_Tekno_Conflikt,_Fuse,_Brussels",,30,090,Marco Carola,Compressed,Marco Carola - Compressed
"1997-03-07 - Luke Slater, Deg @ Tekno Conflikt, Fuse, Brussels","https://www.mixesdb.com/w/1997-03-07_-_Luke_Slater,_Deg_@_Tekno_Conflikt,_Fuse,_Brussels",,31,093,Planetary Assault Systems,The Battle,Planetary Assault Systems - The Battle
"1997-03-07 - Luke Slater, Deg @ Tekno Conflikt, Fuse, Brussels","https://www.mixesdb.com/w/1997-03-07_-_Luke_Slater,_Deg_@_Tekno_Conflikt,_Fuse,_Brussels",,32,095,Laurent Garnier,Crispy Bacon,Laurent Garnier - Crispy Bacon
"1997-03-07 - Luke Slater, Deg @ Tekno Conflikt, Fuse, Brussels","https://www.mixesdb.com/w/1997-03-07_-_Luke_Slater,_Deg_@_Tekno_Conflikt,_Fuse,_Brussels",,33,099,,?,?
"1997-03-07 - Luke Slater, Deg @ Tekno Conflikt, Fuse, Brussels","https://www.mixesdb.com/w/1997-03-07_-_Luke_Slater,_Deg_@_Tekno_Conflikt,_Fuse,_Brussels",,34,101,,?,?
"1997-03-07 - Luke Slater, Deg @ Tekno Conflikt, Fuse, Brussels","https://www.mixesdb.com/w/1997-03-07_-_Luke_Slater,_Deg_@_Tekno_Conflikt,_Fuse,_Brussels",,35,103,,?,?
"1997-03-07 - Luke Slater, Deg @ Tekno Conflikt, Fuse, Brussels","https://www.mixesdb.com/w/1997-03-07_-_Luke_Slater,_Deg_@_Tekno_Conflikt,_Fuse,_Brussels",,36,105,Drexciya,You Don't Know,Drexciya - You Don't Know
"1997-03-07 - Luke Slater, Deg @ Tekno Conflikt, Fuse, Brussels","https://www.mixesdb.com/w/1997-03-07_-_Luke_Slater,_Deg_@_Tekno_Conflikt,_Fuse,_Brussels",,37,107,,?,?
"1997-03-07 - Luke Slater, Deg @ Tekno Conflikt, Fuse, Brussels","https://www.mixesdb.com/w/1997-03-07_-_Luke_Slater,_Deg_@_Tekno_Conflikt,_Fuse,_Brussels",,38,111,Purveyors Of Fine Funk,Space Pimps From Planet X,Purveyors Of Fine Funk - Space Pimps From Planet X
"1997-03-07 - Luke Slater, Deg @ Tekno Conflikt, Fuse, Brussels","https://www.mixesdb.com/w/1997-03-07_-_Luke_Slater,_Deg_@_Tekno_Conflikt,_Fuse,_Brussels",,39,113,,?,?
"1997-03-07 - Luke Slater, Deg @ Tekno Conflikt, Fuse, Brussels","https://www.mixesdb.com/w/1997-03-07_-_Luke_Slater,_Deg_@_Tekno_Conflikt,_Fuse,_Brussels",,40,115,,?,?
"1997-03-07 - Luke Slater, Deg @ Tekno Conflikt, Fuse, Brussels","https://www.mixesdb.com/w/1997-03-07_-_Luke_Slater,_Deg_@_Tekno_Conflikt,_Fuse,_Brussels",,41,119,,?,?
"1997-03-07 - Luke Slater, Deg @ Tekno Conflikt, Fuse, Brussels","https://www.mixesdb.com/w/1997-03-07_-_Luke_Slater,_Deg_@_Tekno_Conflikt,_Fuse,_Brussels",,42,122,Sapiano & The Partycrashers,Signal,Sapiano & The Partycrashers - Signal
"1997-03-07 - Luke Slater, Deg @ Tekno Conflikt, Fuse, Brussels","https://www.mixesdb.com/w/1997-03-07_-_Luke_Slater,_Deg_@_Tekno_Conflikt,_Fuse,_Brussels",,43,124,Planetary Assault Systems,Surface Noise,Planetary Assault Systems - Surface Noise
"1997-03-07 - Luke Slater, Deg @ Tekno Conflikt, Fuse, Brussels","https://www.mixesdb.com/w/1997-03-07_-_Luke_Slater,_Deg_@_Tekno_Conflikt,_Fuse,_Brussels",,44,131,Playboy,In Da Jungle (Mod Wheel Safari Mix),Playboy - In Da Jungle (Mod Wheel Safari Mix)
"1997-03-07 - Luke Slater, Deg @ Tekno Conflikt, Fuse, Brussels","https://www.mixesdb.com/w/1997-03-07_-_Luke_Slater,_Deg_@_Tekno_Conflikt,_Fuse,_Brussels",,45,134,,?,?
"1997-03-07 - Luke Slater, Deg @ Tekno Conflikt, Fuse, Brussels","https://www.mixesdb.com/w/1997-03-07_-_Luke_Slater,_Deg_@_Tekno_Conflikt,_Fuse,_Brussels",,46,137,The Modwheel,Moroccan Jack,The Modwheel - Moroccan Jack
"1997-03-07 - Luke Slater, Deg @ Tekno Conflikt, Fuse, Brussels","https://www.mixesdb.com/w/1997-03-07_-_Luke_Slater,_Deg_@_Tekno_Conflikt,_Fuse,_Brussels",,47,139,,?,?
"1997-03-07 - Luke Slater, Deg @ Tekno Conflikt, Fuse, Brussels","https://www.mixesdb.com/w/1997-03-07_-_Luke_Slater,_Deg_@_Tekno_Conflikt,_Fuse,_Brussels",,48,141,,?,?
"1997-03-07 - Luke Slater, Deg @ Tekno Conflikt, Fuse, Brussels","https://www.mixesdb.com/w/1997-03-07_-_Luke_Slater,_Deg_@_Tekno_Conflikt,_Fuse,_Brussels",,49,143,K. Hand,Everybody (Meng's Mix),K. Hand - Everybody (Meng's Mix)
"1997-03-07 - Luke Slater, Deg @ Tekno Conflikt, Fuse, Brussels","https://www.mixesdb.com/w/1997-03-07_-_Luke_Slater,_Deg_@_Tekno_Conflikt,_Fuse,_Brussels",,50,146,,?,?
"1997-03-07 - Luke Slater, Deg @ Tekno Conflikt, Fuse, Brussels","https://www.mixesdb.com/w/1997-03-07_-_Luke_Slater,_Deg_@_Tekno_Conflikt,_Fuse,_Brussels",,51,148,The Advent,It One Jah (Surgeon Remix),The Advent - It One Jah (Surgeon Remix)
"1997-03-07 - Luke Slater, Deg @ Tekno Conflikt, Fuse, Brussels","https://www.mixesdb.com/w/1997-03-07_-_Luke_Slater,_Deg_@_Tekno_Conflikt,_Fuse,_Brussels",,52,150,Surgeon vs. Vice,Creep,Surgeon vs. Vice - Creep
"1997-03-07 - Luke Slater, Deg @ Tekno Conflikt, Fuse, Brussels","https://www.mixesdb.com/w/1997-03-07_-_Luke_Slater,_Deg_@_Tekno_Conflikt,_Fuse,_Brussels",,53,153,,?,?
"1997-03-07 - Luke Slater, Deg @ Tekno Conflikt, Fuse, Brussels","https://www.mixesdb.com/w/1997-03-07_-_Luke_Slater,_Deg_@_Tekno_Conflikt,_Fuse,_Brussels",,54,155,,?,?
"1997-03-07 - Luke Slater, Deg @ Tekno Conflikt, Fuse, Brussels","https://www.mixesdb.com/w/1997-03-07_-_Luke_Slater,_Deg_@_Tekno_Conflikt,_Fuse,_Brussels",,55,159,DJ Misjah,F5,DJ Misjah - F5
"1997-03-07 - Luke Slater, Deg @ Tekno Conflikt, Fuse, Brussels","https://www.mixesdb.com/w/1997-03-07_-_Luke_Slater,_Deg_@_Tekno_Conflikt,_Fuse,_Brussels",,56,162,Hell,Music For Films (Suburban Knight Remix),Hell - Music For Films (Suburban Knight Remix)
"1997-03-07 - Luke Slater, Deg @ Tekno Conflikt, Fuse, Brussels","https://www.mixesdb.com/w/1997-03-07_-_Luke_Slater,_Deg_@_Tekno_Conflikt,_Fuse,_Brussels",,57,164,Rhythm Formation,Flash Front,Rhythm Formation - Flash Front
"1997-03-07 - Luke Slater, Deg @ Tekno Conflikt, Fuse, Brussels","https://www.mixesdb.com/w/1997-03-07_-_Luke_Slater,_Deg_@_Tekno_Conflikt,_Fuse,_Brussels",,58,167,,?,?
"1997-03-07 - Luke Slater, Deg @ Tekno Conflikt, Fuse, Brussels","https://www.mixesdb.com/w/1997-03-07_-_Luke_Slater,_Deg_@_Tekno_Conflikt,_Fuse,_Brussels",,59,169,,?,?
"1997-03-07 - Luke Slater, Deg @ Tekno Conflikt, Fuse, Brussels","https://www.mixesdb.com/w/1997-03-07_-_Luke_Slater,_Deg_@_Tekno_Conflikt,_Fuse,_Brussels",,60,171,Daft Punk,Burnin',Daft Punk - Burnin'
"1997-03-07 - Luke Slater, Deg @ Tekno Conflikt, Fuse, Brussels","https://www.mixesdb.com/w/1997-03-07_-_Luke_Slater,_Deg_@_Tekno_Conflikt,_Fuse,_Brussels",,61,173,Set Up System,Fairy Dust (Set Up System '97 Remix),Set Up System - Fairy Dust (Set Up System '97 Remix)
"1997-03-07 - Luke Slater, Deg @ Tekno Conflikt, Fuse, Brussels","https://www.mixesdb.com/w/1997-03-07_-_Luke_Slater,_Deg_@_Tekno_Conflikt,_Fuse,_Brussels",,62,175,,?,?
"1997-03-07 - Luke Slater, Deg @ Tekno Conflikt, Fuse, Brussels","https://www.mixesdb.com/w/1997-03-07_-_Luke_Slater,_Deg_@_Tekno_Conflikt,_Fuse,_Brussels",,63,176,,?,?
"1997-03-07 - Luke Slater, Deg @ Tekno Conflikt, Fuse, Brussels","https://www.mixesdb.com/w/1997-03-07_-_Luke_Slater,_Deg_@_Tekno_Conflikt,_Fuse,_Brussels",,64,179,,?,?
"1997-03-07 - Luke Slater, Deg @ Tekno Conflikt, Fuse, Brussels","https://www.mixesdb.com/w/1997-03-07_-_Luke_Slater,_Deg_@_Tekno_Conflikt,_Fuse,_Brussels",,65,181,Planetary Assault Systems,In From The Day,Planetary Assault Systems - In From The Day
"1997-03-07 - Luke Slater, Deg @ Tekno Conflikt, Fuse, Brussels","https://www.mixesdb.com/w/1997-03-07_-_Luke_Slater,_Deg_@_Tekno_Conflikt,_Fuse,_Brussels",,66,185,Single Cell Orchestra,I Want To Fall,Single Cell Orchestra - I Want To Fall
"1992-02-21 - Luke Slater @ The Empire Club, Bognor Regis, England","https://www.mixesdb.com/w/1992-02-21_-_Luke_Slater_@_The_Empire_Club,_Bognor_Regis,_England",,1,00,,? AGE? heckmann? Tetsu Inoue?,? AGE? heckmann? Tetsu Inoue?
"1992-02-21 - Luke Slater @ The Empire Club, Bognor Regis, England","https://www.mixesdb.com/w/1992-02-21_-_Luke_Slater_@_The_Empire_Club,_Bognor_Regis,_England",,2,03,,?,?
"1992-02-21 - Luke Slater @ The Empire Club, Bognor Regis, England","https://www.mixesdb.com/w/1992-02-21_-_Luke_Slater_@_The_Empire_Club,_Bognor_Regis,_England",,3,07,,?,?
"1992-02-21 - Luke Slater @ The Empire Club, Bognor Regis, England","https://www.mixesdb.com/w/1992-02-21_-_Luke_Slater_@_The_Empire_Club,_Bognor_Regis,_England",,4,09,,?,?
"1992-02-21 - Luke Slater @ The Empire Club, Bognor Regis, England","https://www.mixesdb.com/w/1992-02-21_-_Luke_Slater_@_The_Empire_Club,_Bognor_Regis,_England",,5,11,Cosmo & Dibs,Body Work,Cosmo & Dibs - Body Work
"1992-02-21 - Luke Slater @ The Empire Club, Bognor Regis, England","https://www.mixesdb.com/w/1992-02-21_-_Luke_Slater_@_The_Empire_Club,_Bognor_Regis,_England",,6,16,Clivilles & Cole,A Deeper Love (Club Mix),Clivilles & Cole - A Deeper Love (Club Mix)
"1992-02-21 - Luke Slater @ The Empire Club, Bognor Regis, England","https://www.mixesdb.com/w/1992-02-21_-_Luke_Slater_@_The_Empire_Club,_Bognor_Regis,_England",,7,19,Ragga Twins,Bring Up The Mic Some More,Ragga Twins - Bring Up The Mic Some More
"1992-02-21 - Luke Slater @ The Empire Club, Bognor Regis, England","https://www.mixesdb.com/w/1992-02-21_-_Luke_Slater_@_The_Empire_Club,_Bognor_Regis,_England",,8,23,,? know,? know
"1992-02-21 - Luke Slater @ The Empire Club, Bognor Regis, England","https://www.mixesdb.com/w/1992-02-21_-_Luke_Slater_@_The_Empire_Club,_Bognor_Regis,_England",,9,26,,?,?
"1992-02-21 - Luke Slater @ The Empire Club, Bognor Regis, England","https://www.mixesdb.com/w/1992-02-21_-_Luke_Slater_@_The_Empire_Club,_Bognor_Regis,_England",,10,28,Food For Woofers,Basic Beats,Food For Woofers - Basic Beats
"1992-02-21 - Luke Slater @ The Empire Club, Bognor Regis, England","https://www.mixesdb.com/w/1992-02-21_-_Luke_Slater_@_The_Empire_Club,_Bognor_Regis,_England",,11,31,Jam & Spoon,My First Fantastic F.F.,Jam & Spoon - My First Fantastic F.F.
"1992-02-21 - Luke Slater @ The Empire Club, Bognor Regis, England","https://www.mixesdb.com/w/1992-02-21_-_Luke_Slater_@_The_Empire_Club,_Bognor_Regis,_England",,12,33,,? pcp / t-bon castro?,? pcp / t-bon castro?
"1992-02-21 - Luke Slater @ The Empire Club, Bognor Regis, England","https://www.mixesdb.com/w/1992-02-21_-_Luke_Slater_@_The_Empire_Club,_Bognor_Regis,_England",,13,35,The Mover,Nightflight (Nonstop To Kaos),The Mover - Nightflight (Nonstop To Kaos)
"1992-02-21 - Luke Slater @ The Empire Club, Bognor Regis, England","https://www.mixesdb.com/w/1992-02-21_-_Luke_Slater_@_The_Empire_Club,_Bognor_Regis,_England",,14,37,Phenomania,Who Is Elvis?,Phenomania - Who Is Elvis?
"1992-02-21 - Luke Slater @ The Empire Club, Bognor Regis, England","https://www.mixesdb.com/w/1992-02-21_-_Luke_Slater_@_The_Empire_Club,_Bognor_Regis,_England",,15,39,Friends Of Alex,What Is..? Fick Dich,Friends Of Alex - What Is..? Fick Dich
"1992-02-21 - Luke Slater @ The Empire Club, Bognor Regis, England","https://www.mixesdb.com/w/1992-02-21_-_Luke_Slater_@_The_Empire_Club,_Bognor_Regis,_England",,16,41,,?,?
"1992-02-21 - Luke Slater @ The Empire Club, Bognor Regis, England","https://www.mixesdb.com/w/1992-02-21_-_Luke_Slater_@_The_Empire_Club,_Bognor_Regis,_England",,17,43,,?,?
"1992-02-21 - Luke Slater @ The Empire Club, Bognor Regis, England","https://www.mixesdb.com/w/1992-02-21_-_Luke_Slater_@_The_Empire_Club,_Bognor_Regis,_England",,18,45,,?,?
"1992-02-21 - Luke Slater @ The Empire Club, Bognor Regis, England","https://www.mixesdb.com/w/1992-02-21_-_Luke_Slater_@_The_Empire_Club,_Bognor_Regis,_England",,19,48,Tronik House,Spark Plug (Detroit Mix),Tronik House - Spark Plug (Detroit Mix)
"1992-02-21 - Luke Slater @ The Empire Club, Bognor Regis, England","https://www.mixesdb.com/w/1992-02-21_-_Luke_Slater_@_The_Empire_Club,_Bognor_Regis,_England",,20,50,,?,?
"1992-02-21 - Luke Slater @ The Empire Club, Bognor Regis, England","https://www.mixesdb.com/w/1992-02-21_-_Luke_Slater_@_The_Empire_Club,_Bognor_Regis,_England",,21,52,,?,?
"1992-02-21 - Luke Slater @ The Empire Club, Bognor Regis, England","https://www.mixesdb.com/w/1992-02-21_-_Luke_Slater_@_The_Empire_Club,_Bognor_Regis,_England",,22,54,Acen,Close Your Eyes (The Sequel),Acen - Close Your Eyes (The Sequel)
"1992-02-21 - Luke Slater @ The Empire Club, Bognor Regis, England","https://www.mixesdb.com/w/1992-02-21_-_Luke_Slater_@_The_Empire_Club,_Bognor_Regis,_England",,23,56,,? hi-tech music,? hi-tech music
"1992-02-21 - Luke Slater @ The Empire Club, Bognor Regis, England","https://www.mixesdb.com/w/1992-02-21_-_Luke_Slater_@_The_Empire_Club,_Bognor_Regis,_England",,24,58,Shut Up And Dance,Green Man (Original Mix),Shut Up And Dance - Green Man (Original Mix)
"1992-02-21 - Luke Slater @ The Empire Club, Bognor Regis, England","https://www.mixesdb.com/w/1992-02-21_-_Luke_Slater_@_The_Empire_Club,_Bognor_Regis,_England",,25,60,The House Crew,Maniac (Hypermix),The House Crew - Maniac (Hypermix)
"1992-02-21 - Luke Slater @ The Empire Club, Bognor Regis, England","https://www.mixesdb.com/w/1992-02-21_-_Luke_Slater_@_The_Empire_Club,_Bognor_Regis,_England",,26,62,,? one two three four / i am a robot,? one two three four / i am a robot
"1992-02-21 - Luke Slater @ The Empire Club, Bognor Regis, England","https://www.mixesdb.com/w/1992-02-21_-_Luke_Slater_@_The_Empire_Club,_Bognor_Regis,_England",,27,64,Zero B,Lock Up,Zero B - Lock Up
"1992-02-21 - Luke Slater @ The Empire Club, Bognor Regis, England","https://www.mixesdb.com/w/1992-02-21_-_Luke_Slater_@_The_Empire_Club,_Bognor_Regis,_England",,28,67,,?,?
"1992-02-21 - Luke Slater @ The Empire Club, Bognor Regis, England","https://www.mixesdb.com/w/1992-02-21_-_Luke_Slater_@_The_Empire_Club,_Bognor_Regis,_England",,29,69,,?,?
"1992-02-21 - Luke Slater @ The Empire Club, Bognor Regis, England","https://www.mixesdb.com/w/1992-02-21_-_Luke_Slater_@_The_Empire_Club,_Bognor_Regis,_England",,30,70,,? cosmo & dibs?,? cosmo & dibs?
"1992-02-21 - Luke Slater @ The Empire Club, Bognor Regis, England","https://www.mixesdb.com/w/1992-02-21_-_Luke_Slater_@_The_Empire_Club,_Bognor_Regis,_England",,31,71,2 Bad Mice,Bombscare (Remix),2 Bad Mice - Bombscare (Remix)
"1992-02-21 - Luke Slater @ The Empire Club, Bognor Regis, England","https://www.mixesdb.com/w/1992-02-21_-_Luke_Slater_@_The_Empire_Club,_Bognor_Regis,_England",,32,73,,? cosmo & dibs? / i just can't let it go,? cosmo & dibs? / i just can't let it go
"1992-02-21 - Luke Slater @ The Empire Club, Bognor Regis, England","https://www.mixesdb.com/w/1992-02-21_-_Luke_Slater_@_The_Empire_Club,_Bognor_Regis,_England",,33,75,Blame,Music Takes You (Original Version),Blame - Music Takes You (Original Version)
"1992-02-21 - Luke Slater @ The Empire Club, Bognor Regis, England","https://www.mixesdb.com/w/1992-02-21_-_Luke_Slater_@_The_Empire_Club,_Bognor_Regis,_England",,34,77,,?,?
"1992-02-21 - Luke Slater @ The Empire Club, Bognor Regis, England","https://www.mixesdb.com/w/1992-02-21_-_Luke_Slater_@_The_Empire_Club,_Bognor_Regis,_England",,35,80,Outlander,Room To Move,Outlander - Room To Move
"1992-02-21 - Luke Slater @ The Empire Club, Bognor Regis, England","https://www.mixesdb.com/w/1992-02-21_-_Luke_Slater_@_The_Empire_Club,_Bognor_Regis,_England",,36,82,,?,?
"1992-02-21 - Luke Slater @ The Empire Club, Bognor Regis, England","https://www.mixesdb.com/w/1992-02-21_-_Luke_Slater_@_The_Empire_Club,_Bognor_Regis,_England",,37,84,,?,?
1992-01 - Luke Slater @ Passion,https://www.mixesdb.com/w/1992-01_-_Luke_Slater_@_Passion,,1,00:00,,?,?
1992-01 - Luke Slater @ Passion,https://www.mixesdb.com/w/1992-01_-_Luke_Slater_@_Passion,,2,02:05,,?,?
1992-01 - Luke Slater @ Passion,https://www.mixesdb.com/w/1992-01_-_Luke_Slater_@_Passion,,3,03:10,Mainx,88 To Piano [Hithouse],Mainx - 88 To Piano [Hithouse]
1992-01 - Luke Slater @ Passion,https://www.mixesdb.com/w/1992-01_-_Luke_Slater_@_Passion,,4,06:00,,?,?
1992-01 - Luke Slater @ Passion,https://www.mixesdb.com/w/1992-01_-_Luke_Slater_@_Passion,,5,08:50,,?,?
1992-01 - Luke Slater @ Passion,https://www.mixesdb.com/w/1992-01_-_Luke_Slater_@_Passion,,6,11:00,2 Bad Mice,Hold It Down [Moving Shadow],2 Bad Mice - Hold It Down [Moving Shadow]
1992-01 - Luke Slater @ Passion,https://www.mixesdb.com/w/1992-01_-_Luke_Slater_@_Passion,,7,14:07,DJ Phantasy + DJ Gemini,Everybodys Under The Influence [Liquid Wax],DJ Phantasy + DJ Gemini - Everybodys Under The Influence [Liquid Wax]
1992-01 - Luke Slater @ Passion,https://www.mixesdb.com/w/1992-01_-_Luke_Slater_@_Passion,,8,14:46,DJ Trace,Inception [Orbital],DJ Trace - Inception [Orbital]
1992-01 - Luke Slater @ Passion,https://www.mixesdb.com/w/1992-01_-_Luke_Slater_@_Passion,,9,17:19,Hackney Hardcore,Dancehall Dangerous (Don't Mess With Us! Mix) [Strictly Underground],Hackney Hardcore - Dancehall Dangerous (Don't Mess With Us! Mix) [Strictly Underground]
1992-01 - Luke Slater @ Passion,https://www.mixesdb.com/w/1992-01_-_Luke_Slater_@_Passion,,10,19:27,World Dominiance,Compression [Powertraxx],World Dominiance - Compression [Powertraxx]
1992-01 - Luke Slater @ Passion,https://www.mixesdb.com/w/1992-01_-_Luke_Slater_@_Passion,,11,21:20,,?,?
1992-01 - Luke Slater @ Passion,https://www.mixesdb.com/w/1992-01_-_Luke_Slater_@_Passion,,12,23:30,Holy Ghost,Mad Monks [Z],Holy Ghost - Mad Monks [Z]
1992-01 - Luke Slater @ Passion,https://www.mixesdb.com/w/1992-01_-_Luke_Slater_@_Passion,,13,25:15,Underground Resistance,Elimination [Underground Resistance],Underground Resistance - Elimination [Underground Resistance]
1992-01 - Luke Slater @ Passion,https://www.mixesdb.com/w/1992-01_-_Luke_Slater_@_Passion,,14,28:43,Sonic Solution,Beatstime [R&S],Sonic Solution - Beatstime [R&S]
1992-01 - Luke Slater @ Passion,https://www.mixesdb.com/w/1992-01_-_Luke_Slater_@_Passion,,15,30:24,Frequency,Xanadu [Lower East Side],Frequency - Xanadu [Lower East Side]
1992-01 - Luke Slater @ Passion,https://www.mixesdb.com/w/1992-01_-_Luke_Slater_@_Passion,,16,31:55,DJ Oz,Technozone [Incognito],DJ Oz - Technozone [Incognito]
1992-01 - Luke Slater @ Passion,https://www.mixesdb.com/w/1992-01_-_Luke_Slater_@_Passion,,17,33:33,Space Cube,Sub Audible (White Strings Mix) [TNI],Space Cube - Sub Audible (White Strings Mix) [TNI]
1992-01 - Luke Slater @ Passion,https://www.mixesdb.com/w/1992-01_-_Luke_Slater_@_Passion,,18,36:08,Gateway Experience,Twin Freaks Remix [Stealth],Gateway Experience - Twin Freaks Remix [Stealth]
1992-01 - Luke Slater @ Passion,https://www.mixesdb.com/w/1992-01_-_Luke_Slater_@_Passion,,19,37:30,Mescalum United,We Have Arrived [R&S],Mescalum United - We Have Arrived [R&S]
1992-01 - Luke Slater @ Passion,https://www.mixesdb.com/w/1992-01_-_Luke_Slater_@_Passion,,20,39:33,Meng Syndicate,Sonar System (Speedy J Mix) [Music Man],Meng Syndicate - Sonar System (Speedy J Mix) [Music Man]
1992-01 - Luke Slater @ Passion,https://www.mixesdb.com/w/1992-01_-_Luke_Slater_@_Passion,,21,40:52,Missing Channel,Rave To The Maximum [Hardwax],Missing Channel - Rave To The Maximum [Hardwax]
1992-01 - Luke Slater @ Passion,https://www.mixesdb.com/w/1992-01_-_Luke_Slater_@_Passion,,22,41:44,,?,?
1992-01 - Luke Slater @ Passion,https://www.mixesdb.com/w/1992-01_-_Luke_Slater_@_Passion,,23,43:28,DJ Seduction,Hardcore Heaven [FFRR],DJ Seduction - Hardcore Heaven [FFRR]
1992-01 - Luke Slater @ Passion,https://www.mixesdb.com/w/1992-01_-_Luke_Slater_@_Passion,,24,45:39,Blame,Music Takes You [Moving Shadow],Blame - Music Takes You [Moving Shadow]
1992-01 - Luke Slater @ Passion,https://www.mixesdb.com/w/1992-01_-_Luke_Slater_@_Passion,,25,47:54,Speedy J,Rise [Plus 8],Speedy J - Rise [Plus 8]
1992-01 - Luke Slater @ Passion,https://www.mixesdb.com/w/1992-01_-_Luke_Slater_@_Passion,,26,54:25,+ Fingers,My House (Acapella) [Desire],+ Fingers - My House (Acapella) [Desire]
1992-01 - Luke Slater @ Passion,https://www.mixesdb.com/w/1992-01_-_Luke_Slater_@_Passion,,27,54:53,Slam,Eterna [Soma],Slam - Eterna [Soma]
1992-01 - Luke Slater @ Passion,https://www.mixesdb.com/w/1992-01_-_Luke_Slater_@_Passion,,28,60:20,Tikkle,Bubbles [House Jam],Tikkle - Bubbles [House Jam]
1992-01 - Luke Slater @ Passion,https://www.mixesdb.com/w/1992-01_-_Luke_Slater_@_Passion,,29,62:07,,?,?
1992-01 - Luke Slater @ Passion,https://www.mixesdb.com/w/1992-01_-_Luke_Slater_@_Passion,,30,65:24,I.C.P,Free + Equal (Leftfield Mix) [ICP],I.C.P - Free + Equal (Leftfield Mix) [ICP]
1992-01 - Luke Slater @ Passion,https://www.mixesdb.com/w/1992-01_-_Luke_Slater_@_Passion,,31,70:29,E-Lustrious,Dance No More [M.O.S],E-Lustrious - Dance No More [M.O.S]
1992-01 - Luke Slater @ Passion,https://www.mixesdb.com/w/1992-01_-_Luke_Slater_@_Passion,,32,72:26,Electric Choc,Shock The Beat [Hi Tech Music],Electric Choc - Shock The Beat [Hi Tech Music]
1992-01 - Luke Slater @ Passion,https://www.mixesdb.com/w/1992-01_-_Luke_Slater_@_Passion,,33,77:10,,?,?
1992-01 - Luke Slater @ Passion,https://www.mixesdb.com/w/1992-01_-_Luke_Slater_@_Passion,,34,80:50,,?,?
1992-01 - Luke Slater @ Passion,https://www.mixesdb.com/w/1992-01_-_Luke_Slater_@_Passion,,35,82:42,Bizarre Inc,Playing With Knives,Bizarre Inc - Playing With Knives
1992-01 - Luke Slater @ Passion,https://www.mixesdb.com/w/1992-01_-_Luke_Slater_@_Passion,,36,87:00,Dave Charlesworth,Energizer 1 [Energizer],Dave Charlesworth - Energizer 1 [Energizer]
1992-01 - Luke Slater @ Passion,https://www.mixesdb.com/w/1992-01_-_Luke_Slater_@_Passion,,37,91:31,Urban Shakedown,Some Justice [Urban Shakedown],Urban Shakedown - Some Justice [Urban Shakedown]
1992-01 - Luke Slater @ Passion,https://www.mixesdb.com/w/1992-01_-_Luke_Slater_@_Passion,,38,93:41,,?,?
"2024-08-02 - Tim Sweeney, Luke Slater - Beats In Space 124, Apple Music","https://www.mixesdb.com/w/2024-08-02_-_Tim_Sweeney,_Luke_Slater_-_Beats_In_Space_124,_Apple_Music",Tim Sweeney,1,00,The 7th Plain,Grace,The 7th Plain - Grace
"2024-08-02 - Tim Sweeney, Luke Slater - Beats In Space 124, Apple Music","https://www.mixesdb.com/w/2024-08-02_-_Tim_Sweeney,_Luke_Slater_-_Beats_In_Space_124,_Apple_Music",Tim Sweeney,2,03,L.B. Dub Corp Feat. Robert Owens,You Got Me,L.B. Dub Corp Feat. Robert Owens - You Got Me
"2024-08-02 - Tim Sweeney, Luke Slater - Beats In Space 124, Apple Music","https://www.mixesdb.com/w/2024-08-02_-_Tim_Sweeney,_Luke_Slater_-_Beats_In_Space_124,_Apple_Music",Tim Sweeney,3,07,L.B. Dub Corp,Turner's House,L.B. Dub Corp - Turner's House
"2024-08-02 - Tim Sweeney, Luke Slater - Beats In Space 124, Apple Music","https://www.mixesdb.com/w/2024-08-02_-_Tim_Sweeney,_Luke_Slater_-_Beats_In_Space_124,_Apple_Music",Tim Sweeney,4,09,Slam,Positive Education (Luke Slater Morgansitic Mix 2),Slam - Positive Education (Luke Slater Morgansitic Mix 2)
"2024-08-02 - Tim Sweeney, Luke Slater - Beats In Space 124, Apple Music","https://www.mixesdb.com/w/2024-08-02_-_Tim_Sweeney,_Luke_Slater_-_Beats_In_Space_124,_Apple_Music",Tim Sweeney,5,13,Planetary Assault Systems,Gt (P.A.S. Rhythm & Beats 2),Planetary Assault Systems - Gt (P.A.S. Rhythm & Beats 2)
"2024-08-02 - Tim Sweeney, Luke Slater - Beats In Space 124, Apple Music","https://www.mixesdb.com/w/2024-08-02_-_Tim_Sweeney,_Luke_Slater_-_Beats_In_Space_124,_Apple_Music",Tim Sweeney,6,14,Planetary Assault Systems,Booster,Planetary Assault Systems - Booster
"2024-08-02 - Tim Sweeney, Luke Slater - Beats In Space 124, Apple Music","https://www.mixesdb.com/w/2024-08-02_-_Tim_Sweeney,_Luke_Slater_-_Beats_In_Space_124,_Apple_Music",Tim Sweeney,7,17,Dubfire & Luke Slater,The Drama,Dubfire & Luke Slater - The Drama
"2024-08-02 - Tim Sweeney, Luke Slater - Beats In Space 124, Apple Music","https://www.mixesdb.com/w/2024-08-02_-_Tim_Sweeney,_Luke_Slater_-_Beats_In_Space_124,_Apple_Music",Tim Sweeney,8,20,Planetary Assualt Systems,Groove For Thought,Planetary Assualt Systems - Groove For Thought
"2024-08-02 - Tim Sweeney, Luke Slater - Beats In Space 124, Apple Music","https://www.mixesdb.com/w/2024-08-02_-_Tim_Sweeney,_Luke_Slater_-_Beats_In_Space_124,_Apple_Music",Tim Sweeney,9,23,Planetary Assault Systems,Angel Street,Planetary Assault Systems - Angel Street
"2024-08-02 - Tim Sweeney, Luke Slater - Beats In Space 124, Apple Music","https://www.mixesdb.com/w/2024-08-02_-_Tim_Sweeney,_Luke_Slater_-_Beats_In_Space_124,_Apple_Music",Tim Sweeney,10,25,,?,?
"2024-08-02 - Tim Sweeney, Luke Slater - Beats In Space 124, Apple Music","https://www.mixesdb.com/w/2024-08-02_-_Tim_Sweeney,_Luke_Slater_-_Beats_In_Space_124,_Apple_Music",Tim Sweeney,11,28,Luke Slater,Freek Funk,Luke Slater - Freek Funk
"2024-08-02 - Tim Sweeney, Luke Slater - Beats In Space 124, Apple Music","https://www.mixesdb.com/w/2024-08-02_-_Tim_Sweeney,_Luke_Slater_-_Beats_In_Space_124,_Apple_Music",Tim Sweeney,12,30,Alter Ego,Soulfree (Luke Slater's Ortoe Circuit Remix),Alter Ego - Soulfree (Luke Slater's Ortoe Circuit Remix)
"2024-08-02 - Tim Sweeney, Luke Slater - Beats In Space 124, Apple Music","https://www.mixesdb.com/w/2024-08-02_-_Tim_Sweeney,_Luke_Slater_-_Beats_In_Space_124,_Apple_Music",Tim Sweeney,13,33,L.B. Dub Corp,Ever And Forever,L.B. Dub Corp - Ever And Forever
"2024-08-02 - Tim Sweeney, Luke Slater - Beats In Space 124, Apple Music","https://www.mixesdb.com/w/2024-08-02_-_Tim_Sweeney,_Luke_Slater_-_Beats_In_Space_124,_Apple_Music",Tim Sweeney,14,36,,?,?
"2024-08-02 - Tim Sweeney, Luke Slater - Beats In Space 124, Apple Music","https://www.mixesdb.com/w/2024-08-02_-_Tim_Sweeney,_Luke_Slater_-_Beats_In_Space_124,_Apple_Music",Tim Sweeney,15,39,Planetary Assault Systems,Gruve,Planetary Assault Systems - Gruve
"2024-08-02 - Tim Sweeney, Luke Slater - Beats In Space 124, Apple Music","https://www.mixesdb.com/w/2024-08-02_-_Tim_Sweeney,_Luke_Slater_-_Beats_In_Space_124,_Apple_Music",Tim Sweeney,16,40,,?,?
"2024-08-02 - Tim Sweeney, Luke Slater - Beats In Space 124, Apple Music","https://www.mixesdb.com/w/2024-08-02_-_Tim_Sweeney,_Luke_Slater_-_Beats_In_Space_124,_Apple_Music",Tim Sweeney,17,42,L.B. Dub Corp,See The Light,L.B. Dub Corp - See The Light
"2024-08-02 - Tim Sweeney, Luke Slater - Beats In Space 124, Apple Music","https://www.mixesdb.com/w/2024-08-02_-_Tim_Sweeney,_Luke_Slater_-_Beats_In_Space_124,_Apple_Music",Tim Sweeney,18,44,L.B. Dub Corp,So Much,L.B. Dub Corp - So Much
"2024-08-02 - Tim Sweeney, Luke Slater - Beats In Space 124, Apple Music","https://www.mixesdb.com/w/2024-08-02_-_Tim_Sweeney,_Luke_Slater_-_Beats_In_Space_124,_Apple_Music",Tim Sweeney,19,46,L.B. Dub Corp,Float When You Can,L.B. Dub Corp - Float When You Can
"2024-08-02 - Tim Sweeney, Luke Slater - Beats In Space 124, Apple Music","https://www.mixesdb.com/w/2024-08-02_-_Tim_Sweeney,_Luke_Slater_-_Beats_In_Space_124,_Apple_Music",Tim Sweeney,20,49,,?,?
"2024-08-02 - Tim Sweeney, Luke Slater - Beats In Space 124, Apple Music","https://www.mixesdb.com/w/2024-08-02_-_Tim_Sweeney,_Luke_Slater_-_Beats_In_Space_124,_Apple_Music",Tim Sweeney,21,51,,?,?
"2024-08-02 - Tim Sweeney, Luke Slater - Beats In Space 124, Apple Music","https://www.mixesdb.com/w/2024-08-02_-_Tim_Sweeney,_Luke_Slater_-_Beats_In_Space_124,_Apple_Music",Tim Sweeney,22,54,Luke Slater,Love (Burial Remix),Luke Slater - Love (Burial Remix)
"2024-08-02 - Tim Sweeney, Luke Slater - Beats In Space 124, Apple Music","https://www.mixesdb.com/w/2024-08-02_-_Tim_Sweeney,_Luke_Slater_-_Beats_In_Space_124,_Apple_Music",Luke Slater,1,00,L.B. Dub Corp Feat. Benjamin Zephaniah,I Have A Dream,L.B. Dub Corp Feat. Benjamin Zephaniah - I Have A Dream
"2024-08-02 - Tim Sweeney, Luke Slater - Beats In Space 124, Apple Music","https://www.mixesdb.com/w/2024-08-02_-_Tim_Sweeney,_Luke_Slater_-_Beats_In_Space_124,_Apple_Music",Luke Slater,2,04,L.B. Dub Corp,Nearly Africa,L.B. Dub Corp - Nearly Africa
"2024-08-02 - Tim Sweeney, Luke Slater - Beats In Space 124, Apple Music","https://www.mixesdb.com/w/2024-08-02_-_Tim_Sweeney,_Luke_Slater_-_Beats_In_Space_124,_Apple_Music",Luke Slater,3,06,L.B. Dub Corp,No Trouble In Paradise,L.B. Dub Corp - No Trouble In Paradise
"2024-08-02 - Tim Sweeney, Luke Slater - Beats In Space 124, Apple Music","https://www.mixesdb.com/w/2024-08-02_-_Tim_Sweeney,_Luke_Slater_-_Beats_In_Space_124,_Apple_Music",Luke Slater,4,12,Talaboman,Brutal Chugga Chugga (L.B. Dub Corp Remix),Talaboman - Brutal Chugga Chugga (L.B. Dub Corp Remix)
"2024-08-02 - Tim Sweeney, Luke Slater - Beats In Space 124, Apple Music","https://www.mixesdb.com/w/2024-08-02_-_Tim_Sweeney,_Luke_Slater_-_Beats_In_Space_124,_Apple_Music",Luke Slater,5,16,The Untouchables & L.B. Dub Corp,I'm For Real (L.B. Dub Corp Edit) / Only The Good Times (Burial Remix),The Untouchables & L.B. Dub Corp - I'm For Real (L.B. Dub Corp Edit) / Only The Good Times (Burial Remix)
"2024-08-02 - Tim Sweeney, Luke Slater - Beats In Space 124, Apple Music","https://www.mixesdb.com/w/2024-08-02_-_Tim_Sweeney,_Luke_Slater_-_Beats_In_Space_124,_Apple_Music",Luke Slater,6,21,L.B. Dub Corp,Your Love,L.B. Dub Corp - Your Love
"2024-08-02 - Tim Sweeney, Luke Slater - Beats In Space 124, Apple Music","https://www.mixesdb.com/w/2024-08-02_-_Tim_Sweeney,_Luke_Slater_-_Beats_In_Space_124,_Apple_Music",Luke Slater,7,27,,?,?
"2024-08-02 - Tim Sweeney, Luke Slater - Beats In Space 124, Apple Music","https://www.mixesdb.com/w/2024-08-02_-_Tim_Sweeney,_Luke_Slater_-_Beats_In_Space_124,_Apple_Music",Luke Slater,8,31,youANDme,PPPPP (Cinthie Remix),youANDme - PPPPP (Cinthie Remix)
"2024-08-02 - Tim Sweeney, Luke Slater - Beats In Space 124, Apple Music","https://www.mixesdb.com/w/2024-08-02_-_Tim_Sweeney,_Luke_Slater_-_Beats_In_Space_124,_Apple_Music",Luke Slater,9,35,Blackstone,Samba Oscura,Blackstone - Samba Oscura
"2024-08-02 - Tim Sweeney, Luke Slater - Beats In Space 124, Apple Music","https://www.mixesdb.com/w/2024-08-02_-_Tim_Sweeney,_Luke_Slater_-_Beats_In_Space_124,_Apple_Music",Luke Slater,10,38,L.B. Dub Corp,It's What You Feel,L.B. Dub Corp - It's What You Feel
"2024-08-02 - Tim Sweeney, Luke Slater - Beats In Space 124, Apple Music","https://www.mixesdb.com/w/2024-08-02_-_Tim_Sweeney,_Luke_Slater_-_Beats_In_Space_124,_Apple_Music",Luke Slater,11,46,Sinisa Tamamovic,Tension,Sinisa Tamamovic - Tension
"2024-08-02 - Tim Sweeney, Luke Slater - Beats In Space 124, Apple Music","https://www.mixesdb.com/w/2024-08-02_-_Tim_Sweeney,_Luke_Slater_-_Beats_In_Space_124,_Apple_Music",Luke Slater,12,50,Soulphiction,Mind & Body,Soulphiction - Mind & Body
"2024-08-02 - Tim Sweeney, Luke Slater - Beats In Space 124, Apple Music","https://www.mixesdb.com/w/2024-08-02_-_Tim_Sweeney,_Luke_Slater_-_Beats_In_Space_124,_Apple_Music",Luke Slater,13,52,L.B. Dub Corp,Krank,L.B. Dub Corp - Krank
"2024-08-02 - Tim Sweeney, Luke Slater - Beats In Space 124, Apple Music","https://www.mixesdb.com/w/2024-08-02_-_Tim_Sweeney,_Luke_Slater_-_Beats_In_Space_124,_Apple_Music",Luke Slater,14,57,L.B. Dub Corp,Only The Good Times,L.B. Dub Corp - Only The Good Times
"2024-10-05 - Dubfire b2b Luke Slater @ Oddity Club, Athens, Greece","https://www.mixesdb.com/w/2024-10-05_-_Dubfire_b2b_Luke_Slater_@_Oddity_Club,_Athens,_Greece",,1,000,,?,?
"2024-10-05 - Dubfire b2b Luke Slater @ Oddity Club, Athens, Greece","https://www.mixesdb.com/w/2024-10-05_-_Dubfire_b2b_Luke_Slater_@_Oddity_Club,_Athens,_Greece",,2,006,,?,?
"2024-10-05 - Dubfire b2b Luke Slater @ Oddity Club, Athens, Greece","https://www.mixesdb.com/w/2024-10-05_-_Dubfire_b2b_Luke_Slater_@_Oddity_Club,_Athens,_Greece",,3,013,Tapefeed,Hellz Bellz [Fides],Tapefeed - Hellz Bellz [Fides]
"2024-10-05 - Dubfire b2b Luke Slater @ Oddity Club, Athens, Greece","https://www.mixesdb.com/w/2024-10-05_-_Dubfire_b2b_Luke_Slater_@_Oddity_Club,_Athens,_Greece",,4,018,Cirkle,Mooree [Sublunar],Cirkle - Mooree [Sublunar]
"2024-10-05 - Dubfire b2b Luke Slater @ Oddity Club, Athens, Greece","https://www.mixesdb.com/w/2024-10-05_-_Dubfire_b2b_Luke_Slater_@_Oddity_Club,_Athens,_Greece",,5,022,Isaiah & STÜTZPUNKT,ILY [Stützpunkt],Isaiah & STÜTZPUNKT - ILY [Stützpunkt]
"2024-10-05 - Dubfire b2b Luke Slater @ Oddity Club, Athens, Greece","https://www.mixesdb.com/w/2024-10-05_-_Dubfire_b2b_Luke_Slater_@_Oddity_Club,_Athens,_Greece",,6,026,Oscar Escapa & Lostrego,Obscure Resonance [Planet Rhythm],Oscar Escapa & Lostrego - Obscure Resonance [Planet Rhythm]
"2024-10-05 - Dubfire b2b Luke Slater @ Oddity Club, Athens, Greece","https://www.mixesdb.com/w/2024-10-05_-_Dubfire_b2b_Luke_Slater_@_Oddity_Club,_Athens,_Greece",,7,031,Len Faki,Sexuality (My Reality) (Hardspace Mix),Len Faki - Sexuality (My Reality) (Hardspace Mix)
"2024-10-05 - Dubfire b2b Luke Slater @ Oddity Club, Athens, Greece","https://www.mixesdb.com/w/2024-10-05_-_Dubfire_b2b_Luke_Slater_@_Oddity_Club,_Athens,_Greece",,8,036,,?,?
"2024-10-05 - Dubfire b2b Luke Slater @ Oddity Club, Athens, Greece","https://www.mixesdb.com/w/2024-10-05_-_Dubfire_b2b_Luke_Slater_@_Oddity_Club,_Athens,_Greece",,9,042,Dax J,Anti Gravity Racing [Monnom Black],Dax J - Anti Gravity Racing [Monnom Black]
"2024-10-05 - Dubfire b2b Luke Slater @ Oddity Club, Athens, Greece","https://www.mixesdb.com/w/2024-10-05_-_Dubfire_b2b_Luke_Slater_@_Oddity_Club,_Athens,_Greece",,10,047,Klint,Dethroned [CLR],Klint - Dethroned [CLR]
"2024-10-05 - Dubfire b2b Luke Slater @ Oddity Club, Athens, Greece","https://www.mixesdb.com/w/2024-10-05_-_Dubfire_b2b_Luke_Slater_@_Oddity_Club,_Athens,_Greece",,11,051,The Advent,Clap Trap [MORD],The Advent - Clap Trap [MORD]
"2024-10-05 - Dubfire b2b Luke Slater @ Oddity Club, Athens, Greece","https://www.mixesdb.com/w/2024-10-05_-_Dubfire_b2b_Luke_Slater_@_Oddity_Club,_Athens,_Greece",,12,056,Phase Fatale,Neon Innocence (Kangding Ray Remix) [BITE],Phase Fatale - Neon Innocence (Kangding Ray Remix) [BITE]
"2024-10-05 - Dubfire b2b Luke Slater @ Oddity Club, Athens, Greece","https://www.mixesdb.com/w/2024-10-05_-_Dubfire_b2b_Luke_Slater_@_Oddity_Club,_Athens,_Greece",,13,062,Nicole Moudaber & Risa Taniguchi,Gorgeous [MOOD],Nicole Moudaber & Risa Taniguchi - Gorgeous [MOOD]
"2024-10-05 - Dubfire b2b Luke Slater @ Oddity Club, Athens, Greece","https://www.mixesdb.com/w/2024-10-05_-_Dubfire_b2b_Luke_Slater_@_Oddity_Club,_Athens,_Greece",,14,064,,?,?
"2024-10-05 - Dubfire b2b Luke Slater @ Oddity Club, Athens, Greece","https://www.mixesdb.com/w/2024-10-05_-_Dubfire_b2b_Luke_Slater_@_Oddity_Club,_Athens,_Greece",,15,067,Luke Slater & Dubfire,The Dissent [Mote-Evolver],Luke Slater & Dubfire - The Dissent [Mote-Evolver]
"2024-10-05 - Dubfire b2b Luke Slater @ Oddity Club, Athens, Greece","https://www.mixesdb.com/w/2024-10-05_-_Dubfire_b2b_Luke_Slater_@_Oddity_Club,_Athens,_Greece",,16,072,Code 701,The Summit (Kracht Remix) [Krachtvoer],Code 701 - The Summit (Kracht Remix) [Krachtvoer]
"2024-10-05 - Dubfire b2b Luke Slater @ Oddity Club, Athens, Greece","https://www.mixesdb.com/w/2024-10-05_-_Dubfire_b2b_Luke_Slater_@_Oddity_Club,_Athens,_Greece",,17,077,Escalated Edits,EE3 [Hardgroove],Escalated Edits - EE3 [Hardgroove]
"2024-10-05 - Dubfire b2b Luke Slater @ Oddity Club, Athens, Greece","https://www.mixesdb.com/w/2024-10-05_-_Dubfire_b2b_Luke_Slater_@_Oddity_Club,_Athens,_Greece",,18,082,Isaiah & STÜTZPUNKT,Stoffe [Stützpunkt],Isaiah & STÜTZPUNKT - Stoffe [Stützpunkt]
"2024-10-05 - Dubfire b2b Luke Slater @ Oddity Club, Athens, Greece","https://www.mixesdb.com/w/2024-10-05_-_Dubfire_b2b_Luke_Slater_@_Oddity_Club,_Athens,_Greece",,19,087,Phase Fatale,Altars [BITE],Phase Fatale - Altars [BITE]
"2024-10-05 - Dubfire b2b Luke Slater @ Oddity Club, Athens, Greece","https://www.mixesdb.com/w/2024-10-05_-_Dubfire_b2b_Luke_Slater_@_Oddity_Club,_Athens,_Greece",,20,090,,?,?
"2024-10-05 - Dubfire b2b Luke Slater @ Oddity Club, Athens, Greece","https://www.mixesdb.com/w/2024-10-05_-_Dubfire_b2b_Luke_Slater_@_Oddity_Club,_Athens,_Greece",,21,093,Shlomi Aber & Kashpitzky,Navigation [Be As One],Shlomi Aber & Kashpitzky - Navigation [Be As One]
"2024-10-05 - Dubfire b2b Luke Slater @ Oddity Club, Athens, Greece","https://www.mixesdb.com/w/2024-10-05_-_Dubfire_b2b_Luke_Slater_@_Oddity_Club,_Athens,_Greece",,22,096,James Ruskin,Work [Blueprint],James Ruskin - Work [Blueprint]
"2024-10-05 - Dubfire b2b Luke Slater @ Oddity Club, Athens, Greece","https://www.mixesdb.com/w/2024-10-05_-_Dubfire_b2b_Luke_Slater_@_Oddity_Club,_Athens,_Greece",,23,102,Dubfire & Flug,Friction [CLR],Dubfire & Flug - Friction [CLR]
"2024-10-05 - Dubfire b2b Luke Slater @ Oddity Club, Athens, Greece","https://www.mixesdb.com/w/2024-10-05_-_Dubfire_b2b_Luke_Slater_@_Oddity_Club,_Athens,_Greece",,24,108,Steve Bicknell,Fictional Counterparts [S-B-Productions],Steve Bicknell - Fictional Counterparts [S-B-Productions]
"2024-10-05 - Dubfire b2b Luke Slater @ Oddity Club, Athens, Greece","https://www.mixesdb.com/w/2024-10-05_-_Dubfire_b2b_Luke_Slater_@_Oddity_Club,_Athens,_Greece",,25,114,Vinicius Honorio & Theo Nasa,Endless Love,Vinicius Honorio & Theo Nasa - Endless Love
"2024-10-05 - Dubfire b2b Luke Slater @ Oddity Club, Athens, Greece","https://www.mixesdb.com/w/2024-10-05_-_Dubfire_b2b_Luke_Slater_@_Oddity_Club,_Athens,_Greece",,26,119,Grace Dahl,I'll Give You More [RAW.],Grace Dahl - I'll Give You More [RAW.]
"2024-10-05 - Dubfire b2b Luke Slater @ Oddity Club, Athens, Greece","https://www.mixesdb.com/w/2024-10-05_-_Dubfire_b2b_Luke_Slater_@_Oddity_Club,_Athens,_Greece",,27,122,Marcelo Demarco,Westside [SCI + TEC],Marcelo Demarco - Westside [SCI + TEC]
"2024-10-05 - Dubfire b2b Luke Slater @ Oddity Club, Athens, Greece","https://www.mixesdb.com/w/2024-10-05_-_Dubfire_b2b_Luke_Slater_@_Oddity_Club,_Athens,_Greece",,28,128,,?,?
"2024-10-05 - Dubfire b2b Luke Slater @ Oddity Club, Athens, Greece","https://www.mixesdb.com/w/2024-10-05_-_Dubfire_b2b_Luke_Slater_@_Oddity_Club,_Athens,_Greece",,29,134,Polyvinyl & Umek,Spice Things Up [Tronic],Polyvinyl & Umek - Spice Things Up [Tronic]
"2024-10-05 - Dubfire b2b Luke Slater @ Oddity Club, Athens, Greece","https://www.mixesdb.com/w/2024-10-05_-_Dubfire_b2b_Luke_Slater_@_Oddity_Club,_Athens,_Greece",,30,139,Dave Clarke,Wisdom To The Wise (Umek Remix),Dave Clarke - Wisdom To The Wise (Umek Remix)
"2024-10-05 - Dubfire b2b Luke Slater @ Oddity Club, Athens, Greece","https://www.mixesdb.com/w/2024-10-05_-_Dubfire_b2b_Luke_Slater_@_Oddity_Club,_Athens,_Greece",,31,144,Dax J,Orwellian Times [Monnom Black],Dax J - Orwellian Times [Monnom Black]
"2024-10-05 - Dubfire b2b Luke Slater @ Oddity Club, Athens, Greece","https://www.mixesdb.com/w/2024-10-05_-_Dubfire_b2b_Luke_Slater_@_Oddity_Club,_Athens,_Greece",,32,150,Octaviou,Altered [Eclectic Digital Codec],Octaviou - Altered [Eclectic Digital Codec]
"2024-10-05 - Dubfire b2b Luke Slater @ Oddity Club, Athens, Greece","https://www.mixesdb.com/w/2024-10-05_-_Dubfire_b2b_Luke_Slater_@_Oddity_Club,_Athens,_Greece",,33,154,Risa Taniguchi,Is Black Your Favourite Colour [MOOD],Risa Taniguchi - Is Black Your Favourite Colour [MOOD]
"2024-10-05 - Dubfire b2b Luke Slater @ Oddity Club, Athens, Greece","https://www.mixesdb.com/w/2024-10-05_-_Dubfire_b2b_Luke_Slater_@_Oddity_Club,_Athens,_Greece",,34,160,Conntex,Kinetic (BENZA Remix) [LABURNŪM],Conntex - Kinetic (BENZA Remix) [LABURNŪM]
"2024-10-05 - Dubfire b2b Luke Slater @ Oddity Club, Athens, Greece","https://www.mixesdb.com/w/2024-10-05_-_Dubfire_b2b_Luke_Slater_@_Oddity_Club,_Athens,_Greece",,35,165,Dubfire & Flug,Redacted [Mind Medizin],Dubfire & Flug - Redacted [Mind Medizin]
"2024-10-05 - Dubfire b2b Luke Slater @ Oddity Club, Athens, Greece","https://www.mixesdb.com/w/2024-10-05_-_Dubfire_b2b_Luke_Slater_@_Oddity_Club,_Athens,_Greece",,36,170,Pan-Pot,ARC (Pas Rumble Jungle Remix) [Second State Audio],Pan-Pot - ARC (Pas Rumble Jungle Remix) [Second State Audio]
"2024-10-05 - Dubfire b2b Luke Slater @ Oddity Club, Athens, Greece","https://www.mixesdb.com/w/2024-10-05_-_Dubfire_b2b_Luke_Slater_@_Oddity_Club,_Athens,_Greece",,37,177,Altinbas,Life Force [Fuse Imprint],Altinbas - Life Force [Fuse Imprint]
"2024-10-05 - Dubfire b2b Luke Slater @ Oddity Club, Athens, Greece","https://www.mixesdb.com/w/2024-10-05_-_Dubfire_b2b_Luke_Slater_@_Oddity_Club,_Athens,_Greece",,38,181,Ramon Tapia,Alarma,Ramon Tapia - Alarma
"2024-10-05 - Dubfire b2b Luke Slater @ Oddity Club, Athens, Greece","https://www.mixesdb.com/w/2024-10-05_-_Dubfire_b2b_Luke_Slater_@_Oddity_Club,_Athens,_Greece",,39,185,Earwax,Zero Interests [MORD],Earwax - Zero Interests [MORD]
"2024-10-05 - Dubfire b2b Luke Slater @ Oddity Club, Athens, Greece","https://www.mixesdb.com/w/2024-10-05_-_Dubfire_b2b_Luke_Slater_@_Oddity_Club,_Athens,_Greece",,40,190,,?,?
"2024-10-05 - Dubfire b2b Luke Slater @ Oddity Club, Athens, Greece","https://www.mixesdb.com/w/2024-10-05_-_Dubfire_b2b_Luke_Slater_@_Oddity_Club,_Athens,_Greece",,41,197,Modēm,Unidentified [REVERSE],Modēm - Unidentified [REVERSE]
"2024-10-05 - Dubfire b2b Luke Slater @ Oddity Club, Athens, Greece","https://www.mixesdb.com/w/2024-10-05_-_Dubfire_b2b_Luke_Slater_@_Oddity_Club,_Athens,_Greece",,42,201,Phase Fatale,Neon Innocence [BITE],Phase Fatale - Neon Innocence [BITE]
"2024-10-05 - Dubfire b2b Luke Slater @ Oddity Club, Athens, Greece","https://www.mixesdb.com/w/2024-10-05_-_Dubfire_b2b_Luke_Slater_@_Oddity_Club,_Athens,_Greece",,43,207,Yotam Avni,Snare Roll [Culture Vulture],Yotam Avni - Snare Roll [Culture Vulture]
"2024-10-05 - Dubfire b2b Luke Slater @ Oddity Club, Athens, Greece","https://www.mixesdb.com/w/2024-10-05_-_Dubfire_b2b_Luke_Slater_@_Oddity_Club,_Athens,_Greece",,44,211,Marco Bailey,Full Steam [Cod3 Qr],Marco Bailey - Full Steam [Cod3 Qr]
"2024-10-05 - Dubfire b2b Luke Slater @ Oddity Club, Athens, Greece","https://www.mixesdb.com/w/2024-10-05_-_Dubfire_b2b_Luke_Slater_@_Oddity_Club,_Athens,_Greece",,45,215,Absolet & Vato & PRTL WRX,Resonance [PRTL WRX],Absolet & Vato & PRTL WRX - Resonance [PRTL WRX]
"2024-10-05 - Dubfire b2b Luke Slater @ Oddity Club, Athens, Greece","https://www.mixesdb.com/w/2024-10-05_-_Dubfire_b2b_Luke_Slater_@_Oddity_Club,_Athens,_Greece",,46,220,1st Bass,Slam Me Down [React],1st Bass - Slam Me Down [React]
"2024-10-05 - Dubfire b2b Luke Slater @ Oddity Club, Athens, Greece","https://www.mixesdb.com/w/2024-10-05_-_Dubfire_b2b_Luke_Slater_@_Oddity_Club,_Athens,_Greece",,47,225,Flavia Laus & Dinamite,Uróboros [Onna Bushi],Flavia Laus & Dinamite - Uróboros [Onna Bushi]
"2024-10-05 - Dubfire b2b Luke Slater @ Oddity Club, Athens, Greece","https://www.mixesdb.com/w/2024-10-05_-_Dubfire_b2b_Luke_Slater_@_Oddity_Club,_Athens,_Greece",,48,229,Luke Slater & Dubfire,The Drama [Mote-Evolver],Luke Slater & Dubfire - The Drama [Mote-Evolver]
"2024-10-05 - Dubfire b2b Luke Slater @ Oddity Club, Athens, Greece","https://www.mixesdb.com/w/2024-10-05_-_Dubfire_b2b_Luke_Slater_@_Oddity_Club,_Athens,_Greece",,49,234,,?,?
2019-11-16 - Luke Slater - Essential Mix,https://www.mixesdb.com/w/2019-11-16_-_Luke_Slater_-_Essential_Mix,,1,000,,Intro,Intro
2019-11-16 - Luke Slater - Essential Mix,https://www.mixesdb.com/w/2019-11-16_-_Luke_Slater_-_Essential_Mix,,2,002,Planetary Assault Systems,Railer (Further Exploration) [Ostgut Ton - CD20DIGITAL],Planetary Assault Systems - Railer (Further Exploration) [Ostgut Ton - CD20DIGITAL]
2019-11-16 - Luke Slater - Essential Mix,https://www.mixesdb.com/w/2019-11-16_-_Luke_Slater_-_Essential_Mix,,3,004,Luke Slater,Love (Burial Remix) [Mote Evolver - LP 05D],Luke Slater - Love (Burial Remix) [Mote Evolver - LP 05D]
2019-11-16 - Luke Slater - Essential Mix,https://www.mixesdb.com/w/2019-11-16_-_Luke_Slater_-_Essential_Mix,,4,008,L.B. Dub Corp,So Much [Ostgut Ton - 086],L.B. Dub Corp - So Much [Ostgut Ton - 086]
2019-11-16 - Luke Slater - Essential Mix,https://www.mixesdb.com/w/2019-11-16_-_Luke_Slater_-_Essential_Mix,,5,011,Toki Fuko,Sept (Tagir Edit)[.elliot.project. - 005],Toki Fuko - Sept (Tagir Edit)[.elliot.project. - 005]
2019-11-16 - Luke Slater - Essential Mix,https://www.mixesdb.com/w/2019-11-16_-_Luke_Slater_-_Essential_Mix,,6,0??,Luke Slater,Love (Marcel Dettmann's Black Gloves Remix) [Mote Evolver - LP 05D],Luke Slater - Love (Marcel Dettmann's Black Gloves Remix) [Mote Evolver - LP 05D]
2019-11-16 - Luke Slater - Essential Mix,https://www.mixesdb.com/w/2019-11-16_-_Luke_Slater_-_Essential_Mix,,7,0??,Levon Vincent,Untitled (B1) [Novel Sound - NS12],Levon Vincent - Untitled (B1) [Novel Sound - NS12]
2019-11-16 - Luke Slater - Essential Mix,https://www.mixesdb.com/w/2019-11-16_-_Luke_Slater_-_Essential_Mix,,8,0??,Kirk Degiorgio,Life Abandoned (Luke Slater Remix) [Unreleased],Kirk Degiorgio - Life Abandoned (Luke Slater Remix) [Unreleased]
2019-11-16 - Luke Slater - Essential Mix,https://www.mixesdb.com/w/2019-11-16_-_Luke_Slater_-_Essential_Mix,,9,021,Cabaret Voltaire,Low Cool (Marcel Dettmann Edit) [Dekmantel - DKMNTLSLCTRS 003D],Cabaret Voltaire - Low Cool (Marcel Dettmann Edit) [Dekmantel - DKMNTLSLCTRS 003D]
2019-11-16 - Luke Slater - Essential Mix,https://www.mixesdb.com/w/2019-11-16_-_Luke_Slater_-_Essential_Mix,,10,025,Isaac Reuben,Rouz [Hotflush - 076S],Isaac Reuben - Rouz [Hotflush - 076S]
2019-11-16 - Luke Slater - Essential Mix,https://www.mixesdb.com/w/2019-11-16_-_Luke_Slater_-_Essential_Mix,,11,0??,L And M,You Got To ?,L And M - You Got To ?
2019-11-16 - Luke Slater - Essential Mix,https://www.mixesdb.com/w/2019-11-16_-_Luke_Slater_-_Essential_Mix,,12,0??,DBX,Losing Control [Peacefrog],DBX - Losing Control [Peacefrog]
2019-11-16 - Luke Slater - Essential Mix,https://www.mixesdb.com/w/2019-11-16_-_Luke_Slater_-_Essential_Mix,,13,0??,Keynotes,Let's Let's Let's Dance,Keynotes - Let's Let's Let's Dance
2019-11-16 - Luke Slater - Essential Mix,https://www.mixesdb.com/w/2019-11-16_-_Luke_Slater_-_Essential_Mix,,14,031,Luke Slater,Class Action,Luke Slater - Class Action
2019-11-16 - Luke Slater - Essential Mix,https://www.mixesdb.com/w/2019-11-16_-_Luke_Slater_-_Essential_Mix,,15,0??,L And M,One For The J ?,L And M - One For The J ?
2019-11-16 - Luke Slater - Essential Mix,https://www.mixesdb.com/w/2019-11-16_-_Luke_Slater_-_Essential_Mix,,16,0??,DJ Nobu,Ichimaru [Bitta - 006],DJ Nobu - Ichimaru [Bitta - 006]
2019-11-16 - Luke Slater - Essential Mix,https://www.mixesdb.com/w/2019-11-16_-_Luke_Slater_-_Essential_Mix,,17,0??,Hot City Orchestra,Brasole,Hot City Orchestra - Brasole
2019-11-16 - Luke Slater - Essential Mix,https://www.mixesdb.com/w/2019-11-16_-_Luke_Slater_-_Essential_Mix,,18,0??,Pittsburgh Track Authority,Levitate [Pittsburgh Tracks - 003],Pittsburgh Track Authority - Levitate [Pittsburgh Tracks - 003]
2019-11-16 - Luke Slater - Essential Mix,https://www.mixesdb.com/w/2019-11-16_-_Luke_Slater_-_Essential_Mix,,19,0??,Julien H Mulder,Symmetric Timeline [Färden - 005],Julien H Mulder - Symmetric Timeline [Färden - 005]
2019-11-16 - Luke Slater - Essential Mix,https://www.mixesdb.com/w/2019-11-16_-_Luke_Slater_-_Essential_Mix,,20,0??,Isaac Reuben,Pastel Tracks,Isaac Reuben - Pastel Tracks
2019-11-16 - Luke Slater - Essential Mix,https://www.mixesdb.com/w/2019-11-16_-_Luke_Slater_-_Essential_Mix,,21,0??,Planetary Assault Systems,Peru Drift [Ostgut Ton - 123],Planetary Assault Systems - Peru Drift [Ostgut Ton - 123]
2019-11-16 - Luke Slater - Essential Mix,https://www.mixesdb.com/w/2019-11-16_-_Luke_Slater_-_Essential_Mix,,22,0??,Luke Slater,When It Twists,Luke Slater - When It Twists
2019-11-16 - Luke Slater - Essential Mix,https://www.mixesdb.com/w/2019-11-16_-_Luke_Slater_-_Essential_Mix,,23,0??,DJ Deeon,Telefon Luv,DJ Deeon - Telefon Luv
2019-11-16 - Luke Slater - Essential Mix,https://www.mixesdb.com/w/2019-11-16_-_Luke_Slater_-_Essential_Mix,,24,0??,Erhalder,Delusion,Erhalder - Delusion
2019-11-16 - Luke Slater - Essential Mix,https://www.mixesdb.com/w/2019-11-16_-_Luke_Slater_-_Essential_Mix,,25,0??,Ryan Elliott,Get To You,Ryan Elliott - Get To You
2019-11-16 - Luke Slater - Essential Mix,https://www.mixesdb.com/w/2019-11-16_-_Luke_Slater_-_Essential_Mix,,26,0??,L.B. Dub Corp,On The Beat ?,L.B. Dub Corp - On The Beat ?
2019-11-16 - Luke Slater - Essential Mix,https://www.mixesdb.com/w/2019-11-16_-_Luke_Slater_-_Essential_Mix,,27,0??,Random XS,Give Your Body,Random XS - Give Your Body
2019-11-16 - Luke Slater - Essential Mix,https://www.mixesdb.com/w/2019-11-16_-_Luke_Slater_-_Essential_Mix,,28,058,Outlander,Vamp,Outlander - Vamp
2019-11-16 - Luke Slater - Essential Mix,https://www.mixesdb.com/w/2019-11-16_-_Luke_Slater_-_Essential_Mix,,29,060,Pan-Pot,Exzentrisch (Shlomi Aber Remix) [Second State Audio - 050R],Pan-Pot - Exzentrisch (Shlomi Aber Remix) [Second State Audio - 050R]
2019-11-16 - Luke Slater - Essential Mix,https://www.mixesdb.com/w/2019-11-16_-_Luke_Slater_-_Essential_Mix,,30,061,S-File,Yes! [GND - 132],S-File - Yes! [GND - 132]
2019-11-16 - Luke Slater - Essential Mix,https://www.mixesdb.com/w/2019-11-16_-_Luke_Slater_-_Essential_Mix,,31,06?,Marcel Dettmann,Apron (PAS Tubed Mix 2) [Marcel Dettmann - 013],Marcel Dettmann - Apron (PAS Tubed Mix 2) [Marcel Dettmann - 013]
2019-11-16 - Luke Slater - Essential Mix,https://www.mixesdb.com/w/2019-11-16_-_Luke_Slater_-_Essential_Mix,,32,064,Ellen Allien,Mind Journey (ROD Remix) [BPitch Control - 332],Ellen Allien - Mind Journey (ROD Remix) [BPitch Control - 332]
2019-11-16 - Luke Slater - Essential Mix,https://www.mixesdb.com/w/2019-11-16_-_Luke_Slater_-_Essential_Mix,,33,066,Planetary Assault Systems,Booster (Octave One Rework) [Mote Evolver - LP 03D],Planetary Assault Systems - Booster (Octave One Rework) [Mote Evolver - LP 03D]
2019-11-16 - Luke Slater - Essential Mix,https://www.mixesdb.com/w/2019-11-16_-_Luke_Slater_-_Essential_Mix,,34,069,Cari Lekebusch & Orion,Miner [Absence of Facts],Cari Lekebusch & Orion - Miner [Absence of Facts]
2019-11-16 - Luke Slater - Essential Mix,https://www.mixesdb.com/w/2019-11-16_-_Luke_Slater_-_Essential_Mix,,35,0??,Kaiser,Climax,Kaiser - Climax
2019-11-16 - Luke Slater - Essential Mix,https://www.mixesdb.com/w/2019-11-16_-_Luke_Slater_-_Essential_Mix,,36,0??,Steve Bicknell,Fearing The Mind's Fears,Steve Bicknell - Fearing The Mind's Fears
2019-11-16 - Luke Slater - Essential Mix,https://www.mixesdb.com/w/2019-11-16_-_Luke_Slater_-_Essential_Mix,,37,0??,Dustmite,Untitled,Dustmite - Untitled
2019-11-16 - Luke Slater - Essential Mix,https://www.mixesdb.com/w/2019-11-16_-_Luke_Slater_-_Essential_Mix,,38,0??,Joey Beltram,Energy Flash,Joey Beltram - Energy Flash
2019-11-16 - Luke Slater - Essential Mix,https://www.mixesdb.com/w/2019-11-16_-_Luke_Slater_-_Essential_Mix,,39,0??,Aiken,Flange [Symbolism Ltd - 007],Aiken - Flange [Symbolism Ltd - 007]
2019-11-16 - Luke Slater - Essential Mix,https://www.mixesdb.com/w/2019-11-16_-_Luke_Slater_-_Essential_Mix,,40,0??,Mark Broom,Outta Sight [Hardgroove - 028],Mark Broom - Outta Sight [Hardgroove - 028]
2019-11-16 - Luke Slater - Essential Mix,https://www.mixesdb.com/w/2019-11-16_-_Luke_Slater_-_Essential_Mix,,41,0??,Blenk,Vibration [Enemy - 003],Blenk - Vibration [Enemy - 003]
2019-11-16 - Luke Slater - Essential Mix,https://www.mixesdb.com/w/2019-11-16_-_Luke_Slater_-_Essential_Mix,,42,0??,Julien H Mulder,Online Error [Symbolism - 006],Julien H Mulder - Online Error [Symbolism - 006]
2019-11-16 - Luke Slater - Essential Mix,https://www.mixesdb.com/w/2019-11-16_-_Luke_Slater_-_Essential_Mix,,43,0??,Rene Wise,Mover,Rene Wise - Mover
2019-11-16 - Luke Slater - Essential Mix,https://www.mixesdb.com/w/2019-11-16_-_Luke_Slater_-_Essential_Mix,,44,0??,DJ Bone,Black Patterns [Beats],DJ Bone - Black Patterns [Beats]
2019-11-16 - Luke Slater - Essential Mix,https://www.mixesdb.com/w/2019-11-16_-_Luke_Slater_-_Essential_Mix,,45,0??,Marcel Dettmann,Hoodish 4?,Marcel Dettmann - Hoodish 4?
2019-11-16 - Luke Slater - Essential Mix,https://www.mixesdb.com/w/2019-11-16_-_Luke_Slater_-_Essential_Mix,,46,086,Ø [Phase],The Crossover (Tractable Version) [Token - PH 4533D],Ø [Phase] - The Crossover (Tractable Version) [Token - PH 4533D]
2019-11-16 - Luke Slater - Essential Mix,https://www.mixesdb.com/w/2019-11-16_-_Luke_Slater_-_Essential_Mix,,47,088,Planetary Assault Systems,Kamani [Ostgut Ton - 123],Planetary Assault Systems - Kamani [Ostgut Ton - 123]
2019-11-16 - Luke Slater - Essential Mix,https://www.mixesdb.com/w/2019-11-16_-_Luke_Slater_-_Essential_Mix,,48,0??,Lucy,The Goat God [Stroboscopic Artefacts],Lucy - The Goat God [Stroboscopic Artefacts]
2019-11-16 - Luke Slater - Essential Mix,https://www.mixesdb.com/w/2019-11-16_-_Luke_Slater_-_Essential_Mix,,49,0??,Alan Fitzpatrick,Step Away (Planetary Assault Systems Remix 1) [Rekids - 50],Alan Fitzpatrick - Step Away (Planetary Assault Systems Remix 1) [Rekids - 50]
2019-11-16 - Luke Slater - Essential Mix,https://www.mixesdb.com/w/2019-11-16_-_Luke_Slater_-_Essential_Mix,,50,0??,Steve Bicknell,Emotional Dissolution [6dimensions - 126D-013],Steve Bicknell - Emotional Dissolution [6dimensions - 126D-013]
2019-11-16 - Luke Slater - Essential Mix,https://www.mixesdb.com/w/2019-11-16_-_Luke_Slater_-_Essential_Mix,,51,0??,Pfirter,Mshrmstvndlprk [MindTrip - 25],Pfirter - Mshrmstvndlprk [MindTrip - 25]
2019-11-16 - Luke Slater - Essential Mix,https://www.mixesdb.com/w/2019-11-16_-_Luke_Slater_-_Essential_Mix,,52,096,Vladw,"If Young People Fail, Everything Will Fail [Planet Rhythm - PRRUKBLK 042]","Vladw - If Young People Fail, Everything Will Fail [Planet Rhythm - PRRUKBLK 042]"
2019-11-16 - Luke Slater - Essential Mix,https://www.mixesdb.com/w/2019-11-16_-_Luke_Slater_-_Essential_Mix,,53,097,Basic Pain Procedure,Untitled B (Len Faki Hardspace Mix) [LF Remix - 019],Basic Pain Procedure - Untitled B (Len Faki Hardspace Mix) [LF Remix - 019]
2019-11-16 - Luke Slater - Essential Mix,https://www.mixesdb.com/w/2019-11-16_-_Luke_Slater_-_Essential_Mix,,54,101,Uun,Cruelty Is Nothing New [Soma- 547D],Uun - Cruelty Is Nothing New [Soma- 547D]
2019-11-16 - Luke Slater - Essential Mix,https://www.mixesdb.com/w/2019-11-16_-_Luke_Slater_-_Essential_Mix,,55,10?,Stanislav Tolkachev,When I Was A Boy [Semantica - 65],Stanislav Tolkachev - When I Was A Boy [Semantica - 65]
2019-11-16 - Luke Slater - Essential Mix,https://www.mixesdb.com/w/2019-11-16_-_Luke_Slater_-_Essential_Mix,,56,10?,Stanislav Tolkachev,Like No One Is Watching (Ben Sims Edit) [Semantica - 65],Stanislav Tolkachev - Like No One Is Watching (Ben Sims Edit) [Semantica - 65]
2019-11-16 - Luke Slater - Essential Mix,https://www.mixesdb.com/w/2019-11-16_-_Luke_Slater_-_Essential_Mix,,57,107,Ryan James Ford,Rambo (First Dub) [Dub - 041],Ryan James Ford - Rambo (First Dub) [Dub - 041]
2019-11-16 - Luke Slater - Essential Mix,https://www.mixesdb.com/w/2019-11-16_-_Luke_Slater_-_Essential_Mix,,58,111,Barker,Utility [Ostgut Ton - CD 46 D],Barker - Utility [Ostgut Ton - CD 46 D]
2019-11-16 - Luke Slater - Essential Mix,https://www.mixesdb.com/w/2019-11-16_-_Luke_Slater_-_Essential_Mix,,59,113,Planetary Assault Systems,The 808 Track (Parts 1 And 2) [Token],Planetary Assault Systems - The 808 Track (Parts 1 And 2) [Token]
2019-11-16 - Luke Slater - Essential Mix,https://www.mixesdb.com/w/2019-11-16_-_Luke_Slater_-_Essential_Mix,,60,???,Planetary Assault Systems,Red,Planetary Assault Systems - Red
"2017-03-04 - B.Traits, Man Power, Luke Slater, Shed - B.Traits, BBC Radio 1","https://www.mixesdb.com/w/2017-03-04_-_B.Traits,_Man_Power,_Luke_Slater,_Shed_-_B.Traits,_BBC_Radio_1",B.Traits,1,,Saytek,Doppelgänger [KMS],Saytek - Doppelgänger [KMS]
"2017-03-04 - B.Traits, Man Power, Luke Slater, Shed - B.Traits, BBC Radio 1","https://www.mixesdb.com/w/2017-03-04_-_B.Traits,_Man_Power,_Luke_Slater,_Shed_-_B.Traits,_BBC_Radio_1",B.Traits,2,,Sergio SP & Max Ulis,Something Else,Sergio SP & Max Ulis - Something Else
"2017-03-04 - B.Traits, Man Power, Luke Slater, Shed - B.Traits, BBC Radio 1","https://www.mixesdb.com/w/2017-03-04_-_B.Traits,_Man_Power,_Luke_Slater,_Shed_-_B.Traits,_BBC_Radio_1",B.Traits,3,,SVT,Can't Stop,SVT - Can't Stop
"2017-03-04 - B.Traits, Man Power, Luke Slater, Shed - B.Traits, BBC Radio 1","https://www.mixesdb.com/w/2017-03-04_-_B.Traits,_Man_Power,_Luke_Slater,_Shed_-_B.Traits,_BBC_Radio_1",B.Traits,4,,Mr. C,Disco Rebellion [Superfreq],Mr. C - Disco Rebellion [Superfreq]
"2017-03-04 - B.Traits, Man Power, Luke Slater, Shed - B.Traits, BBC Radio 1","https://www.mixesdb.com/w/2017-03-04_-_B.Traits,_Man_Power,_Luke_Slater,_Shed_-_B.Traits,_BBC_Radio_1",B.Traits,5,,TRP,DS4 [Unknown To The Unknown],TRP - DS4 [Unknown To The Unknown]
"2017-03-04 - B.Traits, Man Power, Luke Slater, Shed - B.Traits, BBC Radio 1","https://www.mixesdb.com/w/2017-03-04_-_B.Traits,_Man_Power,_Luke_Slater,_Shed_-_B.Traits,_BBC_Radio_1",B.Traits,6,,Kiani & His Legion Pres. Far Out Radio Systems,Darwin [Tanzbar],Kiani & His Legion Pres. Far Out Radio Systems - Darwin [Tanzbar]
"2017-03-04 - B.Traits, Man Power, Luke Slater, Shed - B.Traits, BBC Radio 1","https://www.mixesdb.com/w/2017-03-04_-_B.Traits,_Man_Power,_Luke_Slater,_Shed_-_B.Traits,_BBC_Radio_1",B.Traits,7,,Weval,Ways To Go [KOMPAKT],Weval - Ways To Go [KOMPAKT]
"2017-03-04 - B.Traits, Man Power, Luke Slater, Shed - B.Traits, BBC Radio 1","https://www.mixesdb.com/w/2017-03-04_-_B.Traits,_Man_Power,_Luke_Slater,_Shed_-_B.Traits,_BBC_Radio_1",B.Traits,8,,Radio Slave,Another Club [Rekids],Radio Slave - Another Club [Rekids]
"2017-03-04 - B.Traits, Man Power, Luke Slater, Shed - B.Traits, BBC Radio 1","https://www.mixesdb.com/w/2017-03-04_-_B.Traits,_Man_Power,_Luke_Slater,_Shed_-_B.Traits,_BBC_Radio_1",B.Traits,9,,Boxia,Colour Sequence Black [We Are The Brave],Boxia - Colour Sequence Black [We Are The Brave]
"2017-03-04 - B.Traits, Man Power, Luke Slater, Shed - B.Traits, BBC Radio 1","https://www.mixesdb.com/w/2017-03-04_-_B.Traits,_Man_Power,_Luke_Slater,_Shed_-_B.Traits,_BBC_Radio_1",B.Traits,10,,PTU,Between Us [White],PTU - Between Us [White]
"2017-03-04 - B.Traits, Man Power, Luke Slater, Shed - B.Traits, BBC Radio 1","https://www.mixesdb.com/w/2017-03-04_-_B.Traits,_Man_Power,_Luke_Slater,_Shed_-_B.Traits,_BBC_Radio_1",B.Traits,11,,Demian Licht,Crimen [Motus],Demian Licht - Crimen [Motus]
"2017-03-04 - B.Traits, Man Power, Luke Slater, Shed - B.Traits, BBC Radio 1","https://www.mixesdb.com/w/2017-03-04_-_B.Traits,_Man_Power,_Luke_Slater,_Shed_-_B.Traits,_BBC_Radio_1",B.Traits,12,,Agents Of Time,Lower World [Obscura],Agents Of Time - Lower World [Obscura]
"2017-03-04 - B.Traits, Man Power, Luke Slater, Shed - B.Traits, BBC Radio 1","https://www.mixesdb.com/w/2017-03-04_-_B.Traits,_Man_Power,_Luke_Slater,_Shed_-_B.Traits,_BBC_Radio_1",B.Traits,13,,Cucumb45,Akureyri [Bbbbbb],Cucumb45 - Akureyri [Bbbbbb]
"2017-03-04 - B.Traits, Man Power, Luke Slater, Shed - B.Traits, BBC Radio 1","https://www.mixesdb.com/w/2017-03-04_-_B.Traits,_Man_Power,_Luke_Slater,_Shed_-_B.Traits,_BBC_Radio_1",B.Traits,14,,Anthony Parasole,Infrared Vision,Anthony Parasole - Infrared Vision
"2017-03-04 - B.Traits, Man Power, Luke Slater, Shed - B.Traits, BBC Radio 1","https://www.mixesdb.com/w/2017-03-04_-_B.Traits,_Man_Power,_Luke_Slater,_Shed_-_B.Traits,_BBC_Radio_1",B.Traits,15,,Mark Henning,Shall Not Pass [Swing],Mark Henning - Shall Not Pass [Swing]
"2017-03-04 - B.Traits, Man Power, Luke Slater, Shed - B.Traits, BBC Radio 1","https://www.mixesdb.com/w/2017-03-04_-_B.Traits,_Man_Power,_Luke_Slater,_Shed_-_B.Traits,_BBC_Radio_1",Future 12<nowiki>:</nowiki> Man Power (1/5),1,,A Made Up Sound,Cheater,A Made Up Sound - Cheater
"2017-03-04 - B.Traits, Man Power, Luke Slater, Shed - B.Traits, BBC Radio 1","https://www.mixesdb.com/w/2017-03-04_-_B.Traits,_Man_Power,_Luke_Slater,_Shed_-_B.Traits,_BBC_Radio_1",Future 12<nowiki>:</nowiki> Man Power (1/5),2,,Abe Duque,Float Away (Instrumental) [Abe Duque US],Abe Duque - Float Away (Instrumental) [Abe Duque US]
"2017-03-04 - B.Traits, Man Power, Luke Slater, Shed - B.Traits, BBC Radio 1","https://www.mixesdb.com/w/2017-03-04_-_B.Traits,_Man_Power,_Luke_Slater,_Shed_-_B.Traits,_BBC_Radio_1",Future 12<nowiki>:</nowiki> Man Power (1/5),3,,Richy Ahmed,Kimbalaya [Play It Say It],Richy Ahmed - Kimbalaya [Play It Say It]
"2017-03-04 - B.Traits, Man Power, Luke Slater, Shed - B.Traits, BBC Radio 1","https://www.mixesdb.com/w/2017-03-04_-_B.Traits,_Man_Power,_Luke_Slater,_Shed_-_B.Traits,_BBC_Radio_1",Future 12<nowiki>:</nowiki> Man Power (1/5),4,,Bodyjack,Laugh It Up [Bodytrax],Bodyjack - Laugh It Up [Bodytrax]
"2017-03-04 - B.Traits, Man Power, Luke Slater, Shed - B.Traits, BBC Radio 1","https://www.mixesdb.com/w/2017-03-04_-_B.Traits,_Man_Power,_Luke_Slater,_Shed_-_B.Traits,_BBC_Radio_1",Future 12<nowiki>:</nowiki> Man Power (1/5),5,,Remain And Clickbox,01 [Meant],Remain And Clickbox - 01 [Meant]
"2017-03-04 - B.Traits, Man Power, Luke Slater, Shed - B.Traits, BBC Radio 1","https://www.mixesdb.com/w/2017-03-04_-_B.Traits,_Man_Power,_Luke_Slater,_Shed_-_B.Traits,_BBC_Radio_1",Future 12<nowiki>:</nowiki> Man Power (1/5),6,,Creepy Autograph,Erase In Mind [Ultramajic],Creepy Autograph - Erase In Mind [Ultramajic]
"2017-03-04 - B.Traits, Man Power, Luke Slater, Shed - B.Traits, BBC Radio 1","https://www.mixesdb.com/w/2017-03-04_-_B.Traits,_Man_Power,_Luke_Slater,_Shed_-_B.Traits,_BBC_Radio_1",Future 12<nowiki>:</nowiki> Man Power (1/5),7,,KiNK,Valentines Groove [Clone Royal Oak],KiNK - Valentines Groove [Clone Royal Oak]
"2017-03-04 - B.Traits, Man Power, Luke Slater, Shed - B.Traits, BBC Radio 1","https://www.mixesdb.com/w/2017-03-04_-_B.Traits,_Man_Power,_Luke_Slater,_Shed_-_B.Traits,_BBC_Radio_1",Chapter,1,,Serb,Feet Locked,Serb - Feet Locked
"2017-03-04 - B.Traits, Man Power, Luke Slater, Shed - B.Traits, BBC Radio 1","https://www.mixesdb.com/w/2017-03-04_-_B.Traits,_Man_Power,_Luke_Slater,_Shed_-_B.Traits,_BBC_Radio_1",Chapter,2,,Planetary Assault Systems,GT [Mote-Evolver],Planetary Assault Systems - GT [Mote-Evolver]
"2017-03-04 - B.Traits, Man Power, Luke Slater, Shed - B.Traits, BBC Radio 1","https://www.mixesdb.com/w/2017-03-04_-_B.Traits,_Man_Power,_Luke_Slater,_Shed_-_B.Traits,_BBC_Radio_1",Chapter,3,,Psyk,Distance [Mote-Evolver],Psyk - Distance [Mote-Evolver]
"2017-03-04 - B.Traits, Man Power, Luke Slater, Shed - B.Traits, BBC Radio 1","https://www.mixesdb.com/w/2017-03-04_-_B.Traits,_Man_Power,_Luke_Slater,_Shed_-_B.Traits,_BBC_Radio_1",Label Mates<nowiki>:</nowiki> Mote-Evolver,1,,Planetary Assault Systems,The Eyes Themselves [Mote-Evolver],Planetary Assault Systems - The Eyes Themselves [Mote-Evolver]
"2017-03-04 - B.Traits, Man Power, Luke Slater, Shed - B.Traits, BBC Radio 1","https://www.mixesdb.com/w/2017-03-04_-_B.Traits,_Man_Power,_Luke_Slater,_Shed_-_B.Traits,_BBC_Radio_1",Label Mates<nowiki>:</nowiki> Mote-Evolver,2,,Kamikaze Space Programme,Network Rail [Mote-Evolver],Kamikaze Space Programme - Network Rail [Mote-Evolver]
"2017-03-04 - B.Traits, Man Power, Luke Slater, Shed - B.Traits, BBC Radio 1","https://www.mixesdb.com/w/2017-03-04_-_B.Traits,_Man_Power,_Luke_Slater,_Shed_-_B.Traits,_BBC_Radio_1",Label Mates<nowiki>:</nowiki> Mote-Evolver,3,,Planetary Assault Systems,Whistle Viper (PAS Live Edit) [Mote-Evolver],Planetary Assault Systems - Whistle Viper (PAS Live Edit) [Mote-Evolver]
"2017-03-04 - B.Traits, Man Power, Luke Slater, Shed - B.Traits, BBC Radio 1","https://www.mixesdb.com/w/2017-03-04_-_B.Traits,_Man_Power,_Luke_Slater,_Shed_-_B.Traits,_BBC_Radio_1",Chameleon Club<nowiki>:</nowiki> Shed,1,,ITAL TEK,Jenova [Planet Mu],ITAL TEK - Jenova [Planet Mu]
"2017-03-04 - B.Traits, Man Power, Luke Slater, Shed - B.Traits, BBC Radio 1","https://www.mixesdb.com/w/2017-03-04_-_B.Traits,_Man_Power,_Luke_Slater,_Shed_-_B.Traits,_BBC_Radio_1",Chameleon Club<nowiki>:</nowiki> Shed,2,,Shanti Celeste,Lights [Tresor],Shanti Celeste - Lights [Tresor]
"2017-03-04 - B.Traits, Man Power, Luke Slater, Shed - B.Traits, BBC Radio 1","https://www.mixesdb.com/w/2017-03-04_-_B.Traits,_Man_Power,_Luke_Slater,_Shed_-_B.Traits,_BBC_Radio_1",Chameleon Club<nowiki>:</nowiki> Shed,3,,Jim Boothe,Soup [Church],Jim Boothe - Soup [Church]
"2017-03-04 - B.Traits, Man Power, Luke Slater, Shed - B.Traits, BBC Radio 1","https://www.mixesdb.com/w/2017-03-04_-_B.Traits,_Man_Power,_Luke_Slater,_Shed_-_B.Traits,_BBC_Radio_1",Chameleon Club<nowiki>:</nowiki> Shed,4,,Andres Zacco,Drum Out [Ilian Tape],Andres Zacco - Drum Out [Ilian Tape]
"2017-03-04 - B.Traits, Man Power, Luke Slater, Shed - B.Traits, BBC Radio 1","https://www.mixesdb.com/w/2017-03-04_-_B.Traits,_Man_Power,_Luke_Slater,_Shed_-_B.Traits,_BBC_Radio_1",Chameleon Club<nowiki>:</nowiki> Shed,5,,2 Bad Mice,Zero Fifteen [Sneaker Social Club],2 Bad Mice - Zero Fifteen [Sneaker Social Club]
"2017-03-04 - B.Traits, Man Power, Luke Slater, Shed - B.Traits, BBC Radio 1","https://www.mixesdb.com/w/2017-03-04_-_B.Traits,_Man_Power,_Luke_Slater,_Shed_-_B.Traits,_BBC_Radio_1",Chameleon Club<nowiki>:</nowiki> Shed,6,,Doms & Deykers,Evidence From A Good Source [3024],Doms & Deykers - Evidence From A Good Source [3024]
"2017-03-04 - B.Traits, Man Power, Luke Slater, Shed - B.Traits, BBC Radio 1","https://www.mixesdb.com/w/2017-03-04_-_B.Traits,_Man_Power,_Luke_Slater,_Shed_-_B.Traits,_BBC_Radio_1",Chameleon Club<nowiki>:</nowiki> Shed,7,,Lok44,Floaters [Trust],Lok44 - Floaters [Trust]
"2017-03-04 - B.Traits, Man Power, Luke Slater, Shed - B.Traits, BBC Radio 1","https://www.mixesdb.com/w/2017-03-04_-_B.Traits,_Man_Power,_Luke_Slater,_Shed_-_B.Traits,_BBC_Radio_1",Chameleon Club<nowiki>:</nowiki> Shed,8,,Via Maris,Tempora [Dnuos Ytivil],Via Maris - Tempora [Dnuos Ytivil]
"2017-03-04 - B.Traits, Man Power, Luke Slater, Shed - B.Traits, BBC Radio 1","https://www.mixesdb.com/w/2017-03-04_-_B.Traits,_Man_Power,_Luke_Slater,_Shed_-_B.Traits,_BBC_Radio_1",Chameleon Club<nowiki>:</nowiki> Shed,9,,Hiroaki Iizuka,Floating Point [Them],Hiroaki Iizuka - Floating Point [Them]
"2017-03-04 - B.Traits, Man Power, Luke Slater, Shed - B.Traits, BBC Radio 1","https://www.mixesdb.com/w/2017-03-04_-_B.Traits,_Man_Power,_Luke_Slater,_Shed_-_B.Traits,_BBC_Radio_1",Chameleon Club<nowiki>:</nowiki> Shed,10,,LTO,Bodhran [Sullen Tone],LTO - Bodhran [Sullen Tone]
"2017-03-04 - B.Traits, Man Power, Luke Slater, Shed - B.Traits, BBC Radio 1","https://www.mixesdb.com/w/2017-03-04_-_B.Traits,_Man_Power,_Luke_Slater,_Shed_-_B.Traits,_BBC_Radio_1",Chameleon Club<nowiki>:</nowiki> Shed,11,,Regis Feat. Mick Harris,Blood Witness [Blackest Ever Black],Regis Feat. Mick Harris - Blood Witness [Blackest Ever Black]
"2017-03-04 - B.Traits, Man Power, Luke Slater, Shed - B.Traits, BBC Radio 1","https://www.mixesdb.com/w/2017-03-04_-_B.Traits,_Man_Power,_Luke_Slater,_Shed_-_B.Traits,_BBC_Radio_1",Chameleon Club<nowiki>:</nowiki> Shed,12,,Kessell,Pyschosocial [Granulart],Kessell - Pyschosocial [Granulart]
"2017-03-04 - B.Traits, Man Power, Luke Slater, Shed - B.Traits, BBC Radio 1","https://www.mixesdb.com/w/2017-03-04_-_B.Traits,_Man_Power,_Luke_Slater,_Shed_-_B.Traits,_BBC_Radio_1",Chameleon Club<nowiki>:</nowiki> Shed,13,,Rhythm-Spd,130x2x0.5 [The Final Experiment],Rhythm-Spd - 130x2x0.5 [The Final Experiment]
"2017-03-04 - B.Traits, Man Power, Luke Slater, Shed - B.Traits, BBC Radio 1","https://www.mixesdb.com/w/2017-03-04_-_B.Traits,_Man_Power,_Luke_Slater,_Shed_-_B.Traits,_BBC_Radio_1",Chameleon Club<nowiki>:</nowiki> Shed,14,,Seelow,Wave#16 [The Final Experiment],Seelow - Wave#16 [The Final Experiment]
