mix_title,mix_url,part,position,timestamp,artist,title,raw
2012-06-29 - Marco Carola - Music On (Ibiza 2012 Promo Mix),https://www.mixesdb.com/w/2012-06-29_-_Marco_Carola_-_Music_On_(Ibiza_2012_Promo_Mix),,1,00,DeWalta,Jog Trot,DeWalta - Jog Trot
2012-06-29 - Marco Carola - Music On (Ibiza 2012 Promo Mix),https://www.mixesdb.com/w/2012-06-29_-_Marco_Carola_-_Music_On_(Ibiza_2012_Promo_Mix),,2,02,Fabio Victor & Stephan C,Lanco Melo (Dubfound Remix) [Tobus - TBS 005],Fabio Victor & Stephan C - Lanco Melo (Dubfound Remix) [Tobus - TBS 005]
2012-06-29 - Marco Carola - Music On (Ibiza 2012 Promo Mix),https://www.mixesdb.com/w/2012-06-29_-_Marco_Carola_-_Music_On_(Ibiza_2012_Promo_Mix),,3,04,Toygun & Mihai Popoviciu,Inside [Bondage - BOND12022],Toygun & Mihai Popoviciu - Inside [Bondage - BOND12022]
2012-06-29 - Marco Carola - Music On (Ibiza 2012 Promo Mix),https://www.mixesdb.com/w/2012-06-29_-_Marco_Carola_-_Music_On_(Ibiza_2012_Promo_Mix),,4,10,Ramon Tapia,Pili Pili [DJ Center],Ramon Tapia - Pili Pili [DJ Center]
2012-06-29 - Marco Carola - Music On (Ibiza 2012 Promo Mix),https://www.mixesdb.com/w/2012-06-29_-_Marco_Carola_-_Music_On_(Ibiza_2012_Promo_Mix),,5,15,Mins Hermanez,Dope Feen (Larsson Dub Remix) [Inmotion],Mins Hermanez - Dope Feen (Larsson Dub Remix) [Inmotion]
2012-06-29 - Marco Carola - Music On (Ibiza 2012 Promo Mix),https://www.mixesdb.com/w/2012-06-29_-_Marco_Carola_-_Music_On_(Ibiza_2012_Promo_Mix),,6,19,Re-Up,Freedom Seed [Dissonant - DS 010],Re-Up - Freedom Seed [Dissonant - DS 010]
2012-06-29 - Marco Carola - Music On (Ibiza 2012 Promo Mix),https://www.mixesdb.com/w/2012-06-29_-_Marco_Carola_-_Music_On_(Ibiza_2012_Promo_Mix),,7,24,Gery Otis,Red Moon [Equilibrium Lab - EQM 004],Gery Otis - Red Moon [Equilibrium Lab - EQM 004]
2012-06-29 - Marco Carola - Music On (Ibiza 2012 Promo Mix),https://www.mixesdb.com/w/2012-06-29_-_Marco_Carola_-_Music_On_(Ibiza_2012_Promo_Mix),,8,28,David Berrie Feat. Craig Pettigrew,Terrace,David Berrie Feat. Craig Pettigrew - Terrace
2012-06-29 - Marco Carola - Music On (Ibiza 2012 Promo Mix),https://www.mixesdb.com/w/2012-06-29_-_Marco_Carola_-_Music_On_(Ibiza_2012_Promo_Mix),,9,33,Outstrip,Thank You Alex (Alex Piccini Tool Dub Remix) [Inmotion - INM 020],Outstrip - Thank You Alex (Alex Piccini Tool Dub Remix) [Inmotion - INM 020]
2012-06-29 - Marco Carola - Music On (Ibiza 2012 Promo Mix),https://www.mixesdb.com/w/2012-06-29_-_Marco_Carola_-_Music_On_(Ibiza_2012_Promo_Mix),,10,38,Craig Pettigrew,Allergy (Zembi Remix),Craig Pettigrew - Allergy (Zembi Remix)
2012-06-29 - Marco Carola - Music On (Ibiza 2012 Promo Mix),https://www.mixesdb.com/w/2012-06-29_-_Marco_Carola_-_Music_On_(Ibiza_2012_Promo_Mix),,11,42,Matthias Meyer,Free Your Mind [Essential - ESSR 10068],Matthias Meyer - Free Your Mind [Essential - ESSR 10068]
2012-06-29 - Marco Carola - Music On (Ibiza 2012 Promo Mix),https://www.mixesdb.com/w/2012-06-29_-_Marco_Carola_-_Music_On_(Ibiza_2012_Promo_Mix),,12,48,Nima Gorji & Sunsetpeople,Dancer [Monza Ibiza - MIR 011],Nima Gorji & Sunsetpeople - Dancer [Monza Ibiza - MIR 011]
2012-06-29 - Marco Carola - Music On (Ibiza 2012 Promo Mix),https://www.mixesdb.com/w/2012-06-29_-_Marco_Carola_-_Music_On_(Ibiza_2012_Promo_Mix),,13,55,De La Suitte,Ladies (Atalaya Master Remix) [North Resort - NRR 05],De La Suitte - Ladies (Atalaya Master Remix) [North Resort - NRR 05]
2012-06-29 - Marco Carola - Music On (Ibiza 2012 Promo Mix),https://www.mixesdb.com/w/2012-06-29_-_Marco_Carola_-_Music_On_(Ibiza_2012_Promo_Mix),,14,60,Nic Fanciulli & Stacey Pullen,Limmo (Robert Dietz Remix),Nic Fanciulli & Stacey Pullen - Limmo (Robert Dietz Remix)
2012-06-29 - Marco Carola - Music On (Ibiza 2012 Promo Mix),https://www.mixesdb.com/w/2012-06-29_-_Marco_Carola_-_Music_On_(Ibiza_2012_Promo_Mix),,15,64,Fabier,Louis (N.O.O.D. Remix) [Expectancy - EPR 020],Fabier - Louis (N.O.O.D. Remix) [Expectancy - EPR 020]
2012-06-29 - Marco Carola - Music On (Ibiza 2012 Promo Mix),https://www.mixesdb.com/w/2012-06-29_-_Marco_Carola_-_Music_On_(Ibiza_2012_Promo_Mix),,16,69,Wender A & Rods Novaes,Samba (Fabian Argomedo Remix) [Not For - NFU 008],Wender A & Rods Novaes - Samba (Fabian Argomedo Remix) [Not For - NFU 008]
2012-06-29 - Marco Carola - Music On (Ibiza 2012 Promo Mix),https://www.mixesdb.com/w/2012-06-29_-_Marco_Carola_-_Music_On_(Ibiza_2012_Promo_Mix),,17,75,Philip Arruda,Seeds Of Brooklyn (&ME Remix) [Inmotion - INM 024],Philip Arruda - Seeds Of Brooklyn (&ME Remix) [Inmotion - INM 024]
"2003-04-26 - Marco Carola @ Shockers, RAI, Amsterdam","https://www.mixesdb.com/w/2003-04-26_-_Marco_Carola_@_Shockers,_RAI,_Amsterdam",,1,,Mauro Picotto & Riccardo Ferri,Tormented [Alchemy - ALC 04],Mauro Picotto & Riccardo Ferri - Tormented [Alchemy - ALC 04]
"2003-04-26 - Marco Carola @ Shockers, RAI, Amsterdam","https://www.mixesdb.com/w/2003-04-26_-_Marco_Carola_@_Shockers,_RAI,_Amsterdam",,2,,Hertz & Hardcell,Protons [Sway - 3],Hertz & Hardcell - Protons [Sway - 3]
"2003-04-26 - Marco Carola @ Shockers, RAI, Amsterdam","https://www.mixesdb.com/w/2003-04-26_-_Marco_Carola_@_Shockers,_RAI,_Amsterdam",,3,,Hardcell,Ground Effect [Drumcode - DC 27],Hardcell - Ground Effect [Drumcode - DC 27]
"2003-04-26 - Marco Carola @ Shockers, RAI, Amsterdam","https://www.mixesdb.com/w/2003-04-26_-_Marco_Carola_@_Shockers,_RAI,_Amsterdam",,4,,Paco Osuna,Vida Loca [Shake - 02],Paco Osuna - Vida Loca [Shake - 02]
"2003-04-26 - Marco Carola @ Shockers, RAI, Amsterdam","https://www.mixesdb.com/w/2003-04-26_-_Marco_Carola_@_Shockers,_RAI,_Amsterdam",,5,,Ben Sims,City Life (Marco Bailey Remix) [Primate - PRMT 071],Ben Sims - City Life (Marco Bailey Remix) [Primate - PRMT 071]
"2003-04-26 - Marco Carola @ Shockers, RAI, Amsterdam","https://www.mixesdb.com/w/2003-04-26_-_Marco_Carola_@_Shockers,_RAI,_Amsterdam",,6,,Hardcell,The Play [Zync - LP 02],Hardcell - The Play [Zync - LP 02]
"2003-04-26 - Marco Carola @ Shockers, RAI, Amsterdam","https://www.mixesdb.com/w/2003-04-26_-_Marco_Carola_@_Shockers,_RAI,_Amsterdam",,7,,Phase,Katino (B1) [Cosmic ID - 09],Phase - Katino (B1) [Cosmic ID - 09]
"2003-04-26 - Marco Carola @ Shockers, RAI, Amsterdam","https://www.mixesdb.com/w/2003-04-26_-_Marco_Carola_@_Shockers,_RAI,_Amsterdam",,8,,Gadgets,On / Off (Danilo Vigorito Remix) [On / Off - 05],Gadgets - On / Off (Danilo Vigorito Remix) [On / Off - 05]
"2003-04-26 - Marco Carola @ Shockers, RAI, Amsterdam","https://www.mixesdb.com/w/2003-04-26_-_Marco_Carola_@_Shockers,_RAI,_Amsterdam",,9,,Hertz & Johan Bacto,Redworm [Sway - 1],Hertz & Johan Bacto - Redworm [Sway - 1]
"2003-04-26 - Marco Carola @ Shockers, RAI, Amsterdam","https://www.mixesdb.com/w/2003-04-26_-_Marco_Carola_@_Shockers,_RAI,_Amsterdam",,10,,Marco Carola,Promo,Marco Carola - Promo
"2003-04-26 - Marco Carola @ Shockers, RAI, Amsterdam","https://www.mixesdb.com/w/2003-04-26_-_Marco_Carola_@_Shockers,_RAI,_Amsterdam",,11,,Rino Cerrone,Rilis 9 (A2) [Rilis - 9],Rino Cerrone - Rilis 9 (A2) [Rilis - 9]
"2003-04-26 - Marco Carola @ Shockers, RAI, Amsterdam","https://www.mixesdb.com/w/2003-04-26_-_Marco_Carola_@_Shockers,_RAI,_Amsterdam",,12,,Paco Osuna,Tornado (Rino Cerrone Remix) [Zenit - 19],Paco Osuna - Tornado (Rino Cerrone Remix) [Zenit - 19]
"2003-04-26 - Marco Carola @ Shockers, RAI, Amsterdam","https://www.mixesdb.com/w/2003-04-26_-_Marco_Carola_@_Shockers,_RAI,_Amsterdam",,13,,Chris Liebing,American Madness [CLR EVO - 01],Chris Liebing - American Madness [CLR EVO - 01]
"2003-04-26 - Marco Carola @ Shockers, RAI, Amsterdam","https://www.mixesdb.com/w/2003-04-26_-_Marco_Carola_@_Shockers,_RAI,_Amsterdam",,14,,Chris Liebing,Gassenhauer (Marco Carola Remix) [CL-RETRY - 6],Chris Liebing - Gassenhauer (Marco Carola Remix) [CL-RETRY - 6]
"2003-04-26 - Marco Carola @ Shockers, RAI, Amsterdam","https://www.mixesdb.com/w/2003-04-26_-_Marco_Carola_@_Shockers,_RAI,_Amsterdam",,15,,Hardcell,Combustion [Platform - 004],Hardcell - Combustion [Platform - 004]
"2003-04-26 - Marco Carola @ Shockers, RAI, Amsterdam","https://www.mixesdb.com/w/2003-04-26_-_Marco_Carola_@_Shockers,_RAI,_Amsterdam",,16,,Hardcell,Cold War (A1) [Skunkworks - SKUNK 017],Hardcell - Cold War (A1) [Skunkworks - SKUNK 017]
"2000-12-01 - Marco Carola @ Karma Nightclub, Houston","https://www.mixesdb.com/w/2000-12-01_-_Marco_Carola_@_Karma_Nightclub,_Houston",,1,,Playboy,A Paco Di Bango's World (Dub Mix),Playboy - A Paco Di Bango's World (Dub Mix)
"2000-12-01 - Marco Carola @ Karma Nightclub, Houston","https://www.mixesdb.com/w/2000-12-01_-_Marco_Carola_@_Karma_Nightclub,_Houston",,2,,Devilfish,Man Alive (Past) [Bush - 1089],Devilfish - Man Alive (Past) [Bush - 1089]
"2000-12-01 - Marco Carola @ Karma Nightclub, Houston","https://www.mixesdb.com/w/2000-12-01_-_Marco_Carola_@_Karma_Nightclub,_Houston",,3,,Mr. G,Lightz Out Dub,Mr. G - Lightz Out Dub
"2000-12-01 - Marco Carola @ Karma Nightclub, Houston","https://www.mixesdb.com/w/2000-12-01_-_Marco_Carola_@_Karma_Nightclub,_Houston",,4,,+ The Reaver,Mmmm,+ The Reaver - Mmmm
"2000-12-01 - Marco Carola @ Karma Nightclub, Houston","https://www.mixesdb.com/w/2000-12-01_-_Marco_Carola_@_Karma_Nightclub,_Houston",,5,,TDR,Squelch (Fellatio Profunda Mix),TDR - Squelch (Fellatio Profunda Mix)
"2000-12-01 - Marco Carola @ Karma Nightclub, Houston","https://www.mixesdb.com/w/2000-12-01_-_Marco_Carola_@_Karma_Nightclub,_Houston",,6,,Antoine Clamaran,Univers Part II (Philippe B Edit Mix) [Royal Flush - RF 011-2],Antoine Clamaran - Univers Part II (Philippe B Edit Mix) [Royal Flush - RF 011-2]
"2000-12-01 - Marco Carola @ Karma Nightclub, Houston","https://www.mixesdb.com/w/2000-12-01_-_Marco_Carola_@_Karma_Nightclub,_Houston",,7,,Monika Kruse & Patrick Lindsey,Wavez Cycle [Terminal M - TERM 0004-1],Monika Kruse & Patrick Lindsey - Wavez Cycle [Terminal M - TERM 0004-1]
"2000-12-01 - Marco Carola @ Karma Nightclub, Houston","https://www.mixesdb.com/w/2000-12-01_-_Marco_Carola_@_Karma_Nightclub,_Houston",,8,,Gaetano Parisio,Outdated (A1) [Conform - CNFR 015],Gaetano Parisio - Outdated (A1) [Conform - CNFR 015]
"2000-12-01 - Marco Carola @ Karma Nightclub, Houston","https://www.mixesdb.com/w/2000-12-01_-_Marco_Carola_@_Karma_Nightclub,_Houston",,9,,Joey Beltram,The Start It Up (Technasia Remix) [Glass Splinters - GLASS 001],Joey Beltram - The Start It Up (Technasia Remix) [Glass Splinters - GLASS 001]
"2000-12-01 - Marco Carola @ Karma Nightclub, Houston","https://www.mixesdb.com/w/2000-12-01_-_Marco_Carola_@_Karma_Nightclub,_Houston",,10,,A2,Our Music Our World (Remix) [Blueline - BLU 003],A2 - Our Music Our World (Remix) [Blueline - BLU 003]
"2000-12-01 - Marco Carola @ Karma Nightclub, Houston","https://www.mixesdb.com/w/2000-12-01_-_Marco_Carola_@_Karma_Nightclub,_Houston",,11,,Luke Slater,Body Freefall Electronic Inform (Needle Damage Mix) [Novamute - 12 NOMU 075],Luke Slater - Body Freefall Electronic Inform (Needle Damage Mix) [Novamute - 12 NOMU 075]
"2000-12-01 - Marco Carola @ Karma Nightclub, Houston","https://www.mixesdb.com/w/2000-12-01_-_Marco_Carola_@_Karma_Nightclub,_Houston",,12,,D'Wachman & HD Substance,Move Your Body (Leandro Gamez Remix),D'Wachman & HD Substance - Move Your Body (Leandro Gamez Remix)
"2000-12-01 - Marco Carola @ Karma Nightclub, Houston","https://www.mixesdb.com/w/2000-12-01_-_Marco_Carola_@_Karma_Nightclub,_Houston",,13,,John Thomas,Undisputed Life (Technasia Remix 2) [Sino - 02 B],John Thomas - Undisputed Life (Technasia Remix 2) [Sino - 02 B]
"2000-12-01 - Marco Carola @ Karma Nightclub, Houston","https://www.mixesdb.com/w/2000-12-01_-_Marco_Carola_@_Karma_Nightclub,_Houston",,14,,Joey Beltram,The Start It Up [STX - 001],Joey Beltram - The Start It Up [STX - 001]
"2000-12-01 - Marco Carola @ Karma Nightclub, Houston","https://www.mixesdb.com/w/2000-12-01_-_Marco_Carola_@_Karma_Nightclub,_Houston",,15,,E-Dancer,Pump The Move [KMS - 033],E-Dancer - Pump The Move [KMS - 033]
"2000-12-01 - Marco Carola @ Karma Nightclub, Houston","https://www.mixesdb.com/w/2000-12-01_-_Marco_Carola_@_Karma_Nightclub,_Houston",,16,,Steve Rachmad,Divide And Conquer [Rotation - ROT 00023],Steve Rachmad - Divide And Conquer [Rotation - ROT 00023]
"2000-12-01 - Marco Carola @ Karma Nightclub, Houston","https://www.mixesdb.com/w/2000-12-01_-_Marco_Carola_@_Karma_Nightclub,_Houston",,17,,,?,?
"2000-12-01 - Marco Carola @ Karma Nightclub, Houston","https://www.mixesdb.com/w/2000-12-01_-_Marco_Carola_@_Karma_Nightclub,_Houston",,18,,4 Play Pres. Miss Lips,Put On The Latex [4 Play - 001],4 Play Pres. Miss Lips - Put On The Latex [4 Play - 001]
"2000-12-01 - Marco Carola @ Karma Nightclub, Houston","https://www.mixesdb.com/w/2000-12-01_-_Marco_Carola_@_Karma_Nightclub,_Houston",,19,,Gaetano Parisio,The Preface (A1) [Southsoul - SUD 000],Gaetano Parisio - The Preface (A1) [Southsoul - SUD 000]
"2000-12-01 - Marco Carola @ Karma Nightclub, Houston","https://www.mixesdb.com/w/2000-12-01_-_Marco_Carola_@_Karma_Nightclub,_Houston",,20,,G-Force,Steel Frame [Genetic - GEN 1203],G-Force - Steel Frame [Genetic - GEN 1203]
"2000-12-01 - Marco Carola @ Karma Nightclub, Houston","https://www.mixesdb.com/w/2000-12-01_-_Marco_Carola_@_Karma_Nightclub,_Houston",,21,,Johan Bacto,Entaprize (G-Force Wild Efx Remix) [Zync - 004 R],Johan Bacto - Entaprize (G-Force Wild Efx Remix) [Zync - 004 R]
"2000-12-01 - Marco Carola @ Karma Nightclub, Houston","https://www.mixesdb.com/w/2000-12-01_-_Marco_Carola_@_Karma_Nightclub,_Houston",,22,,,?,?
"2000-12-01 - Marco Carola @ Karma Nightclub, Houston","https://www.mixesdb.com/w/2000-12-01_-_Marco_Carola_@_Karma_Nightclub,_Houston",,23,,Deetron,Don't You Know Why? [Intec - 005],Deetron - Don't You Know Why? [Intec - 005]
"2000-12-01 - Marco Carola @ Karma Nightclub, Houston","https://www.mixesdb.com/w/2000-12-01_-_Marco_Carola_@_Karma_Nightclub,_Houston",,24,,Oliver Ho,Awakening The Sentient (A2) [Blueprint - BP 014],Oliver Ho - Awakening The Sentient (A2) [Blueprint - BP 014]
"2000-12-01 - Marco Carola @ Karma Nightclub, Houston","https://www.mixesdb.com/w/2000-12-01_-_Marco_Carola_@_Karma_Nightclub,_Houston",,25,,,?,?
"2000-12-01 - Marco Carola @ Karma Nightclub, Houston","https://www.mixesdb.com/w/2000-12-01_-_Marco_Carola_@_Karma_Nightclub,_Houston",,26,,,?,?
"2000-12-01 - Marco Carola @ Karma Nightclub, Houston","https://www.mixesdb.com/w/2000-12-01_-_Marco_Carola_@_Karma_Nightclub,_Houston",,27,,,?,?
"2000-12-01 - Marco Carola @ Karma Nightclub, Houston","https://www.mixesdb.com/w/2000-12-01_-_Marco_Carola_@_Karma_Nightclub,_Houston",,28,,Secret Cinema,Volt! [EC - 036],Secret Cinema - Volt! [EC - 036]
"2000-12-01 - Marco Carola @ Karma Nightclub, Houston","https://www.mixesdb.com/w/2000-12-01_-_Marco_Carola_@_Karma_Nightclub,_Houston",,29,,Sterac,Liteon [Tresor - 143],Sterac - Liteon [Tresor - 143]
"2000-12-01 - Marco Carola @ Karma Nightclub, Houston","https://www.mixesdb.com/w/2000-12-01_-_Marco_Carola_@_Karma_Nightclub,_Houston",,30,,,?,?
"2000-12-01 - Marco Carola @ Karma Nightclub, Houston","https://www.mixesdb.com/w/2000-12-01_-_Marco_Carola_@_Karma_Nightclub,_Houston",,31,,Steve Rachmad,Crashed At The End [Scorp - 003],Steve Rachmad - Crashed At The End [Scorp - 003]
"2000-12-01 - Marco Carola @ Karma Nightclub, Houston","https://www.mixesdb.com/w/2000-12-01_-_Marco_Carola_@_Karma_Nightclub,_Houston",,32,,,?,?
"2009-10-03 - Richie Hawtin b2b Marco Carola @ Amnesia Closing Party, Ibiza","https://www.mixesdb.com/w/2009-10-03_-_Richie_Hawtin_b2b_Marco_Carola_@_Amnesia_Closing_Party,_Ibiza",,1,00:10,Jesper Dahlbäck,Dialekt,Jesper Dahlbäck - Dialekt
"2009-10-03 - Richie Hawtin b2b Marco Carola @ Amnesia Closing Party, Ibiza","https://www.mixesdb.com/w/2009-10-03_-_Richie_Hawtin_b2b_Marco_Carola_@_Amnesia_Closing_Party,_Ibiza",,2,02:34,Audiofly,Shazam (Leon Mix),Audiofly - Shazam (Leon Mix)
"2009-10-03 - Richie Hawtin b2b Marco Carola @ Amnesia Closing Party, Ibiza","https://www.mixesdb.com/w/2009-10-03_-_Richie_Hawtin_b2b_Marco_Carola_@_Amnesia_Closing_Party,_Ibiza",,3,08:00,Federico Grazzini,Tokyo,Federico Grazzini - Tokyo
"2009-10-03 - Richie Hawtin b2b Marco Carola @ Amnesia Closing Party, Ibiza","https://www.mixesdb.com/w/2009-10-03_-_Richie_Hawtin_b2b_Marco_Carola_@_Amnesia_Closing_Party,_Ibiza",,4,13:40,Christian Smith & Reset Robot,Elixir (Gary Beck Mix),Christian Smith & Reset Robot - Elixir (Gary Beck Mix)
"2009-10-03 - Richie Hawtin b2b Marco Carola @ Amnesia Closing Party, Ibiza","https://www.mixesdb.com/w/2009-10-03_-_Richie_Hawtin_b2b_Marco_Carola_@_Amnesia_Closing_Party,_Ibiza",,5,18:30,Yakine,Stickney (Julien Chaptal Remix),Yakine - Stickney (Julien Chaptal Remix)
"2009-10-03 - Richie Hawtin b2b Marco Carola @ Amnesia Closing Party, Ibiza","https://www.mixesdb.com/w/2009-10-03_-_Richie_Hawtin_b2b_Marco_Carola_@_Amnesia_Closing_Party,_Ibiza",,6,25:19,Andrea Appolloni,Hello Momo! (David Pher Remix),Andrea Appolloni - Hello Momo! (David Pher Remix)
"2009-10-03 - Richie Hawtin b2b Marco Carola @ Amnesia Closing Party, Ibiza","https://www.mixesdb.com/w/2009-10-03_-_Richie_Hawtin_b2b_Marco_Carola_@_Amnesia_Closing_Party,_Ibiza",,7,28:30,OTP,Close To The Edge,OTP - Close To The Edge
"2009-10-03 - Richie Hawtin b2b Marco Carola @ Amnesia Closing Party, Ibiza","https://www.mixesdb.com/w/2009-10-03_-_Richie_Hawtin_b2b_Marco_Carola_@_Amnesia_Closing_Party,_Ibiza",,8,36:51,Federico Locchi & UGLH,Mentiras,Federico Locchi & UGLH - Mentiras
"2009-10-03 - Richie Hawtin b2b Marco Carola @ Amnesia Closing Party, Ibiza","https://www.mixesdb.com/w/2009-10-03_-_Richie_Hawtin_b2b_Marco_Carola_@_Amnesia_Closing_Party,_Ibiza",,9,44:20,TP,Close To The Edge (Kreon Remix),TP - Close To The Edge (Kreon Remix)
"2009-10-03 - Richie Hawtin b2b Marco Carola @ Amnesia Closing Party, Ibiza","https://www.mixesdb.com/w/2009-10-03_-_Richie_Hawtin_b2b_Marco_Carola_@_Amnesia_Closing_Party,_Ibiza",,10,47:00,Rhadow & Luca M,Prinafrica,Rhadow & Luca M - Prinafrica
2003-07-05 - Marco Carola @ Awakenings,https://www.mixesdb.com/w/2003-07-05_-_Marco_Carola_@_Awakenings,,1,,Chris Liebing,October (Ben Sims Remix) [CL-Retry - 5],Chris Liebing - October (Ben Sims Remix) [CL-Retry - 5]
2003-07-05 - Marco Carola @ Awakenings,https://www.mixesdb.com/w/2003-07-05_-_Marco_Carola_@_Awakenings,,2,,Eduardo De La Calle,Path By Reaktor,Eduardo De La Calle - Path By Reaktor
2003-07-05 - Marco Carola @ Awakenings,https://www.mixesdb.com/w/2003-07-05_-_Marco_Carola_@_Awakenings,,3,,Sven Brede,Freak [Kiddaz.Fm - 28],Sven Brede - Freak [Kiddaz.Fm - 28]
2003-07-05 - Marco Carola @ Awakenings,https://www.mixesdb.com/w/2003-07-05_-_Marco_Carola_@_Awakenings,,4,,,?,?
2003-07-05 - Marco Carola @ Awakenings,https://www.mixesdb.com/w/2003-07-05_-_Marco_Carola_@_Awakenings,,5,,,?,?
2003-07-05 - Marco Carola @ Awakenings,https://www.mixesdb.com/w/2003-07-05_-_Marco_Carola_@_Awakenings,,6,,Hertz & Rowdy Sparks,Delicado (Samuel L. Session Remix 1) [Sway - 6],Hertz & Rowdy Sparks - Delicado (Samuel L. Session Remix 1) [Sway - 6]
2003-07-05 - Marco Carola @ Awakenings,https://www.mixesdb.com/w/2003-07-05_-_Marco_Carola_@_Awakenings,,7,,Leandro Gamez,Sin Perfil [Intec - 20],Leandro Gamez - Sin Perfil [Intec - 20]
2003-07-05 - Marco Carola @ Awakenings,https://www.mixesdb.com/w/2003-07-05_-_Marco_Carola_@_Awakenings,,8,,DisX3,Wave 1.1 [Konsequent - 23],DisX3 - Wave 1.1 [Konsequent - 23]
2003-07-05 - Marco Carola @ Awakenings,https://www.mixesdb.com/w/2003-07-05_-_Marco_Carola_@_Awakenings,,9,,Mhonolink,Fetish [Audio Assault - AAS 03],Mhonolink - Fetish [Audio Assault - AAS 03]
2003-07-05 - Marco Carola @ Awakenings,https://www.mixesdb.com/w/2003-07-05_-_Marco_Carola_@_Awakenings,,10,,,?,?
2003-07-05 - Marco Carola @ Awakenings,https://www.mixesdb.com/w/2003-07-05_-_Marco_Carola_@_Awakenings,,11,,Mauro Picotto & Riccardo Ferri,Tormented [Alchemy - ALC 04],Mauro Picotto & Riccardo Ferri - Tormented [Alchemy - ALC 04]
2003-07-05 - Marco Carola @ Awakenings,https://www.mixesdb.com/w/2003-07-05_-_Marco_Carola_@_Awakenings,,12,,Henry Chow,Operating System [Ante Zenit - 21],Henry Chow - Operating System [Ante Zenit - 21]
2003-07-05 - Marco Carola @ Awakenings,https://www.mixesdb.com/w/2003-07-05_-_Marco_Carola_@_Awakenings,,13,,Paco Osuna,Spring (Markantonio Remix) [Analytic Trail - 5],Paco Osuna - Spring (Markantonio Remix) [Analytic Trail - 5]
2003-07-05 - Marco Carola @ Awakenings,https://www.mixesdb.com/w/2003-07-05_-_Marco_Carola_@_Awakenings,,14,,Markantonio,Everlasting Brain (A1) [Conform - CNFR 021],Markantonio - Everlasting Brain (A1) [Conform - CNFR 021]
2003-07-05 - Marco Carola @ Awakenings,https://www.mixesdb.com/w/2003-07-05_-_Marco_Carola_@_Awakenings,,15,,Tom Hades,Ride Of The Journey [Invasion - 37],Tom Hades - Ride Of The Journey [Invasion - 37]
2003-07-05 - Marco Carola @ Awakenings,https://www.mixesdb.com/w/2003-07-05_-_Marco_Carola_@_Awakenings,,16,,Paco Osuna,Promo (Rino Cerrone Remix) [Zenit - 19],Paco Osuna - Promo (Rino Cerrone Remix) [Zenit - 19]
2003-07-05 - Marco Carola @ Awakenings,https://www.mixesdb.com/w/2003-07-05_-_Marco_Carola_@_Awakenings,,17,,Hardcell,Vortac (B) [Skunkworks - 18],Hardcell - Vortac (B) [Skunkworks - 18]
2003-07-05 - Marco Carola @ Awakenings,https://www.mixesdb.com/w/2003-07-05_-_Marco_Carola_@_Awakenings,,18,,Marco Carola,Promo [Question - 11],Marco Carola - Promo [Question - 11]
2003-07-05 - Marco Carola @ Awakenings,https://www.mixesdb.com/w/2003-07-05_-_Marco_Carola_@_Awakenings,,19,,Hertz,Alone [Sway - 4],Hertz - Alone [Sway - 4]
2003-07-05 - Marco Carola @ Awakenings,https://www.mixesdb.com/w/2003-07-05_-_Marco_Carola_@_Awakenings,,20,,,?,?
2003-07-05 - Marco Carola @ Awakenings,https://www.mixesdb.com/w/2003-07-05_-_Marco_Carola_@_Awakenings,,21,,Thomas P. Heckmann,Eight O Eight [Subwave - 2006],Thomas P. Heckmann - Eight O Eight [Subwave - 2006]
2003-07-05 - Marco Carola @ Awakenings,https://www.mixesdb.com/w/2003-07-05_-_Marco_Carola_@_Awakenings,,22,,Dajaé,Day By Day (Green Velvet Mix),Dajaé - Day By Day (Green Velvet Mix)
2003-07-05 - Marco Carola @ Awakenings,https://www.mixesdb.com/w/2003-07-05_-_Marco_Carola_@_Awakenings,,23,,DK,Murder Was The Bass [DK - 8],DK - Murder Was The Bass [DK - 8]
2003-07-05 - Marco Carola @ Awakenings,https://www.mixesdb.com/w/2003-07-05_-_Marco_Carola_@_Awakenings,,24,,Henry Chow,The Switch [Ante Zenit - 21],Henry Chow - The Switch [Ante Zenit - 21]
2003-07-05 - Marco Carola @ Awakenings,https://www.mixesdb.com/w/2003-07-05_-_Marco_Carola_@_Awakenings,,25,,Mauro Picotto & Riccardo Ferri,Tao Tek [Alchemy - ALC 04],Mauro Picotto & Riccardo Ferri - Tao Tek [Alchemy - ALC 04]
2003-07-05 - Marco Carola @ Awakenings,https://www.mixesdb.com/w/2003-07-05_-_Marco_Carola_@_Awakenings,,26,,Adam Beyer & Henrik B,Appendix E (Gaetano Parisio Remix) [Southsoul Appendix - SUD 005],Adam Beyer & Henrik B - Appendix E (Gaetano Parisio Remix) [Southsoul Appendix - SUD 005]
2003-07-05 - Marco Carola @ Awakenings,https://www.mixesdb.com/w/2003-07-05_-_Marco_Carola_@_Awakenings,,27,,Hardcell,Ground Effect [Drumcode - DC 27],Hardcell - Ground Effect [Drumcode - DC 27]
2003-07-05 - Marco Carola @ Awakenings,https://www.mixesdb.com/w/2003-07-05_-_Marco_Carola_@_Awakenings,,28,,,?,?
2003-07-05 - Marco Carola @ Awakenings,https://www.mixesdb.com/w/2003-07-05_-_Marco_Carola_@_Awakenings,,29,,,?,?
2003-07-05 - Marco Carola @ Awakenings,https://www.mixesdb.com/w/2003-07-05_-_Marco_Carola_@_Awakenings,,30,,Marco Carola,Diapason [Zenit - 14],Marco Carola - Diapason [Zenit - 14]
"2005-05-01 - Marco Carola @ Spray Club, Pristina, Kosovo","https://www.mixesdb.com/w/2005-05-01_-_Marco_Carola_@_Spray_Club,_Pristina,_Kosovo",Part 1,1,,Marco Carola,Sun City,Marco Carola - Sun City
"2005-05-01 - Marco Carola @ Spray Club, Pristina, Kosovo","https://www.mixesdb.com/w/2005-05-01_-_Marco_Carola_@_Spray_Club,_Pristina,_Kosovo",Part 1,2,,,?,?
"2005-05-01 - Marco Carola @ Spray Club, Pristina, Kosovo","https://www.mixesdb.com/w/2005-05-01_-_Marco_Carola_@_Spray_Club,_Pristina,_Kosovo",Part 1,3,,Christian Smith & John Selway,Altera,Christian Smith & John Selway - Altera
"2005-05-01 - Marco Carola @ Spray Club, Pristina, Kosovo","https://www.mixesdb.com/w/2005-05-01_-_Marco_Carola_@_Spray_Club,_Pristina,_Kosovo",Part 1,4,,Mystic Letter K,B-Boy Philosophics,Mystic Letter K - B-Boy Philosophics
"2005-05-01 - Marco Carola @ Spray Club, Pristina, Kosovo","https://www.mixesdb.com/w/2005-05-01_-_Marco_Carola_@_Spray_Club,_Pristina,_Kosovo",Part 1,5,,Marco Carola,Domino 5 ?,Marco Carola - Domino 5 ?
"2005-05-01 - Marco Carola @ Spray Club, Pristina, Kosovo","https://www.mixesdb.com/w/2005-05-01_-_Marco_Carola_@_Spray_Club,_Pristina,_Kosovo",Part 1,6,,John Dahlbäck,Dancer,John Dahlbäck - Dancer
"2005-05-01 - Marco Carola @ Spray Club, Pristina, Kosovo","https://www.mixesdb.com/w/2005-05-01_-_Marco_Carola_@_Spray_Club,_Pristina,_Kosovo",Part 1,7,,Andre Kraml,Safari (James Holden Remix),Andre Kraml - Safari (James Holden Remix)
"2005-05-01 - Marco Carola @ Spray Club, Pristina, Kosovo","https://www.mixesdb.com/w/2005-05-01_-_Marco_Carola_@_Spray_Club,_Pristina,_Kosovo",Part 1,8,,Trentemoller,Polar Shift,Trentemoller - Polar Shift
"2005-05-01 - Marco Carola @ Spray Club, Pristina, Kosovo","https://www.mixesdb.com/w/2005-05-01_-_Marco_Carola_@_Spray_Club,_Pristina,_Kosovo",Part 1,9,,Adam Beyer,A Walking Contradiction Part 1,Adam Beyer - A Walking Contradiction Part 1
"2005-05-01 - Marco Carola @ Spray Club, Pristina, Kosovo","https://www.mixesdb.com/w/2005-05-01_-_Marco_Carola_@_Spray_Club,_Pristina,_Kosovo",Part 1,10,,Christian Fischer,Sandwiches (A1),Christian Fischer - Sandwiches (A1)
"2005-05-01 - Marco Carola @ Spray Club, Pristina, Kosovo","https://www.mixesdb.com/w/2005-05-01_-_Marco_Carola_@_Spray_Club,_Pristina,_Kosovo",Part 1,11,,Autotune,Keep It Wrong,Autotune - Keep It Wrong
"2005-05-01 - Marco Carola @ Spray Club, Pristina, Kosovo","https://www.mixesdb.com/w/2005-05-01_-_Marco_Carola_@_Spray_Club,_Pristina,_Kosovo",Part 1,12,,Wax,The Crocodile,Wax - The Crocodile
"2005-05-01 - Marco Carola @ Spray Club, Pristina, Kosovo","https://www.mixesdb.com/w/2005-05-01_-_Marco_Carola_@_Spray_Club,_Pristina,_Kosovo",Part 1,13,,John Starlight,John's Addiction Part 1,John Starlight - John's Addiction Part 1
"2005-05-01 - Marco Carola @ Spray Club, Pristina, Kosovo","https://www.mixesdb.com/w/2005-05-01_-_Marco_Carola_@_Spray_Club,_Pristina,_Kosovo",Part 1,14,,Britney Spears,Breathe On Me (Holden Dub),Britney Spears - Breathe On Me (Holden Dub)
"2005-05-01 - Marco Carola @ Spray Club, Pristina, Kosovo","https://www.mixesdb.com/w/2005-05-01_-_Marco_Carola_@_Spray_Club,_Pristina,_Kosovo",Part 1,15,,,?,?
"2005-05-01 - Marco Carola @ Spray Club, Pristina, Kosovo","https://www.mixesdb.com/w/2005-05-01_-_Marco_Carola_@_Spray_Club,_Pristina,_Kosovo",Part 1,16,,Mauro Picotto,Absofreakinglutely,Mauro Picotto - Absofreakinglutely
"2005-05-01 - Marco Carola @ Spray Club, Pristina, Kosovo","https://www.mixesdb.com/w/2005-05-01_-_Marco_Carola_@_Spray_Club,_Pristina,_Kosovo",Part 1,17,,Markantonio,My Melodie,Markantonio - My Melodie
"2005-05-01 - Marco Carola @ Spray Club, Pristina, Kosovo","https://www.mixesdb.com/w/2005-05-01_-_Marco_Carola_@_Spray_Club,_Pristina,_Kosovo",Part 1,18,,Henry Chow,Form Of Funk,Henry Chow - Form Of Funk
"2005-05-01 - Marco Carola @ Spray Club, Pristina, Kosovo","https://www.mixesdb.com/w/2005-05-01_-_Marco_Carola_@_Spray_Club,_Pristina,_Kosovo",Part 1,19,,Joris Voorn,Shining (Third Nation Mix),Joris Voorn - Shining (Third Nation Mix)
"2005-05-01 - Marco Carola @ Spray Club, Pristina, Kosovo","https://www.mixesdb.com/w/2005-05-01_-_Marco_Carola_@_Spray_Club,_Pristina,_Kosovo",Part 1,20,,Franssen vs Lowdown,Energy For The Soul (Voodooamt Remix),Franssen vs Lowdown - Energy For The Soul (Voodooamt Remix)
"2005-05-01 - Marco Carola @ Spray Club, Pristina, Kosovo","https://www.mixesdb.com/w/2005-05-01_-_Marco_Carola_@_Spray_Club,_Pristina,_Kosovo",Part 1,21,,Davide Squillace,Bike On Rocks,Davide Squillace - Bike On Rocks
"2005-05-01 - Marco Carola @ Spray Club, Pristina, Kosovo","https://www.mixesdb.com/w/2005-05-01_-_Marco_Carola_@_Spray_Club,_Pristina,_Kosovo",Part 1,22,,,?,?
"2005-05-01 - Marco Carola @ Spray Club, Pristina, Kosovo","https://www.mixesdb.com/w/2005-05-01_-_Marco_Carola_@_Spray_Club,_Pristina,_Kosovo",Part 1,23,,,?,?
"2005-05-01 - Marco Carola @ Spray Club, Pristina, Kosovo","https://www.mixesdb.com/w/2005-05-01_-_Marco_Carola_@_Spray_Club,_Pristina,_Kosovo",Part 1,24,,Cajmere,Day By Day (Green Velvet Remix),Cajmere - Day By Day (Green Velvet Remix)
"2005-05-01 - Marco Carola @ Spray Club, Pristina, Kosovo","https://www.mixesdb.com/w/2005-05-01_-_Marco_Carola_@_Spray_Club,_Pristina,_Kosovo",Part 1,25,,Boom Boom Satellites,Joyride (Final Operation BBS Mix),Boom Boom Satellites - Joyride (Final Operation BBS Mix)
"2005-05-01 - Marco Carola @ Spray Club, Pristina, Kosovo","https://www.mixesdb.com/w/2005-05-01_-_Marco_Carola_@_Spray_Club,_Pristina,_Kosovo",Part 1,26,,Duoteque,Duoteque,Duoteque - Duoteque
"2005-05-01 - Marco Carola @ Spray Club, Pristina, Kosovo","https://www.mixesdb.com/w/2005-05-01_-_Marco_Carola_@_Spray_Club,_Pristina,_Kosovo",Part 3,1,,Marco Carola,Express Yourself,Marco Carola - Express Yourself
"2005-05-01 - Marco Carola @ Spray Club, Pristina, Kosovo","https://www.mixesdb.com/w/2005-05-01_-_Marco_Carola_@_Spray_Club,_Pristina,_Kosovo",Part 3,2,,Marco Carola,Light Minded,Marco Carola - Light Minded
"2005-05-01 - Marco Carola @ Spray Club, Pristina, Kosovo","https://www.mixesdb.com/w/2005-05-01_-_Marco_Carola_@_Spray_Club,_Pristina,_Kosovo",Part 3,3,,Richie Hawtin,Krakpot,Richie Hawtin - Krakpot
"2005-05-01 - Marco Carola @ Spray Club, Pristina, Kosovo","https://www.mixesdb.com/w/2005-05-01_-_Marco_Carola_@_Spray_Club,_Pristina,_Kosovo",Part 3,4,,,?,?
"2005-05-01 - Marco Carola @ Spray Club, Pristina, Kosovo","https://www.mixesdb.com/w/2005-05-01_-_Marco_Carola_@_Spray_Club,_Pristina,_Kosovo",Part 3,5,,T. P. Heckmann,Eight-O-Eight,T. P. Heckmann - Eight-O-Eight
"2005-05-01 - Marco Carola @ Spray Club, Pristina, Kosovo","https://www.mixesdb.com/w/2005-05-01_-_Marco_Carola_@_Spray_Club,_Pristina,_Kosovo",Part 3,6,,Jerome & Jamie Anderson,Rotated,Jerome & Jamie Anderson - Rotated
"2005-05-01 - Marco Carola @ Spray Club, Pristina, Kosovo","https://www.mixesdb.com/w/2005-05-01_-_Marco_Carola_@_Spray_Club,_Pristina,_Kosovo",Part 3,7,,Jesper Dahlbäck,Russian Folksong,Jesper Dahlbäck - Russian Folksong
"2005-05-01 - Marco Carola @ Spray Club, Pristina, Kosovo","https://www.mixesdb.com/w/2005-05-01_-_Marco_Carola_@_Spray_Club,_Pristina,_Kosovo",Part 3,8,,Gerome Sportelli,Growth,Gerome Sportelli - Growth
"2005-05-01 - Marco Carola @ Spray Club, Pristina, Kosovo","https://www.mixesdb.com/w/2005-05-01_-_Marco_Carola_@_Spray_Club,_Pristina,_Kosovo",Part 3,9,,,?,?
"2005-05-01 - Marco Carola @ Spray Club, Pristina, Kosovo","https://www.mixesdb.com/w/2005-05-01_-_Marco_Carola_@_Spray_Club,_Pristina,_Kosovo",Part 3,10,,Rino Cerrone,Rilis 8 B1 (Markantonio Remix),Rino Cerrone - Rilis 8 B1 (Markantonio Remix)
"2005-05-01 - Marco Carola @ Spray Club, Pristina, Kosovo","https://www.mixesdb.com/w/2005-05-01_-_Marco_Carola_@_Spray_Club,_Pristina,_Kosovo",Part 3,11,,Cave,Speleon (Ben Sims Remix),Cave - Speleon (Ben Sims Remix)
"2005-05-01 - Marco Carola @ Spray Club, Pristina, Kosovo","https://www.mixesdb.com/w/2005-05-01_-_Marco_Carola_@_Spray_Club,_Pristina,_Kosovo",Part 3,12,,Modular Expansion,Cubes (Christian Smith Remix) [Unreleased]?,Modular Expansion - Cubes (Christian Smith Remix) [Unreleased]?
"2005-05-01 - Marco Carola @ Spray Club, Pristina, Kosovo","https://www.mixesdb.com/w/2005-05-01_-_Marco_Carola_@_Spray_Club,_Pristina,_Kosovo",Part 3,13,,Joykits,Girls,Joykits - Girls
"2005-05-01 - Marco Carola @ Spray Club, Pristina, Kosovo","https://www.mixesdb.com/w/2005-05-01_-_Marco_Carola_@_Spray_Club,_Pristina,_Kosovo",Part 3,14,,,Joey Beltram,Joey Beltram
"2005-05-01 - Marco Carola @ Spray Club, Pristina, Kosovo","https://www.mixesdb.com/w/2005-05-01_-_Marco_Carola_@_Spray_Club,_Pristina,_Kosovo",Part 3,15,,JB3,Push,JB3 - Push
"2005-05-01 - Marco Carola @ Spray Club, Pristina, Kosovo","https://www.mixesdb.com/w/2005-05-01_-_Marco_Carola_@_Spray_Club,_Pristina,_Kosovo",Part 3,16,,Jack Addicts,Stalker,Jack Addicts - Stalker
"2005-05-01 - Marco Carola @ Spray Club, Pristina, Kosovo","https://www.mixesdb.com/w/2005-05-01_-_Marco_Carola_@_Spray_Club,_Pristina,_Kosovo",Part 3,17,,Jungle Brothers,I'll House You,Jungle Brothers - I'll House You
"2005-05-01 - Marco Carola @ Spray Club, Pristina, Kosovo","https://www.mixesdb.com/w/2005-05-01_-_Marco_Carola_@_Spray_Club,_Pristina,_Kosovo",Part 3,18,,Sieg Uber Die Sonne,I'm Not A Sound (Josh Wink's We Miss You Wildpitch Mix),Sieg Uber Die Sonne - I'm Not A Sound (Josh Wink's We Miss You Wildpitch Mix)
"2005-05-01 - Marco Carola @ Spray Club, Pristina, Kosovo","https://www.mixesdb.com/w/2005-05-01_-_Marco_Carola_@_Spray_Club,_Pristina,_Kosovo",Part 3,19,,,?,?
"2005-05-01 - Marco Carola @ Spray Club, Pristina, Kosovo","https://www.mixesdb.com/w/2005-05-01_-_Marco_Carola_@_Spray_Club,_Pristina,_Kosovo",Part 3,20,,Robin Porter & Lucas Rodenbush,Neighborhood Drama,Robin Porter & Lucas Rodenbush - Neighborhood Drama
"2005-05-01 - Marco Carola @ Spray Club, Pristina, Kosovo","https://www.mixesdb.com/w/2005-05-01_-_Marco_Carola_@_Spray_Club,_Pristina,_Kosovo",Part 3,21,,TDR,Plique,TDR - Plique
"2005-05-01 - Marco Carola @ Spray Club, Pristina, Kosovo","https://www.mixesdb.com/w/2005-05-01_-_Marco_Carola_@_Spray_Club,_Pristina,_Kosovo",Part 3,22,,,?,?
"2005-05-01 - Marco Carola @ Spray Club, Pristina, Kosovo","https://www.mixesdb.com/w/2005-05-01_-_Marco_Carola_@_Spray_Club,_Pristina,_Kosovo",Part 3,23,,Bam Bam,Give It To Me,Bam Bam - Give It To Me
"2005-05-01 - Marco Carola @ Spray Club, Pristina, Kosovo","https://www.mixesdb.com/w/2005-05-01_-_Marco_Carola_@_Spray_Club,_Pristina,_Kosovo",Part 3,24,,Hatiras,Chaos Bringer,Hatiras - Chaos Bringer
"2005-05-01 - Marco Carola @ Spray Club, Pristina, Kosovo","https://www.mixesdb.com/w/2005-05-01_-_Marco_Carola_@_Spray_Club,_Pristina,_Kosovo",Part 3,25,,Chicken Lips,Many Members (Medicine 8 Remix),Chicken Lips - Many Members (Medicine 8 Remix)
"2005-05-01 - Marco Carola @ Spray Club, Pristina, Kosovo","https://www.mixesdb.com/w/2005-05-01_-_Marco_Carola_@_Spray_Club,_Pristina,_Kosovo",Part 3,26,,Steve Angelo,Tribal Inc.,Steve Angelo - Tribal Inc.
"2005-05-01 - Marco Carola @ Spray Club, Pristina, Kosovo","https://www.mixesdb.com/w/2005-05-01_-_Marco_Carola_@_Spray_Club,_Pristina,_Kosovo",Part 3,27,,Abe Duque,Cocaine Nights,Abe Duque - Cocaine Nights
"2004-10-27 - Marco Carola @ Studio Essence, Promomix, Napoli, Italy","https://www.mixesdb.com/w/2004-10-27_-_Marco_Carola_@_Studio_Essence,_Promomix,_Napoli,_Italy",,1,,Stephan Laubner,Portside Waves,Stephan Laubner - Portside Waves
"2004-10-27 - Marco Carola @ Studio Essence, Promomix, Napoli, Italy","https://www.mixesdb.com/w/2004-10-27_-_Marco_Carola_@_Studio_Essence,_Promomix,_Napoli,_Italy",,2,,Todd Bodine,Transportation,Todd Bodine - Transportation
"2004-10-27 - Marco Carola @ Studio Essence, Promomix, Napoli, Italy","https://www.mixesdb.com/w/2004-10-27_-_Marco_Carola_@_Studio_Essence,_Promomix,_Napoli,_Italy",,3,,Aspro,Banana Split,Aspro - Banana Split
"2004-10-27 - Marco Carola @ Studio Essence, Promomix, Napoli, Italy","https://www.mixesdb.com/w/2004-10-27_-_Marco_Carola_@_Studio_Essence,_Promomix,_Napoli,_Italy",,4,,Adam Kroll,Squonk,Adam Kroll - Squonk
"2004-10-27 - Marco Carola @ Studio Essence, Promomix, Napoli, Italy","https://www.mixesdb.com/w/2004-10-27_-_Marco_Carola_@_Studio_Essence,_Promomix,_Napoli,_Italy",,5,,Luciano & Serafin,Funk Excursion,Luciano & Serafin - Funk Excursion
"2004-10-27 - Marco Carola @ Studio Essence, Promomix, Napoli, Italy","https://www.mixesdb.com/w/2004-10-27_-_Marco_Carola_@_Studio_Essence,_Promomix,_Napoli,_Italy",,6,,Robag Wruhme,Jena Makks,Robag Wruhme - Jena Makks
"2004-10-27 - Marco Carola @ Studio Essence, Promomix, Napoli, Italy","https://www.mixesdb.com/w/2004-10-27_-_Marco_Carola_@_Studio_Essence,_Promomix,_Napoli,_Italy",,7,,Marco Carola,Secret Supply,Marco Carola - Secret Supply
"2004-10-27 - Marco Carola @ Studio Essence, Promomix, Napoli, Italy","https://www.mixesdb.com/w/2004-10-27_-_Marco_Carola_@_Studio_Essence,_Promomix,_Napoli,_Italy",,8,,B,Minikool (Stewart Walker Remix),B - Minikool (Stewart Walker Remix)
"2004-10-27 - Marco Carola @ Studio Essence, Promomix, Napoli, Italy","https://www.mixesdb.com/w/2004-10-27_-_Marco_Carola_@_Studio_Essence,_Promomix,_Napoli,_Italy",,9,,Pascal FEOS,Tres O Tres,Pascal FEOS - Tres O Tres
"2004-10-27 - Marco Carola @ Studio Essence, Promomix, Napoli, Italy","https://www.mixesdb.com/w/2004-10-27_-_Marco_Carola_@_Studio_Essence,_Promomix,_Napoli,_Italy",,10,,Robag Wruhme,Fittichklopfer,Robag Wruhme - Fittichklopfer
"2004-10-27 - Marco Carola @ Studio Essence, Promomix, Napoli, Italy","https://www.mixesdb.com/w/2004-10-27_-_Marco_Carola_@_Studio_Essence,_Promomix,_Napoli,_Italy",,11,,Dominik Eulberg,Basstolpel,Dominik Eulberg - Basstolpel
"2004-10-27 - Marco Carola @ Studio Essence, Promomix, Napoli, Italy","https://www.mixesdb.com/w/2004-10-27_-_Marco_Carola_@_Studio_Essence,_Promomix,_Napoli,_Italy",,12,,Richie Hawtin,Forcept 1 (Akufen Reinterpretation),Richie Hawtin - Forcept 1 (Akufen Reinterpretation)
"2004-10-27 - Marco Carola @ Studio Essence, Promomix, Napoli, Italy","https://www.mixesdb.com/w/2004-10-27_-_Marco_Carola_@_Studio_Essence,_Promomix,_Napoli,_Italy",,13,,Jeff Samuel,Knob [Fcote Remixes - B2],Jeff Samuel - Knob [Fcote Remixes - B2]
"2004-10-27 - Marco Carola @ Studio Essence, Promomix, Napoli, Italy","https://www.mixesdb.com/w/2004-10-27_-_Marco_Carola_@_Studio_Essence,_Promomix,_Napoli,_Italy",,14,,Adam Marshall,Kings & Heroes,Adam Marshall - Kings & Heroes
"2004-10-27 - Marco Carola @ Studio Essence, Promomix, Napoli, Italy","https://www.mixesdb.com/w/2004-10-27_-_Marco_Carola_@_Studio_Essence,_Promomix,_Napoli,_Italy",,15,,Half Inch Jack,Body Work,Half Inch Jack - Body Work
"2004-10-27 - Marco Carola @ Studio Essence, Promomix, Napoli, Italy","https://www.mixesdb.com/w/2004-10-27_-_Marco_Carola_@_Studio_Essence,_Promomix,_Napoli,_Italy",,16,,SWS,Desire (Chris Wood Re-Edit),SWS - Desire (Chris Wood Re-Edit)
"2004-10-27 - Marco Carola @ Studio Essence, Promomix, Napoli, Italy","https://www.mixesdb.com/w/2004-10-27_-_Marco_Carola_@_Studio_Essence,_Promomix,_Napoli,_Italy",,17,,Hugg And Pepp,Kanelbulle,Hugg And Pepp - Kanelbulle
"2004-10-27 - Marco Carola @ Studio Essence, Promomix, Napoli, Italy","https://www.mixesdb.com/w/2004-10-27_-_Marco_Carola_@_Studio_Essence,_Promomix,_Napoli,_Italy",,18,,Todd Bodine,For Nothing,Todd Bodine - For Nothing
"2004-10-27 - Marco Carola @ Studio Essence, Promomix, Napoli, Italy","https://www.mixesdb.com/w/2004-10-27_-_Marco_Carola_@_Studio_Essence,_Promomix,_Napoli,_Italy",,19,,Guido Schneider,As Dry As I Can,Guido Schneider - As Dry As I Can
"2004-10-27 - Marco Carola @ Studio Essence, Promomix, Napoli, Italy","https://www.mixesdb.com/w/2004-10-27_-_Marco_Carola_@_Studio_Essence,_Promomix,_Napoli,_Italy",,20,,Abe Duque,Cocaine Nights,Abe Duque - Cocaine Nights
"2004-10-27 - Marco Carola @ Studio Essence, Promomix, Napoli, Italy","https://www.mixesdb.com/w/2004-10-27_-_Marco_Carola_@_Studio_Essence,_Promomix,_Napoli,_Italy",,21,,Pair Of Jacks,Knob Job,Pair Of Jacks - Knob Job
"2004-10-27 - Marco Carola @ Studio Essence, Promomix, Napoli, Italy","https://www.mixesdb.com/w/2004-10-27_-_Marco_Carola_@_Studio_Essence,_Promomix,_Napoli,_Italy",,22,,The Offbeats,Descendant Pt. 1,The Offbeats - Descendant Pt. 1
"2004-10-27 - Marco Carola @ Studio Essence, Promomix, Napoli, Italy","https://www.mixesdb.com/w/2004-10-27_-_Marco_Carola_@_Studio_Essence,_Promomix,_Napoli,_Italy",,23,,Zoot Woman,Gem (Paper Faces Remix),Zoot Woman - Gem (Paper Faces Remix)
2014-02-14 - Marco Carola - Music On The Mix - Winter 2013/2014,https://www.mixesdb.com/w/2014-02-14_-_Marco_Carola_-_Music_On_The_Mix_-_Winter_2013/2014,,1,00,Maarka,U Want Me 2 Get (Suolo Remix) [Capodopere - CPDVA 001],Maarka - U Want Me 2 Get (Suolo Remix) [Capodopere - CPDVA 001]
2014-02-14 - Marco Carola - Music On The Mix - Winter 2013/2014,https://www.mixesdb.com/w/2014-02-14_-_Marco_Carola_-_Music_On_The_Mix_-_Winter_2013/2014,,2,07,Jesus Soblechero,Keep The Base [Sound Mass - SMR 064],Jesus Soblechero - Keep The Base [Sound Mass - SMR 064]
2014-02-14 - Marco Carola - Music On The Mix - Winter 2013/2014,https://www.mixesdb.com/w/2014-02-14_-_Marco_Carola_-_Music_On_The_Mix_-_Winter_2013/2014,,3,11,Matthew Lima & Maiki,Party On The Moon (Davide Benedetti Remix),Matthew Lima & Maiki - Party On The Moon (Davide Benedetti Remix)
2014-02-14 - Marco Carola - Music On The Mix - Winter 2013/2014,https://www.mixesdb.com/w/2014-02-14_-_Marco_Carola_-_Music_On_The_Mix_-_Winter_2013/2014,,4,18,Wilian Kraupp,Can't Drown [Mushroom Smile - MSR 008],Wilian Kraupp - Can't Drown [Mushroom Smile - MSR 008]
2014-02-14 - Marco Carola - Music On The Mix - Winter 2013/2014,https://www.mixesdb.com/w/2014-02-14_-_Marco_Carola_-_Music_On_The_Mix_-_Winter_2013/2014,,5,22,Bar Za,Ddebas [Mesmerize Musique - MSMX 001],Bar Za - Ddebas [Mesmerize Musique - MSMX 001]
2014-02-14 - Marco Carola - Music On The Mix - Winter 2013/2014,https://www.mixesdb.com/w/2014-02-14_-_Marco_Carola_-_Music_On_The_Mix_-_Winter_2013/2014,,6,25,Benedetto & Farina,Black Racket Money [Dear Deer - DD 010],Benedetto & Farina - Black Racket Money [Dear Deer - DD 010]
2014-02-14 - Marco Carola - Music On The Mix - Winter 2013/2014,https://www.mixesdb.com/w/2014-02-14_-_Marco_Carola_-_Music_On_The_Mix_-_Winter_2013/2014,,7,30,Matches,Two Strangers (Jamie Funk Remix) [Something Different - SDR 038A],Matches - Two Strangers (Jamie Funk Remix) [Something Different - SDR 038A]
2014-02-14 - Marco Carola - Music On The Mix - Winter 2013/2014,https://www.mixesdb.com/w/2014-02-14_-_Marco_Carola_-_Music_On_The_Mix_-_Winter_2013/2014,,8,35,Tim Green,Just People [Disc Over - DCSO 001],Tim Green - Just People [Disc Over - DCSO 001]
2014-02-14 - Marco Carola - Music On The Mix - Winter 2013/2014,https://www.mixesdb.com/w/2014-02-14_-_Marco_Carola_-_Music_On_The_Mix_-_Winter_2013/2014,,9,41,Franz Costa,Random Dialogue [Beat It - BTM 003],Franz Costa - Random Dialogue [Beat It - BTM 003]
2014-02-14 - Marco Carola - Music On The Mix - Winter 2013/2014,https://www.mixesdb.com/w/2014-02-14_-_Marco_Carola_-_Music_On_The_Mix_-_Winter_2013/2014,,10,48,Patrick Rohm,In Your Face [Popart - PM 030],Patrick Rohm - In Your Face [Popart - PM 030]
2014-02-14 - Marco Carola - Music On The Mix - Winter 2013/2014,https://www.mixesdb.com/w/2014-02-14_-_Marco_Carola_-_Music_On_The_Mix_-_Winter_2013/2014,,11,54,"Carlos Pulido, Lopezhouse",Solo Con Hielo (Original Mix) [JETT Records - JETTC01],"Carlos Pulido, Lopezhouse - Solo Con Hielo (Original Mix) [JETT Records - JETTC01]"
"1998-10-18 - Sven Väth, DJ Hell, Marco Carola @ Omen Closing Weekend, Frankfurt","https://www.mixesdb.com/w/1998-10-18_-_Sven_V%C3%A4th,_DJ_Hell,_Marco_Carola_@_Omen_Closing_Weekend,_Frankfurt",Sven Väth,1,000,E-Dancer,Velocity Funk [KMS 061],E-Dancer - Velocity Funk [KMS 061]
"1998-10-18 - Sven Väth, DJ Hell, Marco Carola @ Omen Closing Weekend, Frankfurt","https://www.mixesdb.com/w/1998-10-18_-_Sven_V%C3%A4th,_DJ_Hell,_Marco_Carola_@_Omen_Closing_Weekend,_Frankfurt",Sven Väth,2,00?,Luke Slater,Class Action [Mute - 12NoMu62],Luke Slater - Class Action [Mute - 12NoMu62]
"1998-10-18 - Sven Väth, DJ Hell, Marco Carola @ Omen Closing Weekend, Frankfurt","https://www.mixesdb.com/w/1998-10-18_-_Sven_V%C3%A4th,_DJ_Hell,_Marco_Carola_@_Omen_Closing_Weekend,_Frankfurt",Sven Väth,3,00?,A2L,Tripman (Age Welt In Scherben Remix) [Force - FIM 152],A2L - Tripman (Age Welt In Scherben Remix) [Force - FIM 152]
"1998-10-18 - Sven Väth, DJ Hell, Marco Carola @ Omen Closing Weekend, Frankfurt","https://www.mixesdb.com/w/1998-10-18_-_Sven_V%C3%A4th,_DJ_Hell,_Marco_Carola_@_Omen_Closing_Weekend,_Frankfurt",Sven Väth,4,00?,Alter Ego,Folk Song [Harthouse],Alter Ego - Folk Song [Harthouse]
"1998-10-18 - Sven Väth, DJ Hell, Marco Carola @ Omen Closing Weekend, Frankfurt","https://www.mixesdb.com/w/1998-10-18_-_Sven_V%C3%A4th,_DJ_Hell,_Marco_Carola_@_Omen_Closing_Weekend,_Frankfurt",Sven Väth,5,026,Underground Resistance,Sonic Destroyer,Underground Resistance - Sonic Destroyer
"1998-10-18 - Sven Väth, DJ Hell, Marco Carola @ Omen Closing Weekend, Frankfurt","https://www.mixesdb.com/w/1998-10-18_-_Sven_V%C3%A4th,_DJ_Hell,_Marco_Carola_@_Omen_Closing_Weekend,_Frankfurt",Sven Väth,6,029,Laurent Garnier,Coloured City [F-Communications - F 086],Laurent Garnier - Coloured City [F-Communications - F 086]
"1998-10-18 - Sven Väth, DJ Hell, Marco Carola @ Omen Closing Weekend, Frankfurt","https://www.mixesdb.com/w/1998-10-18_-_Sven_V%C3%A4th,_DJ_Hell,_Marco_Carola_@_Omen_Closing_Weekend,_Frankfurt",Sven Väth,7,034,The Modernist,Dali Bop Horizon (Auftrieb Mix) [Harvest - 7243 8 84683 6 7],The Modernist - Dali Bop Horizon (Auftrieb Mix) [Harvest - 7243 8 84683 6 7]
"1998-10-18 - Sven Väth, DJ Hell, Marco Carola @ Omen Closing Weekend, Frankfurt","https://www.mixesdb.com/w/1998-10-18_-_Sven_V%C3%A4th,_DJ_Hell,_Marco_Carola_@_Omen_Closing_Weekend,_Frankfurt",Sven Väth,8,040,G-Force,Don't Go Back [KK Traxx - KKT 010],G-Force - Don't Go Back [KK Traxx - KKT 010]
"1998-10-18 - Sven Väth, DJ Hell, Marco Carola @ Omen Closing Weekend, Frankfurt","https://www.mixesdb.com/w/1998-10-18_-_Sven_V%C3%A4th,_DJ_Hell,_Marco_Carola_@_Omen_Closing_Weekend,_Frankfurt",Sven Väth,9,04?,,?,?
"1998-10-18 - Sven Väth, DJ Hell, Marco Carola @ Omen Closing Weekend, Frankfurt","https://www.mixesdb.com/w/1998-10-18_-_Sven_V%C3%A4th,_DJ_Hell,_Marco_Carola_@_Omen_Closing_Weekend,_Frankfurt",Sven Väth,10,0??,Brtschitsch & Galluzzi,Helikopter [Taksi - 004],Brtschitsch & Galluzzi - Helikopter [Taksi - 004]
"1998-10-18 - Sven Väth, DJ Hell, Marco Carola @ Omen Closing Weekend, Frankfurt","https://www.mixesdb.com/w/1998-10-18_-_Sven_V%C3%A4th,_DJ_Hell,_Marco_Carola_@_Omen_Closing_Weekend,_Frankfurt",Sven Väth,11,0??,Percy X,Track 2 [Soma Quality - 63],Percy X - Track 2 [Soma Quality - 63]
"1998-10-18 - Sven Väth, DJ Hell, Marco Carola @ Omen Closing Weekend, Frankfurt","https://www.mixesdb.com/w/1998-10-18_-_Sven_V%C3%A4th,_DJ_Hell,_Marco_Carola_@_Omen_Closing_Weekend,_Frankfurt",Sven Väth,12,0??,Mark Seven,Contagious Paranoia [Primevil - Prvl004],Mark Seven - Contagious Paranoia [Primevil - Prvl004]
"1998-10-18 - Sven Väth, DJ Hell, Marco Carola @ Omen Closing Weekend, Frankfurt","https://www.mixesdb.com/w/1998-10-18_-_Sven_V%C3%A4th,_DJ_Hell,_Marco_Carola_@_Omen_Closing_Weekend,_Frankfurt",Sven Väth,13,072,Slam,Positive Education [Soma],Slam - Positive Education [Soma]
"1998-10-18 - Sven Väth, DJ Hell, Marco Carola @ Omen Closing Weekend, Frankfurt","https://www.mixesdb.com/w/1998-10-18_-_Sven_V%C3%A4th,_DJ_Hell,_Marco_Carola_@_Omen_Closing_Weekend,_Frankfurt",Sven Väth,14,079,Armando,100% Of Disin' You (Armando's Dis Mix) [Warehouse - WH-002],Armando - 100% Of Disin' You (Armando's Dis Mix) [Warehouse - WH-002]
"1998-10-18 - Sven Väth, DJ Hell, Marco Carola @ Omen Closing Weekend, Frankfurt","https://www.mixesdb.com/w/1998-10-18_-_Sven_V%C3%A4th,_DJ_Hell,_Marco_Carola_@_Omen_Closing_Weekend,_Frankfurt",Sven Väth,15,0??,Romanthony,Bzz N Da Speaker (Original Vocal) [Nitedance - DARK 9816],Romanthony - Bzz N Da Speaker (Original Vocal) [Nitedance - DARK 9816]
"1998-10-18 - Sven Väth, DJ Hell, Marco Carola @ Omen Closing Weekend, Frankfurt","https://www.mixesdb.com/w/1998-10-18_-_Sven_V%C3%A4th,_DJ_Hell,_Marco_Carola_@_Omen_Closing_Weekend,_Frankfurt",Sven Väth,16,0??,DJ Dozia,Pop Culture [Ovum - 110],DJ Dozia - Pop Culture [Ovum - 110]
"1998-10-18 - Sven Väth, DJ Hell, Marco Carola @ Omen Closing Weekend, Frankfurt","https://www.mixesdb.com/w/1998-10-18_-_Sven_V%C3%A4th,_DJ_Hell,_Marco_Carola_@_Omen_Closing_Weekend,_Frankfurt",Sven Väth,17,0??,DJ ESP,New Body [Communique 08],DJ ESP - New Body [Communique 08]
"1998-10-18 - Sven Väth, DJ Hell, Marco Carola @ Omen Closing Weekend, Frankfurt","https://www.mixesdb.com/w/1998-10-18_-_Sven_V%C3%A4th,_DJ_Hell,_Marco_Carola_@_Omen_Closing_Weekend,_Frankfurt",Sven Väth,18,0??,Strass,Zwei (A) [Force Music Works - FIM 147],Strass - Zwei (A) [Force Music Works - FIM 147]
"1998-10-18 - Sven Väth, DJ Hell, Marco Carola @ Omen Closing Weekend, Frankfurt","https://www.mixesdb.com/w/1998-10-18_-_Sven_V%C3%A4th,_DJ_Hell,_Marco_Carola_@_Omen_Closing_Weekend,_Frankfurt",Sven Väth,19,104,Emmanuel Top,Tone [ATT V 95 001],Emmanuel Top - Tone [ATT V 95 001]
"1998-10-18 - Sven Väth, DJ Hell, Marco Carola @ Omen Closing Weekend, Frankfurt","https://www.mixesdb.com/w/1998-10-18_-_Sven_V%C3%A4th,_DJ_Hell,_Marco_Carola_@_Omen_Closing_Weekend,_Frankfurt",Sven Väth,20,110,Fuse,F. U. [Probe 01],Fuse - F. U. [Probe 01]
"1998-10-18 - Sven Väth, DJ Hell, Marco Carola @ Omen Closing Weekend, Frankfurt","https://www.mixesdb.com/w/1998-10-18_-_Sven_V%C3%A4th,_DJ_Hell,_Marco_Carola_@_Omen_Closing_Weekend,_Frankfurt",Sven Väth,21,119,Marco Carola,Fokus Track 08 [Zenit - 01],Marco Carola - Fokus Track 08 [Zenit - 01]
"1998-10-18 - Sven Väth, DJ Hell, Marco Carola @ Omen Closing Weekend, Frankfurt","https://www.mixesdb.com/w/1998-10-18_-_Sven_V%C3%A4th,_DJ_Hell,_Marco_Carola_@_Omen_Closing_Weekend,_Frankfurt",Sven Väth,22,125,Chris Liebing,Drumcook [Fine - Audio 11],Chris Liebing - Drumcook [Fine - Audio 11]
"1998-10-18 - Sven Väth, DJ Hell, Marco Carola @ Omen Closing Weekend, Frankfurt","https://www.mixesdb.com/w/1998-10-18_-_Sven_V%C3%A4th,_DJ_Hell,_Marco_Carola_@_Omen_Closing_Weekend,_Frankfurt",Sven Väth,23,130,Chris Liebing,Dandu Groove (Andrew Richley Remix) [Fine - AUDIO 007R],Chris Liebing - Dandu Groove (Andrew Richley Remix) [Fine - AUDIO 007R]
"1998-10-18 - Sven Väth, DJ Hell, Marco Carola @ Omen Closing Weekend, Frankfurt","https://www.mixesdb.com/w/1998-10-18_-_Sven_V%C3%A4th,_DJ_Hell,_Marco_Carola_@_Omen_Closing_Weekend,_Frankfurt",Sven Väth,24,138,Sven Väth,An Accident In Paradise,Sven Väth - An Accident In Paradise
"1998-10-18 - Sven Väth, DJ Hell, Marco Carola @ Omen Closing Weekend, Frankfurt","https://www.mixesdb.com/w/1998-10-18_-_Sven_V%C3%A4th,_DJ_Hell,_Marco_Carola_@_Omen_Closing_Weekend,_Frankfurt",Sven Väth,25,144,Puento Latino,Takes U There [Primevil],Puento Latino - Takes U There [Primevil]
"1998-10-18 - Sven Väth, DJ Hell, Marco Carola @ Omen Closing Weekend, Frankfurt","https://www.mixesdb.com/w/1998-10-18_-_Sven_V%C3%A4th,_DJ_Hell,_Marco_Carola_@_Omen_Closing_Weekend,_Frankfurt",Sven Väth,26,1??,Cari Lekebusch,Attitydsknäckaren [Hybrid - HP 1203],Cari Lekebusch - Attitydsknäckaren [Hybrid - HP 1203]
"1998-10-18 - Sven Väth, DJ Hell, Marco Carola @ Omen Closing Weekend, Frankfurt","https://www.mixesdb.com/w/1998-10-18_-_Sven_V%C3%A4th,_DJ_Hell,_Marco_Carola_@_Omen_Closing_Weekend,_Frankfurt",Sven Väth,27,154,Johannes Heil,Die Eigene Achse [JH - 01],Johannes Heil - Die Eigene Achse [JH - 01]
"1998-10-18 - Sven Väth, DJ Hell, Marco Carola @ Omen Closing Weekend, Frankfurt","https://www.mixesdb.com/w/1998-10-18_-_Sven_V%C3%A4th,_DJ_Hell,_Marco_Carola_@_Omen_Closing_Weekend,_Frankfurt",Sven Väth,28,162,Johannes Heil,Paranoid Dancer [Kanzleramt - KA 24],Johannes Heil - Paranoid Dancer [Kanzleramt - KA 24]
"1998-10-18 - Sven Väth, DJ Hell, Marco Carola @ Omen Closing Weekend, Frankfurt","https://www.mixesdb.com/w/1998-10-18_-_Sven_V%C3%A4th,_DJ_Hell,_Marco_Carola_@_Omen_Closing_Weekend,_Frankfurt",Sven Väth,29,171,Der Dritte Raum,Trommelmachine [Harthouse LP 17],Der Dritte Raum - Trommelmachine [Harthouse LP 17]
"1998-10-18 - Sven Väth, DJ Hell, Marco Carola @ Omen Closing Weekend, Frankfurt","https://www.mixesdb.com/w/1998-10-18_-_Sven_V%C3%A4th,_DJ_Hell,_Marco_Carola_@_Omen_Closing_Weekend,_Frankfurt",DJ Hell [~2:52:00],1,17?,Richard Bartz,The Traveller 3 [Kurbel 12],Richard Bartz - The Traveller 3 [Kurbel 12]
"1998-10-18 - Sven Väth, DJ Hell, Marco Carola @ Omen Closing Weekend, Frankfurt","https://www.mixesdb.com/w/1998-10-18_-_Sven_V%C3%A4th,_DJ_Hell,_Marco_Carola_@_Omen_Closing_Weekend,_Frankfurt",DJ Hell [~2:52:00],2,175,E-Dancer,Pump The Move [KMS 1991],E-Dancer - Pump The Move [KMS 1991]
"1998-10-18 - Sven Väth, DJ Hell, Marco Carola @ Omen Closing Weekend, Frankfurt","https://www.mixesdb.com/w/1998-10-18_-_Sven_V%C3%A4th,_DJ_Hell,_Marco_Carola_@_Omen_Closing_Weekend,_Frankfurt",DJ Hell [~2:52:00],3,180,Der Zyklus,Die Dämmerung Von Nanotech [Gigolo],Der Zyklus - Die Dämmerung Von Nanotech [Gigolo]
"1998-10-18 - Sven Väth, DJ Hell, Marco Carola @ Omen Closing Weekend, Frankfurt","https://www.mixesdb.com/w/1998-10-18_-_Sven_V%C3%A4th,_DJ_Hell,_Marco_Carola_@_Omen_Closing_Weekend,_Frankfurt",DJ Hell [~2:52:00],4,18?,Joey Beltram,SW37 (B) [Synewave 037],Joey Beltram - SW37 (B) [Synewave 037]
"1998-10-18 - Sven Väth, DJ Hell, Marco Carola @ Omen Closing Weekend, Frankfurt","https://www.mixesdb.com/w/1998-10-18_-_Sven_V%C3%A4th,_DJ_Hell,_Marco_Carola_@_Omen_Closing_Weekend,_Frankfurt",DJ Hell [~2:52:00],5,18?,,?,?
"1998-10-18 - Sven Väth, DJ Hell, Marco Carola @ Omen Closing Weekend, Frankfurt","https://www.mixesdb.com/w/1998-10-18_-_Sven_V%C3%A4th,_DJ_Hell,_Marco_Carola_@_Omen_Closing_Weekend,_Frankfurt",DJ Hell [~2:52:00],6,189,Giorgio Moroder,The Chase,Giorgio Moroder - The Chase
"1998-10-18 - Sven Väth, DJ Hell, Marco Carola @ Omen Closing Weekend, Frankfurt","https://www.mixesdb.com/w/1998-10-18_-_Sven_V%C3%A4th,_DJ_Hell,_Marco_Carola_@_Omen_Closing_Weekend,_Frankfurt",DJ Hell [~2:52:00],7,193,Mr. James Barth,?,Mr. James Barth - ?
"1998-10-18 - Sven Väth, DJ Hell, Marco Carola @ Omen Closing Weekend, Frankfurt","https://www.mixesdb.com/w/1998-10-18_-_Sven_V%C3%A4th,_DJ_Hell,_Marco_Carola_@_Omen_Closing_Weekend,_Frankfurt",DJ Hell [~2:52:00],8,???,The Advent,True Combo [Kombination Research],The Advent - True Combo [Kombination Research]
"1998-10-18 - Sven Väth, DJ Hell, Marco Carola @ Omen Closing Weekend, Frankfurt","https://www.mixesdb.com/w/1998-10-18_-_Sven_V%C3%A4th,_DJ_Hell,_Marco_Carola_@_Omen_Closing_Weekend,_Frankfurt",DJ Hell [~2:52:00],9,???,Anthony Rother,Destroy Him My Robots [Elektrolux],Anthony Rother - Destroy Him My Robots [Elektrolux]
"1998-10-18 - Sven Väth, DJ Hell, Marco Carola @ Omen Closing Weekend, Frankfurt","https://www.mixesdb.com/w/1998-10-18_-_Sven_V%C3%A4th,_DJ_Hell,_Marco_Carola_@_Omen_Closing_Weekend,_Frankfurt",DJ Hell [~2:52:00],10,202,My Mine,Hypnotic Tango [Dark Entries],My Mine - Hypnotic Tango [Dark Entries]
"1998-10-18 - Sven Väth, DJ Hell, Marco Carola @ Omen Closing Weekend, Frankfurt","https://www.mixesdb.com/w/1998-10-18_-_Sven_V%C3%A4th,_DJ_Hell,_Marco_Carola_@_Omen_Closing_Weekend,_Frankfurt",DJ Hell [~2:52:00],11,2??,Paperclip People,4 My Peepz (Shot) [Planet E],Paperclip People - 4 My Peepz (Shot) [Planet E]
"1998-10-18 - Sven Väth, DJ Hell, Marco Carola @ Omen Closing Weekend, Frankfurt","https://www.mixesdb.com/w/1998-10-18_-_Sven_V%C3%A4th,_DJ_Hell,_Marco_Carola_@_Omen_Closing_Weekend,_Frankfurt",DJ Hell [~2:52:00],12,2??,,?,?
"1998-10-18 - Sven Väth, DJ Hell, Marco Carola @ Omen Closing Weekend, Frankfurt","https://www.mixesdb.com/w/1998-10-18_-_Sven_V%C3%A4th,_DJ_Hell,_Marco_Carola_@_Omen_Closing_Weekend,_Frankfurt",DJ Hell [~2:52:00],13,2??,Marco Carola,Question Vol.1 (A1) [Question - Quest 001],Marco Carola - Question Vol.1 (A1) [Question - Quest 001]
"1998-10-18 - Sven Väth, DJ Hell, Marco Carola @ Omen Closing Weekend, Frankfurt","https://www.mixesdb.com/w/1998-10-18_-_Sven_V%C3%A4th,_DJ_Hell,_Marco_Carola_@_Omen_Closing_Weekend,_Frankfurt",DJ Hell [~2:52:00],14,2??,Mr. James Barth,Pay Me In Love [Svek LP 01],Mr. James Barth - Pay Me In Love [Svek LP 01]
"1998-10-18 - Sven Väth, DJ Hell, Marco Carola @ Omen Closing Weekend, Frankfurt","https://www.mixesdb.com/w/1998-10-18_-_Sven_V%C3%A4th,_DJ_Hell,_Marco_Carola_@_Omen_Closing_Weekend,_Frankfurt",DJ Hell [~2:52:00],15,2??,,?,?
"1998-10-18 - Sven Väth, DJ Hell, Marco Carola @ Omen Closing Weekend, Frankfurt","https://www.mixesdb.com/w/1998-10-18_-_Sven_V%C3%A4th,_DJ_Hell,_Marco_Carola_@_Omen_Closing_Weekend,_Frankfurt",DJ Hell [~2:52:00],16,2??,,?,?
"1998-10-18 - Sven Väth, DJ Hell, Marco Carola @ Omen Closing Weekend, Frankfurt","https://www.mixesdb.com/w/1998-10-18_-_Sven_V%C3%A4th,_DJ_Hell,_Marco_Carola_@_Omen_Closing_Weekend,_Frankfurt",DJ Hell [~2:52:00],17,2??,Robert Hood,Black Man's Word [M-Plant 313],Robert Hood - Black Man's Word [M-Plant 313]
"1998-10-18 - Sven Väth, DJ Hell, Marco Carola @ Omen Closing Weekend, Frankfurt","https://www.mixesdb.com/w/1998-10-18_-_Sven_V%C3%A4th,_DJ_Hell,_Marco_Carola_@_Omen_Closing_Weekend,_Frankfurt",DJ Hell [~2:52:00],18,226,Heiko Laux,Earthbouncing Pt.1 [Kanzleramt - KA25LP],Heiko Laux - Earthbouncing Pt.1 [Kanzleramt - KA25LP]
"1998-10-18 - Sven Väth, DJ Hell, Marco Carola @ Omen Closing Weekend, Frankfurt","https://www.mixesdb.com/w/1998-10-18_-_Sven_V%C3%A4th,_DJ_Hell,_Marco_Carola_@_Omen_Closing_Weekend,_Frankfurt",DJ Hell [~2:52:00],19,230,Claude Young,Deception,Claude Young - Deception
"1998-10-18 - Sven Väth, DJ Hell, Marco Carola @ Omen Closing Weekend, Frankfurt","https://www.mixesdb.com/w/1998-10-18_-_Sven_V%C3%A4th,_DJ_Hell,_Marco_Carola_@_Omen_Closing_Weekend,_Frankfurt",DJ Hell [~2:52:00],20,2??,,?,?
"1998-10-18 - Sven Väth, DJ Hell, Marco Carola @ Omen Closing Weekend, Frankfurt","https://www.mixesdb.com/w/1998-10-18_-_Sven_V%C3%A4th,_DJ_Hell,_Marco_Carola_@_Omen_Closing_Weekend,_Frankfurt",DJ Hell [~2:52:00],21,2??,,?,?
"1998-10-18 - Sven Väth, DJ Hell, Marco Carola @ Omen Closing Weekend, Frankfurt","https://www.mixesdb.com/w/1998-10-18_-_Sven_V%C3%A4th,_DJ_Hell,_Marco_Carola_@_Omen_Closing_Weekend,_Frankfurt",DJ Hell [~2:52:00],22,2??,,?,?
"1998-10-18 - Sven Väth, DJ Hell, Marco Carola @ Omen Closing Weekend, Frankfurt","https://www.mixesdb.com/w/1998-10-18_-_Sven_V%C3%A4th,_DJ_Hell,_Marco_Carola_@_Omen_Closing_Weekend,_Frankfurt",DJ Hell [~2:52:00],23,2??,,?,?
"1998-10-18 - Sven Väth, DJ Hell, Marco Carola @ Omen Closing Weekend, Frankfurt","https://www.mixesdb.com/w/1998-10-18_-_Sven_V%C3%A4th,_DJ_Hell,_Marco_Carola_@_Omen_Closing_Weekend,_Frankfurt",DJ Hell [~2:52:00],24,2??,,?,?
"1998-10-18 - Sven Väth, DJ Hell, Marco Carola @ Omen Closing Weekend, Frankfurt","https://www.mixesdb.com/w/1998-10-18_-_Sven_V%C3%A4th,_DJ_Hell,_Marco_Carola_@_Omen_Closing_Weekend,_Frankfurt",DJ Hell [~2:52:00],25,2??,,?,?
"1998-10-18 - Sven Väth, DJ Hell, Marco Carola @ Omen Closing Weekend, Frankfurt","https://www.mixesdb.com/w/1998-10-18_-_Sven_V%C3%A4th,_DJ_Hell,_Marco_Carola_@_Omen_Closing_Weekend,_Frankfurt",DJ Hell [~2:52:00],26,2??,Discotexx,It's Time 2 [BCC 022],Discotexx - It's Time 2 [BCC 022]
"1998-10-18 - Sven Väth, DJ Hell, Marco Carola @ Omen Closing Weekend, Frankfurt","https://www.mixesdb.com/w/1998-10-18_-_Sven_V%C3%A4th,_DJ_Hell,_Marco_Carola_@_Omen_Closing_Weekend,_Frankfurt",DJ Hell [~2:52:00],27,2??,Koko Kola,Braxil Frequency [Pamplemousse],Koko Kola - Braxil Frequency [Pamplemousse]
"1998-10-18 - Sven Väth, DJ Hell, Marco Carola @ Omen Closing Weekend, Frankfurt","https://www.mixesdb.com/w/1998-10-18_-_Sven_V%C3%A4th,_DJ_Hell,_Marco_Carola_@_Omen_Closing_Weekend,_Frankfurt",DJ Hell [~2:52:00],28,2??,,?,?
"1998-10-18 - Sven Väth, DJ Hell, Marco Carola @ Omen Closing Weekend, Frankfurt","https://www.mixesdb.com/w/1998-10-18_-_Sven_V%C3%A4th,_DJ_Hell,_Marco_Carola_@_Omen_Closing_Weekend,_Frankfurt",DJ Hell [~2:52:00],29,2??,The Advent,Program Da Futur [Kombination Research],The Advent - Program Da Futur [Kombination Research]
"1998-10-18 - Sven Väth, DJ Hell, Marco Carola @ Omen Closing Weekend, Frankfurt","https://www.mixesdb.com/w/1998-10-18_-_Sven_V%C3%A4th,_DJ_Hell,_Marco_Carola_@_Omen_Closing_Weekend,_Frankfurt",DJ Hell [~2:52:00],30,269,DJ Hell,Suicide Commando [Disko B],DJ Hell - Suicide Commando [Disko B]
"1998-10-18 - Sven Väth, DJ Hell, Marco Carola @ Omen Closing Weekend, Frankfurt","https://www.mixesdb.com/w/1998-10-18_-_Sven_V%C3%A4th,_DJ_Hell,_Marco_Carola_@_Omen_Closing_Weekend,_Frankfurt",DJ Hell [~2:52:00],31,271,Telex,Moskow Diskow (Carl Craig Remix),Telex - Moskow Diskow (Carl Craig Remix)
"1998-10-18 - Sven Väth, DJ Hell, Marco Carola @ Omen Closing Weekend, Frankfurt","https://www.mixesdb.com/w/1998-10-18_-_Sven_V%C3%A4th,_DJ_Hell,_Marco_Carola_@_Omen_Closing_Weekend,_Frankfurt",DJ Hell [~2:52:00],32,276,Knarz,Knarz [A.F.U. 23],Knarz - Knarz [A.F.U. 23]
"1998-10-18 - Sven Väth, DJ Hell, Marco Carola @ Omen Closing Weekend, Frankfurt","https://www.mixesdb.com/w/1998-10-18_-_Sven_V%C3%A4th,_DJ_Hell,_Marco_Carola_@_Omen_Closing_Weekend,_Frankfurt",DJ Hell [~2:52:00],33,2??,S. Bicknell,Lost Recordings #4 (Track A1) [Cosmic 019],S. Bicknell - Lost Recordings #4 (Track A1) [Cosmic 019]
"1998-10-18 - Sven Väth, DJ Hell, Marco Carola @ Omen Closing Weekend, Frankfurt","https://www.mixesdb.com/w/1998-10-18_-_Sven_V%C3%A4th,_DJ_Hell,_Marco_Carola_@_Omen_Closing_Weekend,_Frankfurt",DJ Hell [~2:52:00],34,2??,,?,?
"1998-10-18 - Sven Väth, DJ Hell, Marco Carola @ Omen Closing Weekend, Frankfurt","https://www.mixesdb.com/w/1998-10-18_-_Sven_V%C3%A4th,_DJ_Hell,_Marco_Carola_@_Omen_Closing_Weekend,_Frankfurt",DJ Hell [~2:52:00],35,2??,,?,?
"1998-10-18 - Sven Väth, DJ Hell, Marco Carola @ Omen Closing Weekend, Frankfurt","https://www.mixesdb.com/w/1998-10-18_-_Sven_V%C3%A4th,_DJ_Hell,_Marco_Carola_@_Omen_Closing_Weekend,_Frankfurt",Marco Carola [~4:45:00],1,2??,The Advent,Mega Ton Bomb [Tortured - PAIN 012],The Advent - Mega Ton Bomb [Tortured - PAIN 012]
"1998-10-18 - Sven Väth, DJ Hell, Marco Carola @ Omen Closing Weekend, Frankfurt","https://www.mixesdb.com/w/1998-10-18_-_Sven_V%C3%A4th,_DJ_Hell,_Marco_Carola_@_Omen_Closing_Weekend,_Frankfurt",Marco Carola [~4:45:00],2,???,Gaetano Parisio,Advanced Techno Research 1 / 10 (A) [Art - 1 / 10],Gaetano Parisio - Advanced Techno Research 1 / 10 (A) [Art - 1 / 10]
"1998-10-18 - Sven Väth, DJ Hell, Marco Carola @ Omen Closing Weekend, Frankfurt","https://www.mixesdb.com/w/1998-10-18_-_Sven_V%C3%A4th,_DJ_Hell,_Marco_Carola_@_Omen_Closing_Weekend,_Frankfurt",Marco Carola [~4:45:00],3,???,Adam Beyer & Marco Carola,Drumcode 16 (B1) [Drumcode - 16],Adam Beyer & Marco Carola - Drumcode 16 (B1) [Drumcode - 16]
"1998-10-18 - Sven Väth, DJ Hell, Marco Carola @ Omen Closing Weekend, Frankfurt","https://www.mixesdb.com/w/1998-10-18_-_Sven_V%C3%A4th,_DJ_Hell,_Marco_Carola_@_Omen_Closing_Weekend,_Frankfurt",Marco Carola [~4:45:00],4,???,,?,?
"1998-10-18 - Sven Väth, DJ Hell, Marco Carola @ Omen Closing Weekend, Frankfurt","https://www.mixesdb.com/w/1998-10-18_-_Sven_V%C3%A4th,_DJ_Hell,_Marco_Carola_@_Omen_Closing_Weekend,_Frankfurt",Marco Carola [~4:45:00],5,???,,?,?
"1998-10-18 - Sven Väth, DJ Hell, Marco Carola @ Omen Closing Weekend, Frankfurt","https://www.mixesdb.com/w/1998-10-18_-_Sven_V%C3%A4th,_DJ_Hell,_Marco_Carola_@_Omen_Closing_Weekend,_Frankfurt",Marco Carola [~4:45:00],6,???,Steve Bicknell,Lost Recordings (?)[Cosmic 019],Steve Bicknell - Lost Recordings (?)[Cosmic 019]
"1998-10-18 - Sven Väth, DJ Hell, Marco Carola @ Omen Closing Weekend, Frankfurt","https://www.mixesdb.com/w/1998-10-18_-_Sven_V%C3%A4th,_DJ_Hell,_Marco_Carola_@_Omen_Closing_Weekend,_Frankfurt",Marco Carola [~4:45:00],7,???,Maurizio,EP [Cosmic],Maurizio - EP [Cosmic]
"1998-10-18 - Sven Väth, DJ Hell, Marco Carola @ Omen Closing Weekend, Frankfurt","https://www.mixesdb.com/w/1998-10-18_-_Sven_V%C3%A4th,_DJ_Hell,_Marco_Carola_@_Omen_Closing_Weekend,_Frankfurt",Marco Carola [~4:45:00],8,???,,?,?
"1998-10-18 - Sven Väth, DJ Hell, Marco Carola @ Omen Closing Weekend, Frankfurt","https://www.mixesdb.com/w/1998-10-18_-_Sven_V%C3%A4th,_DJ_Hell,_Marco_Carola_@_Omen_Closing_Weekend,_Frankfurt",Marco Carola [~4:45:00],9,???,Marco Carola,Question 02 (B1) [Question 02],Marco Carola - Question 02 (B1) [Question 02]
"1998-10-18 - Sven Väth, DJ Hell, Marco Carola @ Omen Closing Weekend, Frankfurt","https://www.mixesdb.com/w/1998-10-18_-_Sven_V%C3%A4th,_DJ_Hell,_Marco_Carola_@_Omen_Closing_Weekend,_Frankfurt",Marco Carola [~4:45:00],10,???,,?,?
"1998-10-18 - Sven Väth, DJ Hell, Marco Carola @ Omen Closing Weekend, Frankfurt","https://www.mixesdb.com/w/1998-10-18_-_Sven_V%C3%A4th,_DJ_Hell,_Marco_Carola_@_Omen_Closing_Weekend,_Frankfurt",Marco Carola [~4:45:00],11,???,,?,?
"1998-10-18 - Sven Väth, DJ Hell, Marco Carola @ Omen Closing Weekend, Frankfurt","https://www.mixesdb.com/w/1998-10-18_-_Sven_V%C3%A4th,_DJ_Hell,_Marco_Carola_@_Omen_Closing_Weekend,_Frankfurt",Marco Carola [~4:45:00],12,???,,?,?
"1998-10-18 - Sven Väth, DJ Hell, Marco Carola @ Omen Closing Weekend, Frankfurt","https://www.mixesdb.com/w/1998-10-18_-_Sven_V%C3%A4th,_DJ_Hell,_Marco_Carola_@_Omen_Closing_Weekend,_Frankfurt",Marco Carola [~4:45:00],13,???,,?,?
"1998-10-18 - Sven Väth, DJ Hell, Marco Carola @ Omen Closing Weekend, Frankfurt","https://www.mixesdb.com/w/1998-10-18_-_Sven_V%C3%A4th,_DJ_Hell,_Marco_Carola_@_Omen_Closing_Weekend,_Frankfurt",Marco Carola [~4:45:00],14,???,,?,?
"1998-10-18 - Sven Väth, DJ Hell, Marco Carola @ Omen Closing Weekend, Frankfurt","https://www.mixesdb.com/w/1998-10-18_-_Sven_V%C3%A4th,_DJ_Hell,_Marco_Carola_@_Omen_Closing_Weekend,_Frankfurt",Marco Carola [~4:45:00],15,???,,?,?
"1998-10-18 - Sven Väth, DJ Hell, Marco Carola @ Omen Closing Weekend, Frankfurt","https://www.mixesdb.com/w/1998-10-18_-_Sven_V%C3%A4th,_DJ_Hell,_Marco_Carola_@_Omen_Closing_Weekend,_Frankfurt",Marco Carola [~4:45:00],16,???,Marco Carola,Ante Zenit (A2) [Ante Zenit - 01],Marco Carola - Ante Zenit (A2) [Ante Zenit - 01]
"1998-10-18 - Sven Väth, DJ Hell, Marco Carola @ Omen Closing Weekend, Frankfurt","https://www.mixesdb.com/w/1998-10-18_-_Sven_V%C3%A4th,_DJ_Hell,_Marco_Carola_@_Omen_Closing_Weekend,_Frankfurt",Marco Carola [~4:45:00],17,???,,?,?
"1998-10-18 - Sven Väth, DJ Hell, Marco Carola @ Omen Closing Weekend, Frankfurt","https://www.mixesdb.com/w/1998-10-18_-_Sven_V%C3%A4th,_DJ_Hell,_Marco_Carola_@_Omen_Closing_Weekend,_Frankfurt",Marco Carola [~4:45:00],18,???,Ben Sims,Remanipulator [Primate 026],Ben Sims - Remanipulator [Primate 026]
"1998-10-18 - Sven Väth, DJ Hell, Marco Carola @ Omen Closing Weekend, Frankfurt","https://www.mixesdb.com/w/1998-10-18_-_Sven_V%C3%A4th,_DJ_Hell,_Marco_Carola_@_Omen_Closing_Weekend,_Frankfurt",Marco Carola [~4:45:00],19,???,Orlando Voorn Pres. Fix,Flash (Savas Pascalidis Remix) [Gigolo 72],Orlando Voorn Pres. Fix - Flash (Savas Pascalidis Remix) [Gigolo 72]
"1998-10-18 - Sven Väth, DJ Hell, Marco Carola @ Omen Closing Weekend, Frankfurt","https://www.mixesdb.com/w/1998-10-18_-_Sven_V%C3%A4th,_DJ_Hell,_Marco_Carola_@_Omen_Closing_Weekend,_Frankfurt",Marco Carola [~4:45:00],20,???,,?,?
"1998-10-18 - Sven Väth, DJ Hell, Marco Carola @ Omen Closing Weekend, Frankfurt","https://www.mixesdb.com/w/1998-10-18_-_Sven_V%C3%A4th,_DJ_Hell,_Marco_Carola_@_Omen_Closing_Weekend,_Frankfurt",Marco Carola [~4:45:00],21,???,The Subjective,Comin Thru [Rotation 98015],The Subjective - Comin Thru [Rotation 98015]
"1998-10-18 - Sven Väth, DJ Hell, Marco Carola @ Omen Closing Weekend, Frankfurt","https://www.mixesdb.com/w/1998-10-18_-_Sven_V%C3%A4th,_DJ_Hell,_Marco_Carola_@_Omen_Closing_Weekend,_Frankfurt",Marco Carola [~4:45:00],22,???,C & G South System,Dual (B1) [Conform - CNFR 03],C & G South System - Dual (B1) [Conform - CNFR 03]
"1998-10-18 - Sven Väth, DJ Hell, Marco Carola @ Omen Closing Weekend, Frankfurt","https://www.mixesdb.com/w/1998-10-18_-_Sven_V%C3%A4th,_DJ_Hell,_Marco_Carola_@_Omen_Closing_Weekend,_Frankfurt",Marco Carola [~4:45:00],23,???,Locomotive,Beginning (A1) [Tritone 3T010],Locomotive - Beginning (A1) [Tritone 3T010]
"1998-10-18 - Sven Väth, DJ Hell, Marco Carola @ Omen Closing Weekend, Frankfurt","https://www.mixesdb.com/w/1998-10-18_-_Sven_V%C3%A4th,_DJ_Hell,_Marco_Carola_@_Omen_Closing_Weekend,_Frankfurt",Marco Carola [~4:45:00],24,???,Marco Carola,Fokus Track 08 [Zenit - 01],Marco Carola - Fokus Track 08 [Zenit - 01]
"1998-10-18 - Sven Väth, DJ Hell, Marco Carola @ Omen Closing Weekend, Frankfurt","https://www.mixesdb.com/w/1998-10-18_-_Sven_V%C3%A4th,_DJ_Hell,_Marco_Carola_@_Omen_Closing_Weekend,_Frankfurt",Marco Carola [~4:45:00],25,???,,?,?
"1998-10-18 - Sven Väth, DJ Hell, Marco Carola @ Omen Closing Weekend, Frankfurt","https://www.mixesdb.com/w/1998-10-18_-_Sven_V%C3%A4th,_DJ_Hell,_Marco_Carola_@_Omen_Closing_Weekend,_Frankfurt",Marco Carola [~4:45:00],26,???,Marco Carola,Vol.2 (?)[Quest 002],Marco Carola - Vol.2 (?)[Quest 002]
"1998-10-18 - Sven Väth, DJ Hell, Marco Carola @ Omen Closing Weekend, Frankfurt","https://www.mixesdb.com/w/1998-10-18_-_Sven_V%C3%A4th,_DJ_Hell,_Marco_Carola_@_Omen_Closing_Weekend,_Frankfurt",Marco Carola [~4:45:00],27,???,,?,?
"1998-10-18 - Sven Väth, DJ Hell, Marco Carola @ Omen Closing Weekend, Frankfurt","https://www.mixesdb.com/w/1998-10-18_-_Sven_V%C3%A4th,_DJ_Hell,_Marco_Carola_@_Omen_Closing_Weekend,_Frankfurt",Marco Carola [~4:45:00],28,???,,?,?
"1998-10-18 - Sven Väth, DJ Hell, Marco Carola @ Omen Closing Weekend, Frankfurt","https://www.mixesdb.com/w/1998-10-18_-_Sven_V%C3%A4th,_DJ_Hell,_Marco_Carola_@_Omen_Closing_Weekend,_Frankfurt",Marco Carola [~4:45:00],29,???,,?,?
"1998-10-18 - Sven Väth, DJ Hell, Marco Carola @ Omen Closing Weekend, Frankfurt","https://www.mixesdb.com/w/1998-10-18_-_Sven_V%C3%A4th,_DJ_Hell,_Marco_Carola_@_Omen_Closing_Weekend,_Frankfurt",Marco Carola [~4:45:00],30,???,,?,?
"1998-10-18 - Sven Väth, DJ Hell, Marco Carola @ Omen Closing Weekend, Frankfurt","https://www.mixesdb.com/w/1998-10-18_-_Sven_V%C3%A4th,_DJ_Hell,_Marco_Carola_@_Omen_Closing_Weekend,_Frankfurt",Marco Carola [~4:45:00],31,???,,?,?
"1998-10-18 - Sven Väth, DJ Hell, Marco Carola @ Omen Closing Weekend, Frankfurt","https://www.mixesdb.com/w/1998-10-18_-_Sven_V%C3%A4th,_DJ_Hell,_Marco_Carola_@_Omen_Closing_Weekend,_Frankfurt",Marco Carola [~4:45:00],32,???,Marco Carola,Ante Zenit (B2) [Ante Zenit - 01],Marco Carola - Ante Zenit (B2) [Ante Zenit - 01]
"1998-10-18 - Sven Väth, DJ Hell, Marco Carola @ Omen Closing Weekend, Frankfurt","https://www.mixesdb.com/w/1998-10-18_-_Sven_V%C3%A4th,_DJ_Hell,_Marco_Carola_@_Omen_Closing_Weekend,_Frankfurt",Marco Carola [~4:45:00],33,???,,?,?
"1998-10-18 - Sven Väth, DJ Hell, Marco Carola @ Omen Closing Weekend, Frankfurt","https://www.mixesdb.com/w/1998-10-18_-_Sven_V%C3%A4th,_DJ_Hell,_Marco_Carola_@_Omen_Closing_Weekend,_Frankfurt",Marco Carola [~4:45:00],34,???,,?,?
"1998-10-18 - Sven Väth, DJ Hell, Marco Carola @ Omen Closing Weekend, Frankfurt","https://www.mixesdb.com/w/1998-10-18_-_Sven_V%C3%A4th,_DJ_Hell,_Marco_Carola_@_Omen_Closing_Weekend,_Frankfurt",Marco Carola [~4:45:00],35,???,,?,?
"1998-10-18 - Sven Väth, DJ Hell, Marco Carola @ Omen Closing Weekend, Frankfurt","https://www.mixesdb.com/w/1998-10-18_-_Sven_V%C3%A4th,_DJ_Hell,_Marco_Carola_@_Omen_Closing_Weekend,_Frankfurt",Marco Carola [~4:45:00],36,???,The Advent,Mega Ton Bomb [Tortured - PAIN 012],The Advent - Mega Ton Bomb [Tortured - PAIN 012]
"1998-10-18 - Sven Väth, DJ Hell, Marco Carola @ Omen Closing Weekend, Frankfurt","https://www.mixesdb.com/w/1998-10-18_-_Sven_V%C3%A4th,_DJ_Hell,_Marco_Carola_@_Omen_Closing_Weekend,_Frankfurt",Marco Carola [~4:45:00],37,419,Surgeon,Magneze [Downwards 12'],Surgeon - Magneze [Downwards 12']
"1998-10-18 - Sven Väth, DJ Hell, Marco Carola @ Omen Closing Weekend, Frankfurt","https://www.mixesdb.com/w/1998-10-18_-_Sven_V%C3%A4th,_DJ_Hell,_Marco_Carola_@_Omen_Closing_Weekend,_Frankfurt",Marco Carola [~4:45:00],38,4??,Marco Carola,Compressed [One Thousand 1002],Marco Carola - Compressed [One Thousand 1002]
"1998-10-18 - Sven Väth, DJ Hell, Marco Carola @ Omen Closing Weekend, Frankfurt","https://www.mixesdb.com/w/1998-10-18_-_Sven_V%C3%A4th,_DJ_Hell,_Marco_Carola_@_Omen_Closing_Weekend,_Frankfurt",Marco Carola [~4:45:00],39,4??,DJ Shufflemaster & Cari Lekebusch,Extended Playtime [Subvoice - SUBV 16],DJ Shufflemaster & Cari Lekebusch - Extended Playtime [Subvoice - SUBV 16]
"1998-10-18 - Sven Väth, DJ Hell, Marco Carola @ Omen Closing Weekend, Frankfurt","https://www.mixesdb.com/w/1998-10-18_-_Sven_V%C3%A4th,_DJ_Hell,_Marco_Carola_@_Omen_Closing_Weekend,_Frankfurt",Marco Carola [~4:45:00],40,4??,,?,?
"1998-10-18 - Sven Väth, DJ Hell, Marco Carola @ Omen Closing Weekend, Frankfurt","https://www.mixesdb.com/w/1998-10-18_-_Sven_V%C3%A4th,_DJ_Hell,_Marco_Carola_@_Omen_Closing_Weekend,_Frankfurt",Marco Carola [~4:45:00],41,4??,,?,?
"1998-10-18 - Sven Väth, DJ Hell, Marco Carola @ Omen Closing Weekend, Frankfurt","https://www.mixesdb.com/w/1998-10-18_-_Sven_V%C3%A4th,_DJ_Hell,_Marco_Carola_@_Omen_Closing_Weekend,_Frankfurt",Marco Carola [~4:45:00],42,434,C & G Southsystem,A1 [Drumcode 011],C & G Southsystem - A1 [Drumcode 011]
"1998-10-18 - Sven Väth, DJ Hell, Marco Carola @ Omen Closing Weekend, Frankfurt","https://www.mixesdb.com/w/1998-10-18_-_Sven_V%C3%A4th,_DJ_Hell,_Marco_Carola_@_Omen_Closing_Weekend,_Frankfurt",Marco Carola [~4:45:00],43,438,Inner Sound,Out Cast [Conform 004],Inner Sound - Out Cast [Conform 004]
"1998-10-18 - Sven Väth, DJ Hell, Marco Carola @ Omen Closing Weekend, Frankfurt","https://www.mixesdb.com/w/1998-10-18_-_Sven_V%C3%A4th,_DJ_Hell,_Marco_Carola_@_Omen_Closing_Weekend,_Frankfurt",Marco Carola [~4:45:00],44,443,,Voodooamt Feat. 010] Lokalist [Frisbee,Voodooamt Feat. 010] Lokalist [Frisbee
"1998-10-18 - Sven Väth, DJ Hell, Marco Carola @ Omen Closing Weekend, Frankfurt","https://www.mixesdb.com/w/1998-10-18_-_Sven_V%C3%A4th,_DJ_Hell,_Marco_Carola_@_Omen_Closing_Weekend,_Frankfurt",Marco Carola [~4:45:00],45,4??,,?,?
"1998-10-18 - Sven Väth, DJ Hell, Marco Carola @ Omen Closing Weekend, Frankfurt","https://www.mixesdb.com/w/1998-10-18_-_Sven_V%C3%A4th,_DJ_Hell,_Marco_Carola_@_Omen_Closing_Weekend,_Frankfurt",Marco Carola [~4:45:00],46,4??,TBM,Hypnotisamus (Marco Carola Remix) [Kobayashi 06],TBM - Hypnotisamus (Marco Carola Remix) [Kobayashi 06]
"1998-10-18 - Sven Väth, DJ Hell, Marco Carola @ Omen Closing Weekend, Frankfurt","https://www.mixesdb.com/w/1998-10-18_-_Sven_V%C3%A4th,_DJ_Hell,_Marco_Carola_@_Omen_Closing_Weekend,_Frankfurt",Sven Väth [~7:35:00],1,4??,The Advent,Warhead [Tortured - PAIN 012],The Advent - Warhead [Tortured - PAIN 012]
"1998-10-18 - Sven Väth, DJ Hell, Marco Carola @ Omen Closing Weekend, Frankfurt","https://www.mixesdb.com/w/1998-10-18_-_Sven_V%C3%A4th,_DJ_Hell,_Marco_Carola_@_Omen_Closing_Weekend,_Frankfurt",Sven Väth [~7:35:00],2,4??,Shift Control,On The Move [Design 003],Shift Control - On The Move [Design 003]
"1998-10-18 - Sven Väth, DJ Hell, Marco Carola @ Omen Closing Weekend, Frankfurt","https://www.mixesdb.com/w/1998-10-18_-_Sven_V%C3%A4th,_DJ_Hell,_Marco_Carola_@_Omen_Closing_Weekend,_Frankfurt",Sven Väth [~7:35:00],3,4??,Mr. James Barth,Stealin' Music [Svek - LP01],Mr. James Barth - Stealin' Music [Svek - LP01]
"1998-10-18 - Sven Väth, DJ Hell, Marco Carola @ Omen Closing Weekend, Frankfurt","https://www.mixesdb.com/w/1998-10-18_-_Sven_V%C3%A4th,_DJ_Hell,_Marco_Carola_@_Omen_Closing_Weekend,_Frankfurt",Sven Väth [~7:35:00],4,471,Thomas P. Heckmann,Ton Steine Scherben 2 [Force - FIM-153],Thomas P. Heckmann - Ton Steine Scherben 2 [Force - FIM-153]
"1998-10-18 - Sven Väth, DJ Hell, Marco Carola @ Omen Closing Weekend, Frankfurt","https://www.mixesdb.com/w/1998-10-18_-_Sven_V%C3%A4th,_DJ_Hell,_Marco_Carola_@_Omen_Closing_Weekend,_Frankfurt",Sven Väth [~7:35:00],5,475,Emmanuel Top,Turkish Bazar (Thomas P. Heckmann Remix) [Attack - ATT-V-94 002],Emmanuel Top - Turkish Bazar (Thomas P. Heckmann Remix) [Attack - ATT-V-94 002]
"1998-10-18 - Sven Väth, DJ Hell, Marco Carola @ Omen Closing Weekend, Frankfurt","https://www.mixesdb.com/w/1998-10-18_-_Sven_V%C3%A4th,_DJ_Hell,_Marco_Carola_@_Omen_Closing_Weekend,_Frankfurt",Sven Väth [~7:35:00],6,480,Hardfloor Feat. Phuture 303,Hardfloor Will Survive [Harthouse 1 / 6],Hardfloor Feat. Phuture 303 - Hardfloor Will Survive [Harthouse 1 / 6]
"1998-10-18 - Sven Väth, DJ Hell, Marco Carola @ Omen Closing Weekend, Frankfurt","https://www.mixesdb.com/w/1998-10-18_-_Sven_V%C3%A4th,_DJ_Hell,_Marco_Carola_@_Omen_Closing_Weekend,_Frankfurt",Sven Väth [~7:35:00],7,486,Thomas P. Heckmann,Welt In Scherben I [Force - FIM 153],Thomas P. Heckmann - Welt In Scherben I [Force - FIM 153]
"1998-10-18 - Sven Väth, DJ Hell, Marco Carola @ Omen Closing Weekend, Frankfurt","https://www.mixesdb.com/w/1998-10-18_-_Sven_V%C3%A4th,_DJ_Hell,_Marco_Carola_@_Omen_Closing_Weekend,_Frankfurt",Sven Väth [~7:35:00],8,493,Hardfloor,Fish & Chips [Harthouse - HH050],Hardfloor - Fish & Chips [Harthouse - HH050]
"1998-10-18 - Sven Väth, DJ Hell, Marco Carola @ Omen Closing Weekend, Frankfurt","https://www.mixesdb.com/w/1998-10-18_-_Sven_V%C3%A4th,_DJ_Hell,_Marco_Carola_@_Omen_Closing_Weekend,_Frankfurt",Sven Väth [~7:35:00],9,500,DOM,Fackeln Im Sturm [Harvest - P 519 964],DOM - Fackeln Im Sturm [Harvest - P 519 964]
"1998-10-18 - Sven Väth, DJ Hell, Marco Carola @ Omen Closing Weekend, Frankfurt","https://www.mixesdb.com/w/1998-10-18_-_Sven_V%C3%A4th,_DJ_Hell,_Marco_Carola_@_Omen_Closing_Weekend,_Frankfurt",Sven Väth [~7:35:00],10,504,Themis,Your Round [Ideal Trax - IDEAL T11],Themis - Your Round [Ideal Trax - IDEAL T11]
"1998-10-18 - Sven Väth, DJ Hell, Marco Carola @ Omen Closing Weekend, Frankfurt","https://www.mixesdb.com/w/1998-10-18_-_Sven_V%C3%A4th,_DJ_Hell,_Marco_Carola_@_Omen_Closing_Weekend,_Frankfurt",Sven Väth [~7:35:00],11,5??,Sense,Volume 3 [Sense - SES 004],Sense - Volume 3 [Sense - SES 004]
"1998-10-18 - Sven Väth, DJ Hell, Marco Carola @ Omen Closing Weekend, Frankfurt","https://www.mixesdb.com/w/1998-10-18_-_Sven_V%C3%A4th,_DJ_Hell,_Marco_Carola_@_Omen_Closing_Weekend,_Frankfurt",Sven Väth [~7:35:00],12,519,Forever Sweet,Kämpfer Und Tänzer [Ladomat 2071],Forever Sweet - Kämpfer Und Tänzer [Ladomat 2071]
"1998-10-18 - Sven Väth, DJ Hell, Marco Carola @ Omen Closing Weekend, Frankfurt","https://www.mixesdb.com/w/1998-10-18_-_Sven_V%C3%A4th,_DJ_Hell,_Marco_Carola_@_Omen_Closing_Weekend,_Frankfurt",Sven Väth [~7:35:00],13,527,Sutekh,Dirty Needles [Dropbeat - SPL 07],Sutekh - Dirty Needles [Dropbeat - SPL 07]
"1998-10-18 - Sven Väth, DJ Hell, Marco Carola @ Omen Closing Weekend, Frankfurt","https://www.mixesdb.com/w/1998-10-18_-_Sven_V%C3%A4th,_DJ_Hell,_Marco_Carola_@_Omen_Closing_Weekend,_Frankfurt",Sven Väth [~7:35:00],14,531,E-Dancer,Velocity Funk [KMS 061],E-Dancer - Velocity Funk [KMS 061]
"1998-10-18 - Sven Väth, DJ Hell, Marco Carola @ Omen Closing Weekend, Frankfurt","https://www.mixesdb.com/w/1998-10-18_-_Sven_V%C3%A4th,_DJ_Hell,_Marco_Carola_@_Omen_Closing_Weekend,_Frankfurt",Sven Väth [~7:35:00],15,534,Luke Slater,Class Action [Mute - 12NoMu62],Luke Slater - Class Action [Mute - 12NoMu62]
"1998-10-18 - Sven Väth, DJ Hell, Marco Carola @ Omen Closing Weekend, Frankfurt","https://www.mixesdb.com/w/1998-10-18_-_Sven_V%C3%A4th,_DJ_Hell,_Marco_Carola_@_Omen_Closing_Weekend,_Frankfurt",Sven Väth [~7:35:00],16,5??,A2L,Tripman (Age Welt In Scherben Remix) [Force - FIM 152],A2L - Tripman (Age Welt In Scherben Remix) [Force - FIM 152]
"1998-10-18 - Sven Väth, DJ Hell, Marco Carola @ Omen Closing Weekend, Frankfurt","https://www.mixesdb.com/w/1998-10-18_-_Sven_V%C3%A4th,_DJ_Hell,_Marco_Carola_@_Omen_Closing_Weekend,_Frankfurt",Sven Väth [~7:35:00],17,5??,Marco Carola,Question 02 (B1) [Question 02],Marco Carola - Question 02 (B1) [Question 02]
"1998-10-18 - Sven Väth, DJ Hell, Marco Carola @ Omen Closing Weekend, Frankfurt","https://www.mixesdb.com/w/1998-10-18_-_Sven_V%C3%A4th,_DJ_Hell,_Marco_Carola_@_Omen_Closing_Weekend,_Frankfurt",Sven Väth [~7:35:00],18,5??,Adam Beyer & Marco Carola,Drumcode 16 (B1) [Drumcode 16],Adam Beyer & Marco Carola - Drumcode 16 (B1) [Drumcode 16]
"1998-10-18 - Sven Väth, DJ Hell, Marco Carola @ Omen Closing Weekend, Frankfurt","https://www.mixesdb.com/w/1998-10-18_-_Sven_V%C3%A4th,_DJ_Hell,_Marco_Carola_@_Omen_Closing_Weekend,_Frankfurt",Sven Väth [~7:35:00],19,557,Slam,Stepback [Soma 21],Slam - Stepback [Soma 21]
"1998-10-18 - Sven Väth, DJ Hell, Marco Carola @ Omen Closing Weekend, Frankfurt","https://www.mixesdb.com/w/1998-10-18_-_Sven_V%C3%A4th,_DJ_Hell,_Marco_Carola_@_Omen_Closing_Weekend,_Frankfurt",Sven Väth [~7:35:00],20,562,Richard Bartz,Subway (B1) [Kanzleramt 022],Richard Bartz - Subway (B1) [Kanzleramt 022]
"1998-10-18 - Sven Väth, DJ Hell, Marco Carola @ Omen Closing Weekend, Frankfurt","https://www.mixesdb.com/w/1998-10-18_-_Sven_V%C3%A4th,_DJ_Hell,_Marco_Carola_@_Omen_Closing_Weekend,_Frankfurt",Sven Väth [~7:35:00],21,5??,Dr. Motte Feat. 3Phase,Der Klang Der Familie [Tresor 32],Dr. Motte Feat. 3Phase - Der Klang Der Familie [Tresor 32]
"1998-10-18 - Sven Väth, DJ Hell, Marco Carola @ Omen Closing Weekend, Frankfurt","https://www.mixesdb.com/w/1998-10-18_-_Sven_V%C3%A4th,_DJ_Hell,_Marco_Carola_@_Omen_Closing_Weekend,_Frankfurt",Sven Väth [~7:35:00],22,5??,Jeff Mills,Cubango [Purpose Maker 004],Jeff Mills - Cubango [Purpose Maker 004]
"1998-10-18 - Sven Väth, DJ Hell, Marco Carola @ Omen Closing Weekend, Frankfurt","https://www.mixesdb.com/w/1998-10-18_-_Sven_V%C3%A4th,_DJ_Hell,_Marco_Carola_@_Omen_Closing_Weekend,_Frankfurt",Sven Väth [~7:35:00],23,5??,Chris Liebing,Retro Raver [Fine - Audio 11],Chris Liebing - Retro Raver [Fine - Audio 11]
"1998-10-18 - Sven Väth, DJ Hell, Marco Carola @ Omen Closing Weekend, Frankfurt","https://www.mixesdb.com/w/1998-10-18_-_Sven_V%C3%A4th,_DJ_Hell,_Marco_Carola_@_Omen_Closing_Weekend,_Frankfurt",Sven Väth [~7:35:00],24,584,Percy X,Track 2 [Soma Quality - 63],Percy X - Track 2 [Soma Quality - 63]
"1998-10-18 - Sven Väth, DJ Hell, Marco Carola @ Omen Closing Weekend, Frankfurt","https://www.mixesdb.com/w/1998-10-18_-_Sven_V%C3%A4th,_DJ_Hell,_Marco_Carola_@_Omen_Closing_Weekend,_Frankfurt",Sven Väth [~7:35:00],25,589,Cari Lekebusch vs Adam Beyer,Split V3 [Drumcode - DC 15],Cari Lekebusch vs Adam Beyer - Split V3 [Drumcode - DC 15]
"1998-10-18 - Sven Väth, DJ Hell, Marco Carola @ Omen Closing Weekend, Frankfurt","https://www.mixesdb.com/w/1998-10-18_-_Sven_V%C3%A4th,_DJ_Hell,_Marco_Carola_@_Omen_Closing_Weekend,_Frankfurt",Sven Väth [~7:35:00],26,???,Chris Liebing,Dandu Groove (Andrew Richley Remix) [Fine - AUDIO 007R],Chris Liebing - Dandu Groove (Andrew Richley Remix) [Fine - AUDIO 007R]
"1998-10-18 - Sven Väth, DJ Hell, Marco Carola @ Omen Closing Weekend, Frankfurt","https://www.mixesdb.com/w/1998-10-18_-_Sven_V%C3%A4th,_DJ_Hell,_Marco_Carola_@_Omen_Closing_Weekend,_Frankfurt",Sven Väth [~7:35:00],27,???,Damon Wild,Into Battle [Synewave],Damon Wild - Into Battle [Synewave]
"1998-10-18 - Sven Väth, DJ Hell, Marco Carola @ Omen Closing Weekend, Frankfurt","https://www.mixesdb.com/w/1998-10-18_-_Sven_V%C3%A4th,_DJ_Hell,_Marco_Carola_@_Omen_Closing_Weekend,_Frankfurt",Sven Väth [~7:35:00],28,???,Ben Sims,Retrovert (Claude Young Remix) [Theory 01],Ben Sims - Retrovert (Claude Young Remix) [Theory 01]
"1998-10-18 - Sven Väth, DJ Hell, Marco Carola @ Omen Closing Weekend, Frankfurt","https://www.mixesdb.com/w/1998-10-18_-_Sven_V%C3%A4th,_DJ_Hell,_Marco_Carola_@_Omen_Closing_Weekend,_Frankfurt",Sven Väth [~7:35:00],29,6??,Puento Latino,Takes U There [Primevil],Puento Latino - Takes U There [Primevil]
"1998-10-18 - Sven Väth, DJ Hell, Marco Carola @ Omen Closing Weekend, Frankfurt","https://www.mixesdb.com/w/1998-10-18_-_Sven_V%C3%A4th,_DJ_Hell,_Marco_Carola_@_Omen_Closing_Weekend,_Frankfurt",Sven Väth [~7:35:00],30,614,Vernon,Wonderer [Eye Q 002],Vernon - Wonderer [Eye Q 002]
"1998-10-18 - Sven Väth, DJ Hell, Marco Carola @ Omen Closing Weekend, Frankfurt","https://www.mixesdb.com/w/1998-10-18_-_Sven_V%C3%A4th,_DJ_Hell,_Marco_Carola_@_Omen_Closing_Weekend,_Frankfurt",Sven Väth [~7:35:00],31,620,Jones & Stephenson,The First Rebirth [Bonzai 93034],Jones & Stephenson - The First Rebirth [Bonzai 93034]
"1998-10-18 - Sven Väth, DJ Hell, Marco Carola @ Omen Closing Weekend, Frankfurt","https://www.mixesdb.com/w/1998-10-18_-_Sven_V%C3%A4th,_DJ_Hell,_Marco_Carola_@_Omen_Closing_Weekend,_Frankfurt",Sven Väth [~7:35:00],32,625,Ramirez,La Musica Tremenda,Ramirez - La Musica Tremenda
"1998-10-18 - Sven Väth, DJ Hell, Marco Carola @ Omen Closing Weekend, Frankfurt","https://www.mixesdb.com/w/1998-10-18_-_Sven_V%C3%A4th,_DJ_Hell,_Marco_Carola_@_Omen_Closing_Weekend,_Frankfurt",Sven Väth [~7:35:00],33,631,Black Labs,Space Bar [Trope 012],Black Labs - Space Bar [Trope 012]
"1998-10-18 - Sven Väth, DJ Hell, Marco Carola @ Omen Closing Weekend, Frankfurt","https://www.mixesdb.com/w/1998-10-18_-_Sven_V%C3%A4th,_DJ_Hell,_Marco_Carola_@_Omen_Closing_Weekend,_Frankfurt",Sven Väth [~7:35:00],34,641,Tata Box Inhibitors,Plasmids (Placid Mix) [Touché - TOU 9404],Tata Box Inhibitors - Plasmids (Placid Mix) [Touché - TOU 9404]
"1998-10-18 - Sven Väth, DJ Hell, Marco Carola @ Omen Closing Weekend, Frankfurt","https://www.mixesdb.com/w/1998-10-18_-_Sven_V%C3%A4th,_DJ_Hell,_Marco_Carola_@_Omen_Closing_Weekend,_Frankfurt",Sven Väth [~7:35:00],35,646,Thomas Bangalter,Ventura [Roulé - 301],Thomas Bangalter - Ventura [Roulé - 301]
"1998-10-18 - Sven Väth, DJ Hell, Marco Carola @ Omen Closing Weekend, Frankfurt","https://www.mixesdb.com/w/1998-10-18_-_Sven_V%C3%A4th,_DJ_Hell,_Marco_Carola_@_Omen_Closing_Weekend,_Frankfurt",Sven Väth [~7:35:00],36,651,Luke Slater,Moave Violin [Peacefrog],Luke Slater - Moave Violin [Peacefrog]
"1998-10-18 - Sven Väth, DJ Hell, Marco Carola @ Omen Closing Weekend, Frankfurt","https://www.mixesdb.com/w/1998-10-18_-_Sven_V%C3%A4th,_DJ_Hell,_Marco_Carola_@_Omen_Closing_Weekend,_Frankfurt",Sven Väth [~7:35:00],37,6??,Earth Nation,Alienated [Eye Q],Earth Nation - Alienated [Eye Q]
"1998-10-18 - Sven Väth, DJ Hell, Marco Carola @ Omen Closing Weekend, Frankfurt","https://www.mixesdb.com/w/1998-10-18_-_Sven_V%C3%A4th,_DJ_Hell,_Marco_Carola_@_Omen_Closing_Weekend,_Frankfurt",Sven Väth [~7:35:00],38,6??,Underworld,Moaner [Warner],Underworld - Moaner [Warner]
"1998-10-18 - Sven Väth, DJ Hell, Marco Carola @ Omen Closing Weekend, Frankfurt","https://www.mixesdb.com/w/1998-10-18_-_Sven_V%C3%A4th,_DJ_Hell,_Marco_Carola_@_Omen_Closing_Weekend,_Frankfurt",Sven Väth [~7:35:00],39,6??,Adam Beyer,Compressed (Thomas Krome Remix) [Planet Rhythm - UK LP 01],Adam Beyer - Compressed (Thomas Krome Remix) [Planet Rhythm - UK LP 01]
"1998-10-18 - Sven Väth, DJ Hell, Marco Carola @ Omen Closing Weekend, Frankfurt","https://www.mixesdb.com/w/1998-10-18_-_Sven_V%C3%A4th,_DJ_Hell,_Marco_Carola_@_Omen_Closing_Weekend,_Frankfurt",Sven Väth [~7:35:00],40,6??,TBM,Hypnotisamus (Marco Carola Remix) [Kobayashi 06],TBM - Hypnotisamus (Marco Carola Remix) [Kobayashi 06]
"1998-10-18 - Sven Väth, DJ Hell, Marco Carola @ Omen Closing Weekend, Frankfurt","https://www.mixesdb.com/w/1998-10-18_-_Sven_V%C3%A4th,_DJ_Hell,_Marco_Carola_@_Omen_Closing_Weekend,_Frankfurt",Sven Väth [~7:35:00],41,6??,Marchetto & Scheurer,Fuzzy Beats [Nova Zembla - NZ 103],Marchetto & Scheurer - Fuzzy Beats [Nova Zembla - NZ 103]
"1998-10-18 - Sven Väth, DJ Hell, Marco Carola @ Omen Closing Weekend, Frankfurt","https://www.mixesdb.com/w/1998-10-18_-_Sven_V%C3%A4th,_DJ_Hell,_Marco_Carola_@_Omen_Closing_Weekend,_Frankfurt",Sven Väth [~7:35:00],42,6??,Anorak,150 [Absense LP 02],Anorak - 150 [Absense LP 02]
"1998-10-18 - Sven Väth, DJ Hell, Marco Carola @ Omen Closing Weekend, Frankfurt","https://www.mixesdb.com/w/1998-10-18_-_Sven_V%C3%A4th,_DJ_Hell,_Marco_Carola_@_Omen_Closing_Weekend,_Frankfurt",Sven Väth [~7:35:00],43,6??,Bandulu,Running Time,Bandulu - Running Time
"1998-10-18 - Sven Väth, DJ Hell, Marco Carola @ Omen Closing Weekend, Frankfurt","https://www.mixesdb.com/w/1998-10-18_-_Sven_V%C3%A4th,_DJ_Hell,_Marco_Carola_@_Omen_Closing_Weekend,_Frankfurt",Sven Väth [~7:35:00],44,695,Bandulu,Isn't It Time [Foundation Sound Works 005],Bandulu - Isn't It Time [Foundation Sound Works 005]
"1998-10-18 - Sven Väth, DJ Hell, Marco Carola @ Omen Closing Weekend, Frankfurt","https://www.mixesdb.com/w/1998-10-18_-_Sven_V%C3%A4th,_DJ_Hell,_Marco_Carola_@_Omen_Closing_Weekend,_Frankfurt",Sven Väth [~7:35:00],45,701,Basic Implant,Drumless Days [Touch Tone - 07],Basic Implant - Drumless Days [Touch Tone - 07]
"1998-10-18 - Sven Väth, DJ Hell, Marco Carola @ Omen Closing Weekend, Frankfurt","https://www.mixesdb.com/w/1998-10-18_-_Sven_V%C3%A4th,_DJ_Hell,_Marco_Carola_@_Omen_Closing_Weekend,_Frankfurt",Sven Väth [~7:35:00],46,707,Mr. James Barth,Pay Me In Love [Svek LP 01],Mr. James Barth - Pay Me In Love [Svek LP 01]
"1998-10-18 - Sven Väth, DJ Hell, Marco Carola @ Omen Closing Weekend, Frankfurt","https://www.mixesdb.com/w/1998-10-18_-_Sven_V%C3%A4th,_DJ_Hell,_Marco_Carola_@_Omen_Closing_Weekend,_Frankfurt",Sven Väth [~7:35:00],47,711,Nagen & Saugen,Deep Throat [Hörspielmusik - HSM07],Nagen & Saugen - Deep Throat [Hörspielmusik - HSM07]
"1998-10-18 - Sven Väth, DJ Hell, Marco Carola @ Omen Closing Weekend, Frankfurt","https://www.mixesdb.com/w/1998-10-18_-_Sven_V%C3%A4th,_DJ_Hell,_Marco_Carola_@_Omen_Closing_Weekend,_Frankfurt",Sven Väth [~7:35:00],48,716,Jeff Mills,The Bells [Purpose Maker PM 002],Jeff Mills - The Bells [Purpose Maker PM 002]
"1998-10-18 - Sven Väth, DJ Hell, Marco Carola @ Omen Closing Weekend, Frankfurt","https://www.mixesdb.com/w/1998-10-18_-_Sven_V%C3%A4th,_DJ_Hell,_Marco_Carola_@_Omen_Closing_Weekend,_Frankfurt",Sven Väth [~7:35:00],49,721,The Advent,Bad Boy [Iternal],The Advent - Bad Boy [Iternal]
"1998-10-18 - Sven Väth, DJ Hell, Marco Carola @ Omen Closing Weekend, Frankfurt","https://www.mixesdb.com/w/1998-10-18_-_Sven_V%C3%A4th,_DJ_Hell,_Marco_Carola_@_Omen_Closing_Weekend,_Frankfurt",Sven Väth [~7:35:00],50,726,Progressive Transe,Power Pact [Trans'Pact - 98],Progressive Transe - Power Pact [Trans'Pact - 98]
"1998-10-18 - Sven Väth, DJ Hell, Marco Carola @ Omen Closing Weekend, Frankfurt","https://www.mixesdb.com/w/1998-10-18_-_Sven_V%C3%A4th,_DJ_Hell,_Marco_Carola_@_Omen_Closing_Weekend,_Frankfurt",Sven Väth [~7:35:00],51,7??,[https://www.juno.co.uk/products/richard-bartz-evolution-revolution/33463-01/ Richard Bartz,Track One [Disko B - db 73]],[https://www.juno.co.uk/products/richard-bartz-evolution-revolution/33463-01/ Richard Bartz - Track One [Disko B - db 73]]
"1998-10-18 - Sven Väth, DJ Hell, Marco Carola @ Omen Closing Weekend, Frankfurt","https://www.mixesdb.com/w/1998-10-18_-_Sven_V%C3%A4th,_DJ_Hell,_Marco_Carola_@_Omen_Closing_Weekend,_Frankfurt",Sven Väth [~7:35:00],52,737,Sven Väth,Ritual Of Life [Eye Q],Sven Väth - Ritual Of Life [Eye Q]
"1998-10-18 - Sven Väth, DJ Hell, Marco Carola @ Omen Closing Weekend, Frankfurt","https://www.mixesdb.com/w/1998-10-18_-_Sven_V%C3%A4th,_DJ_Hell,_Marco_Carola_@_Omen_Closing_Weekend,_Frankfurt",Sven Väth [~7:35:00],53,746,Surgeon,Syllable [Downwards LP 001],Surgeon - Syllable [Downwards LP 001]
"1998-10-18 - Sven Väth, DJ Hell, Marco Carola @ Omen Closing Weekend, Frankfurt","https://www.mixesdb.com/w/1998-10-18_-_Sven_V%C3%A4th,_DJ_Hell,_Marco_Carola_@_Omen_Closing_Weekend,_Frankfurt",Sven Väth [~7:35:00],54,752,Surgeon,Atol [Downwards 01],Surgeon - Atol [Downwards 01]
"1998-10-18 - Sven Väth, DJ Hell, Marco Carola @ Omen Closing Weekend, Frankfurt","https://www.mixesdb.com/w/1998-10-18_-_Sven_V%C3%A4th,_DJ_Hell,_Marco_Carola_@_Omen_Closing_Weekend,_Frankfurt",Sven Väth [~7:35:00],55,756,Love Inc.,How Deep Is Your Love (Love Inc. Mix) [Force Ink 096],Love Inc. - How Deep Is Your Love (Love Inc. Mix) [Force Ink 096]
"1998-10-18 - Sven Väth, DJ Hell, Marco Carola @ Omen Closing Weekend, Frankfurt","https://www.mixesdb.com/w/1998-10-18_-_Sven_V%C3%A4th,_DJ_Hell,_Marco_Carola_@_Omen_Closing_Weekend,_Frankfurt",Sven Väth [~7:35:00],56,766,Sensurreal,Scoff [BMU 13],Sensurreal - Scoff [BMU 13]
"1998-10-18 - Sven Väth, DJ Hell, Marco Carola @ Omen Closing Weekend, Frankfurt","https://www.mixesdb.com/w/1998-10-18_-_Sven_V%C3%A4th,_DJ_Hell,_Marco_Carola_@_Omen_Closing_Weekend,_Frankfurt",Sven Väth [~7:35:00],57,770,Murat,The First Visit E.P. (B1) [Method 11:11],Murat - The First Visit E.P. (B1) [Method 11:11]
"1998-10-18 - Sven Väth, DJ Hell, Marco Carola @ Omen Closing Weekend, Frankfurt","https://www.mixesdb.com/w/1998-10-18_-_Sven_V%C3%A4th,_DJ_Hell,_Marco_Carola_@_Omen_Closing_Weekend,_Frankfurt",Sven Väth [~7:35:00],58,77?,Evil C And The Hustler,Superbox [Paparazzi - 01],Evil C And The Hustler - Superbox [Paparazzi - 01]
"1998-10-18 - Sven Väth, DJ Hell, Marco Carola @ Omen Closing Weekend, Frankfurt","https://www.mixesdb.com/w/1998-10-18_-_Sven_V%C3%A4th,_DJ_Hell,_Marco_Carola_@_Omen_Closing_Weekend,_Frankfurt",Sven Väth [~7:35:00],59,782,X-313,Spectra [Generator - 11],X-313 - Spectra [Generator - 11]
"1998-10-18 - Sven Väth, DJ Hell, Marco Carola @ Omen Closing Weekend, Frankfurt","https://www.mixesdb.com/w/1998-10-18_-_Sven_V%C3%A4th,_DJ_Hell,_Marco_Carola_@_Omen_Closing_Weekend,_Frankfurt",Sven Väth [~7:35:00],60,7??,Buckfunk 3000,There Is Life On Mars [Language - WLUR 01],Buckfunk 3000 - There Is Life On Mars [Language - WLUR 01]
"1998-10-18 - Sven Väth, DJ Hell, Marco Carola @ Omen Closing Weekend, Frankfurt","https://www.mixesdb.com/w/1998-10-18_-_Sven_V%C3%A4th,_DJ_Hell,_Marco_Carola_@_Omen_Closing_Weekend,_Frankfurt",Sven Väth [~7:35:00],61,797,David Carretta,Neuropolitiks [International Deejay Gigolo - 18],David Carretta - Neuropolitiks [International Deejay Gigolo - 18]
"1998-10-18 - Sven Väth, DJ Hell, Marco Carola @ Omen Closing Weekend, Frankfurt","https://www.mixesdb.com/w/1998-10-18_-_Sven_V%C3%A4th,_DJ_Hell,_Marco_Carola_@_Omen_Closing_Weekend,_Frankfurt",Sven Väth [~7:35:00],62,???,Alexi Delano & Cari Lekebusch,Color Clash 2 EP [Hybrid - HP 1206],Alexi Delano & Cari Lekebusch - Color Clash 2 EP [Hybrid - HP 1206]
"1998-10-18 - Sven Väth, DJ Hell, Marco Carola @ Omen Closing Weekend, Frankfurt","https://www.mixesdb.com/w/1998-10-18_-_Sven_V%C3%A4th,_DJ_Hell,_Marco_Carola_@_Omen_Closing_Weekend,_Frankfurt",Sven Väth [~7:35:00],63,8??,Puente Latino,"One Hit For 2,35 [Primevil - PRVL 07]","Puente Latino - One Hit For 2,35 [Primevil - PRVL 07]"
"1998-10-18 - Sven Väth, DJ Hell, Marco Carola @ Omen Closing Weekend, Frankfurt","https://www.mixesdb.com/w/1998-10-18_-_Sven_V%C3%A4th,_DJ_Hell,_Marco_Carola_@_Omen_Closing_Weekend,_Frankfurt",Sven Väth [~7:35:00],64,8??,Richie Hawtin,005,Richie Hawtin - 005
"1998-10-18 - Sven Väth, DJ Hell, Marco Carola @ Omen Closing Weekend, Frankfurt","https://www.mixesdb.com/w/1998-10-18_-_Sven_V%C3%A4th,_DJ_Hell,_Marco_Carola_@_Omen_Closing_Weekend,_Frankfurt",Sven Väth [~7:35:00],65,8??,Plastikman,? [Plus 8 - 8068],Plastikman - ? [Plus 8 - 8068]
"1998-10-18 - Sven Väth, DJ Hell, Marco Carola @ Omen Closing Weekend, Frankfurt","https://www.mixesdb.com/w/1998-10-18_-_Sven_V%C3%A4th,_DJ_Hell,_Marco_Carola_@_Omen_Closing_Weekend,_Frankfurt",Sven Väth [~7:35:00],66,806,Two Lone Swordsmen,Circulation [Warp 100 LP],Two Lone Swordsmen - Circulation [Warp 100 LP]
"1998-10-18 - Sven Väth, DJ Hell, Marco Carola @ Omen Closing Weekend, Frankfurt","https://www.mixesdb.com/w/1998-10-18_-_Sven_V%C3%A4th,_DJ_Hell,_Marco_Carola_@_Omen_Closing_Weekend,_Frankfurt",Sven Väth [~7:35:00],67,8??,Christian Morgenstern,Sexy World Pt.1,Christian Morgenstern - Sexy World Pt.1
"1998-10-18 - Sven Väth, DJ Hell, Marco Carola @ Omen Closing Weekend, Frankfurt","https://www.mixesdb.com/w/1998-10-18_-_Sven_V%C3%A4th,_DJ_Hell,_Marco_Carola_@_Omen_Closing_Weekend,_Frankfurt",Sven Väth [~7:35:00],68,8??,Vernon,Vernon's Wonderland [The Future Mix - Eye Q 001]],Vernon - Vernon's Wonderland [The Future Mix - Eye Q 001]]
"1998-10-18 - Sven Väth, DJ Hell, Marco Carola @ Omen Closing Weekend, Frankfurt","https://www.mixesdb.com/w/1998-10-18_-_Sven_V%C3%A4th,_DJ_Hell,_Marco_Carola_@_Omen_Closing_Weekend,_Frankfurt",Sven Väth [~7:35:00],69,826,System 7,Alphawave (Plastikman Acid House Mix) [Big Life],System 7 - Alphawave (Plastikman Acid House Mix) [Big Life]
"1998-10-18 - Sven Väth, DJ Hell, Marco Carola @ Omen Closing Weekend, Frankfurt","https://www.mixesdb.com/w/1998-10-18_-_Sven_V%C3%A4th,_DJ_Hell,_Marco_Carola_@_Omen_Closing_Weekend,_Frankfurt",Sven Väth [~7:35:00],70,8??,Morgan Geist,Pushed (Mark Broom Remix) [Multiplex 024],Morgan Geist - Pushed (Mark Broom Remix) [Multiplex 024]
"1998-10-18 - Sven Väth, DJ Hell, Marco Carola @ Omen Closing Weekend, Frankfurt","https://www.mixesdb.com/w/1998-10-18_-_Sven_V%C3%A4th,_DJ_Hell,_Marco_Carola_@_Omen_Closing_Weekend,_Frankfurt",Sven Väth [~7:35:00],71,8??,Heiko Laux,Tundra Effect [U-Turn - UT04],Heiko Laux - Tundra Effect [U-Turn - UT04]
"1998-10-18 - Sven Väth, DJ Hell, Marco Carola @ Omen Closing Weekend, Frankfurt","https://www.mixesdb.com/w/1998-10-18_-_Sven_V%C3%A4th,_DJ_Hell,_Marco_Carola_@_Omen_Closing_Weekend,_Frankfurt",Sven Väth [~7:35:00],72,848,Vainqueur,Lyot (Maurizio Remix) [Maurizio - M-2],Vainqueur - Lyot (Maurizio Remix) [Maurizio - M-2]
"1998-10-18 - Sven Väth, DJ Hell, Marco Carola @ Omen Closing Weekend, Frankfurt","https://www.mixesdb.com/w/1998-10-18_-_Sven_V%C3%A4th,_DJ_Hell,_Marco_Carola_@_Omen_Closing_Weekend,_Frankfurt",Sven Väth [~7:35:00],73,855,Vinyl Countdown,Animal Republic [NTA 01],Vinyl Countdown - Animal Republic [NTA 01]
"1998-10-18 - Sven Väth, DJ Hell, Marco Carola @ Omen Closing Weekend, Frankfurt","https://www.mixesdb.com/w/1998-10-18_-_Sven_V%C3%A4th,_DJ_Hell,_Marco_Carola_@_Omen_Closing_Weekend,_Frankfurt",Sven Väth [~7:35:00],74,861,Eat Static,Survivors [Planet Dog],Eat Static - Survivors [Planet Dog]
"1998-10-18 - Sven Väth, DJ Hell, Marco Carola @ Omen Closing Weekend, Frankfurt","https://www.mixesdb.com/w/1998-10-18_-_Sven_V%C3%A4th,_DJ_Hell,_Marco_Carola_@_Omen_Closing_Weekend,_Frankfurt",Sven Väth [~7:35:00],75,865,Astral Pilot,The Day After [Harthouse - LP 013],Astral Pilot - The Day After [Harthouse - LP 013]
"1998-10-18 - Sven Väth, DJ Hell, Marco Carola @ Omen Closing Weekend, Frankfurt","https://www.mixesdb.com/w/1998-10-18_-_Sven_V%C3%A4th,_DJ_Hell,_Marco_Carola_@_Omen_Closing_Weekend,_Frankfurt",Version 2 Sven Väth Only,1,,Marco Carola,Question 02 (B1) (Question 02),Marco Carola - Question 02 (B1) (Question 02)
"1998-10-18 - Sven Väth, DJ Hell, Marco Carola @ Omen Closing Weekend, Frankfurt","https://www.mixesdb.com/w/1998-10-18_-_Sven_V%C3%A4th,_DJ_Hell,_Marco_Carola_@_Omen_Closing_Weekend,_Frankfurt",Version 2 Sven Väth Only,2,,Adam Beyer & Marco Carola,Drumcode 16 (B1) [Drumcode 16],Adam Beyer & Marco Carola - Drumcode 16 (B1) [Drumcode 16]
"1998-10-18 - Sven Väth, DJ Hell, Marco Carola @ Omen Closing Weekend, Frankfurt","https://www.mixesdb.com/w/1998-10-18_-_Sven_V%C3%A4th,_DJ_Hell,_Marco_Carola_@_Omen_Closing_Weekend,_Frankfurt",Version 2 Sven Väth Only,3,,Slam,Stepback [Soma 21],Slam - Stepback [Soma 21]
"1998-10-18 - Sven Väth, DJ Hell, Marco Carola @ Omen Closing Weekend, Frankfurt","https://www.mixesdb.com/w/1998-10-18_-_Sven_V%C3%A4th,_DJ_Hell,_Marco_Carola_@_Omen_Closing_Weekend,_Frankfurt",Version 2 Sven Väth Only,4,,Richard Bartz,Subway (B1) [Kanzleramt 022],Richard Bartz - Subway (B1) [Kanzleramt 022]
"1998-10-18 - Sven Väth, DJ Hell, Marco Carola @ Omen Closing Weekend, Frankfurt","https://www.mixesdb.com/w/1998-10-18_-_Sven_V%C3%A4th,_DJ_Hell,_Marco_Carola_@_Omen_Closing_Weekend,_Frankfurt",Version 2 Sven Väth Only,5,,Dr. Motte Feat. 3Phase,Der Klang Der Familie [Tresor 32],Dr. Motte Feat. 3Phase - Der Klang Der Familie [Tresor 32]
"1998-10-18 - Sven Väth, DJ Hell, Marco Carola @ Omen Closing Weekend, Frankfurt","https://www.mixesdb.com/w/1998-10-18_-_Sven_V%C3%A4th,_DJ_Hell,_Marco_Carola_@_Omen_Closing_Weekend,_Frankfurt",Version 2 Sven Väth Only,6,,Jeff Mills,Cubango [Purpose Maker 004],Jeff Mills - Cubango [Purpose Maker 004]
"1998-10-18 - Sven Väth, DJ Hell, Marco Carola @ Omen Closing Weekend, Frankfurt","https://www.mixesdb.com/w/1998-10-18_-_Sven_V%C3%A4th,_DJ_Hell,_Marco_Carola_@_Omen_Closing_Weekend,_Frankfurt",Version 2 Sven Väth Only,7,,Chris Liebing,Retro Raver [Fine Audio - audio 11],Chris Liebing - Retro Raver [Fine Audio - audio 11]
"1998-10-18 - Sven Väth, DJ Hell, Marco Carola @ Omen Closing Weekend, Frankfurt","https://www.mixesdb.com/w/1998-10-18_-_Sven_V%C3%A4th,_DJ_Hell,_Marco_Carola_@_Omen_Closing_Weekend,_Frankfurt",Version 2 Sven Väth Only,8,,Percy X,Track 2 [Soma Quality - 63],Percy X - Track 2 [Soma Quality - 63]
"1998-10-18 - Sven Väth, DJ Hell, Marco Carola @ Omen Closing Weekend, Frankfurt","https://www.mixesdb.com/w/1998-10-18_-_Sven_V%C3%A4th,_DJ_Hell,_Marco_Carola_@_Omen_Closing_Weekend,_Frankfurt",Version 2 Sven Väth Only,9,,Cari Lekebusch vs Adam Beyer,Split V3 [Drumcode - DC 15],Cari Lekebusch vs Adam Beyer - Split V3 [Drumcode - DC 15]
"1998-10-18 - Sven Väth, DJ Hell, Marco Carola @ Omen Closing Weekend, Frankfurt","https://www.mixesdb.com/w/1998-10-18_-_Sven_V%C3%A4th,_DJ_Hell,_Marco_Carola_@_Omen_Closing_Weekend,_Frankfurt",Version 2 Sven Väth Only,10,,Chris Liebing,Dandu Groove (Andrew Richley Remix) [Fine Audio - AUDIO 007R],Chris Liebing - Dandu Groove (Andrew Richley Remix) [Fine Audio - AUDIO 007R]
"1998-10-18 - Sven Väth, DJ Hell, Marco Carola @ Omen Closing Weekend, Frankfurt","https://www.mixesdb.com/w/1998-10-18_-_Sven_V%C3%A4th,_DJ_Hell,_Marco_Carola_@_Omen_Closing_Weekend,_Frankfurt",Version 2 Sven Väth Only,11,,Damon Wild,Into Battle [Synewave],Damon Wild - Into Battle [Synewave]
"1998-10-18 - Sven Väth, DJ Hell, Marco Carola @ Omen Closing Weekend, Frankfurt","https://www.mixesdb.com/w/1998-10-18_-_Sven_V%C3%A4th,_DJ_Hell,_Marco_Carola_@_Omen_Closing_Weekend,_Frankfurt",Version 2 Sven Väth Only,12,,Ben Sims,Retrovert (Claude Young Remix) [Theory 01],Ben Sims - Retrovert (Claude Young Remix) [Theory 01]
"1998-10-18 - Sven Väth, DJ Hell, Marco Carola @ Omen Closing Weekend, Frankfurt","https://www.mixesdb.com/w/1998-10-18_-_Sven_V%C3%A4th,_DJ_Hell,_Marco_Carola_@_Omen_Closing_Weekend,_Frankfurt",Version 2 Sven Väth Only,13,,Puento Latino,Takes U There [Primevil],Puento Latino - Takes U There [Primevil]
"1998-10-18 - Sven Väth, DJ Hell, Marco Carola @ Omen Closing Weekend, Frankfurt","https://www.mixesdb.com/w/1998-10-18_-_Sven_V%C3%A4th,_DJ_Hell,_Marco_Carola_@_Omen_Closing_Weekend,_Frankfurt",Version 2 Sven Väth Only,14,,Vernon,Wonderer [Eye Q 002],Vernon - Wonderer [Eye Q 002]
"1998-10-18 - Sven Väth, DJ Hell, Marco Carola @ Omen Closing Weekend, Frankfurt","https://www.mixesdb.com/w/1998-10-18_-_Sven_V%C3%A4th,_DJ_Hell,_Marco_Carola_@_Omen_Closing_Weekend,_Frankfurt",Version 2 Sven Väth Only,15,,Jones & Stephenson,The First Rebirth [Bonzai 93034],Jones & Stephenson - The First Rebirth [Bonzai 93034]
"1998-10-18 - Sven Väth, DJ Hell, Marco Carola @ Omen Closing Weekend, Frankfurt","https://www.mixesdb.com/w/1998-10-18_-_Sven_V%C3%A4th,_DJ_Hell,_Marco_Carola_@_Omen_Closing_Weekend,_Frankfurt",Version 2 Sven Väth Only,16,,Ramirez,La Musica Tremenda [R&S 9204],Ramirez - La Musica Tremenda [R&S 9204]
"1998-10-18 - Sven Väth, DJ Hell, Marco Carola @ Omen Closing Weekend, Frankfurt","https://www.mixesdb.com/w/1998-10-18_-_Sven_V%C3%A4th,_DJ_Hell,_Marco_Carola_@_Omen_Closing_Weekend,_Frankfurt",Version 2 Sven Väth Only,17,,Black Labs,Space Bar [Trope 012],Black Labs - Space Bar [Trope 012]
"1998-10-18 - Sven Väth, DJ Hell, Marco Carola @ Omen Closing Weekend, Frankfurt","https://www.mixesdb.com/w/1998-10-18_-_Sven_V%C3%A4th,_DJ_Hell,_Marco_Carola_@_Omen_Closing_Weekend,_Frankfurt",Version 2 Sven Väth Only,18,,Tata Box Inhibitors,Plasmids (Placid Mix) [Touché - TOU 9404],Tata Box Inhibitors - Plasmids (Placid Mix) [Touché - TOU 9404]
"1998-10-18 - Sven Väth, DJ Hell, Marco Carola @ Omen Closing Weekend, Frankfurt","https://www.mixesdb.com/w/1998-10-18_-_Sven_V%C3%A4th,_DJ_Hell,_Marco_Carola_@_Omen_Closing_Weekend,_Frankfurt",Version 2 Sven Väth Only,19,,Thomas Bangalter,Ventura [Roulé - 301],Thomas Bangalter - Ventura [Roulé - 301]
"1998-10-18 - Sven Väth, DJ Hell, Marco Carola @ Omen Closing Weekend, Frankfurt","https://www.mixesdb.com/w/1998-10-18_-_Sven_V%C3%A4th,_DJ_Hell,_Marco_Carola_@_Omen_Closing_Weekend,_Frankfurt",Version 2 Sven Väth Only,20,,Luke Slater,Moave Violin [Peacefrog],Luke Slater - Moave Violin [Peacefrog]
"1998-10-18 - Sven Väth, DJ Hell, Marco Carola @ Omen Closing Weekend, Frankfurt","https://www.mixesdb.com/w/1998-10-18_-_Sven_V%C3%A4th,_DJ_Hell,_Marco_Carola_@_Omen_Closing_Weekend,_Frankfurt",Version 2 Sven Väth Only,21,,Earth Nation,Alienated [Eye Q],Earth Nation - Alienated [Eye Q]
"1998-10-18 - Sven Väth, DJ Hell, Marco Carola @ Omen Closing Weekend, Frankfurt","https://www.mixesdb.com/w/1998-10-18_-_Sven_V%C3%A4th,_DJ_Hell,_Marco_Carola_@_Omen_Closing_Weekend,_Frankfurt",Version 2 Sven Väth Only,22,,Underworld,Moaner [Warner],Underworld - Moaner [Warner]
"1998-10-18 - Sven Väth, DJ Hell, Marco Carola @ Omen Closing Weekend, Frankfurt","https://www.mixesdb.com/w/1998-10-18_-_Sven_V%C3%A4th,_DJ_Hell,_Marco_Carola_@_Omen_Closing_Weekend,_Frankfurt",Version 2 Sven Väth Only,23,,Adam Beyer,Compressed (Thoams Krome Remix) [Planet Rhythm - UK LP 01],Adam Beyer - Compressed (Thoams Krome Remix) [Planet Rhythm - UK LP 01]
"1998-10-18 - Sven Väth, DJ Hell, Marco Carola @ Omen Closing Weekend, Frankfurt","https://www.mixesdb.com/w/1998-10-18_-_Sven_V%C3%A4th,_DJ_Hell,_Marco_Carola_@_Omen_Closing_Weekend,_Frankfurt",Version 2 Sven Väth Only,24,,TBM,Hypnotisamus (Marco Carola Remix) [Kobayashi 06],TBM - Hypnotisamus (Marco Carola Remix) [Kobayashi 06]
"1998-10-18 - Sven Väth, DJ Hell, Marco Carola @ Omen Closing Weekend, Frankfurt","https://www.mixesdb.com/w/1998-10-18_-_Sven_V%C3%A4th,_DJ_Hell,_Marco_Carola_@_Omen_Closing_Weekend,_Frankfurt",Version 2 Sven Väth Only,25,,Marchetto & Scheurer,Fuzzy Beats [Nova Zembla - NZ 103],Marchetto & Scheurer - Fuzzy Beats [Nova Zembla - NZ 103]
"1998-10-18 - Sven Väth, DJ Hell, Marco Carola @ Omen Closing Weekend, Frankfurt","https://www.mixesdb.com/w/1998-10-18_-_Sven_V%C3%A4th,_DJ_Hell,_Marco_Carola_@_Omen_Closing_Weekend,_Frankfurt",Version 2 Sven Väth Only,26,,Anorak,150 [Absense LP 02],Anorak - 150 [Absense LP 02]
"1998-10-18 - Sven Väth, DJ Hell, Marco Carola @ Omen Closing Weekend, Frankfurt","https://www.mixesdb.com/w/1998-10-18_-_Sven_V%C3%A4th,_DJ_Hell,_Marco_Carola_@_Omen_Closing_Weekend,_Frankfurt",Version 2 Sven Väth Only,27,,Bandulu,Running Time [Blanco Y Negro UK],Bandulu - Running Time [Blanco Y Negro UK]
"1998-10-18 - Sven Väth, DJ Hell, Marco Carola @ Omen Closing Weekend, Frankfurt","https://www.mixesdb.com/w/1998-10-18_-_Sven_V%C3%A4th,_DJ_Hell,_Marco_Carola_@_Omen_Closing_Weekend,_Frankfurt",Version 2 Sven Väth Only,28,,Bandulu,Isn't It Time [Foundation Sound Works 005],Bandulu - Isn't It Time [Foundation Sound Works 005]
"1998-10-18 - Sven Väth, DJ Hell, Marco Carola @ Omen Closing Weekend, Frankfurt","https://www.mixesdb.com/w/1998-10-18_-_Sven_V%C3%A4th,_DJ_Hell,_Marco_Carola_@_Omen_Closing_Weekend,_Frankfurt",Version 2 Sven Väth Only,29,,Basic Implant,Drumless Days [Touch Tone - 07],Basic Implant - Drumless Days [Touch Tone - 07]
"1998-10-18 - Sven Väth, DJ Hell, Marco Carola @ Omen Closing Weekend, Frankfurt","https://www.mixesdb.com/w/1998-10-18_-_Sven_V%C3%A4th,_DJ_Hell,_Marco_Carola_@_Omen_Closing_Weekend,_Frankfurt",Version 2 Sven Väth Only,30,,Mr. James Barth,Pay Me In Love [Svek LP 01],Mr. James Barth - Pay Me In Love [Svek LP 01]
"1998-10-18 - Sven Väth, DJ Hell, Marco Carola @ Omen Closing Weekend, Frankfurt","https://www.mixesdb.com/w/1998-10-18_-_Sven_V%C3%A4th,_DJ_Hell,_Marco_Carola_@_Omen_Closing_Weekend,_Frankfurt",Version 2 Sven Väth Only,31,,Nagen & Saugen,Deep Throat [Hörspielmusik - HSM07],Nagen & Saugen - Deep Throat [Hörspielmusik - HSM07]
"1998-10-18 - Sven Väth, DJ Hell, Marco Carola @ Omen Closing Weekend, Frankfurt","https://www.mixesdb.com/w/1998-10-18_-_Sven_V%C3%A4th,_DJ_Hell,_Marco_Carola_@_Omen_Closing_Weekend,_Frankfurt",Version 2 Sven Väth Only,32,,Jeff Mills,The Bells [Purpose Maker - PM 002],Jeff Mills - The Bells [Purpose Maker - PM 002]
"1998-10-18 - Sven Väth, DJ Hell, Marco Carola @ Omen Closing Weekend, Frankfurt","https://www.mixesdb.com/w/1998-10-18_-_Sven_V%C3%A4th,_DJ_Hell,_Marco_Carola_@_Omen_Closing_Weekend,_Frankfurt",Version 2 Sven Väth Only,33,,The Advent,Bad Boy [Iternal],The Advent - Bad Boy [Iternal]
"1998-10-18 - Sven Väth, DJ Hell, Marco Carola @ Omen Closing Weekend, Frankfurt","https://www.mixesdb.com/w/1998-10-18_-_Sven_V%C3%A4th,_DJ_Hell,_Marco_Carola_@_Omen_Closing_Weekend,_Frankfurt",Version 2 Sven Väth Only,34,,Progressive Transe,Power Pact [Trans'Pact - VOL 098],Progressive Transe - Power Pact [Trans'Pact - VOL 098]
"1998-10-18 - Sven Väth, DJ Hell, Marco Carola @ Omen Closing Weekend, Frankfurt","https://www.mixesdb.com/w/1998-10-18_-_Sven_V%C3%A4th,_DJ_Hell,_Marco_Carola_@_Omen_Closing_Weekend,_Frankfurt",Version 2 Sven Väth Only,35,,[https://www.juno.co.uk/products/richard-bartz-evolution-revolution/33463-01/ Richard Bartz,Track One [Disko B - db 73]],[https://www.juno.co.uk/products/richard-bartz-evolution-revolution/33463-01/ Richard Bartz - Track One [Disko B - db 73]]
"1998-10-18 - Sven Väth, DJ Hell, Marco Carola @ Omen Closing Weekend, Frankfurt","https://www.mixesdb.com/w/1998-10-18_-_Sven_V%C3%A4th,_DJ_Hell,_Marco_Carola_@_Omen_Closing_Weekend,_Frankfurt",Version 2 Sven Väth Only,36,,Sven Väth,Ritual Of Life [Eye Q],Sven Väth - Ritual Of Life [Eye Q]
"1998-10-18 - Sven Väth, DJ Hell, Marco Carola @ Omen Closing Weekend, Frankfurt","https://www.mixesdb.com/w/1998-10-18_-_Sven_V%C3%A4th,_DJ_Hell,_Marco_Carola_@_Omen_Closing_Weekend,_Frankfurt",Version 2 Sven Väth Only,37,,Surgeon,Syllable [Downwards - DNLP01],Surgeon - Syllable [Downwards - DNLP01]
"1998-10-18 - Sven Väth, DJ Hell, Marco Carola @ Omen Closing Weekend, Frankfurt","https://www.mixesdb.com/w/1998-10-18_-_Sven_V%C3%A4th,_DJ_Hell,_Marco_Carola_@_Omen_Closing_Weekend,_Frankfurt",Version 2 Sven Väth Only,38,,Surgeon,Atol [Downwards - DNLP01],Surgeon - Atol [Downwards - DNLP01]
"1998-10-18 - Sven Väth, DJ Hell, Marco Carola @ Omen Closing Weekend, Frankfurt","https://www.mixesdb.com/w/1998-10-18_-_Sven_V%C3%A4th,_DJ_Hell,_Marco_Carola_@_Omen_Closing_Weekend,_Frankfurt",Version 2 Sven Väth Only,39,,Love Inc.,How Deep Is Your Love (Love Inc. Mix) [Force Ink 096],Love Inc. - How Deep Is Your Love (Love Inc. Mix) [Force Ink 096]
"1998-10-18 - Sven Väth, DJ Hell, Marco Carola @ Omen Closing Weekend, Frankfurt","https://www.mixesdb.com/w/1998-10-18_-_Sven_V%C3%A4th,_DJ_Hell,_Marco_Carola_@_Omen_Closing_Weekend,_Frankfurt",Version 2 Sven Väth Only,40,,Sensurreal,Scoff [BMU 13],Sensurreal - Scoff [BMU 13]
"1998-10-18 - Sven Väth, DJ Hell, Marco Carola @ Omen Closing Weekend, Frankfurt","https://www.mixesdb.com/w/1998-10-18_-_Sven_V%C3%A4th,_DJ_Hell,_Marco_Carola_@_Omen_Closing_Weekend,_Frankfurt",Version 2 Sven Väth Only,41,,Murat,The First Visit E.P. (B1) [Method 11:11 - 003],Murat - The First Visit E.P. (B1) [Method 11:11 - 003]
"1998-10-18 - Sven Väth, DJ Hell, Marco Carola @ Omen Closing Weekend, Frankfurt","https://www.mixesdb.com/w/1998-10-18_-_Sven_V%C3%A4th,_DJ_Hell,_Marco_Carola_@_Omen_Closing_Weekend,_Frankfurt",Version 2 Sven Väth Only,42,,Evil C And The Hustler,Superbox [Paparazzi - 01],Evil C And The Hustler - Superbox [Paparazzi - 01]
"1998-10-18 - Sven Väth, DJ Hell, Marco Carola @ Omen Closing Weekend, Frankfurt","https://www.mixesdb.com/w/1998-10-18_-_Sven_V%C3%A4th,_DJ_Hell,_Marco_Carola_@_Omen_Closing_Weekend,_Frankfurt",Version 2 Sven Väth Only,43,,X-313,Spectra [Generator - 11],X-313 - Spectra [Generator - 11]
"1998-10-18 - Sven Väth, DJ Hell, Marco Carola @ Omen Closing Weekend, Frankfurt","https://www.mixesdb.com/w/1998-10-18_-_Sven_V%C3%A4th,_DJ_Hell,_Marco_Carola_@_Omen_Closing_Weekend,_Frankfurt",Version 2 Sven Väth Only,44,,Buckfunk 3000,There Is Life On Mars [Language - WLUR 01],Buckfunk 3000 - There Is Life On Mars [Language - WLUR 01]
"1998-10-18 - Sven Väth, DJ Hell, Marco Carola @ Omen Closing Weekend, Frankfurt","https://www.mixesdb.com/w/1998-10-18_-_Sven_V%C3%A4th,_DJ_Hell,_Marco_Carola_@_Omen_Closing_Weekend,_Frankfurt",Version 2 Sven Väth Only,45,,David Carretta,Neuropolitiks [International Deejay Gigolo - 18],David Carretta - Neuropolitiks [International Deejay Gigolo - 18]
"1998-10-18 - Sven Väth, DJ Hell, Marco Carola @ Omen Closing Weekend, Frankfurt","https://www.mixesdb.com/w/1998-10-18_-_Sven_V%C3%A4th,_DJ_Hell,_Marco_Carola_@_Omen_Closing_Weekend,_Frankfurt",Version 2 Sven Väth Only,46,,Alexi Delano & Cari Lekebusch,Color Clash 2 EP [Hybrid Productions - HP 1206],Alexi Delano & Cari Lekebusch - Color Clash 2 EP [Hybrid Productions - HP 1206]
"1998-10-18 - Sven Väth, DJ Hell, Marco Carola @ Omen Closing Weekend, Frankfurt","https://www.mixesdb.com/w/1998-10-18_-_Sven_V%C3%A4th,_DJ_Hell,_Marco_Carola_@_Omen_Closing_Weekend,_Frankfurt",Version 2 Sven Väth Only,47,,Puente Latino,"One Hit For 2,35 [Primevil - PRVL 07]","Puente Latino - One Hit For 2,35 [Primevil - PRVL 07]"
"1998-10-18 - Sven Väth, DJ Hell, Marco Carola @ Omen Closing Weekend, Frankfurt","https://www.mixesdb.com/w/1998-10-18_-_Sven_V%C3%A4th,_DJ_Hell,_Marco_Carola_@_Omen_Closing_Weekend,_Frankfurt",Version 2 Sven Väth Only,48,,Richie Hawtin,005,Richie Hawtin - 005
"1998-10-18 - Sven Väth, DJ Hell, Marco Carola @ Omen Closing Weekend, Frankfurt","https://www.mixesdb.com/w/1998-10-18_-_Sven_V%C3%A4th,_DJ_Hell,_Marco_Carola_@_Omen_Closing_Weekend,_Frankfurt",Version 2 Sven Väth Only,49,,Plastikman,? [Plus 8 - 8068],Plastikman - ? [Plus 8 - 8068]
"1998-10-18 - Sven Väth, DJ Hell, Marco Carola @ Omen Closing Weekend, Frankfurt","https://www.mixesdb.com/w/1998-10-18_-_Sven_V%C3%A4th,_DJ_Hell,_Marco_Carola_@_Omen_Closing_Weekend,_Frankfurt",Version 2 Sven Väth Only,50,,Two Lone Swordsmen,Circulation [Warp 100 LP],Two Lone Swordsmen - Circulation [Warp 100 LP]
"1998-10-18 - Sven Väth, DJ Hell, Marco Carola @ Omen Closing Weekend, Frankfurt","https://www.mixesdb.com/w/1998-10-18_-_Sven_V%C3%A4th,_DJ_Hell,_Marco_Carola_@_Omen_Closing_Weekend,_Frankfurt",Version 2 Sven Väth Only,51,,Christian Morgenstern,Sexy World Pt. 1,Christian Morgenstern - Sexy World Pt. 1
"1998-10-18 - Sven Väth, DJ Hell, Marco Carola @ Omen Closing Weekend, Frankfurt","https://www.mixesdb.com/w/1998-10-18_-_Sven_V%C3%A4th,_DJ_Hell,_Marco_Carola_@_Omen_Closing_Weekend,_Frankfurt",Version 2 Sven Väth Only,52,,Vernon,Vernon's Wonderland - The Future Mix [Eye Q 001],Vernon - Vernon's Wonderland - The Future Mix [Eye Q 001]
"1998-10-18 - Sven Väth, DJ Hell, Marco Carola @ Omen Closing Weekend, Frankfurt","https://www.mixesdb.com/w/1998-10-18_-_Sven_V%C3%A4th,_DJ_Hell,_Marco_Carola_@_Omen_Closing_Weekend,_Frankfurt",Version 2 Sven Väth Only,53,,System 7,Alphawave (Plastikman Acid House Mix) [Big Life],System 7 - Alphawave (Plastikman Acid House Mix) [Big Life]
"1998-10-18 - Sven Väth, DJ Hell, Marco Carola @ Omen Closing Weekend, Frankfurt","https://www.mixesdb.com/w/1998-10-18_-_Sven_V%C3%A4th,_DJ_Hell,_Marco_Carola_@_Omen_Closing_Weekend,_Frankfurt",Version 2 Sven Väth Only,54,,Morgan Geist,Pushed (Mark Broom Remix) [Multiplex 024],Morgan Geist - Pushed (Mark Broom Remix) [Multiplex 024]
"1998-10-18 - Sven Väth, DJ Hell, Marco Carola @ Omen Closing Weekend, Frankfurt","https://www.mixesdb.com/w/1998-10-18_-_Sven_V%C3%A4th,_DJ_Hell,_Marco_Carola_@_Omen_Closing_Weekend,_Frankfurt",Version 2 Sven Väth Only,55,,Heiko Laux,Tundra Effect [U-Turn - UT04],Heiko Laux - Tundra Effect [U-Turn - UT04]
"1998-10-18 - Sven Väth, DJ Hell, Marco Carola @ Omen Closing Weekend, Frankfurt","https://www.mixesdb.com/w/1998-10-18_-_Sven_V%C3%A4th,_DJ_Hell,_Marco_Carola_@_Omen_Closing_Weekend,_Frankfurt",Version 2 Sven Väth Only,56,,Vainqueur,Lyot (Maurizio Remix) [Maurizio - M-2],Vainqueur - Lyot (Maurizio Remix) [Maurizio - M-2]
"1998-10-18 - Sven Väth, DJ Hell, Marco Carola @ Omen Closing Weekend, Frankfurt","https://www.mixesdb.com/w/1998-10-18_-_Sven_V%C3%A4th,_DJ_Hell,_Marco_Carola_@_Omen_Closing_Weekend,_Frankfurt",Version 2 Sven Väth Only,57,,Vinyl Countdown,Animal Republic [NTA 01],Vinyl Countdown - Animal Republic [NTA 01]
"1998-10-18 - Sven Väth, DJ Hell, Marco Carola @ Omen Closing Weekend, Frankfurt","https://www.mixesdb.com/w/1998-10-18_-_Sven_V%C3%A4th,_DJ_Hell,_Marco_Carola_@_Omen_Closing_Weekend,_Frankfurt",Version 2 Sven Väth Only,58,,Eat Static,Survivors [Planet Dog],Eat Static - Survivors [Planet Dog]
"1998-10-18 - Sven Väth, DJ Hell, Marco Carola @ Omen Closing Weekend, Frankfurt","https://www.mixesdb.com/w/1998-10-18_-_Sven_V%C3%A4th,_DJ_Hell,_Marco_Carola_@_Omen_Closing_Weekend,_Frankfurt",Version 2 Sven Väth Only,59,,Astral Pilot,The Day After [Harthouse - LP 013],Astral Pilot - The Day After [Harthouse - LP 013]
"2019-03-30 - Carl Cox b2b Marco Carola @ Ultra Music Festival, MMW","https://www.mixesdb.com/w/2019-03-30_-_Carl_Cox_b2b_Marco_Carola_@_Ultra_Music_Festival,_MMW",,1,000,Kreso Petrae,Resistance Ultra,Kreso Petrae - Resistance Ultra
"2019-03-30 - Carl Cox b2b Marco Carola @ Ultra Music Festival, MMW","https://www.mixesdb.com/w/2019-03-30_-_Carl_Cox_b2b_Marco_Carola_@_Ultra_Music_Festival,_MMW",,2,00?,Len Faki & Juxta Position,Superstition (Azid Mix) [Figure],Len Faki & Juxta Position - Superstition (Azid Mix) [Figure]
"2019-03-30 - Carl Cox b2b Marco Carola @ Ultra Music Festival, MMW","https://www.mixesdb.com/w/2019-03-30_-_Carl_Cox_b2b_Marco_Carola_@_Ultra_Music_Festival,_MMW",,3,011,DJ Lulu & DJ Gas,Broke Funk (Jason Hodges Dub) [Lingo - LNGD 040],DJ Lulu & DJ Gas - Broke Funk (Jason Hodges Dub) [Lingo - LNGD 040]
"2019-03-30 - Carl Cox b2b Marco Carola @ Ultra Music Festival, MMW","https://www.mixesdb.com/w/2019-03-30_-_Carl_Cox_b2b_Marco_Carola_@_Ultra_Music_Festival,_MMW",,4,014,Blake Baxter,Sexuality (Ben Sims Remix),Blake Baxter - Sexuality (Ben Sims Remix)
"2019-03-30 - Carl Cox b2b Marco Carola @ Ultra Music Festival, MMW","https://www.mixesdb.com/w/2019-03-30_-_Carl_Cox_b2b_Marco_Carola_@_Ultra_Music_Festival,_MMW",,5,018,Mihalis Safras,Pianopop (Pt 3) [Circus - 097C],Mihalis Safras - Pianopop (Pt 3) [Circus - 097C]
"2019-03-30 - Carl Cox b2b Marco Carola @ Ultra Music Festival, MMW","https://www.mixesdb.com/w/2019-03-30_-_Carl_Cox_b2b_Marco_Carola_@_Ultra_Music_Festival,_MMW",,6,021,Carl Cox,Dr.Funk (El Rancho Remix) [Bush],Carl Cox - Dr.Funk (El Rancho Remix) [Bush]
"2019-03-30 - Carl Cox b2b Marco Carola @ Ultra Music Festival, MMW","https://www.mixesdb.com/w/2019-03-30_-_Carl_Cox_b2b_Marco_Carola_@_Ultra_Music_Festival,_MMW",,7,027,Archie Hamilton,Waisted [Moscow - 026],Archie Hamilton - Waisted [Moscow - 026]
"2019-03-30 - Carl Cox b2b Marco Carola @ Ultra Music Festival, MMW","https://www.mixesdb.com/w/2019-03-30_-_Carl_Cox_b2b_Marco_Carola_@_Ultra_Music_Festival,_MMW",,8,032,Guido Santiago,Why They Run [Finky Republic],Guido Santiago - Why They Run [Finky Republic]
"2019-03-30 - Carl Cox b2b Marco Carola @ Ultra Music Festival, MMW","https://www.mixesdb.com/w/2019-03-30_-_Carl_Cox_b2b_Marco_Carola_@_Ultra_Music_Festival,_MMW",,9,036,,?,?
"2019-03-30 - Carl Cox b2b Marco Carola @ Ultra Music Festival, MMW","https://www.mixesdb.com/w/2019-03-30_-_Carl_Cox_b2b_Marco_Carola_@_Ultra_Music_Festival,_MMW",,10,0??,,?,?
"2019-03-30 - Carl Cox b2b Marco Carola @ Ultra Music Festival, MMW","https://www.mixesdb.com/w/2019-03-30_-_Carl_Cox_b2b_Marco_Carola_@_Ultra_Music_Festival,_MMW",,11,0??,D.H.S.,House Of God (The Cube Guys Remix) [Hangman],D.H.S. - House Of God (The Cube Guys Remix) [Hangman]
"2019-03-30 - Carl Cox b2b Marco Carola @ Ultra Music Festival, MMW","https://www.mixesdb.com/w/2019-03-30_-_Carl_Cox_b2b_Marco_Carola_@_Ultra_Music_Festival,_MMW",,12,045,Ruben Zurita,JJ Tribute [The Roost Music],Ruben Zurita - JJ Tribute [The Roost Music]
"2019-03-30 - Carl Cox b2b Marco Carola @ Ultra Music Festival, MMW","https://www.mixesdb.com/w/2019-03-30_-_Carl_Cox_b2b_Marco_Carola_@_Ultra_Music_Festival,_MMW",,13,049,Layo & Bushwacka!,Now Is The Time (Emerson Todd Remix) [Olmeto - OLM 025],Layo & Bushwacka! - Now Is The Time (Emerson Todd Remix) [Olmeto - OLM 025]
"2019-03-30 - Carl Cox b2b Marco Carola @ Ultra Music Festival, MMW","https://www.mixesdb.com/w/2019-03-30_-_Carl_Cox_b2b_Marco_Carola_@_Ultra_Music_Festival,_MMW",,14,0??,,?,?
"2019-03-30 - Carl Cox b2b Marco Carola @ Ultra Music Festival, MMW","https://www.mixesdb.com/w/2019-03-30_-_Carl_Cox_b2b_Marco_Carola_@_Ultra_Music_Festival,_MMW",,15,0??,,?,?
"2019-03-30 - Carl Cox b2b Marco Carola @ Ultra Music Festival, MMW","https://www.mixesdb.com/w/2019-03-30_-_Carl_Cox_b2b_Marco_Carola_@_Ultra_Music_Festival,_MMW",,16,063,Counter Plan & Scott Grooves,Chic-O-Laa (H Foundation Mix) [Soma - DA 027],Counter Plan & Scott Grooves - Chic-O-Laa (H Foundation Mix) [Soma - DA 027]
"2019-03-30 - Carl Cox b2b Marco Carola @ Ultra Music Festival, MMW","https://www.mixesdb.com/w/2019-03-30_-_Carl_Cox_b2b_Marco_Carola_@_Ultra_Music_Festival,_MMW",,17,068,Groove Armada,Superstylin' (Joris Voorn Rework) [Moda Black - MB 042IT],Groove Armada - Superstylin' (Joris Voorn Rework) [Moda Black - MB 042IT]
"2019-03-30 - Carl Cox b2b Marco Carola @ Ultra Music Festival, MMW","https://www.mixesdb.com/w/2019-03-30_-_Carl_Cox_b2b_Marco_Carola_@_Ultra_Music_Festival,_MMW",,18,073,,?,?
"2019-03-30 - Carl Cox b2b Marco Carola @ Ultra Music Festival, MMW","https://www.mixesdb.com/w/2019-03-30_-_Carl_Cox_b2b_Marco_Carola_@_Ultra_Music_Festival,_MMW",,19,079,Jonno & Gibson,Lost & Found [Rising High - RSN 3030],Jonno & Gibson - Lost & Found [Rising High - RSN 3030]
"2019-03-30 - Carl Cox b2b Marco Carola @ Ultra Music Festival, MMW","https://www.mixesdb.com/w/2019-03-30_-_Carl_Cox_b2b_Marco_Carola_@_Ultra_Music_Festival,_MMW",,20,084,Mark Broom,Break 97 [Rekids - 132],Mark Broom - Break 97 [Rekids - 132]
"2019-03-30 - Carl Cox b2b Marco Carola @ Ultra Music Festival, MMW","https://www.mixesdb.com/w/2019-03-30_-_Carl_Cox_b2b_Marco_Carola_@_Ultra_Music_Festival,_MMW",,21,089,Ralphi Rosario,Funk It [Nite Grooves],Ralphi Rosario - Funk It [Nite Grooves]
"2019-03-30 - Carl Cox b2b Marco Carola @ Ultra Music Festival, MMW","https://www.mixesdb.com/w/2019-03-30_-_Carl_Cox_b2b_Marco_Carola_@_Ultra_Music_Festival,_MMW",,22,???,,?,?
"2019-03-30 - Carl Cox b2b Marco Carola @ Ultra Music Festival, MMW","https://www.mixesdb.com/w/2019-03-30_-_Carl_Cox_b2b_Marco_Carola_@_Ultra_Music_Festival,_MMW",,23,???,Jon Rundell,Can't Stop [Rekluse],Jon Rundell - Can't Stop [Rekluse]
"2019-03-30 - Carl Cox b2b Marco Carola @ Ultra Music Festival, MMW","https://www.mixesdb.com/w/2019-03-30_-_Carl_Cox_b2b_Marco_Carola_@_Ultra_Music_Festival,_MMW",,24,???,Jambo,Drumattack [Wonka Beats],Jambo - Drumattack [Wonka Beats]
"2019-03-30 - Carl Cox b2b Marco Carola @ Ultra Music Festival, MMW","https://www.mixesdb.com/w/2019-03-30_-_Carl_Cox_b2b_Marco_Carola_@_Ultra_Music_Festival,_MMW",,25,???,Dead Or Alive,You Spin Me Round [Like A],Dead Or Alive - You Spin Me Round [Like A]
"2019-03-30 - Carl Cox b2b Marco Carola @ Ultra Music Festival, MMW","https://www.mixesdb.com/w/2019-03-30_-_Carl_Cox_b2b_Marco_Carola_@_Ultra_Music_Festival,_MMW",,26,1??,Todd Terry Pres. The House Of Gypsies,Sume Sigh Sey (Masters At Work Remix) [Masters At Work],Todd Terry Pres. The House Of Gypsies - Sume Sigh Sey (Masters At Work Remix) [Masters At Work]
"2019-03-30 - Carl Cox b2b Marco Carola @ Ultra Music Festival, MMW","https://www.mixesdb.com/w/2019-03-30_-_Carl_Cox_b2b_Marco_Carola_@_Ultra_Music_Festival,_MMW",,27,1??,,+ ?,+ ?
"2019-03-30 - Carl Cox b2b Marco Carola @ Ultra Music Festival, MMW","https://www.mixesdb.com/w/2019-03-30_-_Carl_Cox_b2b_Marco_Carola_@_Ultra_Music_Festival,_MMW",,28,1??,Carl Craig Pres. Paperclip People,Throw (Slam RTM Remix) [Planet E Communications],Carl Craig Pres. Paperclip People - Throw (Slam RTM Remix) [Planet E Communications]
"2001-12-01 - Marco Carola @ Fuse, Brussels","https://www.mixesdb.com/w/2001-12-01_-_Marco_Carola_@_Fuse,_Brussels",,1,,,?,?
"2001-12-01 - Marco Carola @ Fuse, Brussels","https://www.mixesdb.com/w/2001-12-01_-_Marco_Carola_@_Fuse,_Brussels",,2,,Gaetano Parisio,Untitled (B1) [Conform 17],Gaetano Parisio - Untitled (B1) [Conform 17]
"2001-12-01 - Marco Carola @ Fuse, Brussels","https://www.mixesdb.com/w/2001-12-01_-_Marco_Carola_@_Fuse,_Brussels",,3,,,?,?
"2001-12-01 - Marco Carola @ Fuse, Brussels","https://www.mixesdb.com/w/2001-12-01_-_Marco_Carola_@_Fuse,_Brussels",,4,,Bryan Zentz,Desert Power [Intec],Bryan Zentz - Desert Power [Intec]
"2001-12-01 - Marco Carola @ Fuse, Brussels","https://www.mixesdb.com/w/2001-12-01_-_Marco_Carola_@_Fuse,_Brussels",,5,,,?,?
"2001-12-01 - Marco Carola @ Fuse, Brussels","https://www.mixesdb.com/w/2001-12-01_-_Marco_Carola_@_Fuse,_Brussels",,6,,,?,?
"2001-12-01 - Marco Carola @ Fuse, Brussels","https://www.mixesdb.com/w/2001-12-01_-_Marco_Carola_@_Fuse,_Brussels",,7,,Tiga & Mateo,Simulation [Not On Label],Tiga & Mateo - Simulation [Not On Label]
"2001-12-01 - Marco Carola @ Fuse, Brussels","https://www.mixesdb.com/w/2001-12-01_-_Marco_Carola_@_Fuse,_Brussels",,8,,Junior Sanchez & Christian Smith,Slave Beat [United Groove],Junior Sanchez & Christian Smith - Slave Beat [United Groove]
"2001-12-01 - Marco Carola @ Fuse, Brussels","https://www.mixesdb.com/w/2001-12-01_-_Marco_Carola_@_Fuse,_Brussels",,9,,,?,?
"2001-12-01 - Marco Carola @ Fuse, Brussels","https://www.mixesdb.com/w/2001-12-01_-_Marco_Carola_@_Fuse,_Brussels",,10,,Dizzy And Jado,Funk In Tha Trunk,Dizzy And Jado - Funk In Tha Trunk
"2001-12-01 - Marco Carola @ Fuse, Brussels","https://www.mixesdb.com/w/2001-12-01_-_Marco_Carola_@_Fuse,_Brussels",,11,,,?,?
"2001-12-01 - Marco Carola @ Fuse, Brussels","https://www.mixesdb.com/w/2001-12-01_-_Marco_Carola_@_Fuse,_Brussels",,12,,DJ Sneak,The Big Juicy (Sneak's Main Mix),DJ Sneak - The Big Juicy (Sneak's Main Mix)
"2001-12-01 - Marco Carola @ Fuse, Brussels","https://www.mixesdb.com/w/2001-12-01_-_Marco_Carola_@_Fuse,_Brussels",,13,,,?,?
"2001-12-01 - Marco Carola @ Fuse, Brussels","https://www.mixesdb.com/w/2001-12-01_-_Marco_Carola_@_Fuse,_Brussels",,14,,Marco Carola,Avalanche [Zenit],Marco Carola - Avalanche [Zenit]
"2001-12-01 - Marco Carola @ Fuse, Brussels","https://www.mixesdb.com/w/2001-12-01_-_Marco_Carola_@_Fuse,_Brussels",,15,,JB3,Time (Dave Angel Remix),JB3 - Time (Dave Angel Remix)
"2001-12-01 - Marco Carola @ Fuse, Brussels","https://www.mixesdb.com/w/2001-12-01_-_Marco_Carola_@_Fuse,_Brussels",,16,,Jel Ford,Distinctly Neapolitan (Marco Carola Remix) [Platform],Jel Ford - Distinctly Neapolitan (Marco Carola Remix) [Platform]
"2001-12-01 - Marco Carola @ Fuse, Brussels","https://www.mixesdb.com/w/2001-12-01_-_Marco_Carola_@_Fuse,_Brussels",,17,,Marco Carola,Open System [Zenit],Marco Carola - Open System [Zenit]
"2001-12-01 - Marco Carola @ Fuse, Brussels","https://www.mixesdb.com/w/2001-12-01_-_Marco_Carola_@_Fuse,_Brussels",,18,,Stanny Franssen,Data String [Genetic],Stanny Franssen - Data String [Genetic]
"2001-12-01 - Marco Carola @ Fuse, Brussels","https://www.mixesdb.com/w/2001-12-01_-_Marco_Carola_@_Fuse,_Brussels",,19,,Brtschitsch & Galluzzi,Schneesturm [Taksi],Brtschitsch & Galluzzi - Schneesturm [Taksi]
"2001-12-01 - Marco Carola @ Fuse, Brussels","https://www.mixesdb.com/w/2001-12-01_-_Marco_Carola_@_Fuse,_Brussels",,20,,Mauro Picotto,Awesome [BXR],Mauro Picotto - Awesome [BXR]
"2001-12-01 - Marco Carola @ Fuse, Brussels","https://www.mixesdb.com/w/2001-12-01_-_Marco_Carola_@_Fuse,_Brussels",,21,,Fredrik Almquist,Being & Becoming EP (A1) [Drumcode],Fredrik Almquist - Being & Becoming EP (A1) [Drumcode]
"2001-12-01 - Marco Carola @ Fuse, Brussels","https://www.mixesdb.com/w/2001-12-01_-_Marco_Carola_@_Fuse,_Brussels",,22,,Mr Sliff,Rippin' And Dippin' Pt 2 [Spiel-Zeug Schallplatten - 17],Mr Sliff - Rippin' And Dippin' Pt 2 [Spiel-Zeug Schallplatten - 17]
"2001-12-01 - Marco Carola @ Fuse, Brussels","https://www.mixesdb.com/w/2001-12-01_-_Marco_Carola_@_Fuse,_Brussels",,23,,Chris Jackson,Territorial (Chester Beatty Remix) [Cloned],Chris Jackson - Territorial (Chester Beatty Remix) [Cloned]
"2001-12-01 - Marco Carola @ Fuse, Brussels","https://www.mixesdb.com/w/2001-12-01_-_Marco_Carola_@_Fuse,_Brussels",,24,,,?,?
"2001-12-01 - Marco Carola @ Fuse, Brussels","https://www.mixesdb.com/w/2001-12-01_-_Marco_Carola_@_Fuse,_Brussels",,25,,Deetron,Vertigo [Rotation],Deetron - Vertigo [Rotation]
"2001-12-01 - Marco Carola @ Fuse, Brussels","https://www.mixesdb.com/w/2001-12-01_-_Marco_Carola_@_Fuse,_Brussels",,26,,Question,7th Question EP (A) [Question - 07],Question - 7th Question EP (A) [Question - 07]
"2001-12-01 - Marco Carola @ Fuse, Brussels","https://www.mixesdb.com/w/2001-12-01_-_Marco_Carola_@_Fuse,_Brussels",,27,,,?,?
"2001-12-01 - Marco Carola @ Fuse, Brussels","https://www.mixesdb.com/w/2001-12-01_-_Marco_Carola_@_Fuse,_Brussels",,28,,,?,?
"2001-12-01 - Marco Carola @ Fuse, Brussels","https://www.mixesdb.com/w/2001-12-01_-_Marco_Carola_@_Fuse,_Brussels",,29,,,?,?
"2001-12-01 - Marco Carola @ Fuse, Brussels","https://www.mixesdb.com/w/2001-12-01_-_Marco_Carola_@_Fuse,_Brussels",,30,,,?,?
"2001-12-01 - Marco Carola @ Fuse, Brussels","https://www.mixesdb.com/w/2001-12-01_-_Marco_Carola_@_Fuse,_Brussels",,31,,,?,?
"2001-12-01 - Marco Carola @ Fuse, Brussels","https://www.mixesdb.com/w/2001-12-01_-_Marco_Carola_@_Fuse,_Brussels",,32,,Mateo Murphy,Love Express [Turbo],Mateo Murphy - Love Express [Turbo]
"2001-12-01 - Marco Carola @ Fuse, Brussels","https://www.mixesdb.com/w/2001-12-01_-_Marco_Carola_@_Fuse,_Brussels",,33,,Michel De Hey Vs. Literon,Transmitter (Jamie Anderson Mix) [EC],Michel De Hey Vs. Literon - Transmitter (Jamie Anderson Mix) [EC]
"2001-12-01 - Marco Carola @ Fuse, Brussels","https://www.mixesdb.com/w/2001-12-01_-_Marco_Carola_@_Fuse,_Brussels",,34,,,?,?
"2001-12-01 - Marco Carola @ Fuse, Brussels","https://www.mixesdb.com/w/2001-12-01_-_Marco_Carola_@_Fuse,_Brussels",,35,,Marco Carola,Effective [Zenit],Marco Carola - Effective [Zenit]
"2001-12-01 - Marco Carola @ Fuse, Brussels","https://www.mixesdb.com/w/2001-12-01_-_Marco_Carola_@_Fuse,_Brussels",,36,,,?,?
"2001-12-01 - Marco Carola @ Fuse, Brussels","https://www.mixesdb.com/w/2001-12-01_-_Marco_Carola_@_Fuse,_Brussels",,37,,Funk D' Void,Diabla (Samuel S. Session Remix) [Soma],Funk D' Void - Diabla (Samuel S. Session Remix) [Soma]
"2001-12-01 - Marco Carola @ Fuse, Brussels","https://www.mixesdb.com/w/2001-12-01_-_Marco_Carola_@_Fuse,_Brussels",,38,,,?,?
"2001-12-01 - Marco Carola @ Fuse, Brussels","https://www.mixesdb.com/w/2001-12-01_-_Marco_Carola_@_Fuse,_Brussels",,39,,,?,?
"2001-12-01 - Marco Carola @ Fuse, Brussels","https://www.mixesdb.com/w/2001-12-01_-_Marco_Carola_@_Fuse,_Brussels",,40,,Marco Carola,Playboy [Zenit],Marco Carola - Playboy [Zenit]
"2007-06-09 - Marco Carola @ Session Club, Bucharest","https://www.mixesdb.com/w/2007-06-09_-_Marco_Carola_@_Session_Club,_Bucharest",,1,,,?,?
"2007-06-09 - Marco Carola @ Session Club, Bucharest","https://www.mixesdb.com/w/2007-06-09_-_Marco_Carola_@_Session_Club,_Bucharest",,2,,,?,?
"2007-06-09 - Marco Carola @ Session Club, Bucharest","https://www.mixesdb.com/w/2007-06-09_-_Marco_Carola_@_Session_Club,_Bucharest",,3,,,?,?
"2007-06-09 - Marco Carola @ Session Club, Bucharest","https://www.mixesdb.com/w/2007-06-09_-_Marco_Carola_@_Session_Club,_Bucharest",,4,,,?,?
"2007-06-09 - Marco Carola @ Session Club, Bucharest","https://www.mixesdb.com/w/2007-06-09_-_Marco_Carola_@_Session_Club,_Bucharest",,5,,,?,?
"2007-06-09 - Marco Carola @ Session Club, Bucharest","https://www.mixesdb.com/w/2007-06-09_-_Marco_Carola_@_Session_Club,_Bucharest",,6,,Loko,Mulata (Deep Mix),Loko - Mulata (Deep Mix)
"2007-06-09 - Marco Carola @ Session Club, Bucharest","https://www.mixesdb.com/w/2007-06-09_-_Marco_Carola_@_Session_Club,_Bucharest",,7,,,?,?
"2007-06-09 - Marco Carola @ Session Club, Bucharest","https://www.mixesdb.com/w/2007-06-09_-_Marco_Carola_@_Session_Club,_Bucharest",,8,,Max Rosardo,Sophisticate,Max Rosardo - Sophisticate
"2007-06-09 - Marco Carola @ Session Club, Bucharest","https://www.mixesdb.com/w/2007-06-09_-_Marco_Carola_@_Session_Club,_Bucharest",,9,,,?,?
"2007-06-09 - Marco Carola @ Session Club, Bucharest","https://www.mixesdb.com/w/2007-06-09_-_Marco_Carola_@_Session_Club,_Bucharest",,10,,Loko,Mulata (Deep Mix),Loko - Mulata (Deep Mix)
"2007-06-09 - Marco Carola @ Session Club, Bucharest","https://www.mixesdb.com/w/2007-06-09_-_Marco_Carola_@_Session_Club,_Bucharest",,11,,,?,?
"2007-06-09 - Marco Carola @ Session Club, Bucharest","https://www.mixesdb.com/w/2007-06-09_-_Marco_Carola_@_Session_Club,_Bucharest",,12,,,?,?
"2007-06-09 - Marco Carola @ Session Club, Bucharest","https://www.mixesdb.com/w/2007-06-09_-_Marco_Carola_@_Session_Club,_Bucharest",,13,,,?,?
"2007-06-09 - Marco Carola @ Session Club, Bucharest","https://www.mixesdb.com/w/2007-06-09_-_Marco_Carola_@_Session_Club,_Bucharest",,14,,,?,?
"2007-06-09 - Marco Carola @ Session Club, Bucharest","https://www.mixesdb.com/w/2007-06-09_-_Marco_Carola_@_Session_Club,_Bucharest",,15,,,?,?
"2007-06-09 - Marco Carola @ Session Club, Bucharest","https://www.mixesdb.com/w/2007-06-09_-_Marco_Carola_@_Session_Club,_Bucharest",,16,,,?,?
"2007-06-09 - Marco Carola @ Session Club, Bucharest","https://www.mixesdb.com/w/2007-06-09_-_Marco_Carola_@_Session_Club,_Bucharest",,17,,Yarda,Hawaiian Funeral,Yarda - Hawaiian Funeral
"2007-06-09 - Marco Carola @ Session Club, Bucharest","https://www.mixesdb.com/w/2007-06-09_-_Marco_Carola_@_Session_Club,_Bucharest",,18,,Christian Burkhardt,Kreiskollaps (Federico Molinari Remix),Christian Burkhardt - Kreiskollaps (Federico Molinari Remix)
"2007-06-09 - Marco Carola @ Session Club, Bucharest","https://www.mixesdb.com/w/2007-06-09_-_Marco_Carola_@_Session_Club,_Bucharest",,19,,Polder,Strange Ways,Polder - Strange Ways
"2007-06-09 - Marco Carola @ Session Club, Bucharest","https://www.mixesdb.com/w/2007-06-09_-_Marco_Carola_@_Session_Club,_Bucharest",,20,,Chris Carrier,Don't Look Back,Chris Carrier - Don't Look Back
"2007-06-09 - Marco Carola @ Session Club, Bucharest","https://www.mixesdb.com/w/2007-06-09_-_Marco_Carola_@_Session_Club,_Bucharest",,21,,Vincenzo & John Selway,Dream Stealer (Joel Mull Remix),Vincenzo & John Selway - Dream Stealer (Joel Mull Remix)
"2007-06-09 - Marco Carola @ Session Club, Bucharest","https://www.mixesdb.com/w/2007-06-09_-_Marco_Carola_@_Session_Club,_Bucharest",,22,,Dub Taylor,Helicopter,Dub Taylor - Helicopter
"2007-06-09 - Marco Carola @ Session Club, Bucharest","https://www.mixesdb.com/w/2007-06-09_-_Marco_Carola_@_Session_Club,_Bucharest",,23,,Geoph Serge,Crypt Trooper,Geoph Serge - Crypt Trooper
"2007-06-09 - Marco Carola @ Session Club, Bucharest","https://www.mixesdb.com/w/2007-06-09_-_Marco_Carola_@_Session_Club,_Bucharest",,24,,Simon Baker,The Fly (My My Remix),Simon Baker - The Fly (My My Remix)
"2007-06-09 - Marco Carola @ Session Club, Bucharest","https://www.mixesdb.com/w/2007-06-09_-_Marco_Carola_@_Session_Club,_Bucharest",,25,,Jason Emsley,P.H.I.A.P.O.S.,Jason Emsley - P.H.I.A.P.O.S.
"2007-06-09 - Marco Carola @ Session Club, Bucharest","https://www.mixesdb.com/w/2007-06-09_-_Marco_Carola_@_Session_Club,_Bucharest",,26,,Pascal Feos & Chris Wood,Physics,Pascal Feos & Chris Wood - Physics
"2007-06-09 - Marco Carola @ Session Club, Bucharest","https://www.mixesdb.com/w/2007-06-09_-_Marco_Carola_@_Session_Club,_Bucharest",,27,,Bart Skils & Anton Pieete,The Running Man (Adam Beyer Remix Part 1),Bart Skils & Anton Pieete - The Running Man (Adam Beyer Remix Part 1)
"2007-08-25 - Marco Carola @ LoveParade, Abschlusskundgebung, Essen","https://www.mixesdb.com/w/2007-08-25_-_Marco_Carola_@_LoveParade,_Abschlusskundgebung,_Essen",,1,,Argy,Unreliable Virgin,Argy - Unreliable Virgin
"2007-08-25 - Marco Carola @ LoveParade, Abschlusskundgebung, Essen","https://www.mixesdb.com/w/2007-08-25_-_Marco_Carola_@_LoveParade,_Abschlusskundgebung,_Essen",,2,,Johnny D,Gualia,Johnny D - Gualia
"2007-08-25 - Marco Carola @ LoveParade, Abschlusskundgebung, Essen","https://www.mixesdb.com/w/2007-08-25_-_Marco_Carola_@_LoveParade,_Abschlusskundgebung,_Essen",,3,,Gel Abril,Very Wrong (Chaim Remix),Gel Abril - Very Wrong (Chaim Remix)
"2007-08-25 - Marco Carola @ LoveParade, Abschlusskundgebung, Essen","https://www.mixesdb.com/w/2007-08-25_-_Marco_Carola_@_LoveParade,_Abschlusskundgebung,_Essen",,4,,Patrick Bateman,Everglades (Massi DL's Acid Tears Mix),Patrick Bateman - Everglades (Massi DL's Acid Tears Mix)
"2007-08-25 - Marco Carola @ LoveParade, Abschlusskundgebung, Essen","https://www.mixesdb.com/w/2007-08-25_-_Marco_Carola_@_LoveParade,_Abschlusskundgebung,_Essen",,5,,Gabriel Ananda,Doppelwhipper (Tobi Becker & Dominik Eulberg Remix),Gabriel Ananda - Doppelwhipper (Tobi Becker & Dominik Eulberg Remix)
"2007-08-25 - Marco Carola @ LoveParade, Abschlusskundgebung, Essen","https://www.mixesdb.com/w/2007-08-25_-_Marco_Carola_@_LoveParade,_Abschlusskundgebung,_Essen",,6,,ITO & Star,Sudoko Kid,ITO & Star - Sudoko Kid
"2007-08-25 - Marco Carola @ LoveParade, Abschlusskundgebung, Essen","https://www.mixesdb.com/w/2007-08-25_-_Marco_Carola_@_LoveParade,_Abschlusskundgebung,_Essen",,7,,Kabale Und Liebe & Daniel Sanchez,Mumbling Yeah,Kabale Und Liebe & Daniel Sanchez - Mumbling Yeah
2001-12-19 - Marco Carola - Groovetech Radio,https://www.mixesdb.com/w/2001-12-19_-_Marco_Carola_-_Groovetech_Radio,,1,,Erosion,Erosion 2,Erosion - Erosion 2
2001-12-19 - Marco Carola - Groovetech Radio,https://www.mixesdb.com/w/2001-12-19_-_Marco_Carola_-_Groovetech_Radio,,2,,Maurizio,M-5 (A1),Maurizio - M-5 (A1)
2001-12-19 - Marco Carola - Groovetech Radio,https://www.mixesdb.com/w/2001-12-19_-_Marco_Carola_-_Groovetech_Radio,,3,,Infiniti,Starlight,Infiniti - Starlight
2001-12-19 - Marco Carola - Groovetech Radio,https://www.mixesdb.com/w/2001-12-19_-_Marco_Carola_-_Groovetech_Radio,,4,,Drum Komputer,Munk (Remix),Drum Komputer - Munk (Remix)
2001-12-19 - Marco Carola - Groovetech Radio,https://www.mixesdb.com/w/2001-12-19_-_Marco_Carola_-_Groovetech_Radio,,5,,,?,?
2001-12-19 - Marco Carola - Groovetech Radio,https://www.mixesdb.com/w/2001-12-19_-_Marco_Carola_-_Groovetech_Radio,,6,,,?,?
2001-12-19 - Marco Carola - Groovetech Radio,https://www.mixesdb.com/w/2001-12-19_-_Marco_Carola_-_Groovetech_Radio,,7,,,?,?
2001-12-19 - Marco Carola - Groovetech Radio,https://www.mixesdb.com/w/2001-12-19_-_Marco_Carola_-_Groovetech_Radio,,8,,,?,?
2001-12-19 - Marco Carola - Groovetech Radio,https://www.mixesdb.com/w/2001-12-19_-_Marco_Carola_-_Groovetech_Radio,,9,,,?,?
2001-12-19 - Marco Carola - Groovetech Radio,https://www.mixesdb.com/w/2001-12-19_-_Marco_Carola_-_Groovetech_Radio,,10,,Basic Channel,Phylyps Trak II-II,Basic Channel - Phylyps Trak II-II
2001-12-19 - Marco Carola - Groovetech Radio,https://www.mixesdb.com/w/2001-12-19_-_Marco_Carola_-_Groovetech_Radio,,11,,G-Man,Sparticus,G-Man - Sparticus
2001-12-19 - Marco Carola - Groovetech Radio,https://www.mixesdb.com/w/2001-12-19_-_Marco_Carola_-_Groovetech_Radio,,12,,G-Man,Zeno,G-Man - Zeno
2001-12-19 - Marco Carola - Groovetech Radio,https://www.mixesdb.com/w/2001-12-19_-_Marco_Carola_-_Groovetech_Radio,,13,,,?,?
2001-12-19 - Marco Carola - Groovetech Radio,https://www.mixesdb.com/w/2001-12-19_-_Marco_Carola_-_Groovetech_Radio,,14,,DJ Buck,Release The Tension,DJ Buck - Release The Tension
2001-12-19 - Marco Carola - Groovetech Radio,https://www.mixesdb.com/w/2001-12-19_-_Marco_Carola_-_Groovetech_Radio,,15,,,?,?
2001-12-19 - Marco Carola - Groovetech Radio,https://www.mixesdb.com/w/2001-12-19_-_Marco_Carola_-_Groovetech_Radio,,16,,Duplex,Autosave,Duplex - Autosave
2001-12-19 - Marco Carola - Groovetech Radio,https://www.mixesdb.com/w/2001-12-19_-_Marco_Carola_-_Groovetech_Radio,,17,,,?,?
2001-12-19 - Marco Carola - Groovetech Radio,https://www.mixesdb.com/w/2001-12-19_-_Marco_Carola_-_Groovetech_Radio,,18,,,?,?
2001-12-19 - Marco Carola - Groovetech Radio,https://www.mixesdb.com/w/2001-12-19_-_Marco_Carola_-_Groovetech_Radio,,19,,DJ Sneak,The Big juicy,DJ Sneak - The Big juicy
2001-12-19 - Marco Carola - Groovetech Radio,https://www.mixesdb.com/w/2001-12-19_-_Marco_Carola_-_Groovetech_Radio,,20,,Rue East,Snug Bar,Rue East - Snug Bar
2001-12-19 - Marco Carola - Groovetech Radio,https://www.mixesdb.com/w/2001-12-19_-_Marco_Carola_-_Groovetech_Radio,,21,,,?,?
2001-12-19 - Marco Carola - Groovetech Radio,https://www.mixesdb.com/w/2001-12-19_-_Marco_Carola_-_Groovetech_Radio,,22,,,?,?
2001-12-19 - Marco Carola - Groovetech Radio,https://www.mixesdb.com/w/2001-12-19_-_Marco_Carola_-_Groovetech_Radio,,23,,,?,?
2001-12-19 - Marco Carola - Groovetech Radio,https://www.mixesdb.com/w/2001-12-19_-_Marco_Carola_-_Groovetech_Radio,,24,,,?,?
2001-12-19 - Marco Carola - Groovetech Radio,https://www.mixesdb.com/w/2001-12-19_-_Marco_Carola_-_Groovetech_Radio,,25,,Vainqueur,Lyot (Maurizio Mix),Vainqueur - Lyot (Maurizio Mix)
2001-12-19 - Marco Carola - Groovetech Radio,https://www.mixesdb.com/w/2001-12-19_-_Marco_Carola_-_Groovetech_Radio,,26,,,?,?
2001-12-19 - Marco Carola - Groovetech Radio,https://www.mixesdb.com/w/2001-12-19_-_Marco_Carola_-_Groovetech_Radio,,27,,Funk D'Void,Diabla (Samuel L. Session Remix),Funk D'Void - Diabla (Samuel L. Session Remix)
2001-12-19 - Marco Carola - Groovetech Radio,https://www.mixesdb.com/w/2001-12-19_-_Marco_Carola_-_Groovetech_Radio,,28,,Rino Cerrone,Samba Diversion,Rino Cerrone - Samba Diversion
2001-12-19 - Marco Carola - Groovetech Radio,https://www.mixesdb.com/w/2001-12-19_-_Marco_Carola_-_Groovetech_Radio,,29,,The Advent,Recreations 2 (Marco Carola Remix),The Advent - Recreations 2 (Marco Carola Remix)
2001-12-19 - Marco Carola - Groovetech Radio,https://www.mixesdb.com/w/2001-12-19_-_Marco_Carola_-_Groovetech_Radio,,30,,,?,?
2001-12-19 - Marco Carola - Groovetech Radio,https://www.mixesdb.com/w/2001-12-19_-_Marco_Carola_-_Groovetech_Radio,,31,,Tiga & Mateo,Simulation,Tiga & Mateo - Simulation
2001-12-19 - Marco Carola - Groovetech Radio,https://www.mixesdb.com/w/2001-12-19_-_Marco_Carola_-_Groovetech_Radio,,32,,The Advent,Untitled (Mark Broom Remix),The Advent - Untitled (Mark Broom Remix)
2001-12-19 - Marco Carola - Groovetech Radio,https://www.mixesdb.com/w/2001-12-19_-_Marco_Carola_-_Groovetech_Radio,,33,,Marco Carola,Avalanche (Extended Mix),Marco Carola - Avalanche (Extended Mix)
2001-12-19 - Marco Carola - Groovetech Radio,https://www.mixesdb.com/w/2001-12-19_-_Marco_Carola_-_Groovetech_Radio,,34,,The Advent,Recreations (Player Remix),The Advent - Recreations (Player Remix)
2001-12-19 - Marco Carola - Groovetech Radio,https://www.mixesdb.com/w/2001-12-19_-_Marco_Carola_-_Groovetech_Radio,,35,,,?,?
2001-12-19 - Marco Carola - Groovetech Radio,https://www.mixesdb.com/w/2001-12-19_-_Marco_Carola_-_Groovetech_Radio,,36,,,?,?
2001-12-19 - Marco Carola - Groovetech Radio,https://www.mixesdb.com/w/2001-12-19_-_Marco_Carola_-_Groovetech_Radio,,37,,The Advent,Recreations (Gaetano Parisio Remix),The Advent - Recreations (Gaetano Parisio Remix)
2001-12-19 - Marco Carola - Groovetech Radio,https://www.mixesdb.com/w/2001-12-19_-_Marco_Carola_-_Groovetech_Radio,,38,,The Advent,Recreations 2 (Frank Hunter Remix),The Advent - Recreations 2 (Frank Hunter Remix)
2001-12-19 - Marco Carola - Groovetech Radio,https://www.mixesdb.com/w/2001-12-19_-_Marco_Carola_-_Groovetech_Radio,,39,,,?,?
2001-12-19 - Marco Carola - Groovetech Radio,https://www.mixesdb.com/w/2001-12-19_-_Marco_Carola_-_Groovetech_Radio,,40,,,?,?
2001-12-19 - Marco Carola - Groovetech Radio,https://www.mixesdb.com/w/2001-12-19_-_Marco_Carola_-_Groovetech_Radio,,41,,The Advent,Recreations 2 (Regis Remix),The Advent - Recreations 2 (Regis Remix)
2001-12-19 - Marco Carola - Groovetech Radio,https://www.mixesdb.com/w/2001-12-19_-_Marco_Carola_-_Groovetech_Radio,,42,,,?,?
2001-12-19 - Marco Carola - Groovetech Radio,https://www.mixesdb.com/w/2001-12-19_-_Marco_Carola_-_Groovetech_Radio,,43,,Marco Carola,Playboy,Marco Carola - Playboy
2001-12-19 - Marco Carola - Groovetech Radio,https://www.mixesdb.com/w/2001-12-19_-_Marco_Carola_-_Groovetech_Radio,,44,,Marco Carola,Open Source,Marco Carola - Open Source
2001-12-19 - Marco Carola - Groovetech Radio,https://www.mixesdb.com/w/2001-12-19_-_Marco_Carola_-_Groovetech_Radio,,45,,,?,?
2001-12-19 - Marco Carola - Groovetech Radio,https://www.mixesdb.com/w/2001-12-19_-_Marco_Carola_-_Groovetech_Radio,,46,,Jel Ford,Distinctly Neapolitan (Marco Carola Remix),Jel Ford - Distinctly Neapolitan (Marco Carola Remix)
2001-12-19 - Marco Carola - Groovetech Radio,https://www.mixesdb.com/w/2001-12-19_-_Marco_Carola_-_Groovetech_Radio,,47,,,?,?
"2005-10-08 - Marco Carola @ Diabolika, NRG Superclub, Rome","https://www.mixesdb.com/w/2005-10-08_-_Marco_Carola_@_Diabolika,_NRG_Superclub,_Rome",,1,,Alex Under,"Aditah, La Granjerita","Alex Under - Aditah, La Granjerita"
"2005-10-08 - Marco Carola @ Diabolika, NRG Superclub, Rome","https://www.mixesdb.com/w/2005-10-08_-_Marco_Carola_@_Diabolika,_NRG_Superclub,_Rome",,2,,Alex Under,De Dos Realidades + Loops Extracted from Live,Alex Under - De Dos Realidades + Loops Extracted from Live
"2005-10-08 - Marco Carola @ Diabolika, NRG Superclub, Rome","https://www.mixesdb.com/w/2005-10-08_-_Marco_Carola_@_Diabolika,_NRG_Superclub,_Rome",,3,,,?,?
"2005-10-08 - Marco Carola @ Diabolika, NRG Superclub, Rome","https://www.mixesdb.com/w/2005-10-08_-_Marco_Carola_@_Diabolika,_NRG_Superclub,_Rome",,4,,Plastikman,Sickness (Guido Schneider Remix),Plastikman - Sickness (Guido Schneider Remix)
"2005-10-08 - Marco Carola @ Diabolika, NRG Superclub, Rome","https://www.mixesdb.com/w/2005-10-08_-_Marco_Carola_@_Diabolika,_NRG_Superclub,_Rome",,5,,Cirez D,Teaser,Cirez D - Teaser
"2005-10-08 - Marco Carola @ Diabolika, NRG Superclub, Rome","https://www.mixesdb.com/w/2005-10-08_-_Marco_Carola_@_Diabolika,_NRG_Superclub,_Rome",,6,,,?,?
"2005-10-08 - Marco Carola @ Diabolika, NRG Superclub, Rome","https://www.mixesdb.com/w/2005-10-08_-_Marco_Carola_@_Diabolika,_NRG_Superclub,_Rome",,7,,,?,?
"2005-10-08 - Marco Carola @ Diabolika, NRG Superclub, Rome","https://www.mixesdb.com/w/2005-10-08_-_Marco_Carola_@_Diabolika,_NRG_Superclub,_Rome",,8,,Slam Feat. Tyrone Palmer,This World (Wighnomy Brothers & Robag Wruhme Bukklefipps Remix),Slam Feat. Tyrone Palmer - This World (Wighnomy Brothers & Robag Wruhme Bukklefipps Remix)
"2005-10-08 - Marco Carola @ Diabolika, NRG Superclub, Rome","https://www.mixesdb.com/w/2005-10-08_-_Marco_Carola_@_Diabolika,_NRG_Superclub,_Rome",,9,,Tadeo,Bateria Lup,Tadeo - Bateria Lup
"2005-10-08 - Marco Carola @ Diabolika, NRG Superclub, Rome","https://www.mixesdb.com/w/2005-10-08_-_Marco_Carola_@_Diabolika,_NRG_Superclub,_Rome",,10,,Alex Under,Distantes,Alex Under - Distantes
"2005-10-08 - Marco Carola @ Diabolika, NRG Superclub, Rome","https://www.mixesdb.com/w/2005-10-08_-_Marco_Carola_@_Diabolika,_NRG_Superclub,_Rome",,11,,Jussi-Pekka,Let It Go (Don't Worry),Jussi-Pekka - Let It Go (Don't Worry)
"2005-10-08 - Marco Carola @ Diabolika, NRG Superclub, Rome","https://www.mixesdb.com/w/2005-10-08_-_Marco_Carola_@_Diabolika,_NRG_Superclub,_Rome",,12,,Cirez D,Lost Love,Cirez D - Lost Love
"2005-10-08 - Marco Carola @ Diabolika, NRG Superclub, Rome","https://www.mixesdb.com/w/2005-10-08_-_Marco_Carola_@_Diabolika,_NRG_Superclub,_Rome",,13,,Adam Beyer,A Walking Contradiction Part 1,Adam Beyer - A Walking Contradiction Part 1
"2005-10-08 - Marco Carola @ Diabolika, NRG Superclub, Rome","https://www.mixesdb.com/w/2005-10-08_-_Marco_Carola_@_Diabolika,_NRG_Superclub,_Rome",,14,,Plastikman,Spastik,Plastikman - Spastik
"2005-10-08 - Marco Carola @ Diabolika, NRG Superclub, Rome","https://www.mixesdb.com/w/2005-10-08_-_Marco_Carola_@_Diabolika,_NRG_Superclub,_Rome",,15,,Misstress Barbara,I Love You,Misstress Barbara - I Love You
"2005-10-08 - Marco Carola @ Diabolika, NRG Superclub, Rome","https://www.mixesdb.com/w/2005-10-08_-_Marco_Carola_@_Diabolika,_NRG_Superclub,_Rome",,16,,Digital Express,The Club (Michel de Hey Remix),Digital Express - The Club (Michel de Hey Remix)
"2005-10-08 - Marco Carola @ Diabolika, NRG Superclub, Rome","https://www.mixesdb.com/w/2005-10-08_-_Marco_Carola_@_Diabolika,_NRG_Superclub,_Rome",,17,,DJ Fuse,Sometimes It Has To Be Stupid,DJ Fuse - Sometimes It Has To Be Stupid
"2005-10-08 - Marco Carola @ Diabolika, NRG Superclub, Rome","https://www.mixesdb.com/w/2005-10-08_-_Marco_Carola_@_Diabolika,_NRG_Superclub,_Rome",,18,,Britney Spears,Breathe On Me (James Holden Dub),Britney Spears - Breathe On Me (James Holden Dub)
"2005-10-08 - Marco Carola @ Diabolika, NRG Superclub, Rome","https://www.mixesdb.com/w/2005-10-08_-_Marco_Carola_@_Diabolika,_NRG_Superclub,_Rome",,19,,Autotune,Keep It Wrong,Autotune - Keep It Wrong
"2005-06-07 - Marco Carola @ Meganite, Privilege, Ibiza","https://www.mixesdb.com/w/2005-06-07_-_Marco_Carola_@_Meganite,_Privilege,_Ibiza",,1,,Skugge and Stavostrand,Kaolin Jam,Skugge and Stavostrand - Kaolin Jam
"2005-06-07 - Marco Carola @ Meganite, Privilege, Ibiza","https://www.mixesdb.com/w/2005-06-07_-_Marco_Carola_@_Meganite,_Privilege,_Ibiza",,2,,John Tejada,Inside Out,John Tejada - Inside Out
"2005-06-07 - Marco Carola @ Meganite, Privilege, Ibiza","https://www.mixesdb.com/w/2005-06-07_-_Marco_Carola_@_Meganite,_Privilege,_Ibiza",,3,,,?,?
"2005-06-07 - Marco Carola @ Meganite, Privilege, Ibiza","https://www.mixesdb.com/w/2005-06-07_-_Marco_Carola_@_Meganite,_Privilege,_Ibiza",,4,,Jay Haze & Jeff Samuel,Beautiful,Jay Haze & Jeff Samuel - Beautiful
"2005-06-07 - Marco Carola @ Meganite, Privilege, Ibiza","https://www.mixesdb.com/w/2005-06-07_-_Marco_Carola_@_Meganite,_Privilege,_Ibiza",,5,,,?,?
"2005-06-07 - Marco Carola @ Meganite, Privilege, Ibiza","https://www.mixesdb.com/w/2005-06-07_-_Marco_Carola_@_Meganite,_Privilege,_Ibiza",,6,,Johnny Dangerous,I Beat That Bitch (Marc Houle's RSR Edit),Johnny Dangerous - I Beat That Bitch (Marc Houle's RSR Edit)
"2005-06-07 - Marco Carola @ Meganite, Privilege, Ibiza","https://www.mixesdb.com/w/2005-06-07_-_Marco_Carola_@_Meganite,_Privilege,_Ibiza",,7,,Troy Pierce,Horse Nation,Troy Pierce - Horse Nation
"2005-06-07 - Marco Carola @ Meganite, Privilege, Ibiza","https://www.mixesdb.com/w/2005-06-07_-_Marco_Carola_@_Meganite,_Privilege,_Ibiza",,8,,Koljah,My Room,Koljah - My Room
"2005-06-07 - Marco Carola @ Meganite, Privilege, Ibiza","https://www.mixesdb.com/w/2005-06-07_-_Marco_Carola_@_Meganite,_Privilege,_Ibiza",,9,,Troy Pierce,King Contrary Man,Troy Pierce - King Contrary Man
"2005-06-07 - Marco Carola @ Meganite, Privilege, Ibiza","https://www.mixesdb.com/w/2005-06-07_-_Marco_Carola_@_Meganite,_Privilege,_Ibiza",,10,,Trentemøller,Chamaleon,Trentemøller - Chamaleon
"2005-06-07 - Marco Carola @ Meganite, Privilege, Ibiza","https://www.mixesdb.com/w/2005-06-07_-_Marco_Carola_@_Meganite,_Privilege,_Ibiza",,11,,Glimpse,Undecided Grace,Glimpse - Undecided Grace
"2005-06-07 - Marco Carola @ Meganite, Privilege, Ibiza","https://www.mixesdb.com/w/2005-06-07_-_Marco_Carola_@_Meganite,_Privilege,_Ibiza",,12,,Tadeo,Bateria Lup!,Tadeo - Bateria Lup!
"2005-06-07 - Marco Carola @ Meganite, Privilege, Ibiza","https://www.mixesdb.com/w/2005-06-07_-_Marco_Carola_@_Meganite,_Privilege,_Ibiza",,13,,Jeff Samuel,Knob,Jeff Samuel - Knob
"2005-06-07 - Marco Carola @ Meganite, Privilege, Ibiza","https://www.mixesdb.com/w/2005-06-07_-_Marco_Carola_@_Meganite,_Privilege,_Ibiza",,14,,Jesse Rose,A-sided,Jesse Rose - A-sided
"2005-06-07 - Marco Carola @ Meganite, Privilege, Ibiza","https://www.mixesdb.com/w/2005-06-07_-_Marco_Carola_@_Meganite,_Privilege,_Ibiza",,15,,Swat-Squad,Zangano,Swat-Squad - Zangano
"2005-06-07 - Marco Carola @ Meganite, Privilege, Ibiza","https://www.mixesdb.com/w/2005-06-07_-_Marco_Carola_@_Meganite,_Privilege,_Ibiza",,16,,Slam Feat. Tyrone Palmer,This World (Wighnomy Brothers Remix),Slam Feat. Tyrone Palmer - This World (Wighnomy Brothers Remix)
"2005-06-07 - Marco Carola @ Meganite, Privilege, Ibiza","https://www.mixesdb.com/w/2005-06-07_-_Marco_Carola_@_Meganite,_Privilege,_Ibiza",,17,,Alex Under,Cerebrate De Schizofrenia,Alex Under - Cerebrate De Schizofrenia
"2005-06-07 - Marco Carola @ Meganite, Privilege, Ibiza","https://www.mixesdb.com/w/2005-06-07_-_Marco_Carola_@_Meganite,_Privilege,_Ibiza",,18,,Alex Under,Distantes,Alex Under - Distantes
"2005-06-07 - Marco Carola @ Meganite, Privilege, Ibiza","https://www.mixesdb.com/w/2005-06-07_-_Marco_Carola_@_Meganite,_Privilege,_Ibiza",,19,,Jussi-Pekka,Let It Go (Don't Worry),Jussi-Pekka - Let It Go (Don't Worry)
"2005-06-07 - Marco Carola @ Meganite, Privilege, Ibiza","https://www.mixesdb.com/w/2005-06-07_-_Marco_Carola_@_Meganite,_Privilege,_Ibiza",,20,,Wax,Crocodile,Wax - Crocodile
"2005-06-07 - Marco Carola @ Meganite, Privilege, Ibiza","https://www.mixesdb.com/w/2005-06-07_-_Marco_Carola_@_Meganite,_Privilege,_Ibiza",,21,,,?,?
"2005-06-07 - Marco Carola @ Meganite, Privilege, Ibiza","https://www.mixesdb.com/w/2005-06-07_-_Marco_Carola_@_Meganite,_Privilege,_Ibiza",,22,,DJ Fuse,Sometimes It Has To Be Funny,DJ Fuse - Sometimes It Has To Be Funny
"2005-06-07 - Marco Carola @ Meganite, Privilege, Ibiza","https://www.mixesdb.com/w/2005-06-07_-_Marco_Carola_@_Meganite,_Privilege,_Ibiza",,23,,Mathias Schaffhäuser,Coincidance (Trentemøller Remix),Mathias Schaffhäuser - Coincidance (Trentemøller Remix)
"2005-06-07 - Marco Carola @ Meganite, Privilege, Ibiza","https://www.mixesdb.com/w/2005-06-07_-_Marco_Carola_@_Meganite,_Privilege,_Ibiza",,24,,Adam Beyer,A Walking Contradiction Part I,Adam Beyer - A Walking Contradiction Part I
"2005-06-07 - Marco Carola @ Meganite, Privilege, Ibiza","https://www.mixesdb.com/w/2005-06-07_-_Marco_Carola_@_Meganite,_Privilege,_Ibiza",,25,,Compass,Unknown [Plus8091],Compass - Unknown [Plus8091]
"2005-06-07 - Marco Carola @ Meganite, Privilege, Ibiza","https://www.mixesdb.com/w/2005-06-07_-_Marco_Carola_@_Meganite,_Privilege,_Ibiza",,26,,,?,?
"2005-06-07 - Marco Carola @ Meganite, Privilege, Ibiza","https://www.mixesdb.com/w/2005-06-07_-_Marco_Carola_@_Meganite,_Privilege,_Ibiza",,27,,,?,?
"2005-06-07 - Marco Carola @ Meganite, Privilege, Ibiza","https://www.mixesdb.com/w/2005-06-07_-_Marco_Carola_@_Meganite,_Privilege,_Ibiza",,28,,Digital Express,The Club 2005 (Michel de Hey Remix),Digital Express - The Club 2005 (Michel de Hey Remix)
"2005-06-07 - Marco Carola @ Meganite, Privilege, Ibiza","https://www.mixesdb.com/w/2005-06-07_-_Marco_Carola_@_Meganite,_Privilege,_Ibiza",,29,,Davide Squillace,Bike On The Rocks,Davide Squillace - Bike On The Rocks
"2005-06-07 - Marco Carola @ Meganite, Privilege, Ibiza","https://www.mixesdb.com/w/2005-06-07_-_Marco_Carola_@_Meganite,_Privilege,_Ibiza",,30,,,?,?
"2005-06-07 - Marco Carola @ Meganite, Privilege, Ibiza","https://www.mixesdb.com/w/2005-06-07_-_Marco_Carola_@_Meganite,_Privilege,_Ibiza",,31,,,?,?
"2005-06-07 - Marco Carola @ Meganite, Privilege, Ibiza","https://www.mixesdb.com/w/2005-06-07_-_Marco_Carola_@_Meganite,_Privilege,_Ibiza",,32,,Sterac,Alienated,Sterac - Alienated
"2005-06-07 - Marco Carola @ Meganite, Privilege, Ibiza","https://www.mixesdb.com/w/2005-06-07_-_Marco_Carola_@_Meganite,_Privilege,_Ibiza",,33,,Paul Mac,From Below Beats,Paul Mac - From Below Beats
"2005-06-07 - Marco Carola @ Meganite, Privilege, Ibiza","https://www.mixesdb.com/w/2005-06-07_-_Marco_Carola_@_Meganite,_Privilege,_Ibiza",,34,,Wishmountain,Radio,Wishmountain - Radio
"2003-06-03 - Marco Carola @ Necto Club, Detroit","https://www.mixesdb.com/w/2003-06-03_-_Marco_Carola_@_Necto_Club,_Detroit",,1,,Gadgets,On / Off 5 (Danilo Vigorito Remix),Gadgets - On / Off 5 (Danilo Vigorito Remix)
"2003-06-03 - Marco Carola @ Necto Club, Detroit","https://www.mixesdb.com/w/2003-06-03_-_Marco_Carola_@_Necto_Club,_Detroit",,2,,Yaz & Miko,Straight To The Sun,Yaz & Miko - Straight To The Sun
"2003-06-03 - Marco Carola @ Necto Club, Detroit","https://www.mixesdb.com/w/2003-06-03_-_Marco_Carola_@_Necto_Club,_Detroit",,3,,Danilo Vigorito & Gaetano Parisio,Logica (B1),Danilo Vigorito & Gaetano Parisio - Logica (B1)
"2003-06-03 - Marco Carola @ Necto Club, Detroit","https://www.mixesdb.com/w/2003-06-03_-_Marco_Carola_@_Necto_Club,_Detroit",,4,,Markantonio,Splitter,Markantonio - Splitter
"2003-06-03 - Marco Carola @ Necto Club, Detroit","https://www.mixesdb.com/w/2003-06-03_-_Marco_Carola_@_Necto_Club,_Detroit",,5,,Fortek,New Form,Fortek - New Form
"2003-06-03 - Marco Carola @ Necto Club, Detroit","https://www.mixesdb.com/w/2003-06-03_-_Marco_Carola_@_Necto_Club,_Detroit",,6,,Danilo Vigorito,Re-Frame (B2),Danilo Vigorito - Re-Frame (B2)
"2003-06-03 - Marco Carola @ Necto Club, Detroit","https://www.mixesdb.com/w/2003-06-03_-_Marco_Carola_@_Necto_Club,_Detroit",,7,,Marco Carola,Promo,Marco Carola - Promo
"2003-06-03 - Marco Carola @ Necto Club, Detroit","https://www.mixesdb.com/w/2003-06-03_-_Marco_Carola_@_Necto_Club,_Detroit",,8,,Steve Rachmad,Repaired,Steve Rachmad - Repaired
"2003-06-03 - Marco Carola @ Necto Club, Detroit","https://www.mixesdb.com/w/2003-06-03_-_Marco_Carola_@_Necto_Club,_Detroit",,9,,Wilko,Yankee Blue Jeans,Wilko - Yankee Blue Jeans
"2003-06-03 - Marco Carola @ Necto Club, Detroit","https://www.mixesdb.com/w/2003-06-03_-_Marco_Carola_@_Necto_Club,_Detroit",,10,,Paco Osuna,Vida Loca,Paco Osuna - Vida Loca
"2003-06-03 - Marco Carola @ Necto Club, Detroit","https://www.mixesdb.com/w/2003-06-03_-_Marco_Carola_@_Necto_Club,_Detroit",,11,,JB3,Push,JB3 - Push
"2003-06-03 - Marco Carola @ Necto Club, Detroit","https://www.mixesdb.com/w/2003-06-03_-_Marco_Carola_@_Necto_Club,_Detroit",,12,,Quartz,Felix,Quartz - Felix
"2003-06-03 - Marco Carola @ Necto Club, Detroit","https://www.mixesdb.com/w/2003-06-03_-_Marco_Carola_@_Necto_Club,_Detroit",,13,,Roland Klinkenberg,Cafeinne,Roland Klinkenberg - Cafeinne
"2003-06-03 - Marco Carola @ Necto Club, Detroit","https://www.mixesdb.com/w/2003-06-03_-_Marco_Carola_@_Necto_Club,_Detroit",,14,,David Lazzari,Evolution,David Lazzari - Evolution
"2003-06-03 - Marco Carola @ Necto Club, Detroit","https://www.mixesdb.com/w/2003-06-03_-_Marco_Carola_@_Necto_Club,_Detroit",,15,,Len Faki,Figure 1.1,Len Faki - Figure 1.1
"2003-06-03 - Marco Carola @ Necto Club, Detroit","https://www.mixesdb.com/w/2003-06-03_-_Marco_Carola_@_Necto_Club,_Detroit",,16,,Heckmann And Henze,Bang Your Back + John Thomas - Jacks,Heckmann And Henze - Bang Your Back + John Thomas - Jacks
"2003-06-03 - Marco Carola @ Necto Club, Detroit","https://www.mixesdb.com/w/2003-06-03_-_Marco_Carola_@_Necto_Club,_Detroit",,17,,Scan X,The Blade,Scan X - The Blade
"2003-06-03 - Marco Carola @ Necto Club, Detroit","https://www.mixesdb.com/w/2003-06-03_-_Marco_Carola_@_Necto_Club,_Detroit",,18,,Markantonio & Rino Cerrone,Swiper,Markantonio & Rino Cerrone - Swiper
"2003-06-03 - Marco Carola @ Necto Club, Detroit","https://www.mixesdb.com/w/2003-06-03_-_Marco_Carola_@_Necto_Club,_Detroit",,19,,R Factors,G-Explorer,R Factors - G-Explorer
"2003-06-03 - Marco Carola @ Necto Club, Detroit","https://www.mixesdb.com/w/2003-06-03_-_Marco_Carola_@_Necto_Club,_Detroit",,20,,Fortek,Ther Is No Way That Really Fils There,Fortek - Ther Is No Way That Really Fils There
"2003-06-03 - Marco Carola @ Necto Club, Detroit","https://www.mixesdb.com/w/2003-06-03_-_Marco_Carola_@_Necto_Club,_Detroit",,21,,Marco Carola & Cisco Ferreira,End Of Chapter,Marco Carola & Cisco Ferreira - End Of Chapter
"2003-06-03 - Marco Carola @ Necto Club, Detroit","https://www.mixesdb.com/w/2003-06-03_-_Marco_Carola_@_Necto_Club,_Detroit",,22,,Marco Carola,Diapason,Marco Carola - Diapason
"2003-06-03 - Marco Carola @ Necto Club, Detroit","https://www.mixesdb.com/w/2003-06-03_-_Marco_Carola_@_Necto_Club,_Detroit",,23,,Chris Liebing,American Madness,Chris Liebing - American Madness
"2003-06-03 - Marco Carola @ Necto Club, Detroit","https://www.mixesdb.com/w/2003-06-03_-_Marco_Carola_@_Necto_Club,_Detroit",,24,,Danilo Vigorito & Gaetano Parisio,Logica (C1),Danilo Vigorito & Gaetano Parisio - Logica (C1)
"2003-06-03 - Marco Carola @ Necto Club, Detroit","https://www.mixesdb.com/w/2003-06-03_-_Marco_Carola_@_Necto_Club,_Detroit",,25,,Bryan Zentz,Gatmetal,Bryan Zentz - Gatmetal
"2003-06-03 - Marco Carola @ Necto Club, Detroit","https://www.mixesdb.com/w/2003-06-03_-_Marco_Carola_@_Necto_Club,_Detroit",,26,,Len Faki,Figure 1.3,Len Faki - Figure 1.3
"2003-06-03 - Marco Carola @ Necto Club, Detroit","https://www.mixesdb.com/w/2003-06-03_-_Marco_Carola_@_Necto_Club,_Detroit",,27,,,?,?
"2003-06-03 - Marco Carola @ Necto Club, Detroit","https://www.mixesdb.com/w/2003-06-03_-_Marco_Carola_@_Necto_Club,_Detroit",,28,,G & VCT,Blizzard (Stanny Franssen Remix),G & VCT - Blizzard (Stanny Franssen Remix)
"2003-06-03 - Marco Carola @ Necto Club, Detroit","https://www.mixesdb.com/w/2003-06-03_-_Marco_Carola_@_Necto_Club,_Detroit",,29,,Marco Bailey,Capture (Adam Beyer & Henrik B Remix),Marco Bailey - Capture (Adam Beyer & Henrik B Remix)
"2003-06-03 - Marco Carola @ Necto Club, Detroit","https://www.mixesdb.com/w/2003-06-03_-_Marco_Carola_@_Necto_Club,_Detroit",,30,,Ben Sims,City Life (Marco Bailey Remix),Ben Sims - City Life (Marco Bailey Remix)
"2003-06-03 - Marco Carola @ Necto Club, Detroit","https://www.mixesdb.com/w/2003-06-03_-_Marco_Carola_@_Necto_Club,_Detroit",,31,,Marco Lenzi,Taboo,Marco Lenzi - Taboo
"2003-06-03 - Marco Carola @ Necto Club, Detroit","https://www.mixesdb.com/w/2003-06-03_-_Marco_Carola_@_Necto_Club,_Detroit",,32,,Marco Carola & Cisco Ferreira,Night Clan,Marco Carola & Cisco Ferreira - Night Clan
"2003-06-03 - Marco Carola @ Necto Club, Detroit","https://www.mixesdb.com/w/2003-06-03_-_Marco_Carola_@_Necto_Club,_Detroit",,33,,Thomas Krome,"Monda'base (Frfesten, Sne Granne)","Thomas Krome - Monda'base (Frfesten, Sne Granne)"
"2003-06-03 - Marco Carola @ Necto Club, Detroit","https://www.mixesdb.com/w/2003-06-03_-_Marco_Carola_@_Necto_Club,_Detroit",,34,,Marco Carola,The Quest,Marco Carola - The Quest
"2003-06-03 - Marco Carola @ Necto Club, Detroit","https://www.mixesdb.com/w/2003-06-03_-_Marco_Carola_@_Necto_Club,_Detroit",,35,,Del Sud,La Puerta Del Sol,Del Sud - La Puerta Del Sol
"2003-06-03 - Marco Carola @ Necto Club, Detroit","https://www.mixesdb.com/w/2003-06-03_-_Marco_Carola_@_Necto_Club,_Detroit",,36,,Faithless,We Come One (Dave Clarke Remix),Faithless - We Come One (Dave Clarke Remix)
"2003-06-03 - Marco Carola @ Necto Club, Detroit","https://www.mixesdb.com/w/2003-06-03_-_Marco_Carola_@_Necto_Club,_Detroit",,37,,Joris Voorn,04 (Re-Phrased),Joris Voorn - 04 (Re-Phrased)
"2003-06-03 - Marco Carola @ Necto Club, Detroit","https://www.mixesdb.com/w/2003-06-03_-_Marco_Carola_@_Necto_Club,_Detroit",,38,,Chris Liebing,Gassenhauer (Marco Carola Remix),Chris Liebing - Gassenhauer (Marco Carola Remix)
"2003-06-03 - Marco Carola @ Necto Club, Detroit","https://www.mixesdb.com/w/2003-06-03_-_Marco_Carola_@_Necto_Club,_Detroit",,39,,,?,?
"2003-06-03 - Marco Carola @ Necto Club, Detroit","https://www.mixesdb.com/w/2003-06-03_-_Marco_Carola_@_Necto_Club,_Detroit",,40,,Kiko,World Cup 2.0 (A1),Kiko - World Cup 2.0 (A1)
"2003-06-03 - Marco Carola @ Necto Club, Detroit","https://www.mixesdb.com/w/2003-06-03_-_Marco_Carola_@_Necto_Club,_Detroit",,41,,,?,?
2011-03-28 - Marco Carola - RA Podcast (RA.252),https://www.mixesdb.com/w/2011-03-28_-_Marco_Carola_-_RA_Podcast_(RA.252),,1,00,Franco Cinelli,Landscapes Of The Future [Greener],Franco Cinelli - Landscapes Of The Future [Greener]
2011-03-28 - Marco Carola - RA Podcast (RA.252),https://www.mixesdb.com/w/2011-03-28_-_Marco_Carola_-_RA_Podcast_(RA.252),,2,01,Doubtingthomas,It Keeps You Occupied While You're On The Flight [Manual - MANCD 004DISC1],Doubtingthomas - It Keeps You Occupied While You're On The Flight [Manual - MANCD 004DISC1]
2011-03-28 - Marco Carola - RA Podcast (RA.252),https://www.mixesdb.com/w/2011-03-28_-_Marco_Carola_-_RA_Podcast_(RA.252),,3,06,Hanfry Martinez,Rollomixer [Overall - OVLLM 05],Hanfry Martinez - Rollomixer [Overall - OVLLM 05]
2011-03-28 - Marco Carola - RA Podcast (RA.252),https://www.mixesdb.com/w/2011-03-28_-_Marco_Carola_-_RA_Podcast_(RA.252),,4,10,Hamid,People From Reykjavik (Doubtingthomas Remix) [Metroline - MLTD 041D],Hamid - People From Reykjavik (Doubtingthomas Remix) [Metroline - MLTD 041D]
2011-03-28 - Marco Carola - RA Podcast (RA.252),https://www.mixesdb.com/w/2011-03-28_-_Marco_Carola_-_RA_Podcast_(RA.252),,5,14,Frank Haag,Lust,Frank Haag - Lust
2011-03-28 - Marco Carola - RA Podcast (RA.252),https://www.mixesdb.com/w/2011-03-28_-_Marco_Carola_-_RA_Podcast_(RA.252),,6,19,Los Suruba,Drogo [Time Has Changed - THCD 027],Los Suruba - Drogo [Time Has Changed - THCD 027]
2011-03-28 - Marco Carola - RA Podcast (RA.252),https://www.mixesdb.com/w/2011-03-28_-_Marco_Carola_-_RA_Podcast_(RA.252),,7,24,Jako & Rumba,Drift [Fontek],Jako & Rumba - Drift [Fontek]
2011-03-28 - Marco Carola - RA Podcast (RA.252),https://www.mixesdb.com/w/2011-03-28_-_Marco_Carola_-_RA_Podcast_(RA.252),,8,30,S.M.A.L.L.,Fat Sundaze (Fabio Gianelli Remix) [District Raw],S.M.A.L.L. - Fat Sundaze (Fabio Gianelli Remix) [District Raw]
2011-03-28 - Marco Carola - RA Podcast (RA.252),https://www.mixesdb.com/w/2011-03-28_-_Marco_Carola_-_RA_Podcast_(RA.252),,9,36,Alberto Sola,Asi Seran Los Dias (Someone Else Mix) [Natural Rhythm - N 16],Alberto Sola - Asi Seran Los Dias (Someone Else Mix) [Natural Rhythm - N 16]
2011-03-28 - Marco Carola - RA Podcast (RA.252),https://www.mixesdb.com/w/2011-03-28_-_Marco_Carola_-_RA_Podcast_(RA.252),,10,41,Ikee & Manolaco,Part Mute [Arjaus],Ikee & Manolaco - Part Mute [Arjaus]
2011-03-28 - Marco Carola - RA Podcast (RA.252),https://www.mixesdb.com/w/2011-03-28_-_Marco_Carola_-_RA_Podcast_(RA.252),,11,46,The Soulshapes,Deep Rohes (Rohes Mix) [Real Tone - RTR 044],The Soulshapes - Deep Rohes (Rohes Mix) [Real Tone - RTR 044]
2011-03-28 - Marco Carola - RA Podcast (RA.252),https://www.mixesdb.com/w/2011-03-28_-_Marco_Carola_-_RA_Podcast_(RA.252),,12,49,Digitaline,Okoubaka [Cadenza - 54],Digitaline - Okoubaka [Cadenza - 54]
2011-03-28 - Marco Carola - RA Podcast (RA.252),https://www.mixesdb.com/w/2011-03-28_-_Marco_Carola_-_RA_Podcast_(RA.252),,13,52,Rickzor & Rumme,Love [Rogue],Rickzor & Rumme - Love [Rogue]
2011-03-28 - Marco Carola - RA Podcast (RA.252),https://www.mixesdb.com/w/2011-03-28_-_Marco_Carola_-_RA_Podcast_(RA.252),,14,57,Marco Carola,Magic Tribe [Minus - 106],Marco Carola - Magic Tribe [Minus - 106]
2011-03-28 - Marco Carola - RA Podcast (RA.252),https://www.mixesdb.com/w/2011-03-28_-_Marco_Carola_-_RA_Podcast_(RA.252),,15,63,Koki,For My Love [Isgud],Koki - For My Love [Isgud]
2011-03-28 - Marco Carola - RA Podcast (RA.252),https://www.mixesdb.com/w/2011-03-28_-_Marco_Carola_-_RA_Podcast_(RA.252),,16,66,Milkwish,Relajate (Sebbo & Agent! Remix) [Natura Viva - NATLTD 001],Milkwish - Relajate (Sebbo & Agent! Remix) [Natura Viva - NATLTD 001]
2011-03-28 - Marco Carola - RA Podcast (RA.252),https://www.mixesdb.com/w/2011-03-28_-_Marco_Carola_-_RA_Podcast_(RA.252),,17,72,The Martinez Brothers,Issshhh! (Beats) [Objektivity - OBJ 018-D],The Martinez Brothers - Issshhh! (Beats) [Objektivity - OBJ 018-D]
2011-03-28 - Marco Carola - RA Podcast (RA.252),https://www.mixesdb.com/w/2011-03-28_-_Marco_Carola_-_RA_Podcast_(RA.252),,18,77,Marco Carola,Question Of Time [Minus - 106],Marco Carola - Question Of Time [Minus - 106]
"2011-11-12 - Marco Carola @ Elevate, Yalta, Sofia","https://www.mixesdb.com/w/2011-11-12_-_Marco_Carola_@_Elevate,_Yalta,_Sofia",,1,00,Giuseppe Rizzuto,Shakedown Love (NSC & Ciprian Iordache Remix) [Medicine],Giuseppe Rizzuto - Shakedown Love (NSC & Ciprian Iordache Remix) [Medicine]
"2011-11-12 - Marco Carola @ Elevate, Yalta, Sofia","https://www.mixesdb.com/w/2011-11-12_-_Marco_Carola_@_Elevate,_Yalta,_Sofia",,2,02,Antonio Piacquadio,Hold Up [Inmotion],Antonio Piacquadio - Hold Up [Inmotion]
"2011-11-12 - Marco Carola @ Elevate, Yalta, Sofia","https://www.mixesdb.com/w/2011-11-12_-_Marco_Carola_@_Elevate,_Yalta,_Sofia",,3,06,Maximiljan,Bodymovin (Tapesh Remix),Maximiljan - Bodymovin (Tapesh Remix)
"2011-11-12 - Marco Carola @ Elevate, Yalta, Sofia","https://www.mixesdb.com/w/2011-11-12_-_Marco_Carola_@_Elevate,_Yalta,_Sofia",,4,10,,?,?
"2011-11-12 - Marco Carola @ Elevate, Yalta, Sofia","https://www.mixesdb.com/w/2011-11-12_-_Marco_Carola_@_Elevate,_Yalta,_Sofia",,5,14,Luca Donzelli,Bottle Of Truth [Vendetta - VENCD 1274],Luca Donzelli - Bottle Of Truth [Vendetta - VENCD 1274]
"2011-11-12 - Marco Carola @ Elevate, Yalta, Sofia","https://www.mixesdb.com/w/2011-11-12_-_Marco_Carola_@_Elevate,_Yalta,_Sofia",,6,18,David Herrero,This Is House,David Herrero - This Is House
"2011-11-12 - Marco Carola @ Elevate, Yalta, Sofia","https://www.mixesdb.com/w/2011-11-12_-_Marco_Carola_@_Elevate,_Yalta,_Sofia",,7,22,Zeitgeist,Jazz Snake,Zeitgeist - Jazz Snake
"2011-11-12 - Marco Carola @ Elevate, Yalta, Sofia","https://www.mixesdb.com/w/2011-11-12_-_Marco_Carola_@_Elevate,_Yalta,_Sofia",,8,25,Ivan Serra & Dubman F,Buckle (Naturaw Remix) [Desertica Sound Project - DS 025_2],Ivan Serra & Dubman F - Buckle (Naturaw Remix) [Desertica Sound Project - DS 025_2]
"2011-11-12 - Marco Carola @ Elevate, Yalta, Sofia","https://www.mixesdb.com/w/2011-11-12_-_Marco_Carola_@_Elevate,_Yalta,_Sofia",,9,29,Adrian Kiliszek,Empty Pages (Dub Mix) [Kina - KNM 020],Adrian Kiliszek - Empty Pages (Dub Mix) [Kina - KNM 020]
"2011-11-12 - Marco Carola @ Elevate, Yalta, Sofia","https://www.mixesdb.com/w/2011-11-12_-_Marco_Carola_@_Elevate,_Yalta,_Sofia",,10,34,Noir & Haze,Around (Solomun Vox),Noir & Haze - Around (Solomun Vox)
"2011-11-12 - Marco Carola @ Elevate, Yalta, Sofia","https://www.mixesdb.com/w/2011-11-12_-_Marco_Carola_@_Elevate,_Yalta,_Sofia",,11,39,Ryan Crosson & Guti,You've Got Me,Ryan Crosson & Guti - You've Got Me
"2011-11-12 - Marco Carola @ Elevate, Yalta, Sofia","https://www.mixesdb.com/w/2011-11-12_-_Marco_Carola_@_Elevate,_Yalta,_Sofia",,12,44,Upercent,Suite Poizon [Ampispazi - AMP 007],Upercent - Suite Poizon [Ampispazi - AMP 007]
"2011-11-12 - Marco Carola @ Elevate, Yalta, Sofia","https://www.mixesdb.com/w/2011-11-12_-_Marco_Carola_@_Elevate,_Yalta,_Sofia",,13,49,Billy Johnston,Viva Cuba (Simone Tavazzi Remix) [Smut - 015],Billy Johnston - Viva Cuba (Simone Tavazzi Remix) [Smut - 015]
"2016-09-19 - Marco Carola @ It's All About The Music, Ibiza Global Radio","https://www.mixesdb.com/w/2016-09-19_-_Marco_Carola_@_It's_All_About_The_Music,_Ibiza_Global_Radio",,1,,Jimmy Edgar,Hydrant [Ultramajic - LVX 027D],Jimmy Edgar - Hydrant [Ultramajic - LVX 027D]
"2016-09-19 - Marco Carola @ It's All About The Music, Ibiza Global Radio","https://www.mixesdb.com/w/2016-09-19_-_Marco_Carola_@_It's_All_About_The_Music,_Ibiza_Global_Radio",,2,,Marco Tegui & Depaack & Audictive,Tuetano A Ceniza (Larry Cadge Remix) [Smiley Fingers - SFN 155],Marco Tegui & Depaack & Audictive - Tuetano A Ceniza (Larry Cadge Remix) [Smiley Fingers - SFN 155]
"2016-09-19 - Marco Carola @ It's All About The Music, Ibiza Global Radio","https://www.mixesdb.com/w/2016-09-19_-_Marco_Carola_@_It's_All_About_The_Music,_Ibiza_Global_Radio",,3,,David Aurel,Shut Up,David Aurel - Shut Up
"2016-09-19 - Marco Carola @ It's All About The Music, Ibiza Global Radio","https://www.mixesdb.com/w/2016-09-19_-_Marco_Carola_@_It's_All_About_The_Music,_Ibiza_Global_Radio",,4,,Pepe Mateos,The Blues House [Expectancy - EPR 084],Pepe Mateos - The Blues House [Expectancy - EPR 084]
"2016-09-19 - Marco Carola @ It's All About The Music, Ibiza Global Radio","https://www.mixesdb.com/w/2016-09-19_-_Marco_Carola_@_It's_All_About_The_Music,_Ibiza_Global_Radio",,5,,Kizzmo,Everybody [Dig Dis! Series - DJS 128INT],Kizzmo - Everybody [Dig Dis! Series - DJS 128INT]
"2016-09-19 - Marco Carola @ It's All About The Music, Ibiza Global Radio","https://www.mixesdb.com/w/2016-09-19_-_Marco_Carola_@_It's_All_About_The_Music,_Ibiza_Global_Radio",,6,,Nicole Moudaber & Skin,You Like This (Hector Remix) [MOOD],Nicole Moudaber & Skin - You Like This (Hector Remix) [MOOD]
"2016-09-19 - Marco Carola @ It's All About The Music, Ibiza Global Radio","https://www.mixesdb.com/w/2016-09-19_-_Marco_Carola_@_It's_All_About_The_Music,_Ibiza_Global_Radio",,7,,Secondcity & Manuel Gonzalez,Play It [Cr2 - ITC 2DI 192],Secondcity & Manuel Gonzalez - Play It [Cr2 - ITC 2DI 192]
"2016-09-19 - Marco Carola @ It's All About The Music, Ibiza Global Radio","https://www.mixesdb.com/w/2016-09-19_-_Marco_Carola_@_It's_All_About_The_Music,_Ibiza_Global_Radio",,8,,Oscar Barilla & Robot Needs Oil,Too Cute (James Cole Remix) [AlliWant - AIW 002],Oscar Barilla & Robot Needs Oil - Too Cute (James Cole Remix) [AlliWant - AIW 002]
"2016-09-19 - Marco Carola @ It's All About The Music, Ibiza Global Radio","https://www.mixesdb.com/w/2016-09-19_-_Marco_Carola_@_It's_All_About_The_Music,_Ibiza_Global_Radio",,9,,Less Hate & Valentina Black,Detroit Players (Julian Wassermann & Oliver Deuerling Remix) [Recovery Tech - RTCOMP 900],Less Hate & Valentina Black - Detroit Players (Julian Wassermann & Oliver Deuerling Remix) [Recovery Tech - RTCOMP 900]
"2016-09-19 - Marco Carola @ It's All About The Music, Ibiza Global Radio","https://www.mixesdb.com/w/2016-09-19_-_Marco_Carola_@_It's_All_About_The_Music,_Ibiza_Global_Radio",,10,,Gorge & Markus Homm,Balance [8 Bit - 111],Gorge & Markus Homm - Balance [8 Bit - 111]
"2016-09-19 - Marco Carola @ It's All About The Music, Ibiza Global Radio","https://www.mixesdb.com/w/2016-09-19_-_Marco_Carola_@_It's_All_About_The_Music,_Ibiza_Global_Radio",,11,,Ben Williams,Drop It Like It's Hot [Under No Illusion - UNI 058],Ben Williams - Drop It Like It's Hot [Under No Illusion - UNI 058]
"2016-09-19 - Marco Carola @ It's All About The Music, Ibiza Global Radio","https://www.mixesdb.com/w/2016-09-19_-_Marco_Carola_@_It's_All_About_The_Music,_Ibiza_Global_Radio",,12,,Vila,Silent Type,Vila - Silent Type
"2016-09-19 - Marco Carola @ It's All About The Music, Ibiza Global Radio","https://www.mixesdb.com/w/2016-09-19_-_Marco_Carola_@_It's_All_About_The_Music,_Ibiza_Global_Radio",,13,,David Herrero,"Bueno, Rico Y Lindo (Toni Varga Remix) [Safe - 049]","David Herrero - Bueno, Rico Y Lindo (Toni Varga Remix) [Safe - 049]"
"2007-03-22 - Marco Carola @ Pawn Shop, Miami","https://www.mixesdb.com/w/2007-03-22_-_Marco_Carola_@_Pawn_Shop,_Miami",,1,000,Audion,Mouth To Mouth (Mantap Mix By Heartthrob) [Spectral Sound - SPC-42],Audion - Mouth To Mouth (Mantap Mix By Heartthrob) [Spectral Sound - SPC-42]
"2007-03-22 - Marco Carola @ Pawn Shop, Miami","https://www.mixesdb.com/w/2007-03-22_-_Marco_Carola_@_Pawn_Shop,_Miami",,2,003,Mikael Stavastrand Feat. Big Bully,No Turning Back [Mo's Ferry - MFD 09],Mikael Stavastrand Feat. Big Bully - No Turning Back [Mo's Ferry - MFD 09]
"2007-03-22 - Marco Carola @ Pawn Shop, Miami","https://www.mixesdb.com/w/2007-03-22_-_Marco_Carola_@_Pawn_Shop,_Miami",,3,006,Edgar De Ramon,The Things That You Think,Edgar De Ramon - The Things That You Think
"2007-03-22 - Marco Carola @ Pawn Shop, Miami","https://www.mixesdb.com/w/2007-03-22_-_Marco_Carola_@_Pawn_Shop,_Miami",,4,009,"Samim, Michal",Nes,"Samim, Michal - Nes"
"2007-03-22 - Marco Carola @ Pawn Shop, Miami","https://www.mixesdb.com/w/2007-03-22_-_Marco_Carola_@_Pawn_Shop,_Miami",,5,012,Blm & Marc Ashken,Break Up [Fear Of Flying - FOF 001],Blm & Marc Ashken - Break Up [Fear Of Flying - FOF 001]
"2007-03-22 - Marco Carola @ Pawn Shop, Miami","https://www.mixesdb.com/w/2007-03-22_-_Marco_Carola_@_Pawn_Shop,_Miami",,6,014,Der Dritte Raum,Raum Club (Edgar De Ramon Remix) [Unreleased],Der Dritte Raum - Raum Club (Edgar De Ramon Remix) [Unreleased]
"2007-03-22 - Marco Carola @ Pawn Shop, Miami","https://www.mixesdb.com/w/2007-03-22_-_Marco_Carola_@_Pawn_Shop,_Miami",,7,018,Lucio Aquilina,Magic M,Lucio Aquilina - Magic M
"2007-03-22 - Marco Carola @ Pawn Shop, Miami","https://www.mixesdb.com/w/2007-03-22_-_Marco_Carola_@_Pawn_Shop,_Miami",,8,022,Rino Cerrone,Silence [Rilis - SPL 6.5],Rino Cerrone - Silence [Rilis - SPL 6.5]
"2007-03-22 - Marco Carola @ Pawn Shop, Miami","https://www.mixesdb.com/w/2007-03-22_-_Marco_Carola_@_Pawn_Shop,_Miami",,9,026,Rino Cerrone,Burnt It,Rino Cerrone - Burnt It
"2007-03-22 - Marco Carola @ Pawn Shop, Miami","https://www.mixesdb.com/w/2007-03-22_-_Marco_Carola_@_Pawn_Shop,_Miami",,10,031,Tony Rohr,Db's Revenge,Tony Rohr - Db's Revenge
"2007-03-22 - Marco Carola @ Pawn Shop, Miami","https://www.mixesdb.com/w/2007-03-22_-_Marco_Carola_@_Pawn_Shop,_Miami",,11,033,Paul Ritch,June,Paul Ritch - June
"2007-03-22 - Marco Carola @ Pawn Shop, Miami","https://www.mixesdb.com/w/2007-03-22_-_Marco_Carola_@_Pawn_Shop,_Miami",,12,035,Aquilina & Venturi,Disco Bus,Aquilina & Venturi - Disco Bus
"2007-03-22 - Marco Carola @ Pawn Shop, Miami","https://www.mixesdb.com/w/2007-03-22_-_Marco_Carola_@_Pawn_Shop,_Miami",,13,040,Massi Dl,Spa Del Sa [Frankie - REC 18],Massi Dl - Spa Del Sa [Frankie - REC 18]
"2007-03-22 - Marco Carola @ Pawn Shop, Miami","https://www.mixesdb.com/w/2007-03-22_-_Marco_Carola_@_Pawn_Shop,_Miami",,14,043,Brothers Of The Underground,Roots & Culture [SOM Underground - SOM 1267],Brothers Of The Underground - Roots & Culture [SOM Underground - SOM 1267]
"2007-03-22 - Marco Carola @ Pawn Shop, Miami","https://www.mixesdb.com/w/2007-03-22_-_Marco_Carola_@_Pawn_Shop,_Miami",,15,046,Switch,Get On Downz [Freerange - FRDBC 01],Switch - Get On Downz [Freerange - FRDBC 01]
"2007-03-22 - Marco Carola @ Pawn Shop, Miami","https://www.mixesdb.com/w/2007-03-22_-_Marco_Carola_@_Pawn_Shop,_Miami",,16,050,Slick,Segundo Verde [Cyclical Tracks - CT 004],Slick - Segundo Verde [Cyclical Tracks - CT 004]
"2007-03-22 - Marco Carola @ Pawn Shop, Miami","https://www.mixesdb.com/w/2007-03-22_-_Marco_Carola_@_Pawn_Shop,_Miami",,17,053,Miguel Sar (Aka Tadeo),Tercer Verde,Miguel Sar (Aka Tadeo) - Tercer Verde
"2007-03-22 - Marco Carola @ Pawn Shop, Miami","https://www.mixesdb.com/w/2007-03-22_-_Marco_Carola_@_Pawn_Shop,_Miami",,18,055,Marco Carola,Work It [Unreleased],Marco Carola - Work It [Unreleased]
"2007-03-22 - Marco Carola @ Pawn Shop, Miami","https://www.mixesdb.com/w/2007-03-22_-_Marco_Carola_@_Pawn_Shop,_Miami",,19,058,Marco Carola,Ninety [Unreleased],Marco Carola - Ninety [Unreleased]
"2007-03-22 - Marco Carola @ Pawn Shop, Miami","https://www.mixesdb.com/w/2007-03-22_-_Marco_Carola_@_Pawn_Shop,_Miami",,20,063,Michel De Hey,Catfight [Hey! - HEY 008],Michel De Hey - Catfight [Hey! - HEY 008]
"2007-03-22 - Marco Carola @ Pawn Shop, Miami","https://www.mixesdb.com/w/2007-03-22_-_Marco_Carola_@_Pawn_Shop,_Miami",,21,068,Samim Feat. Big Bully,Paspd,Samim Feat. Big Bully - Paspd
"2007-03-22 - Marco Carola @ Pawn Shop, Miami","https://www.mixesdb.com/w/2007-03-22_-_Marco_Carola_@_Pawn_Shop,_Miami",,22,072,Skat,Nightwalk [Karat],Skat - Nightwalk [Karat]
"2007-03-22 - Marco Carola @ Pawn Shop, Miami","https://www.mixesdb.com/w/2007-03-22_-_Marco_Carola_@_Pawn_Shop,_Miami",,23,074,Slutbox,No Chasers [Siteholder - SH 002],Slutbox - No Chasers [Siteholder - SH 002]
"2007-03-22 - Marco Carola @ Pawn Shop, Miami","https://www.mixesdb.com/w/2007-03-22_-_Marco_Carola_@_Pawn_Shop,_Miami",,24,076,Carassi & Capriati,Microbiotik (Massi DL Remix) [Globox - 006-X],Carassi & Capriati - Microbiotik (Massi DL Remix) [Globox - 006-X]
"2007-03-22 - Marco Carola @ Pawn Shop, Miami","https://www.mixesdb.com/w/2007-03-22_-_Marco_Carola_@_Pawn_Shop,_Miami",,25,080,SLG,Caffeine [Trapez - 070],SLG - Caffeine [Trapez - 070]
"2007-03-22 - Marco Carola @ Pawn Shop, Miami","https://www.mixesdb.com/w/2007-03-22_-_Marco_Carola_@_Pawn_Shop,_Miami",,26,083,,?,?
"2007-03-22 - Marco Carola @ Pawn Shop, Miami","https://www.mixesdb.com/w/2007-03-22_-_Marco_Carola_@_Pawn_Shop,_Miami",,27,085,Davide Squillace,Cherry On The Cake,Davide Squillace - Cherry On The Cake
"2007-03-22 - Marco Carola @ Pawn Shop, Miami","https://www.mixesdb.com/w/2007-03-22_-_Marco_Carola_@_Pawn_Shop,_Miami",,28,089,Marco Carola,Dancing Days [Plus 8 - 094],Marco Carola - Dancing Days [Plus 8 - 094]
"2007-03-22 - Marco Carola @ Pawn Shop, Miami","https://www.mixesdb.com/w/2007-03-22_-_Marco_Carola_@_Pawn_Shop,_Miami",,29,094,Sound Design,Melissa's Dream (Unknown Remix),Sound Design - Melissa's Dream (Unknown Remix)
"2007-03-22 - Marco Carola @ Pawn Shop, Miami","https://www.mixesdb.com/w/2007-03-22_-_Marco_Carola_@_Pawn_Shop,_Miami",,30,098,Skoozbot,?,Skoozbot - ?
"2007-03-22 - Marco Carola @ Pawn Shop, Miami","https://www.mixesdb.com/w/2007-03-22_-_Marco_Carola_@_Pawn_Shop,_Miami",,31,102,,?,?
"2007-03-22 - Marco Carola @ Pawn Shop, Miami","https://www.mixesdb.com/w/2007-03-22_-_Marco_Carola_@_Pawn_Shop,_Miami",,32,104,Der Dritte Raum,Raum Club (Edgar De Ramon Remix) [Unreleased],Der Dritte Raum - Raum Club (Edgar De Ramon Remix) [Unreleased]
"2007-03-22 - Marco Carola @ Pawn Shop, Miami","https://www.mixesdb.com/w/2007-03-22_-_Marco_Carola_@_Pawn_Shop,_Miami",,33,108,,?,?
"2007-03-22 - Marco Carola @ Pawn Shop, Miami","https://www.mixesdb.com/w/2007-03-22_-_Marco_Carola_@_Pawn_Shop,_Miami",,34,112,Signor Andreoni & Samim,Maria Santo Mama,Signor Andreoni & Samim - Maria Santo Mama
"2007-03-22 - Marco Carola @ Pawn Shop, Miami","https://www.mixesdb.com/w/2007-03-22_-_Marco_Carola_@_Pawn_Shop,_Miami",,35,119,Ben Parris,Chris Needs A Nickname (Seph Remix),Ben Parris - Chris Needs A Nickname (Seph Remix)
"2007-03-22 - Marco Carola @ Pawn Shop, Miami","https://www.mixesdb.com/w/2007-03-22_-_Marco_Carola_@_Pawn_Shop,_Miami",,36,121,Stewart Walker,Travel Plaza [Persona - PRS-013],Stewart Walker - Travel Plaza [Persona - PRS-013]
"2007-03-22 - Marco Carola @ Pawn Shop, Miami","https://www.mixesdb.com/w/2007-03-22_-_Marco_Carola_@_Pawn_Shop,_Miami",,37,127,JPLS vs Skoozbot,Green01 [Minus - 51CD],JPLS vs Skoozbot - Green01 [Minus - 51CD]
"2007-03-22 - Marco Carola @ Pawn Shop, Miami","https://www.mixesdb.com/w/2007-03-22_-_Marco_Carola_@_Pawn_Shop,_Miami",,38,130,Eyerer & Chopstick,Haunting (Gui Boratto Remix),Eyerer & Chopstick - Haunting (Gui Boratto Remix)
"2023-05-06 - Marco Carola @ Music On Festival, Meerpark, Amsterdam","https://www.mixesdb.com/w/2023-05-06_-_Marco_Carola_@_Music_On_Festival,_Meerpark,_Amsterdam",,1,00,Jho Roscioli,Supermodel Thick [Cuff],Jho Roscioli - Supermodel Thick [Cuff]
"2023-05-06 - Marco Carola @ Music On Festival, Meerpark, Amsterdam","https://www.mixesdb.com/w/2023-05-06_-_Marco_Carola_@_Music_On_Festival,_Meerpark,_Amsterdam",,2,07,Denace 2 Society & Whoizz,Base Street [Klaphouse],Denace 2 Society & Whoizz - Base Street [Klaphouse]
"2023-05-06 - Marco Carola @ Music On Festival, Meerpark, Amsterdam","https://www.mixesdb.com/w/2023-05-06_-_Marco_Carola_@_Music_On_Festival,_Meerpark,_Amsterdam",,3,12,Matias Aguayo,El Camarón [Cómeme],Matias Aguayo - El Camarón [Cómeme]
"2023-05-06 - Marco Carola @ Music On Festival, Meerpark, Amsterdam","https://www.mixesdb.com/w/2023-05-06_-_Marco_Carola_@_Music_On_Festival,_Meerpark,_Amsterdam",,4,15,Manda Moor,Picante [Hot Creations],Manda Moor - Picante [Hot Creations]
"2023-05-06 - Marco Carola @ Music On Festival, Meerpark, Amsterdam","https://www.mixesdb.com/w/2023-05-06_-_Marco_Carola_@_Music_On_Festival,_Meerpark,_Amsterdam",,5,21,Mathias Kaden,Red Walls [Freude Am Tanzen],Mathias Kaden - Red Walls [Freude Am Tanzen]
"2023-05-06 - Marco Carola @ Music On Festival, Meerpark, Amsterdam","https://www.mixesdb.com/w/2023-05-06_-_Marco_Carola_@_Music_On_Festival,_Meerpark,_Amsterdam",,6,25,Wuez & Berni,Limited [Recreo],Wuez & Berni - Limited [Recreo]
"2023-05-06 - Marco Carola @ Music On Festival, Meerpark, Amsterdam","https://www.mixesdb.com/w/2023-05-06_-_Marco_Carola_@_Music_On_Festival,_Meerpark,_Amsterdam",,7,29,Rick Marshall,Afro Boogie [Over The Top],Rick Marshall - Afro Boogie [Over The Top]
"2023-05-06 - Marco Carola @ Music On Festival, Meerpark, Amsterdam","https://www.mixesdb.com/w/2023-05-06_-_Marco_Carola_@_Music_On_Festival,_Meerpark,_Amsterdam",,8,34,Fer BR,Trickitic [Deeperfect Shift],Fer BR - Trickitic [Deeperfect Shift]
"2023-05-06 - Marco Carola @ Music On Festival, Meerpark, Amsterdam","https://www.mixesdb.com/w/2023-05-06_-_Marco_Carola_@_Music_On_Festival,_Meerpark,_Amsterdam",,9,37,Discip,Dopamine [Revival New York],Discip - Dopamine [Revival New York]
"2023-05-06 - Marco Carola @ Music On Festival, Meerpark, Amsterdam","https://www.mixesdb.com/w/2023-05-06_-_Marco_Carola_@_Music_On_Festival,_Meerpark,_Amsterdam",,10,43,GotSome,Larry [Nervous],GotSome - Larry [Nervous]
"2023-05-06 - Marco Carola @ Music On Festival, Meerpark, Amsterdam","https://www.mixesdb.com/w/2023-05-06_-_Marco_Carola_@_Music_On_Festival,_Meerpark,_Amsterdam",,11,46,Unknown7,Oh Baby!,Unknown7 - Oh Baby!
"2023-05-06 - Marco Carola @ Music On Festival, Meerpark, Amsterdam","https://www.mixesdb.com/w/2023-05-06_-_Marco_Carola_@_Music_On_Festival,_Meerpark,_Amsterdam",,12,49,ALVES & Jungle Jack,Vamu Mexer,ALVES & Jungle Jack - Vamu Mexer
"2023-05-06 - Marco Carola @ Music On Festival, Meerpark, Amsterdam","https://www.mixesdb.com/w/2023-05-06_-_Marco_Carola_@_Music_On_Festival,_Meerpark,_Amsterdam",,13,51,,?,?
"2023-05-06 - Marco Carola @ Music On Festival, Meerpark, Amsterdam","https://www.mixesdb.com/w/2023-05-06_-_Marco_Carola_@_Music_On_Festival,_Meerpark,_Amsterdam",,14,56,Sean Don,Rough It Up [Don],Sean Don - Rough It Up [Don]
"2023-05-06 - Marco Carola @ Music On Festival, Meerpark, Amsterdam","https://www.mixesdb.com/w/2023-05-06_-_Marco_Carola_@_Music_On_Festival,_Meerpark,_Amsterdam",,15,59,Cherry Bomb,Quick Fix [Music Man],Cherry Bomb - Quick Fix [Music Man]
"2023-05-06 - Marco Carola @ Music On Festival, Meerpark, Amsterdam","https://www.mixesdb.com/w/2023-05-06_-_Marco_Carola_@_Music_On_Festival,_Meerpark,_Amsterdam",,16,63,Gian Carlos,Roadrunnaa [Getbusy],Gian Carlos - Roadrunnaa [Getbusy]
"2023-05-06 - Marco Carola @ Music On Festival, Meerpark, Amsterdam","https://www.mixesdb.com/w/2023-05-06_-_Marco_Carola_@_Music_On_Festival,_Meerpark,_Amsterdam",,17,69,ItaloBros,Shopper [Hurry Up Slowly],ItaloBros - Shopper [Hurry Up Slowly]
"2023-05-06 - Marco Carola @ Music On Festival, Meerpark, Amsterdam","https://www.mixesdb.com/w/2023-05-06_-_Marco_Carola_@_Music_On_Festival,_Meerpark,_Amsterdam",,18,75,Dorian Paic & Tobi Neumann & Eric D. Clark & What? & Patrick Ense,What You Doin'? (MFDP Remix) [La Pena],Dorian Paic & Tobi Neumann & Eric D. Clark & What? & Patrick Ense - What You Doin'? (MFDP Remix) [La Pena]
"2023-05-06 - Marco Carola @ Music On Festival, Meerpark, Amsterdam","https://www.mixesdb.com/w/2023-05-06_-_Marco_Carola_@_Music_On_Festival,_Meerpark,_Amsterdam",,19,79,Marian (BR) & BAPP,Like Like [Dpe],Marian (BR) & BAPP - Like Like [Dpe]
"2023-05-06 - Marco Carola @ Music On Festival, Meerpark, Amsterdam","https://www.mixesdb.com/w/2023-05-06_-_Marco_Carola_@_Music_On_Festival,_Meerpark,_Amsterdam",,20,??,+ Mike Dunn Pres. The MD X-Spress,God Made Me Phunky (Acapella) [Open],+ Mike Dunn Pres. The MD X-Spress - God Made Me Phunky (Acapella) [Open]
"2023-05-06 - Marco Carola @ Music On Festival, Meerpark, Amsterdam","https://www.mixesdb.com/w/2023-05-06_-_Marco_Carola_@_Music_On_Festival,_Meerpark,_Amsterdam",,21,84,Parallel Release,Pem Pem [Open Bar],Parallel Release - Pem Pem [Open Bar]
"2023-05-06 - Marco Carola @ Music On Festival, Meerpark, Amsterdam","https://www.mixesdb.com/w/2023-05-06_-_Marco_Carola_@_Music_On_Festival,_Meerpark,_Amsterdam",,22,87,Shephz,To The Yard [Woodlands],Shephz - To The Yard [Woodlands]
2013-06-21 - Marco Carola @ Ibiza Global Radio,https://www.mixesdb.com/w/2013-06-21_-_Marco_Carola_@_Ibiza_Global_Radio,,1,00,Marcelo Cura,The Baze [Equilibrium Lab - EQM 010],Marcelo Cura - The Baze [Equilibrium Lab - EQM 010]
2013-06-21 - Marco Carola @ Ibiza Global Radio,https://www.mixesdb.com/w/2013-06-21_-_Marco_Carola_@_Ibiza_Global_Radio,,2,06,Third Child,Watches [Moral Fiber - MOFI 015],Third Child - Watches [Moral Fiber - MOFI 015]
2013-06-21 - Marco Carola @ Ibiza Global Radio,https://www.mixesdb.com/w/2013-06-21_-_Marco_Carola_@_Ibiza_Global_Radio,,3,09,"Roni Be, Saar Fogel",Strap,"Roni Be, Saar Fogel - Strap"
2013-06-21 - Marco Carola @ Ibiza Global Radio,https://www.mixesdb.com/w/2013-06-21_-_Marco_Carola_@_Ibiza_Global_Radio,,4,15,Mariano Mateljan,Monk [Deep Tech - DTR 049],Mariano Mateljan - Monk [Deep Tech - DTR 049]
2013-06-21 - Marco Carola @ Ibiza Global Radio,https://www.mixesdb.com/w/2013-06-21_-_Marco_Carola_@_Ibiza_Global_Radio,,5,20,Alex Piccini & Mr. Bert,Abbey [AMA - 011],Alex Piccini & Mr. Bert - Abbey [AMA - 011]
2013-06-21 - Marco Carola @ Ibiza Global Radio,https://www.mixesdb.com/w/2013-06-21_-_Marco_Carola_@_Ibiza_Global_Radio,,6,24,Eskuche,Into It [Zeitlos - ZTM 033],Eskuche - Into It [Zeitlos - ZTM 033]
2013-06-21 - Marco Carola @ Ibiza Global Radio,https://www.mixesdb.com/w/2013-06-21_-_Marco_Carola_@_Ibiza_Global_Radio,,7,30,Chris Wood & Meat,JR Juniors (Tiefschwarz Remix) [Souvenir - 044],Chris Wood & Meat - JR Juniors (Tiefschwarz Remix) [Souvenir - 044]
2013-06-21 - Marco Carola @ Ibiza Global Radio,https://www.mixesdb.com/w/2013-06-21_-_Marco_Carola_@_Ibiza_Global_Radio,,8,36,Spieltape,Bag Of Bones (Hector Remix) [Recovery Tech - RTCOMP 259],Spieltape - Bag Of Bones (Hector Remix) [Recovery Tech - RTCOMP 259]
2013-06-21 - Marco Carola @ Ibiza Global Radio,https://www.mixesdb.com/w/2013-06-21_-_Marco_Carola_@_Ibiza_Global_Radio,,9,40,Max & Garen Daren Demand,Humans (Leixs Deep Mix) [Deep Beep - 013],Max & Garen Daren Demand - Humans (Leixs Deep Mix) [Deep Beep - 013]
2013-06-21 - Marco Carola @ Ibiza Global Radio,https://www.mixesdb.com/w/2013-06-21_-_Marco_Carola_@_Ibiza_Global_Radio,,10,44,Yoikol,Tool Two [808 - EZE 042],Yoikol - Tool Two [808 - EZE 042]
2013-06-21 - Marco Carola @ Ibiza Global Radio,https://www.mixesdb.com/w/2013-06-21_-_Marco_Carola_@_Ibiza_Global_Radio,,11,51,Ben Grunnell,Macau Dub [Aquasound - LQDA 0101],Ben Grunnell - Macau Dub [Aquasound - LQDA 0101]
"2003-09-20 - Marco Carola @ 10 Years Danube Rave, Linz, Austria","https://www.mixesdb.com/w/2003-09-20_-_Marco_Carola_@_10_Years_Danube_Rave,_Linz,_Austria",,1,,Luciano & Phil Quenum,Orange Mistake [Cadenza - 001],Luciano & Phil Quenum - Orange Mistake [Cadenza - 001]
"2003-09-20 - Marco Carola @ 10 Years Danube Rave, Linz, Austria","https://www.mixesdb.com/w/2003-09-20_-_Marco_Carola_@_10_Years_Danube_Rave,_Linz,_Austria",,2,,Gaetano Parisio,Donna [Conform - CNFR 022],Gaetano Parisio - Donna [Conform - CNFR 022]
"2003-09-20 - Marco Carola @ 10 Years Danube Rave, Linz, Austria","https://www.mixesdb.com/w/2003-09-20_-_Marco_Carola_@_10_Years_Danube_Rave,_Linz,_Austria",,3,,Dimitri Andreas,Panther [Music Man - MM 103],Dimitri Andreas - Panther [Music Man - MM 103]
"2003-09-20 - Marco Carola @ 10 Years Danube Rave, Linz, Austria","https://www.mixesdb.com/w/2003-09-20_-_Marco_Carola_@_10_Years_Danube_Rave,_Linz,_Austria",,4,,Hertz,Recreate [Recycled Loops - RELOOP 011],Hertz - Recreate [Recycled Loops - RELOOP 011]
"2003-09-20 - Marco Carola @ 10 Years Danube Rave, Linz, Austria","https://www.mixesdb.com/w/2003-09-20_-_Marco_Carola_@_10_Years_Danube_Rave,_Linz,_Austria",,5,,Markantonio,Everlasting Brain [Conform - CNFR 021],Markantonio - Everlasting Brain [Conform - CNFR 021]
"2003-09-20 - Marco Carola @ 10 Years Danube Rave, Linz, Austria","https://www.mixesdb.com/w/2003-09-20_-_Marco_Carola_@_10_Years_Danube_Rave,_Linz,_Austria",,6,,DJ Misjah,Funky Trax [Rerun - 006],DJ Misjah - Funky Trax [Rerun - 006]
"2003-09-20 - Marco Carola @ 10 Years Danube Rave, Linz, Austria","https://www.mixesdb.com/w/2003-09-20_-_Marco_Carola_@_10_Years_Danube_Rave,_Linz,_Austria",,7,,Hertz & Johan Bacto,Mouzaka [Zyncgrooves - 004],Hertz & Johan Bacto - Mouzaka [Zyncgrooves - 004]
"2003-09-20 - Marco Carola @ 10 Years Danube Rave, Linz, Austria","https://www.mixesdb.com/w/2003-09-20_-_Marco_Carola_@_10_Years_Danube_Rave,_Linz,_Austria",,8,,Gaetano Parisio,Advanced Techno Research 11 (A) [Art - 11 / 20],Gaetano Parisio - Advanced Techno Research 11 (A) [Art - 11 / 20]
"2003-09-20 - Marco Carola @ 10 Years Danube Rave, Linz, Austria","https://www.mixesdb.com/w/2003-09-20_-_Marco_Carola_@_10_Years_Danube_Rave,_Linz,_Austria",,9,,Titanium,Spectralised (Hardcell Remix) [Titanium - 004],Titanium - Spectralised (Hardcell Remix) [Titanium - 004]
"2003-09-20 - Marco Carola @ 10 Years Danube Rave, Linz, Austria","https://www.mixesdb.com/w/2003-09-20_-_Marco_Carola_@_10_Years_Danube_Rave,_Linz,_Austria",,10,,Marco Carola,Promo,Marco Carola - Promo
"2003-09-20 - Marco Carola @ 10 Years Danube Rave, Linz, Austria","https://www.mixesdb.com/w/2003-09-20_-_Marco_Carola_@_10_Years_Danube_Rave,_Linz,_Austria",,11,,Danilo Vigorito & Rino Cerrone,Kevin (A1) [Orion Muzik - ORION 003],Danilo Vigorito & Rino Cerrone - Kevin (A1) [Orion Muzik - ORION 003]
"2003-09-20 - Marco Carola @ 10 Years Danube Rave, Linz, Austria","https://www.mixesdb.com/w/2003-09-20_-_Marco_Carola_@_10_Years_Danube_Rave,_Linz,_Austria",,12,,Henrik B,Sonatina [Illgorhythm - ILL 1211],Henrik B - Sonatina [Illgorhythm - ILL 1211]
"2003-09-20 - Marco Carola @ 10 Years Danube Rave, Linz, Austria","https://www.mixesdb.com/w/2003-09-20_-_Marco_Carola_@_10_Years_Danube_Rave,_Linz,_Austria",,13,,,?,?
"2003-09-20 - Marco Carola @ 10 Years Danube Rave, Linz, Austria","https://www.mixesdb.com/w/2003-09-20_-_Marco_Carola_@_10_Years_Danube_Rave,_Linz,_Austria",,14,,Michel De Hey,Sherlock [Hey! - 001],Michel De Hey - Sherlock [Hey! - 001]
"2003-09-20 - Marco Carola @ 10 Years Danube Rave, Linz, Austria","https://www.mixesdb.com/w/2003-09-20_-_Marco_Carola_@_10_Years_Danube_Rave,_Linz,_Austria",,15,,Angel Alanis,Too Much To Handle [Contaminated Muzik - 9836],Angel Alanis - Too Much To Handle [Contaminated Muzik - 9836]
"2003-09-20 - Marco Carola @ 10 Years Danube Rave, Linz, Austria","https://www.mixesdb.com/w/2003-09-20_-_Marco_Carola_@_10_Years_Danube_Rave,_Linz,_Austria",,16,,Taksi,Rohrbruch (Stretched Version) [Music Man - MM 095],Taksi - Rohrbruch (Stretched Version) [Music Man - MM 095]
"2003-09-20 - Marco Carola @ 10 Years Danube Rave, Linz, Austria","https://www.mixesdb.com/w/2003-09-20_-_Marco_Carola_@_10_Years_Danube_Rave,_Linz,_Austria",,17,,Mauro Picotto & Riccardo Ferri,Tormented [Alchemy - ALC 004],Mauro Picotto & Riccardo Ferri - Tormented [Alchemy - ALC 004]
"2003-09-20 - Marco Carola @ 10 Years Danube Rave, Linz, Austria","https://www.mixesdb.com/w/2003-09-20_-_Marco_Carola_@_10_Years_Danube_Rave,_Linz,_Austria",,18,,Phase,Katino 2 (B1) [Cosmic ID - COSID 009],Phase - Katino 2 (B1) [Cosmic ID - COSID 009]
"2003-09-20 - Marco Carola @ 10 Years Danube Rave, Linz, Austria","https://www.mixesdb.com/w/2003-09-20_-_Marco_Carola_@_10_Years_Danube_Rave,_Linz,_Austria",,19,,,?,?
"2003-09-20 - Marco Carola @ 10 Years Danube Rave, Linz, Austria","https://www.mixesdb.com/w/2003-09-20_-_Marco_Carola_@_10_Years_Danube_Rave,_Linz,_Austria",,20,,Henry Chow,Ante Zenit 021 (B2) [Ante Zenit - 021],Henry Chow - Ante Zenit 021 (B2) [Ante Zenit - 021]
"2003-09-20 - Marco Carola @ 10 Years Danube Rave, Linz, Austria","https://www.mixesdb.com/w/2003-09-20_-_Marco_Carola_@_10_Years_Danube_Rave,_Linz,_Austria",,21,,FLO,Contact (Rino Cerrone Remix) [Funktion - 001],FLO - Contact (Rino Cerrone Remix) [Funktion - 001]
"2003-09-20 - Marco Carola @ 10 Years Danube Rave, Linz, Austria","https://www.mixesdb.com/w/2003-09-20_-_Marco_Carola_@_10_Years_Danube_Rave,_Linz,_Austria",,22,,Markantonio,Scud [Analytic Trail - ANT 006],Markantonio - Scud [Analytic Trail - ANT 006]
"2003-09-20 - Marco Carola @ 10 Years Danube Rave, Linz, Austria","https://www.mixesdb.com/w/2003-09-20_-_Marco_Carola_@_10_Years_Danube_Rave,_Linz,_Austria",,23,,Echoplex,Moviola [End To End - 007],Echoplex - Moviola [End To End - 007]
"2019-05-12 - Marco Carola @ Music On Festival, Havenpark, Amsterdam","https://www.mixesdb.com/w/2019-05-12_-_Marco_Carola_@_Music_On_Festival,_Havenpark,_Amsterdam",,1,000,DJ Sneak,Move Your Butt [Robsoul],DJ Sneak - Move Your Butt [Robsoul]
"2019-05-12 - Marco Carola @ Music On Festival, Havenpark, Amsterdam","https://www.mixesdb.com/w/2019-05-12_-_Marco_Carola_@_Music_On_Festival,_Havenpark,_Amsterdam",,2,00?,Ped Pedersen,I Remember [Crossworld],Ped Pedersen - I Remember [Crossworld]
"2019-05-12 - Marco Carola @ Music On Festival, Havenpark, Amsterdam","https://www.mixesdb.com/w/2019-05-12_-_Marco_Carola_@_Music_On_Festival,_Havenpark,_Amsterdam",,3,004,Seb Zito,4 Ever [Four Thirty Two],Seb Zito - 4 Ever [Four Thirty Two]
"2019-05-12 - Marco Carola @ Music On Festival, Havenpark, Amsterdam","https://www.mixesdb.com/w/2019-05-12_-_Marco_Carola_@_Music_On_Festival,_Havenpark,_Amsterdam",,4,009,5prite,Countdown (Alvaro Smart Remix),5prite - Countdown (Alvaro Smart Remix)
"2019-05-12 - Marco Carola @ Music On Festival, Havenpark, Amsterdam","https://www.mixesdb.com/w/2019-05-12_-_Marco_Carola_@_Music_On_Festival,_Havenpark,_Amsterdam",,5,0??,,?,?
"2019-05-12 - Marco Carola @ Music On Festival, Havenpark, Amsterdam","https://www.mixesdb.com/w/2019-05-12_-_Marco_Carola_@_Music_On_Festival,_Havenpark,_Amsterdam",,6,0??,,?,?
"2019-05-12 - Marco Carola @ Music On Festival, Havenpark, Amsterdam","https://www.mixesdb.com/w/2019-05-12_-_Marco_Carola_@_Music_On_Festival,_Havenpark,_Amsterdam",,7,0??,THOM's,Dance [Ride],THOM's - Dance [Ride]
"2019-05-12 - Marco Carola @ Music On Festival, Havenpark, Amsterdam","https://www.mixesdb.com/w/2019-05-12_-_Marco_Carola_@_Music_On_Festival,_Havenpark,_Amsterdam",,8,0??,Koett,Space Invaders [Plant 74],Koett - Space Invaders [Plant 74]
"2019-05-12 - Marco Carola @ Music On Festival, Havenpark, Amsterdam","https://www.mixesdb.com/w/2019-05-12_-_Marco_Carola_@_Music_On_Festival,_Havenpark,_Amsterdam",,9,0??,,?,?
"2019-05-12 - Marco Carola @ Music On Festival, Havenpark, Amsterdam","https://www.mixesdb.com/w/2019-05-12_-_Marco_Carola_@_Music_On_Festival,_Havenpark,_Amsterdam",,10,0??,,?,?
"2019-05-12 - Marco Carola @ Music On Festival, Havenpark, Amsterdam","https://www.mixesdb.com/w/2019-05-12_-_Marco_Carola_@_Music_On_Festival,_Havenpark,_Amsterdam",,11,0??,,?,?
"2019-05-12 - Marco Carola @ Music On Festival, Havenpark, Amsterdam","https://www.mixesdb.com/w/2019-05-12_-_Marco_Carola_@_Music_On_Festival,_Havenpark,_Amsterdam",,12,0??,Dr. Beat,What's That Feeling Called Again [Rh2],Dr. Beat - What's That Feeling Called Again [Rh2]
"2019-05-12 - Marco Carola @ Music On Festival, Havenpark, Amsterdam","https://www.mixesdb.com/w/2019-05-12_-_Marco_Carola_@_Music_On_Festival,_Havenpark,_Amsterdam",,13,027,Charles Pierre,Euphoria [Distance],Charles Pierre - Euphoria [Distance]
"2019-05-12 - Marco Carola @ Music On Festival, Havenpark, Amsterdam","https://www.mixesdb.com/w/2019-05-12_-_Marco_Carola_@_Music_On_Festival,_Havenpark,_Amsterdam",,14,0??,,?,?
"2019-05-12 - Marco Carola @ Music On Festival, Havenpark, Amsterdam","https://www.mixesdb.com/w/2019-05-12_-_Marco_Carola_@_Music_On_Festival,_Havenpark,_Amsterdam",,15,033,Manoah,Caminonstrong [Natural Rhythm],Manoah - Caminonstrong [Natural Rhythm]
"2019-05-12 - Marco Carola @ Music On Festival, Havenpark, Amsterdam","https://www.mixesdb.com/w/2019-05-12_-_Marco_Carola_@_Music_On_Festival,_Havenpark,_Amsterdam",,16,0??,Archie Hamilton,Waisted [Moscow],Archie Hamilton - Waisted [Moscow]
"2019-05-12 - Marco Carola @ Music On Festival, Havenpark, Amsterdam","https://www.mixesdb.com/w/2019-05-12_-_Marco_Carola_@_Music_On_Festival,_Havenpark,_Amsterdam",,17,0??,Sterac,Asphyx [100% Pure],Sterac - Asphyx [100% Pure]
"2019-05-12 - Marco Carola @ Music On Festival, Havenpark, Amsterdam","https://www.mixesdb.com/w/2019-05-12_-_Marco_Carola_@_Music_On_Festival,_Havenpark,_Amsterdam",,18,0??,+ Ralphi Rosario Feat. Xavier Gold,You Used To Hold Me (Acapella) [Hot Mix 5],+ Ralphi Rosario Feat. Xavier Gold - You Used To Hold Me (Acapella) [Hot Mix 5]
"2019-05-12 - Marco Carola @ Music On Festival, Havenpark, Amsterdam","https://www.mixesdb.com/w/2019-05-12_-_Marco_Carola_@_Music_On_Festival,_Havenpark,_Amsterdam",,19,0??,Trancesetters,Roaches (Peace Division Remix),Trancesetters - Roaches (Peace Division Remix)
"2019-05-12 - Marco Carola @ Music On Festival, Havenpark, Amsterdam","https://www.mixesdb.com/w/2019-05-12_-_Marco_Carola_@_Music_On_Festival,_Havenpark,_Amsterdam",,20,0??,,?,?
"2019-05-12 - Marco Carola @ Music On Festival, Havenpark, Amsterdam","https://www.mixesdb.com/w/2019-05-12_-_Marco_Carola_@_Music_On_Festival,_Havenpark,_Amsterdam",,21,0??,Ralphi Rosario,Funk It [Nite Grooves],Ralphi Rosario - Funk It [Nite Grooves]
"2019-05-12 - Marco Carola @ Music On Festival, Havenpark, Amsterdam","https://www.mixesdb.com/w/2019-05-12_-_Marco_Carola_@_Music_On_Festival,_Havenpark,_Amsterdam",,22,0??,Memoryman aka Uovo,Sleepless Disco Night (Terje Bakke Afterhour Remix) [Suol],Memoryman aka Uovo - Sleepless Disco Night (Terje Bakke Afterhour Remix) [Suol]
"2019-05-12 - Marco Carola @ Music On Festival, Havenpark, Amsterdam","https://www.mixesdb.com/w/2019-05-12_-_Marco_Carola_@_Music_On_Festival,_Havenpark,_Amsterdam",,23,070,Chaka Kenn,Up Up To The Ska,Chaka Kenn - Up Up To The Ska
"2019-05-12 - Marco Carola @ Music On Festival, Havenpark, Amsterdam","https://www.mixesdb.com/w/2019-05-12_-_Marco_Carola_@_Music_On_Festival,_Havenpark,_Amsterdam",,24,076,Roberto Surace,Joys [Defected],Roberto Surace - Joys [Defected]
"2019-05-12 - Marco Carola @ Music On Festival, Havenpark, Amsterdam","https://www.mixesdb.com/w/2019-05-12_-_Marco_Carola_@_Music_On_Festival,_Havenpark,_Amsterdam",,25,0??,Luuk Van Dijk,Still Doesn't Care [Solid Grooves],Luuk Van Dijk - Still Doesn't Care [Solid Grooves]
"2019-05-12 - Marco Carola @ Music On Festival, Havenpark, Amsterdam","https://www.mixesdb.com/w/2019-05-12_-_Marco_Carola_@_Music_On_Festival,_Havenpark,_Amsterdam",,26,0??,Just Doc.,Eg1,Just Doc. - Eg1
"2019-05-12 - Marco Carola @ Music On Festival, Havenpark, Amsterdam","https://www.mixesdb.com/w/2019-05-12_-_Marco_Carola_@_Music_On_Festival,_Havenpark,_Amsterdam",,27,???,,?,?
"2019-05-12 - Marco Carola @ Music On Festival, Havenpark, Amsterdam","https://www.mixesdb.com/w/2019-05-12_-_Marco_Carola_@_Music_On_Festival,_Havenpark,_Amsterdam",,28,???,Miguel Rendeiro,Give Me 5,Miguel Rendeiro - Give Me 5
"2019-05-12 - Marco Carola @ Music On Festival, Havenpark, Amsterdam","https://www.mixesdb.com/w/2019-05-12_-_Marco_Carola_@_Music_On_Festival,_Havenpark,_Amsterdam",,29,???,,?,?
"2019-05-12 - Marco Carola @ Music On Festival, Havenpark, Amsterdam","https://www.mixesdb.com/w/2019-05-12_-_Marco_Carola_@_Music_On_Festival,_Havenpark,_Amsterdam",,30,???,Wildchild,Renegade Master,Wildchild - Renegade Master
"2019-05-12 - Marco Carola @ Music On Festival, Havenpark, Amsterdam","https://www.mixesdb.com/w/2019-05-12_-_Marco_Carola_@_Music_On_Festival,_Havenpark,_Amsterdam",,31,1??,Okain,Scream (Nina Kraviz Remix) [Tsuba],Okain - Scream (Nina Kraviz Remix) [Tsuba]
"2019-05-12 - Marco Carola @ Music On Festival, Havenpark, Amsterdam","https://www.mixesdb.com/w/2019-05-12_-_Marco_Carola_@_Music_On_Festival,_Havenpark,_Amsterdam",,32,1??,Callvin,Feel Your Soul,Callvin - Feel Your Soul
"2019-05-12 - Marco Carola @ Music On Festival, Havenpark, Amsterdam","https://www.mixesdb.com/w/2019-05-12_-_Marco_Carola_@_Music_On_Festival,_Havenpark,_Amsterdam",,33,1??,Dam Swindle Feat. Mark De Clive-Love,Just Not Norma [Heist],Dam Swindle Feat. Mark De Clive-Love - Just Not Norma [Heist]
"2010-07-22 - Marco Carola @ iLL Communications, The Rooftop, Dubai","https://www.mixesdb.com/w/2010-07-22_-_Marco_Carola_@_iLL_Communications,_The_Rooftop,_Dubai",,1,000:00,Alejandro Vivanco,Haunted (Dub Mix),Alejandro Vivanco - Haunted (Dub Mix)
"2010-07-22 - Marco Carola @ iLL Communications, The Rooftop, Dubai","https://www.mixesdb.com/w/2010-07-22_-_Marco_Carola_@_iLL_Communications,_The_Rooftop,_Dubai",,2,005:00,Federico Locchi & UGLH,Gulp [Great Stuff],Federico Locchi & UGLH - Gulp [Great Stuff]
"2010-07-22 - Marco Carola @ iLL Communications, The Rooftop, Dubai","https://www.mixesdb.com/w/2010-07-22_-_Marco_Carola_@_iLL_Communications,_The_Rooftop,_Dubai",,3,008:00,Veitengruber,Gimme Some Muah [Brise],Veitengruber - Gimme Some Muah [Brise]
"2010-07-22 - Marco Carola @ iLL Communications, The Rooftop, Dubai","https://www.mixesdb.com/w/2010-07-22_-_Marco_Carola_@_iLL_Communications,_The_Rooftop,_Dubai",,4,011:20,Darkrow,Working On Ice [Datagroove],Darkrow - Working On Ice [Datagroove]
"2010-07-22 - Marco Carola @ iLL Communications, The Rooftop, Dubai","https://www.mixesdb.com/w/2010-07-22_-_Marco_Carola_@_iLL_Communications,_The_Rooftop,_Dubai",,5,014:05,Paolo Martini & Paul C,Plug Me (Johnny D Remix) [AMA],Paolo Martini & Paul C - Plug Me (Johnny D Remix) [AMA]
"2010-07-22 - Marco Carola @ iLL Communications, The Rooftop, Dubai","https://www.mixesdb.com/w/2010-07-22_-_Marco_Carola_@_iLL_Communications,_The_Rooftop,_Dubai",,6,021:25,Tanov,Revelant [Monique Musique],Tanov - Revelant [Monique Musique]
"2010-07-22 - Marco Carola @ iLL Communications, The Rooftop, Dubai","https://www.mixesdb.com/w/2010-07-22_-_Marco_Carola_@_iLL_Communications,_The_Rooftop,_Dubai",,7,028:25,Anil Chawla,Macho Grande [Suara],Anil Chawla - Macho Grande [Suara]
"2010-07-22 - Marco Carola @ iLL Communications, The Rooftop, Dubai","https://www.mixesdb.com/w/2010-07-22_-_Marco_Carola_@_iLL_Communications,_The_Rooftop,_Dubai",,8,037:07,Berny,Shplatten [Aenaria],Berny - Shplatten [Aenaria]
"2010-07-22 - Marco Carola @ iLL Communications, The Rooftop, Dubai","https://www.mixesdb.com/w/2010-07-22_-_Marco_Carola_@_iLL_Communications,_The_Rooftop,_Dubai",,9,040:00,David Squillace,Cubism [Desolat],David Squillace - Cubism [Desolat]
"2010-07-22 - Marco Carola @ iLL Communications, The Rooftop, Dubai","https://www.mixesdb.com/w/2010-07-22_-_Marco_Carola_@_iLL_Communications,_The_Rooftop,_Dubai",,10,046:00,Jose Armas,Caronte [Lowpitch],Jose Armas - Caronte [Lowpitch]
"2010-07-22 - Marco Carola @ iLL Communications, The Rooftop, Dubai","https://www.mixesdb.com/w/2010-07-22_-_Marco_Carola_@_iLL_Communications,_The_Rooftop,_Dubai",,11,046:40,Butch,No Worries [Cécille],Butch - No Worries [Cécille]
"2010-07-22 - Marco Carola @ iLL Communications, The Rooftop, Dubai","https://www.mixesdb.com/w/2010-07-22_-_Marco_Carola_@_iLL_Communications,_The_Rooftop,_Dubai",,12,049:22,Basti Grub & Aldo Cadiz,Me Sabe A Porro [Desolat],Basti Grub & Aldo Cadiz - Me Sabe A Porro [Desolat]
"2010-07-22 - Marco Carola @ iLL Communications, The Rooftop, Dubai","https://www.mixesdb.com/w/2010-07-22_-_Marco_Carola_@_iLL_Communications,_The_Rooftop,_Dubai",,13,055:23,,?,?
"2010-07-22 - Marco Carola @ iLL Communications, The Rooftop, Dubai","https://www.mixesdb.com/w/2010-07-22_-_Marco_Carola_@_iLL_Communications,_The_Rooftop,_Dubai",,14,058:50,Gary Beck,Say What [Saved],Gary Beck - Say What [Saved]
"2010-07-22 - Marco Carola @ iLL Communications, The Rooftop, Dubai","https://www.mixesdb.com/w/2010-07-22_-_Marco_Carola_@_iLL_Communications,_The_Rooftop,_Dubai",,15,065:25,Santos,Yato Ma [Saved],Santos - Yato Ma [Saved]
"2010-07-22 - Marco Carola @ iLL Communications, The Rooftop, Dubai","https://www.mixesdb.com/w/2010-07-22_-_Marco_Carola_@_iLL_Communications,_The_Rooftop,_Dubai",,16,071:00,Sascha Dive & Christian Burkhardt,Nightflight [Raum...Musik.],Sascha Dive & Christian Burkhardt - Nightflight [Raum...Musik.]
"2010-07-22 - Marco Carola @ iLL Communications, The Rooftop, Dubai","https://www.mixesdb.com/w/2010-07-22_-_Marco_Carola_@_iLL_Communications,_The_Rooftop,_Dubai",,17,075:00,Frankie,Black Sugar [Frankie],Frankie - Black Sugar [Frankie]
"2010-07-22 - Marco Carola @ iLL Communications, The Rooftop, Dubai","https://www.mixesdb.com/w/2010-07-22_-_Marco_Carola_@_iLL_Communications,_The_Rooftop,_Dubai",,18,083:00,Ronan Portela,La Kelly,Ronan Portela - La Kelly
"2010-07-22 - Marco Carola @ iLL Communications, The Rooftop, Dubai","https://www.mixesdb.com/w/2010-07-22_-_Marco_Carola_@_iLL_Communications,_The_Rooftop,_Dubai",,19,093:31,Mauro Picotto,Go (Lauhaus Remix) [Alchemy],Mauro Picotto - Go (Lauhaus Remix) [Alchemy]
"2010-07-22 - Marco Carola @ iLL Communications, The Rooftop, Dubai","https://www.mixesdb.com/w/2010-07-22_-_Marco_Carola_@_iLL_Communications,_The_Rooftop,_Dubai",,20,110:31,Gunnar Stiller,Open You [Upon You Sweet & Sour],Gunnar Stiller - Open You [Upon You Sweet & Sour]
"2010-07-22 - Marco Carola @ iLL Communications, The Rooftop, Dubai","https://www.mixesdb.com/w/2010-07-22_-_Marco_Carola_@_iLL_Communications,_The_Rooftop,_Dubai",,21,120:00,Darkrow,Let's Groove (Ronan Portela Remix) [Datagroove],Darkrow - Let's Groove (Ronan Portela Remix) [Datagroove]
"2010-07-22 - Marco Carola @ iLL Communications, The Rooftop, Dubai","https://www.mixesdb.com/w/2010-07-22_-_Marco_Carola_@_iLL_Communications,_The_Rooftop,_Dubai",,22,127:19,Jonny White Feat. My Favorite Robot,Desensitize (Chloé Remix) [My Favorite Robot],Jonny White Feat. My Favorite Robot - Desensitize (Chloé Remix) [My Favorite Robot]
"2010-07-22 - Marco Carola @ iLL Communications, The Rooftop, Dubai","https://www.mixesdb.com/w/2010-07-22_-_Marco_Carola_@_iLL_Communications,_The_Rooftop,_Dubai",,23,132:00,Booka Shade & M.A.N.D.Y.,O Superman (Reboot's 20 Cubans Rework) [Get Physical],Booka Shade & M.A.N.D.Y. - O Superman (Reboot's 20 Cubans Rework) [Get Physical]
"2010-07-22 - Marco Carola @ iLL Communications, The Rooftop, Dubai","https://www.mixesdb.com/w/2010-07-22_-_Marco_Carola_@_iLL_Communications,_The_Rooftop,_Dubai",,24,139:00,Marco Carola,Play It Loud,Marco Carola - Play It Loud
"2010-07-22 - Marco Carola @ iLL Communications, The Rooftop, Dubai","https://www.mixesdb.com/w/2010-07-22_-_Marco_Carola_@_iLL_Communications,_The_Rooftop,_Dubai",,25,145:00,Kasbah Zoo,La Fameia Zigana [RAWthentic],Kasbah Zoo - La Fameia Zigana [RAWthentic]
"2010-07-22 - Marco Carola @ iLL Communications, The Rooftop, Dubai","https://www.mixesdb.com/w/2010-07-22_-_Marco_Carola_@_iLL_Communications,_The_Rooftop,_Dubai",,26,152:00,Marco Carola,Bloody Cash [Plus 8],Marco Carola - Bloody Cash [Plus 8]
"2010-07-22 - Marco Carola @ iLL Communications, The Rooftop, Dubai","https://www.mixesdb.com/w/2010-07-22_-_Marco_Carola_@_iLL_Communications,_The_Rooftop,_Dubai",,27,154:29,Layo & Bushwacka,The Longest Day (Audiofly Remix) [Olmeto],Layo & Bushwacka - The Longest Day (Audiofly Remix) [Olmeto]
2013-06-11 - Marco Carola - Music On: The Mix (Ibiza 2013 Promo Mix),https://www.mixesdb.com/w/2013-06-11_-_Marco_Carola_-_Music_On:_The_Mix_(Ibiza_2013_Promo_Mix),,1,00,Sammy & Alex E & Dubfound,Fen (Deep Square's In The Pipe Remix) [Tobus - TBS 12],Sammy & Alex E & Dubfound - Fen (Deep Square's In The Pipe Remix) [Tobus - TBS 12]
2013-06-11 - Marco Carola - Music On: The Mix (Ibiza 2013 Promo Mix),https://www.mixesdb.com/w/2013-06-11_-_Marco_Carola_-_Music_On:_The_Mix_(Ibiza_2013_Promo_Mix),,2,07,Wally Stryk,Hoedic [Hermine Records],Wally Stryk - Hoedic [Hermine Records]
2013-06-11 - Marco Carola - Music On: The Mix (Ibiza 2013 Promo Mix),https://www.mixesdb.com/w/2013-06-11_-_Marco_Carola_-_Music_On:_The_Mix_(Ibiza_2013_Promo_Mix),,3,12,Roono,Curiosity (Ellroy Remix) [Full Range - FR 015],Roono - Curiosity (Ellroy Remix) [Full Range - FR 015]
2013-06-11 - Marco Carola - Music On: The Mix (Ibiza 2013 Promo Mix),https://www.mixesdb.com/w/2013-06-11_-_Marco_Carola_-_Music_On:_The_Mix_(Ibiza_2013_Promo_Mix),,4,16,,?,?
2013-06-11 - Marco Carola - Music On: The Mix (Ibiza 2013 Promo Mix),https://www.mixesdb.com/w/2013-06-11_-_Marco_Carola_-_Music_On:_The_Mix_(Ibiza_2013_Promo_Mix),,5,21,Alessan Main,Intelligent (Maertz Remix) [Konzentrisch - KZM 002],Alessan Main - Intelligent (Maertz Remix) [Konzentrisch - KZM 002]
2013-06-11 - Marco Carola - Music On: The Mix (Ibiza 2013 Promo Mix),https://www.mixesdb.com/w/2013-06-11_-_Marco_Carola_-_Music_On:_The_Mix_(Ibiza_2013_Promo_Mix),,6,25,Samuel & German Brigante Dan,Tomorrow [Witty Tunes - WT 106],Samuel & German Brigante Dan - Tomorrow [Witty Tunes - WT 106]
2013-06-11 - Marco Carola - Music On: The Mix (Ibiza 2013 Promo Mix),https://www.mixesdb.com/w/2013-06-11_-_Marco_Carola_-_Music_On:_The_Mix_(Ibiza_2013_Promo_Mix),,7,30,Stone Owl,Chemtrails (Andy Toth Remix) [Trapez - 138],Stone Owl - Chemtrails (Andy Toth Remix) [Trapez - 138]
2013-06-11 - Marco Carola - Music On: The Mix (Ibiza 2013 Promo Mix),https://www.mixesdb.com/w/2013-06-11_-_Marco_Carola_-_Music_On:_The_Mix_(Ibiza_2013_Promo_Mix),,8,36,Luis Martinez,Yay Boy [Hustler Muzik - HMVA 001],Luis Martinez - Yay Boy [Hustler Muzik - HMVA 001]
2013-06-11 - Marco Carola - Music On: The Mix (Ibiza 2013 Promo Mix),https://www.mixesdb.com/w/2013-06-11_-_Marco_Carola_-_Music_On:_The_Mix_(Ibiza_2013_Promo_Mix),,9,41,Hugo,Fat Corner [Sleep Is Commercial - SIC 0270],Hugo - Fat Corner [Sleep Is Commercial - SIC 0270]
2013-06-11 - Marco Carola - Music On: The Mix (Ibiza 2013 Promo Mix),https://www.mixesdb.com/w/2013-06-11_-_Marco_Carola_-_Music_On:_The_Mix_(Ibiza_2013_Promo_Mix),,10,46,Juanito,Los Montes (Jetro Remix) [Recovery House - RHCOMP 899],Juanito - Los Montes (Jetro Remix) [Recovery House - RHCOMP 899]
2013-06-11 - Marco Carola - Music On: The Mix (Ibiza 2013 Promo Mix),https://www.mixesdb.com/w/2013-06-11_-_Marco_Carola_-_Music_On:_The_Mix_(Ibiza_2013_Promo_Mix),,11,51,,?,?
2013-06-11 - Marco Carola - Music On: The Mix (Ibiza 2013 Promo Mix),https://www.mixesdb.com/w/2013-06-11_-_Marco_Carola_-_Music_On:_The_Mix_(Ibiza_2013_Promo_Mix),,12,56,Ali Efe Dinc,Playin (H2 Lounge Groove Remix) [Eklektisch - EKV 012],Ali Efe Dinc - Playin (H2 Lounge Groove Remix) [Eklektisch - EKV 012]
2013-06-11 - Marco Carola - Music On: The Mix (Ibiza 2013 Promo Mix),https://www.mixesdb.com/w/2013-06-11_-_Marco_Carola_-_Music_On:_The_Mix_(Ibiza_2013_Promo_Mix),,13,61,Junior Gee,This Society [Something Different - SDR 025],Junior Gee - This Society [Something Different - SDR 025]
2013-06-11 - Marco Carola - Music On: The Mix (Ibiza 2013 Promo Mix),https://www.mixesdb.com/w/2013-06-11_-_Marco_Carola_-_Music_On:_The_Mix_(Ibiza_2013_Promo_Mix),,14,67,Horatio & Boghosian,Bochica (Dimitri Monev Remix) [Quanticman - Q 77],Horatio & Boghosian - Bochica (Dimitri Monev Remix) [Quanticman - Q 77]
2013-06-11 - Marco Carola - Music On: The Mix (Ibiza 2013 Promo Mix),https://www.mixesdb.com/w/2013-06-11_-_Marco_Carola_-_Music_On:_The_Mix_(Ibiza_2013_Promo_Mix),,15,73,Testa Rossa,Audioslave [Southpark - 043],Testa Rossa - Audioslave [Southpark - 043]
"2007-06-08 - Marco Carola @ XS Club, Iasi, Romania","https://www.mixesdb.com/w/2007-06-08_-_Marco_Carola_@_XS_Club,_Iasi,_Romania",Version 1,1,000:00,Mike Monday,Buttfunk,Mike Monday - Buttfunk
"2007-06-08 - Marco Carola @ XS Club, Iasi, Romania","https://www.mixesdb.com/w/2007-06-08_-_Marco_Carola_@_XS_Club,_Iasi,_Romania",Version 1,2,003:00,Christian Burkhardt,Kreiskollaps (Federico Molinari Remix),Christian Burkhardt - Kreiskollaps (Federico Molinari Remix)
"2007-06-08 - Marco Carola @ XS Club, Iasi, Romania","https://www.mixesdb.com/w/2007-06-08_-_Marco_Carola_@_XS_Club,_Iasi,_Romania",Version 1,3,005:35,Marco Carola,Step By Step,Marco Carola - Step By Step
"2007-06-08 - Marco Carola @ XS Club, Iasi, Romania","https://www.mixesdb.com/w/2007-06-08_-_Marco_Carola_@_XS_Club,_Iasi,_Romania",Version 1,4,011:57,Marco Carola,Oh Yeah,Marco Carola - Oh Yeah
"2007-06-08 - Marco Carola @ XS Club, Iasi, Romania","https://www.mixesdb.com/w/2007-06-08_-_Marco_Carola_@_XS_Club,_Iasi,_Romania",Version 1,5,016:10,Onur Özer,Orion,Onur Özer - Orion
"2007-06-08 - Marco Carola @ XS Club, Iasi, Romania","https://www.mixesdb.com/w/2007-06-08_-_Marco_Carola_@_XS_Club,_Iasi,_Romania",Version 1,6,018:34,Alexi Delano,Would You?,Alexi Delano - Would You?
"2007-06-08 - Marco Carola @ XS Club, Iasi, Romania","https://www.mixesdb.com/w/2007-06-08_-_Marco_Carola_@_XS_Club,_Iasi,_Romania",Version 1,7,023:45,Frankie Valentine,Zumbi (Henrick Schwarz Dub Mix),Frankie Valentine - Zumbi (Henrick Schwarz Dub Mix)
"2007-06-08 - Marco Carola @ XS Club, Iasi, Romania","https://www.mixesdb.com/w/2007-06-08_-_Marco_Carola_@_XS_Club,_Iasi,_Romania",Version 1,8,028:28,,?,?
"2007-06-08 - Marco Carola @ XS Club, Iasi, Romania","https://www.mixesdb.com/w/2007-06-08_-_Marco_Carola_@_XS_Club,_Iasi,_Romania",Version 1,9,032:52,Christian Burkhardt,Kreiskollaps,Christian Burkhardt - Kreiskollaps
"2007-06-08 - Marco Carola @ XS Club, Iasi, Romania","https://www.mixesdb.com/w/2007-06-08_-_Marco_Carola_@_XS_Club,_Iasi,_Romania",Version 1,10,035:25,Ambivalent,R U OK (Kasper Is Ok Remix),Ambivalent - R U OK (Kasper Is Ok Remix)
"2007-06-08 - Marco Carola @ XS Club, Iasi, Romania","https://www.mixesdb.com/w/2007-06-08_-_Marco_Carola_@_XS_Club,_Iasi,_Romania",Version 1,11,042:02,Romanthony,Let Me Show You Love (Edit),Romanthony - Let Me Show You Love (Edit)
"2007-06-08 - Marco Carola @ XS Club, Iasi, Romania","https://www.mixesdb.com/w/2007-06-08_-_Marco_Carola_@_XS_Club,_Iasi,_Romania",Version 1,12,045:06,MD III,The Pressure Cooker (Pressure Moan Mix),MD III - The Pressure Cooker (Pressure Moan Mix)
"2007-06-08 - Marco Carola @ XS Club, Iasi, Romania","https://www.mixesdb.com/w/2007-06-08_-_Marco_Carola_@_XS_Club,_Iasi,_Romania",Version 1,13,048:00,Danilo Vigorito,Temperance,Danilo Vigorito - Temperance
"2007-06-08 - Marco Carola @ XS Club, Iasi, Romania","https://www.mixesdb.com/w/2007-06-08_-_Marco_Carola_@_XS_Club,_Iasi,_Romania",Version 1,14,053:50,Lucio Aquilina,My Cube,Lucio Aquilina - My Cube
"2007-06-08 - Marco Carola @ XS Club, Iasi, Romania","https://www.mixesdb.com/w/2007-06-08_-_Marco_Carola_@_XS_Club,_Iasi,_Romania",Version 1,15,056:00,Marco Carola,Re_Solution,Marco Carola - Re_Solution
"2007-06-08 - Marco Carola @ XS Club, Iasi, Romania","https://www.mixesdb.com/w/2007-06-08_-_Marco_Carola_@_XS_Club,_Iasi,_Romania",Version 1,16,059:00,Polder,Strange Ways,Polder - Strange Ways
"2007-06-08 - Marco Carola @ XS Club, Iasi, Romania","https://www.mixesdb.com/w/2007-06-08_-_Marco_Carola_@_XS_Club,_Iasi,_Romania",Version 1,17,062:00,Shlomi Aber,Freakside,Shlomi Aber - Freakside
"2007-06-08 - Marco Carola @ XS Club, Iasi, Romania","https://www.mixesdb.com/w/2007-06-08_-_Marco_Carola_@_XS_Club,_Iasi,_Romania",Version 1,18,067:00,Federico Molinari,Dressless,Federico Molinari - Dressless
"2007-06-08 - Marco Carola @ XS Club, Iasi, Romania","https://www.mixesdb.com/w/2007-06-08_-_Marco_Carola_@_XS_Club,_Iasi,_Romania",Version 1,19,069:37,Seph,Tar Ann Tullah (Lee Curtiss Remix),Seph - Tar Ann Tullah (Lee Curtiss Remix)
"2007-06-08 - Marco Carola @ XS Club, Iasi, Romania","https://www.mixesdb.com/w/2007-06-08_-_Marco_Carola_@_XS_Club,_Iasi,_Romania",Version 1,20,071:26,Mowree,My Drum,Mowree - My Drum
"2007-06-08 - Marco Carola @ XS Club, Iasi, Romania","https://www.mixesdb.com/w/2007-06-08_-_Marco_Carola_@_XS_Club,_Iasi,_Romania",Version 1,21,074:00,Zoo Brazil,Two Steps Back,Zoo Brazil - Two Steps Back
"2007-06-08 - Marco Carola @ XS Club, Iasi, Romania","https://www.mixesdb.com/w/2007-06-08_-_Marco_Carola_@_XS_Club,_Iasi,_Romania",Version 1,22,077:46,Phonique,Bang,Phonique - Bang
"2007-06-08 - Marco Carola @ XS Club, Iasi, Romania","https://www.mixesdb.com/w/2007-06-08_-_Marco_Carola_@_XS_Club,_Iasi,_Romania",Version 1,23,080:21,Frankie,Hunt (Mike Shannon's Let The Hunt Begin Remix),Frankie - Hunt (Mike Shannon's Let The Hunt Begin Remix)
"2007-06-08 - Marco Carola @ XS Club, Iasi, Romania","https://www.mixesdb.com/w/2007-06-08_-_Marco_Carola_@_XS_Club,_Iasi,_Romania",Version 1,24,084:00,Massi DL,Nothing Is Lost,Massi DL - Nothing Is Lost
"2007-06-08 - Marco Carola @ XS Club, Iasi, Romania","https://www.mixesdb.com/w/2007-06-08_-_Marco_Carola_@_XS_Club,_Iasi,_Romania",Version 1,25,090:00,Aquilina & Venturi,Disco Bus,Aquilina & Venturi - Disco Bus
"2007-06-08 - Marco Carola @ XS Club, Iasi, Romania","https://www.mixesdb.com/w/2007-06-08_-_Marco_Carola_@_XS_Club,_Iasi,_Romania",Version 1,26,094:00,Danilo Vigorito,Everything Happens For A Reason,Danilo Vigorito - Everything Happens For A Reason
"2007-06-08 - Marco Carola @ XS Club, Iasi, Romania","https://www.mixesdb.com/w/2007-06-08_-_Marco_Carola_@_XS_Club,_Iasi,_Romania",Version 1,27,097:30,Danilo Vigorito,Heka [Dark Side],Danilo Vigorito - Heka [Dark Side]
"2007-06-08 - Marco Carola @ XS Club, Iasi, Romania","https://www.mixesdb.com/w/2007-06-08_-_Marco_Carola_@_XS_Club,_Iasi,_Romania",Version 1,28,103:30,Phage & Daniel Dreier,Beeswax,Phage & Daniel Dreier - Beeswax
"2007-06-08 - Marco Carola @ XS Club, Iasi, Romania","https://www.mixesdb.com/w/2007-06-08_-_Marco_Carola_@_XS_Club,_Iasi,_Romania",Version 1,29,105:00,Marc Houle,?,Marc Houle - ?
"2007-06-08 - Marco Carola @ XS Club, Iasi, Romania","https://www.mixesdb.com/w/2007-06-08_-_Marco_Carola_@_XS_Club,_Iasi,_Romania",Version 1,30,109:00,Ambivalent,R U OK (Marco Carola 2 Beats Remix),Ambivalent - R U OK (Marco Carola 2 Beats Remix)
"2007-06-08 - Marco Carola @ XS Club, Iasi, Romania","https://www.mixesdb.com/w/2007-06-08_-_Marco_Carola_@_XS_Club,_Iasi,_Romania",Version 1,31,114:00,Kevin Saunderson,Good Love (Luciano's Good Love Remix),Kevin Saunderson - Good Love (Luciano's Good Love Remix)
"2007-06-08 - Marco Carola @ XS Club, Iasi, Romania","https://www.mixesdb.com/w/2007-06-08_-_Marco_Carola_@_XS_Club,_Iasi,_Romania",Version 1,32,116:00,Dario Zenker,Newbe (Heartthrob's Are U Gay Mix) (Marco Carola Edit),Dario Zenker - Newbe (Heartthrob's Are U Gay Mix) (Marco Carola Edit)
"2007-06-08 - Marco Carola @ XS Club, Iasi, Romania","https://www.mixesdb.com/w/2007-06-08_-_Marco_Carola_@_XS_Club,_Iasi,_Romania",Version 1,33,120:00,Berg Nixon,Box Escape,Berg Nixon - Box Escape
"2007-06-08 - Marco Carola @ XS Club, Iasi, Romania","https://www.mixesdb.com/w/2007-06-08_-_Marco_Carola_@_XS_Club,_Iasi,_Romania",Version 1,34,123:31,Marco Carola,Dancing Days,Marco Carola - Dancing Days
"2007-06-08 - Marco Carola @ XS Club, Iasi, Romania","https://www.mixesdb.com/w/2007-06-08_-_Marco_Carola_@_XS_Club,_Iasi,_Romania",Version 1,35,129:00,Mock & Toof,Tomcat (Mock's Mod Mix),Mock & Toof - Tomcat (Mock's Mod Mix)
"2007-06-08 - Marco Carola @ XS Club, Iasi, Romania","https://www.mixesdb.com/w/2007-06-08_-_Marco_Carola_@_XS_Club,_Iasi,_Romania",Version 1,36,131:30,Dennis Ferrer,Transitions (Sasse Re-Edit),Dennis Ferrer - Transitions (Sasse Re-Edit)
"2007-06-08 - Marco Carola @ XS Club, Iasi, Romania","https://www.mixesdb.com/w/2007-06-08_-_Marco_Carola_@_XS_Club,_Iasi,_Romania",Version 1,37,137:00,Soul Rebels,The Revolution Will Not Be Televised (Lunar Disco Remix),Soul Rebels - The Revolution Will Not Be Televised (Lunar Disco Remix)
"2007-06-08 - Marco Carola @ XS Club, Iasi, Romania","https://www.mixesdb.com/w/2007-06-08_-_Marco_Carola_@_XS_Club,_Iasi,_Romania",Version 1,38,139:40,James Flavour,Da Ride,James Flavour - Da Ride
"2007-06-08 - Marco Carola @ XS Club, Iasi, Romania","https://www.mixesdb.com/w/2007-06-08_-_Marco_Carola_@_XS_Club,_Iasi,_Romania",Version 1,39,145:00,Inland Knights,See Yo' Face,Inland Knights - See Yo' Face
"2007-06-08 - Marco Carola @ XS Club, Iasi, Romania","https://www.mixesdb.com/w/2007-06-08_-_Marco_Carola_@_XS_Club,_Iasi,_Romania",Version 1,40,150:00,,?,?
"2007-06-08 - Marco Carola @ XS Club, Iasi, Romania","https://www.mixesdb.com/w/2007-06-08_-_Marco_Carola_@_XS_Club,_Iasi,_Romania",Version 1,41,153:00,,?,?
"2007-06-08 - Marco Carola @ XS Club, Iasi, Romania","https://www.mixesdb.com/w/2007-06-08_-_Marco_Carola_@_XS_Club,_Iasi,_Romania",Version 1,42,154:10,BLM & MarcAshken,Break Up,BLM & MarcAshken - Break Up
"2007-06-08 - Marco Carola @ XS Club, Iasi, Romania","https://www.mixesdb.com/w/2007-06-08_-_Marco_Carola_@_XS_Club,_Iasi,_Romania",Version 1,43,157:00,Marco Carola,Weekend,Marco Carola - Weekend
"2007-06-08 - Marco Carola @ XS Club, Iasi, Romania","https://www.mixesdb.com/w/2007-06-08_-_Marco_Carola_@_XS_Club,_Iasi,_Romania",Version 1,44,161:49,Marco Carola,Pallegio,Marco Carola - Pallegio
"2007-06-08 - Marco Carola @ XS Club, Iasi, Romania","https://www.mixesdb.com/w/2007-06-08_-_Marco_Carola_@_XS_Club,_Iasi,_Romania",Version 1,45,164:30,Carassi & Capriati,Microbiotik (Massi DL Remix),Carassi & Capriati - Microbiotik (Massi DL Remix)
"2007-06-08 - Marco Carola @ XS Club, Iasi, Romania","https://www.mixesdb.com/w/2007-06-08_-_Marco_Carola_@_XS_Club,_Iasi,_Romania",Version 1,46,168:25,Skoozbot,Omega Shark,Skoozbot - Omega Shark
"2007-06-08 - Marco Carola @ XS Club, Iasi, Romania","https://www.mixesdb.com/w/2007-06-08_-_Marco_Carola_@_XS_Club,_Iasi,_Romania",Version 1,47,170:00,Shyza Minelli,Set The Limit,Shyza Minelli - Set The Limit
"2007-06-08 - Marco Carola @ XS Club, Iasi, Romania","https://www.mixesdb.com/w/2007-06-08_-_Marco_Carola_@_XS_Club,_Iasi,_Romania",Version 1,48,175:00,Wang Inc.,Can-D,Wang Inc. - Can-D
"2007-06-08 - Marco Carola @ XS Club, Iasi, Romania","https://www.mixesdb.com/w/2007-06-08_-_Marco_Carola_@_XS_Club,_Iasi,_Romania",Version 1,49,179:00,Diego Capri & Andrea Gentile,Tomato,Diego Capri & Andrea Gentile - Tomato
"2007-06-08 - Marco Carola @ XS Club, Iasi, Romania","https://www.mixesdb.com/w/2007-06-08_-_Marco_Carola_@_XS_Club,_Iasi,_Romania",Version 1,50,181:30,Davide Squillace,Cherry On The Cake,Davide Squillace - Cherry On The Cake
"2007-06-08 - Marco Carola @ XS Club, Iasi, Romania","https://www.mixesdb.com/w/2007-06-08_-_Marco_Carola_@_XS_Club,_Iasi,_Romania",Version 1,51,186:00,Signor Andreoni & Samim,Maria Santo Mama,Signor Andreoni & Samim - Maria Santo Mama
"2007-06-08 - Marco Carola @ XS Club, Iasi, Romania","https://www.mixesdb.com/w/2007-06-08_-_Marco_Carola_@_XS_Club,_Iasi,_Romania",Version 1,52,191:00,Blackstrobe,I'm A Man (Audion's Donation Mix),Blackstrobe - I'm A Man (Audion's Donation Mix)
"2000-08-09 - Marco Carola vs. Gaetano Parisio @ Tonic, Toronto","https://www.mixesdb.com/w/2000-08-09_-_Marco_Carola_vs._Gaetano_Parisio_@_Tonic,_Toronto",,1,00:00:01,Box Blaze & Deetron,Pocket Rocker,Box Blaze & Deetron - Pocket Rocker
"2000-08-09 - Marco Carola vs. Gaetano Parisio @ Tonic, Toronto","https://www.mixesdb.com/w/2000-08-09_-_Marco_Carola_vs._Gaetano_Parisio_@_Tonic,_Toronto",,2,00:01:57,,?,?
"2000-08-09 - Marco Carola vs. Gaetano Parisio @ Tonic, Toronto","https://www.mixesdb.com/w/2000-08-09_-_Marco_Carola_vs._Gaetano_Parisio_@_Tonic,_Toronto",,3,00:04:40,,?,?
"2000-08-09 - Marco Carola vs. Gaetano Parisio @ Tonic, Toronto","https://www.mixesdb.com/w/2000-08-09_-_Marco_Carola_vs._Gaetano_Parisio_@_Tonic,_Toronto",,4,00:06:37,Gaetano Parisio,Bendigo (A1),Gaetano Parisio - Bendigo (A1)
"2000-08-09 - Marco Carola vs. Gaetano Parisio @ Tonic, Toronto","https://www.mixesdb.com/w/2000-08-09_-_Marco_Carola_vs._Gaetano_Parisio_@_Tonic,_Toronto",,5,00:09:15,Gaetano Parisio & Alessandro F,Sirio (Gaetano Parisio Remix),Gaetano Parisio & Alessandro F - Sirio (Gaetano Parisio Remix)
"2000-08-09 - Marco Carola vs. Gaetano Parisio @ Tonic, Toronto","https://www.mixesdb.com/w/2000-08-09_-_Marco_Carola_vs._Gaetano_Parisio_@_Tonic,_Toronto",,6,00:13:47,A.Paul,Nebulae (The Advent Remix),A.Paul - Nebulae (The Advent Remix)
"2000-08-09 - Marco Carola vs. Gaetano Parisio @ Tonic, Toronto","https://www.mixesdb.com/w/2000-08-09_-_Marco_Carola_vs._Gaetano_Parisio_@_Tonic,_Toronto",,7,00:17:25,,?,?
"2000-08-09 - Marco Carola vs. Gaetano Parisio @ Tonic, Toronto","https://www.mixesdb.com/w/2000-08-09_-_Marco_Carola_vs._Gaetano_Parisio_@_Tonic,_Toronto",,8,00:19:42,Gaetano Parisio,Advanced Techno Research 7-10 (B Side),Gaetano Parisio - Advanced Techno Research 7-10 (B Side)
"2000-08-09 - Marco Carola vs. Gaetano Parisio @ Tonic, Toronto","https://www.mixesdb.com/w/2000-08-09_-_Marco_Carola_vs._Gaetano_Parisio_@_Tonic,_Toronto",,9,00:22:18,Sterac,Liteon,Sterac - Liteon
"2000-08-09 - Marco Carola vs. Gaetano Parisio @ Tonic, Toronto","https://www.mixesdb.com/w/2000-08-09_-_Marco_Carola_vs._Gaetano_Parisio_@_Tonic,_Toronto",,10,00:25:43,Electric Deluxe,Electric Deluxe,Electric Deluxe - Electric Deluxe
"2000-08-09 - Marco Carola vs. Gaetano Parisio @ Tonic, Toronto","https://www.mixesdb.com/w/2000-08-09_-_Marco_Carola_vs._Gaetano_Parisio_@_Tonic,_Toronto",,11,00:27:23,TDR,Squelch (Fellatio Profunda Mix),TDR - Squelch (Fellatio Profunda Mix)
"2000-08-09 - Marco Carola vs. Gaetano Parisio @ Tonic, Toronto","https://www.mixesdb.com/w/2000-08-09_-_Marco_Carola_vs._Gaetano_Parisio_@_Tonic,_Toronto",,12,00:31:47,,?,?
"2000-08-09 - Marco Carola vs. Gaetano Parisio @ Tonic, Toronto","https://www.mixesdb.com/w/2000-08-09_-_Marco_Carola_vs._Gaetano_Parisio_@_Tonic,_Toronto",,13,00:33:07,Deep Groove Theory,Soul Satisfaction (DJ Buck's San Francisco Mix),Deep Groove Theory - Soul Satisfaction (DJ Buck's San Francisco Mix)
"2000-08-09 - Marco Carola vs. Gaetano Parisio @ Tonic, Toronto","https://www.mixesdb.com/w/2000-08-09_-_Marco_Carola_vs._Gaetano_Parisio_@_Tonic,_Toronto",,14,00:36:07,,?,?
"2000-08-09 - Marco Carola vs. Gaetano Parisio @ Tonic, Toronto","https://www.mixesdb.com/w/2000-08-09_-_Marco_Carola_vs._Gaetano_Parisio_@_Tonic,_Toronto",,15,00:38:42,,?,?
"2000-08-09 - Marco Carola vs. Gaetano Parisio @ Tonic, Toronto","https://www.mixesdb.com/w/2000-08-09_-_Marco_Carola_vs._Gaetano_Parisio_@_Tonic,_Toronto",,16,00:41:49,Random Noise Generation,Instrument Of Change,Random Noise Generation - Instrument Of Change
"2000-08-09 - Marco Carola vs. Gaetano Parisio @ Tonic, Toronto","https://www.mixesdb.com/w/2000-08-09_-_Marco_Carola_vs._Gaetano_Parisio_@_Tonic,_Toronto",,17,00:44:04,John Thomas,Undisputed Life (Technasia Remix 1),John Thomas - Undisputed Life (Technasia Remix 1)
"2000-08-09 - Marco Carola vs. Gaetano Parisio @ Tonic, Toronto","https://www.mixesdb.com/w/2000-08-09_-_Marco_Carola_vs._Gaetano_Parisio_@_Tonic,_Toronto",,18,00:46:02,Scorp,Crashed At The End,Scorp - Crashed At The End
"2000-08-09 - Marco Carola vs. Gaetano Parisio @ Tonic, Toronto","https://www.mixesdb.com/w/2000-08-09_-_Marco_Carola_vs._Gaetano_Parisio_@_Tonic,_Toronto",,19,00:51:10,John Thomas,Undisputed Life (Technasia Remix 2),John Thomas - Undisputed Life (Technasia Remix 2)
"2000-08-09 - Marco Carola vs. Gaetano Parisio @ Tonic, Toronto","https://www.mixesdb.com/w/2000-08-09_-_Marco_Carola_vs._Gaetano_Parisio_@_Tonic,_Toronto",,20,00:53:02,D'Wachman & HD Substance,Move My Body (Leandro Gamez Version),D'Wachman & HD Substance - Move My Body (Leandro Gamez Version)
"2000-08-09 - Marco Carola vs. Gaetano Parisio @ Tonic, Toronto","https://www.mixesdb.com/w/2000-08-09_-_Marco_Carola_vs._Gaetano_Parisio_@_Tonic,_Toronto",,21,00:55:33,Umek,Cartex,Umek - Cartex
"2000-08-09 - Marco Carola vs. Gaetano Parisio @ Tonic, Toronto","https://www.mixesdb.com/w/2000-08-09_-_Marco_Carola_vs._Gaetano_Parisio_@_Tonic,_Toronto",,22,00:58:30,Ben Sims,Impact (Killabite Remix),Ben Sims - Impact (Killabite Remix)
"2000-08-09 - Marco Carola vs. Gaetano Parisio @ Tonic, Toronto","https://www.mixesdb.com/w/2000-08-09_-_Marco_Carola_vs._Gaetano_Parisio_@_Tonic,_Toronto",,23,01:00:07,Deetron,Don't You Know Why?,Deetron - Don't You Know Why?
"2000-08-09 - Marco Carola vs. Gaetano Parisio @ Tonic, Toronto","https://www.mixesdb.com/w/2000-08-09_-_Marco_Carola_vs._Gaetano_Parisio_@_Tonic,_Toronto",,24,01:01:59,G-Man,Quo Vadis,G-Man - Quo Vadis
"2000-08-09 - Marco Carola vs. Gaetano Parisio @ Tonic, Toronto","https://www.mixesdb.com/w/2000-08-09_-_Marco_Carola_vs._Gaetano_Parisio_@_Tonic,_Toronto",,25,01:05:07,G Flame,Tobaco,G Flame - Tobaco
"2000-08-09 - Marco Carola vs. Gaetano Parisio @ Tonic, Toronto","https://www.mixesdb.com/w/2000-08-09_-_Marco_Carola_vs._Gaetano_Parisio_@_Tonic,_Toronto",,26,01:05:51,Locomotive,Middle 1 (Steam EP),Locomotive - Middle 1 (Steam EP)
"2000-08-09 - Marco Carola vs. Gaetano Parisio @ Tonic, Toronto","https://www.mixesdb.com/w/2000-08-09_-_Marco_Carola_vs._Gaetano_Parisio_@_Tonic,_Toronto",,27,01:07:47,Adam Beyer,Remainings II (James Ruskin Remix),Adam Beyer - Remainings II (James Ruskin Remix)
"2000-08-09 - Marco Carola vs. Gaetano Parisio @ Tonic, Toronto","https://www.mixesdb.com/w/2000-08-09_-_Marco_Carola_vs._Gaetano_Parisio_@_Tonic,_Toronto",,28,01:10:12,Gaetano Parisio,19-99 (A1) [DC19],Gaetano Parisio - 19-99 (A1) [DC19]
"2000-08-09 - Marco Carola vs. Gaetano Parisio @ Tonic, Toronto","https://www.mixesdb.com/w/2000-08-09_-_Marco_Carola_vs._Gaetano_Parisio_@_Tonic,_Toronto",,29,01:11:48,Conceiled Project,Second Coming (A1) ?,Conceiled Project - Second Coming (A1) ?
"2000-08-09 - Marco Carola vs. Gaetano Parisio @ Tonic, Toronto","https://www.mixesdb.com/w/2000-08-09_-_Marco_Carola_vs._Gaetano_Parisio_@_Tonic,_Toronto",,30,01:14:00,,?,?
"2005-03-16 - Marco Carola @ Robots, Canal Room, Broadway, New York","https://www.mixesdb.com/w/2005-03-16_-_Marco_Carola_@_Robots,_Canal_Room,_Broadway,_New_York",,1,,,?,?
"2005-03-16 - Marco Carola @ Robots, Canal Room, Broadway, New York","https://www.mixesdb.com/w/2005-03-16_-_Marco_Carola_@_Robots,_Canal_Room,_Broadway,_New_York",,2,,Monolake,Ice [Imbalance Computer],Monolake - Ice [Imbalance Computer]
"2005-03-16 - Marco Carola @ Robots, Canal Room, Broadway, New York","https://www.mixesdb.com/w/2005-03-16_-_Marco_Carola_@_Robots,_Canal_Room,_Broadway,_New_York",,3,,Audision,T.Break,Audision - T.Break
"2005-03-16 - Marco Carola @ Robots, Canal Room, Broadway, New York","https://www.mixesdb.com/w/2005-03-16_-_Marco_Carola_@_Robots,_Canal_Room,_Broadway,_New_York",,4,,,?,?
"2005-03-16 - Marco Carola @ Robots, Canal Room, Broadway, New York","https://www.mixesdb.com/w/2005-03-16_-_Marco_Carola_@_Robots,_Canal_Room,_Broadway,_New_York",,5,,Andreas Mügge,Illusions,Andreas Mügge - Illusions
"2005-03-16 - Marco Carola @ Robots, Canal Room, Broadway, New York","https://www.mixesdb.com/w/2005-03-16_-_Marco_Carola_@_Robots,_Canal_Room,_Broadway,_New_York",,6,,Sweet 'N Candy,Phonoautomatiq,Sweet 'N Candy - Phonoautomatiq
"2005-03-16 - Marco Carola @ Robots, Canal Room, Broadway, New York","https://www.mixesdb.com/w/2005-03-16_-_Marco_Carola_@_Robots,_Canal_Room,_Broadway,_New_York",,7,,So Inagawa,Cabaret [Telegraph],So Inagawa - Cabaret [Telegraph]
"2005-03-16 - Marco Carola @ Robots, Canal Room, Broadway, New York","https://www.mixesdb.com/w/2005-03-16_-_Marco_Carola_@_Robots,_Canal_Room,_Broadway,_New_York",,8,,Pheek,Le Plan B [Minus],Pheek - Le Plan B [Minus]
"2005-03-16 - Marco Carola @ Robots, Canal Room, Broadway, New York","https://www.mixesdb.com/w/2005-03-16_-_Marco_Carola_@_Robots,_Canal_Room,_Broadway,_New_York",,9,,Dandy Jack Aka The Latin Elvis,Change Something (Pier Bucci Remix),Dandy Jack Aka The Latin Elvis - Change Something (Pier Bucci Remix)
"2005-03-16 - Marco Carola @ Robots, Canal Room, Broadway, New York","https://www.mixesdb.com/w/2005-03-16_-_Marco_Carola_@_Robots,_Canal_Room,_Broadway,_New_York",,10,,Rhan,Roadtrip [Trapez],Rhan - Roadtrip [Trapez]
"2005-03-16 - Marco Carola @ Robots, Canal Room, Broadway, New York","https://www.mixesdb.com/w/2005-03-16_-_Marco_Carola_@_Robots,_Canal_Room,_Broadway,_New_York",,11,,Marc Houle,Clock Width [Minus],Marc Houle - Clock Width [Minus]
"2005-03-16 - Marco Carola @ Robots, Canal Room, Broadway, New York","https://www.mixesdb.com/w/2005-03-16_-_Marco_Carola_@_Robots,_Canal_Room,_Broadway,_New_York",,12,,Tekel,Sucrette Garden [Initial],Tekel - Sucrette Garden [Initial]
"2005-03-16 - Marco Carola @ Robots, Canal Room, Broadway, New York","https://www.mixesdb.com/w/2005-03-16_-_Marco_Carola_@_Robots,_Canal_Room,_Broadway,_New_York",,13,,Alex Smoke,Don't See The Point [Soma],Alex Smoke - Don't See The Point [Soma]
"2005-03-16 - Marco Carola @ Robots, Canal Room, Broadway, New York","https://www.mixesdb.com/w/2005-03-16_-_Marco_Carola_@_Robots,_Canal_Room,_Broadway,_New_York",,14,,Someone Else,Bedroom Eyes [Foundsound],Someone Else - Bedroom Eyes [Foundsound]
"2005-03-16 - Marco Carola @ Robots, Canal Room, Broadway, New York","https://www.mixesdb.com/w/2005-03-16_-_Marco_Carola_@_Robots,_Canal_Room,_Broadway,_New_York",,15,,Alex Smoke,No Consequence [Soma],Alex Smoke - No Consequence [Soma]
"2005-03-16 - Marco Carola @ Robots, Canal Room, Broadway, New York","https://www.mixesdb.com/w/2005-03-16_-_Marco_Carola_@_Robots,_Canal_Room,_Broadway,_New_York",,16,,Nathan Fake,The Sky Was Pink (James Holden Remix) [Border Community],Nathan Fake - The Sky Was Pink (James Holden Remix) [Border Community]
"2005-03-16 - Marco Carola @ Robots, Canal Room, Broadway, New York","https://www.mixesdb.com/w/2005-03-16_-_Marco_Carola_@_Robots,_Canal_Room,_Broadway,_New_York",,17,,Tomie Nevada,They Want To Be Hidden [ELP],Tomie Nevada - They Want To Be Hidden [ELP]
"2005-03-16 - Marco Carola @ Robots, Canal Room, Broadway, New York","https://www.mixesdb.com/w/2005-03-16_-_Marco_Carola_@_Robots,_Canal_Room,_Broadway,_New_York",,18,,Andre Kraml Feat. Shad Privat,Safari (Holden Remix) [Crosstown Rebels],Andre Kraml Feat. Shad Privat - Safari (Holden Remix) [Crosstown Rebels]
"2005-03-16 - Marco Carola @ Robots, Canal Room, Broadway, New York","https://www.mixesdb.com/w/2005-03-16_-_Marco_Carola_@_Robots,_Canal_Room,_Broadway,_New_York",,19,,Slam,This World (Wighnomy Brothers Remix) [Soma],Slam - This World (Wighnomy Brothers Remix) [Soma]
"2005-03-16 - Marco Carola @ Robots, Canal Room, Broadway, New York","https://www.mixesdb.com/w/2005-03-16_-_Marco_Carola_@_Robots,_Canal_Room,_Broadway,_New_York",,20,,Le Dust Sucker,Meanboy (Dominik Eulberg Remix) [Plong],Le Dust Sucker - Meanboy (Dominik Eulberg Remix) [Plong]
"2005-03-16 - Marco Carola @ Robots, Canal Room, Broadway, New York","https://www.mixesdb.com/w/2005-03-16_-_Marco_Carola_@_Robots,_Canal_Room,_Broadway,_New_York",,21,,Mathew Jonson,Marionette [Wagon Repair],Mathew Jonson - Marionette [Wagon Repair]
"2005-03-16 - Marco Carola @ Robots, Canal Room, Broadway, New York","https://www.mixesdb.com/w/2005-03-16_-_Marco_Carola_@_Robots,_Canal_Room,_Broadway,_New_York",,22,,Christian Linder And Smg,Vintage [Phono Elements],Christian Linder And Smg - Vintage [Phono Elements]
"2005-03-16 - Marco Carola @ Robots, Canal Room, Broadway, New York","https://www.mixesdb.com/w/2005-03-16_-_Marco_Carola_@_Robots,_Canal_Room,_Broadway,_New_York",,23,,DJ Koze,Brutalga Square [Kompakt],DJ Koze - Brutalga Square [Kompakt]
"2005-03-16 - Marco Carola @ Robots, Canal Room, Broadway, New York","https://www.mixesdb.com/w/2005-03-16_-_Marco_Carola_@_Robots,_Canal_Room,_Broadway,_New_York",,24,,Samim And Michal Feat. Jonjon,Msod [Tunings Spork],Samim And Michal Feat. Jonjon - Msod [Tunings Spork]
"2005-03-16 - Marco Carola @ Robots, Canal Room, Broadway, New York","https://www.mixesdb.com/w/2005-03-16_-_Marco_Carola_@_Robots,_Canal_Room,_Broadway,_New_York",,25,,Alex Under,Jerome Y Alex [CMYK],Alex Under - Jerome Y Alex [CMYK]
"2005-03-16 - Marco Carola @ Robots, Canal Room, Broadway, New York","https://www.mixesdb.com/w/2005-03-16_-_Marco_Carola_@_Robots,_Canal_Room,_Broadway,_New_York",,26,,Trentemøller,Physical Fraction [Audiomatique],Trentemøller - Physical Fraction [Audiomatique]
"2005-03-16 - Marco Carola @ Robots, Canal Room, Broadway, New York","https://www.mixesdb.com/w/2005-03-16_-_Marco_Carola_@_Robots,_Canal_Room,_Broadway,_New_York",,27,,John Tejada,Sweat On The Walls [Pokerflat],John Tejada - Sweat On The Walls [Pokerflat]
"2005-03-16 - Marco Carola @ Robots, Canal Room, Broadway, New York","https://www.mixesdb.com/w/2005-03-16_-_Marco_Carola_@_Robots,_Canal_Room,_Broadway,_New_York",,28,,Gus Gus,Lust [Great Stuff],Gus Gus - Lust [Great Stuff]
"2005-03-16 - Marco Carola @ Robots, Canal Room, Broadway, New York","https://www.mixesdb.com/w/2005-03-16_-_Marco_Carola_@_Robots,_Canal_Room,_Broadway,_New_York",,29,,Alexi Delano,Atari Rebel [Random Dynamics],Alexi Delano - Atari Rebel [Random Dynamics]
"2005-03-16 - Marco Carola @ Robots, Canal Room, Broadway, New York","https://www.mixesdb.com/w/2005-03-16_-_Marco_Carola_@_Robots,_Canal_Room,_Broadway,_New_York",,30,,Brtschitsch & Galluzzi,Regenschauer [Taksi],Brtschitsch & Galluzzi - Regenschauer [Taksi]
"2005-03-16 - Marco Carola @ Robots, Canal Room, Broadway, New York","https://www.mixesdb.com/w/2005-03-16_-_Marco_Carola_@_Robots,_Canal_Room,_Broadway,_New_York",,31,,Avus,Fancy Arse (James Holden Remix) [Perc Trax],Avus - Fancy Arse (James Holden Remix) [Perc Trax]
"2005-03-16 - Marco Carola @ Robots, Canal Room, Broadway, New York","https://www.mixesdb.com/w/2005-03-16_-_Marco_Carola_@_Robots,_Canal_Room,_Broadway,_New_York",,32,,Franssen vs Lowdown,Energy For The Soul (Voodooamt Remix) [Genetic],Franssen vs Lowdown - Energy For The Soul (Voodooamt Remix) [Genetic]
"2005-03-16 - Marco Carola @ Robots, Canal Room, Broadway, New York","https://www.mixesdb.com/w/2005-03-16_-_Marco_Carola_@_Robots,_Canal_Room,_Broadway,_New_York",,33,,Philip Braunstein,Movin Around (Bio Booster remix),Philip Braunstein - Movin Around (Bio Booster remix)
"2005-03-16 - Marco Carola @ Robots, Canal Room, Broadway, New York","https://www.mixesdb.com/w/2005-03-16_-_Marco_Carola_@_Robots,_Canal_Room,_Broadway,_New_York",,34,,Marco Carola,Freeform [Domino],Marco Carola - Freeform [Domino]
"2005-03-16 - Marco Carola @ Robots, Canal Room, Broadway, New York","https://www.mixesdb.com/w/2005-03-16_-_Marco_Carola_@_Robots,_Canal_Room,_Broadway,_New_York",,35,,Spirit Catcher,Voo Doo Night (Original Mix),Spirit Catcher - Voo Doo Night (Original Mix)
"2005-03-16 - Marco Carola @ Robots, Canal Room, Broadway, New York","https://www.mixesdb.com/w/2005-03-16_-_Marco_Carola_@_Robots,_Canal_Room,_Broadway,_New_York",,36,,Guido Schneider Feat. Jens Bond,Oh My Buffer [Pokerflat],Guido Schneider Feat. Jens Bond - Oh My Buffer [Pokerflat]
"2005-03-16 - Marco Carola @ Robots, Canal Room, Broadway, New York","https://www.mixesdb.com/w/2005-03-16_-_Marco_Carola_@_Robots,_Canal_Room,_Broadway,_New_York",,37,,Tekel,Vladivostok,Tekel - Vladivostok
"2005-03-16 - Marco Carola @ Robots, Canal Room, Broadway, New York","https://www.mixesdb.com/w/2005-03-16_-_Marco_Carola_@_Robots,_Canal_Room,_Broadway,_New_York",,38,,DJ Koze,Room 303,DJ Koze - Room 303
"2005-03-16 - Marco Carola @ Robots, Canal Room, Broadway, New York","https://www.mixesdb.com/w/2005-03-16_-_Marco_Carola_@_Robots,_Canal_Room,_Broadway,_New_York",,39,,,?,?
"2005-03-16 - Marco Carola @ Robots, Canal Room, Broadway, New York","https://www.mixesdb.com/w/2005-03-16_-_Marco_Carola_@_Robots,_Canal_Room,_Broadway,_New_York",,40,,Donnacha Costello,Olive [Minimise],Donnacha Costello - Olive [Minimise]
"2005-03-16 - Marco Carola @ Robots, Canal Room, Broadway, New York","https://www.mixesdb.com/w/2005-03-16_-_Marco_Carola_@_Robots,_Canal_Room,_Broadway,_New_York",,41,,Linus Loves,Night Music,Linus Loves - Night Music
"2005-03-16 - Marco Carola @ Robots, Canal Room, Broadway, New York","https://www.mixesdb.com/w/2005-03-16_-_Marco_Carola_@_Robots,_Canal_Room,_Broadway,_New_York",,42,,Zoo Brazil,Walk Right Back [Get Physical],Zoo Brazil - Walk Right Back [Get Physical]
"2005-03-16 - Marco Carola @ Robots, Canal Room, Broadway, New York","https://www.mixesdb.com/w/2005-03-16_-_Marco_Carola_@_Robots,_Canal_Room,_Broadway,_New_York",,43,,Marco Carola,Into The Groove [Domino],Marco Carola - Into The Groove [Domino]
"2005-03-16 - Marco Carola @ Robots, Canal Room, Broadway, New York","https://www.mixesdb.com/w/2005-03-16_-_Marco_Carola_@_Robots,_Canal_Room,_Broadway,_New_York",,44,,Marco Carola,Light Minded [Domino],Marco Carola - Light Minded [Domino]
"2005-03-16 - Marco Carola @ Robots, Canal Room, Broadway, New York","https://www.mixesdb.com/w/2005-03-16_-_Marco_Carola_@_Robots,_Canal_Room,_Broadway,_New_York",,45,,,?,?
"2005-03-16 - Marco Carola @ Robots, Canal Room, Broadway, New York","https://www.mixesdb.com/w/2005-03-16_-_Marco_Carola_@_Robots,_Canal_Room,_Broadway,_New_York",,46,,Marco Carola,Do.Mi.No,Marco Carola - Do.Mi.No
"2005-03-16 - Marco Carola @ Robots, Canal Room, Broadway, New York","https://www.mixesdb.com/w/2005-03-16_-_Marco_Carola_@_Robots,_Canal_Room,_Broadway,_New_York",,47,,Jesper Dahlbäck,Russian Folksong [Special Needs],Jesper Dahlbäck - Russian Folksong [Special Needs]
"2005-03-16 - Marco Carola @ Robots, Canal Room, Broadway, New York","https://www.mixesdb.com/w/2005-03-16_-_Marco_Carola_@_Robots,_Canal_Room,_Broadway,_New_York",,48,,Marc Houle,Sheep [Minus],Marc Houle - Sheep [Minus]
"2005-03-16 - Marco Carola @ Robots, Canal Room, Broadway, New York","https://www.mixesdb.com/w/2005-03-16_-_Marco_Carola_@_Robots,_Canal_Room,_Broadway,_New_York",,49,,Secret Cinema,See Myself (Joris Voorn Dub) [EC],Secret Cinema - See Myself (Joris Voorn Dub) [EC]
"2005-03-16 - Marco Carola @ Robots, Canal Room, Broadway, New York","https://www.mixesdb.com/w/2005-03-16_-_Marco_Carola_@_Robots,_Canal_Room,_Broadway,_New_York",,50,,Britney Spears,Breathe On Me (Holden Dub),Britney Spears - Breathe On Me (Holden Dub)
"2005-03-16 - Marco Carola @ Robots, Canal Room, Broadway, New York","https://www.mixesdb.com/w/2005-03-16_-_Marco_Carola_@_Robots,_Canal_Room,_Broadway,_New_York",,51,,Ricardo Villalobos,Serpentin [Perlon],Ricardo Villalobos - Serpentin [Perlon]
"2005-03-16 - Marco Carola @ Robots, Canal Room, Broadway, New York","https://www.mixesdb.com/w/2005-03-16_-_Marco_Carola_@_Robots,_Canal_Room,_Broadway,_New_York",,52,,Laurent Garnier,Flashback Part 2 [F-Communications],Laurent Garnier - Flashback Part 2 [F-Communications]
"2005-03-16 - Marco Carola @ Robots, Canal Room, Broadway, New York","https://www.mixesdb.com/w/2005-03-16_-_Marco_Carola_@_Robots,_Canal_Room,_Broadway,_New_York",,53,,Bam Bam,Give It To Me,Bam Bam - Give It To Me
"2005-03-16 - Marco Carola @ Robots, Canal Room, Broadway, New York","https://www.mixesdb.com/w/2005-03-16_-_Marco_Carola_@_Robots,_Canal_Room,_Broadway,_New_York",,54,,Zoo Brazil,Wow!,Zoo Brazil - Wow!
"2005-03-16 - Marco Carola @ Robots, Canal Room, Broadway, New York","https://www.mixesdb.com/w/2005-03-16_-_Marco_Carola_@_Robots,_Canal_Room,_Broadway,_New_York",,55,,,?,?
"2005-03-16 - Marco Carola @ Robots, Canal Room, Broadway, New York","https://www.mixesdb.com/w/2005-03-16_-_Marco_Carola_@_Robots,_Canal_Room,_Broadway,_New_York",,56,,Brett Johnson,Stucco Homes,Brett Johnson - Stucco Homes
"2005-03-16 - Marco Carola @ Robots, Canal Room, Broadway, New York","https://www.mixesdb.com/w/2005-03-16_-_Marco_Carola_@_Robots,_Canal_Room,_Broadway,_New_York",,57,,Instant Noodles,Decibel Magic,Instant Noodles - Decibel Magic
"2005-03-16 - Marco Carola @ Robots, Canal Room, Broadway, New York","https://www.mixesdb.com/w/2005-03-16_-_Marco_Carola_@_Robots,_Canal_Room,_Broadway,_New_York",,58,,N/A,Flame It! (Freestyle Man Edit) [MOOD Lim 004],N/A - Flame It! (Freestyle Man Edit) [MOOD Lim 004]
"2005-03-16 - Marco Carola @ Robots, Canal Room, Broadway, New York","https://www.mixesdb.com/w/2005-03-16_-_Marco_Carola_@_Robots,_Canal_Room,_Broadway,_New_York",,59,,,?,?
"2005-03-16 - Marco Carola @ Robots, Canal Room, Broadway, New York","https://www.mixesdb.com/w/2005-03-16_-_Marco_Carola_@_Robots,_Canal_Room,_Broadway,_New_York",,60,,Holden,A Break In The Clouds (Beats Tool) [Border Community],Holden - A Break In The Clouds (Beats Tool) [Border Community]
"2005-03-16 - Marco Carola @ Robots, Canal Room, Broadway, New York","https://www.mixesdb.com/w/2005-03-16_-_Marco_Carola_@_Robots,_Canal_Room,_Broadway,_New_York",,61,,Drexciya,Black Sea,Drexciya - Black Sea
"2013-07-23 - Carl Cox b2b Marco Carola @ The Revolution, Space, Ibiza (Global 543)","https://www.mixesdb.com/w/2013-07-23_-_Carl_Cox_b2b_Marco_Carola_@_The_Revolution,_Space,_Ibiza_(Global_543)",,1,000,Gianlunca Caldarelli,Heavy on Beats,Gianlunca Caldarelli - Heavy on Beats
"2013-07-23 - Carl Cox b2b Marco Carola @ The Revolution, Space, Ibiza (Global 543)","https://www.mixesdb.com/w/2013-07-23_-_Carl_Cox_b2b_Marco_Carola_@_The_Revolution,_Space,_Ibiza_(Global_543)",,2,004,Luca Bacchetti,Grab Ya Hips! [Saved - 091],Luca Bacchetti - Grab Ya Hips! [Saved - 091]
"2013-07-23 - Carl Cox b2b Marco Carola @ The Revolution, Space, Ibiza (Global 543)","https://www.mixesdb.com/w/2013-07-23_-_Carl_Cox_b2b_Marco_Carola_@_The_Revolution,_Space,_Ibiza_(Global_543)",,3,011,Peter Pizzutelli,The Streets [Sincopat - SYNCBEENTOUCHED 010],Peter Pizzutelli - The Streets [Sincopat - SYNCBEENTOUCHED 010]
"2013-07-23 - Carl Cox b2b Marco Carola @ The Revolution, Space, Ibiza (Global 543)","https://www.mixesdb.com/w/2013-07-23_-_Carl_Cox_b2b_Marco_Carola_@_The_Revolution,_Space,_Ibiza_(Global_543)",,4,017,D'Julz,Madness,D'Julz - Madness
"2013-07-23 - Carl Cox b2b Marco Carola @ The Revolution, Space, Ibiza (Global 543)","https://www.mixesdb.com/w/2013-07-23_-_Carl_Cox_b2b_Marco_Carola_@_The_Revolution,_Space,_Ibiza_(Global_543)",,5,019,Belocca & Collective Machine,"Bug In, Plug-In (Collective Machine Mix) [Mainground - MGM 007]","Belocca & Collective Machine - Bug In, Plug-In (Collective Machine Mix) [Mainground - MGM 007]"
"2013-07-23 - Carl Cox b2b Marco Carola @ The Revolution, Space, Ibiza (Global 543)","https://www.mixesdb.com/w/2013-07-23_-_Carl_Cox_b2b_Marco_Carola_@_The_Revolution,_Space,_Ibiza_(Global_543)",,6,021,The Martinez Brothers,Won't Somebody [Objektivity - OBJ 015],The Martinez Brothers - Won't Somebody [Objektivity - OBJ 015]
"2013-07-23 - Carl Cox b2b Marco Carola @ The Revolution, Space, Ibiza (Global 543)","https://www.mixesdb.com/w/2013-07-23_-_Carl_Cox_b2b_Marco_Carola_@_The_Revolution,_Space,_Ibiza_(Global_543)",,7,028,"Spencer K, Collective Machine",Afelinno [KD - M022],"Spencer K, Collective Machine - Afelinno [KD - M022]"
"2013-07-23 - Carl Cox b2b Marco Carola @ The Revolution, Space, Ibiza (Global 543)","https://www.mixesdb.com/w/2013-07-23_-_Carl_Cox_b2b_Marco_Carola_@_The_Revolution,_Space,_Ibiza_(Global_543)",,8,031,Jon Rundell,Top Shelf [Intec Digital - ID 09],Jon Rundell - Top Shelf [Intec Digital - ID 09]
"2013-07-23 - Carl Cox b2b Marco Carola @ The Revolution, Space, Ibiza (Global 543)","https://www.mixesdb.com/w/2013-07-23_-_Carl_Cox_b2b_Marco_Carola_@_The_Revolution,_Space,_Ibiza_(Global_543)",,9,037,Yamen & EDA,All Out (Subb-an Remix),Yamen & EDA - All Out (Subb-an Remix)
"2013-07-23 - Carl Cox b2b Marco Carola @ The Revolution, Space, Ibiza (Global 543)","https://www.mixesdb.com/w/2013-07-23_-_Carl_Cox_b2b_Marco_Carola_@_The_Revolution,_Space,_Ibiza_(Global_543)",,10,043,,?,?
"2013-07-23 - Carl Cox b2b Marco Carola @ The Revolution, Space, Ibiza (Global 543)","https://www.mixesdb.com/w/2013-07-23_-_Carl_Cox_b2b_Marco_Carola_@_The_Revolution,_Space,_Ibiza_(Global_543)",,11,050,,?,?
"2013-07-23 - Carl Cox b2b Marco Carola @ The Revolution, Space, Ibiza (Global 543)","https://www.mixesdb.com/w/2013-07-23_-_Carl_Cox_b2b_Marco_Carola_@_The_Revolution,_Space,_Ibiza_(Global_543)",,12,056,Carl Cox & Jon Rundell,Avenger (Devils Cave Mix) [Intec Digital - PID 01],Carl Cox & Jon Rundell - Avenger (Devils Cave Mix) [Intec Digital - PID 01]
"2013-07-23 - Carl Cox b2b Marco Carola @ The Revolution, Space, Ibiza (Global 543)","https://www.mixesdb.com/w/2013-07-23_-_Carl_Cox_b2b_Marco_Carola_@_The_Revolution,_Space,_Ibiza_(Global_543)",,13,060,Gianluca Caldarelli,Outside,Gianluca Caldarelli - Outside
"2013-07-23 - Carl Cox b2b Marco Carola @ The Revolution, Space, Ibiza (Global 543)","https://www.mixesdb.com/w/2013-07-23_-_Carl_Cox_b2b_Marco_Carola_@_The_Revolution,_Space,_Ibiza_(Global_543)",,14,065,Antwon Faulkner,House Muzik [Elephanthaus - ER 37],Antwon Faulkner - House Muzik [Elephanthaus - ER 37]
"2013-07-23 - Carl Cox b2b Marco Carola @ The Revolution, Space, Ibiza (Global 543)","https://www.mixesdb.com/w/2013-07-23_-_Carl_Cox_b2b_Marco_Carola_@_The_Revolution,_Space,_Ibiza_(Global_543)",,15,073,Shosho,Nirvana [Patent Skillz - PS 018],Shosho - Nirvana [Patent Skillz - PS 018]
"2013-07-23 - Carl Cox b2b Marco Carola @ The Revolution, Space, Ibiza (Global 543)","https://www.mixesdb.com/w/2013-07-23_-_Carl_Cox_b2b_Marco_Carola_@_The_Revolution,_Space,_Ibiza_(Global_543)",,16,079,Steve Rachmad,Data Overload [Rejected - REJ 024],Steve Rachmad - Data Overload [Rejected - REJ 024]
"2013-07-23 - Carl Cox b2b Marco Carola @ The Revolution, Space, Ibiza (Global 543)","https://www.mixesdb.com/w/2013-07-23_-_Carl_Cox_b2b_Marco_Carola_@_The_Revolution,_Space,_Ibiza_(Global_543)",,17,089,Marcelo Cura,The Baze [Equilibrium Lab - EQM 010],Marcelo Cura - The Baze [Equilibrium Lab - EQM 010]
"2013-07-23 - Carl Cox b2b Marco Carola @ The Revolution, Space, Ibiza (Global 543)","https://www.mixesdb.com/w/2013-07-23_-_Carl_Cox_b2b_Marco_Carola_@_The_Revolution,_Space,_Ibiza_(Global_543)",,18,095,Miguel Campbell,Rockin' Beats (Shadow Child Remix) [Hot Creations - HOTC 026],Miguel Campbell - Rockin' Beats (Shadow Child Remix) [Hot Creations - HOTC 026]
"2013-07-23 - Carl Cox b2b Marco Carola @ The Revolution, Space, Ibiza (Global 543)","https://www.mixesdb.com/w/2013-07-23_-_Carl_Cox_b2b_Marco_Carola_@_The_Revolution,_Space,_Ibiza_(Global_543)",,19,100,Tim Richards & Arjun Vagale,She Said [KD - M002],Tim Richards & Arjun Vagale - She Said [KD - M002]
"2013-07-23 - Carl Cox b2b Marco Carola @ The Revolution, Space, Ibiza (Global 543)","https://www.mixesdb.com/w/2013-07-23_-_Carl_Cox_b2b_Marco_Carola_@_The_Revolution,_Space,_Ibiza_(Global_543)",,20,105,Yousef,1000 Pictures,Yousef - 1000 Pictures
"2015-01-18 - Marco Carola @ Official Closing Party, Blue Parrot, The BPM Festival, Mexico","https://www.mixesdb.com/w/2015-01-18_-_Marco_Carola_@_Official_Closing_Party,_Blue_Parrot,_The_BPM_Festival,_Mexico",,1,,Selma,Inside (Sergio Sergi Remix),Selma - Inside (Sergio Sergi Remix)
"2015-01-18 - Marco Carola @ Official Closing Party, Blue Parrot, The BPM Festival, Mexico","https://www.mixesdb.com/w/2015-01-18_-_Marco_Carola_@_Official_Closing_Party,_Blue_Parrot,_The_BPM_Festival,_Mexico",,2,,Emery Warman,Manifesto,Emery Warman - Manifesto
"2015-01-18 - Marco Carola @ Official Closing Party, Blue Parrot, The BPM Festival, Mexico","https://www.mixesdb.com/w/2015-01-18_-_Marco_Carola_@_Official_Closing_Party,_Blue_Parrot,_The_BPM_Festival,_Mexico",,3,,German Brigante,Menos Latencia,German Brigante - Menos Latencia
"2015-01-18 - Marco Carola @ Official Closing Party, Blue Parrot, The BPM Festival, Mexico","https://www.mixesdb.com/w/2015-01-18_-_Marco_Carola_@_Official_Closing_Party,_Blue_Parrot,_The_BPM_Festival,_Mexico",,4,,German Luque,Hop Rolla,German Luque - Hop Rolla
"2015-01-18 - Marco Carola @ Official Closing Party, Blue Parrot, The BPM Festival, Mexico","https://www.mixesdb.com/w/2015-01-18_-_Marco_Carola_@_Official_Closing_Party,_Blue_Parrot,_The_BPM_Festival,_Mexico",,5,,Serval,Tribal Zone (Ecco Remix),Serval - Tribal Zone (Ecco Remix)
"2015-01-18 - Marco Carola @ Official Closing Party, Blue Parrot, The BPM Festival, Mexico","https://www.mixesdb.com/w/2015-01-18_-_Marco_Carola_@_Official_Closing_Party,_Blue_Parrot,_The_BPM_Festival,_Mexico",,6,,Outway,I Did,Outway - I Did
"2015-01-18 - Marco Carola @ Official Closing Party, Blue Parrot, The BPM Festival, Mexico","https://www.mixesdb.com/w/2015-01-18_-_Marco_Carola_@_Official_Closing_Party,_Blue_Parrot,_The_BPM_Festival,_Mexico",,7,,Alex Stein,Ghoul,Alex Stein - Ghoul
"2015-01-18 - Marco Carola @ Official Closing Party, Blue Parrot, The BPM Festival, Mexico","https://www.mixesdb.com/w/2015-01-18_-_Marco_Carola_@_Official_Closing_Party,_Blue_Parrot,_The_BPM_Festival,_Mexico",,8,,"Loui Fernandez, Pedro Rodriguez",Damas (Ismael Rivas Remix),"Loui Fernandez, Pedro Rodriguez - Damas (Ismael Rivas Remix)"
"2015-01-18 - Marco Carola @ Official Closing Party, Blue Parrot, The BPM Festival, Mexico","https://www.mixesdb.com/w/2015-01-18_-_Marco_Carola_@_Official_Closing_Party,_Blue_Parrot,_The_BPM_Festival,_Mexico",,9,,Gianni Firmaio,Cu 29,Gianni Firmaio - Cu 29
"2015-01-18 - Marco Carola @ Official Closing Party, Blue Parrot, The BPM Festival, Mexico","https://www.mixesdb.com/w/2015-01-18_-_Marco_Carola_@_Official_Closing_Party,_Blue_Parrot,_The_BPM_Festival,_Mexico",,10,,Gianluca Caldarelli,Speechless,Gianluca Caldarelli - Speechless
"2015-01-18 - Marco Carola @ Official Closing Party, Blue Parrot, The BPM Festival, Mexico","https://www.mixesdb.com/w/2015-01-18_-_Marco_Carola_@_Official_Closing_Party,_Blue_Parrot,_The_BPM_Festival,_Mexico",,11,,Snilloc,Ted Benecki (Yvel & Tristan Remix) [Hi!Fly - HIFLY 002],Snilloc - Ted Benecki (Yvel & Tristan Remix) [Hi!Fly - HIFLY 002]
"2015-01-18 - Marco Carola @ Official Closing Party, Blue Parrot, The BPM Festival, Mexico","https://www.mixesdb.com/w/2015-01-18_-_Marco_Carola_@_Official_Closing_Party,_Blue_Parrot,_The_BPM_Festival,_Mexico",,12,,Ecco,Dominatix,Ecco - Dominatix
"2015-01-18 - Marco Carola @ Official Closing Party, Blue Parrot, The BPM Festival, Mexico","https://www.mixesdb.com/w/2015-01-18_-_Marco_Carola_@_Official_Closing_Party,_Blue_Parrot,_The_BPM_Festival,_Mexico",,13,,Ivan Oliva,Nature (Adrian Scarlett Remix),Ivan Oliva - Nature (Adrian Scarlett Remix)
"2015-01-18 - Marco Carola @ Official Closing Party, Blue Parrot, The BPM Festival, Mexico","https://www.mixesdb.com/w/2015-01-18_-_Marco_Carola_@_Official_Closing_Party,_Blue_Parrot,_The_BPM_Festival,_Mexico",,14,,Frank Donner & Stefan Mint,Sweet (George Morel Remix),Frank Donner & Stefan Mint - Sweet (George Morel Remix)
"2015-01-18 - Marco Carola @ Official Closing Party, Blue Parrot, The BPM Festival, Mexico","https://www.mixesdb.com/w/2015-01-18_-_Marco_Carola_@_Official_Closing_Party,_Blue_Parrot,_The_BPM_Festival,_Mexico",,15,,Pablo Say,This Is The Music Soul (Luca M Remix),Pablo Say - This Is The Music Soul (Luca M Remix)
"2015-01-18 - Marco Carola @ Official Closing Party, Blue Parrot, The BPM Festival, Mexico","https://www.mixesdb.com/w/2015-01-18_-_Marco_Carola_@_Official_Closing_Party,_Blue_Parrot,_The_BPM_Festival,_Mexico",,16,,"Collective Machine, Riccardo Sabatini",Head Shaker (DJ Dep Remix),"Collective Machine, Riccardo Sabatini - Head Shaker (DJ Dep Remix)"
"2015-01-18 - Marco Carola @ Official Closing Party, Blue Parrot, The BPM Festival, Mexico","https://www.mixesdb.com/w/2015-01-18_-_Marco_Carola_@_Official_Closing_Party,_Blue_Parrot,_The_BPM_Festival,_Mexico",,17,,Vincenzo D'amico,The Baron,Vincenzo D'amico - The Baron
"2015-01-18 - Marco Carola @ Official Closing Party, Blue Parrot, The BPM Festival, Mexico","https://www.mixesdb.com/w/2015-01-18_-_Marco_Carola_@_Official_Closing_Party,_Blue_Parrot,_The_BPM_Festival,_Mexico",,18,,Johnny Dangerous,Problem #13 (Beat That Bitch With A Bat),Johnny Dangerous - Problem #13 (Beat That Bitch With A Bat)
"2015-01-18 - Marco Carola @ Official Closing Party, Blue Parrot, The BPM Festival, Mexico","https://www.mixesdb.com/w/2015-01-18_-_Marco_Carola_@_Official_Closing_Party,_Blue_Parrot,_The_BPM_Festival,_Mexico",,19,,Ben Grunnell,Low Like This,Ben Grunnell - Low Like This
"2015-01-18 - Marco Carola @ Official Closing Party, Blue Parrot, The BPM Festival, Mexico","https://www.mixesdb.com/w/2015-01-18_-_Marco_Carola_@_Official_Closing_Party,_Blue_Parrot,_The_BPM_Festival,_Mexico",,20,,Adpter,Aurora,Adpter - Aurora
"2015-01-18 - Marco Carola @ Official Closing Party, Blue Parrot, The BPM Festival, Mexico","https://www.mixesdb.com/w/2015-01-18_-_Marco_Carola_@_Official_Closing_Party,_Blue_Parrot,_The_BPM_Festival,_Mexico",,21,,Ukka,All The Same,Ukka - All The Same
"2015-01-18 - Marco Carola @ Official Closing Party, Blue Parrot, The BPM Festival, Mexico","https://www.mixesdb.com/w/2015-01-18_-_Marco_Carola_@_Official_Closing_Party,_Blue_Parrot,_The_BPM_Festival,_Mexico",,22,,Cuartero,Abandonado,Cuartero - Abandonado
"2015-01-18 - Marco Carola @ Official Closing Party, Blue Parrot, The BPM Festival, Mexico","https://www.mixesdb.com/w/2015-01-18_-_Marco_Carola_@_Official_Closing_Party,_Blue_Parrot,_The_BPM_Festival,_Mexico",,23,,Kevin Over,Jus A,Kevin Over - Jus A
"2015-01-18 - Marco Carola @ Official Closing Party, Blue Parrot, The BPM Festival, Mexico","https://www.mixesdb.com/w/2015-01-18_-_Marco_Carola_@_Official_Closing_Party,_Blue_Parrot,_The_BPM_Festival,_Mexico",,24,,Franco Cazzola,Love (Ahmet Sisman Remix),Franco Cazzola - Love (Ahmet Sisman Remix)
"2015-01-18 - Marco Carola @ Official Closing Party, Blue Parrot, The BPM Festival, Mexico","https://www.mixesdb.com/w/2015-01-18_-_Marco_Carola_@_Official_Closing_Party,_Blue_Parrot,_The_BPM_Festival,_Mexico",,25,,Ben Grunnell,Groove Control,Ben Grunnell - Groove Control
"2015-01-18 - Marco Carola @ Official Closing Party, Blue Parrot, The BPM Festival, Mexico","https://www.mixesdb.com/w/2015-01-18_-_Marco_Carola_@_Official_Closing_Party,_Blue_Parrot,_The_BPM_Festival,_Mexico",,26,,Luke Solomon,Second Hand Blues,Luke Solomon - Second Hand Blues
"2015-01-18 - Marco Carola @ Official Closing Party, Blue Parrot, The BPM Festival, Mexico","https://www.mixesdb.com/w/2015-01-18_-_Marco_Carola_@_Official_Closing_Party,_Blue_Parrot,_The_BPM_Festival,_Mexico",,27,,Paul C & Paolo Martini,Speed Machine,Paul C & Paolo Martini - Speed Machine
"2015-01-18 - Marco Carola @ Official Closing Party, Blue Parrot, The BPM Festival, Mexico","https://www.mixesdb.com/w/2015-01-18_-_Marco_Carola_@_Official_Closing_Party,_Blue_Parrot,_The_BPM_Festival,_Mexico",,28,,Sounds Like Us,Daniel Sanchez & Pascal Benjamin (ø) (Nima Gorji Remix),Sounds Like Us - Daniel Sanchez & Pascal Benjamin (ø) (Nima Gorji Remix)
"2015-01-18 - Marco Carola @ Official Closing Party, Blue Parrot, The BPM Festival, Mexico","https://www.mixesdb.com/w/2015-01-18_-_Marco_Carola_@_Official_Closing_Party,_Blue_Parrot,_The_BPM_Festival,_Mexico",,29,,Seva K,Far Away (BarBQ Remix),Seva K - Far Away (BarBQ Remix)
"2015-01-18 - Marco Carola @ Official Closing Party, Blue Parrot, The BPM Festival, Mexico","https://www.mixesdb.com/w/2015-01-18_-_Marco_Carola_@_Official_Closing_Party,_Blue_Parrot,_The_BPM_Festival,_Mexico",,30,,Marcelo Vak,All About House Music (Fabian Argomedo Remix),Marcelo Vak - All About House Music (Fabian Argomedo Remix)
"2015-01-18 - Marco Carola @ Official Closing Party, Blue Parrot, The BPM Festival, Mexico","https://www.mixesdb.com/w/2015-01-18_-_Marco_Carola_@_Official_Closing_Party,_Blue_Parrot,_The_BPM_Festival,_Mexico",,31,,ONNO,Best Around,ONNO - Best Around
"2011-02-04 - Pete Tong, Harry 'Choo Choo' Romero, Marco Carola - Essential Selection","https://www.mixesdb.com/w/2011-02-04_-_Pete_Tong,_Harry_'Choo_Choo'_Romero,_Marco_Carola_-_Essential_Selection",,1,,Chromeo,Hot Mess (Riva Starr Radio Edit) [Backyard],Chromeo - Hot Mess (Riva Starr Radio Edit) [Backyard]
"2011-02-04 - Pete Tong, Harry 'Choo Choo' Romero, Marco Carola - Essential Selection","https://www.mixesdb.com/w/2011-02-04_-_Pete_Tong,_Harry_'Choo_Choo'_Romero,_Marco_Carola_-_Essential_Selection",,2,,Olav Basoski,New Day [Defected],Olav Basoski - New Day [Defected]
"2011-02-04 - Pete Tong, Harry 'Choo Choo' Romero, Marco Carola - Essential Selection","https://www.mixesdb.com/w/2011-02-04_-_Pete_Tong,_Harry_'Choo_Choo'_Romero,_Marco_Carola_-_Essential_Selection",,3,,Black Room,Eargasm (Daddy's Groove Re Edit) [Defected],Black Room - Eargasm (Daddy's Groove Re Edit) [Defected]
"2011-02-04 - Pete Tong, Harry 'Choo Choo' Romero, Marco Carola - Essential Selection","https://www.mixesdb.com/w/2011-02-04_-_Pete_Tong,_Harry_'Choo_Choo'_Romero,_Marco_Carola_-_Essential_Selection",,4,,Above & Beyond,Sun & Moon [Anjunabeats],Above & Beyond - Sun & Moon [Anjunabeats]
"2011-02-04 - Pete Tong, Harry 'Choo Choo' Romero, Marco Carola - Essential Selection","https://www.mixesdb.com/w/2011-02-04_-_Pete_Tong,_Harry_'Choo_Choo'_Romero,_Marco_Carola_-_Essential_Selection",,5,,Cicada,Fast Cars (Sebjak Remix) [Critical Mass],Cicada - Fast Cars (Sebjak Remix) [Critical Mass]
"2011-02-04 - Pete Tong, Harry 'Choo Choo' Romero, Marco Carola - Essential Selection","https://www.mixesdb.com/w/2011-02-04_-_Pete_Tong,_Harry_'Choo_Choo'_Romero,_Marco_Carola_-_Essential_Selection",,6,,Rihanna,S&M (Sidney Sampson Remix) [Mercury],Rihanna - S&M (Sidney Sampson Remix) [Mercury]
"2011-02-04 - Pete Tong, Harry 'Choo Choo' Romero, Marco Carola - Essential Selection","https://www.mixesdb.com/w/2011-02-04_-_Pete_Tong,_Harry_'Choo_Choo'_Romero,_Marco_Carola_-_Essential_Selection",,7,,Black Rose,Anthem [Made To Play],Black Rose - Anthem [Made To Play]
"2011-02-04 - Pete Tong, Harry 'Choo Choo' Romero, Marco Carola - Essential Selection","https://www.mixesdb.com/w/2011-02-04_-_Pete_Tong,_Harry_'Choo_Choo'_Romero,_Marco_Carola_-_Essential_Selection",,8,,Michael Woods,First Aid [Diffused],Michael Woods - First Aid [Diffused]
"2011-02-04 - Pete Tong, Harry 'Choo Choo' Romero, Marco Carola - Essential Selection","https://www.mixesdb.com/w/2011-02-04_-_Pete_Tong,_Harry_'Choo_Choo'_Romero,_Marco_Carola_-_Essential_Selection",,9,,Aloe Blacc,I Need A Dollar (Tensnake Remix) [Stones Throw],Aloe Blacc - I Need A Dollar (Tensnake Remix) [Stones Throw]
"2011-02-04 - Pete Tong, Harry 'Choo Choo' Romero, Marco Carola - Essential Selection","https://www.mixesdb.com/w/2011-02-04_-_Pete_Tong,_Harry_'Choo_Choo'_Romero,_Marco_Carola_-_Essential_Selection",Essential Countdown,1,,Chris Lake,Secrets In The Dark [Rising],Chris Lake - Secrets In The Dark [Rising]
"2011-02-04 - Pete Tong, Harry 'Choo Choo' Romero, Marco Carola - Essential Selection","https://www.mixesdb.com/w/2011-02-04_-_Pete_Tong,_Harry_'Choo_Choo'_Romero,_Marco_Carola_-_Essential_Selection",Essential Countdown,2,,Cirez D,Full Stop [Mouseville],Cirez D - Full Stop [Mouseville]
"2011-02-04 - Pete Tong, Harry 'Choo Choo' Romero, Marco Carola - Essential Selection","https://www.mixesdb.com/w/2011-02-04_-_Pete_Tong,_Harry_'Choo_Choo'_Romero,_Marco_Carola_-_Essential_Selection",Essential Countdown,3,,This Week's Essential New Tune: Maya Jane Coles,Beat Faster [Mobilee],This Week's Essential New Tune: Maya Jane Coles - Beat Faster [Mobilee]
"2011-02-04 - Pete Tong, Harry 'Choo Choo' Romero, Marco Carola - Essential Selection","https://www.mixesdb.com/w/2011-02-04_-_Pete_Tong,_Harry_'Choo_Choo'_Romero,_Marco_Carola_-_Essential_Selection",24 Hour Party People - Harry 'Choo Choo' Romero,1,,Harry Choo Choo Romero Feat. Trey Lorenz,Is This Time Good Bye [Bambossa],Harry Choo Choo Romero Feat. Trey Lorenz - Is This Time Good Bye [Bambossa]
"2011-02-04 - Pete Tong, Harry 'Choo Choo' Romero, Marco Carola - Essential Selection","https://www.mixesdb.com/w/2011-02-04_-_Pete_Tong,_Harry_'Choo_Choo'_Romero,_Marco_Carola_-_Essential_Selection",24 Hour Party People - Harry 'Choo Choo' Romero,2,,2 Bears,Church (Midland Remix) [Southern Fried],2 Bears - Church (Midland Remix) [Southern Fried]
"2011-02-04 - Pete Tong, Harry 'Choo Choo' Romero, Marco Carola - Essential Selection","https://www.mixesdb.com/w/2011-02-04_-_Pete_Tong,_Harry_'Choo_Choo'_Romero,_Marco_Carola_-_Essential_Selection",24 Hour Party People - Harry 'Choo Choo' Romero,3,,Ellesse,New York Boy [Kaluki Musik],Ellesse - New York Boy [Kaluki Musik]
"2011-02-04 - Pete Tong, Harry 'Choo Choo' Romero, Marco Carola - Essential Selection","https://www.mixesdb.com/w/2011-02-04_-_Pete_Tong,_Harry_'Choo_Choo'_Romero,_Marco_Carola_-_Essential_Selection",24 Hour Party People - Harry 'Choo Choo' Romero,4,,Jordan,Peak Lowrider [One],Jordan - Peak Lowrider [One]
"2011-02-04 - Pete Tong, Harry 'Choo Choo' Romero, Marco Carola - Essential Selection","https://www.mixesdb.com/w/2011-02-04_-_Pete_Tong,_Harry_'Choo_Choo'_Romero,_Marco_Carola_-_Essential_Selection",24 Hour Party People - Harry 'Choo Choo' Romero,5,,Saeed Younan,Yeah Ha (Pleasurekraft Remix) [Youan],Saeed Younan - Yeah Ha (Pleasurekraft Remix) [Youan]
"2011-02-04 - Pete Tong, Harry 'Choo Choo' Romero, Marco Carola - Essential Selection","https://www.mixesdb.com/w/2011-02-04_-_Pete_Tong,_Harry_'Choo_Choo'_Romero,_Marco_Carola_-_Essential_Selection",24 Hour Party People - Harry 'Choo Choo' Romero,6,,Dualton,House Keeping (Pirupa Remix) [Snatch!],Dualton - House Keeping (Pirupa Remix) [Snatch!]
"2011-02-04 - Pete Tong, Harry 'Choo Choo' Romero, Marco Carola - Essential Selection","https://www.mixesdb.com/w/2011-02-04_-_Pete_Tong,_Harry_'Choo_Choo'_Romero,_Marco_Carola_-_Essential_Selection",24 Hour Party People - Harry 'Choo Choo' Romero,7,,Cassius,I Luv U So (Bowski Remix) [Ed Banger],Cassius - I Luv U So (Bowski Remix) [Ed Banger]
"2011-02-04 - Pete Tong, Harry 'Choo Choo' Romero, Marco Carola - Essential Selection","https://www.mixesdb.com/w/2011-02-04_-_Pete_Tong,_Harry_'Choo_Choo'_Romero,_Marco_Carola_-_Essential_Selection",15 Minutes Of Fame - Marco Carola,1,,Marco Carola,Magic Tribe [M-Nus],Marco Carola - Magic Tribe [M-Nus]
"2011-02-04 - Pete Tong, Harry 'Choo Choo' Romero, Marco Carola - Essential Selection","https://www.mixesdb.com/w/2011-02-04_-_Pete_Tong,_Harry_'Choo_Choo'_Romero,_Marco_Carola_-_Essential_Selection",15 Minutes Of Fame - Marco Carola,2,,Ambivalent,R U Ok? (Marco Carola Remix) [M-Nus],Ambivalent - R U Ok? (Marco Carola Remix) [M-Nus]
"2011-02-04 - Pete Tong, Harry 'Choo Choo' Romero, Marco Carola - Essential Selection","https://www.mixesdb.com/w/2011-02-04_-_Pete_Tong,_Harry_'Choo_Choo'_Romero,_Marco_Carola_-_Essential_Selection",15 Minutes Of Fame - Marco Carola,3,,Smoke,Inc On Love Way [Recycle],Smoke - Inc On Love Way [Recycle]
"2011-02-04 - Pete Tong, Harry 'Choo Choo' Romero, Marco Carola - Essential Selection","https://www.mixesdb.com/w/2011-02-04_-_Pete_Tong,_Harry_'Choo_Choo'_Romero,_Marco_Carola_-_Essential_Selection",Wonderments,1,,Frivolous,Red Tide [Cadenza],Frivolous - Red Tide [Cadenza]
"2011-02-04 - Pete Tong, Harry 'Choo Choo' Romero, Marco Carola - Essential Selection","https://www.mixesdb.com/w/2011-02-04_-_Pete_Tong,_Harry_'Choo_Choo'_Romero,_Marco_Carola_-_Essential_Selection",Wonderments,2,,A.M.,Flowers And Sea Creatures [Burnin' Fly],A.M. - Flowers And Sea Creatures [Burnin' Fly]
"2011-02-04 - Pete Tong, Harry 'Choo Choo' Romero, Marco Carola - Essential Selection","https://www.mixesdb.com/w/2011-02-04_-_Pete_Tong,_Harry_'Choo_Choo'_Romero,_Marco_Carola_-_Essential_Selection",Wonderments,3,,Nicolas Jaar,Too Many Kids Ain The Dust [Circus Company],Nicolas Jaar - Too Many Kids Ain The Dust [Circus Company]
"2011-02-04 - Pete Tong, Harry 'Choo Choo' Romero, Marco Carola - Essential Selection","https://www.mixesdb.com/w/2011-02-04_-_Pete_Tong,_Harry_'Choo_Choo'_Romero,_Marco_Carola_-_Essential_Selection",Wonderments,4,,Maceo Plex,You And Me [Crosstown Rebels],Maceo Plex - You And Me [Crosstown Rebels]
"2011-02-04 - Pete Tong, Harry 'Choo Choo' Romero, Marco Carola - Essential Selection","https://www.mixesdb.com/w/2011-02-04_-_Pete_Tong,_Harry_'Choo_Choo'_Romero,_Marco_Carola_-_Essential_Selection",Essential Hot Mix,1,,UNER,Retrospection [White],UNER - Retrospection [White]
"2011-02-04 - Pete Tong, Harry 'Choo Choo' Romero, Marco Carola - Essential Selection","https://www.mixesdb.com/w/2011-02-04_-_Pete_Tong,_Harry_'Choo_Choo'_Romero,_Marco_Carola_-_Essential_Selection",Essential Hot Mix,2,,Mark Knight,Yalta Groove [Toolroom],Mark Knight - Yalta Groove [Toolroom]
"2011-02-04 - Pete Tong, Harry 'Choo Choo' Romero, Marco Carola - Essential Selection","https://www.mixesdb.com/w/2011-02-04_-_Pete_Tong,_Harry_'Choo_Choo'_Romero,_Marco_Carola_-_Essential_Selection",Essential Hot Mix,3,,Nic Fanciulli & Gary Beck,Hear Me Out [Saved],Nic Fanciulli & Gary Beck - Hear Me Out [Saved]
"2011-02-04 - Pete Tong, Harry 'Choo Choo' Romero, Marco Carola - Essential Selection","https://www.mixesdb.com/w/2011-02-04_-_Pete_Tong,_Harry_'Choo_Choo'_Romero,_Marco_Carola_-_Essential_Selection",Essential Hot Mix,4,,Nicole Moudaber,Amour Tropique [Intec],Nicole Moudaber - Amour Tropique [Intec]
"2011-02-04 - Pete Tong, Harry 'Choo Choo' Romero, Marco Carola - Essential Selection","https://www.mixesdb.com/w/2011-02-04_-_Pete_Tong,_Harry_'Choo_Choo'_Romero,_Marco_Carola_-_Essential_Selection",Essential Hot Mix,5,,Marc Romboy vs Stephan Bodzin,Phobos (Pan-Pot Remix) [Systematic],Marc Romboy vs Stephan Bodzin - Phobos (Pan-Pot Remix) [Systematic]
"2011-02-04 - Pete Tong, Harry 'Choo Choo' Romero, Marco Carola - Essential Selection","https://www.mixesdb.com/w/2011-02-04_-_Pete_Tong,_Harry_'Choo_Choo'_Romero,_Marco_Carola_-_Essential_Selection",Essential Hot Mix,6,,One More Tune!: Tom Flynn,Turn Me On [White],One More Tune!: Tom Flynn - Turn Me On [White]
"2013-10-18 - Carl Cox, Marco Carola, Nic Fanciulli (Ibiza) - Global 552","https://www.mixesdb.com/w/2013-10-18_-_Carl_Cox,_Marco_Carola,_Nic_Fanciulli_(Ibiza)_-_Global_552",,1,000,,Intro,Intro
"2013-10-18 - Carl Cox, Marco Carola, Nic Fanciulli (Ibiza) - Global 552","https://www.mixesdb.com/w/2013-10-18_-_Carl_Cox,_Marco_Carola,_Nic_Fanciulli_(Ibiza)_-_Global_552","2013-08-30 - Carl Cox b2b Marco Carola @ Music On, Amnesia, Ibiza",1,002,Santé,Freak That [Viva],Santé - Freak That [Viva]
"2013-10-18 - Carl Cox, Marco Carola, Nic Fanciulli (Ibiza) - Global 552","https://www.mixesdb.com/w/2013-10-18_-_Carl_Cox,_Marco_Carola,_Nic_Fanciulli_(Ibiza)_-_Global_552","2013-08-30 - Carl Cox b2b Marco Carola @ Music On, Amnesia, Ibiza",2,006,Paul C & Paolo Martini,Spunk [Materialism],Paul C & Paolo Martini - Spunk [Materialism]
"2013-10-18 - Carl Cox, Marco Carola, Nic Fanciulli (Ibiza) - Global 552","https://www.mixesdb.com/w/2013-10-18_-_Carl_Cox,_Marco_Carola,_Nic_Fanciulli_(Ibiza)_-_Global_552","2013-08-30 - Carl Cox b2b Marco Carola @ Music On, Amnesia, Ibiza",3,010,Viktor Kaman,Slam (Simone Vitullo Remix) [Get Funky],Viktor Kaman - Slam (Simone Vitullo Remix) [Get Funky]
"2013-10-18 - Carl Cox, Marco Carola, Nic Fanciulli (Ibiza) - Global 552","https://www.mixesdb.com/w/2013-10-18_-_Carl_Cox,_Marco_Carola,_Nic_Fanciulli_(Ibiza)_-_Global_552","2013-08-30 - Carl Cox b2b Marco Carola @ Music On, Amnesia, Ibiza",4,015,,?,?
"2013-10-18 - Carl Cox, Marco Carola, Nic Fanciulli (Ibiza) - Global 552","https://www.mixesdb.com/w/2013-10-18_-_Carl_Cox,_Marco_Carola,_Nic_Fanciulli_(Ibiza)_-_Global_552","2013-08-30 - Carl Cox b2b Marco Carola @ Music On, Amnesia, Ibiza",5,018,Arjun Vagale,Hobo [KD],Arjun Vagale - Hobo [KD]
"2013-10-18 - Carl Cox, Marco Carola, Nic Fanciulli (Ibiza) - Global 552","https://www.mixesdb.com/w/2013-10-18_-_Carl_Cox,_Marco_Carola,_Nic_Fanciulli_(Ibiza)_-_Global_552","2013-08-30 - Carl Cox b2b Marco Carola @ Music On, Amnesia, Ibiza",6,023,Horatio & Hector Moralez,Jazzistan,Horatio & Hector Moralez - Jazzistan
"2013-10-18 - Carl Cox, Marco Carola, Nic Fanciulli (Ibiza) - Global 552","https://www.mixesdb.com/w/2013-10-18_-_Carl_Cox,_Marco_Carola,_Nic_Fanciulli_(Ibiza)_-_Global_552","2013-08-30 - Carl Cox b2b Marco Carola @ Music On, Amnesia, Ibiza",7,026,Boris Dlugosch Feat. Roisin Murphy,Never Enough (Ian Pooley Raw Dub) [Peppermint Jam],Boris Dlugosch Feat. Roisin Murphy - Never Enough (Ian Pooley Raw Dub) [Peppermint Jam]
"2013-10-18 - Carl Cox, Marco Carola, Nic Fanciulli (Ibiza) - Global 552","https://www.mixesdb.com/w/2013-10-18_-_Carl_Cox,_Marco_Carola,_Nic_Fanciulli_(Ibiza)_-_Global_552","2013-08-30 - Carl Cox b2b Marco Carola @ Music On, Amnesia, Ibiza",8,028,Oliver Deutschmann,Breakdown (Steve Rachmad Remix),Oliver Deutschmann - Breakdown (Steve Rachmad Remix)
"2013-10-18 - Carl Cox, Marco Carola, Nic Fanciulli (Ibiza) - Global 552","https://www.mixesdb.com/w/2013-10-18_-_Carl_Cox,_Marco_Carola,_Nic_Fanciulli_(Ibiza)_-_Global_552","2013-08-30 - Carl Cox b2b Marco Carola @ Music On, Amnesia, Ibiza",9,032,Coyu,The Robbery [Tronic],Coyu - The Robbery [Tronic]
"2013-10-18 - Carl Cox, Marco Carola, Nic Fanciulli (Ibiza) - Global 552","https://www.mixesdb.com/w/2013-10-18_-_Carl_Cox,_Marco_Carola,_Nic_Fanciulli_(Ibiza)_-_Global_552","2013-08-30 - Carl Cox b2b Marco Carola @ Music On, Amnesia, Ibiza",10,036,Riva Starr Feat. Carmen Consoli,No Man's Land (Luca Bacchetti Dub Remix) [Snatch!],Riva Starr Feat. Carmen Consoli - No Man's Land (Luca Bacchetti Dub Remix) [Snatch!]
"2013-10-18 - Carl Cox, Marco Carola, Nic Fanciulli (Ibiza) - Global 552","https://www.mixesdb.com/w/2013-10-18_-_Carl_Cox,_Marco_Carola,_Nic_Fanciulli_(Ibiza)_-_Global_552","2013-08-30 - Carl Cox b2b Marco Carola @ Music On, Amnesia, Ibiza",11,041,Macromism,What'Z Up [Tronic],Macromism - What'Z Up [Tronic]
"2013-10-18 - Carl Cox, Marco Carola, Nic Fanciulli (Ibiza) - Global 552","https://www.mixesdb.com/w/2013-10-18_-_Carl_Cox,_Marco_Carola,_Nic_Fanciulli_(Ibiza)_-_Global_552","2013-08-30 - Carl Cox b2b Marco Carola @ Music On, Amnesia, Ibiza",12,046,Mark Fanciulli,Sacrifice [Saved],Mark Fanciulli - Sacrifice [Saved]
"2013-10-18 - Carl Cox, Marco Carola, Nic Fanciulli (Ibiza) - Global 552","https://www.mixesdb.com/w/2013-10-18_-_Carl_Cox,_Marco_Carola,_Nic_Fanciulli_(Ibiza)_-_Global_552","2013-08-30 - Carl Cox b2b Marco Carola @ Music On, Amnesia, Ibiza",13,051,Prudo & Nibiru,Time To Go Back (Philip Bader Remix) [This & That],Prudo & Nibiru - Time To Go Back (Philip Bader Remix) [This & That]
"2013-10-18 - Carl Cox, Marco Carola, Nic Fanciulli (Ibiza) - Global 552","https://www.mixesdb.com/w/2013-10-18_-_Carl_Cox,_Marco_Carola,_Nic_Fanciulli_(Ibiza)_-_Global_552","2013-10-06 - Carl Cox b2b Nic Fanciulli @ Space Closing Fiesta, Ibiza",1,05?,Ninetoes,Finder [Kling Klong],Ninetoes - Finder [Kling Klong]
"2013-10-18 - Carl Cox, Marco Carola, Nic Fanciulli (Ibiza) - Global 552","https://www.mixesdb.com/w/2013-10-18_-_Carl_Cox,_Marco_Carola,_Nic_Fanciulli_(Ibiza)_-_Global_552","2013-10-06 - Carl Cox b2b Nic Fanciulli @ Space Closing Fiesta, Ibiza",2,061,Steve Lawler vs Tim Green,Kalimba vs Old Sunshine (Nic Fanciulli Mashup),Steve Lawler vs Tim Green - Kalimba vs Old Sunshine (Nic Fanciulli Mashup)
"2013-10-18 - Carl Cox, Marco Carola, Nic Fanciulli (Ibiza) - Global 552","https://www.mixesdb.com/w/2013-10-18_-_Carl_Cox,_Marco_Carola,_Nic_Fanciulli_(Ibiza)_-_Global_552","2013-10-06 - Carl Cox b2b Nic Fanciulli @ Space Closing Fiesta, Ibiza",3,063,Steve Lawler,Kalimba (Shed Turtle Shield Mix) [R&S - RS 0805DB],Steve Lawler - Kalimba (Shed Turtle Shield Mix) [R&S - RS 0805DB]
"2013-10-18 - Carl Cox, Marco Carola, Nic Fanciulli (Ibiza) - Global 552","https://www.mixesdb.com/w/2013-10-18_-_Carl_Cox,_Marco_Carola,_Nic_Fanciulli_(Ibiza)_-_Global_552","2013-10-06 - Carl Cox b2b Nic Fanciulli @ Space Closing Fiesta, Ibiza",4,067,,?,?
"2013-10-18 - Carl Cox, Marco Carola, Nic Fanciulli (Ibiza) - Global 552","https://www.mixesdb.com/w/2013-10-18_-_Carl_Cox,_Marco_Carola,_Nic_Fanciulli_(Ibiza)_-_Global_552","2013-10-06 - Carl Cox b2b Nic Fanciulli @ Space Closing Fiesta, Ibiza",5,072,Chiapet,Westworld [Yoshitoshi],Chiapet - Westworld [Yoshitoshi]
"2013-10-18 - Carl Cox, Marco Carola, Nic Fanciulli (Ibiza) - Global 552","https://www.mixesdb.com/w/2013-10-18_-_Carl_Cox,_Marco_Carola,_Nic_Fanciulli_(Ibiza)_-_Global_552","2013-10-06 - Carl Cox b2b Nic Fanciulli @ Space Closing Fiesta, Ibiza",6,077,,?,?
"2013-10-18 - Carl Cox, Marco Carola, Nic Fanciulli (Ibiza) - Global 552","https://www.mixesdb.com/w/2013-10-18_-_Carl_Cox,_Marco_Carola,_Nic_Fanciulli_(Ibiza)_-_Global_552","2013-10-06 - Carl Cox b2b Nic Fanciulli @ Space Closing Fiesta, Ibiza",7,082,Roman Flügel,More & More & More [Clone Jack For Daze],Roman Flügel - More & More & More [Clone Jack For Daze]
"2013-10-18 - Carl Cox, Marco Carola, Nic Fanciulli (Ibiza) - Global 552","https://www.mixesdb.com/w/2013-10-18_-_Carl_Cox,_Marco_Carola,_Nic_Fanciulli_(Ibiza)_-_Global_552","2013-10-06 - Carl Cox b2b Nic Fanciulli @ Space Closing Fiesta, Ibiza",8,085,Luca M & JUST2,Sweet Love (Chus & Ceballos Iberican Remix) [Stereo],Luca M & JUST2 - Sweet Love (Chus & Ceballos Iberican Remix) [Stereo]
"2013-10-18 - Carl Cox, Marco Carola, Nic Fanciulli (Ibiza) - Global 552","https://www.mixesdb.com/w/2013-10-18_-_Carl_Cox,_Marco_Carola,_Nic_Fanciulli_(Ibiza)_-_Global_552","2013-10-06 - Carl Cox b2b Nic Fanciulli @ Space Closing Fiesta, Ibiza",9,088,Octave One Feat. Ann Saunderson,Blackwater (Radio Edit),Octave One Feat. Ann Saunderson - Blackwater (Radio Edit)
"2013-10-18 - Carl Cox, Marco Carola, Nic Fanciulli (Ibiza) - Global 552","https://www.mixesdb.com/w/2013-10-18_-_Carl_Cox,_Marco_Carola,_Nic_Fanciulli_(Ibiza)_-_Global_552","2013-10-06 - Carl Cox b2b Nic Fanciulli @ Space Closing Fiesta, Ibiza",10,091,Robbie Rivera,Get On The Floor [Henry Street],Robbie Rivera - Get On The Floor [Henry Street]
"2013-10-18 - Carl Cox, Marco Carola, Nic Fanciulli (Ibiza) - Global 552","https://www.mixesdb.com/w/2013-10-18_-_Carl_Cox,_Marco_Carola,_Nic_Fanciulli_(Ibiza)_-_Global_552","2013-10-06 - Carl Cox b2b Nic Fanciulli @ Space Closing Fiesta, Ibiza",11,096,Round Table Knights & Bauchamp,Calypso [Made 2 Play],Round Table Knights & Bauchamp - Calypso [Made 2 Play]
"2013-10-18 - Carl Cox, Marco Carola, Nic Fanciulli (Ibiza) - Global 552","https://www.mixesdb.com/w/2013-10-18_-_Carl_Cox,_Marco_Carola,_Nic_Fanciulli_(Ibiza)_-_Global_552","2013-10-06 - Carl Cox b2b Nic Fanciulli @ Space Closing Fiesta, Ibiza",12,100,Wildchild,Renegade Master (Friend Within Refix),Wildchild - Renegade Master (Friend Within Refix)
"2013-10-18 - Carl Cox, Marco Carola, Nic Fanciulli (Ibiza) - Global 552","https://www.mixesdb.com/w/2013-10-18_-_Carl_Cox,_Marco_Carola,_Nic_Fanciulli_(Ibiza)_-_Global_552","2013-10-06 - Carl Cox b2b Nic Fanciulli @ Space Closing Fiesta, Ibiza",13,104,Patrick Topping,In My,Patrick Topping - In My
"2013-10-18 - Carl Cox, Marco Carola, Nic Fanciulli (Ibiza) - Global 552","https://www.mixesdb.com/w/2013-10-18_-_Carl_Cox,_Marco_Carola,_Nic_Fanciulli_(Ibiza)_-_Global_552","2013-10-06 - Carl Cox b2b Nic Fanciulli @ Space Closing Fiesta, Ibiza",14,109,Soul Central Feat. Kathy Brown,Strings Of Life (Stronger On My Own) (Martijn Ten Velden & Mark Knight Mix) [Defected],Soul Central Feat. Kathy Brown - Strings Of Life (Stronger On My Own) (Martijn Ten Velden & Mark Knight Mix) [Defected]
2006 - Marco Carola - fabric 31 Radio Mix,https://www.mixesdb.com/w/2006_-_Marco_Carola_-_fabric_31_Radio_Mix,,1,,Jpls,Red 20,Jpls - Red 20
2006 - Marco Carola - fabric 31 Radio Mix,https://www.mixesdb.com/w/2006_-_Marco_Carola_-_fabric_31_Radio_Mix,,2,,Gaiser,Offprint 1.2,Gaiser - Offprint 1.2
2006 - Marco Carola - fabric 31 Radio Mix,https://www.mixesdb.com/w/2006_-_Marco_Carola_-_fabric_31_Radio_Mix,,3,,Jay La Forge,Minidiscoslicker,Jay La Forge - Minidiscoslicker
2006 - Marco Carola - fabric 31 Radio Mix,https://www.mixesdb.com/w/2006_-_Marco_Carola_-_fabric_31_Radio_Mix,,4,,Pedro,Mitica,Pedro - Mitica
2006 - Marco Carola - fabric 31 Radio Mix,https://www.mixesdb.com/w/2006_-_Marco_Carola_-_fabric_31_Radio_Mix,,5,,Luciano,Keridos,Luciano - Keridos
2006 - Marco Carola - fabric 31 Radio Mix,https://www.mixesdb.com/w/2006_-_Marco_Carola_-_fabric_31_Radio_Mix,,6,,Femi Kuti,Traitors Of Africa,Femi Kuti - Traitors Of Africa
2006 - Marco Carola - fabric 31 Radio Mix,https://www.mixesdb.com/w/2006_-_Marco_Carola_-_fabric_31_Radio_Mix,,7,,,Andomat 3000 & Jan	- Entr'acte Music,Andomat 3000 & Jan	- Entr'acte Music
2006 - Marco Carola - fabric 31 Radio Mix,https://www.mixesdb.com/w/2006_-_Marco_Carola_-_fabric_31_Radio_Mix,,8,,Daze Maxim,Simply Driving Gold,Daze Maxim - Simply Driving Gold
2006 - Marco Carola - fabric 31 Radio Mix,https://www.mixesdb.com/w/2006_-_Marco_Carola_-_fabric_31_Radio_Mix,,9,,Hot Chip,No Fit State (Audion Remix),Hot Chip - No Fit State (Audion Remix)
"2007-01-22 - Marco Carola - B-Sides, Proton Radio","https://www.mixesdb.com/w/2007-01-22_-_Marco_Carola_-_B-Sides,_Proton_Radio",,1,,Jlps,Red 20 [M_Nus],Jlps - Red 20 [M_Nus]
"2007-01-22 - Marco Carola - B-Sides, Proton Radio","https://www.mixesdb.com/w/2007-01-22_-_Marco_Carola_-_B-Sides,_Proton_Radio",,2,,Gaiser,Offprint 1.2 [M_Nus],Gaiser - Offprint 1.2 [M_Nus]
"2007-01-22 - Marco Carola - B-Sides, Proton Radio","https://www.mixesdb.com/w/2007-01-22_-_Marco_Carola_-_B-Sides,_Proton_Radio",,3,,Jay La Forge,Minidiscoslicker [Deepinrhythm],Jay La Forge - Minidiscoslicker [Deepinrhythm]
"2007-01-22 - Marco Carola - B-Sides, Proton Radio","https://www.mixesdb.com/w/2007-01-22_-_Marco_Carola_-_B-Sides,_Proton_Radio",,4,,Pedro,Mitica,Pedro - Mitica
"2007-01-22 - Marco Carola - B-Sides, Proton Radio","https://www.mixesdb.com/w/2007-01-22_-_Marco_Carola_-_B-Sides,_Proton_Radio",,5,,Luciano,The Tracks [Cadenza],Luciano - The Tracks [Cadenza]
"2007-01-22 - Marco Carola - B-Sides, Proton Radio","https://www.mixesdb.com/w/2007-01-22_-_Marco_Carola_-_B-Sides,_Proton_Radio",,6,,Femi Kuti,Traitors Of Africa [Restricted Access],Femi Kuti - Traitors Of Africa [Restricted Access]
"2007-01-22 - Marco Carola - B-Sides, Proton Radio","https://www.mixesdb.com/w/2007-01-22_-_Marco_Carola_-_B-Sides,_Proton_Radio",,7,,Andomat 3000 & Jan,Entr'acte Music [Cadenza],Andomat 3000 & Jan - Entr'acte Music [Cadenza]
"2007-01-22 - Marco Carola - B-Sides, Proton Radio","https://www.mixesdb.com/w/2007-01-22_-_Marco_Carola_-_B-Sides,_Proton_Radio",,8,,Daze Maxim,Simply Driving Gold [Hello],Daze Maxim - Simply Driving Gold [Hello]
"2007-01-22 - Marco Carola - B-Sides, Proton Radio","https://www.mixesdb.com/w/2007-01-22_-_Marco_Carola_-_B-Sides,_Proton_Radio",,9,,Audion,No Fit State [Ghostly],Audion - No Fit State [Ghostly]
"2007-01-22 - Marco Carola - B-Sides, Proton Radio","https://www.mixesdb.com/w/2007-01-22_-_Marco_Carola_-_B-Sides,_Proton_Radio",,10,,Marco Carola,Introspective [Zenit],Marco Carola - Introspective [Zenit]
2016-07-23 - Marco Carola - The Boom Room 112,https://www.mixesdb.com/w/2016-07-23_-_Marco_Carola_-_The_Boom_Room_112,,1,,Marco Carola,Play It Loud (Mihalis Safras Remix),Marco Carola - Play It Loud (Mihalis Safras Remix)
2016-07-23 - Marco Carola - The Boom Room 112,https://www.mixesdb.com/w/2016-07-23_-_Marco_Carola_-_The_Boom_Room_112,,2,,Stacey Pullen,I'm Coming,Stacey Pullen - I'm Coming
2016-07-23 - Marco Carola - The Boom Room 112,https://www.mixesdb.com/w/2016-07-23_-_Marco_Carola_-_The_Boom_Room_112,,3,,Oxia,Give A Feeling,Oxia - Give A Feeling
2016-07-23 - Marco Carola - The Boom Room 112,https://www.mixesdb.com/w/2016-07-23_-_Marco_Carola_-_The_Boom_Room_112,,4,,Apollonia,El Senor Vador,Apollonia - El Senor Vador
2016-07-23 - Marco Carola - The Boom Room 112,https://www.mixesdb.com/w/2016-07-23_-_Marco_Carola_-_The_Boom_Room_112,,5,,Miss Kittin & Dubfire,Exit,Miss Kittin & Dubfire - Exit
"2002-06-15 - Marco Carola @ Corpus Rave, Industrial Copera, Granada","https://www.mixesdb.com/w/2002-06-15_-_Marco_Carola_@_Corpus_Rave,_Industrial_Copera,_Granada",,1,,Marco Carola,Sunrise,Marco Carola - Sunrise
"2002-06-15 - Marco Carola @ Corpus Rave, Industrial Copera, Granada","https://www.mixesdb.com/w/2002-06-15_-_Marco_Carola_@_Corpus_Rave,_Industrial_Copera,_Granada",,2,,Chris Lum,Big Tool,Chris Lum - Big Tool
"2002-06-15 - Marco Carola @ Corpus Rave, Industrial Copera, Granada","https://www.mixesdb.com/w/2002-06-15_-_Marco_Carola_@_Corpus_Rave,_Industrial_Copera,_Granada",,3,,Joeski & D'Julz,A Night On Clery St.,Joeski & D'Julz - A Night On Clery St.
"2002-06-15 - Marco Carola @ Corpus Rave, Industrial Copera, Granada","https://www.mixesdb.com/w/2002-06-15_-_Marco_Carola_@_Corpus_Rave,_Industrial_Copera,_Granada",,4,,Mark Ambrose,Robots,Mark Ambrose - Robots
"2002-06-15 - Marco Carola @ Corpus Rave, Industrial Copera, Granada","https://www.mixesdb.com/w/2002-06-15_-_Marco_Carola_@_Corpus_Rave,_Industrial_Copera,_Granada",,5,,Sijay,Contents Under Pressure,Sijay - Contents Under Pressure
"2002-06-15 - Marco Carola @ Corpus Rave, Industrial Copera, Granada","https://www.mixesdb.com/w/2002-06-15_-_Marco_Carola_@_Corpus_Rave,_Industrial_Copera,_Granada",,6,,Marco Carola,Comodo,Marco Carola - Comodo
"2002-06-15 - Marco Carola @ Corpus Rave, Industrial Copera, Granada","https://www.mixesdb.com/w/2002-06-15_-_Marco_Carola_@_Corpus_Rave,_Industrial_Copera,_Granada",,7,,Wink,Superfreak (Freak),Wink - Superfreak (Freak)
"2002-06-15 - Marco Carola @ Corpus Rave, Industrial Copera, Granada","https://www.mixesdb.com/w/2002-06-15_-_Marco_Carola_@_Corpus_Rave,_Industrial_Copera,_Granada",,8,,The Reaver,Daylight Raid,The Reaver - Daylight Raid
"2002-06-15 - Marco Carola @ Corpus Rave, Industrial Copera, Granada","https://www.mixesdb.com/w/2002-06-15_-_Marco_Carola_@_Corpus_Rave,_Industrial_Copera,_Granada",,9,,Homerun,Native Bullet (Hertz Remix),Homerun - Native Bullet (Hertz Remix)
"2002-06-15 - Marco Carola @ Corpus Rave, Industrial Copera, Granada","https://www.mixesdb.com/w/2002-06-15_-_Marco_Carola_@_Corpus_Rave,_Industrial_Copera,_Granada",,10,,Aural Emote,Dirge,Aural Emote - Dirge
"2002-06-15 - Marco Carola @ Corpus Rave, Industrial Copera, Granada","https://www.mixesdb.com/w/2002-06-15_-_Marco_Carola_@_Corpus_Rave,_Industrial_Copera,_Granada",,11,,Henrik B & Adam Beyer,Perfect Match,Henrik B & Adam Beyer - Perfect Match
"2002-06-15 - Marco Carola @ Corpus Rave, Industrial Copera, Granada","https://www.mixesdb.com/w/2002-06-15_-_Marco_Carola_@_Corpus_Rave,_Industrial_Copera,_Granada",,12,,Envoy,Rundown (Funk D'Void Mix),Envoy - Rundown (Funk D'Void Mix)
"2002-06-15 - Marco Carola @ Corpus Rave, Industrial Copera, Granada","https://www.mixesdb.com/w/2002-06-15_-_Marco_Carola_@_Corpus_Rave,_Industrial_Copera,_Granada",,13,,DJ Funk,Run (UK Extended Mix),DJ Funk - Run (UK Extended Mix)
"2002-06-15 - Marco Carola @ Corpus Rave, Industrial Copera, Granada","https://www.mixesdb.com/w/2002-06-15_-_Marco_Carola_@_Corpus_Rave,_Industrial_Copera,_Granada",,14,,Danilo Vigorito,Imaginary Boy,Danilo Vigorito - Imaginary Boy
"2002-06-15 - Marco Carola @ Corpus Rave, Industrial Copera, Granada","https://www.mixesdb.com/w/2002-06-15_-_Marco_Carola_@_Corpus_Rave,_Industrial_Copera,_Granada",,15,,,?,?
"2002-06-15 - Marco Carola @ Corpus Rave, Industrial Copera, Granada","https://www.mixesdb.com/w/2002-06-15_-_Marco_Carola_@_Corpus_Rave,_Industrial_Copera,_Granada",,16,,Deetron vs Ben Sims,Hardgroove 3.5 B2,Deetron vs Ben Sims - Hardgroove 3.5 B2
"2002-06-15 - Marco Carola @ Corpus Rave, Industrial Copera, Granada","https://www.mixesdb.com/w/2002-06-15_-_Marco_Carola_@_Corpus_Rave,_Industrial_Copera,_Granada",,17,,Marco Carola,Open Source,Marco Carola - Open Source
"2002-06-15 - Marco Carola @ Corpus Rave, Industrial Copera, Granada","https://www.mixesdb.com/w/2002-06-15_-_Marco_Carola_@_Corpus_Rave,_Industrial_Copera,_Granada",,18,,Ladida,Life Master,Ladida - Life Master
"2002-06-15 - Marco Carola @ Corpus Rave, Industrial Copera, Granada","https://www.mixesdb.com/w/2002-06-15_-_Marco_Carola_@_Corpus_Rave,_Industrial_Copera,_Granada",,19,,The Advent,Rosey Lee,The Advent - Rosey Lee
"2002-06-15 - Marco Carola @ Corpus Rave, Industrial Copera, Granada","https://www.mixesdb.com/w/2002-06-15_-_Marco_Carola_@_Corpus_Rave,_Industrial_Copera,_Granada",,20,,Literon,T-Scope,Literon - T-Scope
"2002-06-15 - Marco Carola @ Corpus Rave, Industrial Copera, Granada","https://www.mixesdb.com/w/2002-06-15_-_Marco_Carola_@_Corpus_Rave,_Industrial_Copera,_Granada",,21,,Marco Carola,Avalanche,Marco Carola - Avalanche
"2002-06-15 - Marco Carola @ Corpus Rave, Industrial Copera, Granada","https://www.mixesdb.com/w/2002-06-15_-_Marco_Carola_@_Corpus_Rave,_Industrial_Copera,_Granada",,22,,Marco Carola,Infinite,Marco Carola - Infinite
2003-08-22 - Marco Carola @ ID&T Radio,https://www.mixesdb.com/w/2003-08-22_-_Marco_Carola_@_ID&T_Radio,,1,,Dimbiman,V,Dimbiman - V
2003-08-22 - Marco Carola @ ID&T Radio,https://www.mixesdb.com/w/2003-08-22_-_Marco_Carola_@_ID&T_Radio,,2,,Second-Hand Satellites,Multiple Mirrors (Part 2): Orbit Redux 1.5,Second-Hand Satellites - Multiple Mirrors (Part 2): Orbit Redux 1.5
2003-08-22 - Marco Carola @ ID&T Radio,https://www.mixesdb.com/w/2003-08-22_-_Marco_Carola_@_ID&T_Radio,,3,,Mathew Jonson,Rewire,Mathew Jonson - Rewire
2003-08-22 - Marco Carola @ ID&T Radio,https://www.mixesdb.com/w/2003-08-22_-_Marco_Carola_@_ID&T_Radio,,4,,Eriko Tanabe,Plug Soul In,Eriko Tanabe - Plug Soul In
2003-08-22 - Marco Carola @ ID&T Radio,https://www.mixesdb.com/w/2003-08-22_-_Marco_Carola_@_ID&T_Radio,,5,,Matthew Dear,Plinko,Matthew Dear - Plinko
2003-08-22 - Marco Carola @ ID&T Radio,https://www.mixesdb.com/w/2003-08-22_-_Marco_Carola_@_ID&T_Radio,,6,,Robin Porter & Lucas Rodenbush,Neighbourhood Drama,Robin Porter & Lucas Rodenbush - Neighbourhood Drama
2003-08-22 - Marco Carola @ ID&T Radio,https://www.mixesdb.com/w/2003-08-22_-_Marco_Carola_@_ID&T_Radio,,7,,Tres Demented,Demented Drums,Tres Demented - Demented Drums
2003-08-22 - Marco Carola @ ID&T Radio,https://www.mixesdb.com/w/2003-08-22_-_Marco_Carola_@_ID&T_Radio,,8,,Fabrice Lig,Escape From Nowhere,Fabrice Lig - Escape From Nowhere
2003-08-22 - Marco Carola @ ID&T Radio,https://www.mixesdb.com/w/2003-08-22_-_Marco_Carola_@_ID&T_Radio,,9,,Dimitri Andreas,Panther,Dimitri Andreas - Panther
2003-08-22 - Marco Carola @ ID&T Radio,https://www.mixesdb.com/w/2003-08-22_-_Marco_Carola_@_ID&T_Radio,,10,,Echoplex,Moviola,Echoplex - Moviola
2003-08-22 - Marco Carola @ ID&T Radio,https://www.mixesdb.com/w/2003-08-22_-_Marco_Carola_@_ID&T_Radio,,11,,Umek,Bitoran,Umek - Bitoran
2003-08-22 - Marco Carola @ ID&T Radio,https://www.mixesdb.com/w/2003-08-22_-_Marco_Carola_@_ID&T_Radio,,12,,Angel Alanis,Too Much To Handle,Angel Alanis - Too Much To Handle
2003-08-22 - Marco Carola @ ID&T Radio,https://www.mixesdb.com/w/2003-08-22_-_Marco_Carola_@_ID&T_Radio,,13,,Hertz,Recreate,Hertz - Recreate
2003-08-22 - Marco Carola @ ID&T Radio,https://www.mixesdb.com/w/2003-08-22_-_Marco_Carola_@_ID&T_Radio,,14,,DJ Misjah,Funky Trax,DJ Misjah - Funky Trax
2003-08-22 - Marco Carola @ ID&T Radio,https://www.mixesdb.com/w/2003-08-22_-_Marco_Carola_@_ID&T_Radio,,15,,FLO,Contact (Rino Cerrone Remix),FLO - Contact (Rino Cerrone Remix)
2003-08-22 - Marco Carola @ ID&T Radio,https://www.mixesdb.com/w/2003-08-22_-_Marco_Carola_@_ID&T_Radio,,16,,Paul Kalkbrenner,Steinbeisser (B1),Paul Kalkbrenner - Steinbeisser (B1)
2025-09-26 - Marco Carola - Deephouseit Podcast,https://www.mixesdb.com/w/2025-09-26_-_Marco_Carola_-_Deephouseit_Podcast,,1,00,Arkady Antsyrev,My Favela,Arkady Antsyrev - My Favela
2025-09-26 - Marco Carola - Deephouseit Podcast,https://www.mixesdb.com/w/2025-09-26_-_Marco_Carola_-_Deephouseit_Podcast,,2,05,,?,?
2025-09-26 - Marco Carola - Deephouseit Podcast,https://www.mixesdb.com/w/2025-09-26_-_Marco_Carola_-_Deephouseit_Podcast,,3,09,Francis De Simone,T.B.L [Desolat],Francis De Simone - T.B.L [Desolat]
2025-09-26 - Marco Carola - Deephouseit Podcast,https://www.mixesdb.com/w/2025-09-26_-_Marco_Carola_-_Deephouseit_Podcast,,4,13,Walli,Crash [Dirtyclub],Walli - Crash [Dirtyclub]
2025-09-26 - Marco Carola - Deephouseit Podcast,https://www.mixesdb.com/w/2025-09-26_-_Marco_Carola_-_Deephouseit_Podcast,,5,16,Ninetree,Black Dress [Getbusy],Ninetree - Black Dress [Getbusy]
2025-09-26 - Marco Carola - Deephouseit Podcast,https://www.mixesdb.com/w/2025-09-26_-_Marco_Carola_-_Deephouseit_Podcast,,6,22,,?,?
2025-09-26 - Marco Carola - Deephouseit Podcast,https://www.mixesdb.com/w/2025-09-26_-_Marco_Carola_-_Deephouseit_Podcast,,7,26,,?,?
2025-09-26 - Marco Carola - Deephouseit Podcast,https://www.mixesdb.com/w/2025-09-26_-_Marco_Carola_-_Deephouseit_Podcast,,8,29,Ciclo & Farouki,Shake Dat [Mood Child],Ciclo & Farouki - Shake Dat [Mood Child]
2025-09-26 - Marco Carola - Deephouseit Podcast,https://www.mixesdb.com/w/2025-09-26_-_Marco_Carola_-_Deephouseit_Podcast,,9,33,Matteo Dentone,You & Me [LTF],Matteo Dentone - You & Me [LTF]
2025-09-26 - Marco Carola - Deephouseit Podcast,https://www.mixesdb.com/w/2025-09-26_-_Marco_Carola_-_Deephouseit_Podcast,,10,38,Matteo Dentone,Hot (Extended Mix),Matteo Dentone - Hot (Extended Mix)
2025-09-26 - Marco Carola - Deephouseit Podcast,https://www.mixesdb.com/w/2025-09-26_-_Marco_Carola_-_Deephouseit_Podcast,,11,43,FIRZA,Tutti Frutti [MicroHertz],FIRZA - Tutti Frutti [MicroHertz]
2025-09-26 - Marco Carola - Deephouseit Podcast,https://www.mixesdb.com/w/2025-09-26_-_Marco_Carola_-_Deephouseit_Podcast,,12,47,Jay De Lys,Im So Wavy [Deeperfect],Jay De Lys - Im So Wavy [Deeperfect]
2025-09-26 - Marco Carola - Deephouseit Podcast,https://www.mixesdb.com/w/2025-09-26_-_Marco_Carola_-_Deephouseit_Podcast,,13,50,Crewcutz & Marian,Dub Love [Deeperfect],Crewcutz & Marian - Dub Love [Deeperfect]
2025-09-26 - Marco Carola - Deephouseit Podcast,https://www.mixesdb.com/w/2025-09-26_-_Marco_Carola_-_Deephouseit_Podcast,,14,55,Omari & Kev Christopher,Love Is Real [Front Left],Omari & Kev Christopher - Love Is Real [Front Left]
2025-09-26 - Marco Carola - Deephouseit Podcast,https://www.mixesdb.com/w/2025-09-26_-_Marco_Carola_-_Deephouseit_Podcast,,15,59,Nathan Alzon,Flashback,Nathan Alzon - Flashback
"2010-12-04 - Marco Carola @ Time Warp, Amsterdam","https://www.mixesdb.com/w/2010-12-04_-_Marco_Carola_@_Time_Warp,_Amsterdam",,1,00:00,UNER,Love In The Rope (Mendo Remix) [Cr2 - ITC2LD 020],UNER - Love In The Rope (Mendo Remix) [Cr2 - ITC2LD 020]
"2010-12-04 - Marco Carola @ Time Warp, Amsterdam","https://www.mixesdb.com/w/2010-12-04_-_Marco_Carola_@_Time_Warp,_Amsterdam",,2,07:23,Kill Your Tv & Yosh,Preliminares (Vogue Remix) [Lo Kik - LKEP 062],Kill Your Tv & Yosh - Preliminares (Vogue Remix) [Lo Kik - LKEP 062]
"2010-12-04 - Marco Carola @ Time Warp, Amsterdam","https://www.mixesdb.com/w/2010-12-04_-_Marco_Carola_@_Time_Warp,_Amsterdam",,3,12:05,Sabb,Percomaniac [Tretmuehle - TRETCOMP 070],Sabb - Percomaniac [Tretmuehle - TRETCOMP 070]
"2010-12-04 - Marco Carola @ Time Warp, Amsterdam","https://www.mixesdb.com/w/2010-12-04_-_Marco_Carola_@_Time_Warp,_Amsterdam",,4,17:03,London Fm,Bottom Line [High Definition - HD 052],London Fm - Bottom Line [High Definition - HD 052]
"2010-12-04 - Marco Carola @ Time Warp, Amsterdam","https://www.mixesdb.com/w/2010-12-04_-_Marco_Carola_@_Time_Warp,_Amsterdam",,5,20:47,Uto Karem,Utopolys [Toolroom - TOOL 114/01Z],Uto Karem - Utopolys [Toolroom - TOOL 114/01Z]
"2010-12-04 - Marco Carola @ Time Warp, Amsterdam","https://www.mixesdb.com/w/2010-12-04_-_Marco_Carola_@_Time_Warp,_Amsterdam",,6,26:20,Sebastian Leger,Le Moustique,Sebastian Leger - Le Moustique
"2010-12-04 - Marco Carola @ Time Warp, Amsterdam","https://www.mixesdb.com/w/2010-12-04_-_Marco_Carola_@_Time_Warp,_Amsterdam",,7,32:20,Jakiro,Xtra [EVapour8 - EV 021],Jakiro - Xtra [EVapour8 - EV 021]
"2010-12-04 - Marco Carola @ Time Warp, Amsterdam","https://www.mixesdb.com/w/2010-12-04_-_Marco_Carola_@_Time_Warp,_Amsterdam",,8,37:05,The Soulshapes,Deep Rohes (Deep Mix) [Real Tone - RTR 044],The Soulshapes - Deep Rohes (Deep Mix) [Real Tone - RTR 044]
"2010-12-04 - Marco Carola @ Time Warp, Amsterdam","https://www.mixesdb.com/w/2010-12-04_-_Marco_Carola_@_Time_Warp,_Amsterdam",,9,40:50,Pig&Dan,Love Song [Parquet - COMP 010],Pig&Dan - Love Song [Parquet - COMP 010]
"2010-12-04 - Marco Carola @ Time Warp, Amsterdam","https://www.mixesdb.com/w/2010-12-04_-_Marco_Carola_@_Time_Warp,_Amsterdam",,10,44:59,Marco Effe,Sexgas [Memento - PLUS 003-8],Marco Effe - Sexgas [Memento - PLUS 003-8]
"2010-12-04 - Marco Carola @ Time Warp, Amsterdam","https://www.mixesdb.com/w/2010-12-04_-_Marco_Carola_@_Time_Warp,_Amsterdam",,11,51:52,Marco Carola,Play It Loud!,Marco Carola - Play It Loud!
"2011-07-08 - Marco Carola @ Exit Festival, Serbia","https://www.mixesdb.com/w/2011-07-08_-_Marco_Carola_@_Exit_Festival,_Serbia",,1,00,Pizeta,Tikitaka (Apparell Remix),Pizeta - Tikitaka (Apparell Remix)
"2011-07-08 - Marco Carola @ Exit Festival, Serbia","https://www.mixesdb.com/w/2011-07-08_-_Marco_Carola_@_Exit_Festival,_Serbia",,2,03,,?,?
"2011-07-08 - Marco Carola @ Exit Festival, Serbia","https://www.mixesdb.com/w/2011-07-08_-_Marco_Carola_@_Exit_Festival,_Serbia",,3,07,,?,?
"2011-07-08 - Marco Carola @ Exit Festival, Serbia","https://www.mixesdb.com/w/2011-07-08_-_Marco_Carola_@_Exit_Festival,_Serbia",,4,13,Marcus Meinhardt,Mad Max (Super Flu Home Sweet Home Remix),Marcus Meinhardt - Mad Max (Super Flu Home Sweet Home Remix)
"2011-07-08 - Marco Carola @ Exit Festival, Serbia","https://www.mixesdb.com/w/2011-07-08_-_Marco_Carola_@_Exit_Festival,_Serbia",,5,18,Paul C,Nada,Paul C - Nada
"2011-07-08 - Marco Carola @ Exit Festival, Serbia","https://www.mixesdb.com/w/2011-07-08_-_Marco_Carola_@_Exit_Festival,_Serbia",,6,23,Mike Vale,Pretty Woman,Mike Vale - Pretty Woman
"2011-07-08 - Marco Carola @ Exit Festival, Serbia","https://www.mixesdb.com/w/2011-07-08_-_Marco_Carola_@_Exit_Festival,_Serbia",,7,28,Barem,Nothing,Barem - Nothing
"2011-07-08 - Marco Carola @ Exit Festival, Serbia","https://www.mixesdb.com/w/2011-07-08_-_Marco_Carola_@_Exit_Festival,_Serbia",,8,31,,?,?
"2011-07-08 - Marco Carola @ Exit Festival, Serbia","https://www.mixesdb.com/w/2011-07-08_-_Marco_Carola_@_Exit_Festival,_Serbia",,9,34,Men In Trees,Western Idol,Men In Trees - Western Idol
"2011-07-08 - Marco Carola @ Exit Festival, Serbia","https://www.mixesdb.com/w/2011-07-08_-_Marco_Carola_@_Exit_Festival,_Serbia",,10,37,Ronan Portela & Ariel Rodz,La Ensenada,Ronan Portela & Ariel Rodz - La Ensenada
"2011-07-08 - Marco Carola @ Exit Festival, Serbia","https://www.mixesdb.com/w/2011-07-08_-_Marco_Carola_@_Exit_Festival,_Serbia",,11,42,Kenny Ground,Balia,Kenny Ground - Balia
"2011-07-08 - Marco Carola @ Exit Festival, Serbia","https://www.mixesdb.com/w/2011-07-08_-_Marco_Carola_@_Exit_Festival,_Serbia",,12,47,,?,?
"2011-07-08 - Marco Carola @ Exit Festival, Serbia","https://www.mixesdb.com/w/2011-07-08_-_Marco_Carola_@_Exit_Festival,_Serbia",,13,50,Paul Harris & Alex Tepper,Mumbo Gumbo (&Me Remix),Paul Harris & Alex Tepper - Mumbo Gumbo (&Me Remix)
"2011-07-08 - Marco Carola @ Exit Festival, Serbia","https://www.mixesdb.com/w/2011-07-08_-_Marco_Carola_@_Exit_Festival,_Serbia",,14,53,Kevin Knapp,Like This (Audiojack Remix),Kevin Knapp - Like This (Audiojack Remix)
"2011-07-08 - Marco Carola @ Exit Festival, Serbia","https://www.mixesdb.com/w/2011-07-08_-_Marco_Carola_@_Exit_Festival,_Serbia",,15,58,Argy,Unreliable Virgin (Tim Green Remix),Argy - Unreliable Virgin (Tim Green Remix)
"2011-07-08 - Marco Carola @ Exit Festival, Serbia","https://www.mixesdb.com/w/2011-07-08_-_Marco_Carola_@_Exit_Festival,_Serbia",,16,65,UBQ Project Feat. Kathy Summers,When I Fell N Luv,UBQ Project Feat. Kathy Summers - When I Fell N Luv
"2011-07-08 - Marco Carola @ Exit Festival, Serbia","https://www.mixesdb.com/w/2011-07-08_-_Marco_Carola_@_Exit_Festival,_Serbia",,17,71,,?,?
"2011-07-08 - Marco Carola @ Exit Festival, Serbia","https://www.mixesdb.com/w/2011-07-08_-_Marco_Carola_@_Exit_Festival,_Serbia",,18,77,,?,?
"2011-07-08 - Marco Carola @ Exit Festival, Serbia","https://www.mixesdb.com/w/2011-07-08_-_Marco_Carola_@_Exit_Festival,_Serbia",,19,81,Lucio Aquilina,Magic M (Massi DL Remix),Lucio Aquilina - Magic M (Massi DL Remix)
"2011-07-08 - Marco Carola @ Exit Festival, Serbia","https://www.mixesdb.com/w/2011-07-08_-_Marco_Carola_@_Exit_Festival,_Serbia",,20,86,Hectik Rivero & Mika Materazzi,From A Jar,Hectik Rivero & Mika Materazzi - From A Jar
"2011-07-08 - Marco Carola @ Exit Festival, Serbia","https://www.mixesdb.com/w/2011-07-08_-_Marco_Carola_@_Exit_Festival,_Serbia",,21,92,Joshua,Watch The Bass,Joshua - Watch The Bass
"2009-02-21 - Marco Carola @ Fluid, Italy","https://www.mixesdb.com/w/2009-02-21_-_Marco_Carola_@_Fluid,_Italy",,1,000,Danilo Vigorito,Alnilam Bright Side,Danilo Vigorito - Alnilam Bright Side
"2009-02-21 - Marco Carola @ Fluid, Italy","https://www.mixesdb.com/w/2009-02-21_-_Marco_Carola_@_Fluid,_Italy",,2,007,Lino Pugliese,Crazyrouter,Lino Pugliese - Crazyrouter
"2009-02-21 - Marco Carola @ Fluid, Italy","https://www.mixesdb.com/w/2009-02-21_-_Marco_Carola_@_Fluid,_Italy",,3,013,Alex Piccini,Tom Tom,Alex Piccini - Tom Tom
"2009-02-21 - Marco Carola @ Fluid, Italy","https://www.mixesdb.com/w/2009-02-21_-_Marco_Carola_@_Fluid,_Italy",,4,015,Audiofly X,1999,Audiofly X - 1999
"2009-02-21 - Marco Carola @ Fluid, Italy","https://www.mixesdb.com/w/2009-02-21_-_Marco_Carola_@_Fluid,_Italy",,5,021,Josh One,Contemplation (King Britt Funke Mix),Josh One - Contemplation (King Britt Funke Mix)
"2009-02-21 - Marco Carola @ Fluid, Italy","https://www.mixesdb.com/w/2009-02-21_-_Marco_Carola_@_Fluid,_Italy",,6,027,Christian Burkhardt,Ghost,Christian Burkhardt - Ghost
"2009-02-21 - Marco Carola @ Fluid, Italy","https://www.mixesdb.com/w/2009-02-21_-_Marco_Carola_@_Fluid,_Italy",,7,035,Nick Curly,Dubnoise,Nick Curly - Dubnoise
"2009-02-21 - Marco Carola @ Fluid, Italy","https://www.mixesdb.com/w/2009-02-21_-_Marco_Carola_@_Fluid,_Italy",,8,042,,?,?
"2009-02-21 - Marco Carola @ Fluid, Italy","https://www.mixesdb.com/w/2009-02-21_-_Marco_Carola_@_Fluid,_Italy",,9,048,Ray Okpara,Snice,Ray Okpara - Snice
"2009-02-21 - Marco Carola @ Fluid, Italy","https://www.mixesdb.com/w/2009-02-21_-_Marco_Carola_@_Fluid,_Italy",,10,050,Super Flu,Shine,Super Flu - Shine
"2009-02-21 - Marco Carola @ Fluid, Italy","https://www.mixesdb.com/w/2009-02-21_-_Marco_Carola_@_Fluid,_Italy",,11,054,David Labeij,State,David Labeij - State
"2009-02-21 - Marco Carola @ Fluid, Italy","https://www.mixesdb.com/w/2009-02-21_-_Marco_Carola_@_Fluid,_Italy",,12,059,Ernesto Ferreyra,Hunted,Ernesto Ferreyra - Hunted
"2009-02-21 - Marco Carola @ Fluid, Italy","https://www.mixesdb.com/w/2009-02-21_-_Marco_Carola_@_Fluid,_Italy",,13,062,Josh Wink,Everybody To The Sun,Josh Wink - Everybody To The Sun
"2009-02-21 - Marco Carola @ Fluid, Italy","https://www.mixesdb.com/w/2009-02-21_-_Marco_Carola_@_Fluid,_Italy",,14,068,Jan Driver,Fry,Jan Driver - Fry
"2009-02-21 - Marco Carola @ Fluid, Italy","https://www.mixesdb.com/w/2009-02-21_-_Marco_Carola_@_Fluid,_Italy",,15,073,Robert Dietz,Fym,Robert Dietz - Fym
"2009-02-21 - Marco Carola @ Fluid, Italy","https://www.mixesdb.com/w/2009-02-21_-_Marco_Carola_@_Fluid,_Italy",,16,079,Julien Chaptal,Rounda,Julien Chaptal - Rounda
"2009-02-21 - Marco Carola @ Fluid, Italy","https://www.mixesdb.com/w/2009-02-21_-_Marco_Carola_@_Fluid,_Italy",,17,083,Anton Pieete,The Great City,Anton Pieete - The Great City
"2009-02-21 - Marco Carola @ Fluid, Italy","https://www.mixesdb.com/w/2009-02-21_-_Marco_Carola_@_Fluid,_Italy",,18,085,dOP,Mambo Jumbo (Guy Gerber's Hemlock Remix),dOP - Mambo Jumbo (Guy Gerber's Hemlock Remix)
"2009-02-21 - Marco Carola @ Fluid, Italy","https://www.mixesdb.com/w/2009-02-21_-_Marco_Carola_@_Fluid,_Italy",,19,090,Broombeck,Monoturn,Broombeck - Monoturn
"2009-02-21 - Marco Carola @ Fluid, Italy","https://www.mixesdb.com/w/2009-02-21_-_Marco_Carola_@_Fluid,_Italy",,20,095,Christian Burkhardt,Kreiscollaps (Federico Molinari Remix),Christian Burkhardt - Kreiscollaps (Federico Molinari Remix)
"2009-02-21 - Marco Carola @ Fluid, Italy","https://www.mixesdb.com/w/2009-02-21_-_Marco_Carola_@_Fluid,_Italy",,21,100,Super Fly,Lyla Suck Lemon,Super Fly - Lyla Suck Lemon
"2009-02-21 - Marco Carola @ Fluid, Italy","https://www.mixesdb.com/w/2009-02-21_-_Marco_Carola_@_Fluid,_Italy",,22,105,Martinez,Retrospective,Martinez - Retrospective
"2009-02-21 - Marco Carola @ Fluid, Italy","https://www.mixesdb.com/w/2009-02-21_-_Marco_Carola_@_Fluid,_Italy",,23,110,Solimano,De Rosa (Franco Cinelli Remix),Solimano - De Rosa (Franco Cinelli Remix)
"2009-02-21 - Marco Carola @ Fluid, Italy","https://www.mixesdb.com/w/2009-02-21_-_Marco_Carola_@_Fluid,_Italy",,24,117,Luciano & Guy Gerber,Pretty Morning,Luciano & Guy Gerber - Pretty Morning
"2009-02-21 - Marco Carola @ Fluid, Italy","https://www.mixesdb.com/w/2009-02-21_-_Marco_Carola_@_Fluid,_Italy",,25,120,Marco Carola,Drumming,Marco Carola - Drumming
"2009-02-21 - Marco Carola @ Fluid, Italy","https://www.mixesdb.com/w/2009-02-21_-_Marco_Carola_@_Fluid,_Italy",,26,126,2000 and One,Honey Bush,2000 and One - Honey Bush
"2009-02-21 - Marco Carola @ Fluid, Italy","https://www.mixesdb.com/w/2009-02-21_-_Marco_Carola_@_Fluid,_Italy",,27,132,,?,?
"2009-02-21 - Marco Carola @ Fluid, Italy","https://www.mixesdb.com/w/2009-02-21_-_Marco_Carola_@_Fluid,_Italy",,28,137,Marco Carola,Weekend,Marco Carola - Weekend
"2009-02-21 - Marco Carola @ Fluid, Italy","https://www.mixesdb.com/w/2009-02-21_-_Marco_Carola_@_Fluid,_Italy",,29,142,Marco Carola,Bloody Cash,Marco Carola - Bloody Cash
"2009-02-21 - Marco Carola @ Fluid, Italy","https://www.mixesdb.com/w/2009-02-21_-_Marco_Carola_@_Fluid,_Italy",,30,146,,?,?
"2009-02-21 - Marco Carola @ Fluid, Italy","https://www.mixesdb.com/w/2009-02-21_-_Marco_Carola_@_Fluid,_Italy",,31,152,Souki,Hausmeister Gordon (Lazy Mouth Remix),Souki - Hausmeister Gordon (Lazy Mouth Remix)
"2009-02-21 - Marco Carola @ Fluid, Italy","https://www.mixesdb.com/w/2009-02-21_-_Marco_Carola_@_Fluid,_Italy",,32,157,Polder,Caretaker,Polder - Caretaker
"2009-02-21 - Marco Carola @ Fluid, Italy","https://www.mixesdb.com/w/2009-02-21_-_Marco_Carola_@_Fluid,_Italy",,33,160,Steve Lawler,21st Century Ketchup (D'Julz Remix),Steve Lawler - 21st Century Ketchup (D'Julz Remix)
"2009-02-21 - Marco Carola @ Fluid, Italy","https://www.mixesdb.com/w/2009-02-21_-_Marco_Carola_@_Fluid,_Italy",,34,168,Thodoris Triantafillou,Suspicious Behaviour (Nick Curly Remix),Thodoris Triantafillou - Suspicious Behaviour (Nick Curly Remix)
"2009-02-21 - Marco Carola @ Fluid, Italy","https://www.mixesdb.com/w/2009-02-21_-_Marco_Carola_@_Fluid,_Italy",,35,172,Mathias Kaden,Shetani,Mathias Kaden - Shetani
"2009-02-21 - Marco Carola @ Fluid, Italy","https://www.mixesdb.com/w/2009-02-21_-_Marco_Carola_@_Fluid,_Italy",,36,178,Super Flu,Shine,Super Flu - Shine
"2009-02-21 - Marco Carola @ Fluid, Italy","https://www.mixesdb.com/w/2009-02-21_-_Marco_Carola_@_Fluid,_Italy",,37,185,Lino Pugliese,Crazyrouter,Lino Pugliese - Crazyrouter
"2009-02-21 - Marco Carola @ Fluid, Italy","https://www.mixesdb.com/w/2009-02-21_-_Marco_Carola_@_Fluid,_Italy",,38,189,,?,?
"2009-02-21 - Marco Carola @ Fluid, Italy","https://www.mixesdb.com/w/2009-02-21_-_Marco_Carola_@_Fluid,_Italy",,39,195,Null.Eins,La Gente Menuda (Markus Fix Remix),Null.Eins - La Gente Menuda (Markus Fix Remix)
"2009-02-21 - Marco Carola @ Fluid, Italy","https://www.mixesdb.com/w/2009-02-21_-_Marco_Carola_@_Fluid,_Italy",,40,200,Headman,It Rough (Chicken Lips Remix),Headman - It Rough (Chicken Lips Remix)
"2020-03-26 - Marco Carola @ Space, Miami","https://www.mixesdb.com/w/2020-03-26_-_Marco_Carola_@_Space,_Miami",,1,,Jansons & Liz Cass,Less Ordinary,Jansons & Liz Cass - Less Ordinary
"2020-03-26 - Marco Carola @ Space, Miami","https://www.mixesdb.com/w/2020-03-26_-_Marco_Carola_@_Space,_Miami",,2,,Alexander Vogt,Hipster (Marta Taddei Remix),Alexander Vogt - Hipster (Marta Taddei Remix)
"2020-03-26 - Marco Carola @ Space, Miami","https://www.mixesdb.com/w/2020-03-26_-_Marco_Carola_@_Space,_Miami",,3,,Toochi (Sa) Feat. Akinwale,Rituals,Toochi (Sa) Feat. Akinwale - Rituals
"2020-03-26 - Marco Carola @ Space, Miami","https://www.mixesdb.com/w/2020-03-26_-_Marco_Carola_@_Space,_Miami",,4,,Showa,African,Showa - African
"2020-03-26 - Marco Carola @ Space, Miami","https://www.mixesdb.com/w/2020-03-26_-_Marco_Carola_@_Space,_Miami",,5,,Fabe,Locked,Fabe - Locked
"2020-03-26 - Marco Carola @ Space, Miami","https://www.mixesdb.com/w/2020-03-26_-_Marco_Carola_@_Space,_Miami",,6,,Luuk Van Dijk,Da Revolution,Luuk Van Dijk - Da Revolution
"2020-03-26 - Marco Carola @ Space, Miami","https://www.mixesdb.com/w/2020-03-26_-_Marco_Carola_@_Space,_Miami",,7,,Demou,Snow Dance,Demou - Snow Dance
"2020-03-26 - Marco Carola @ Space, Miami","https://www.mixesdb.com/w/2020-03-26_-_Marco_Carola_@_Space,_Miami",,8,,Luuk Van Djik,In The District (Ben Sterling Edit),Luuk Van Djik - In The District (Ben Sterling Edit)
"2020-03-26 - Marco Carola @ Space, Miami","https://www.mixesdb.com/w/2020-03-26_-_Marco_Carola_@_Space,_Miami",,9,,Hooved,Phoebe (Tuccillo Remix),Hooved - Phoebe (Tuccillo Remix)
"2020-03-26 - Marco Carola @ Space, Miami","https://www.mixesdb.com/w/2020-03-26_-_Marco_Carola_@_Space,_Miami",,10,,Mata Jones,I Hole,Mata Jones - I Hole
"2020-03-26 - Marco Carola @ Space, Miami","https://www.mixesdb.com/w/2020-03-26_-_Marco_Carola_@_Space,_Miami",,11,,Harry Romero,Deep Down,Harry Romero - Deep Down
"2020-03-26 - Marco Carola @ Space, Miami","https://www.mixesdb.com/w/2020-03-26_-_Marco_Carola_@_Space,_Miami",,12,,22 Osunlade,Power To Conquer,22 Osunlade - Power To Conquer
"2020-03-26 - Marco Carola @ Space, Miami","https://www.mixesdb.com/w/2020-03-26_-_Marco_Carola_@_Space,_Miami",,13,,14 Javi Parra,Uebos (Kassier Remix),14 Javi Parra - Uebos (Kassier Remix)
"2020-03-26 - Marco Carola @ Space, Miami","https://www.mixesdb.com/w/2020-03-26_-_Marco_Carola_@_Space,_Miami",,14,,Samuel Andre Madsen aka S.A.M.,Fury's Laughter,Samuel Andre Madsen aka S.A.M. - Fury's Laughter
"2020-03-26 - Marco Carola @ Space, Miami","https://www.mixesdb.com/w/2020-03-26_-_Marco_Carola_@_Space,_Miami",,15,,Jiggy I T,We Ride Together,Jiggy I T - We Ride Together
"2020-03-26 - Marco Carola @ Space, Miami","https://www.mixesdb.com/w/2020-03-26_-_Marco_Carola_@_Space,_Miami",,16,,Alberto Dimeo,Disorder,Alberto Dimeo - Disorder
"2020-03-26 - Marco Carola @ Space, Miami","https://www.mixesdb.com/w/2020-03-26_-_Marco_Carola_@_Space,_Miami",,17,,Federico Grazzini,Yellow,Federico Grazzini - Yellow
"2020-03-26 - Marco Carola @ Space, Miami","https://www.mixesdb.com/w/2020-03-26_-_Marco_Carola_@_Space,_Miami",,18,,Harry Romero,Fall Of Babylon,Harry Romero - Fall Of Babylon
"2020-03-26 - Marco Carola @ Space, Miami","https://www.mixesdb.com/w/2020-03-26_-_Marco_Carola_@_Space,_Miami",,19,,Gustavo Dominguez,You Got Me,Gustavo Dominguez - You Got Me
"2020-03-26 - Marco Carola @ Space, Miami","https://www.mixesdb.com/w/2020-03-26_-_Marco_Carola_@_Space,_Miami",,20,,Tuccillo,Hilo,Tuccillo - Hilo
"2020-03-26 - Marco Carola @ Space, Miami","https://www.mixesdb.com/w/2020-03-26_-_Marco_Carola_@_Space,_Miami",,21,,Andre Salmon,Prepare Your Mind,Andre Salmon - Prepare Your Mind
"2020-03-26 - Marco Carola @ Space, Miami","https://www.mixesdb.com/w/2020-03-26_-_Marco_Carola_@_Space,_Miami",,22,,DJ Deeon & Ghettoblaster,The 302,DJ Deeon & Ghettoblaster - The 302
"2020-03-26 - Marco Carola @ Space, Miami","https://www.mixesdb.com/w/2020-03-26_-_Marco_Carola_@_Space,_Miami",,23,,Djosh,Macumba (Crescent Remix),Djosh - Macumba (Crescent Remix)
"2020-03-26 - Marco Carola @ Space, Miami","https://www.mixesdb.com/w/2020-03-26_-_Marco_Carola_@_Space,_Miami",,24,,Nicolò Bonelli,"Pure, Clean & Vegeterian","Nicolò Bonelli - Pure, Clean & Vegeterian"
"2003-12-26 - Marco Carola @ After Alla Villa, Caserta, Italy","https://www.mixesdb.com/w/2003-12-26_-_Marco_Carola_@_After_Alla_Villa,_Caserta,_Italy",,1,,Hertz & Johan Bacto,Redworm (Tobias von Hofsten Remix) [Sway - 1],Hertz & Johan Bacto - Redworm (Tobias von Hofsten Remix) [Sway - 1]
"2003-12-26 - Marco Carola @ After Alla Villa, Caserta, Italy","https://www.mixesdb.com/w/2003-12-26_-_Marco_Carola_@_After_Alla_Villa,_Caserta,_Italy",,2,,Danilo Vigorito,Streamroller [Speaker Attack - 015],Danilo Vigorito - Streamroller [Speaker Attack - 015]
"2003-12-26 - Marco Carola @ After Alla Villa, Caserta, Italy","https://www.mixesdb.com/w/2003-12-26_-_Marco_Carola_@_After_Alla_Villa,_Caserta,_Italy",,3,,Danilo Vigorito,Regroove [Zenit - 009],Danilo Vigorito - Regroove [Zenit - 009]
"2003-12-26 - Marco Carola @ After Alla Villa, Caserta, Italy","https://www.mixesdb.com/w/2003-12-26_-_Marco_Carola_@_After_Alla_Villa,_Caserta,_Italy",,4,,,?,?
"2003-12-26 - Marco Carola @ After Alla Villa, Caserta, Italy","https://www.mixesdb.com/w/2003-12-26_-_Marco_Carola_@_After_Alla_Villa,_Caserta,_Italy",,5,,Danilo Vigorito,Concordia [Zenit - 010],Danilo Vigorito - Concordia [Zenit - 010]
"2003-12-26 - Marco Carola @ After Alla Villa, Caserta, Italy","https://www.mixesdb.com/w/2003-12-26_-_Marco_Carola_@_After_Alla_Villa,_Caserta,_Italy",,6,,Chris Liebing,Gassenhauer (Marco Carola Remix) [CL-Retry - 6],Chris Liebing - Gassenhauer (Marco Carola Remix) [CL-Retry - 6]
"2003-12-26 - Marco Carola @ After Alla Villa, Caserta, Italy","https://www.mixesdb.com/w/2003-12-26_-_Marco_Carola_@_After_Alla_Villa,_Caserta,_Italy",,7,,Gadgets,On/Off 5 (Danilo Vigorito Remix) [On-Off - 005],Gadgets - On/Off 5 (Danilo Vigorito Remix) [On-Off - 005]
"2003-12-26 - Marco Carola @ After Alla Villa, Caserta, Italy","https://www.mixesdb.com/w/2003-12-26_-_Marco_Carola_@_After_Alla_Villa,_Caserta,_Italy",,8,,,?,?
"2003-12-26 - Marco Carola @ After Alla Villa, Caserta, Italy","https://www.mixesdb.com/w/2003-12-26_-_Marco_Carola_@_After_Alla_Villa,_Caserta,_Italy",,9,,Jorge Zamacona,Fountain Of Blood [Ingoma - 012],Jorge Zamacona - Fountain Of Blood [Ingoma - 012]
"2003-12-26 - Marco Carola @ After Alla Villa, Caserta, Italy","https://www.mixesdb.com/w/2003-12-26_-_Marco_Carola_@_After_Alla_Villa,_Caserta,_Italy",,10,,Danilo Vigorito,Pression (B2) [Conform - CNFR 018],Danilo Vigorito - Pression (B2) [Conform - CNFR 018]
"2003-12-26 - Marco Carola @ After Alla Villa, Caserta, Italy","https://www.mixesdb.com/w/2003-12-26_-_Marco_Carola_@_After_Alla_Villa,_Caserta,_Italy",,11,,Boriqua Tribez,Suave (Rino Cerrone Remix) [Dark House Music - DHM 026],Boriqua Tribez - Suave (Rino Cerrone Remix) [Dark House Music - DHM 026]
"2003-12-26 - Marco Carola @ After Alla Villa, Caserta, Italy","https://www.mixesdb.com/w/2003-12-26_-_Marco_Carola_@_After_Alla_Villa,_Caserta,_Italy",,12,,,?,?
"2003-12-26 - Marco Carola @ After Alla Villa, Caserta, Italy","https://www.mixesdb.com/w/2003-12-26_-_Marco_Carola_@_After_Alla_Villa,_Caserta,_Italy",,13,,Danilo Vigorito,Orion Muzik 01 (A1) [Orion Muzik 01],Danilo Vigorito - Orion Muzik 01 (A1) [Orion Muzik 01]
"2003-12-26 - Marco Carola @ After Alla Villa, Caserta, Italy","https://www.mixesdb.com/w/2003-12-26_-_Marco_Carola_@_After_Alla_Villa,_Caserta,_Italy",,14,,Danilo Vigorito,Orbeat 02 (B2) [Orbeat - 02],Danilo Vigorito - Orbeat 02 (B2) [Orbeat - 02]
"2003-12-26 - Marco Carola @ After Alla Villa, Caserta, Italy","https://www.mixesdb.com/w/2003-12-26_-_Marco_Carola_@_After_Alla_Villa,_Caserta,_Italy",,15,,Hertz & Mhonolink,Traces (Mhonolink Remix) [Sway - 7],Hertz & Mhonolink - Traces (Mhonolink Remix) [Sway - 7]
"2003-12-26 - Marco Carola @ After Alla Villa, Caserta, Italy","https://www.mixesdb.com/w/2003-12-26_-_Marco_Carola_@_After_Alla_Villa,_Caserta,_Italy",,16,,Danilo Vigorito,De-Mo [Speaker Attack - SA 015],Danilo Vigorito - De-Mo [Speaker Attack - SA 015]
"2003-12-26 - Marco Carola @ After Alla Villa, Caserta, Italy","https://www.mixesdb.com/w/2003-12-26_-_Marco_Carola_@_After_Alla_Villa,_Caserta,_Italy",,17,,,?,?
"2003-12-26 - Marco Carola @ After Alla Villa, Caserta, Italy","https://www.mixesdb.com/w/2003-12-26_-_Marco_Carola_@_After_Alla_Villa,_Caserta,_Italy",,18,,Mhonolink,Dust Path (A2) [Mhonday Music - 004],Mhonolink - Dust Path (A2) [Mhonday Music - 004]
"2003-12-26 - Marco Carola @ After Alla Villa, Caserta, Italy","https://www.mixesdb.com/w/2003-12-26_-_Marco_Carola_@_After_Alla_Villa,_Caserta,_Italy",,19,,Tomie Nevada,Memory Lane [Zenit - 013],Tomie Nevada - Memory Lane [Zenit - 013]
"2003-12-26 - Marco Carola @ After Alla Villa, Caserta, Italy","https://www.mixesdb.com/w/2003-12-26_-_Marco_Carola_@_After_Alla_Villa,_Caserta,_Italy",,20,,Vince Watson,Darksoul [Ingoma - 010],Vince Watson - Darksoul [Ingoma - 010]
"2003-12-26 - Marco Carola @ After Alla Villa, Caserta, Italy","https://www.mixesdb.com/w/2003-12-26_-_Marco_Carola_@_After_Alla_Villa,_Caserta,_Italy",,21,,Rino Cerrone,Rilis 1 (B1) [Rilis - 001],Rino Cerrone - Rilis 1 (B1) [Rilis - 001]
"2003-12-26 - Marco Carola @ After Alla Villa, Caserta, Italy","https://www.mixesdb.com/w/2003-12-26_-_Marco_Carola_@_After_Alla_Villa,_Caserta,_Italy",,22,,Speedy J & Adam Beyer,Sjab [Novamute - 12 NOMU 130],Speedy J & Adam Beyer - Sjab [Novamute - 12 NOMU 130]
"2003-12-26 - Marco Carola @ After Alla Villa, Caserta, Italy","https://www.mixesdb.com/w/2003-12-26_-_Marco_Carola_@_After_Alla_Villa,_Caserta,_Italy",,23,,,?,?
"2003-12-26 - Marco Carola @ After Alla Villa, Caserta, Italy","https://www.mixesdb.com/w/2003-12-26_-_Marco_Carola_@_After_Alla_Villa,_Caserta,_Italy",,24,,Danilo Vigorito,Lex [Phont Music - PM 029],Danilo Vigorito - Lex [Phont Music - PM 029]
"2003-12-26 - Marco Carola @ After Alla Villa, Caserta, Italy","https://www.mixesdb.com/w/2003-12-26_-_Marco_Carola_@_After_Alla_Villa,_Caserta,_Italy",,25,,Mark Williams,From Dusk Till Dawn [Primate - PRMT 079],Mark Williams - From Dusk Till Dawn [Primate - PRMT 079]
"2003-12-26 - Marco Carola @ After Alla Villa, Caserta, Italy","https://www.mixesdb.com/w/2003-12-26_-_Marco_Carola_@_After_Alla_Villa,_Caserta,_Italy",,26,,Pacou,Gloom [Music Man - MM 097],Pacou - Gloom [Music Man - MM 097]
"2003-12-26 - Marco Carola @ After Alla Villa, Caserta, Italy","https://www.mixesdb.com/w/2003-12-26_-_Marco_Carola_@_After_Alla_Villa,_Caserta,_Italy",,27,,,?,?
"2003-12-26 - Marco Carola @ After Alla Villa, Caserta, Italy","https://www.mixesdb.com/w/2003-12-26_-_Marco_Carola_@_After_Alla_Villa,_Caserta,_Italy",,28,,Adam Beyer & Henrik B,Identify Yourself (Gaetano Parisio Remix) [Southsoul Appendix - 005],Adam Beyer & Henrik B - Identify Yourself (Gaetano Parisio Remix) [Southsoul Appendix - 005]
"2003-12-26 - Marco Carola @ After Alla Villa, Caserta, Italy","https://www.mixesdb.com/w/2003-12-26_-_Marco_Carola_@_After_Alla_Villa,_Caserta,_Italy",,29,,,?,?
"2003-12-26 - Marco Carola @ After Alla Villa, Caserta, Italy","https://www.mixesdb.com/w/2003-12-26_-_Marco_Carola_@_After_Alla_Villa,_Caserta,_Italy",,30,,Frank Biazzi,Synergie [Lupp - 011],Frank Biazzi - Synergie [Lupp - 011]
"2003-12-26 - Marco Carola @ After Alla Villa, Caserta, Italy","https://www.mixesdb.com/w/2003-12-26_-_Marco_Carola_@_After_Alla_Villa,_Caserta,_Italy",,31,,,?,?
"2003-12-26 - Marco Carola @ After Alla Villa, Caserta, Italy","https://www.mixesdb.com/w/2003-12-26_-_Marco_Carola_@_After_Alla_Villa,_Caserta,_Italy",,32,,Marco Carola,The Quest [Question - QUEST 010],Marco Carola - The Quest [Question - QUEST 010]
"2005-02-25 - Marco Carola @ Electron Festival, Usine","https://www.mixesdb.com/w/2005-02-25_-_Marco_Carola_@_Electron_Festival,_Usine",,1,,DJ Koze,Brutalga Square,DJ Koze - Brutalga Square
"2005-02-25 - Marco Carola @ Electron Festival, Usine","https://www.mixesdb.com/w/2005-02-25_-_Marco_Carola_@_Electron_Festival,_Usine",,2,,Andre Kraml Feat. Shad Privat,Safari (Holden Remix),Andre Kraml Feat. Shad Privat - Safari (Holden Remix)
"2005-02-25 - Marco Carola @ Electron Festival, Usine","https://www.mixesdb.com/w/2005-02-25_-_Marco_Carola_@_Electron_Festival,_Usine",,3,,Marc Houle,Sheep,Marc Houle - Sheep
"2005-02-25 - Marco Carola @ Electron Festival, Usine","https://www.mixesdb.com/w/2005-02-25_-_Marco_Carola_@_Electron_Festival,_Usine",,4,,Secret Cinema,See Myself (Joris Voorn Dub),Secret Cinema - See Myself (Joris Voorn Dub)
"2005-02-25 - Marco Carola @ Electron Festival, Usine","https://www.mixesdb.com/w/2005-02-25_-_Marco_Carola_@_Electron_Festival,_Usine",,5,,Marco Carola,Do.Mi.No,Marco Carola - Do.Mi.No
"2005-02-25 - Marco Carola @ Electron Festival, Usine","https://www.mixesdb.com/w/2005-02-25_-_Marco_Carola_@_Electron_Festival,_Usine",,6,,,?,?
"2005-02-25 - Marco Carola @ Electron Festival, Usine","https://www.mixesdb.com/w/2005-02-25_-_Marco_Carola_@_Electron_Festival,_Usine",,7,,,?,?
"2005-02-25 - Marco Carola @ Electron Festival, Usine","https://www.mixesdb.com/w/2005-02-25_-_Marco_Carola_@_Electron_Festival,_Usine",,8,,Davide Squillace,Bike On Rocks,Davide Squillace - Bike On Rocks
"2005-02-25 - Marco Carola @ Electron Festival, Usine","https://www.mixesdb.com/w/2005-02-25_-_Marco_Carola_@_Electron_Festival,_Usine",,9,,Franssen vs Lowdown,Energy For The Soul (Voodooamt Remix),Franssen vs Lowdown - Energy For The Soul (Voodooamt Remix)
"2005-02-25 - Marco Carola @ Electron Festival, Usine","https://www.mixesdb.com/w/2005-02-25_-_Marco_Carola_@_Electron_Festival,_Usine",,10,,Joykit,Girls,Joykit - Girls
"2005-02-25 - Marco Carola @ Electron Festival, Usine","https://www.mixesdb.com/w/2005-02-25_-_Marco_Carola_@_Electron_Festival,_Usine",,11,,Modular Expansion,Cubes (Christian Smith Remix) [Unreleased]?,Modular Expansion - Cubes (Christian Smith Remix) [Unreleased]?
"2005-02-25 - Marco Carola @ Electron Festival, Usine","https://www.mixesdb.com/w/2005-02-25_-_Marco_Carola_@_Electron_Festival,_Usine",,12,,Felipe & Nicolas Bacher,Cyberlove,Felipe & Nicolas Bacher - Cyberlove
"2005-02-25 - Marco Carola @ Electron Festival, Usine","https://www.mixesdb.com/w/2005-02-25_-_Marco_Carola_@_Electron_Festival,_Usine",,13,,Henry Chow,Form Of Funk,Henry Chow - Form Of Funk
"2005-02-25 - Marco Carola @ Electron Festival, Usine","https://www.mixesdb.com/w/2005-02-25_-_Marco_Carola_@_Electron_Festival,_Usine",,14,,Joris Voorn,Shining (Third Nation Mix),Joris Voorn - Shining (Third Nation Mix)
"2005-02-25 - Marco Carola @ Electron Festival, Usine","https://www.mixesdb.com/w/2005-02-25_-_Marco_Carola_@_Electron_Festival,_Usine",,15,,Rino Cerrone,Rilis 8 (B1) (Markantonio Remix),Rino Cerrone - Rilis 8 (B1) (Markantonio Remix)
"2005-02-25 - Marco Carola @ Electron Festival, Usine","https://www.mixesdb.com/w/2005-02-25_-_Marco_Carola_@_Electron_Festival,_Usine",,16,,Hertz,One (Gaetano Parisio Mix),Hertz - One (Gaetano Parisio Mix)
"2005-02-25 - Marco Carola @ Electron Festival, Usine","https://www.mixesdb.com/w/2005-02-25_-_Marco_Carola_@_Electron_Festival,_Usine",,17,,Kobaya,Night Moods,Kobaya - Night Moods
"2005-02-25 - Marco Carola @ Electron Festival, Usine","https://www.mixesdb.com/w/2005-02-25_-_Marco_Carola_@_Electron_Festival,_Usine",,18,,Santiago Niño,Bomb Assembly [Unreleased],Santiago Niño - Bomb Assembly [Unreleased]
"2005-02-25 - Marco Carola @ Electron Festival, Usine","https://www.mixesdb.com/w/2005-02-25_-_Marco_Carola_@_Electron_Festival,_Usine",,19,,Killa Productions,Good Life (Re-Edit),Killa Productions - Good Life (Re-Edit)
"2005-02-25 - Marco Carola @ Electron Festival, Usine","https://www.mixesdb.com/w/2005-02-25_-_Marco_Carola_@_Electron_Festival,_Usine",,20,,,?,?
"2005-02-25 - Marco Carola @ Electron Festival, Usine","https://www.mixesdb.com/w/2005-02-25_-_Marco_Carola_@_Electron_Festival,_Usine",,21,,Britney Spears,Breathe On Me (James Holden Dub),Britney Spears - Breathe On Me (James Holden Dub)
"2005-02-25 - Marco Carola @ Electron Festival, Usine","https://www.mixesdb.com/w/2005-02-25_-_Marco_Carola_@_Electron_Festival,_Usine",,22,,Frank Martiniq,B-Boost (Robag Wruhme Remix),Frank Martiniq - B-Boost (Robag Wruhme Remix)
"2005-02-25 - Marco Carola @ Electron Festival, Usine","https://www.mixesdb.com/w/2005-02-25_-_Marco_Carola_@_Electron_Festival,_Usine",,23,,Alexi Delano,Atari Rebel,Alexi Delano - Atari Rebel
"2005-02-25 - Marco Carola @ Electron Festival, Usine","https://www.mixesdb.com/w/2005-02-25_-_Marco_Carola_@_Electron_Festival,_Usine",,24,,DJ Koze,Room 303,DJ Koze - Room 303
"2005-02-25 - Marco Carola @ Electron Festival, Usine","https://www.mixesdb.com/w/2005-02-25_-_Marco_Carola_@_Electron_Festival,_Usine",,25,,Marco Carola,Light Minded,Marco Carola - Light Minded
"2005-02-25 - Marco Carola @ Electron Festival, Usine","https://www.mixesdb.com/w/2005-02-25_-_Marco_Carola_@_Electron_Festival,_Usine",,26,,Donnacha Costello,Olive (A1),Donnacha Costello - Olive (A1)
"2005-02-25 - Marco Carola @ Electron Festival, Usine","https://www.mixesdb.com/w/2005-02-25_-_Marco_Carola_@_Electron_Festival,_Usine",,27,,Marco Carola,Night And Day,Marco Carola - Night And Day
"2005-02-25 - Marco Carola @ Electron Festival, Usine","https://www.mixesdb.com/w/2005-02-25_-_Marco_Carola_@_Electron_Festival,_Usine",,28,,Guido Schneider Meets Jens Bond,Oh My Buffer,Guido Schneider Meets Jens Bond - Oh My Buffer
"2005-02-25 - Marco Carola @ Electron Festival, Usine","https://www.mixesdb.com/w/2005-02-25_-_Marco_Carola_@_Electron_Festival,_Usine",,29,,Alter Ego,Daktari (Robag Wruhme's Handkäs Mit Musikk Remix),Alter Ego - Daktari (Robag Wruhme's Handkäs Mit Musikk Remix)
"2005-02-25 - Marco Carola @ Electron Festival, Usine","https://www.mixesdb.com/w/2005-02-25_-_Marco_Carola_@_Electron_Festival,_Usine",,30,,Marco Carola,Into The Groove,Marco Carola - Into The Groove
"2005-02-25 - Marco Carola @ Electron Festival, Usine","https://www.mixesdb.com/w/2005-02-25_-_Marco_Carola_@_Electron_Festival,_Usine",,31,,Richie Hawtin,Krakpot,Richie Hawtin - Krakpot
"2005-02-25 - Marco Carola @ Electron Festival, Usine","https://www.mixesdb.com/w/2005-02-25_-_Marco_Carola_@_Electron_Festival,_Usine",,32,,Laurent Garnier,Flashback Part 2,Laurent Garnier - Flashback Part 2
"2005-02-25 - Marco Carola @ Electron Festival, Usine","https://www.mixesdb.com/w/2005-02-25_-_Marco_Carola_@_Electron_Festival,_Usine",,33,,Sterac,Completed,Sterac - Completed
"2005-02-25 - Marco Carola @ Electron Festival, Usine","https://www.mixesdb.com/w/2005-02-25_-_Marco_Carola_@_Electron_Festival,_Usine",,34,,Jerome & Jamie Anderson,Rotated,Jerome & Jamie Anderson - Rotated
"2005-02-25 - Marco Carola @ Electron Festival, Usine","https://www.mixesdb.com/w/2005-02-25_-_Marco_Carola_@_Electron_Festival,_Usine",,35,,Markantonio,My Melodie,Markantonio - My Melodie
"2005-02-25 - Marco Carola @ Electron Festival, Usine","https://www.mixesdb.com/w/2005-02-25_-_Marco_Carola_@_Electron_Festival,_Usine",,36,,Paco Osuna & Anderson Noise,Noiser,Paco Osuna & Anderson Noise - Noiser
"2005-02-25 - Marco Carola @ Electron Festival, Usine","https://www.mixesdb.com/w/2005-02-25_-_Marco_Carola_@_Electron_Festival,_Usine",,37,,Felipe & Nicolas Bacher,Exit One,Felipe & Nicolas Bacher - Exit One
"2005-02-25 - Marco Carola @ Electron Festival, Usine","https://www.mixesdb.com/w/2005-02-25_-_Marco_Carola_@_Electron_Festival,_Usine",,38,,Samuel Sanders,Sensual Groove,Samuel Sanders - Sensual Groove
"2005-02-25 - Marco Carola @ Electron Festival, Usine","https://www.mixesdb.com/w/2005-02-25_-_Marco_Carola_@_Electron_Festival,_Usine",,39,,,?,?
"2005-02-25 - Marco Carola @ Electron Festival, Usine","https://www.mixesdb.com/w/2005-02-25_-_Marco_Carola_@_Electron_Festival,_Usine",,40,,Cirez D,Hoodpecker,Cirez D - Hoodpecker
"2005-02-25 - Marco Carola @ Electron Festival, Usine","https://www.mixesdb.com/w/2005-02-25_-_Marco_Carola_@_Electron_Festival,_Usine",,41,,,?,?
"2005-02-25 - Marco Carola @ Electron Festival, Usine","https://www.mixesdb.com/w/2005-02-25_-_Marco_Carola_@_Electron_Festival,_Usine",,42,,Alexander Kowalski,Days Of The Liar (Joris Voorn Tribalicious Mix),Alexander Kowalski - Days Of The Liar (Joris Voorn Tribalicious Mix)
"2005-02-25 - Marco Carola @ Electron Festival, Usine","https://www.mixesdb.com/w/2005-02-25_-_Marco_Carola_@_Electron_Festival,_Usine",,43,,Deetron,I Believe,Deetron - I Believe
"2005-02-25 - Marco Carola @ Electron Festival, Usine","https://www.mixesdb.com/w/2005-02-25_-_Marco_Carola_@_Electron_Festival,_Usine",,44,,,?,?
"2005-02-25 - Marco Carola @ Electron Festival, Usine","https://www.mixesdb.com/w/2005-02-25_-_Marco_Carola_@_Electron_Festival,_Usine",,45,,Marko Nastic,Upskirt,Marko Nastic - Upskirt
"2005-02-25 - Marco Carola @ Electron Festival, Usine","https://www.mixesdb.com/w/2005-02-25_-_Marco_Carola_@_Electron_Festival,_Usine",,46,,Autotune,Keep It Wrong,Autotune - Keep It Wrong
"2005-02-25 - Marco Carola @ Electron Festival, Usine","https://www.mixesdb.com/w/2005-02-25_-_Marco_Carola_@_Electron_Festival,_Usine",,47,,TDR,Plique,TDR - Plique
"2005-02-25 - Marco Carola @ Electron Festival, Usine","https://www.mixesdb.com/w/2005-02-25_-_Marco_Carola_@_Electron_Festival,_Usine",,48,,Jesper Dahlbäck,Russian Folk,Jesper Dahlbäck - Russian Folk
"2005-02-25 - Marco Carola @ Electron Festival, Usine","https://www.mixesdb.com/w/2005-02-25_-_Marco_Carola_@_Electron_Festival,_Usine",,49,,Alex Under,Jerome Y Alex,Alex Under - Jerome Y Alex
"2005-02-25 - Marco Carola @ Electron Festival, Usine","https://www.mixesdb.com/w/2005-02-25_-_Marco_Carola_@_Electron_Festival,_Usine",,50,,Literon,White Falls,Literon - White Falls
2011-02-05 - Marco Carola - Essential Mix,https://www.mixesdb.com/w/2011-02-05_-_Marco_Carola_-_Essential_Mix,,1,,Tone Deep,Stereo (Beatsapella) [Bad Pony],Tone Deep - Stereo (Beatsapella) [Bad Pony]
2011-02-05 - Marco Carola - Essential Mix,https://www.mixesdb.com/w/2011-02-05_-_Marco_Carola_-_Essential_Mix,,2,,Gabriel Ananda,Open Up [Treibstoff],Gabriel Ananda - Open Up [Treibstoff]
2011-02-05 - Marco Carola - Essential Mix,https://www.mixesdb.com/w/2011-02-05_-_Marco_Carola_-_Essential_Mix,,3,,Sean Random,Get The Drive [Local],Sean Random - Get The Drive [Local]
2011-02-05 - Marco Carola - Essential Mix,https://www.mixesdb.com/w/2011-02-05_-_Marco_Carola_-_Essential_Mix,,4,,Smoke Ring,On Love Way [Recycle],Smoke Ring - On Love Way [Recycle]
2011-02-05 - Marco Carola - Essential Mix,https://www.mixesdb.com/w/2011-02-05_-_Marco_Carola_-_Essential_Mix,,5,,Dirtybeats,Ah Uha [Smiley Fingers],Dirtybeats - Ah Uha [Smiley Fingers]
2011-02-05 - Marco Carola - Essential Mix,https://www.mixesdb.com/w/2011-02-05_-_Marco_Carola_-_Essential_Mix,,6,,Pepper,Sir [The Flame],Pepper - Sir [The Flame]
2011-02-05 - Marco Carola - Essential Mix,https://www.mixesdb.com/w/2011-02-05_-_Marco_Carola_-_Essential_Mix,,7,,Nicco,Disco Bitch (Aldo Cadiz Remix Edit) [Recline],Nicco - Disco Bitch (Aldo Cadiz Remix Edit) [Recline]
2011-02-05 - Marco Carola - Essential Mix,https://www.mixesdb.com/w/2011-02-05_-_Marco_Carola_-_Essential_Mix,,8,,Fog And Arara,Paraiso (Jacuzzi Boys Remix),Fog And Arara - Paraiso (Jacuzzi Boys Remix)
2011-02-05 - Marco Carola - Essential Mix,https://www.mixesdb.com/w/2011-02-05_-_Marco_Carola_-_Essential_Mix,,9,,Ernesto Ferreyra,The Mystery Is Gone [Cadenza],Ernesto Ferreyra - The Mystery Is Gone [Cadenza]
2011-02-05 - Marco Carola - Essential Mix,https://www.mixesdb.com/w/2011-02-05_-_Marco_Carola_-_Essential_Mix,,10,,Franck Valat,H.U.R.T.S (Saccobros Day Remix) [Rationalism],Franck Valat - H.U.R.T.S (Saccobros Day Remix) [Rationalism]
2011-02-05 - Marco Carola - Essential Mix,https://www.mixesdb.com/w/2011-02-05_-_Marco_Carola_-_Essential_Mix,,11,,Marco Carola,Black Box [Minus],Marco Carola - Black Box [Minus]
2011-02-05 - Marco Carola - Essential Mix,https://www.mixesdb.com/w/2011-02-05_-_Marco_Carola_-_Essential_Mix,,12,,Aaron Und Pascal,Back From More [Recycle],Aaron Und Pascal - Back From More [Recycle]
2011-02-05 - Marco Carola - Essential Mix,https://www.mixesdb.com/w/2011-02-05_-_Marco_Carola_-_Essential_Mix,,13,,Dubsons,Sequence (Don't Know) [Escapism Musique],Dubsons - Sequence (Don't Know) [Escapism Musique]
2011-02-05 - Marco Carola - Essential Mix,https://www.mixesdb.com/w/2011-02-05_-_Marco_Carola_-_Essential_Mix,,14,,Matteo Spedicati,Homeless [Sleep Is Commercial],Matteo Spedicati - Homeless [Sleep Is Commercial]
2011-02-05 - Marco Carola - Essential Mix,https://www.mixesdb.com/w/2011-02-05_-_Marco_Carola_-_Essential_Mix,,15,,Clarissa Hazel Duo,Face (Edit) [Sleep Is Commercial],Clarissa Hazel Duo - Face (Edit) [Sleep Is Commercial]
2011-02-05 - Marco Carola - Essential Mix,https://www.mixesdb.com/w/2011-02-05_-_Marco_Carola_-_Essential_Mix,,16,,Marco Carola,Groove Catcher [Minus],Marco Carola - Groove Catcher [Minus]
2011-02-05 - Marco Carola - Essential Mix,https://www.mixesdb.com/w/2011-02-05_-_Marco_Carola_-_Essential_Mix,,17,,Fausto Messina,Jesa [Lust Und Freu.de Musik],Fausto Messina - Jesa [Lust Und Freu.de Musik]
2011-02-05 - Marco Carola - Essential Mix,https://www.mixesdb.com/w/2011-02-05_-_Marco_Carola_-_Essential_Mix,,18,,Jerry Aseret,Our Move (Edit) [Nervine],Jerry Aseret - Our Move (Edit) [Nervine]
2011-02-05 - Marco Carola - Essential Mix,https://www.mixesdb.com/w/2011-02-05_-_Marco_Carola_-_Essential_Mix,,19,,Franco Cazzola,Love (Ahmet Sisman Remix) [Carnival],Franco Cazzola - Love (Ahmet Sisman Remix) [Carnival]
2011-02-05 - Marco Carola - Essential Mix,https://www.mixesdb.com/w/2011-02-05_-_Marco_Carola_-_Essential_Mix,,20,,Hans Bouffmyhre,Big Foot (Edit),Hans Bouffmyhre - Big Foot (Edit)
2011-02-05 - Marco Carola - Essential Mix,https://www.mixesdb.com/w/2011-02-05_-_Marco_Carola_-_Essential_Mix,,21,,Kaiserdisco,Simplistix (Album Mix) [MBF],Kaiserdisco - Simplistix (Album Mix) [MBF]
2011-02-05 - Marco Carola - Essential Mix,https://www.mixesdb.com/w/2011-02-05_-_Marco_Carola_-_Essential_Mix,,22,,Francesco Assenza,We Come In Peace [Amam],Francesco Assenza - We Come In Peace [Amam]
2011-02-05 - Marco Carola - Essential Mix,https://www.mixesdb.com/w/2011-02-05_-_Marco_Carola_-_Essential_Mix,,23,,The Soulshapes,Deep Rohes [Real Tone],The Soulshapes - Deep Rohes [Real Tone]
2011-02-05 - Marco Carola - Essential Mix,https://www.mixesdb.com/w/2011-02-05_-_Marco_Carola_-_Essential_Mix,,24,,Marco Carola,Play It Loud! [Minus],Marco Carola - Play It Loud! [Minus]
2004-09-19 - Marco Carola @ Asta Vier (Fresh FM),https://www.mixesdb.com/w/2004-09-19_-_Marco_Carola_@_Asta_Vier_(Fresh_FM),,1,,Misc.,Flow Control (Basteroid Remix),Misc. - Flow Control (Basteroid Remix)
2004-09-19 - Marco Carola @ Asta Vier (Fresh FM),https://www.mixesdb.com/w/2004-09-19_-_Marco_Carola_@_Asta_Vier_(Fresh_FM),,2,,Cirez D,Hoodpecker,Cirez D - Hoodpecker
2004-09-19 - Marco Carola @ Asta Vier (Fresh FM),https://www.mixesdb.com/w/2004-09-19_-_Marco_Carola_@_Asta_Vier_(Fresh_FM),,3,,The Offbeats,Descendant Pt. 1,The Offbeats - Descendant Pt. 1
2004-09-19 - Marco Carola @ Asta Vier (Fresh FM),https://www.mixesdb.com/w/2004-09-19_-_Marco_Carola_@_Asta_Vier_(Fresh_FM),,4,,Alexander Kowalski,Days Of The Liar (Joris Voorn Tribalicious Remix),Alexander Kowalski - Days Of The Liar (Joris Voorn Tribalicious Remix)
2004-09-19 - Marco Carola @ Asta Vier (Fresh FM),https://www.mixesdb.com/w/2004-09-19_-_Marco_Carola_@_Asta_Vier_(Fresh_FM),,5,,Modular Expansion,Cubes (Christian Smith Remix) [Unreleased]?,Modular Expansion - Cubes (Christian Smith Remix) [Unreleased]?
2004-09-19 - Marco Carola @ Asta Vier (Fresh FM),https://www.mixesdb.com/w/2004-09-19_-_Marco_Carola_@_Asta_Vier_(Fresh_FM),,6,,,?,?
2004-09-19 - Marco Carola @ Asta Vier (Fresh FM),https://www.mixesdb.com/w/2004-09-19_-_Marco_Carola_@_Asta_Vier_(Fresh_FM),,7,,Jerome & Jamie Anderson,Rotated,Jerome & Jamie Anderson - Rotated
2004-09-19 - Marco Carola @ Asta Vier (Fresh FM),https://www.mixesdb.com/w/2004-09-19_-_Marco_Carola_@_Asta_Vier_(Fresh_FM),,8,,Dahlbäck vs Dahlbäck,Forsberg Loves The Acid,Dahlbäck vs Dahlbäck - Forsberg Loves The Acid
2004-09-19 - Marco Carola @ Asta Vier (Fresh FM),https://www.mixesdb.com/w/2004-09-19_-_Marco_Carola_@_Asta_Vier_(Fresh_FM),,9,,Marco Carola,Bogoplain,Marco Carola - Bogoplain
2004-09-19 - Marco Carola @ Asta Vier (Fresh FM),https://www.mixesdb.com/w/2004-09-19_-_Marco_Carola_@_Asta_Vier_(Fresh_FM),,10,,,?,?
2004-09-19 - Marco Carola @ Asta Vier (Fresh FM),https://www.mixesdb.com/w/2004-09-19_-_Marco_Carola_@_Asta_Vier_(Fresh_FM),,11,,2 Dollar Egg,Naxos 2,2 Dollar Egg - Naxos 2
2004-09-19 - Marco Carola @ Asta Vier (Fresh FM),https://www.mixesdb.com/w/2004-09-19_-_Marco_Carola_@_Asta_Vier_(Fresh_FM),,12,,N/A,Flame It! (Freestyle Man Edit) [MOOD Lim 004],N/A - Flame It! (Freestyle Man Edit) [MOOD Lim 004]
2004-09-19 - Marco Carola @ Asta Vier (Fresh FM),https://www.mixesdb.com/w/2004-09-19_-_Marco_Carola_@_Asta_Vier_(Fresh_FM),,13,,Osborne,In Gear,Osborne - In Gear
2004-09-19 - Marco Carola @ Asta Vier (Fresh FM),https://www.mixesdb.com/w/2004-09-19_-_Marco_Carola_@_Asta_Vier_(Fresh_FM),,14,,Hugg & Pepp,Kanelbulle,Hugg & Pepp - Kanelbulle
2004-09-19 - Marco Carola @ Asta Vier (Fresh FM),https://www.mixesdb.com/w/2004-09-19_-_Marco_Carola_@_Asta_Vier_(Fresh_FM),,15,,Sub-S-Tanz,So Unreal,Sub-S-Tanz - So Unreal
2004-09-19 - Marco Carola @ Asta Vier (Fresh FM),https://www.mixesdb.com/w/2004-09-19_-_Marco_Carola_@_Asta_Vier_(Fresh_FM),,16,,,?,?
2004-09-19 - Marco Carola @ Asta Vier (Fresh FM),https://www.mixesdb.com/w/2004-09-19_-_Marco_Carola_@_Asta_Vier_(Fresh_FM),,17,,,?,?
2004-09-19 - Marco Carola @ Asta Vier (Fresh FM),https://www.mixesdb.com/w/2004-09-19_-_Marco_Carola_@_Asta_Vier_(Fresh_FM),,18,,Abe Duque,Cocaine Nights,Abe Duque - Cocaine Nights
2004-09-19 - Marco Carola @ Asta Vier (Fresh FM),https://www.mixesdb.com/w/2004-09-19_-_Marco_Carola_@_Asta_Vier_(Fresh_FM),,19,,Marko Nastic,Upskirt,Marko Nastic - Upskirt
2004-09-19 - Marco Carola @ Asta Vier (Fresh FM),https://www.mixesdb.com/w/2004-09-19_-_Marco_Carola_@_Asta_Vier_(Fresh_FM),,20,,Lucca,Mirage (Umek Remix),Lucca - Mirage (Umek Remix)
2004-09-19 - Marco Carola @ Asta Vier (Fresh FM),https://www.mixesdb.com/w/2004-09-19_-_Marco_Carola_@_Asta_Vier_(Fresh_FM),,21,,Bryan Zentz,May Your Blade Chip & Shatter,Bryan Zentz - May Your Blade Chip & Shatter
2004-09-19 - Marco Carola @ Asta Vier (Fresh FM),https://www.mixesdb.com/w/2004-09-19_-_Marco_Carola_@_Asta_Vier_(Fresh_FM),,22,,Deetron,I Believe,Deetron - I Believe
2004-09-19 - Marco Carola @ Asta Vier (Fresh FM),https://www.mixesdb.com/w/2004-09-19_-_Marco_Carola_@_Asta_Vier_(Fresh_FM),,23,,Michel De Hey,Camera,Michel De Hey - Camera
2004-09-19 - Marco Carola @ Asta Vier (Fresh FM),https://www.mixesdb.com/w/2004-09-19_-_Marco_Carola_@_Asta_Vier_(Fresh_FM),,24,,Davide Squillace,Bike On Rocks,Davide Squillace - Bike On Rocks
2004-09-19 - Marco Carola @ Asta Vier (Fresh FM),https://www.mixesdb.com/w/2004-09-19_-_Marco_Carola_@_Asta_Vier_(Fresh_FM),,25,,Pair Of Jacks,Knob Job,Pair Of Jacks - Knob Job
2004-09-19 - Marco Carola @ Asta Vier (Fresh FM),https://www.mixesdb.com/w/2004-09-19_-_Marco_Carola_@_Asta_Vier_(Fresh_FM),,26,,Autotune,Keep It Wrong,Autotune - Keep It Wrong
2004-09-19 - Marco Carola @ Asta Vier (Fresh FM),https://www.mixesdb.com/w/2004-09-19_-_Marco_Carola_@_Asta_Vier_(Fresh_FM),,27,,C.H.E.,Muslim Cola,C.H.E. - Muslim Cola
2004-09-19 - Marco Carola @ Asta Vier (Fresh FM),https://www.mixesdb.com/w/2004-09-19_-_Marco_Carola_@_Asta_Vier_(Fresh_FM),,28,,TDR,Plique,TDR - Plique
2004-09-19 - Marco Carola @ Asta Vier (Fresh FM),https://www.mixesdb.com/w/2004-09-19_-_Marco_Carola_@_Asta_Vier_(Fresh_FM),,29,,Dimi Angelis And Jeroen,Sleepless,Dimi Angelis And Jeroen - Sleepless
2004-09-19 - Marco Carola @ Asta Vier (Fresh FM),https://www.mixesdb.com/w/2004-09-19_-_Marco_Carola_@_Asta_Vier_(Fresh_FM),,30,,Panash,Jack 2 Jack (Jesper Dahlbäck Remix),Panash - Jack 2 Jack (Jesper Dahlbäck Remix)
2004-09-19 - Marco Carola @ Asta Vier (Fresh FM),https://www.mixesdb.com/w/2004-09-19_-_Marco_Carola_@_Asta_Vier_(Fresh_FM),,31,,SWS,Desire (Chris Wood Re-Edit),SWS - Desire (Chris Wood Re-Edit)
2004-09-19 - Marco Carola @ Asta Vier (Fresh FM),https://www.mixesdb.com/w/2004-09-19_-_Marco_Carola_@_Asta_Vier_(Fresh_FM),,32,,Robag Wruhme,Fittichklopfer,Robag Wruhme - Fittichklopfer
2004-09-19 - Marco Carola @ Asta Vier (Fresh FM),https://www.mixesdb.com/w/2004-09-19_-_Marco_Carola_@_Asta_Vier_(Fresh_FM),,33,,Tekel,Sac D Os,Tekel - Sac D Os
2004-09-19 - Marco Carola @ Asta Vier (Fresh FM),https://www.mixesdb.com/w/2004-09-19_-_Marco_Carola_@_Asta_Vier_(Fresh_FM),,34,,Samim And Michal,Ride My Cadillac,Samim And Michal - Ride My Cadillac
2004-09-19 - Marco Carola @ Asta Vier (Fresh FM),https://www.mixesdb.com/w/2004-09-19_-_Marco_Carola_@_Asta_Vier_(Fresh_FM),,35,,Syncom Data,Den Haag,Syncom Data - Den Haag
2004-09-19 - Marco Carola @ Asta Vier (Fresh FM),https://www.mixesdb.com/w/2004-09-19_-_Marco_Carola_@_Asta_Vier_(Fresh_FM),,36,,False,You Wouldn't,False - You Wouldn't
2004-09-19 - Marco Carola @ Asta Vier (Fresh FM),https://www.mixesdb.com/w/2004-09-19_-_Marco_Carola_@_Asta_Vier_(Fresh_FM),,37,,The Horrorist,One Night In NYC (Ricardo Villalobos Remix),The Horrorist - One Night In NYC (Ricardo Villalobos Remix)
2004-09-19 - Marco Carola @ Asta Vier (Fresh FM),https://www.mixesdb.com/w/2004-09-19_-_Marco_Carola_@_Asta_Vier_(Fresh_FM),,38,,Gabriel Ananda,Süssholz,Gabriel Ananda - Süssholz
2004-09-19 - Marco Carola @ Asta Vier (Fresh FM),https://www.mixesdb.com/w/2004-09-19_-_Marco_Carola_@_Asta_Vier_(Fresh_FM),,39,,Marco Carola,Sun City,Marco Carola - Sun City
2004-09-19 - Marco Carola @ Asta Vier (Fresh FM),https://www.mixesdb.com/w/2004-09-19_-_Marco_Carola_@_Asta_Vier_(Fresh_FM),,40,,Marco Carola,Irresistible Vice,Marco Carola - Irresistible Vice
2004-09-19 - Marco Carola @ Asta Vier (Fresh FM),https://www.mixesdb.com/w/2004-09-19_-_Marco_Carola_@_Asta_Vier_(Fresh_FM),,41,,Josh Wink,Late Night Acid,Josh Wink - Late Night Acid
2004-09-19 - Marco Carola @ Asta Vier (Fresh FM),https://www.mixesdb.com/w/2004-09-19_-_Marco_Carola_@_Asta_Vier_(Fresh_FM),,42,,Chris Anderson,Funk-O-Meter,Chris Anderson - Funk-O-Meter
2004-09-19 - Marco Carola @ Asta Vier (Fresh FM),https://www.mixesdb.com/w/2004-09-19_-_Marco_Carola_@_Asta_Vier_(Fresh_FM),,43,,Hatiras,Chaos Bringer,Hatiras - Chaos Bringer
2004-09-19 - Marco Carola @ Asta Vier (Fresh FM),https://www.mixesdb.com/w/2004-09-19_-_Marco_Carola_@_Asta_Vier_(Fresh_FM),,44,,Gavin Froome,Fly Me To Brasil,Gavin Froome - Fly Me To Brasil
2004-09-19 - Marco Carola @ Asta Vier (Fresh FM),https://www.mixesdb.com/w/2004-09-19_-_Marco_Carola_@_Asta_Vier_(Fresh_FM),,45,,Chiapet,Westworld (Skylark Remix),Chiapet - Westworld (Skylark Remix)
2004-09-19 - Marco Carola @ Asta Vier (Fresh FM),https://www.mixesdb.com/w/2004-09-19_-_Marco_Carola_@_Asta_Vier_(Fresh_FM),,46,,Adam Beyer & Jesper Dahlbäck,Number In Between,Adam Beyer & Jesper Dahlbäck - Number In Between
"2010-10-02 - Marco Carola @ El Cierre Closing Party, Amnesia, Ibiza","https://www.mixesdb.com/w/2010-10-02_-_Marco_Carola_@_El_Cierre_Closing_Party,_Amnesia,_Ibiza",,1,00,Gunne Feat. Escalope,Deep (Morgenklang & Herzing Remix) [Lebensfreude - LFDL 08],Gunne Feat. Escalope - Deep (Morgenklang & Herzing Remix) [Lebensfreude - LFDL 08]
"2010-10-02 - Marco Carola @ El Cierre Closing Party, Amnesia, Ibiza","https://www.mixesdb.com/w/2010-10-02_-_Marco_Carola_@_El_Cierre_Closing_Party,_Amnesia,_Ibiza",,2,08,Gunne Feat. Delhia De France,The Awakening (Sweet N Candy Remix) [Lebensfreude - LFV 30],Gunne Feat. Delhia De France - The Awakening (Sweet N Candy Remix) [Lebensfreude - LFV 30]
"2010-10-02 - Marco Carola @ El Cierre Closing Party, Amnesia, Ibiza","https://www.mixesdb.com/w/2010-10-02_-_Marco_Carola_@_El_Cierre_Closing_Party,_Amnesia,_Ibiza",,3,11,Douglas Greed Feat. Kemo,Deadline (Less Remix) [Lebensfreude - LFV 25],Douglas Greed Feat. Kemo - Deadline (Less Remix) [Lebensfreude - LFV 25]
"2010-10-02 - Marco Carola @ El Cierre Closing Party, Amnesia, Ibiza","https://www.mixesdb.com/w/2010-10-02_-_Marco_Carola_@_El_Cierre_Closing_Party,_Amnesia,_Ibiza",,4,14,Reecoba,Terminal (Ruede Hagelstein Remix) [Lebensfreude - LFV 24],Reecoba - Terminal (Ruede Hagelstein Remix) [Lebensfreude - LFV 24]
"2010-10-02 - Marco Carola @ El Cierre Closing Party, Amnesia, Ibiza","https://www.mixesdb.com/w/2010-10-02_-_Marco_Carola_@_El_Cierre_Closing_Party,_Amnesia,_Ibiza",,5,16,Jakob Seidensticker & Lexgold,Nachbrenner (Trick & Kubic Remix) [Lebensfreude - LFV 22],Jakob Seidensticker & Lexgold - Nachbrenner (Trick & Kubic Remix) [Lebensfreude - LFV 22]
"2010-10-02 - Marco Carola @ El Cierre Closing Party, Amnesia, Ibiza","https://www.mixesdb.com/w/2010-10-02_-_Marco_Carola_@_El_Cierre_Closing_Party,_Amnesia,_Ibiza",,6,19,Monoblok & Pussyselektor,Make/Shift (Paul Loraine's A Load Of Switch Retake) [Lebensfreude - LFDL 15],Monoblok & Pussyselektor - Make/Shift (Paul Loraine's A Load Of Switch Retake) [Lebensfreude - LFDL 15]
"2010-10-02 - Marco Carola @ El Cierre Closing Party, Amnesia, Ibiza","https://www.mixesdb.com/w/2010-10-02_-_Marco_Carola_@_El_Cierre_Closing_Party,_Amnesia,_Ibiza",,7,22,Lars Wickinger,Aladin (Patrick Zigon Remix) [Lebensfreude - LFV 25],Lars Wickinger - Aladin (Patrick Zigon Remix) [Lebensfreude - LFV 25]
"2010-10-02 - Marco Carola @ El Cierre Closing Party, Amnesia, Ibiza","https://www.mixesdb.com/w/2010-10-02_-_Marco_Carola_@_El_Cierre_Closing_Party,_Amnesia,_Ibiza",,8,25,Steve Bug,A Shot In The Dark [Poker Flat - PFRCD 26DIG],Steve Bug - A Shot In The Dark [Poker Flat - PFRCD 26DIG]
"2010-10-02 - Marco Carola @ El Cierre Closing Party, Amnesia, Ibiza","https://www.mixesdb.com/w/2010-10-02_-_Marco_Carola_@_El_Cierre_Closing_Party,_Amnesia,_Ibiza",,9,29,Dajulz,Get Down [Poker Flat - PFRCD 26DIG],Dajulz - Get Down [Poker Flat - PFRCD 26DIG]
"2010-10-02 - Marco Carola @ El Cierre Closing Party, Amnesia, Ibiza","https://www.mixesdb.com/w/2010-10-02_-_Marco_Carola_@_El_Cierre_Closing_Party,_Amnesia,_Ibiza",,10,32,Patrick Chardronnet,Birds On Strings [Poker Flat - PFRCD 26DIG],Patrick Chardronnet - Birds On Strings [Poker Flat - PFRCD 26DIG]
"2010-10-02 - Marco Carola @ El Cierre Closing Party, Amnesia, Ibiza","https://www.mixesdb.com/w/2010-10-02_-_Marco_Carola_@_El_Cierre_Closing_Party,_Amnesia,_Ibiza",,11,37,,?,?
"2010-10-02 - Marco Carola @ El Cierre Closing Party, Amnesia, Ibiza","https://www.mixesdb.com/w/2010-10-02_-_Marco_Carola_@_El_Cierre_Closing_Party,_Amnesia,_Ibiza",,12,41,Sycophant Slags,Keep Off (Wighnomy Brother's Detroittobrieflyshort-Ulle) [Poker Flat - PFRCD 26DIG],Sycophant Slags - Keep Off (Wighnomy Brother's Detroittobrieflyshort-Ulle) [Poker Flat - PFRCD 26DIG]
"2010-10-02 - Marco Carola @ El Cierre Closing Party, Amnesia, Ibiza","https://www.mixesdb.com/w/2010-10-02_-_Marco_Carola_@_El_Cierre_Closing_Party,_Amnesia,_Ibiza",,13,45,Adultnapper,Gold & Forgetting [Poker Flat - PFRCD 26DIG],Adultnapper - Gold & Forgetting [Poker Flat - PFRCD 26DIG]
"2010-10-02 - Marco Carola @ El Cierre Closing Party, Amnesia, Ibiza","https://www.mixesdb.com/w/2010-10-02_-_Marco_Carola_@_El_Cierre_Closing_Party,_Amnesia,_Ibiza",,14,47,Sven Tasnadi,Tell Me Again (Steve Bug's I Told Ya Remix) [Poker Flat - PFRCD 26DIG],Sven Tasnadi - Tell Me Again (Steve Bug's I Told Ya Remix) [Poker Flat - PFRCD 26DIG]
"2008-12-31 - Richie Hawtin & Marco Carola @ Amore Festival, Rome","https://www.mixesdb.com/w/2008-12-31_-_Richie_Hawtin_&_Marco_Carola_@_Amore_Festival,_Rome",,1,00,,?,?
"2008-12-31 - Richie Hawtin & Marco Carola @ Amore Festival, Rome","https://www.mixesdb.com/w/2008-12-31_-_Richie_Hawtin_&_Marco_Carola_@_Amore_Festival,_Rome",,2,03,Tadeo,Miusik Lup! [Cyclical Tracks - CT 002],Tadeo - Miusik Lup! [Cyclical Tracks - CT 002]
"2008-12-31 - Richie Hawtin & Marco Carola @ Amore Festival, Rome","https://www.mixesdb.com/w/2008-12-31_-_Richie_Hawtin_&_Marco_Carola_@_Amore_Festival,_Rome",,3,09,,?,?
"2008-12-31 - Richie Hawtin & Marco Carola @ Amore Festival, Rome","https://www.mixesdb.com/w/2008-12-31_-_Richie_Hawtin_&_Marco_Carola_@_Amore_Festival,_Rome",,4,12,Tadeo,Granate Granate [CMYK Musik - CMYK 003],Tadeo - Granate Granate [CMYK Musik - CMYK 003]
"2008-12-31 - Richie Hawtin & Marco Carola @ Amore Festival, Rome","https://www.mixesdb.com/w/2008-12-31_-_Richie_Hawtin_&_Marco_Carola_@_Amore_Festival,_Rome",,5,17,,?,?
"2008-12-31 - Richie Hawtin & Marco Carola @ Amore Festival, Rome","https://www.mixesdb.com/w/2008-12-31_-_Richie_Hawtin_&_Marco_Carola_@_Amore_Festival,_Rome",,6,21,Damian Schwartz,Las Abuelas [Mupa - 002],Damian Schwartz - Las Abuelas [Mupa - 002]
"2008-12-31 - Richie Hawtin & Marco Carola @ Amore Festival, Rome","https://www.mixesdb.com/w/2008-12-31_-_Richie_Hawtin_&_Marco_Carola_@_Amore_Festival,_Rome",,7,25,,?,?
"2008-12-31 - Richie Hawtin & Marco Carola @ Amore Festival, Rome","https://www.mixesdb.com/w/2008-12-31_-_Richie_Hawtin_&_Marco_Carola_@_Amore_Festival,_Rome",,8,28,Damian Schwartz,Tú Y Yo [Mupa - 002],Damian Schwartz - Tú Y Yo [Mupa - 002]
"2008-12-31 - Richie Hawtin & Marco Carola @ Amore Festival, Rome","https://www.mixesdb.com/w/2008-12-31_-_Richie_Hawtin_&_Marco_Carola_@_Amore_Festival,_Rome",,9,33,Alexi Delano & Xpansul,Cosmic Antipathy [Plus 8 - 092],Alexi Delano & Xpansul - Cosmic Antipathy [Plus 8 - 092]
"2008-12-31 - Richie Hawtin & Marco Carola @ Amore Festival, Rome","https://www.mixesdb.com/w/2008-12-31_-_Richie_Hawtin_&_Marco_Carola_@_Amore_Festival,_Rome",,10,37,,?,?
"2008-12-31 - Richie Hawtin & Marco Carola @ Amore Festival, Rome","https://www.mixesdb.com/w/2008-12-31_-_Richie_Hawtin_&_Marco_Carola_@_Amore_Festival,_Rome",,11,39,Guido Schneider,Move Me (Guido Schneider's Dark Side Of The Moon Mix) [Poker Flat],Guido Schneider - Move Me (Guido Schneider's Dark Side Of The Moon Mix) [Poker Flat]
"2008-12-31 - Richie Hawtin & Marco Carola @ Amore Festival, Rome","https://www.mixesdb.com/w/2008-12-31_-_Richie_Hawtin_&_Marco_Carola_@_Amore_Festival,_Rome",,12,44,Alexi Delano & Xpansul,Vegetotherapy [Plus 8 - 092],Alexi Delano & Xpansul - Vegetotherapy [Plus 8 - 092]
"2008-12-31 - Richie Hawtin & Marco Carola @ Amore Festival, Rome","https://www.mixesdb.com/w/2008-12-31_-_Richie_Hawtin_&_Marco_Carola_@_Amore_Festival,_Rome",,13,48,,?,?
"2008-12-31 - Richie Hawtin & Marco Carola @ Amore Festival, Rome","https://www.mixesdb.com/w/2008-12-31_-_Richie_Hawtin_&_Marco_Carola_@_Amore_Festival,_Rome",,14,51,Damian Schwartz,Los Mitos [Mupa - 002],Damian Schwartz - Los Mitos [Mupa - 002]
"2008-12-31 - Richie Hawtin & Marco Carola @ Amore Festival, Rome","https://www.mixesdb.com/w/2008-12-31_-_Richie_Hawtin_&_Marco_Carola_@_Amore_Festival,_Rome",,15,53,Anja Schneider & Sebo K,Side Leaps (Magda Remix) [Mobilee - DIGILP 02],Anja Schneider & Sebo K - Side Leaps (Magda Remix) [Mobilee - DIGILP 02]
"2008-12-31 - Richie Hawtin & Marco Carola @ Amore Festival, Rome","https://www.mixesdb.com/w/2008-12-31_-_Richie_Hawtin_&_Marco_Carola_@_Amore_Festival,_Rome",,16,58,Fraktion (Jon Gaiser),Bukl [Resopal Red - RSPRED 004],Fraktion (Jon Gaiser) - Bukl [Resopal Red - RSPRED 004]
"2008-12-31 - Richie Hawtin & Marco Carola @ Amore Festival, Rome","https://www.mixesdb.com/w/2008-12-31_-_Richie_Hawtin_&_Marco_Carola_@_Amore_Festival,_Rome",,17,60,Damian Schwartz,R Y F 1 [Apnea - 008],Damian Schwartz - R Y F 1 [Apnea - 008]
"2008-12-31 - Richie Hawtin & Marco Carola @ Amore Festival, Rome","https://www.mixesdb.com/w/2008-12-31_-_Richie_Hawtin_&_Marco_Carola_@_Amore_Festival,_Rome",,18,66,Malente Pres. Manrox,Aargh! [Luscious Sounds],Malente Pres. Manrox - Aargh! [Luscious Sounds]
"2008-12-31 - Richie Hawtin & Marco Carola @ Amore Festival, Rome","https://www.mixesdb.com/w/2008-12-31_-_Richie_Hawtin_&_Marco_Carola_@_Amore_Festival,_Rome",,19,69,Brett Johnson Feat. DJ Heather,Everything's Electric [Classic],Brett Johnson Feat. DJ Heather - Everything's Electric [Classic]
"2008-12-31 - Richie Hawtin & Marco Carola @ Amore Festival, Rome","https://www.mixesdb.com/w/2008-12-31_-_Richie_Hawtin_&_Marco_Carola_@_Amore_Festival,_Rome",,20,74,,?,?
2009-04-03 - Marco Carola - Time Warp Compilation 09,https://www.mixesdb.com/w/2009-04-03_-_Marco_Carola_-_Time_Warp_Compilation_09,Hotel Session,1,00,Jamy Wing,Luanda,Jamy Wing - Luanda
2009-04-03 - Marco Carola - Time Warp Compilation 09,https://www.mixesdb.com/w/2009-04-03_-_Marco_Carola_-_Time_Warp_Compilation_09,Hotel Session,2,01,Robert Dietz,Fym,Robert Dietz - Fym
2009-04-03 - Marco Carola - Time Warp Compilation 09,https://www.mixesdb.com/w/2009-04-03_-_Marco_Carola_-_Time_Warp_Compilation_09,Hotel Session,3,08,Ernesteo Ferreyra,Hunted,Ernesteo Ferreyra - Hunted
2009-04-03 - Marco Carola - Time Warp Compilation 09,https://www.mixesdb.com/w/2009-04-03_-_Marco_Carola_-_Time_Warp_Compilation_09,Hotel Session,4,12,Super Flu,Lyla Sucks Lemon,Super Flu - Lyla Sucks Lemon
2009-04-03 - Marco Carola - Time Warp Compilation 09,https://www.mixesdb.com/w/2009-04-03_-_Marco_Carola_-_Time_Warp_Compilation_09,Hotel Session,5,19,Uto Karem,Trentatre,Uto Karem - Trentatre
2009-04-03 - Marco Carola - Time Warp Compilation 09,https://www.mixesdb.com/w/2009-04-03_-_Marco_Carola_-_Time_Warp_Compilation_09,Hotel Session,6,23,Slutbox,Backseat Driver,Slutbox - Backseat Driver
2009-04-03 - Marco Carola - Time Warp Compilation 09,https://www.mixesdb.com/w/2009-04-03_-_Marco_Carola_-_Time_Warp_Compilation_09,Hotel Session,7,27,Jamy Wing,Port Au Prince,Jamy Wing - Port Au Prince
2009-04-03 - Marco Carola - Time Warp Compilation 09,https://www.mixesdb.com/w/2009-04-03_-_Marco_Carola_-_Time_Warp_Compilation_09,Hotel Session,8,30,Souki,Hausmeister Gordon (Lazy Mouth Remix),Souki - Hausmeister Gordon (Lazy Mouth Remix)
2009-04-03 - Marco Carola - Time Warp Compilation 09,https://www.mixesdb.com/w/2009-04-03_-_Marco_Carola_-_Time_Warp_Compilation_09,Hotel Session,9,33,Kate Simko,She Said (Barem Remix),Kate Simko - She Said (Barem Remix)
2009-04-03 - Marco Carola - Time Warp Compilation 09,https://www.mixesdb.com/w/2009-04-03_-_Marco_Carola_-_Time_Warp_Compilation_09,Hotel Session,10,37,Damian Schwartz,20,Damian Schwartz - 20
2009-04-03 - Marco Carola - Time Warp Compilation 09,https://www.mixesdb.com/w/2009-04-03_-_Marco_Carola_-_Time_Warp_Compilation_09,Hotel Session,11,40,Solimano,De Rosa (Franco Cinelli Remix),Solimano - De Rosa (Franco Cinelli Remix)
2009-04-03 - Marco Carola - Time Warp Compilation 09,https://www.mixesdb.com/w/2009-04-03_-_Marco_Carola_-_Time_Warp_Compilation_09,Hotel Session,12,46,Robert Dietz,Kanban,Robert Dietz - Kanban
2009-04-03 - Marco Carola - Time Warp Compilation 09,https://www.mixesdb.com/w/2009-04-03_-_Marco_Carola_-_Time_Warp_Compilation_09,Hotel Session,13,49,Marco Carola,Drumming,Marco Carola - Drumming
2009-04-03 - Marco Carola - Time Warp Compilation 09,https://www.mixesdb.com/w/2009-04-03_-_Marco_Carola_-_Time_Warp_Compilation_09,Hotel Session,14,54,Fritz Zander,Ulrich,Fritz Zander - Ulrich
2009-04-03 - Marco Carola - Time Warp Compilation 09,https://www.mixesdb.com/w/2009-04-03_-_Marco_Carola_-_Time_Warp_Compilation_09,Hotel Session,15,58,Marco Carola,Plaster,Marco Carola - Plaster
2009-04-03 - Marco Carola - Time Warp Compilation 09,https://www.mixesdb.com/w/2009-04-03_-_Marco_Carola_-_Time_Warp_Compilation_09,Hotel Session,16,64,MiniCoolBoyz,The Melody,MiniCoolBoyz - The Melody
2009-04-03 - Marco Carola - Time Warp Compilation 09,https://www.mixesdb.com/w/2009-04-03_-_Marco_Carola_-_Time_Warp_Compilation_09,Hotel Session,17,67,System Of Survival,Snaturelle,System Of Survival - Snaturelle
2009-04-03 - Marco Carola - Time Warp Compilation 09,https://www.mixesdb.com/w/2009-04-03_-_Marco_Carola_-_Time_Warp_Compilation_09,Night Session,1,00,Marco Carola,The Tribe,Marco Carola - The Tribe
2009-04-03 - Marco Carola - Time Warp Compilation 09,https://www.mixesdb.com/w/2009-04-03_-_Marco_Carola_-_Time_Warp_Compilation_09,Night Session,2,05,Mathias Kaden,Shetani,Mathias Kaden - Shetani
2009-04-03 - Marco Carola - Time Warp Compilation 09,https://www.mixesdb.com/w/2009-04-03_-_Marco_Carola_-_Time_Warp_Compilation_09,Night Session,3,09,Masomenos,On Fait La Java,Masomenos - On Fait La Java
2009-04-03 - Marco Carola - Time Warp Compilation 09,https://www.mixesdb.com/w/2009-04-03_-_Marco_Carola_-_Time_Warp_Compilation_09,Night Session,4,12,Soulrack,Go Hamilton,Soulrack - Go Hamilton
2009-04-03 - Marco Carola - Time Warp Compilation 09,https://www.mixesdb.com/w/2009-04-03_-_Marco_Carola_-_Time_Warp_Compilation_09,Night Session,5,15,Paco Osuna,It Wasn't True,Paco Osuna - It Wasn't True
2009-04-03 - Marco Carola - Time Warp Compilation 09,https://www.mixesdb.com/w/2009-04-03_-_Marco_Carola_-_Time_Warp_Compilation_09,Night Session,6,20,Josh Wink,Everybody To The Sun,Josh Wink - Everybody To The Sun
2009-04-03 - Marco Carola - Time Warp Compilation 09,https://www.mixesdb.com/w/2009-04-03_-_Marco_Carola_-_Time_Warp_Compilation_09,Night Session,7,25,dOP,Mambo Jumbo (Guy Gerber's Hemlock Remix),dOP - Mambo Jumbo (Guy Gerber's Hemlock Remix)
2009-04-03 - Marco Carola - Time Warp Compilation 09,https://www.mixesdb.com/w/2009-04-03_-_Marco_Carola_-_Time_Warp_Compilation_09,Night Session,8,29,Super Flu,Shine,Super Flu - Shine
2009-04-03 - Marco Carola - Time Warp Compilation 09,https://www.mixesdb.com/w/2009-04-03_-_Marco_Carola_-_Time_Warp_Compilation_09,Night Session,9,33,Livio & Roby,Roata Unu,Livio & Roby - Roata Unu
2009-04-03 - Marco Carola - Time Warp Compilation 09,https://www.mixesdb.com/w/2009-04-03_-_Marco_Carola_-_Time_Warp_Compilation_09,Night Session,10,38,Ray Okpara,Loving Moonbuah (Nekes Remix),Ray Okpara - Loving Moonbuah (Nekes Remix)
2009-04-03 - Marco Carola - Time Warp Compilation 09,https://www.mixesdb.com/w/2009-04-03_-_Marco_Carola_-_Time_Warp_Compilation_09,Night Session,11,42,Thodoris Triantafillou,Suspicious Behaviour (Nick Curly Remix),Thodoris Triantafillou - Suspicious Behaviour (Nick Curly Remix)
2009-04-03 - Marco Carola - Time Warp Compilation 09,https://www.mixesdb.com/w/2009-04-03_-_Marco_Carola_-_Time_Warp_Compilation_09,Night Session,12,46,Broombeck,Mono Turn,Broombeck - Mono Turn
2009-04-03 - Marco Carola - Time Warp Compilation 09,https://www.mixesdb.com/w/2009-04-03_-_Marco_Carola_-_Time_Warp_Compilation_09,Night Session,13,50,Julien Chaptal,Rounda,Julien Chaptal - Rounda
2009-04-03 - Marco Carola - Time Warp Compilation 09,https://www.mixesdb.com/w/2009-04-03_-_Marco_Carola_-_Time_Warp_Compilation_09,Night Session,14,54,Marco Carola,Pampero,Marco Carola - Pampero
2009-04-03 - Marco Carola - Time Warp Compilation 09,https://www.mixesdb.com/w/2009-04-03_-_Marco_Carola_-_Time_Warp_Compilation_09,Night Session,15,57,DZI aka Luke Dzierzek,The Beast (Broken & Dan Doran Remix),DZI aka Luke Dzierzek - The Beast (Broken & Dan Doran Remix)
2009-04-03 - Marco Carola - Time Warp Compilation 09,https://www.mixesdb.com/w/2009-04-03_-_Marco_Carola_-_Time_Warp_Compilation_09,Night Session,16,61,Audio Dependent,Toenail,Audio Dependent - Toenail
2009-04-03 - Marco Carola - Time Warp Compilation 09,https://www.mixesdb.com/w/2009-04-03_-_Marco_Carola_-_Time_Warp_Compilation_09,Night Session,17,64,Null.Eins,La Gente Menuda (Markus Fix Remix),Null.Eins - La Gente Menuda (Markus Fix Remix)
"2024-05-11 - Marco Carola @ Music On Festival, Meerpark, Amsterdam","https://www.mixesdb.com/w/2024-05-11_-_Marco_Carola_@_Music_On_Festival,_Meerpark,_Amsterdam",,1,00,Arkady Antsyrev,My Favela,Arkady Antsyrev - My Favela
"2024-05-11 - Marco Carola @ Music On Festival, Meerpark, Amsterdam","https://www.mixesdb.com/w/2024-05-11_-_Marco_Carola_@_Music_On_Festival,_Meerpark,_Amsterdam",,2,05,,?,?
"2024-05-11 - Marco Carola @ Music On Festival, Meerpark, Amsterdam","https://www.mixesdb.com/w/2024-05-11_-_Marco_Carola_@_Music_On_Festival,_Meerpark,_Amsterdam",,3,09,Francis De Simone,T.B.L [Desolat],Francis De Simone - T.B.L [Desolat]
"2024-05-11 - Marco Carola @ Music On Festival, Meerpark, Amsterdam","https://www.mixesdb.com/w/2024-05-11_-_Marco_Carola_@_Music_On_Festival,_Meerpark,_Amsterdam",,4,13,Walli,Crash [Dirtyclub],Walli - Crash [Dirtyclub]
"2024-05-11 - Marco Carola @ Music On Festival, Meerpark, Amsterdam","https://www.mixesdb.com/w/2024-05-11_-_Marco_Carola_@_Music_On_Festival,_Meerpark,_Amsterdam",,5,16,Ninetree,Black Dress [Getbusy],Ninetree - Black Dress [Getbusy]
"2024-05-11 - Marco Carola @ Music On Festival, Meerpark, Amsterdam","https://www.mixesdb.com/w/2024-05-11_-_Marco_Carola_@_Music_On_Festival,_Meerpark,_Amsterdam",,6,21,,?,?
"2024-05-11 - Marco Carola @ Music On Festival, Meerpark, Amsterdam","https://www.mixesdb.com/w/2024-05-11_-_Marco_Carola_@_Music_On_Festival,_Meerpark,_Amsterdam",,7,2?,,?,?
"2024-05-11 - Marco Carola @ Music On Festival, Meerpark, Amsterdam","https://www.mixesdb.com/w/2024-05-11_-_Marco_Carola_@_Music_On_Festival,_Meerpark,_Amsterdam",,8,29,Ciclo & Farouki,Shake Dat [Mood Child],Ciclo & Farouki - Shake Dat [Mood Child]
"2024-05-11 - Marco Carola @ Music On Festival, Meerpark, Amsterdam","https://www.mixesdb.com/w/2024-05-11_-_Marco_Carola_@_Music_On_Festival,_Meerpark,_Amsterdam",,9,32,Matteo Dentone,You & Me [LTF],Matteo Dentone - You & Me [LTF]
"2024-05-11 - Marco Carola @ Music On Festival, Meerpark, Amsterdam","https://www.mixesdb.com/w/2024-05-11_-_Marco_Carola_@_Music_On_Festival,_Meerpark,_Amsterdam",,10,37,Matteo Dentone,Hot (Extended Mix),Matteo Dentone - Hot (Extended Mix)
"2024-05-11 - Marco Carola @ Music On Festival, Meerpark, Amsterdam","https://www.mixesdb.com/w/2024-05-11_-_Marco_Carola_@_Music_On_Festival,_Meerpark,_Amsterdam",,11,43,Groovadust,Numera Fruta [Juiced],Groovadust - Numera Fruta [Juiced]
"2024-05-11 - Marco Carola @ Music On Festival, Meerpark, Amsterdam","https://www.mixesdb.com/w/2024-05-11_-_Marco_Carola_@_Music_On_Festival,_Meerpark,_Amsterdam",,12,46,Jay De Lys,Im So Wavy [Deeperfect],Jay De Lys - Im So Wavy [Deeperfect]
"2024-05-11 - Marco Carola @ Music On Festival, Meerpark, Amsterdam","https://www.mixesdb.com/w/2024-05-11_-_Marco_Carola_@_Music_On_Festival,_Meerpark,_Amsterdam",,13,50,Crewcutz & Marian,Dub Love [Deeperfect],Crewcutz & Marian - Dub Love [Deeperfect]
"2024-05-11 - Marco Carola @ Music On Festival, Meerpark, Amsterdam","https://www.mixesdb.com/w/2024-05-11_-_Marco_Carola_@_Music_On_Festival,_Meerpark,_Amsterdam",,14,55,Omari & Kev Christopher,Love Is Real [Front Left],Omari & Kev Christopher - Love Is Real [Front Left]
"2024-05-11 - Marco Carola @ Music On Festival, Meerpark, Amsterdam","https://www.mixesdb.com/w/2024-05-11_-_Marco_Carola_@_Music_On_Festival,_Meerpark,_Amsterdam",,15,59,Nathan Alzon,Flashback,Nathan Alzon - Flashback
"2024-05-11 - Marco Carola @ Music On Festival, Meerpark, Amsterdam","https://www.mixesdb.com/w/2024-05-11_-_Marco_Carola_@_Music_On_Festival,_Meerpark,_Amsterdam",,16,63,,?,?
"2024-05-11 - Marco Carola @ Music On Festival, Meerpark, Amsterdam","https://www.mixesdb.com/w/2024-05-11_-_Marco_Carola_@_Music_On_Festival,_Meerpark,_Amsterdam",,17,67,The Deepshakerz & Aaron Pfeiffer,The Last Song (Juliet Sikora Extended Remix),The Deepshakerz & Aaron Pfeiffer - The Last Song (Juliet Sikora Extended Remix)
"2024-05-11 - Marco Carola @ Music On Festival, Meerpark, Amsterdam","https://www.mixesdb.com/w/2024-05-11_-_Marco_Carola_@_Music_On_Festival,_Meerpark,_Amsterdam",,18,73,Ghek,Llamáme Ácido (Extended Mix) [Ole],Ghek - Llamáme Ácido (Extended Mix) [Ole]
"2024-05-11 - Marco Carola @ Music On Festival, Meerpark, Amsterdam","https://www.mixesdb.com/w/2024-05-11_-_Marco_Carola_@_Music_On_Festival,_Meerpark,_Amsterdam",,19,77,,?,?
"2024-05-11 - Marco Carola @ Music On Festival, Meerpark, Amsterdam","https://www.mixesdb.com/w/2024-05-11_-_Marco_Carola_@_Music_On_Festival,_Meerpark,_Amsterdam",,20,81,Proudly People,Vibratio Noctis [Deeperfect],Proudly People - Vibratio Noctis [Deeperfect]
"2024-05-11 - Marco Carola @ Music On Festival, Meerpark, Amsterdam","https://www.mixesdb.com/w/2024-05-11_-_Marco_Carola_@_Music_On_Festival,_Meerpark,_Amsterdam",,21,86,,?,?
"2024-05-11 - Marco Carola @ Music On Festival, Meerpark, Amsterdam","https://www.mixesdb.com/w/2024-05-11_-_Marco_Carola_@_Music_On_Festival,_Meerpark,_Amsterdam",,22,89,Edd,The Love Doctor,Edd - The Love Doctor
"2002-08-16 - Marco Carola & Gaetano Parisio @ Sala Malibu, Almeria, Spain","https://www.mixesdb.com/w/2002-08-16_-_Marco_Carola_&_Gaetano_Parisio_@_Sala_Malibu,_Almeria,_Spain",,1,,Ignacio,Humana-Ised,Ignacio - Humana-Ised
"2002-08-16 - Marco Carola & Gaetano Parisio @ Sala Malibu, Almeria, Spain","https://www.mixesdb.com/w/2002-08-16_-_Marco_Carola_&_Gaetano_Parisio_@_Sala_Malibu,_Almeria,_Spain",,2,,Sven Väth,Steel (Marco Carola Remix),Sven Väth - Steel (Marco Carola Remix)
"2002-08-16 - Marco Carola & Gaetano Parisio @ Sala Malibu, Almeria, Spain","https://www.mixesdb.com/w/2002-08-16_-_Marco_Carola_&_Gaetano_Parisio_@_Sala_Malibu,_Almeria,_Spain",,3,,Danilo Vigorito,Appendix D (A1),Danilo Vigorito - Appendix D (A1)
"2002-08-16 - Marco Carola & Gaetano Parisio @ Sala Malibu, Almeria, Spain","https://www.mixesdb.com/w/2002-08-16_-_Marco_Carola_&_Gaetano_Parisio_@_Sala_Malibu,_Almeria,_Spain",,4,,,?,?
"2002-08-16 - Marco Carola & Gaetano Parisio @ Sala Malibu, Almeria, Spain","https://www.mixesdb.com/w/2002-08-16_-_Marco_Carola_&_Gaetano_Parisio_@_Sala_Malibu,_Almeria,_Spain",,5,,,?,?
"2002-08-16 - Marco Carola & Gaetano Parisio @ Sala Malibu, Almeria, Spain","https://www.mixesdb.com/w/2002-08-16_-_Marco_Carola_&_Gaetano_Parisio_@_Sala_Malibu,_Almeria,_Spain",,6,,Henrik B Pres. Teorema,Seven A,Henrik B Pres. Teorema - Seven A
"2002-08-16 - Marco Carola & Gaetano Parisio @ Sala Malibu, Almeria, Spain","https://www.mixesdb.com/w/2002-08-16_-_Marco_Carola_&_Gaetano_Parisio_@_Sala_Malibu,_Almeria,_Spain",,7,,Freash People,Alpharisc (Ben Sims Hardgroove Remix),Freash People - Alpharisc (Ben Sims Hardgroove Remix)
"2002-08-16 - Marco Carola & Gaetano Parisio @ Sala Malibu, Almeria, Spain","https://www.mixesdb.com/w/2002-08-16_-_Marco_Carola_&_Gaetano_Parisio_@_Sala_Malibu,_Almeria,_Spain",,8,,Stanny Franssen,Object,Stanny Franssen - Object
"2002-08-16 - Marco Carola & Gaetano Parisio @ Sala Malibu, Almeria, Spain","https://www.mixesdb.com/w/2002-08-16_-_Marco_Carola_&_Gaetano_Parisio_@_Sala_Malibu,_Almeria,_Spain",,9,,Marco Bailey,Challenger (Rino Cerrone Remix),Marco Bailey - Challenger (Rino Cerrone Remix)
"2002-08-16 - Marco Carola & Gaetano Parisio @ Sala Malibu, Almeria, Spain","https://www.mixesdb.com/w/2002-08-16_-_Marco_Carola_&_Gaetano_Parisio_@_Sala_Malibu,_Almeria,_Spain",,10,,,?,?
"2002-08-16 - Marco Carola & Gaetano Parisio @ Sala Malibu, Almeria, Spain","https://www.mixesdb.com/w/2002-08-16_-_Marco_Carola_&_Gaetano_Parisio_@_Sala_Malibu,_Almeria,_Spain",,11,,Mould Impression,1994,Mould Impression - 1994
"2002-08-16 - Marco Carola & Gaetano Parisio @ Sala Malibu, Almeria, Spain","https://www.mixesdb.com/w/2002-08-16_-_Marco_Carola_&_Gaetano_Parisio_@_Sala_Malibu,_Almeria,_Spain",,12,,Urban,Bust A Nut,Urban - Bust A Nut
"2002-08-16 - Marco Carola & Gaetano Parisio @ Sala Malibu, Almeria, Spain","https://www.mixesdb.com/w/2002-08-16_-_Marco_Carola_&_Gaetano_Parisio_@_Sala_Malibu,_Almeria,_Spain",,13,,,?,?
"2002-08-16 - Marco Carola & Gaetano Parisio @ Sala Malibu, Almeria, Spain","https://www.mixesdb.com/w/2002-08-16_-_Marco_Carola_&_Gaetano_Parisio_@_Sala_Malibu,_Almeria,_Spain",,14,,Danilo Vigorito,Pression (A1),Danilo Vigorito - Pression (A1)
"2002-08-16 - Marco Carola & Gaetano Parisio @ Sala Malibu, Almeria, Spain","https://www.mixesdb.com/w/2002-08-16_-_Marco_Carola_&_Gaetano_Parisio_@_Sala_Malibu,_Almeria,_Spain",,15,,Danilo Vigorito,Pression (B1),Danilo Vigorito - Pression (B1)
"2002-08-16 - Marco Carola & Gaetano Parisio @ Sala Malibu, Almeria, Spain","https://www.mixesdb.com/w/2002-08-16_-_Marco_Carola_&_Gaetano_Parisio_@_Sala_Malibu,_Almeria,_Spain",,16,,,?,?
"2002-08-16 - Marco Carola & Gaetano Parisio @ Sala Malibu, Almeria, Spain","https://www.mixesdb.com/w/2002-08-16_-_Marco_Carola_&_Gaetano_Parisio_@_Sala_Malibu,_Almeria,_Spain",,17,,Andrew Richley & Ryan Rivera,Hard Target (Danilo Vigorito Remix),Andrew Richley & Ryan Rivera - Hard Target (Danilo Vigorito Remix)
"2002-08-16 - Marco Carola & Gaetano Parisio @ Sala Malibu, Almeria, Spain","https://www.mixesdb.com/w/2002-08-16_-_Marco_Carola_&_Gaetano_Parisio_@_Sala_Malibu,_Almeria,_Spain",,18,,Fredrik Almquist,Being And Becoming (Marco Carola Remix),Fredrik Almquist - Being And Becoming (Marco Carola Remix)
"2002-08-16 - Marco Carola & Gaetano Parisio @ Sala Malibu, Almeria, Spain","https://www.mixesdb.com/w/2002-08-16_-_Marco_Carola_&_Gaetano_Parisio_@_Sala_Malibu,_Almeria,_Spain",,19,,,?,?
"2002-08-16 - Marco Carola & Gaetano Parisio @ Sala Malibu, Almeria, Spain","https://www.mixesdb.com/w/2002-08-16_-_Marco_Carola_&_Gaetano_Parisio_@_Sala_Malibu,_Almeria,_Spain",,20,,Adam Beyer & Henrik B,Signal 9,Adam Beyer & Henrik B - Signal 9
"2002-08-16 - Marco Carola & Gaetano Parisio @ Sala Malibu, Almeria, Spain","https://www.mixesdb.com/w/2002-08-16_-_Marco_Carola_&_Gaetano_Parisio_@_Sala_Malibu,_Almeria,_Spain",,21,,Adam Beyer & Henrik B,Remanipulated,Adam Beyer & Henrik B - Remanipulated
"2002-08-16 - Marco Carola & Gaetano Parisio @ Sala Malibu, Almeria, Spain","https://www.mixesdb.com/w/2002-08-16_-_Marco_Carola_&_Gaetano_Parisio_@_Sala_Malibu,_Almeria,_Spain",,22,,,?,?
"2002-08-16 - Marco Carola & Gaetano Parisio @ Sala Malibu, Almeria, Spain","https://www.mixesdb.com/w/2002-08-16_-_Marco_Carola_&_Gaetano_Parisio_@_Sala_Malibu,_Almeria,_Spain",,23,,,?,?
"2002-08-16 - Marco Carola & Gaetano Parisio @ Sala Malibu, Almeria, Spain","https://www.mixesdb.com/w/2002-08-16_-_Marco_Carola_&_Gaetano_Parisio_@_Sala_Malibu,_Almeria,_Spain",,24,,,?,?
"2002-08-16 - Marco Carola & Gaetano Parisio @ Sala Malibu, Almeria, Spain","https://www.mixesdb.com/w/2002-08-16_-_Marco_Carola_&_Gaetano_Parisio_@_Sala_Malibu,_Almeria,_Spain",,25,,,?,?
"2002-08-16 - Marco Carola & Gaetano Parisio @ Sala Malibu, Almeria, Spain","https://www.mixesdb.com/w/2002-08-16_-_Marco_Carola_&_Gaetano_Parisio_@_Sala_Malibu,_Almeria,_Spain",,26,,,?,?
"2002-08-16 - Marco Carola & Gaetano Parisio @ Sala Malibu, Almeria, Spain","https://www.mixesdb.com/w/2002-08-16_-_Marco_Carola_&_Gaetano_Parisio_@_Sala_Malibu,_Almeria,_Spain",,27,,The Advent,Recreations (Player Remix),The Advent - Recreations (Player Remix)
"2002-08-16 - Marco Carola & Gaetano Parisio @ Sala Malibu, Almeria, Spain","https://www.mixesdb.com/w/2002-08-16_-_Marco_Carola_&_Gaetano_Parisio_@_Sala_Malibu,_Almeria,_Spain",,28,,,?,?
"2002-08-16 - Marco Carola & Gaetano Parisio @ Sala Malibu, Almeria, Spain","https://www.mixesdb.com/w/2002-08-16_-_Marco_Carola_&_Gaetano_Parisio_@_Sala_Malibu,_Almeria,_Spain",,29,,,?,?
"2002-08-16 - Marco Carola & Gaetano Parisio @ Sala Malibu, Almeria, Spain","https://www.mixesdb.com/w/2002-08-16_-_Marco_Carola_&_Gaetano_Parisio_@_Sala_Malibu,_Almeria,_Spain",,30,,Steve Robbins,The Odyssey,Steve Robbins - The Odyssey
"2002-08-16 - Marco Carola & Gaetano Parisio @ Sala Malibu, Almeria, Spain","https://www.mixesdb.com/w/2002-08-16_-_Marco_Carola_&_Gaetano_Parisio_@_Sala_Malibu,_Almeria,_Spain",,31,,,?,?
"2002-08-16 - Marco Carola & Gaetano Parisio @ Sala Malibu, Almeria, Spain","https://www.mixesdb.com/w/2002-08-16_-_Marco_Carola_&_Gaetano_Parisio_@_Sala_Malibu,_Almeria,_Spain",,32,,,?,?
"2002-08-16 - Marco Carola & Gaetano Parisio @ Sala Malibu, Almeria, Spain","https://www.mixesdb.com/w/2002-08-16_-_Marco_Carola_&_Gaetano_Parisio_@_Sala_Malibu,_Almeria,_Spain",,33,,,?,?
"2002-08-16 - Marco Carola & Gaetano Parisio @ Sala Malibu, Almeria, Spain","https://www.mixesdb.com/w/2002-08-16_-_Marco_Carola_&_Gaetano_Parisio_@_Sala_Malibu,_Almeria,_Spain",,34,,,?,?
"2002-08-16 - Marco Carola & Gaetano Parisio @ Sala Malibu, Almeria, Spain","https://www.mixesdb.com/w/2002-08-16_-_Marco_Carola_&_Gaetano_Parisio_@_Sala_Malibu,_Almeria,_Spain",,35,,,?,?
"2002-08-16 - Marco Carola & Gaetano Parisio @ Sala Malibu, Almeria, Spain","https://www.mixesdb.com/w/2002-08-16_-_Marco_Carola_&_Gaetano_Parisio_@_Sala_Malibu,_Almeria,_Spain",,36,,,?,?
"2002-08-16 - Marco Carola & Gaetano Parisio @ Sala Malibu, Almeria, Spain","https://www.mixesdb.com/w/2002-08-16_-_Marco_Carola_&_Gaetano_Parisio_@_Sala_Malibu,_Almeria,_Spain",,37,,Aural Emote,Poise,Aural Emote - Poise
"2002-08-16 - Marco Carola & Gaetano Parisio @ Sala Malibu, Almeria, Spain","https://www.mixesdb.com/w/2002-08-16_-_Marco_Carola_&_Gaetano_Parisio_@_Sala_Malibu,_Almeria,_Spain",,38,,,?,?
"2002-08-16 - Marco Carola & Gaetano Parisio @ Sala Malibu, Almeria, Spain","https://www.mixesdb.com/w/2002-08-16_-_Marco_Carola_&_Gaetano_Parisio_@_Sala_Malibu,_Almeria,_Spain",,39,,,?,?
"2002-08-16 - Marco Carola & Gaetano Parisio @ Sala Malibu, Almeria, Spain","https://www.mixesdb.com/w/2002-08-16_-_Marco_Carola_&_Gaetano_Parisio_@_Sala_Malibu,_Almeria,_Spain",,40,,,?,?
"2002-08-16 - Marco Carola & Gaetano Parisio @ Sala Malibu, Almeria, Spain","https://www.mixesdb.com/w/2002-08-16_-_Marco_Carola_&_Gaetano_Parisio_@_Sala_Malibu,_Almeria,_Spain",,41,,,?,?
"2002-08-16 - Marco Carola & Gaetano Parisio @ Sala Malibu, Almeria, Spain","https://www.mixesdb.com/w/2002-08-16_-_Marco_Carola_&_Gaetano_Parisio_@_Sala_Malibu,_Almeria,_Spain",,42,,,?,?
"2002-08-16 - Marco Carola & Gaetano Parisio @ Sala Malibu, Almeria, Spain","https://www.mixesdb.com/w/2002-08-16_-_Marco_Carola_&_Gaetano_Parisio_@_Sala_Malibu,_Almeria,_Spain",,43,,,?,?
"2002-08-16 - Marco Carola & Gaetano Parisio @ Sala Malibu, Almeria, Spain","https://www.mixesdb.com/w/2002-08-16_-_Marco_Carola_&_Gaetano_Parisio_@_Sala_Malibu,_Almeria,_Spain",,44,,Joeski & D'Julz,A Night On Clery Street,Joeski & D'Julz - A Night On Clery Street
"2002-08-16 - Marco Carola & Gaetano Parisio @ Sala Malibu, Almeria, Spain","https://www.mixesdb.com/w/2002-08-16_-_Marco_Carola_&_Gaetano_Parisio_@_Sala_Malibu,_Almeria,_Spain",,45,,Davide Squillace,Irony,Davide Squillace - Irony
"2002-08-16 - Marco Carola & Gaetano Parisio @ Sala Malibu, Almeria, Spain","https://www.mixesdb.com/w/2002-08-16_-_Marco_Carola_&_Gaetano_Parisio_@_Sala_Malibu,_Almeria,_Spain",,46,,Marco Carola,Comodo,Marco Carola - Comodo
"2002-08-16 - Marco Carola & Gaetano Parisio @ Sala Malibu, Almeria, Spain","https://www.mixesdb.com/w/2002-08-16_-_Marco_Carola_&_Gaetano_Parisio_@_Sala_Malibu,_Almeria,_Spain",,47,,Joey Beltram,Slice,Joey Beltram - Slice
"2002-08-16 - Marco Carola & Gaetano Parisio @ Sala Malibu, Almeria, Spain","https://www.mixesdb.com/w/2002-08-16_-_Marco_Carola_&_Gaetano_Parisio_@_Sala_Malibu,_Almeria,_Spain",,48,,Joey Beltram,The Money,Joey Beltram - The Money
"2002-08-16 - Marco Carola & Gaetano Parisio @ Sala Malibu, Almeria, Spain","https://www.mixesdb.com/w/2002-08-16_-_Marco_Carola_&_Gaetano_Parisio_@_Sala_Malibu,_Almeria,_Spain",,49,,,?,?
"2002-08-16 - Marco Carola & Gaetano Parisio @ Sala Malibu, Almeria, Spain","https://www.mixesdb.com/w/2002-08-16_-_Marco_Carola_&_Gaetano_Parisio_@_Sala_Malibu,_Almeria,_Spain",,50,,Joey Beltram,Soul Beats,Joey Beltram - Soul Beats
"2002-08-16 - Marco Carola & Gaetano Parisio @ Sala Malibu, Almeria, Spain","https://www.mixesdb.com/w/2002-08-16_-_Marco_Carola_&_Gaetano_Parisio_@_Sala_Malibu,_Almeria,_Spain",,51,,Marco Carola,Avalanche (Extended Mix),Marco Carola - Avalanche (Extended Mix)
"2002-08-16 - Marco Carola & Gaetano Parisio @ Sala Malibu, Almeria, Spain","https://www.mixesdb.com/w/2002-08-16_-_Marco_Carola_&_Gaetano_Parisio_@_Sala_Malibu,_Almeria,_Spain",,52,,Joey Beltram,The Feature,Joey Beltram - The Feature
"2002-08-16 - Marco Carola & Gaetano Parisio @ Sala Malibu, Almeria, Spain","https://www.mixesdb.com/w/2002-08-16_-_Marco_Carola_&_Gaetano_Parisio_@_Sala_Malibu,_Almeria,_Spain",,53,,Secret Cinema,Pure Tek,Secret Cinema - Pure Tek
"2002-08-16 - Marco Carola & Gaetano Parisio @ Sala Malibu, Almeria, Spain","https://www.mixesdb.com/w/2002-08-16_-_Marco_Carola_&_Gaetano_Parisio_@_Sala_Malibu,_Almeria,_Spain",,54,,Electric Deluxe,Electric Deluxe,Electric Deluxe - Electric Deluxe
"2002-08-16 - Marco Carola & Gaetano Parisio @ Sala Malibu, Almeria, Spain","https://www.mixesdb.com/w/2002-08-16_-_Marco_Carola_&_Gaetano_Parisio_@_Sala_Malibu,_Almeria,_Spain",,55,,Chris Liebing,Analogon (Steve Rachmad Remix),Chris Liebing - Analogon (Steve Rachmad Remix)
"2002-08-16 - Marco Carola & Gaetano Parisio @ Sala Malibu, Almeria, Spain","https://www.mixesdb.com/w/2002-08-16_-_Marco_Carola_&_Gaetano_Parisio_@_Sala_Malibu,_Almeria,_Spain",,56,,Green Velvet,La La Land,Green Velvet - La La Land
"2002-08-16 - Marco Carola & Gaetano Parisio @ Sala Malibu, Almeria, Spain","https://www.mixesdb.com/w/2002-08-16_-_Marco_Carola_&_Gaetano_Parisio_@_Sala_Malibu,_Almeria,_Spain",,57,,Adam Beyer & Henrik B,Signal 9 (Christian Smith & John Selway Remix),Adam Beyer & Henrik B - Signal 9 (Christian Smith & John Selway Remix)
"2002-08-16 - Marco Carola & Gaetano Parisio @ Sala Malibu, Almeria, Spain","https://www.mixesdb.com/w/2002-08-16_-_Marco_Carola_&_Gaetano_Parisio_@_Sala_Malibu,_Almeria,_Spain",,58,,Adam Beyer & Henrik B,Perfect Match,Adam Beyer & Henrik B - Perfect Match
"2002-08-16 - Marco Carola & Gaetano Parisio @ Sala Malibu, Almeria, Spain","https://www.mixesdb.com/w/2002-08-16_-_Marco_Carola_&_Gaetano_Parisio_@_Sala_Malibu,_Almeria,_Spain",,59,,Exos,The Delight (Mark Broom Remix),Exos - The Delight (Mark Broom Remix)
"2002-08-16 - Marco Carola & Gaetano Parisio @ Sala Malibu, Almeria, Spain","https://www.mixesdb.com/w/2002-08-16_-_Marco_Carola_&_Gaetano_Parisio_@_Sala_Malibu,_Almeria,_Spain",,60,,,?,?
"2002-08-16 - Marco Carola & Gaetano Parisio @ Sala Malibu, Almeria, Spain","https://www.mixesdb.com/w/2002-08-16_-_Marco_Carola_&_Gaetano_Parisio_@_Sala_Malibu,_Almeria,_Spain",,61,,,?,?
"2002-08-16 - Marco Carola & Gaetano Parisio @ Sala Malibu, Almeria, Spain","https://www.mixesdb.com/w/2002-08-16_-_Marco_Carola_&_Gaetano_Parisio_@_Sala_Malibu,_Almeria,_Spain",,62,,Rino Cerrone,Optical Way,Rino Cerrone - Optical Way
"2002-08-16 - Marco Carola & Gaetano Parisio @ Sala Malibu, Almeria, Spain","https://www.mixesdb.com/w/2002-08-16_-_Marco_Carola_&_Gaetano_Parisio_@_Sala_Malibu,_Almeria,_Spain",,63,,,?,?
"2002-08-16 - Marco Carola & Gaetano Parisio @ Sala Malibu, Almeria, Spain","https://www.mixesdb.com/w/2002-08-16_-_Marco_Carola_&_Gaetano_Parisio_@_Sala_Malibu,_Almeria,_Spain",,64,,Rino Cerrone,Samba Diversion,Rino Cerrone - Samba Diversion
"2002-08-16 - Marco Carola & Gaetano Parisio @ Sala Malibu, Almeria, Spain","https://www.mixesdb.com/w/2002-08-16_-_Marco_Carola_&_Gaetano_Parisio_@_Sala_Malibu,_Almeria,_Spain",,65,,,?,?
"2002-08-16 - Marco Carola & Gaetano Parisio @ Sala Malibu, Almeria, Spain","https://www.mixesdb.com/w/2002-08-16_-_Marco_Carola_&_Gaetano_Parisio_@_Sala_Malibu,_Almeria,_Spain",,66,,,?,?
"2002-08-16 - Marco Carola & Gaetano Parisio @ Sala Malibu, Almeria, Spain","https://www.mixesdb.com/w/2002-08-16_-_Marco_Carola_&_Gaetano_Parisio_@_Sala_Malibu,_Almeria,_Spain",,67,,Gaetek,Pain 023 (A1),Gaetek - Pain 023 (A1)
"2002-08-16 - Marco Carola & Gaetano Parisio @ Sala Malibu, Almeria, Spain","https://www.mixesdb.com/w/2002-08-16_-_Marco_Carola_&_Gaetano_Parisio_@_Sala_Malibu,_Almeria,_Spain",,68,,,?,?
"2002-08-16 - Marco Carola & Gaetano Parisio @ Sala Malibu, Almeria, Spain","https://www.mixesdb.com/w/2002-08-16_-_Marco_Carola_&_Gaetano_Parisio_@_Sala_Malibu,_Almeria,_Spain",,69,,Hardcell & Johan Bacto,Outward,Hardcell & Johan Bacto - Outward
"2002-08-16 - Marco Carola & Gaetano Parisio @ Sala Malibu, Almeria, Spain","https://www.mixesdb.com/w/2002-08-16_-_Marco_Carola_&_Gaetano_Parisio_@_Sala_Malibu,_Almeria,_Spain",,70,,Henrik B Pres. Teorema,Seven A,Henrik B Pres. Teorema - Seven A
"2002-08-16 - Marco Carola & Gaetano Parisio @ Sala Malibu, Almeria, Spain","https://www.mixesdb.com/w/2002-08-16_-_Marco_Carola_&_Gaetano_Parisio_@_Sala_Malibu,_Almeria,_Spain",,71,,Marco Carola,Question 9 (A1),Marco Carola - Question 9 (A1)
"2002-08-16 - Marco Carola & Gaetano Parisio @ Sala Malibu, Almeria, Spain","https://www.mixesdb.com/w/2002-08-16_-_Marco_Carola_&_Gaetano_Parisio_@_Sala_Malibu,_Almeria,_Spain",,72,,Renato Cohen,Pontape,Renato Cohen - Pontape
"2002-08-16 - Marco Carola & Gaetano Parisio @ Sala Malibu, Almeria, Spain","https://www.mixesdb.com/w/2002-08-16_-_Marco_Carola_&_Gaetano_Parisio_@_Sala_Malibu,_Almeria,_Spain",,73,,,?,?
"2002-08-16 - Marco Carola & Gaetano Parisio @ Sala Malibu, Almeria, Spain","https://www.mixesdb.com/w/2002-08-16_-_Marco_Carola_&_Gaetano_Parisio_@_Sala_Malibu,_Almeria,_Spain",,74,,Fredrik Almquist,Being And Becoming (Adam Beyer & Henrik B Remix),Fredrik Almquist - Being And Becoming (Adam Beyer & Henrik B Remix)
"2002-08-16 - Marco Carola & Gaetano Parisio @ Sala Malibu, Almeria, Spain","https://www.mixesdb.com/w/2002-08-16_-_Marco_Carola_&_Gaetano_Parisio_@_Sala_Malibu,_Almeria,_Spain",,75,,Bando,Elevation,Bando - Elevation
"2002-08-16 - Marco Carola & Gaetano Parisio @ Sala Malibu, Almeria, Spain","https://www.mixesdb.com/w/2002-08-16_-_Marco_Carola_&_Gaetano_Parisio_@_Sala_Malibu,_Almeria,_Spain",,76,,Ladida,Life Master,Ladida - Life Master
"2002-08-16 - Marco Carola & Gaetano Parisio @ Sala Malibu, Almeria, Spain","https://www.mixesdb.com/w/2002-08-16_-_Marco_Carola_&_Gaetano_Parisio_@_Sala_Malibu,_Almeria,_Spain",,77,,Adam Beyer & Henrik B,Identify Yourself,Adam Beyer & Henrik B - Identify Yourself
"2002-08-16 - Marco Carola & Gaetano Parisio @ Sala Malibu, Almeria, Spain","https://www.mixesdb.com/w/2002-08-16_-_Marco_Carola_&_Gaetano_Parisio_@_Sala_Malibu,_Almeria,_Spain",,78,,,?,?
"2002-08-16 - Marco Carola & Gaetano Parisio @ Sala Malibu, Almeria, Spain","https://www.mixesdb.com/w/2002-08-16_-_Marco_Carola_&_Gaetano_Parisio_@_Sala_Malibu,_Almeria,_Spain",,79,,,?,?
"2002-08-16 - Marco Carola & Gaetano Parisio @ Sala Malibu, Almeria, Spain","https://www.mixesdb.com/w/2002-08-16_-_Marco_Carola_&_Gaetano_Parisio_@_Sala_Malibu,_Almeria,_Spain",,80,,Marco Carola,Appendix C (B),Marco Carola - Appendix C (B)
"2002-08-16 - Marco Carola & Gaetano Parisio @ Sala Malibu, Almeria, Spain","https://www.mixesdb.com/w/2002-08-16_-_Marco_Carola_&_Gaetano_Parisio_@_Sala_Malibu,_Almeria,_Spain",,81,,Thomas P. Heckmann,Learys Dream,Thomas P. Heckmann - Learys Dream
"2002-08-16 - Marco Carola & Gaetano Parisio @ Sala Malibu, Almeria, Spain","https://www.mixesdb.com/w/2002-08-16_-_Marco_Carola_&_Gaetano_Parisio_@_Sala_Malibu,_Almeria,_Spain",,82,,,?,?
"2002-08-16 - Marco Carola & Gaetano Parisio @ Sala Malibu, Almeria, Spain","https://www.mixesdb.com/w/2002-08-16_-_Marco_Carola_&_Gaetano_Parisio_@_Sala_Malibu,_Almeria,_Spain",,83,,,?,?
"2002-08-16 - Marco Carola & Gaetano Parisio @ Sala Malibu, Almeria, Spain","https://www.mixesdb.com/w/2002-08-16_-_Marco_Carola_&_Gaetano_Parisio_@_Sala_Malibu,_Almeria,_Spain",,84,,,?,?
"2002-08-16 - Marco Carola & Gaetano Parisio @ Sala Malibu, Almeria, Spain","https://www.mixesdb.com/w/2002-08-16_-_Marco_Carola_&_Gaetano_Parisio_@_Sala_Malibu,_Almeria,_Spain",,85,,,?,?
"2002-08-16 - Marco Carola & Gaetano Parisio @ Sala Malibu, Almeria, Spain","https://www.mixesdb.com/w/2002-08-16_-_Marco_Carola_&_Gaetano_Parisio_@_Sala_Malibu,_Almeria,_Spain",,86,,G-Man,El Jem,G-Man - El Jem
"2002-08-16 - Marco Carola & Gaetano Parisio @ Sala Malibu, Almeria, Spain","https://www.mixesdb.com/w/2002-08-16_-_Marco_Carola_&_Gaetano_Parisio_@_Sala_Malibu,_Almeria,_Spain",,87,,,?,?
"2002-08-16 - Marco Carola & Gaetano Parisio @ Sala Malibu, Almeria, Spain","https://www.mixesdb.com/w/2002-08-16_-_Marco_Carola_&_Gaetano_Parisio_@_Sala_Malibu,_Almeria,_Spain",,88,,Danilo Vigorito,Appendix D (B1),Danilo Vigorito - Appendix D (B1)
"2002-08-16 - Marco Carola & Gaetano Parisio @ Sala Malibu, Almeria, Spain","https://www.mixesdb.com/w/2002-08-16_-_Marco_Carola_&_Gaetano_Parisio_@_Sala_Malibu,_Almeria,_Spain",,89,,Secret Cinema,House 22,Secret Cinema - House 22
"2002-08-16 - Marco Carola & Gaetano Parisio @ Sala Malibu, Almeria, Spain","https://www.mixesdb.com/w/2002-08-16_-_Marco_Carola_&_Gaetano_Parisio_@_Sala_Malibu,_Almeria,_Spain",,90,,The Advent,Recreations 2 (Frank Hunter Remix),The Advent - Recreations 2 (Frank Hunter Remix)
"2002-08-16 - Marco Carola & Gaetano Parisio @ Sala Malibu, Almeria, Spain","https://www.mixesdb.com/w/2002-08-16_-_Marco_Carola_&_Gaetano_Parisio_@_Sala_Malibu,_Almeria,_Spain",,91,,Aural Emote,Dirge,Aural Emote - Dirge
"2002-08-16 - Marco Carola & Gaetano Parisio @ Sala Malibu, Almeria, Spain","https://www.mixesdb.com/w/2002-08-16_-_Marco_Carola_&_Gaetano_Parisio_@_Sala_Malibu,_Almeria,_Spain",,92,,Marco Carola,Open Source,Marco Carola - Open Source
"2002-08-16 - Marco Carola & Gaetano Parisio @ Sala Malibu, Almeria, Spain","https://www.mixesdb.com/w/2002-08-16_-_Marco_Carola_&_Gaetano_Parisio_@_Sala_Malibu,_Almeria,_Spain",,93,,Danilo Vigorito,Appendix D (A1),Danilo Vigorito - Appendix D (A1)
"2002-08-16 - Marco Carola & Gaetano Parisio @ Sala Malibu, Almeria, Spain","https://www.mixesdb.com/w/2002-08-16_-_Marco_Carola_&_Gaetano_Parisio_@_Sala_Malibu,_Almeria,_Spain",,94,,,?,?
"2002-08-16 - Marco Carola & Gaetano Parisio @ Sala Malibu, Almeria, Spain","https://www.mixesdb.com/w/2002-08-16_-_Marco_Carola_&_Gaetano_Parisio_@_Sala_Malibu,_Almeria,_Spain",,95,,,?,?
"2002-08-16 - Marco Carola & Gaetano Parisio @ Sala Malibu, Almeria, Spain","https://www.mixesdb.com/w/2002-08-16_-_Marco_Carola_&_Gaetano_Parisio_@_Sala_Malibu,_Almeria,_Spain",,96,,,?,?
"2002-08-16 - Marco Carola & Gaetano Parisio @ Sala Malibu, Almeria, Spain","https://www.mixesdb.com/w/2002-08-16_-_Marco_Carola_&_Gaetano_Parisio_@_Sala_Malibu,_Almeria,_Spain",,97,,,?,?
"2002-08-16 - Marco Carola & Gaetano Parisio @ Sala Malibu, Almeria, Spain","https://www.mixesdb.com/w/2002-08-16_-_Marco_Carola_&_Gaetano_Parisio_@_Sala_Malibu,_Almeria,_Spain",,98,,Gaetano Parisio,Chapter 7 (A),Gaetano Parisio - Chapter 7 (A)
"2002-08-16 - Marco Carola & Gaetano Parisio @ Sala Malibu, Almeria, Spain","https://www.mixesdb.com/w/2002-08-16_-_Marco_Carola_&_Gaetano_Parisio_@_Sala_Malibu,_Almeria,_Spain",,99,,Reaver,Danger,Reaver - Danger
"2002-08-16 - Marco Carola & Gaetano Parisio @ Sala Malibu, Almeria, Spain","https://www.mixesdb.com/w/2002-08-16_-_Marco_Carola_&_Gaetano_Parisio_@_Sala_Malibu,_Almeria,_Spain",,100,,,?,?
"2002-08-16 - Marco Carola & Gaetano Parisio @ Sala Malibu, Almeria, Spain","https://www.mixesdb.com/w/2002-08-16_-_Marco_Carola_&_Gaetano_Parisio_@_Sala_Malibu,_Almeria,_Spain",,101,,,?,?
"2002-08-16 - Marco Carola & Gaetano Parisio @ Sala Malibu, Almeria, Spain","https://www.mixesdb.com/w/2002-08-16_-_Marco_Carola_&_Gaetano_Parisio_@_Sala_Malibu,_Almeria,_Spain",,102,,,?,?
"2002-08-16 - Marco Carola & Gaetano Parisio @ Sala Malibu, Almeria, Spain","https://www.mixesdb.com/w/2002-08-16_-_Marco_Carola_&_Gaetano_Parisio_@_Sala_Malibu,_Almeria,_Spain",,103,,Oxia & The Hacker,Last Test Part I,Oxia & The Hacker - Last Test Part I
"2002-08-16 - Marco Carola & Gaetano Parisio @ Sala Malibu, Almeria, Spain","https://www.mixesdb.com/w/2002-08-16_-_Marco_Carola_&_Gaetano_Parisio_@_Sala_Malibu,_Almeria,_Spain",,104,,Sharpside,Space Cruising,Sharpside - Space Cruising
"2002-08-16 - Marco Carola & Gaetano Parisio @ Sala Malibu, Almeria, Spain","https://www.mixesdb.com/w/2002-08-16_-_Marco_Carola_&_Gaetano_Parisio_@_Sala_Malibu,_Almeria,_Spain",,105,,,?,?
"2002-08-16 - Marco Carola & Gaetano Parisio @ Sala Malibu, Almeria, Spain","https://www.mixesdb.com/w/2002-08-16_-_Marco_Carola_&_Gaetano_Parisio_@_Sala_Malibu,_Almeria,_Spain",,106,,Deetron vs Ben Sims,Hardgroove 3.5 (B2),Deetron vs Ben Sims - Hardgroove 3.5 (B2)
"2002-08-16 - Marco Carola & Gaetano Parisio @ Sala Malibu, Almeria, Spain","https://www.mixesdb.com/w/2002-08-16_-_Marco_Carola_&_Gaetano_Parisio_@_Sala_Malibu,_Almeria,_Spain",,107,,Marco Carola,Effective,Marco Carola - Effective
"2002-08-16 - Marco Carola & Gaetano Parisio @ Sala Malibu, Almeria, Spain","https://www.mixesdb.com/w/2002-08-16_-_Marco_Carola_&_Gaetano_Parisio_@_Sala_Malibu,_Almeria,_Spain",,108,,Danilo Vigorito,Imaginary Boy,Danilo Vigorito - Imaginary Boy
2006-05-20 - Marco Carola @ Kristal Glam Club,https://www.mixesdb.com/w/2006-05-20_-_Marco_Carola_@_Kristal_Glam_Club,Part 1,1,,Compass,Unknown [Plus8091],Compass - Unknown [Plus8091]
2006-05-20 - Marco Carola @ Kristal Glam Club,https://www.mixesdb.com/w/2006-05-20_-_Marco_Carola_@_Kristal_Glam_Club,Part 1,2,,Lady B,Dead! (Stefan Braatz Adapter Mix),Lady B - Dead! (Stefan Braatz Adapter Mix)
2006-05-20 - Marco Carola @ Kristal Glam Club,https://www.mixesdb.com/w/2006-05-20_-_Marco_Carola_@_Kristal_Glam_Club,Part 1,3,,Alex Under,Multiplicaciones Pt.2,Alex Under - Multiplicaciones Pt.2
2006-05-20 - Marco Carola @ Kristal Glam Club,https://www.mixesdb.com/w/2006-05-20_-_Marco_Carola_@_Kristal_Glam_Club,Part 1,4,,Jochen Trappe,Organic,Jochen Trappe - Organic
2006-05-20 - Marco Carola @ Kristal Glam Club,https://www.mixesdb.com/w/2006-05-20_-_Marco_Carola_@_Kristal_Glam_Club,Part 1,5,,Markantonio,Marlene,Markantonio - Marlene
2006-05-20 - Marco Carola @ Kristal Glam Club,https://www.mixesdb.com/w/2006-05-20_-_Marco_Carola_@_Kristal_Glam_Club,Part 1,6,,Davide Squillace,Bike On Rocks,Davide Squillace - Bike On Rocks
2006-05-20 - Marco Carola @ Kristal Glam Club,https://www.mixesdb.com/w/2006-05-20_-_Marco_Carola_@_Kristal_Glam_Club,Part 1,7,,Phil Weeks & Chris Carrier,Method To The Madness,Phil Weeks & Chris Carrier - Method To The Madness
2006-05-20 - Marco Carola @ Kristal Glam Club,https://www.mixesdb.com/w/2006-05-20_-_Marco_Carola_@_Kristal_Glam_Club,Part 1,8,,Tadeo,Granate Granada,Tadeo - Granate Granada
2006-05-20 - Marco Carola @ Kristal Glam Club,https://www.mixesdb.com/w/2006-05-20_-_Marco_Carola_@_Kristal_Glam_Club,Part 1,9,,,?,?
2006-05-20 - Marco Carola @ Kristal Glam Club,https://www.mixesdb.com/w/2006-05-20_-_Marco_Carola_@_Kristal_Glam_Club,Part 1,10,,,?,?
2006-05-20 - Marco Carola @ Kristal Glam Club,https://www.mixesdb.com/w/2006-05-20_-_Marco_Carola_@_Kristal_Glam_Club,Part 1,11,,,?,?
2006-05-20 - Marco Carola @ Kristal Glam Club,https://www.mixesdb.com/w/2006-05-20_-_Marco_Carola_@_Kristal_Glam_Club,Part 1,12,,Renato Figoli,Ocho Al Puma,Renato Figoli - Ocho Al Puma
2006-05-20 - Marco Carola @ Kristal Glam Club,https://www.mixesdb.com/w/2006-05-20_-_Marco_Carola_@_Kristal_Glam_Club,Part 1,13,,Dub Kult,Bells Of Death,Dub Kult - Bells Of Death
2006-05-20 - Marco Carola @ Kristal Glam Club,https://www.mixesdb.com/w/2006-05-20_-_Marco_Carola_@_Kristal_Glam_Club,Part 1,14,,,?,?
2006-05-20 - Marco Carola @ Kristal Glam Club,https://www.mixesdb.com/w/2006-05-20_-_Marco_Carola_@_Kristal_Glam_Club,Part 1,15,,Jeff Samuel,Fcote Knob (B2) [Trapez 14],Jeff Samuel - Fcote Knob (B2) [Trapez 14]
2006-05-20 - Marco Carola @ Kristal Glam Club,https://www.mixesdb.com/w/2006-05-20_-_Marco_Carola_@_Kristal_Glam_Club,Part 1,16,,Bruno Pronsato & Franco Cinelli,Hide Your Wives,Bruno Pronsato & Franco Cinelli - Hide Your Wives
2006-05-20 - Marco Carola @ Kristal Glam Club,https://www.mixesdb.com/w/2006-05-20_-_Marco_Carola_@_Kristal_Glam_Club,Part 1,17,,,?,?
2006-05-20 - Marco Carola @ Kristal Glam Club,https://www.mixesdb.com/w/2006-05-20_-_Marco_Carola_@_Kristal_Glam_Club,Part 1,18,,MARV,Sunflower,MARV - Sunflower
2006-05-20 - Marco Carola @ Kristal Glam Club,https://www.mixesdb.com/w/2006-05-20_-_Marco_Carola_@_Kristal_Glam_Club,Part 2,1,,Gaiser,Acid Drop,Gaiser - Acid Drop
2006-05-20 - Marco Carola @ Kristal Glam Club,https://www.mixesdb.com/w/2006-05-20_-_Marco_Carola_@_Kristal_Glam_Club,Part 2,2,,Marc Ashken,Hair Up High,Marc Ashken - Hair Up High
2006-05-20 - Marco Carola @ Kristal Glam Club,https://www.mixesdb.com/w/2006-05-20_-_Marco_Carola_@_Kristal_Glam_Club,Part 2,3,,Alfa Romero,Zebra Racing,Alfa Romero - Zebra Racing
2006-05-20 - Marco Carola @ Kristal Glam Club,https://www.mixesdb.com/w/2006-05-20_-_Marco_Carola_@_Kristal_Glam_Club,Part 2,4,,Alex Under,Unreleased Track,Alex Under - Unreleased Track
2006-05-20 - Marco Carola @ Kristal Glam Club,https://www.mixesdb.com/w/2006-05-20_-_Marco_Carola_@_Kristal_Glam_Club,Part 2,5,,Louderbach,Frustuck,Louderbach - Frustuck
2006-05-20 - Marco Carola @ Kristal Glam Club,https://www.mixesdb.com/w/2006-05-20_-_Marco_Carola_@_Kristal_Glam_Club,Part 2,6,,Katzo,Disconsolate,Katzo - Disconsolate
2006-05-20 - Marco Carola @ Kristal Glam Club,https://www.mixesdb.com/w/2006-05-20_-_Marco_Carola_@_Kristal_Glam_Club,Part 2,7,,Troy Pierce,25 Bitches (Gaiser's Too Many Bitches Makeover),Troy Pierce - 25 Bitches (Gaiser's Too Many Bitches Makeover)
2006-05-20 - Marco Carola @ Kristal Glam Club,https://www.mixesdb.com/w/2006-05-20_-_Marco_Carola_@_Kristal_Glam_Club,Part 2,8,,Phage And Daniel Dreier,Rien Ne Vas Plus,Phage And Daniel Dreier - Rien Ne Vas Plus
2006-05-20 - Marco Carola @ Kristal Glam Club,https://www.mixesdb.com/w/2006-05-20_-_Marco_Carola_@_Kristal_Glam_Club,Part 2,9,,DJ Emerson,Boy Got Bass,DJ Emerson - Boy Got Bass
2006-05-20 - Marco Carola @ Kristal Glam Club,https://www.mixesdb.com/w/2006-05-20_-_Marco_Carola_@_Kristal_Glam_Club,Part 2,10,,Dialogue,Cinch Your Body,Dialogue - Cinch Your Body
2006-05-20 - Marco Carola @ Kristal Glam Club,https://www.mixesdb.com/w/2006-05-20_-_Marco_Carola_@_Kristal_Glam_Club,Part 2,11,,Marlow & Dehlia,Movin (Tanzmann Mix),Marlow & Dehlia - Movin (Tanzmann Mix)
2006-05-20 - Marco Carola @ Kristal Glam Club,https://www.mixesdb.com/w/2006-05-20_-_Marco_Carola_@_Kristal_Glam_Club,Part 2,12,,Rino Cerrone,Rilis 4.5 (Marco Carola Remix),Rino Cerrone - Rilis 4.5 (Marco Carola Remix)
2006-05-20 - Marco Carola @ Kristal Glam Club,https://www.mixesdb.com/w/2006-05-20_-_Marco_Carola_@_Kristal_Glam_Club,Part 2,13,,Alex Under,El Diluvio Azul,Alex Under - El Diluvio Azul
2006-05-20 - Marco Carola @ Kristal Glam Club,https://www.mixesdb.com/w/2006-05-20_-_Marco_Carola_@_Kristal_Glam_Club,Part 2,14,,Alex Under,De Dos Realidades + Loops Extracted From Live,Alex Under - De Dos Realidades + Loops Extracted From Live
2006-05-20 - Marco Carola @ Kristal Glam Club,https://www.mixesdb.com/w/2006-05-20_-_Marco_Carola_@_Kristal_Glam_Club,Part 2,15,,Marc Ashken,Inside Track,Marc Ashken - Inside Track
2006-05-20 - Marco Carola @ Kristal Glam Club,https://www.mixesdb.com/w/2006-05-20_-_Marco_Carola_@_Kristal_Glam_Club,Part 2,16,,Audio Werner,Trust,Audio Werner - Trust
2006-05-20 - Marco Carola @ Kristal Glam Club,https://www.mixesdb.com/w/2006-05-20_-_Marco_Carola_@_Kristal_Glam_Club,Part 2,17,,Mathias Schaffhäuser,Lost Vox (Pan-Pot Mix),Mathias Schaffhäuser - Lost Vox (Pan-Pot Mix)
2006-05-20 - Marco Carola @ Kristal Glam Club,https://www.mixesdb.com/w/2006-05-20_-_Marco_Carola_@_Kristal_Glam_Club,Part 2,18,,Alex Smoke,Serious Like Plague,Alex Smoke - Serious Like Plague
2006-05-20 - Marco Carola @ Kristal Glam Club,https://www.mixesdb.com/w/2006-05-20_-_Marco_Carola_@_Kristal_Glam_Club,Part 2,19,,Paco Osuna,Crazy,Paco Osuna - Crazy
2006-05-20 - Marco Carola @ Kristal Glam Club,https://www.mixesdb.com/w/2006-05-20_-_Marco_Carola_@_Kristal_Glam_Club,Part 2,20,,,?,?
2006-05-20 - Marco Carola @ Kristal Glam Club,https://www.mixesdb.com/w/2006-05-20_-_Marco_Carola_@_Kristal_Glam_Club,Part 3,1,,Paco Osuna,Rishko,Paco Osuna - Rishko
2006-05-20 - Marco Carola @ Kristal Glam Club,https://www.mixesdb.com/w/2006-05-20_-_Marco_Carola_@_Kristal_Glam_Club,Part 3,2,,Hug,Birds,Hug - Birds
2006-05-20 - Marco Carola @ Kristal Glam Club,https://www.mixesdb.com/w/2006-05-20_-_Marco_Carola_@_Kristal_Glam_Club,Part 3,3,,Slam,This World (Wighnomy Bros & Robag Wruhme Bukkelfglippers Remix),Slam - This World (Wighnomy Bros & Robag Wruhme Bukkelfglippers Remix)
2006-05-20 - Marco Carola @ Kristal Glam Club,https://www.mixesdb.com/w/2006-05-20_-_Marco_Carola_@_Kristal_Glam_Club,Part 3,4,,Jetone,Nightblind (Tadeo Mix),Jetone - Nightblind (Tadeo Mix)
2006-05-20 - Marco Carola @ Kristal Glam Club,https://www.mixesdb.com/w/2006-05-20_-_Marco_Carola_@_Kristal_Glam_Club,Part 3,5,,Bushwacka!,Another Chance,Bushwacka! - Another Chance
2006-05-20 - Marco Carola @ Kristal Glam Club,https://www.mixesdb.com/w/2006-05-20_-_Marco_Carola_@_Kristal_Glam_Club,Part 3,6,,Bastien Grine,Where R U EP,Bastien Grine - Where R U EP
2006-05-20 - Marco Carola @ Kristal Glam Club,https://www.mixesdb.com/w/2006-05-20_-_Marco_Carola_@_Kristal_Glam_Club,Part 3,7,,Raudive,Turn It Off,Raudive - Turn It Off
2006-05-20 - Marco Carola @ Kristal Glam Club,https://www.mixesdb.com/w/2006-05-20_-_Marco_Carola_@_Kristal_Glam_Club,Part 3,8,,Nasty & Tresher,Black Sorcery,Nasty & Tresher - Black Sorcery
2006-05-20 - Marco Carola @ Kristal Glam Club,https://www.mixesdb.com/w/2006-05-20_-_Marco_Carola_@_Kristal_Glam_Club,Part 3,9,,Matthias Tanzmann,Bulldozer,Matthias Tanzmann - Bulldozer
2006-05-20 - Marco Carola @ Kristal Glam Club,https://www.mixesdb.com/w/2006-05-20_-_Marco_Carola_@_Kristal_Glam_Club,Part 3,10,,Thomas P. Heckmann,Eight'O'Eight,Thomas P. Heckmann - Eight'O'Eight
2006-05-20 - Marco Carola @ Kristal Glam Club,https://www.mixesdb.com/w/2006-05-20_-_Marco_Carola_@_Kristal_Glam_Club,Part 3,11,,,?,?
2006-05-20 - Marco Carola @ Kristal Glam Club,https://www.mixesdb.com/w/2006-05-20_-_Marco_Carola_@_Kristal_Glam_Club,Part 3,12,,Pär Grindvik,Mnemonic,Pär Grindvik - Mnemonic
2006-05-20 - Marco Carola @ Kristal Glam Club,https://www.mixesdb.com/w/2006-05-20_-_Marco_Carola_@_Kristal_Glam_Club,Part 3,13,,Sons Of Slough,Real People (Phil Kieran Remix),Sons Of Slough - Real People (Phil Kieran Remix)
2006-05-20 - Marco Carola @ Kristal Glam Club,https://www.mixesdb.com/w/2006-05-20_-_Marco_Carola_@_Kristal_Glam_Club,Part 3,14,,Ricardo Villalobos,Suesse Cheques,Ricardo Villalobos - Suesse Cheques
2006-05-20 - Marco Carola @ Kristal Glam Club,https://www.mixesdb.com/w/2006-05-20_-_Marco_Carola_@_Kristal_Glam_Club,Part 3,15,,,?,?
2006-05-20 - Marco Carola @ Kristal Glam Club,https://www.mixesdb.com/w/2006-05-20_-_Marco_Carola_@_Kristal_Glam_Club,Part 3,16,,DJ Koze,Pattern_Wirtschaft,DJ Koze - Pattern_Wirtschaft
2006-05-20 - Marco Carola @ Kristal Glam Club,https://www.mixesdb.com/w/2006-05-20_-_Marco_Carola_@_Kristal_Glam_Club,Part 3,17,,Marc Houle,Girl One,Marc Houle - Girl One
2006-05-20 - Marco Carola @ Kristal Glam Club,https://www.mixesdb.com/w/2006-05-20_-_Marco_Carola_@_Kristal_Glam_Club,Part 3,18,,Marc Houle,Clock Width,Marc Houle - Clock Width
2006-05-20 - Marco Carola @ Kristal Glam Club,https://www.mixesdb.com/w/2006-05-20_-_Marco_Carola_@_Kristal_Glam_Club,Part 3,19,,Paul Brtschitsch Pr Sightdraft,Intern,Paul Brtschitsch Pr Sightdraft - Intern
"2015-01-01 - Marco Carola @ Madrid Winter Festival 2015, Arganda del Rey, Madrid, Spain","https://www.mixesdb.com/w/2015-01-01_-_Marco_Carola_@_Madrid_Winter_Festival_2015,_Arganda_del_Rey,_Madrid,_Spain",,1,,Ukka,All The Same [Be One],Ukka - All The Same [Be One]
"2015-01-01 - Marco Carola @ Madrid Winter Festival 2015, Arganda del Rey, Madrid, Spain","https://www.mixesdb.com/w/2015-01-01_-_Marco_Carola_@_Madrid_Winter_Festival_2015,_Arganda_del_Rey,_Madrid,_Spain",,2,,,?,?
"2015-01-01 - Marco Carola @ Madrid Winter Festival 2015, Arganda del Rey, Madrid, Spain","https://www.mixesdb.com/w/2015-01-01_-_Marco_Carola_@_Madrid_Winter_Festival_2015,_Arganda_del_Rey,_Madrid,_Spain",,3,,Loui Fernandez & Pedro Rodriguez,Damas (Ismael Rivas Remix) [Escapism],Loui Fernandez & Pedro Rodriguez - Damas (Ismael Rivas Remix) [Escapism]
"2015-01-01 - Marco Carola @ Madrid Winter Festival 2015, Arganda del Rey, Madrid, Spain","https://www.mixesdb.com/w/2015-01-01_-_Marco_Carola_@_Madrid_Winter_Festival_2015,_Arganda_del_Rey,_Madrid,_Spain",,4,,Jay Bhana,Dance To The House [Local Lingo],Jay Bhana - Dance To The House [Local Lingo]
"2015-01-01 - Marco Carola @ Madrid Winter Festival 2015, Arganda del Rey, Madrid, Spain","https://www.mixesdb.com/w/2015-01-01_-_Marco_Carola_@_Madrid_Winter_Festival_2015,_Arganda_del_Rey,_Madrid,_Spain",,5,,,?,?
"2015-01-01 - Marco Carola @ Madrid Winter Festival 2015, Arganda del Rey, Madrid, Spain","https://www.mixesdb.com/w/2015-01-01_-_Marco_Carola_@_Madrid_Winter_Festival_2015,_Arganda_del_Rey,_Madrid,_Spain",,6,,Ross Evans,Curve Ball [Clarisse],Ross Evans - Curve Ball [Clarisse]
"2015-01-01 - Marco Carola @ Madrid Winter Festival 2015, Arganda del Rey, Madrid, Spain","https://www.mixesdb.com/w/2015-01-01_-_Marco_Carola_@_Madrid_Winter_Festival_2015,_Arganda_del_Rey,_Madrid,_Spain",,7,,Sven Kerkhoff,Raw Doom (Johnny Lamar Remix) [Autark],Sven Kerkhoff - Raw Doom (Johnny Lamar Remix) [Autark]
"2015-01-01 - Marco Carola @ Madrid Winter Festival 2015, Arganda del Rey, Madrid, Spain","https://www.mixesdb.com/w/2015-01-01_-_Marco_Carola_@_Madrid_Winter_Festival_2015,_Arganda_del_Rey,_Madrid,_Spain",,8,,Snilloc,Ted Benecki (Yvel & Tristan Remix) [Hi!Fly - HIFLY 002],Snilloc - Ted Benecki (Yvel & Tristan Remix) [Hi!Fly - HIFLY 002]
"2015-01-01 - Marco Carola @ Madrid Winter Festival 2015, Arganda del Rey, Madrid, Spain","https://www.mixesdb.com/w/2015-01-01_-_Marco_Carola_@_Madrid_Winter_Festival_2015,_Arganda_del_Rey,_Madrid,_Spain",,9,,Johnny Dangerous,Beat That Bitch [Problem #13],Johnny Dangerous - Beat That Bitch [Problem #13]
"2015-01-01 - Marco Carola @ Madrid Winter Festival 2015, Arganda del Rey, Madrid, Spain","https://www.mixesdb.com/w/2015-01-01_-_Marco_Carola_@_Madrid_Winter_Festival_2015,_Arganda_del_Rey,_Madrid,_Spain",,10,,Benoit & Sergio,Beat Macho [Visionquest],Benoit & Sergio - Beat Macho [Visionquest]
"2022-05-08 - Marco Carola @ Music On Festival, Havenpark, Amsterdam","https://www.mixesdb.com/w/2022-05-08_-_Marco_Carola_@_Music_On_Festival,_Havenpark,_Amsterdam",,1,,VLTRA,2 The Bit [Free],VLTRA - 2 The Bit [Free]
"2022-05-08 - Marco Carola @ Music On Festival, Havenpark, Amsterdam","https://www.mixesdb.com/w/2022-05-08_-_Marco_Carola_@_Music_On_Festival,_Havenpark,_Amsterdam",,2,,Yvan Genkins,Flash Light [Sanity],Yvan Genkins - Flash Light [Sanity]
"2022-05-08 - Marco Carola @ Music On Festival, Havenpark, Amsterdam","https://www.mixesdb.com/w/2022-05-08_-_Marco_Carola_@_Music_On_Festival,_Havenpark,_Amsterdam",,3,,Joey Youngman,Psychic Friends [Nightshift],Joey Youngman - Psychic Friends [Nightshift]
"2022-05-08 - Marco Carola @ Music On Festival, Havenpark, Amsterdam","https://www.mixesdb.com/w/2022-05-08_-_Marco_Carola_@_Music_On_Festival,_Havenpark,_Amsterdam",,4,,Riva Starr Feat. Dajae,The Loft (Emanuel Satie Remix) [Cajual],Riva Starr Feat. Dajae - The Loft (Emanuel Satie Remix) [Cajual]
"2022-05-08 - Marco Carola @ Music On Festival, Havenpark, Amsterdam","https://www.mixesdb.com/w/2022-05-08_-_Marco_Carola_@_Music_On_Festival,_Havenpark,_Amsterdam",,5,,Alaia & Gallo,Can't Give It Up [Mother],Alaia & Gallo - Can't Give It Up [Mother]
"2022-05-08 - Marco Carola @ Music On Festival, Havenpark, Amsterdam","https://www.mixesdb.com/w/2022-05-08_-_Marco_Carola_@_Music_On_Festival,_Havenpark,_Amsterdam",,6,,YINGYANG & Ren Phillips & Fabri Tacc,Sticky,YINGYANG & Ren Phillips & Fabri Tacc - Sticky
"2022-05-08 - Marco Carola @ Music On Festival, Havenpark, Amsterdam","https://www.mixesdb.com/w/2022-05-08_-_Marco_Carola_@_Music_On_Festival,_Havenpark,_Amsterdam",,7,,Mene,Bice Mi [Cuff],Mene - Bice Mi [Cuff]
"2022-05-08 - Marco Carola @ Music On Festival, Havenpark, Amsterdam","https://www.mixesdb.com/w/2022-05-08_-_Marco_Carola_@_Music_On_Festival,_Havenpark,_Amsterdam",,8,,Marcellus,Reputation [Hottrax],Marcellus - Reputation [Hottrax]
"2022-05-08 - Marco Carola @ Music On Festival, Havenpark, Amsterdam","https://www.mixesdb.com/w/2022-05-08_-_Marco_Carola_@_Music_On_Festival,_Havenpark,_Amsterdam",,9,,Armando,100% Of Disin' You (Warehouse Mix) [Warehouse],Armando - 100% Of Disin' You (Warehouse Mix) [Warehouse]
"2022-05-08 - Marco Carola @ Music On Festival, Havenpark, Amsterdam","https://www.mixesdb.com/w/2022-05-08_-_Marco_Carola_@_Music_On_Festival,_Havenpark,_Amsterdam",,10,,Oliver Gil,Bob / Ragga MC (Bootleg Live),Oliver Gil - Bob / Ragga MC (Bootleg Live)
"2022-05-08 - Marco Carola @ Music On Festival, Havenpark, Amsterdam","https://www.mixesdb.com/w/2022-05-08_-_Marco_Carola_@_Music_On_Festival,_Havenpark,_Amsterdam",,11,,John Tejada,Mono On Mono (Robag Wruhme Remix) [Palette],John Tejada - Mono On Mono (Robag Wruhme Remix) [Palette]
"2022-05-08 - Marco Carola @ Music On Festival, Havenpark, Amsterdam","https://www.mixesdb.com/w/2022-05-08_-_Marco_Carola_@_Music_On_Festival,_Havenpark,_Amsterdam",,12,,,?,?
"2022-05-08 - Marco Carola @ Music On Festival, Havenpark, Amsterdam","https://www.mixesdb.com/w/2022-05-08_-_Marco_Carola_@_Music_On_Festival,_Havenpark,_Amsterdam",,13,,,?,?
"2022-05-08 - Marco Carola @ Music On Festival, Havenpark, Amsterdam","https://www.mixesdb.com/w/2022-05-08_-_Marco_Carola_@_Music_On_Festival,_Havenpark,_Amsterdam",,14,,Aretha Franklin,A Deeper Love (Bootleg Live),Aretha Franklin - A Deeper Love (Bootleg Live)
"2022-05-08 - Marco Carola @ Music On Festival, Havenpark, Amsterdam","https://www.mixesdb.com/w/2022-05-08_-_Marco_Carola_@_Music_On_Festival,_Havenpark,_Amsterdam",,15,,Nick Curly,Sway [8Bit],Nick Curly - Sway [8Bit]
"2022-05-08 - Marco Carola @ Music On Festival, Havenpark, Amsterdam","https://www.mixesdb.com/w/2022-05-08_-_Marco_Carola_@_Music_On_Festival,_Havenpark,_Amsterdam",,16,,CJ Mackintosh,Come On The Remixes (Mike Harder Edge Mix),CJ Mackintosh - Come On The Remixes (Mike Harder Edge Mix)
"2022-05-08 - Marco Carola @ Music On Festival, Havenpark, Amsterdam","https://www.mixesdb.com/w/2022-05-08_-_Marco_Carola_@_Music_On_Festival,_Havenpark,_Amsterdam",,17,,Matt Caseli,Gonna Get With Ya [Terms & Conditions],Matt Caseli - Gonna Get With Ya [Terms & Conditions]
"2022-05-08 - Marco Carola @ Music On Festival, Havenpark, Amsterdam","https://www.mixesdb.com/w/2022-05-08_-_Marco_Carola_@_Music_On_Festival,_Havenpark,_Amsterdam",,18,,Alessandro Diruggiero & Rob Stillekens,U Ain't Ready [Black Seven],Alessandro Diruggiero & Rob Stillekens - U Ain't Ready [Black Seven]
"2022-05-08 - Marco Carola @ Music On Festival, Havenpark, Amsterdam","https://www.mixesdb.com/w/2022-05-08_-_Marco_Carola_@_Music_On_Festival,_Havenpark,_Amsterdam",,19,,Eliana Pittman,Quem Vai Querer (Ednner Soares Unofficial Remix),Eliana Pittman - Quem Vai Querer (Ednner Soares Unofficial Remix)
"2022-05-08 - Marco Carola @ Music On Festival, Havenpark, Amsterdam","https://www.mixesdb.com/w/2022-05-08_-_Marco_Carola_@_Music_On_Festival,_Havenpark,_Amsterdam",,20,,ItaloBros & Jerëmie.,Bolx [Kaluki],ItaloBros & Jerëmie. - Bolx [Kaluki]
"2022-05-08 - Marco Carola @ Music On Festival, Havenpark, Amsterdam","https://www.mixesdb.com/w/2022-05-08_-_Marco_Carola_@_Music_On_Festival,_Havenpark,_Amsterdam",,21,,RSquared,Dig [Rworks],RSquared - Dig [Rworks]
"2022-05-08 - Marco Carola @ Music On Festival, Havenpark, Amsterdam","https://www.mixesdb.com/w/2022-05-08_-_Marco_Carola_@_Music_On_Festival,_Havenpark,_Amsterdam",,22,,Silat Beksi,Flow [Winder],Silat Beksi - Flow [Winder]
"2022-05-08 - Marco Carola @ Music On Festival, Havenpark, Amsterdam","https://www.mixesdb.com/w/2022-05-08_-_Marco_Carola_@_Music_On_Festival,_Havenpark,_Amsterdam",,23,,Twins Up,Deleted [Happy],Twins Up - Deleted [Happy]
"2022-05-08 - Marco Carola @ Music On Festival, Havenpark, Amsterdam","https://www.mixesdb.com/w/2022-05-08_-_Marco_Carola_@_Music_On_Festival,_Havenpark,_Amsterdam",,24,,,?,?
"2022-05-08 - Marco Carola @ Music On Festival, Havenpark, Amsterdam","https://www.mixesdb.com/w/2022-05-08_-_Marco_Carola_@_Music_On_Festival,_Havenpark,_Amsterdam",,25,,Francis De Simone,Efdies [Glasgow Underground],Francis De Simone - Efdies [Glasgow Underground]
"2022-05-08 - Marco Carola @ Music On Festival, Havenpark, Amsterdam","https://www.mixesdb.com/w/2022-05-08_-_Marco_Carola_@_Music_On_Festival,_Havenpark,_Amsterdam",,26,,6th Borough Project,Planets,6th Borough Project - Planets
"2022-05-08 - Marco Carola @ Music On Festival, Havenpark, Amsterdam","https://www.mixesdb.com/w/2022-05-08_-_Marco_Carola_@_Music_On_Festival,_Havenpark,_Amsterdam",,27,,Make A Dance,I Need Somebody [Classic],Make A Dance - I Need Somebody [Classic]
"2006-06-01 - Marco Carola @ Ovest Club, Italy","https://www.mixesdb.com/w/2006-06-01_-_Marco_Carola_@_Ovest_Club,_Italy",Part 1,1,,,?,?
"2006-06-01 - Marco Carola @ Ovest Club, Italy","https://www.mixesdb.com/w/2006-06-01_-_Marco_Carola_@_Ovest_Club,_Italy",Part 1,2,,Fraktion,Acidrop,Fraktion - Acidrop
"2006-06-01 - Marco Carola @ Ovest Club, Italy","https://www.mixesdb.com/w/2006-06-01_-_Marco_Carola_@_Ovest_Club,_Italy",Part 1,3,,Mauro Alpha,Pallette (Luca Morris & Paul C Remix),Mauro Alpha - Pallette (Luca Morris & Paul C Remix)
"2006-06-01 - Marco Carola @ Ovest Club, Italy","https://www.mixesdb.com/w/2006-06-01_-_Marco_Carola_@_Ovest_Club,_Italy",Part 1,4,,Terry,Papreek,Terry - Papreek
"2006-06-01 - Marco Carola @ Ovest Club, Italy","https://www.mixesdb.com/w/2006-06-01_-_Marco_Carola_@_Ovest_Club,_Italy",Part 1,5,,DJ Koze,Pattern Wirtschaft,DJ Koze - Pattern Wirtschaft
"2006-06-01 - Marco Carola @ Ovest Club, Italy","https://www.mixesdb.com/w/2006-06-01_-_Marco_Carola_@_Ovest_Club,_Italy",Part 1,6,,Phage And Daniel Dreier,Rien Ne Vas Plus,Phage And Daniel Dreier - Rien Ne Vas Plus
"2006-06-01 - Marco Carola @ Ovest Club, Italy","https://www.mixesdb.com/w/2006-06-01_-_Marco_Carola_@_Ovest_Club,_Italy",Part 1,7,,,?,?
"2006-06-01 - Marco Carola @ Ovest Club, Italy","https://www.mixesdb.com/w/2006-06-01_-_Marco_Carola_@_Ovest_Club,_Italy",Part 1,8,,,?,?
"2006-06-01 - Marco Carola @ Ovest Club, Italy","https://www.mixesdb.com/w/2006-06-01_-_Marco_Carola_@_Ovest_Club,_Italy",Part 1,9,,Marc Ashken,Hair Up High,Marc Ashken - Hair Up High
"2006-06-01 - Marco Carola @ Ovest Club, Italy","https://www.mixesdb.com/w/2006-06-01_-_Marco_Carola_@_Ovest_Club,_Italy",Part 1,10,,Alex Under,Unreleased Track,Alex Under - Unreleased Track
"2006-06-01 - Marco Carola @ Ovest Club, Italy","https://www.mixesdb.com/w/2006-06-01_-_Marco_Carola_@_Ovest_Club,_Italy",Part 1,11,,Matthias Schaffhauser,Lost Vox (Pan-Pot Remix),Matthias Schaffhauser - Lost Vox (Pan-Pot Remix)
"2006-06-01 - Marco Carola @ Ovest Club, Italy","https://www.mixesdb.com/w/2006-06-01_-_Marco_Carola_@_Ovest_Club,_Italy",Part 1,12,,Audio Werner,Trust,Audio Werner - Trust
"2006-06-01 - Marco Carola @ Ovest Club, Italy","https://www.mixesdb.com/w/2006-06-01_-_Marco_Carola_@_Ovest_Club,_Italy",Part 1,13,,,?,?
"2006-06-01 - Marco Carola @ Ovest Club, Italy","https://www.mixesdb.com/w/2006-06-01_-_Marco_Carola_@_Ovest_Club,_Italy",Part 1,14,,Kamisshake,Rhythm Pervert,Kamisshake - Rhythm Pervert
"2006-06-01 - Marco Carola @ Ovest Club, Italy","https://www.mixesdb.com/w/2006-06-01_-_Marco_Carola_@_Ovest_Club,_Italy",Part 1,15,,,?,?
"2006-06-01 - Marco Carola @ Ovest Club, Italy","https://www.mixesdb.com/w/2006-06-01_-_Marco_Carola_@_Ovest_Club,_Italy",Part 1,16,,DJ Emerson,Boy Got Bass,DJ Emerson - Boy Got Bass
"2006-06-01 - Marco Carola @ Ovest Club, Italy","https://www.mixesdb.com/w/2006-06-01_-_Marco_Carola_@_Ovest_Club,_Italy",Part 1,17,,Marlow & Dehlia,Movin (Matthias Tanzmann Mix),Marlow & Dehlia - Movin (Matthias Tanzmann Mix)
"2006-06-01 - Marco Carola @ Ovest Club, Italy","https://www.mixesdb.com/w/2006-06-01_-_Marco_Carola_@_Ovest_Club,_Italy",Part 1,18,,Matthias Tanzmann,Bulldozer,Matthias Tanzmann - Bulldozer
"2006-06-01 - Marco Carola @ Ovest Club, Italy","https://www.mixesdb.com/w/2006-06-01_-_Marco_Carola_@_Ovest_Club,_Italy",Part 2,1,,Raudive,Turn It Off,Raudive - Turn It Off
"2006-06-01 - Marco Carola @ Ovest Club, Italy","https://www.mixesdb.com/w/2006-06-01_-_Marco_Carola_@_Ovest_Club,_Italy",Part 2,2,,Marek Bois,Aris,Marek Bois - Aris
"2006-06-01 - Marco Carola @ Ovest Club, Italy","https://www.mixesdb.com/w/2006-06-01_-_Marco_Carola_@_Ovest_Club,_Italy",Part 2,3,,Renato Figoli,Ocho Al Puma,Renato Figoli - Ocho Al Puma
"2006-06-01 - Marco Carola @ Ovest Club, Italy","https://www.mixesdb.com/w/2006-06-01_-_Marco_Carola_@_Ovest_Club,_Italy",Part 2,4,,Autotune,Little Machine,Autotune - Little Machine
"2006-06-01 - Marco Carola @ Ovest Club, Italy","https://www.mixesdb.com/w/2006-06-01_-_Marco_Carola_@_Ovest_Club,_Italy",Part 2,5,,Robin Porter & Lucas Rodenbush,Neighborhood Drama,Robin Porter & Lucas Rodenbush - Neighborhood Drama
"2006-06-01 - Marco Carola @ Ovest Club, Italy","https://www.mixesdb.com/w/2006-06-01_-_Marco_Carola_@_Ovest_Club,_Italy",Part 2,6,,,?,?
"2006-06-01 - Marco Carola @ Ovest Club, Italy","https://www.mixesdb.com/w/2006-06-01_-_Marco_Carola_@_Ovest_Club,_Italy",Part 2,7,,N/A,Flame It! (Freestyle Man Edit) [MOOD Lim 004],N/A - Flame It! (Freestyle Man Edit) [MOOD Lim 004]
"2006-06-01 - Marco Carola @ Ovest Club, Italy","https://www.mixesdb.com/w/2006-06-01_-_Marco_Carola_@_Ovest_Club,_Italy",Part 2,8,,Jetone,Nightblind (Tadeo Mix),Jetone - Nightblind (Tadeo Mix)
"2006-06-01 - Marco Carola @ Ovest Club, Italy","https://www.mixesdb.com/w/2006-06-01_-_Marco_Carola_@_Ovest_Club,_Italy",Part 2,9,,Loco Dice,Jacuzzi Games,Loco Dice - Jacuzzi Games
"2006-06-01 - Marco Carola @ Ovest Club, Italy","https://www.mixesdb.com/w/2006-06-01_-_Marco_Carola_@_Ovest_Club,_Italy",Part 2,10,,Billy D'alessandro,Come With Me (John Gaiser Remix),Billy D'alessandro - Come With Me (John Gaiser Remix)
"2006-06-01 - Marco Carola @ Ovest Club, Italy","https://www.mixesdb.com/w/2006-06-01_-_Marco_Carola_@_Ovest_Club,_Italy",Part 2,11,,Louderbach,Frustuck,Louderbach - Frustuck
"2006-06-01 - Marco Carola @ Ovest Club, Italy","https://www.mixesdb.com/w/2006-06-01_-_Marco_Carola_@_Ovest_Club,_Italy",Part 2,12,,Luna City Express,Fresh (Tanzmann & Stefanik's Them Refreshed People Mix),Luna City Express - Fresh (Tanzmann & Stefanik's Them Refreshed People Mix)
"2006-06-01 - Marco Carola @ Ovest Club, Italy","https://www.mixesdb.com/w/2006-06-01_-_Marco_Carola_@_Ovest_Club,_Italy",Part 2,13,,,?,?
"2006-06-01 - Marco Carola @ Ovest Club, Italy","https://www.mixesdb.com/w/2006-06-01_-_Marco_Carola_@_Ovest_Club,_Italy",Part 2,14,,,?,?
"2006-06-01 - Marco Carola @ Ovest Club, Italy","https://www.mixesdb.com/w/2006-06-01_-_Marco_Carola_@_Ovest_Club,_Italy",Part 2,15,,Alex Cortex,Reticarga Pt4,Alex Cortex - Reticarga Pt4
"2006-06-01 - Marco Carola @ Ovest Club, Italy","https://www.mixesdb.com/w/2006-06-01_-_Marco_Carola_@_Ovest_Club,_Italy",Part 2,16,,Tadeo,Bateria Lup!,Tadeo - Bateria Lup!
"2006-06-01 - Marco Carola @ Ovest Club, Italy","https://www.mixesdb.com/w/2006-06-01_-_Marco_Carola_@_Ovest_Club,_Italy",Part 2,17,,Dub Kult,Bells Of Death,Dub Kult - Bells Of Death
"2006-06-01 - Marco Carola @ Ovest Club, Italy","https://www.mixesdb.com/w/2006-06-01_-_Marco_Carola_@_Ovest_Club,_Italy",Part 2,18,,Move D,Anne Will,Move D - Anne Will
"2006-06-01 - Marco Carola @ Ovest Club, Italy","https://www.mixesdb.com/w/2006-06-01_-_Marco_Carola_@_Ovest_Club,_Italy",Part 2,19,,Ricardo Villalobos,Panpot Spliff,Ricardo Villalobos - Panpot Spliff
"2006-06-01 - Marco Carola @ Ovest Club, Italy","https://www.mixesdb.com/w/2006-06-01_-_Marco_Carola_@_Ovest_Club,_Italy",Part 2,20,,,?,?
"2006-06-01 - Marco Carola @ Ovest Club, Italy","https://www.mixesdb.com/w/2006-06-01_-_Marco_Carola_@_Ovest_Club,_Italy",Part 3,1,,Dialogue,Cinch Your Body,Dialogue - Cinch Your Body
"2006-06-01 - Marco Carola @ Ovest Club, Italy","https://www.mixesdb.com/w/2006-06-01_-_Marco_Carola_@_Ovest_Club,_Italy",Part 3,2,,Hug,Birds,Hug - Birds
"2006-06-01 - Marco Carola @ Ovest Club, Italy","https://www.mixesdb.com/w/2006-06-01_-_Marco_Carola_@_Ovest_Club,_Italy",Part 3,3,,Paco Osuna,Rishko,Paco Osuna - Rishko
"2006-06-01 - Marco Carola @ Ovest Club, Italy","https://www.mixesdb.com/w/2006-06-01_-_Marco_Carola_@_Ovest_Club,_Italy",Part 3,4,,Patrik Skoog,The Distance,Patrik Skoog - The Distance
"2006-06-01 - Marco Carola @ Ovest Club, Italy","https://www.mixesdb.com/w/2006-06-01_-_Marco_Carola_@_Ovest_Club,_Italy",Part 3,5,,Paco Osuna,Crazy,Paco Osuna - Crazy
"2006-06-01 - Marco Carola @ Ovest Club, Italy","https://www.mixesdb.com/w/2006-06-01_-_Marco_Carola_@_Ovest_Club,_Italy",Part 3,6,,Paul Brtschitsch And Galluzzi,Regenschauer (Guido Schneider Remix),Paul Brtschitsch And Galluzzi - Regenschauer (Guido Schneider Remix)
"2006-06-01 - Marco Carola @ Ovest Club, Italy","https://www.mixesdb.com/w/2006-06-01_-_Marco_Carola_@_Ovest_Club,_Italy",Part 3,7,,Daniel Stefanik,Deviant Behaviour,Daniel Stefanik - Deviant Behaviour
"2006-06-01 - Marco Carola @ Ovest Club, Italy","https://www.mixesdb.com/w/2006-06-01_-_Marco_Carola_@_Ovest_Club,_Italy",Part 3,8,,Marc Houle,Girl One,Marc Houle - Girl One
"2006-06-01 - Marco Carola @ Ovest Club, Italy","https://www.mixesdb.com/w/2006-06-01_-_Marco_Carola_@_Ovest_Club,_Italy",Part 3,9,,Marc Houle,Clock Width,Marc Houle - Clock Width
"2006-06-01 - Marco Carola @ Ovest Club, Italy","https://www.mixesdb.com/w/2006-06-01_-_Marco_Carola_@_Ovest_Club,_Italy",Part 3,10,,Tobias Freund,Street Knowledge,Tobias Freund - Street Knowledge
"2006-06-01 - Marco Carola @ Ovest Club, Italy","https://www.mixesdb.com/w/2006-06-01_-_Marco_Carola_@_Ovest_Club,_Italy",Part 3,11,,Depeche Mode,John The Revelator (Tiefschwarz Dub),Depeche Mode - John The Revelator (Tiefschwarz Dub)
"2006-06-01 - Marco Carola @ Ovest Club, Italy","https://www.mixesdb.com/w/2006-06-01_-_Marco_Carola_@_Ovest_Club,_Italy",Part 3,12,,Buschwacka,Beastman,Buschwacka - Beastman
"2006-06-01 - Marco Carola @ Ovest Club, Italy","https://www.mixesdb.com/w/2006-06-01_-_Marco_Carola_@_Ovest_Club,_Italy",Part 3,13,,Marc Ashken,Inside Track,Marc Ashken - Inside Track
"2006-06-01 - Marco Carola @ Ovest Club, Italy","https://www.mixesdb.com/w/2006-06-01_-_Marco_Carola_@_Ovest_Club,_Italy",Part 3,14,,Alex Under,El Diluvio Azul,Alex Under - El Diluvio Azul
"2006-06-01 - Marco Carola @ Ovest Club, Italy","https://www.mixesdb.com/w/2006-06-01_-_Marco_Carola_@_Ovest_Club,_Italy",Part 3,15,,Jochen Trappe,Organic,Jochen Trappe - Organic
"2006-06-01 - Marco Carola @ Ovest Club, Italy","https://www.mixesdb.com/w/2006-06-01_-_Marco_Carola_@_Ovest_Club,_Italy",Part 3,16,,Jeff Samuel,Fcote Knob [Trapez Ltd 14] - B2],Jeff Samuel - Fcote Knob [Trapez Ltd 14] - B2]
"2006-06-01 - Marco Carola @ Ovest Club, Italy","https://www.mixesdb.com/w/2006-06-01_-_Marco_Carola_@_Ovest_Club,_Italy",Part 3,17,,,?,?
"2011-09-24 - Marco Carola @ The Warehouse Project, Manchester","https://www.mixesdb.com/w/2011-09-24_-_Marco_Carola_@_The_Warehouse_Project,_Manchester",,1,000,David Herrero,Okavango [Recovery House],David Herrero - Okavango [Recovery House]
"2011-09-24 - Marco Carola @ The Warehouse Project, Manchester","https://www.mixesdb.com/w/2011-09-24_-_Marco_Carola_@_The_Warehouse_Project,_Manchester",,2,005,Yoshitaca,Just Lay Back (Jun Akimoto & Nobuo Ittetsu Remix) [Metroline - MLTD 043D],Yoshitaca - Just Lay Back (Jun Akimoto & Nobuo Ittetsu Remix) [Metroline - MLTD 043D]
"2011-09-24 - Marco Carola @ The Warehouse Project, Manchester","https://www.mixesdb.com/w/2011-09-24_-_Marco_Carola_@_The_Warehouse_Project,_Manchester",,3,010,Billy Johnston,VivaCuba(Simone Tavazzi Remix) [Smut - 015],Billy Johnston - VivaCuba(Simone Tavazzi Remix) [Smut - 015]
"2011-09-24 - Marco Carola @ The Warehouse Project, Manchester","https://www.mixesdb.com/w/2011-09-24_-_Marco_Carola_@_The_Warehouse_Project,_Manchester",,4,015,Oliver Klein & Peter Juergens,Hey Baby [Vendetta - VENCD 1230],Oliver Klein & Peter Juergens - Hey Baby [Vendetta - VENCD 1230]
"2011-09-24 - Marco Carola @ The Warehouse Project, Manchester","https://www.mixesdb.com/w/2011-09-24_-_Marco_Carola_@_The_Warehouse_Project,_Manchester",,5,019,Gregor Thrasher,Frontline (Nic Fanciulli Remix),Gregor Thrasher - Frontline (Nic Fanciulli Remix)
"2011-09-24 - Marco Carola @ The Warehouse Project, Manchester","https://www.mixesdb.com/w/2011-09-24_-_Marco_Carola_@_The_Warehouse_Project,_Manchester",,6,023,Re-Up,Abakua [Kina - KNM 020],Re-Up - Abakua [Kina - KNM 020]
"2011-09-24 - Marco Carola @ The Warehouse Project, Manchester","https://www.mixesdb.com/w/2011-09-24_-_Marco_Carola_@_The_Warehouse_Project,_Manchester",,7,028,Amy Bain,Sightings (Horatio Remix),Amy Bain - Sightings (Horatio Remix)
"2011-09-24 - Marco Carola @ The Warehouse Project, Manchester","https://www.mixesdb.com/w/2011-09-24_-_Marco_Carola_@_The_Warehouse_Project,_Manchester",,8,033,Mihalis Safras,Memory Loss [LW - FTHC 04],Mihalis Safras - Memory Loss [LW - FTHC 04]
"2011-09-24 - Marco Carola @ The Warehouse Project, Manchester","https://www.mixesdb.com/w/2011-09-24_-_Marco_Carola_@_The_Warehouse_Project,_Manchester",,9,038,Francisco Allendes & Marcelo Rosselot,El Grillo El Indio Y El Robot,Francisco Allendes & Marcelo Rosselot - El Grillo El Indio Y El Robot
"2011-09-24 - Marco Carola @ The Warehouse Project, Manchester","https://www.mixesdb.com/w/2011-09-24_-_Marco_Carola_@_The_Warehouse_Project,_Manchester",,10,042,Cuartero,El Africano [Witty Tunes - WT 052],Cuartero - El Africano [Witty Tunes - WT 052]
"2011-09-24 - Marco Carola @ The Warehouse Project, Manchester","https://www.mixesdb.com/w/2011-09-24_-_Marco_Carola_@_The_Warehouse_Project,_Manchester",,11,047,Havisi,Gimmi Di Woman (Icaro Remix) [Mile End - MILE 161],Havisi - Gimmi Di Woman (Icaro Remix) [Mile End - MILE 161]
"2011-09-24 - Marco Carola @ The Warehouse Project, Manchester","https://www.mixesdb.com/w/2011-09-24_-_Marco_Carola_@_The_Warehouse_Project,_Manchester",,12,051,2000 and One,Tropical Melons (Kaiserdisco Remix),2000 and One - Tropical Melons (Kaiserdisco Remix)
"2011-09-24 - Marco Carola @ The Warehouse Project, Manchester","https://www.mixesdb.com/w/2011-09-24_-_Marco_Carola_@_The_Warehouse_Project,_Manchester",,13,057,Hollen,Artedom [ARVA - 060],Hollen - Artedom [ARVA - 060]
"2011-09-24 - Marco Carola @ The Warehouse Project, Manchester","https://www.mixesdb.com/w/2011-09-24_-_Marco_Carola_@_The_Warehouse_Project,_Manchester",,14,061,Matteo Spedicati & Mr. Bizz,Naitoku (Mulder (NL) Remix),Matteo Spedicati & Mr. Bizz - Naitoku (Mulder (NL) Remix)
"2011-09-24 - Marco Carola @ The Warehouse Project, Manchester","https://www.mixesdb.com/w/2011-09-24_-_Marco_Carola_@_The_Warehouse_Project,_Manchester",,15,067,Hectik Rivero & Mika Materazzi,From A Jar [Witty Tunes - WT 042],Hectik Rivero & Mika Materazzi - From A Jar [Witty Tunes - WT 042]
"2011-09-24 - Marco Carola @ The Warehouse Project, Manchester","https://www.mixesdb.com/w/2011-09-24_-_Marco_Carola_@_The_Warehouse_Project,_Manchester",,16,072,,?,?
"2011-09-24 - Marco Carola @ The Warehouse Project, Manchester","https://www.mixesdb.com/w/2011-09-24_-_Marco_Carola_@_The_Warehouse_Project,_Manchester",,17,076,Ronan Portela,Tendenz,Ronan Portela - Tendenz
"2011-09-24 - Marco Carola @ The Warehouse Project, Manchester","https://www.mixesdb.com/w/2011-09-24_-_Marco_Carola_@_The_Warehouse_Project,_Manchester",,18,081,Chris Wood & Meat,Triple S [Souvenir - 038],Chris Wood & Meat - Triple S [Souvenir - 038]
"2011-09-24 - Marco Carola @ The Warehouse Project, Manchester","https://www.mixesdb.com/w/2011-09-24_-_Marco_Carola_@_The_Warehouse_Project,_Manchester",,19,088,Samuel L. Session,Four To The Floor (Pig&Dan Remix) [Ground Factory - GF 031],Samuel L. Session - Four To The Floor (Pig&Dan Remix) [Ground Factory - GF 031]
"2011-09-24 - Marco Carola @ The Warehouse Project, Manchester","https://www.mixesdb.com/w/2011-09-24_-_Marco_Carola_@_The_Warehouse_Project,_Manchester",,20,094,Soul Camp,Walk With Me,Soul Camp - Walk With Me
"2011-09-24 - Marco Carola @ The Warehouse Project, Manchester","https://www.mixesdb.com/w/2011-09-24_-_Marco_Carola_@_The_Warehouse_Project,_Manchester",,21,097,,?,?
"2000-12-06 - Marco Carola @ Tonic, Toronto","https://www.mixesdb.com/w/2000-12-06_-_Marco_Carola_@_Tonic,_Toronto",,1,00:00:01,Antoine Clamaran,Univers (Experience Club Mix) + Recycled Loops (Earresistible Twice),Antoine Clamaran - Univers (Experience Club Mix) + Recycled Loops (Earresistible Twice)
"2000-12-06 - Marco Carola @ Tonic, Toronto","https://www.mixesdb.com/w/2000-12-06_-_Marco_Carola_@_Tonic,_Toronto",,2,00:04:24,,?,?
"2000-12-06 - Marco Carola @ Tonic, Toronto","https://www.mixesdb.com/w/2000-12-06_-_Marco_Carola_@_Tonic,_Toronto",,3,00:07:10,Rino Cerrone,Rilis 06,Rino Cerrone - Rilis 06
"2000-12-06 - Marco Carola @ Tonic, Toronto","https://www.mixesdb.com/w/2000-12-06_-_Marco_Carola_@_Tonic,_Toronto",,4,00:11:04,"Damon Wild, Cisco Ferreira, Colin McBean",Flight Dance,"Damon Wild, Cisco Ferreira, Colin McBean - Flight Dance"
"2000-12-06 - Marco Carola @ Tonic, Toronto","https://www.mixesdb.com/w/2000-12-06_-_Marco_Carola_@_Tonic,_Toronto",,5,00:12:56,,?,?
"2000-12-06 - Marco Carola @ Tonic, Toronto","https://www.mixesdb.com/w/2000-12-06_-_Marco_Carola_@_Tonic,_Toronto",,6,00:14:12,Olav Basoski,Hooked On Da Loop,Olav Basoski - Hooked On Da Loop
"2000-12-06 - Marco Carola @ Tonic, Toronto","https://www.mixesdb.com/w/2000-12-06_-_Marco_Carola_@_Tonic,_Toronto",,7,00:16:46,The Reaver,Mmmm,The Reaver - Mmmm
"2000-12-06 - Marco Carola @ Tonic, Toronto","https://www.mixesdb.com/w/2000-12-06_-_Marco_Carola_@_Tonic,_Toronto",,8,00:18:01,,?,?
"2000-12-06 - Marco Carola @ Tonic, Toronto","https://www.mixesdb.com/w/2000-12-06_-_Marco_Carola_@_Tonic,_Toronto",,9,00:20:53,,?,?
"2000-12-06 - Marco Carola @ Tonic, Toronto","https://www.mixesdb.com/w/2000-12-06_-_Marco_Carola_@_Tonic,_Toronto",,10,00:22:48,,?,?
"2000-12-06 - Marco Carola @ Tonic, Toronto","https://www.mixesdb.com/w/2000-12-06_-_Marco_Carola_@_Tonic,_Toronto",,11,00:24:02,The Advent,Stassis,The Advent - Stassis
"2000-12-06 - Marco Carola @ Tonic, Toronto","https://www.mixesdb.com/w/2000-12-06_-_Marco_Carola_@_Tonic,_Toronto",,12,00:25:05,Zeta Reticula,EP 2 (A1),Zeta Reticula - EP 2 (A1)
"2000-12-06 - Marco Carola @ Tonic, Toronto","https://www.mixesdb.com/w/2000-12-06_-_Marco_Carola_@_Tonic,_Toronto",,13,00:27:15,Devilfish,Manalive,Devilfish - Manalive
"2000-12-06 - Marco Carola @ Tonic, Toronto","https://www.mixesdb.com/w/2000-12-06_-_Marco_Carola_@_Tonic,_Toronto",,14,00:30:29,Recycled Loops,Earresistible Once,Recycled Loops - Earresistible Once
"2000-12-06 - Marco Carola @ Tonic, Toronto","https://www.mixesdb.com/w/2000-12-06_-_Marco_Carola_@_Tonic,_Toronto",,15,00:32:22,? + E-Dancer,Velocity Funk,? + E-Dancer - Velocity Funk
"2000-12-06 - Marco Carola @ Tonic, Toronto","https://www.mixesdb.com/w/2000-12-06_-_Marco_Carola_@_Tonic,_Toronto",,16,00:35:54,,?,?
"2000-12-06 - Marco Carola @ Tonic, Toronto","https://www.mixesdb.com/w/2000-12-06_-_Marco_Carola_@_Tonic,_Toronto",,17,00:38:19,Halo Varga,Future! + Winston Churchill (All Clear!),Halo Varga - Future! + Winston Churchill (All Clear!)
"2000-12-06 - Marco Carola @ Tonic, Toronto","https://www.mixesdb.com/w/2000-12-06_-_Marco_Carola_@_Tonic,_Toronto",,18,00:40:12,TDR,Squelch (Fellatio Profunda Mix),TDR - Squelch (Fellatio Profunda Mix)
"2000-12-06 - Marco Carola @ Tonic, Toronto","https://www.mixesdb.com/w/2000-12-06_-_Marco_Carola_@_Tonic,_Toronto",,19,00:42:05,Whatever Girl,Activator You Need Some (Deep Dish Edit),Whatever Girl - Activator You Need Some (Deep Dish Edit)
"2000-12-06 - Marco Carola @ Tonic, Toronto","https://www.mixesdb.com/w/2000-12-06_-_Marco_Carola_@_Tonic,_Toronto",,20,00:44:41,Player,Player Two (A1),Player - Player Two (A1)
"2000-12-06 - Marco Carola @ Tonic, Toronto","https://www.mixesdb.com/w/2000-12-06_-_Marco_Carola_@_Tonic,_Toronto",,21,00:46:46,Joey Beltram,The Start It Up + E-Dancer [Pump The Move],Joey Beltram - The Start It Up + E-Dancer [Pump The Move]
"2000-12-06 - Marco Carola @ Tonic, Toronto","https://www.mixesdb.com/w/2000-12-06_-_Marco_Carola_@_Tonic,_Toronto",,22,00:50:09,Recycled Loops,"Hear No Evil, Play No Evil, Dance No Evil (B2)","Recycled Loops - Hear No Evil, Play No Evil, Dance No Evil (B2)"
"2000-12-06 - Marco Carola @ Tonic, Toronto","https://www.mixesdb.com/w/2000-12-06_-_Marco_Carola_@_Tonic,_Toronto",,23,00:52:29,Rino Cerrone,Optical Way EP [A1],Rino Cerrone - Optical Way EP [A1]
"2000-12-06 - Marco Carola @ Tonic, Toronto","https://www.mixesdb.com/w/2000-12-06_-_Marco_Carola_@_Tonic,_Toronto",,24,00:54:34,,?,?
"2000-12-06 - Marco Carola @ Tonic, Toronto","https://www.mixesdb.com/w/2000-12-06_-_Marco_Carola_@_Tonic,_Toronto",,25,00:58:30,Mr. G,Lights (G's Out Dub) MUTED,Mr. G - Lights (G's Out Dub) MUTED
"2000-12-06 - Marco Carola @ Tonic, Toronto","https://www.mixesdb.com/w/2000-12-06_-_Marco_Carola_@_Tonic,_Toronto",,26,01:01:46,Chris Cowie,Therapy (Two),Chris Cowie - Therapy (Two)
"2000-12-06 - Marco Carola @ Tonic, Toronto","https://www.mixesdb.com/w/2000-12-06_-_Marco_Carola_@_Tonic,_Toronto",,27,01:04:09,,?,?
"2000-12-06 - Marco Carola @ Tonic, Toronto","https://www.mixesdb.com/w/2000-12-06_-_Marco_Carola_@_Tonic,_Toronto",,28,01:07:23,,?,?
"2000-12-06 - Marco Carola @ Tonic, Toronto","https://www.mixesdb.com/w/2000-12-06_-_Marco_Carola_@_Tonic,_Toronto",,29,01:09:04,,?,?
"2000-12-06 - Marco Carola @ Tonic, Toronto","https://www.mixesdb.com/w/2000-12-06_-_Marco_Carola_@_Tonic,_Toronto",,30,01:11:28,Joshua,Watch Da Bass,Joshua - Watch Da Bass
"2000-12-06 - Marco Carola @ Tonic, Toronto","https://www.mixesdb.com/w/2000-12-06_-_Marco_Carola_@_Tonic,_Toronto",,31,01:13:24,Playboy,A Paco Di Bango's World (Instrumental),Playboy - A Paco Di Bango's World (Instrumental)
"2000-12-06 - Marco Carola @ Tonic, Toronto","https://www.mixesdb.com/w/2000-12-06_-_Marco_Carola_@_Tonic,_Toronto",,32,01:15:51,,?,?
"2006-04-22 - Marco Carola @ Florida 135, Fraga, Spain","https://www.mixesdb.com/w/2006-04-22_-_Marco_Carola_@_Florida_135,_Fraga,_Spain",,1,,00:00 DJ Emerson,Boy Got Bass,00:00 DJ Emerson - Boy Got Bass
"2006-04-22 - Marco Carola @ Florida 135, Fraga, Spain","https://www.mixesdb.com/w/2006-04-22_-_Marco_Carola_@_Florida_135,_Fraga,_Spain",,2,,02:15 Tobias Freund,Street knowledge [log 055],02:15 Tobias Freund - Street knowledge [log 055]
"2006-04-22 - Marco Carola @ Florida 135, Fraga, Spain","https://www.mixesdb.com/w/2006-04-22_-_Marco_Carola_@_Florida_135,_Fraga,_Spain",,3,,06:50 Traffic Signs,Infiltrate [ts 004],06:50 Traffic Signs - Infiltrate [ts 004]
"2006-04-22 - Marco Carola @ Florida 135, Fraga, Spain","https://www.mixesdb.com/w/2006-04-22_-_Marco_Carola_@_Florida_135,_Fraga,_Spain",,4,,10:35 Marlow & Dehlia,Movin (matthias tanzmann mix),10:35 Marlow & Dehlia - Movin (matthias tanzmann mix)
"2006-04-22 - Marco Carola @ Florida 135, Fraga, Spain","https://www.mixesdb.com/w/2006-04-22_-_Marco_Carola_@_Florida_135,_Fraga,_Spain",,5,,13:00 Gummihz,a.a.k.n.y. [mobilee],13:00 Gummihz - a.a.k.n.y. [mobilee]
"2006-04-22 - Marco Carola @ Florida 135, Fraga, Spain","https://www.mixesdb.com/w/2006-04-22_-_Marco_Carola_@_Florida_135,_Fraga,_Spain",,6,,15:10 Alex Smoke,Meany [soma 193],15:10 Alex Smoke - Meany [soma 193]
"2006-04-22 - Marco Carola @ Florida 135, Fraga, Spain","https://www.mixesdb.com/w/2006-04-22_-_Marco_Carola_@_Florida_135,_Fraga,_Spain",,7,,20:00 Ed Davenport,Diminuendo [gumption 002],20:00 Ed Davenport - Diminuendo [gumption 002]
"2006-04-22 - Marco Carola @ Florida 135, Fraga, Spain","https://www.mixesdb.com/w/2006-04-22_-_Marco_Carola_@_Florida_135,_Fraga,_Spain",,8,,22:30 Alexi Delano,Echolocation [plus8],22:30 Alexi Delano - Echolocation [plus8]
"2006-04-22 - Marco Carola @ Florida 135, Fraga, Spain","https://www.mixesdb.com/w/2006-04-22_-_Marco_Carola_@_Florida_135,_Fraga,_Spain",,9,,25:43 Buschwacka,Beastman,25:43 Buschwacka - Beastman
"2006-04-22 - Marco Carola @ Florida 135, Fraga, Spain","https://www.mixesdb.com/w/2006-04-22_-_Marco_Carola_@_Florida_135,_Fraga,_Spain",,10,,33:00 Billy D'alessandro,Come With Me (john Gaiser rmx) [rsp red 002],33:00 Billy D'alessandro - Come With Me (john Gaiser rmx) [rsp red 002]
"2006-04-22 - Marco Carola @ Florida 135, Fraga, Spain","https://www.mixesdb.com/w/2006-04-22_-_Marco_Carola_@_Florida_135,_Fraga,_Spain",,11,,37:00 Misc.,Tanz der Polymere (hemman and Kaden rmx) [send057],37:00 Misc. - Tanz der Polymere (hemman and Kaden rmx) [send057]
"2006-04-22 - Marco Carola @ Florida 135, Fraga, Spain","https://www.mixesdb.com/w/2006-04-22_-_Marco_Carola_@_Florida_135,_Fraga,_Spain",,12,,39:00 Troy Pierce,25 Bitches (Gaiser's Too Many Bitches rmx)[minus 39],39:00 Troy Pierce - 25 Bitches (Gaiser's Too Many Bitches rmx)[minus 39]
"2006-04-22 - Marco Carola @ Florida 135, Fraga, Spain","https://www.mixesdb.com/w/2006-04-22_-_Marco_Carola_@_Florida_135,_Fraga,_Spain",,13,,43:00 Autotune,Little machine [fuma 18],43:00 Autotune - Little machine [fuma 18]
"2006-04-22 - Marco Carola @ Florida 135, Fraga, Spain","https://www.mixesdb.com/w/2006-04-22_-_Marco_Carola_@_Florida_135,_Fraga,_Spain",,14,,47:00 Percy X pres. The Separatists,Audiomer [soma],47:00 Percy X pres. The Separatists - Audiomer [soma]
"2006-04-22 - Marco Carola @ Florida 135, Fraga, Spain","https://www.mixesdb.com/w/2006-04-22_-_Marco_Carola_@_Florida_135,_Fraga,_Spain",,15,,51:00 Par Grindvink,Mnemonic [stockholm05],51:00 Par Grindvink - Mnemonic [stockholm05]
"2006-04-22 - Marco Carola @ Florida 135, Fraga, Spain","https://www.mixesdb.com/w/2006-04-22_-_Marco_Carola_@_Florida_135,_Fraga,_Spain",,16,,55:30 Alex Under,Multiplicanciones 2 [apnea 07],55:30 Alex Under - Multiplicanciones 2 [apnea 07]
"2006-04-22 - Marco Carola @ Florida 135, Fraga, Spain","https://www.mixesdb.com/w/2006-04-22_-_Marco_Carola_@_Florida_135,_Fraga,_Spain",,17,,59:30 Marc Ashken,Inside track [saf 007],59:30 Marc Ashken - Inside track [saf 007]
"2006-04-22 - Marco Carola @ Florida 135, Fraga, Spain","https://www.mixesdb.com/w/2006-04-22_-_Marco_Carola_@_Florida_135,_Fraga,_Spain",,18,,63.30 Alex Under,El diluvio azul [trapez 062],63.30 Alex Under - El diluvio azul [trapez 062]
"2006-04-22 - Marco Carola @ Florida 135, Fraga, Spain","https://www.mixesdb.com/w/2006-04-22_-_Marco_Carola_@_Florida_135,_Fraga,_Spain",,19,,68:30 Jochen Trappe,Organic [cns004-6],68:30 Jochen Trappe - Organic [cns004-6]
"2006-04-22 - Marco Carola @ Florida 135, Fraga, Spain","https://www.mixesdb.com/w/2006-04-22_-_Marco_Carola_@_Florida_135,_Fraga,_Spain",,20,,72:00 Matthias Tanzmann,Bulldozer [mhr 022],72:00 Matthias Tanzmann - Bulldozer [mhr 022]
"2006-04-22 - Marco Carola @ Florida 135, Fraga, Spain","https://www.mixesdb.com/w/2006-04-22_-_Marco_Carola_@_Florida_135,_Fraga,_Spain",,21,,76:00 Bastien Grine,Where r u EP,76:00 Bastien Grine - Where r u EP
"2006-04-22 - Marco Carola @ Florida 135, Fraga, Spain","https://www.mixesdb.com/w/2006-04-22_-_Marco_Carola_@_Florida_135,_Fraga,_Spain",,22,,78:30 Robert Drewek,Acidition (David Keno mix [i220],78:30 Robert Drewek - Acidition (David Keno mix [i220]
"2017-02-24 - Marco Carola @ Music On, Sound Nightclub, Los Angeles","https://www.mixesdb.com/w/2017-02-24_-_Marco_Carola_@_Music_On,_Sound_Nightclub,_Los_Angeles",,1,00,Anthony Pl & Paul S,Elements (Vernon Bara's Remix) [Homecoming - HMCD 03],Anthony Pl & Paul S - Elements (Vernon Bara's Remix) [Homecoming - HMCD 03]
"2017-02-24 - Marco Carola @ Music On, Sound Nightclub, Los Angeles","https://www.mixesdb.com/w/2017-02-24_-_Marco_Carola_@_Music_On,_Sound_Nightclub,_Los_Angeles",,2,04,Santos,Feeling [Snatch! - SNATCHOFF 038],Santos - Feeling [Snatch! - SNATCHOFF 038]
"2017-02-24 - Marco Carola @ Music On, Sound Nightclub, Los Angeles","https://www.mixesdb.com/w/2017-02-24_-_Marco_Carola_@_Music_On,_Sound_Nightclub,_Los_Angeles",,3,10,,?,?
"2017-02-24 - Marco Carola @ Music On, Sound Nightclub, Los Angeles","https://www.mixesdb.com/w/2017-02-24_-_Marco_Carola_@_Music_On,_Sound_Nightclub,_Los_Angeles",,4,15,Kaiq,Vamo (Dub Mix),Kaiq - Vamo (Dub Mix)
"2017-02-24 - Marco Carola @ Music On, Sound Nightclub, Los Angeles","https://www.mixesdb.com/w/2017-02-24_-_Marco_Carola_@_Music_On,_Sound_Nightclub,_Los_Angeles",,5,20,Right On,Flacker [Voltaire - VOLTCOMP 547],Right On - Flacker [Voltaire - VOLTCOMP 547]
"2017-02-24 - Marco Carola @ Music On, Sound Nightclub, Los Angeles","https://www.mixesdb.com/w/2017-02-24_-_Marco_Carola_@_Music_On,_Sound_Nightclub,_Los_Angeles",,6,26,Havana Dub & Marck Jamz,Cause & Effect [Safe - 058],Havana Dub & Marck Jamz - Cause & Effect [Safe - 058]
"2017-02-24 - Marco Carola @ Music On, Sound Nightclub, Los Angeles","https://www.mixesdb.com/w/2017-02-24_-_Marco_Carola_@_Music_On,_Sound_Nightclub,_Los_Angeles",,7,31,Gruuvelement's,Spicy [Natural Rhythm - N 206],Gruuvelement's - Spicy [Natural Rhythm - N 206]
"2017-02-24 - Marco Carola @ Music On, Sound Nightclub, Los Angeles","https://www.mixesdb.com/w/2017-02-24_-_Marco_Carola_@_Music_On,_Sound_Nightclub,_Los_Angeles",,8,37,Mario Mijatovic,Acapulco Gold [Malicious Smile - MSLTD 049],Mario Mijatovic - Acapulco Gold [Malicious Smile - MSLTD 049]
"2017-02-24 - Marco Carola @ Music On, Sound Nightclub, Los Angeles","https://www.mixesdb.com/w/2017-02-24_-_Marco_Carola_@_Music_On,_Sound_Nightclub,_Los_Angeles",,9,42,Mirko Gorelli,House Culture [Bonzai Progressive - MWCD 2016497],Mirko Gorelli - House Culture [Bonzai Progressive - MWCD 2016497]
"2017-02-24 - Marco Carola @ Music On, Sound Nightclub, Los Angeles","https://www.mixesdb.com/w/2017-02-24_-_Marco_Carola_@_Music_On,_Sound_Nightclub,_Los_Angeles",,10,47,Drastic Duo,Off (Kaiq Remix),Drastic Duo - Off (Kaiq Remix)
"2017-02-24 - Marco Carola @ Music On, Sound Nightclub, Los Angeles","https://www.mixesdb.com/w/2017-02-24_-_Marco_Carola_@_Music_On,_Sound_Nightclub,_Los_Angeles",,11,52,Luis Martinez,Comeback [Cray1 Labworks - C 1LW062],Luis Martinez - Comeback [Cray1 Labworks - C 1LW062]
"2017-02-24 - Marco Carola @ Music On, Sound Nightclub, Los Angeles","https://www.mixesdb.com/w/2017-02-24_-_Marco_Carola_@_Music_On,_Sound_Nightclub,_Los_Angeles",,12,55,Hardcopy,To The Groove,Hardcopy - To The Groove
"2021-10-17 - Marco Carola @ The Loft, A'DAM Tower, ADE","https://www.mixesdb.com/w/2021-10-17_-_Marco_Carola_@_The_Loft,_A'DAM_Tower,_ADE",,1,00,Fabe,Locked [Infuse],Fabe - Locked [Infuse]
"2021-10-17 - Marco Carola @ The Loft, A'DAM Tower, ADE","https://www.mixesdb.com/w/2021-10-17_-_Marco_Carola_@_The_Loft,_A'DAM_Tower,_ADE",,2,02,,?,?
"2021-10-17 - Marco Carola @ The Loft, A'DAM Tower, ADE","https://www.mixesdb.com/w/2021-10-17_-_Marco_Carola_@_The_Loft,_A'DAM_Tower,_ADE",,3,02,,?,?
"2021-10-17 - Marco Carola @ The Loft, A'DAM Tower, ADE","https://www.mixesdb.com/w/2021-10-17_-_Marco_Carola_@_The_Loft,_A'DAM_Tower,_ADE",,4,02,,?,?
"2021-10-17 - Marco Carola @ The Loft, A'DAM Tower, ADE","https://www.mixesdb.com/w/2021-10-17_-_Marco_Carola_@_The_Loft,_A'DAM_Tower,_ADE",,5,04,John Jastszebski,Drive In,John Jastszebski - Drive In
"2021-10-17 - Marco Carola @ The Loft, A'DAM Tower, ADE","https://www.mixesdb.com/w/2021-10-17_-_Marco_Carola_@_The_Loft,_A'DAM_Tower,_ADE",,6,0?,Oscar G & Ralph Falcon aka Murk,Dark Beat [Twisted],Oscar G & Ralph Falcon aka Murk - Dark Beat [Twisted]
"2021-10-17 - Marco Carola @ The Loft, A'DAM Tower, ADE","https://www.mixesdb.com/w/2021-10-17_-_Marco_Carola_@_The_Loft,_A'DAM_Tower,_ADE",,7,04,Jamahr,Once Upon A Time [Politics Of Dancing],Jamahr - Once Upon A Time [Politics Of Dancing]
"2021-10-17 - Marco Carola @ The Loft, A'DAM Tower, ADE","https://www.mixesdb.com/w/2021-10-17_-_Marco_Carola_@_The_Loft,_A'DAM_Tower,_ADE",,8,05,JP Chronic,Funky Stuff,JP Chronic - Funky Stuff
"2021-10-17 - Marco Carola @ The Loft, A'DAM Tower, ADE","https://www.mixesdb.com/w/2021-10-17_-_Marco_Carola_@_The_Loft,_A'DAM_Tower,_ADE",,9,06,Charlie Banks,Dweck's Dungeon,Charlie Banks - Dweck's Dungeon
"2021-10-17 - Marco Carola @ The Loft, A'DAM Tower, ADE","https://www.mixesdb.com/w/2021-10-17_-_Marco_Carola_@_The_Loft,_A'DAM_Tower,_ADE",,10,07,Matteo Gatti,For Your Mind [Snatch!],Matteo Gatti - For Your Mind [Snatch!]
"2021-10-17 - Marco Carola @ The Loft, A'DAM Tower, ADE","https://www.mixesdb.com/w/2021-10-17_-_Marco_Carola_@_The_Loft,_A'DAM_Tower,_ADE",,11,07,,?,?
"2021-10-17 - Marco Carola @ The Loft, A'DAM Tower, ADE","https://www.mixesdb.com/w/2021-10-17_-_Marco_Carola_@_The_Loft,_A'DAM_Tower,_ADE",,12,08,,?,?
"2021-10-17 - Marco Carola @ The Loft, A'DAM Tower, ADE","https://www.mixesdb.com/w/2021-10-17_-_Marco_Carola_@_The_Loft,_A'DAM_Tower,_ADE",,13,08,,?,?
"2021-10-17 - Marco Carola @ The Loft, A'DAM Tower, ADE","https://www.mixesdb.com/w/2021-10-17_-_Marco_Carola_@_The_Loft,_A'DAM_Tower,_ADE",,14,10,X-Files,XYBK,X-Files - XYBK
"2021-10-17 - Marco Carola @ The Loft, A'DAM Tower, ADE","https://www.mixesdb.com/w/2021-10-17_-_Marco_Carola_@_The_Loft,_A'DAM_Tower,_ADE",,15,13,,?,?
"2021-10-17 - Marco Carola @ The Loft, A'DAM Tower, ADE","https://www.mixesdb.com/w/2021-10-17_-_Marco_Carola_@_The_Loft,_A'DAM_Tower,_ADE",,16,15,C&C Music Factory,Gonna Make You Sweat (Everybody Dance Now) [BMG],C&C Music Factory - Gonna Make You Sweat (Everybody Dance Now) [BMG]
"2021-10-17 - Marco Carola @ The Loft, A'DAM Tower, ADE","https://www.mixesdb.com/w/2021-10-17_-_Marco_Carola_@_The_Loft,_A'DAM_Tower,_ADE",,17,19,,?,?
"2021-10-17 - Marco Carola @ The Loft, A'DAM Tower, ADE","https://www.mixesdb.com/w/2021-10-17_-_Marco_Carola_@_The_Loft,_A'DAM_Tower,_ADE",,18,19,Memoryman aka Uovo,Sleepless Disco Night (Terje Bakke Afterhour Remix),Memoryman aka Uovo - Sleepless Disco Night (Terje Bakke Afterhour Remix)
"2021-10-17 - Marco Carola @ The Loft, A'DAM Tower, ADE","https://www.mixesdb.com/w/2021-10-17_-_Marco_Carola_@_The_Loft,_A'DAM_Tower,_ADE",,19,20,Mr. Tophat & Art Alfie,Yellow Feather,Mr. Tophat & Art Alfie - Yellow Feather
"2021-10-17 - Marco Carola @ The Loft, A'DAM Tower, ADE","https://www.mixesdb.com/w/2021-10-17_-_Marco_Carola_@_The_Loft,_A'DAM_Tower,_ADE",,20,21,,?,?
"2021-10-17 - Marco Carola @ The Loft, A'DAM Tower, ADE","https://www.mixesdb.com/w/2021-10-17_-_Marco_Carola_@_The_Loft,_A'DAM_Tower,_ADE",,21,23,,?,?
"2021-10-17 - Marco Carola @ The Loft, A'DAM Tower, ADE","https://www.mixesdb.com/w/2021-10-17_-_Marco_Carola_@_The_Loft,_A'DAM_Tower,_ADE",,22,24,Kristin Velvet,Eat The Drum (Old School Mix) [Arms & Legs],Kristin Velvet - Eat The Drum (Old School Mix) [Arms & Legs]
"2021-10-17 - Marco Carola @ The Loft, A'DAM Tower, ADE","https://www.mixesdb.com/w/2021-10-17_-_Marco_Carola_@_The_Loft,_A'DAM_Tower,_ADE",,23,24,,?,?
"2021-10-17 - Marco Carola @ The Loft, A'DAM Tower, ADE","https://www.mixesdb.com/w/2021-10-17_-_Marco_Carola_@_The_Loft,_A'DAM_Tower,_ADE",,24,25,,?,?
"2021-10-17 - Marco Carola @ The Loft, A'DAM Tower, ADE","https://www.mixesdb.com/w/2021-10-17_-_Marco_Carola_@_The_Loft,_A'DAM_Tower,_ADE",,25,26,Ruffneck Feat. Yavahn,Everybody Be Somebody [MAW],Ruffneck Feat. Yavahn - Everybody Be Somebody [MAW]
"2021-10-17 - Marco Carola @ The Loft, A'DAM Tower, ADE","https://www.mixesdb.com/w/2021-10-17_-_Marco_Carola_@_The_Loft,_A'DAM_Tower,_ADE",,26,30,D.Y.A,Buzzin' [Van Liebling],D.Y.A - Buzzin' [Van Liebling]
"2021-10-17 - Marco Carola @ The Loft, A'DAM Tower, ADE","https://www.mixesdb.com/w/2021-10-17_-_Marco_Carola_@_The_Loft,_A'DAM_Tower,_ADE",,27,33,,?,?
"2021-10-17 - Marco Carola @ The Loft, A'DAM Tower, ADE","https://www.mixesdb.com/w/2021-10-17_-_Marco_Carola_@_The_Loft,_A'DAM_Tower,_ADE",,28,36,Ultra Naté,Free [Strictly],Ultra Naté - Free [Strictly]
"2021-10-17 - Marco Carola @ The Loft, A'DAM Tower, ADE","https://www.mixesdb.com/w/2021-10-17_-_Marco_Carola_@_The_Loft,_A'DAM_Tower,_ADE",,29,37,Markus Fix,Bo Boston,Markus Fix - Bo Boston
"2021-10-17 - Marco Carola @ The Loft, A'DAM Tower, ADE","https://www.mixesdb.com/w/2021-10-17_-_Marco_Carola_@_The_Loft,_A'DAM_Tower,_ADE",,30,39,Marc Romboy & Blake Baxter,Freakin [Systematic],Marc Romboy & Blake Baxter - Freakin [Systematic]
"2021-10-17 - Marco Carola @ The Loft, A'DAM Tower, ADE","https://www.mixesdb.com/w/2021-10-17_-_Marco_Carola_@_The_Loft,_A'DAM_Tower,_ADE",,31,43,Tiga,Pleasure From The Bass [Different (Pias)],Tiga - Pleasure From The Bass [Different (Pias)]
"2021-10-17 - Marco Carola @ The Loft, A'DAM Tower, ADE","https://www.mixesdb.com/w/2021-10-17_-_Marco_Carola_@_The_Loft,_A'DAM_Tower,_ADE",,32,45,Ingram,Mi Sabrina Tequana (My Sister's Daughter),Ingram - Mi Sabrina Tequana (My Sister's Daughter)
"2011-05-26 - Marco Carola @ Santiago Beats, Santiago de Chile","https://www.mixesdb.com/w/2011-05-26_-_Marco_Carola_@_Santiago_Beats,_Santiago_de_Chile",,1,000,David Pher,Ain't Nobody (Lauhaus Remix) [Wasabi - COMP 067],David Pher - Ain't Nobody (Lauhaus Remix) [Wasabi - COMP 067]
"2011-05-26 - Marco Carola @ Santiago Beats, Santiago de Chile","https://www.mixesdb.com/w/2011-05-26_-_Marco_Carola_@_Santiago_Beats,_Santiago_de_Chile",,2,003,Sven Tasnadi,Petit Four [Cargo Edition - CARGO 019],Sven Tasnadi - Petit Four [Cargo Edition - CARGO 019]
"2011-05-26 - Marco Carola @ Santiago Beats, Santiago de Chile","https://www.mixesdb.com/w/2011-05-26_-_Marco_Carola_@_Santiago_Beats,_Santiago_de_Chile",,3,008,Carlos Sanchez & DJ Rey,Strombolie [Supernature - SPN 018],Carlos Sanchez & DJ Rey - Strombolie [Supernature - SPN 018]
"2011-05-26 - Marco Carola @ Santiago Beats, Santiago de Chile","https://www.mixesdb.com/w/2011-05-26_-_Marco_Carola_@_Santiago_Beats,_Santiago_de_Chile",,4,013,Santorini,Mushrooms [Recycle - IRM 689],Santorini - Mushrooms [Recycle - IRM 689]
"2011-05-26 - Marco Carola @ Santiago Beats, Santiago de Chile","https://www.mixesdb.com/w/2011-05-26_-_Marco_Carola_@_Santiago_Beats,_Santiago_de_Chile",,5,019,Alberto Sola,Asi Seran Los Dias (Someone Else Mix) [Natural Rhythm - N 16],Alberto Sola - Asi Seran Los Dias (Someone Else Mix) [Natural Rhythm - N 16]
"2011-05-26 - Marco Carola @ Santiago Beats, Santiago de Chile","https://www.mixesdb.com/w/2011-05-26_-_Marco_Carola_@_Santiago_Beats,_Santiago_de_Chile",,6,025,Jun Akimoto,Rapine [Tretmuehle - TRETCOMP 096],Jun Akimoto - Rapine [Tretmuehle - TRETCOMP 096]
"2011-05-26 - Marco Carola @ Santiago Beats, Santiago de Chile","https://www.mixesdb.com/w/2011-05-26_-_Marco_Carola_@_Santiago_Beats,_Santiago_de_Chile",,7,032,ICS,Four PM [Magnetik Grooves - MGNTK 035],ICS - Four PM [Magnetik Grooves - MGNTK 035]
"2011-05-26 - Marco Carola @ Santiago Beats, Santiago de Chile","https://www.mixesdb.com/w/2011-05-26_-_Marco_Carola_@_Santiago_Beats,_Santiago_de_Chile",,8,037,Dzeta N Basile & Cozzy D,Contrast [Real Tone - RTR 048],Dzeta N Basile & Cozzy D - Contrast [Real Tone - RTR 048]
"2011-05-26 - Marco Carola @ Santiago Beats, Santiago de Chile","https://www.mixesdb.com/w/2011-05-26_-_Marco_Carola_@_Santiago_Beats,_Santiago_de_Chile",,9,042,Mr. Bizz,Southsound (Nick Daring Remix) [Sleep Is Commercial - SIC 0120],Mr. Bizz - Southsound (Nick Daring Remix) [Sleep Is Commercial - SIC 0120]
"2011-05-26 - Marco Carola @ Santiago Beats, Santiago de Chile","https://www.mixesdb.com/w/2011-05-26_-_Marco_Carola_@_Santiago_Beats,_Santiago_de_Chile",,10,048,Pizeta,Tikitaka (Apparell Remix) [Autan - AUT 002-4],Pizeta - Tikitaka (Apparell Remix) [Autan - AUT 002-4]
"2011-05-26 - Marco Carola @ Santiago Beats, Santiago de Chile","https://www.mixesdb.com/w/2011-05-26_-_Marco_Carola_@_Santiago_Beats,_Santiago_de_Chile",,11,054,Nuria Ghia,Nuna (Someone Else Remix),Nuria Ghia - Nuna (Someone Else Remix)
"2011-05-26 - Marco Carola @ Santiago Beats, Santiago de Chile","https://www.mixesdb.com/w/2011-05-26_-_Marco_Carola_@_Santiago_Beats,_Santiago_de_Chile",,12,057,Alberto Sola,Asi Seran Los Dias (Someone Else Mix) [Natural Rhythm - N 16],Alberto Sola - Asi Seran Los Dias (Someone Else Mix) [Natural Rhythm - N 16]
"2011-05-26 - Marco Carola @ Santiago Beats, Santiago de Chile","https://www.mixesdb.com/w/2011-05-26_-_Marco_Carola_@_Santiago_Beats,_Santiago_de_Chile",,13,058,,?,?
"2011-05-26 - Marco Carola @ Santiago Beats, Santiago de Chile","https://www.mixesdb.com/w/2011-05-26_-_Marco_Carola_@_Santiago_Beats,_Santiago_de_Chile",,14,060,Leonardo Gonnelli & Mennie,Flat Beat [Melomane - MELO 017],Leonardo Gonnelli & Mennie - Flat Beat [Melomane - MELO 017]
"2011-05-26 - Marco Carola @ Santiago Beats, Santiago de Chile","https://www.mixesdb.com/w/2011-05-26_-_Marco_Carola_@_Santiago_Beats,_Santiago_de_Chile",,15,067,ICS,Back Up [Magnetik Grooves - MGNTK 041],ICS - Back Up [Magnetik Grooves - MGNTK 041]
"2011-05-26 - Marco Carola @ Santiago Beats, Santiago de Chile","https://www.mixesdb.com/w/2011-05-26_-_Marco_Carola_@_Santiago_Beats,_Santiago_de_Chile",,16,071,Jerry Aseret,Natural Evolution [Stolen Soul - SSM 013],Jerry Aseret - Natural Evolution [Stolen Soul - SSM 013]
"2011-05-26 - Marco Carola @ Santiago Beats, Santiago de Chile","https://www.mixesdb.com/w/2011-05-26_-_Marco_Carola_@_Santiago_Beats,_Santiago_de_Chile",,17,078,UGLH & Federico Locchi,Caracana (Club Mix) [Recovery Tech],UGLH & Federico Locchi - Caracana (Club Mix) [Recovery Tech]
"2011-05-26 - Marco Carola @ Santiago Beats, Santiago de Chile","https://www.mixesdb.com/w/2011-05-26_-_Marco_Carola_@_Santiago_Beats,_Santiago_de_Chile",,18,085,,?,?
"2011-05-26 - Marco Carola @ Santiago Beats, Santiago de Chile","https://www.mixesdb.com/w/2011-05-26_-_Marco_Carola_@_Santiago_Beats,_Santiago_de_Chile",,19,090,Strict Border,Cannibal (Carlos Sanchez & DJ Ray Remix) [Escapism - EM 017],Strict Border - Cannibal (Carlos Sanchez & DJ Ray Remix) [Escapism - EM 017]
"2011-05-26 - Marco Carola @ Santiago Beats, Santiago de Chile","https://www.mixesdb.com/w/2011-05-26_-_Marco_Carola_@_Santiago_Beats,_Santiago_de_Chile",,20,098,Paul C,Nada [Kenpo - 04],Paul C - Nada [Kenpo - 04]
"2011-05-26 - Marco Carola @ Santiago Beats, Santiago de Chile","https://www.mixesdb.com/w/2011-05-26_-_Marco_Carola_@_Santiago_Beats,_Santiago_de_Chile",,21,104,,?,?
"2011-05-26 - Marco Carola @ Santiago Beats, Santiago de Chile","https://www.mixesdb.com/w/2011-05-26_-_Marco_Carola_@_Santiago_Beats,_Santiago_de_Chile",,22,106,Alessio Collina,Discorotto [Inmotion - INM 012],Alessio Collina - Discorotto [Inmotion - INM 012]
"2011-05-26 - Marco Carola @ Santiago Beats, Santiago de Chile","https://www.mixesdb.com/w/2011-05-26_-_Marco_Carola_@_Santiago_Beats,_Santiago_de_Chile",,23,110,Rampa,Wrong [Souvenir - CD 003],Rampa - Wrong [Souvenir - CD 003]
"2011-05-26 - Marco Carola @ Santiago Beats, Santiago de Chile","https://www.mixesdb.com/w/2011-05-26_-_Marco_Carola_@_Santiago_Beats,_Santiago_de_Chile",,24,115,Topper & Etnitude,Tehei [Sleep Is Commercial - SIC 009N],Topper & Etnitude - Tehei [Sleep Is Commercial - SIC 009N]
"2011-05-26 - Marco Carola @ Santiago Beats, Santiago de Chile","https://www.mixesdb.com/w/2011-05-26_-_Marco_Carola_@_Santiago_Beats,_Santiago_de_Chile",,25,121,Hectik Rivero & Mika Materazzi,From A Jar [Witty Tunes - WT 042],Hectik Rivero & Mika Materazzi - From A Jar [Witty Tunes - WT 042]
"2011-05-26 - Marco Carola @ Santiago Beats, Santiago de Chile","https://www.mixesdb.com/w/2011-05-26_-_Marco_Carola_@_Santiago_Beats,_Santiago_de_Chile",,26,129,Argy,Unreliable Virgin (Tim Green Remix) [Cocoon - CORCD 025DIGITAL],Argy - Unreliable Virgin (Tim Green Remix) [Cocoon - CORCD 025DIGITAL]
"2011-05-26 - Marco Carola @ Santiago Beats, Santiago de Chile","https://www.mixesdb.com/w/2011-05-26_-_Marco_Carola_@_Santiago_Beats,_Santiago_de_Chile",,27,135,Nicole Moudaber,Chocolate Love [Inmotion - INM 012],Nicole Moudaber - Chocolate Love [Inmotion - INM 012]
"2011-05-26 - Marco Carola @ Santiago Beats, Santiago de Chile","https://www.mixesdb.com/w/2011-05-26_-_Marco_Carola_@_Santiago_Beats,_Santiago_de_Chile",,28,140,,?,?
"2011-05-26 - Marco Carola @ Santiago Beats, Santiago de Chile","https://www.mixesdb.com/w/2011-05-26_-_Marco_Carola_@_Santiago_Beats,_Santiago_de_Chile",,29,147,Adam Port,You Better [Souvenir - CD 003],Adam Port - You Better [Souvenir - CD 003]
"2011-05-26 - Marco Carola @ Santiago Beats, Santiago de Chile","https://www.mixesdb.com/w/2011-05-26_-_Marco_Carola_@_Santiago_Beats,_Santiago_de_Chile",,30,151,Kenny Ground,Balia [Caballero - CABACOMP 020],Kenny Ground - Balia [Caballero - CABACOMP 020]
"2012-05-23 - Marco Carola @ A Teka Special Event, Lima Restaurant & Lounge, Washington DC","https://www.mixesdb.com/w/2012-05-23_-_Marco_Carola_@_A_Teka_Special_Event,_Lima_Restaurant_&_Lounge,_Washington_DC",,1,00,Mennie,Der Komm (Dela Remix),Mennie - Der Komm (Dela Remix)
"2012-05-23 - Marco Carola @ A Teka Special Event, Lima Restaurant & Lounge, Washington DC","https://www.mixesdb.com/w/2012-05-23_-_Marco_Carola_@_A_Teka_Special_Event,_Lima_Restaurant_&_Lounge,_Washington_DC",,2,04,,?,?
"2012-05-23 - Marco Carola @ A Teka Special Event, Lima Restaurant & Lounge, Washington DC","https://www.mixesdb.com/w/2012-05-23_-_Marco_Carola_@_A_Teka_Special_Event,_Lima_Restaurant_&_Lounge,_Washington_DC",,3,07,Clio,Your Eyes (Leon Remix) [Rawthentic - RAW 067],Clio - Your Eyes (Leon Remix) [Rawthentic - RAW 067]
"2012-05-23 - Marco Carola @ A Teka Special Event, Lima Restaurant & Lounge, Washington DC","https://www.mixesdb.com/w/2012-05-23_-_Marco_Carola_@_A_Teka_Special_Event,_Lima_Restaurant_&_Lounge,_Washington_DC",,4,12,Wender A & Rods Novaes,Samba (Fabian Argomedo Remix) [Not For - NFU 008],Wender A & Rods Novaes - Samba (Fabian Argomedo Remix) [Not For - NFU 008]
"2012-05-23 - Marco Carola @ A Teka Special Event, Lima Restaurant & Lounge, Washington DC","https://www.mixesdb.com/w/2012-05-23_-_Marco_Carola_@_A_Teka_Special_Event,_Lima_Restaurant_&_Lounge,_Washington_DC",,5,18,Alberto Pascual,Serious Injury [Plus 8 - PLUS 8124D],Alberto Pascual - Serious Injury [Plus 8 - PLUS 8124D]
"2012-05-23 - Marco Carola @ A Teka Special Event, Lima Restaurant & Lounge, Washington DC","https://www.mixesdb.com/w/2012-05-23_-_Marco_Carola_@_A_Teka_Special_Event,_Lima_Restaurant_&_Lounge,_Washington_DC",,6,22,Julien Piacentino,Carlito [Time Has Changed - THCSRS 011],Julien Piacentino - Carlito [Time Has Changed - THCSRS 011]
"2012-05-23 - Marco Carola @ A Teka Special Event, Lima Restaurant & Lounge, Washington DC","https://www.mixesdb.com/w/2012-05-23_-_Marco_Carola_@_A_Teka_Special_Event,_Lima_Restaurant_&_Lounge,_Washington_DC",,7,25,Smoke Sykes,Elisabeth (Snilloc Remix) [Kina - KNM 026],Smoke Sykes - Elisabeth (Snilloc Remix) [Kina - KNM 026]
"2012-05-23 - Marco Carola @ A Teka Special Event, Lima Restaurant & Lounge, Washington DC","https://www.mixesdb.com/w/2012-05-23_-_Marco_Carola_@_A_Teka_Special_Event,_Lima_Restaurant_&_Lounge,_Washington_DC",,8,30,Youcef Elaid,Stretch,Youcef Elaid - Stretch
"2012-05-23 - Marco Carola @ A Teka Special Event, Lima Restaurant & Lounge, Washington DC","https://www.mixesdb.com/w/2012-05-23_-_Marco_Carola_@_A_Teka_Special_Event,_Lima_Restaurant_&_Lounge,_Washington_DC",,9,34,Markomas,Red Shoes [SK Supreme],Markomas - Red Shoes [SK Supreme]
"2012-05-23 - Marco Carola @ A Teka Special Event, Lima Restaurant & Lounge, Washington DC","https://www.mixesdb.com/w/2012-05-23_-_Marco_Carola_@_A_Teka_Special_Event,_Lima_Restaurant_&_Lounge,_Washington_DC",,10,39,Fabier,Complex (Stefano Kosa Remix),Fabier - Complex (Stefano Kosa Remix)
"2012-05-23 - Marco Carola @ A Teka Special Event, Lima Restaurant & Lounge, Washington DC","https://www.mixesdb.com/w/2012-05-23_-_Marco_Carola_@_A_Teka_Special_Event,_Lima_Restaurant_&_Lounge,_Washington_DC",,11,45,Andres Santana,Sfinter (Angelo Ferreri Davide Vario Remix),Andres Santana - Sfinter (Angelo Ferreri Davide Vario Remix)
"2012-05-23 - Marco Carola @ A Teka Special Event, Lima Restaurant & Lounge, Washington DC","https://www.mixesdb.com/w/2012-05-23_-_Marco_Carola_@_A_Teka_Special_Event,_Lima_Restaurant_&_Lounge,_Washington_DC",,12,50,Spencer K,Benjouda (Redondo Remix),Spencer K - Benjouda (Redondo Remix)
"2010-12-31 - Marco Carola b2b Loco Dice @ Goaultrabeat, Atlantico, Rome","https://www.mixesdb.com/w/2010-12-31_-_Marco_Carola_b2b_Loco_Dice_@_Goaultrabeat,_Atlantico,_Rome",,1,000,Laufmasche,Go For It [Tretmuehle - TRETCOMP 060],Laufmasche - Go For It [Tretmuehle - TRETCOMP 060]
"2010-12-31 - Marco Carola b2b Loco Dice @ Goaultrabeat, Atlantico, Rome","https://www.mixesdb.com/w/2010-12-31_-_Marco_Carola_b2b_Loco_Dice_@_Goaultrabeat,_Atlantico,_Rome",,2,006,Unders,Spiderpig,Unders - Spiderpig
"2010-12-31 - Marco Carola b2b Loco Dice @ Goaultrabeat, Atlantico, Rome","https://www.mixesdb.com/w/2010-12-31_-_Marco_Carola_b2b_Loco_Dice_@_Goaultrabeat,_Atlantico,_Rome",,3,015,Juana Molina,Un Dia (Reboot Remix) [Domino - RUG 371D],Juana Molina - Un Dia (Reboot Remix) [Domino - RUG 371D]
"2010-12-31 - Marco Carola b2b Loco Dice @ Goaultrabeat, Atlantico, Rome","https://www.mixesdb.com/w/2010-12-31_-_Marco_Carola_b2b_Loco_Dice_@_Goaultrabeat,_Atlantico,_Rome",,4,022,Asem Shama,Stronger Then Pain [Sportclub - 25],Asem Shama - Stronger Then Pain [Sportclub - 25]
"2010-12-31 - Marco Carola b2b Loco Dice @ Goaultrabeat, Atlantico, Rome","https://www.mixesdb.com/w/2010-12-31_-_Marco_Carola_b2b_Loco_Dice_@_Goaultrabeat,_Atlantico,_Rome",,5,030,,?,?
"2010-12-31 - Marco Carola b2b Loco Dice @ Goaultrabeat, Atlantico, Rome","https://www.mixesdb.com/w/2010-12-31_-_Marco_Carola_b2b_Loco_Dice_@_Goaultrabeat,_Atlantico,_Rome",,6,036,David August,Roco Coco [Diynamic],David August - Roco Coco [Diynamic]
"2010-12-31 - Marco Carola b2b Loco Dice @ Goaultrabeat, Atlantico, Rome","https://www.mixesdb.com/w/2010-12-31_-_Marco_Carola_b2b_Loco_Dice_@_Goaultrabeat,_Atlantico,_Rome",,7,041,Alan Fitzpatrick,A Small Decline (Mark Broom Remix) [Drumcode - DC 76],Alan Fitzpatrick - A Small Decline (Mark Broom Remix) [Drumcode - DC 76]
"2010-12-31 - Marco Carola b2b Loco Dice @ Goaultrabeat, Atlantico, Rome","https://www.mixesdb.com/w/2010-12-31_-_Marco_Carola_b2b_Loco_Dice_@_Goaultrabeat,_Atlantico,_Rome",,8,047,Cari Lekebusch & Jesper Dahlback,Bellbottom [H - PX 48],Cari Lekebusch & Jesper Dahlback - Bellbottom [H - PX 48]
"2010-12-31 - Marco Carola b2b Loco Dice @ Goaultrabeat, Atlantico, Rome","https://www.mixesdb.com/w/2010-12-31_-_Marco_Carola_b2b_Loco_Dice_@_Goaultrabeat,_Atlantico,_Rome",,9,056,Gregor Tresher & Karotte,Eight Track Clubbing [Break New Soil - BNS 023],Gregor Tresher & Karotte - Eight Track Clubbing [Break New Soil - BNS 023]
"2010-12-31 - Marco Carola b2b Loco Dice @ Goaultrabeat, Atlantico, Rome","https://www.mixesdb.com/w/2010-12-31_-_Marco_Carola_b2b_Loco_Dice_@_Goaultrabeat,_Atlantico,_Rome",,10,062,Joel Mull,Kraut House,Joel Mull - Kraut House
"2010-12-31 - Marco Carola b2b Loco Dice @ Goaultrabeat, Atlantico, Rome","https://www.mixesdb.com/w/2010-12-31_-_Marco_Carola_b2b_Loco_Dice_@_Goaultrabeat,_Atlantico,_Rome",,11,069,Joel Mull,Danny Boy [Azuli],Joel Mull - Danny Boy [Azuli]
"2010-12-31 - Marco Carola b2b Loco Dice @ Goaultrabeat, Atlantico, Rome","https://www.mixesdb.com/w/2010-12-31_-_Marco_Carola_b2b_Loco_Dice_@_Goaultrabeat,_Atlantico,_Rome",,12,075,Ticon,Jinxed (Christian Smith Remix) [Iboga - CD 72],Ticon - Jinxed (Christian Smith Remix) [Iboga - CD 72]
"2010-12-31 - Marco Carola b2b Loco Dice @ Goaultrabeat, Atlantico, Rome","https://www.mixesdb.com/w/2010-12-31_-_Marco_Carola_b2b_Loco_Dice_@_Goaultrabeat,_Atlantico,_Rome",,13,081,Miss Kittin,All You Need [Mobilee - 073],Miss Kittin - All You Need [Mobilee - 073]
"2010-12-31 - Marco Carola b2b Loco Dice @ Goaultrabeat, Atlantico, Rome","https://www.mixesdb.com/w/2010-12-31_-_Marco_Carola_b2b_Loco_Dice_@_Goaultrabeat,_Atlantico,_Rome",,14,087,Patrick Siech,Dome [Craft - 008DIG],Patrick Siech - Dome [Craft - 008DIG]
"2010-12-31 - Marco Carola b2b Loco Dice @ Goaultrabeat, Atlantico, Rome","https://www.mixesdb.com/w/2010-12-31_-_Marco_Carola_b2b_Loco_Dice_@_Goaultrabeat,_Atlantico,_Rome",,15,094,,?,?
"2010-12-31 - Marco Carola b2b Loco Dice @ Goaultrabeat, Atlantico, Rome","https://www.mixesdb.com/w/2010-12-31_-_Marco_Carola_b2b_Loco_Dice_@_Goaultrabeat,_Atlantico,_Rome",,16,101,Tiefschwarz,The Whistler (&ME + Rampa Remix) [Souvenir - 032],Tiefschwarz - The Whistler (&ME + Rampa Remix) [Souvenir - 032]
"2010-12-31 - Marco Carola b2b Loco Dice @ Goaultrabeat, Atlantico, Rome","https://www.mixesdb.com/w/2010-12-31_-_Marco_Carola_b2b_Loco_Dice_@_Goaultrabeat,_Atlantico,_Rome",,17,106,andhim,Like A Wirsing (Hanne & Lore Remix) [Terminal M - TERM 0796],andhim - Like A Wirsing (Hanne & Lore Remix) [Terminal M - TERM 0796]
"2010-12-31 - Marco Carola b2b Loco Dice @ Goaultrabeat, Atlantico, Rome","https://www.mixesdb.com/w/2010-12-31_-_Marco_Carola_b2b_Loco_Dice_@_Goaultrabeat,_Atlantico,_Rome",,18,112,,?,?
"2010-12-31 - Marco Carola b2b Loco Dice @ Goaultrabeat, Atlantico, Rome","https://www.mixesdb.com/w/2010-12-31_-_Marco_Carola_b2b_Loco_Dice_@_Goaultrabeat,_Atlantico,_Rome",,19,117,Dompe,Para Musa [Shitfuck - 009],Dompe - Para Musa [Shitfuck - 009]
"2003-12-07 - Marco Carola @ Equus, Ponferrada, León, Spain","https://www.mixesdb.com/w/2003-12-07_-_Marco_Carola_@_Equus,_Ponferrada,_Le%C3%B3n,_Spain",,1,,G-Man,Quo Vadis [Swim - WM 09],G-Man - Quo Vadis [Swim - WM 09]
"2003-12-07 - Marco Carola @ Equus, Ponferrada, León, Spain","https://www.mixesdb.com/w/2003-12-07_-_Marco_Carola_@_Equus,_Ponferrada,_Le%C3%B3n,_Spain",,2,,Justus Köhncke,2 After 909 [Kompakt - KOM 54],Justus Köhncke - 2 After 909 [Kompakt - KOM 54]
"2003-12-07 - Marco Carola @ Equus, Ponferrada, León, Spain","https://www.mixesdb.com/w/2003-12-07_-_Marco_Carola_@_Equus,_Ponferrada,_Le%C3%B3n,_Spain",,3,,,?,?
"2003-12-07 - Marco Carola @ Equus, Ponferrada, León, Spain","https://www.mixesdb.com/w/2003-12-07_-_Marco_Carola_@_Equus,_Ponferrada,_Le%C3%B3n,_Spain",,4,,Benny Benassi Pres. The Biz,Satisfaction (Radio Slave Remix) [Data - DATA58P2],Benny Benassi Pres. The Biz - Satisfaction (Radio Slave Remix) [Data - DATA58P2]
"2003-12-07 - Marco Carola @ Equus, Ponferrada, León, Spain","https://www.mixesdb.com/w/2003-12-07_-_Marco_Carola_@_Equus,_Ponferrada,_Le%C3%B3n,_Spain",,5,,Holden,A Break In The Clouds (Beats Tool) [Border Community - 01BC],Holden - A Break In The Clouds (Beats Tool) [Border Community - 01BC]
"2003-12-07 - Marco Carola @ Equus, Ponferrada, León, Spain","https://www.mixesdb.com/w/2003-12-07_-_Marco_Carola_@_Equus,_Ponferrada,_Le%C3%B3n,_Spain",,6,,,?,?
"2003-12-07 - Marco Carola @ Equus, Ponferrada, León, Spain","https://www.mixesdb.com/w/2003-12-07_-_Marco_Carola_@_Equus,_Ponferrada,_Le%C3%B3n,_Spain",,7,,M.A.N.D.Y. & The Sunsetpeople,Knock On [Get Physical - GPM 007],M.A.N.D.Y. & The Sunsetpeople - Knock On [Get Physical - GPM 007]
"2003-12-07 - Marco Carola @ Equus, Ponferrada, León, Spain","https://www.mixesdb.com/w/2003-12-07_-_Marco_Carola_@_Equus,_Ponferrada,_Le%C3%B3n,_Spain",,8,,Marco Carola,Unreleased Track,Marco Carola - Unreleased Track
"2003-12-07 - Marco Carola @ Equus, Ponferrada, León, Spain","https://www.mixesdb.com/w/2003-12-07_-_Marco_Carola_@_Equus,_Ponferrada,_Le%C3%B3n,_Spain",,9,,Colder,Crazy Love (Rework Remix),Colder - Crazy Love (Rework Remix)
"2003-12-07 - Marco Carola @ Equus, Ponferrada, León, Spain","https://www.mixesdb.com/w/2003-12-07_-_Marco_Carola_@_Equus,_Ponferrada,_Le%C3%B3n,_Spain",,10,,Cobalt,Tempest [Malec - MALEC004-6],Cobalt - Tempest [Malec - MALEC004-6]
"2003-12-07 - Marco Carola @ Equus, Ponferrada, León, Spain","https://www.mixesdb.com/w/2003-12-07_-_Marco_Carola_@_Equus,_Ponferrada,_Le%C3%B3n,_Spain",,11,,Acid Casuals,Filthy Pitch [Novamute - 12 NOMU 104],Acid Casuals - Filthy Pitch [Novamute - 12 NOMU 104]
"2003-12-07 - Marco Carola @ Equus, Ponferrada, León, Spain","https://www.mixesdb.com/w/2003-12-07_-_Marco_Carola_@_Equus,_Ponferrada,_Le%C3%B3n,_Spain",,12,,,?,?
"2003-12-07 - Marco Carola @ Equus, Ponferrada, León, Spain","https://www.mixesdb.com/w/2003-12-07_-_Marco_Carola_@_Equus,_Ponferrada,_Le%C3%B3n,_Spain",,13,,Steve Bug,A Night Like This (Richie Hawtin Remix) [Poker Flat - PF 015],Steve Bug - A Night Like This (Richie Hawtin Remix) [Poker Flat - PF 015]
"2003-12-07 - Marco Carola @ Equus, Ponferrada, León, Spain","https://www.mixesdb.com/w/2003-12-07_-_Marco_Carola_@_Equus,_Ponferrada,_Le%C3%B3n,_Spain",,14,,Robin Porter & Lucas Rodenbush,Neighborhood Drama [Shava - 004],Robin Porter & Lucas Rodenbush - Neighborhood Drama [Shava - 004]
"2003-12-07 - Marco Carola @ Equus, Ponferrada, León, Spain","https://www.mixesdb.com/w/2003-12-07_-_Marco_Carola_@_Equus,_Ponferrada,_Le%C3%B3n,_Spain",,15,,Luciano & Phil Quenum,Orange Mistake [Cadenza - 001],Luciano & Phil Quenum - Orange Mistake [Cadenza - 001]
"2003-12-07 - Marco Carola @ Equus, Ponferrada, León, Spain","https://www.mixesdb.com/w/2003-12-07_-_Marco_Carola_@_Equus,_Ponferrada,_Le%C3%B3n,_Spain",,16,,Tony Rohr,Baile Commigo [Mac Intosh - 004],Tony Rohr - Baile Commigo [Mac Intosh - 004]
"2003-12-07 - Marco Carola @ Equus, Ponferrada, León, Spain","https://www.mixesdb.com/w/2003-12-07_-_Marco_Carola_@_Equus,_Ponferrada,_Le%C3%B3n,_Spain",,17,,,?,?
"2003-12-07 - Marco Carola @ Equus, Ponferrada, León, Spain","https://www.mixesdb.com/w/2003-12-07_-_Marco_Carola_@_Equus,_Ponferrada,_Le%C3%B3n,_Spain",,18,,,?,?
"2003-12-07 - Marco Carola @ Equus, Ponferrada, León, Spain","https://www.mixesdb.com/w/2003-12-07_-_Marco_Carola_@_Equus,_Ponferrada,_Le%C3%B3n,_Spain",,19,,Reck,Slave [Eukahouse - EUKA056],Reck - Slave [Eukahouse - EUKA056]
"2003-12-07 - Marco Carola @ Equus, Ponferrada, León, Spain","https://www.mixesdb.com/w/2003-12-07_-_Marco_Carola_@_Equus,_Ponferrada,_Le%C3%B3n,_Spain",,20,,,?,?
"2003-12-07 - Marco Carola @ Equus, Ponferrada, León, Spain","https://www.mixesdb.com/w/2003-12-07_-_Marco_Carola_@_Equus,_Ponferrada,_Le%C3%B3n,_Spain",,21,,Adonis,No Way Back (The Advent Remixes) Part II [Trax UK - TRXUK 002],Adonis - No Way Back (The Advent Remixes) Part II [Trax UK - TRXUK 002]
"2003-12-07 - Marco Carola @ Equus, Ponferrada, León, Spain","https://www.mixesdb.com/w/2003-12-07_-_Marco_Carola_@_Equus,_Ponferrada,_Le%C3%B3n,_Spain",,22,,Damon Wild,Spring Loaded [Synewave - SW59],Damon Wild - Spring Loaded [Synewave - SW59]
"2003-12-07 - Marco Carola @ Equus, Ponferrada, León, Spain","https://www.mixesdb.com/w/2003-12-07_-_Marco_Carola_@_Equus,_Ponferrada,_Le%C3%B3n,_Spain",,23,,Black Noise,Nature Of The Beast (Technasia Remix) [End To End - 006],Black Noise - Nature Of The Beast (Technasia Remix) [End To End - 006]
"2003-12-07 - Marco Carola @ Equus, Ponferrada, León, Spain","https://www.mixesdb.com/w/2003-12-07_-_Marco_Carola_@_Equus,_Ponferrada,_Le%C3%B3n,_Spain",,24,,Dimitri Andreas,Panther [Musicman - MM 103],Dimitri Andreas - Panther [Musicman - MM 103]
"2003-12-07 - Marco Carola @ Equus, Ponferrada, León, Spain","https://www.mixesdb.com/w/2003-12-07_-_Marco_Carola_@_Equus,_Ponferrada,_Le%C3%B3n,_Spain",,25,,Samuel L. Session,Next Episode [SLS - 015],Samuel L. Session - Next Episode [SLS - 015]
"2003-12-07 - Marco Carola @ Equus, Ponferrada, León, Spain","https://www.mixesdb.com/w/2003-12-07_-_Marco_Carola_@_Equus,_Ponferrada,_Le%C3%B3n,_Spain",,26,,Tomie Nevada,Streaming Mode [Zenit - 017],Tomie Nevada - Streaming Mode [Zenit - 017]
"2003-12-07 - Marco Carola @ Equus, Ponferrada, León, Spain","https://www.mixesdb.com/w/2003-12-07_-_Marco_Carola_@_Equus,_Ponferrada,_Le%C3%B3n,_Spain",,27,,Marco Carola,11th Question (B2) [Question - QUEST 011],Marco Carola - 11th Question (B2) [Question - QUEST 011]
"2003-12-07 - Marco Carola @ Equus, Ponferrada, León, Spain","https://www.mixesdb.com/w/2003-12-07_-_Marco_Carola_@_Equus,_Ponferrada,_Le%C3%B3n,_Spain",,28,,Gabo,Kamasutra (SP Vibe Mix) [Lunar Tunes - LUNA 6908],Gabo - Kamasutra (SP Vibe Mix) [Lunar Tunes - LUNA 6908]
"2003-12-07 - Marco Carola @ Equus, Ponferrada, León, Spain","https://www.mixesdb.com/w/2003-12-07_-_Marco_Carola_@_Equus,_Ponferrada,_Le%C3%B3n,_Spain",,29,,,?,?
"2003-12-07 - Marco Carola @ Equus, Ponferrada, León, Spain","https://www.mixesdb.com/w/2003-12-07_-_Marco_Carola_@_Equus,_Ponferrada,_Le%C3%B3n,_Spain",,30,,,?,?
"2003-12-07 - Marco Carola @ Equus, Ponferrada, León, Spain","https://www.mixesdb.com/w/2003-12-07_-_Marco_Carola_@_Equus,_Ponferrada,_Le%C3%B3n,_Spain",,31,,Markantonio,Everlasting Brain (A1),Markantonio - Everlasting Brain (A1)
"2003-12-07 - Marco Carola @ Equus, Ponferrada, León, Spain","https://www.mixesdb.com/w/2003-12-07_-_Marco_Carola_@_Equus,_Ponferrada,_Le%C3%B3n,_Spain",,32,,Mauro Picotto & Riccardo Ferri,Tormented,Mauro Picotto & Riccardo Ferri - Tormented
"2003-12-07 - Marco Carola @ Equus, Ponferrada, León, Spain","https://www.mixesdb.com/w/2003-12-07_-_Marco_Carola_@_Equus,_Ponferrada,_Le%C3%B3n,_Spain",,33,,Percy X,Track 2 [Soma - LP21],Percy X - Track 2 [Soma - LP21]
"2003-12-07 - Marco Carola @ Equus, Ponferrada, León, Spain","https://www.mixesdb.com/w/2003-12-07_-_Marco_Carola_@_Equus,_Ponferrada,_Le%C3%B3n,_Spain",,34,,Man With Guitar,Man With Guitar [Kitsuné - 007],Man With Guitar - Man With Guitar [Kitsuné - 007]
"2003-12-07 - Marco Carola @ Equus, Ponferrada, León, Spain","https://www.mixesdb.com/w/2003-12-07_-_Marco_Carola_@_Equus,_Ponferrada,_Le%C3%B3n,_Spain",,35,,Ignacio,Humana-Ised [Music Man - MM 053],Ignacio - Humana-Ised [Music Man - MM 053]
"2003-12-07 - Marco Carola @ Equus, Ponferrada, León, Spain","https://www.mixesdb.com/w/2003-12-07_-_Marco_Carola_@_Equus,_Ponferrada,_Le%C3%B3n,_Spain",,36,,Dave Clarke Feat. DJ Rush,Way Of Life [Skint - 093],Dave Clarke Feat. DJ Rush - Way Of Life [Skint - 093]
"2003-12-07 - Marco Carola @ Equus, Ponferrada, León, Spain","https://www.mixesdb.com/w/2003-12-07_-_Marco_Carola_@_Equus,_Ponferrada,_Le%C3%B3n,_Spain",,37,,DJ Misjah,Funky Trax [Rerun - 006],DJ Misjah - Funky Trax [Rerun - 006]
"2003-12-07 - Marco Carola @ Equus, Ponferrada, León, Spain","https://www.mixesdb.com/w/2003-12-07_-_Marco_Carola_@_Equus,_Ponferrada,_Le%C3%B3n,_Spain",,38,,Tobias Von Hofsten,After Hours [Illegal Stockholm - 003],Tobias Von Hofsten - After Hours [Illegal Stockholm - 003]
"2003-12-07 - Marco Carola @ Equus, Ponferrada, León, Spain","https://www.mixesdb.com/w/2003-12-07_-_Marco_Carola_@_Equus,_Ponferrada,_Le%C3%B3n,_Spain",,39,,Samuel L. Session,Danses D'Afrique [SLS - 016],Samuel L. Session - Danses D'Afrique [SLS - 016]
"2003-12-07 - Marco Carola @ Equus, Ponferrada, León, Spain","https://www.mixesdb.com/w/2003-12-07_-_Marco_Carola_@_Equus,_Ponferrada,_Le%C3%B3n,_Spain",,40,,,?,?
"2003-12-07 - Marco Carola @ Equus, Ponferrada, León, Spain","https://www.mixesdb.com/w/2003-12-07_-_Marco_Carola_@_Equus,_Ponferrada,_Le%C3%B3n,_Spain",,41,,,?,?
"2003-12-07 - Marco Carola @ Equus, Ponferrada, León, Spain","https://www.mixesdb.com/w/2003-12-07_-_Marco_Carola_@_Equus,_Ponferrada,_Le%C3%B3n,_Spain",,42,,Danilo Vigorito & Rino Cerrone,Kevin (B1) [Orion Muzik - ORION 003],Danilo Vigorito & Rino Cerrone - Kevin (B1) [Orion Muzik - ORION 003]
"2003-12-07 - Marco Carola @ Equus, Ponferrada, León, Spain","https://www.mixesdb.com/w/2003-12-07_-_Marco_Carola_@_Equus,_Ponferrada,_Le%C3%B3n,_Spain",,43,,Pär Grindvik,Wave [Drumcode - DC 027],Pär Grindvik - Wave [Drumcode - DC 027]
"2003-12-07 - Marco Carola @ Equus, Ponferrada, León, Spain","https://www.mixesdb.com/w/2003-12-07_-_Marco_Carola_@_Equus,_Ponferrada,_Le%C3%B3n,_Spain",,44,,Felipe & Nicolas Bacher,Alcado (Danilo Vigorito Remix) [Supreme Entertainment - 002],Felipe & Nicolas Bacher - Alcado (Danilo Vigorito Remix) [Supreme Entertainment - 002]
"2003-12-07 - Marco Carola @ Equus, Ponferrada, León, Spain","https://www.mixesdb.com/w/2003-12-07_-_Marco_Carola_@_Equus,_Ponferrada,_Le%C3%B3n,_Spain",,45,,Danilo Vigorito & Rino Cerrone,Kevin (A1) [Orion Muzik - ORION 003],Danilo Vigorito & Rino Cerrone - Kevin (A1) [Orion Muzik - ORION 003]
"2003-12-07 - Marco Carola @ Equus, Ponferrada, León, Spain","https://www.mixesdb.com/w/2003-12-07_-_Marco_Carola_@_Equus,_Ponferrada,_Le%C3%B3n,_Spain",,46,,,?,?
"2003-12-07 - Marco Carola @ Equus, Ponferrada, León, Spain","https://www.mixesdb.com/w/2003-12-07_-_Marco_Carola_@_Equus,_Ponferrada,_Le%C3%B3n,_Spain",,47,,Deetron,Don't You Know Why? (Edit 9000) [Intec - 25],Deetron - Don't You Know Why? (Edit 9000) [Intec - 25]
"2003-12-07 - Marco Carola @ Equus, Ponferrada, León, Spain","https://www.mixesdb.com/w/2003-12-07_-_Marco_Carola_@_Equus,_Ponferrada,_Le%C3%B3n,_Spain",,48,,Marco Carola,?,Marco Carola - ?
"2003-12-07 - Marco Carola @ Equus, Ponferrada, León, Spain","https://www.mixesdb.com/w/2003-12-07_-_Marco_Carola_@_Equus,_Ponferrada,_Le%C3%B3n,_Spain",,49,,,?,?
"2003-12-07 - Marco Carola @ Equus, Ponferrada, León, Spain","https://www.mixesdb.com/w/2003-12-07_-_Marco_Carola_@_Equus,_Ponferrada,_Le%C3%B3n,_Spain",,50,,JB3,Time (Advent Remix 2) [NovaMute - 12 NoMu 55],JB3 - Time (Advent Remix 2) [NovaMute - 12 NoMu 55]
"2003-12-07 - Marco Carola @ Equus, Ponferrada, León, Spain","https://www.mixesdb.com/w/2003-12-07_-_Marco_Carola_@_Equus,_Ponferrada,_Le%C3%B3n,_Spain",,51,,Headman,It Rough (Chicken Lips Trax Dub) [Gomma - 029],Headman - It Rough (Chicken Lips Trax Dub) [Gomma - 029]
"2003-12-07 - Marco Carola @ Equus, Ponferrada, León, Spain","https://www.mixesdb.com/w/2003-12-07_-_Marco_Carola_@_Equus,_Ponferrada,_Le%C3%B3n,_Spain",,52,,Hardfloor,Da Revival [Hardfloor - HF 002],Hardfloor - Da Revival [Hardfloor - HF 002]
"2003-12-07 - Marco Carola @ Equus, Ponferrada, León, Spain","https://www.mixesdb.com/w/2003-12-07_-_Marco_Carola_@_Equus,_Ponferrada,_Le%C3%B3n,_Spain",,53,,,?,?
"2003-12-07 - Marco Carola @ Equus, Ponferrada, León, Spain","https://www.mixesdb.com/w/2003-12-07_-_Marco_Carola_@_Equus,_Ponferrada,_Le%C3%B3n,_Spain",,54,,Phase,Katino (B1) [Cosmic ID - COSID 009],Phase - Katino (B1) [Cosmic ID - COSID 009]
"2003-12-07 - Marco Carola @ Equus, Ponferrada, León, Spain","https://www.mixesdb.com/w/2003-12-07_-_Marco_Carola_@_Equus,_Ponferrada,_Le%C3%B3n,_Spain",,55,,Cem Salman,Oral [Teknotika - 036],Cem Salman - Oral [Teknotika - 036]
"2003-12-07 - Marco Carola @ Equus, Ponferrada, León, Spain","https://www.mixesdb.com/w/2003-12-07_-_Marco_Carola_@_Equus,_Ponferrada,_Le%C3%B3n,_Spain",,56,,Hitoshi Ohishi,Round Sell [Primevil - PRVL 047],Hitoshi Ohishi - Round Sell [Primevil - PRVL 047]
"2003-12-07 - Marco Carola @ Equus, Ponferrada, León, Spain","https://www.mixesdb.com/w/2003-12-07_-_Marco_Carola_@_Equus,_Ponferrada,_Le%C3%B3n,_Spain",,57,,Paco Osuna & Markantonio,Spring [Analytic Trail - AT 005],Paco Osuna & Markantonio - Spring [Analytic Trail - AT 005]
"2003-12-07 - Marco Carola @ Equus, Ponferrada, León, Spain","https://www.mixesdb.com/w/2003-12-07_-_Marco_Carola_@_Equus,_Ponferrada,_Le%C3%B3n,_Spain",,58,,Paco Osuna,Tornado (Rino Cerrone Remix) [Zenit - 19],Paco Osuna - Tornado (Rino Cerrone Remix) [Zenit - 19]
"2003-12-07 - Marco Carola @ Equus, Ponferrada, León, Spain","https://www.mixesdb.com/w/2003-12-07_-_Marco_Carola_@_Equus,_Ponferrada,_Le%C3%B3n,_Spain",,59,,Henry Chow,Risky Business [Zenit - 22],Henry Chow - Risky Business [Zenit - 22]
"2003-12-07 - Marco Carola @ Equus, Ponferrada, León, Spain","https://www.mixesdb.com/w/2003-12-07_-_Marco_Carola_@_Equus,_Ponferrada,_Le%C3%B3n,_Spain",,60,,,?,?
"2003-12-07 - Marco Carola @ Equus, Ponferrada, León, Spain","https://www.mixesdb.com/w/2003-12-07_-_Marco_Carola_@_Equus,_Ponferrada,_Le%C3%B3n,_Spain",,61,,Gaetano Parisio,Advanced Techno Research 11 (A1) [Art - 11],Gaetano Parisio - Advanced Techno Research 11 (A1) [Art - 11]
"2003-12-07 - Marco Carola @ Equus, Ponferrada, León, Spain","https://www.mixesdb.com/w/2003-12-07_-_Marco_Carola_@_Equus,_Ponferrada,_Le%C3%B3n,_Spain",,62,,,?,?
"2003-12-07 - Marco Carola @ Equus, Ponferrada, León, Spain","https://www.mixesdb.com/w/2003-12-07_-_Marco_Carola_@_Equus,_Ponferrada,_Le%C3%B3n,_Spain",,63,,,?,?
"2003-12-07 - Marco Carola @ Equus, Ponferrada, León, Spain","https://www.mixesdb.com/w/2003-12-07_-_Marco_Carola_@_Equus,_Ponferrada,_Le%C3%B3n,_Spain",,64,,Hardcell,Ground Effect [Drumcode - DC 027],Hardcell - Ground Effect [Drumcode - DC 027]
"2003-12-07 - Marco Carola @ Equus, Ponferrada, León, Spain","https://www.mixesdb.com/w/2003-12-07_-_Marco_Carola_@_Equus,_Ponferrada,_Le%C3%B3n,_Spain",,65,,,?,?
"2003-12-07 - Marco Carola @ Equus, Ponferrada, León, Spain","https://www.mixesdb.com/w/2003-12-07_-_Marco_Carola_@_Equus,_Ponferrada,_Le%C3%B3n,_Spain",,66,,,?,?
"2003-12-07 - Marco Carola @ Equus, Ponferrada, León, Spain","https://www.mixesdb.com/w/2003-12-07_-_Marco_Carola_@_Equus,_Ponferrada,_Le%C3%B3n,_Spain",,67,,Roku,Wang [Theory - TR 020],Roku - Wang [Theory - TR 020]
"2003-12-07 - Marco Carola @ Equus, Ponferrada, León, Spain","https://www.mixesdb.com/w/2003-12-07_-_Marco_Carola_@_Equus,_Ponferrada,_Le%C3%B3n,_Spain",,68,,Markantonio,Impress [Analytic Trail - AT 006],Markantonio - Impress [Analytic Trail - AT 006]
"2003-12-07 - Marco Carola @ Equus, Ponferrada, León, Spain","https://www.mixesdb.com/w/2003-12-07_-_Marco_Carola_@_Equus,_Ponferrada,_Le%C3%B3n,_Spain",,69,,Titanium,Spectralised (Hardcell Remix) [Titanium - 004],Titanium - Spectralised (Hardcell Remix) [Titanium - 004]
"2003-12-07 - Marco Carola @ Equus, Ponferrada, León, Spain","https://www.mixesdb.com/w/2003-12-07_-_Marco_Carola_@_Equus,_Ponferrada,_Le%C3%B3n,_Spain",,70,,Gaetano Parisio,Advanced Techno Research 12 (B1) [Art - 12],Gaetano Parisio - Advanced Techno Research 12 (B1) [Art - 12]
"2003-12-07 - Marco Carola @ Equus, Ponferrada, León, Spain","https://www.mixesdb.com/w/2003-12-07_-_Marco_Carola_@_Equus,_Ponferrada,_Le%C3%B3n,_Spain",,71,,,?,?
"2003-12-07 - Marco Carola @ Equus, Ponferrada, León, Spain","https://www.mixesdb.com/w/2003-12-07_-_Marco_Carola_@_Equus,_Ponferrada,_Le%C3%B3n,_Spain",,72,,Mhonolink,Seized [G-Force - 1211-1],Mhonolink - Seized [G-Force - 1211-1]
"2003-12-07 - Marco Carola @ Equus, Ponferrada, León, Spain","https://www.mixesdb.com/w/2003-12-07_-_Marco_Carola_@_Equus,_Ponferrada,_Le%C3%B3n,_Spain",,73,,Steve Azzara,Driftin' [Fortek - 6],Steve Azzara - Driftin' [Fortek - 6]
"2003-12-07 - Marco Carola @ Equus, Ponferrada, León, Spain","https://www.mixesdb.com/w/2003-12-07_-_Marco_Carola_@_Equus,_Ponferrada,_Le%C3%B3n,_Spain",,74,,,?,?
"2003-12-07 - Marco Carola @ Equus, Ponferrada, León, Spain","https://www.mixesdb.com/w/2003-12-07_-_Marco_Carola_@_Equus,_Ponferrada,_Le%C3%B3n,_Spain",,75,,Night On Earth,Surf De Neige [Brave New World - BNW 006],Night On Earth - Surf De Neige [Brave New World - BNW 006]
"2003-12-07 - Marco Carola @ Equus, Ponferrada, León, Spain","https://www.mixesdb.com/w/2003-12-07_-_Marco_Carola_@_Equus,_Ponferrada,_Le%C3%B3n,_Spain",,76,,Convextion,Convextion (B1) [Matrix - 001],Convextion - Convextion (B1) [Matrix - 001]
"2003-12-07 - Marco Carola @ Equus, Ponferrada, León, Spain","https://www.mixesdb.com/w/2003-12-07_-_Marco_Carola_@_Equus,_Ponferrada,_Le%C3%B3n,_Spain",,77,,Matthew Dear,Pinch & Pillage [Spectral Sound - SPC-07],Matthew Dear - Pinch & Pillage [Spectral Sound - SPC-07]
"2003-12-07 - Marco Carola @ Equus, Ponferrada, León, Spain","https://www.mixesdb.com/w/2003-12-07_-_Marco_Carola_@_Equus,_Ponferrada,_Le%C3%B3n,_Spain",,78,,,?,?
"2003-12-07 - Marco Carola @ Equus, Ponferrada, León, Spain","https://www.mixesdb.com/w/2003-12-07_-_Marco_Carola_@_Equus,_Ponferrada,_Le%C3%B3n,_Spain",,79,,,?,?
"2003-12-07 - Marco Carola @ Equus, Ponferrada, León, Spain","https://www.mixesdb.com/w/2003-12-07_-_Marco_Carola_@_Equus,_Ponferrada,_Le%C3%B3n,_Spain",,80,,,?,?
"2003-12-07 - Marco Carola @ Equus, Ponferrada, León, Spain","https://www.mixesdb.com/w/2003-12-07_-_Marco_Carola_@_Equus,_Ponferrada,_Le%C3%B3n,_Spain",,81,,,?,?
"2003-12-07 - Marco Carola @ Equus, Ponferrada, León, Spain","https://www.mixesdb.com/w/2003-12-07_-_Marco_Carola_@_Equus,_Ponferrada,_Le%C3%B3n,_Spain",,82,,,?,?
"2003-12-07 - Marco Carola @ Equus, Ponferrada, León, Spain","https://www.mixesdb.com/w/2003-12-07_-_Marco_Carola_@_Equus,_Ponferrada,_Le%C3%B3n,_Spain",,83,,,?,?
"2003-12-07 - Marco Carola @ Equus, Ponferrada, León, Spain","https://www.mixesdb.com/w/2003-12-07_-_Marco_Carola_@_Equus,_Ponferrada,_Le%C3%B3n,_Spain",,84,,Danilo Vigorito,Everything Happens For A Reason [Isoghi - 005],Danilo Vigorito - Everything Happens For A Reason [Isoghi - 005]
"2003-12-07 - Marco Carola @ Equus, Ponferrada, León, Spain","https://www.mixesdb.com/w/2003-12-07_-_Marco_Carola_@_Equus,_Ponferrada,_Le%C3%B3n,_Spain",,85,,,?,?
"2003-12-07 - Marco Carola @ Equus, Ponferrada, León, Spain","https://www.mixesdb.com/w/2003-12-07_-_Marco_Carola_@_Equus,_Ponferrada,_Le%C3%B3n,_Spain",,86,,Orion Muzik,Glam [Frozen - 003],Orion Muzik - Glam [Frozen - 003]
"2003-12-07 - Marco Carola @ Equus, Ponferrada, León, Spain","https://www.mixesdb.com/w/2003-12-07_-_Marco_Carola_@_Equus,_Ponferrada,_Le%C3%B3n,_Spain",,87,,Technasia,Fusin [Music Man - MM 105],Technasia - Fusin [Music Man - MM 105]
"2003-12-07 - Marco Carola @ Equus, Ponferrada, León, Spain","https://www.mixesdb.com/w/2003-12-07_-_Marco_Carola_@_Equus,_Ponferrada,_Le%C3%B3n,_Spain",,88,,Marco Bailey,Capture (Adam Beyer & Henrik B Remix) [MB Elektronics - MBELEK 010],Marco Bailey - Capture (Adam Beyer & Henrik B Remix) [MB Elektronics - MBELEK 010]
"2003-12-07 - Marco Carola @ Equus, Ponferrada, León, Spain","https://www.mixesdb.com/w/2003-12-07_-_Marco_Carola_@_Equus,_Ponferrada,_Le%C3%B3n,_Spain",,89,,Michel De Hey,Sherlock [Hey! - 001],Michel De Hey - Sherlock [Hey! - 001]
"2003-12-07 - Marco Carola @ Equus, Ponferrada, León, Spain","https://www.mixesdb.com/w/2003-12-07_-_Marco_Carola_@_Equus,_Ponferrada,_Le%C3%B3n,_Spain",,90,,Taksi,Rohrbruch (Stretched Version) [Taksi - 008 LP],Taksi - Rohrbruch (Stretched Version) [Taksi - 008 LP]
"2003-12-07 - Marco Carola @ Equus, Ponferrada, León, Spain","https://www.mixesdb.com/w/2003-12-07_-_Marco_Carola_@_Equus,_Ponferrada,_Le%C3%B3n,_Spain",,91,,Brtschitsch & Galluzzi,Schneesturm [Taksi - 007],Brtschitsch & Galluzzi - Schneesturm [Taksi - 007]
"2003-12-07 - Marco Carola @ Equus, Ponferrada, León, Spain","https://www.mixesdb.com/w/2003-12-07_-_Marco_Carola_@_Equus,_Ponferrada,_Le%C3%B3n,_Spain",,92,,,?,?
"2003-12-07 - Marco Carola @ Equus, Ponferrada, León, Spain","https://www.mixesdb.com/w/2003-12-07_-_Marco_Carola_@_Equus,_Ponferrada,_Le%C3%B3n,_Spain",,93,,Chris Liebing,Gassenhauer (Marco Carola Remix) [CL-Retry - 6],Chris Liebing - Gassenhauer (Marco Carola Remix) [CL-Retry - 6]
"2003-12-07 - Marco Carola @ Equus, Ponferrada, León, Spain","https://www.mixesdb.com/w/2003-12-07_-_Marco_Carola_@_Equus,_Ponferrada,_Le%C3%B3n,_Spain",,94,,Marco Carola,Appendix C (B) [Southsoul Appendix - SUDAPPX 003],Marco Carola - Appendix C (B) [Southsoul Appendix - SUDAPPX 003]
"2003-12-07 - Marco Carola @ Equus, Ponferrada, León, Spain","https://www.mixesdb.com/w/2003-12-07_-_Marco_Carola_@_Equus,_Ponferrada,_Le%C3%B3n,_Spain",,95,,Paco Osuna,Sfonda (Marco Carola Remix) [Unreleased],Paco Osuna - Sfonda (Marco Carola Remix) [Unreleased]
"2003-12-07 - Marco Carola @ Equus, Ponferrada, León, Spain","https://www.mixesdb.com/w/2003-12-07_-_Marco_Carola_@_Equus,_Ponferrada,_Le%C3%B3n,_Spain",,96,,,?,?
"2003-12-07 - Marco Carola @ Equus, Ponferrada, León, Spain","https://www.mixesdb.com/w/2003-12-07_-_Marco_Carola_@_Equus,_Ponferrada,_Le%C3%B3n,_Spain",,97,,Josh Wink & Lil' Louis,How's Your Evening So Far? (UK 12 Mix) [FFRR - FX 384],Josh Wink & Lil' Louis - How's Your Evening So Far? (UK 12 Mix) [FFRR - FX 384]
"2011-08-13 - Marco Carola @ Loveland Festival, Sloterpark, Amsterdam","https://www.mixesdb.com/w/2011-08-13_-_Marco_Carola_@_Loveland_Festival,_Sloterpark,_Amsterdam",Version 1,1,00,Mr. G,Moments,Mr. G - Moments
"2011-08-13 - Marco Carola @ Loveland Festival, Sloterpark, Amsterdam","https://www.mixesdb.com/w/2011-08-13_-_Marco_Carola_@_Loveland_Festival,_Sloterpark,_Amsterdam",Version 1,2,02,Matteo Spedicati & Mr. Bizz,Naitoku (Mulder (NL) Remix),Matteo Spedicati & Mr. Bizz - Naitoku (Mulder (NL) Remix)
"2011-08-13 - Marco Carola @ Loveland Festival, Sloterpark, Amsterdam","https://www.mixesdb.com/w/2011-08-13_-_Marco_Carola_@_Loveland_Festival,_Sloterpark,_Amsterdam",Version 1,3,05,German Valley & J.Alcazar & Cuartero,Deeper (Cuartero Remix) [Suite Music (Elite) - SM 049],German Valley & J.Alcazar & Cuartero - Deeper (Cuartero Remix) [Suite Music (Elite) - SM 049]
"2011-08-13 - Marco Carola @ Loveland Festival, Sloterpark, Amsterdam","https://www.mixesdb.com/w/2011-08-13_-_Marco_Carola_@_Loveland_Festival,_Sloterpark,_Amsterdam",Version 1,4,09,,?,?
"2011-08-13 - Marco Carola @ Loveland Festival, Sloterpark, Amsterdam","https://www.mixesdb.com/w/2011-08-13_-_Marco_Carola_@_Loveland_Festival,_Sloterpark,_Amsterdam",Version 1,5,15,Jun Akimoto & Nobuo Ittetsu,Three Point Five,Jun Akimoto & Nobuo Ittetsu - Three Point Five
"2011-08-13 - Marco Carola @ Loveland Festival, Sloterpark, Amsterdam","https://www.mixesdb.com/w/2011-08-13_-_Marco_Carola_@_Loveland_Festival,_Sloterpark,_Amsterdam",Version 1,6,19,Nick & Danny Chatelain & Ellectrica,Backspin (Carlo Lio F.I Mix),Nick & Danny Chatelain & Ellectrica - Backspin (Carlo Lio F.I Mix)
"2011-08-13 - Marco Carola @ Loveland Festival, Sloterpark, Amsterdam","https://www.mixesdb.com/w/2011-08-13_-_Marco_Carola_@_Loveland_Festival,_Sloterpark,_Amsterdam",Version 1,7,24,Giorgio Roma,Across The Eastside,Giorgio Roma - Across The Eastside
"2011-08-13 - Marco Carola @ Loveland Festival, Sloterpark, Amsterdam","https://www.mixesdb.com/w/2011-08-13_-_Marco_Carola_@_Loveland_Festival,_Sloterpark,_Amsterdam",Version 1,8,29,Hollen,Artedom [ARVA - 060],Hollen - Artedom [ARVA - 060]
"2011-08-13 - Marco Carola @ Loveland Festival, Sloterpark, Amsterdam","https://www.mixesdb.com/w/2011-08-13_-_Marco_Carola_@_Loveland_Festival,_Sloterpark,_Amsterdam",Version 1,9,34,Outstrip,Tribal Groove (David Herrero Remix) [Get High - VA 005],Outstrip - Tribal Groove (David Herrero Remix) [Get High - VA 005]
"2011-08-13 - Marco Carola @ Loveland Festival, Sloterpark, Amsterdam","https://www.mixesdb.com/w/2011-08-13_-_Marco_Carola_@_Loveland_Festival,_Sloterpark,_Amsterdam",Version 1,10,38,DJ Simi,Green Twister [DJ Series - DJS 035INT],DJ Simi - Green Twister [DJ Series - DJS 035INT]
"2011-08-13 - Marco Carola @ Loveland Festival, Sloterpark, Amsterdam","https://www.mixesdb.com/w/2011-08-13_-_Marco_Carola_@_Loveland_Festival,_Sloterpark,_Amsterdam",Version 1,11,44,Hectik Rivero & Mika Materazzi,From A Jar [Witty Tunes - WT 042],Hectik Rivero & Mika Materazzi - From A Jar [Witty Tunes - WT 042]
"2011-08-13 - Marco Carola @ Loveland Festival, Sloterpark, Amsterdam","https://www.mixesdb.com/w/2011-08-13_-_Marco_Carola_@_Loveland_Festival,_Sloterpark,_Amsterdam",Version 1,12,50,Matteo Spedicati,Homeless,Matteo Spedicati - Homeless
"2011-08-13 - Marco Carola @ Loveland Festival, Sloterpark, Amsterdam","https://www.mixesdb.com/w/2011-08-13_-_Marco_Carola_@_Loveland_Festival,_Sloterpark,_Amsterdam",Version 1,13,57,69,Filter King,69 - Filter King
"2011-08-13 - Marco Carola @ Loveland Festival, Sloterpark, Amsterdam","https://www.mixesdb.com/w/2011-08-13_-_Marco_Carola_@_Loveland_Festival,_Sloterpark,_Amsterdam",Version 1,14,60,Pig&Dan,Love Song,Pig&Dan - Love Song
"2011-08-13 - Marco Carola @ Loveland Festival, Sloterpark, Amsterdam","https://www.mixesdb.com/w/2011-08-13_-_Marco_Carola_@_Loveland_Festival,_Sloterpark,_Amsterdam",Version 1,15,65,,?,?
"2011-08-13 - Marco Carola @ Loveland Festival, Sloterpark, Amsterdam","https://www.mixesdb.com/w/2011-08-13_-_Marco_Carola_@_Loveland_Festival,_Sloterpark,_Amsterdam",Version 1,16,70,Daryl Stay,Pendulum,Daryl Stay - Pendulum
"2011-08-13 - Marco Carola @ Loveland Festival, Sloterpark, Amsterdam","https://www.mixesdb.com/w/2011-08-13_-_Marco_Carola_@_Loveland_Festival,_Sloterpark,_Amsterdam",Version 1,17,75,Daniel Pscheid & Gene,Love Poison (Jesse Perez Miami Poison Mix),Daniel Pscheid & Gene - Love Poison (Jesse Perez Miami Poison Mix)
"2011-08-13 - Marco Carola @ Loveland Festival, Sloterpark, Amsterdam","https://www.mixesdb.com/w/2011-08-13_-_Marco_Carola_@_Loveland_Festival,_Sloterpark,_Amsterdam",Version 1,18,81,Samuel L. Session,Four To The Floor (Pig&Dan Remix),Samuel L. Session - Four To The Floor (Pig&Dan Remix)
"2011-08-13 - Marco Carola @ Loveland Festival, Sloterpark, Amsterdam","https://www.mixesdb.com/w/2011-08-13_-_Marco_Carola_@_Loveland_Festival,_Sloterpark,_Amsterdam",Version 1,19,86,Cristian Viviano & Adriano Filippucci Feat. Moko,H.O.D. (Devil's House),Cristian Viviano & Adriano Filippucci Feat. Moko - H.O.D. (Devil's House)
"2011-08-13 - Marco Carola @ Loveland Festival, Sloterpark, Amsterdam","https://www.mixesdb.com/w/2011-08-13_-_Marco_Carola_@_Loveland_Festival,_Sloterpark,_Amsterdam",Version 1,20,90,,?,?
"2011-08-13 - Marco Carola @ Loveland Festival, Sloterpark, Amsterdam","https://www.mixesdb.com/w/2011-08-13_-_Marco_Carola_@_Loveland_Festival,_Sloterpark,_Amsterdam",be@tv,1,29,Hollen,Artedom  [ARVA - 060],Hollen - Artedom  [ARVA - 060]
"2011-08-13 - Marco Carola @ Loveland Festival, Sloterpark, Amsterdam","https://www.mixesdb.com/w/2011-08-13_-_Marco_Carola_@_Loveland_Festival,_Sloterpark,_Amsterdam",be@tv,2,34,Outstrip,Tribal Groove (David Herrero Ole Remix) [Get High - VA 005],Outstrip - Tribal Groove (David Herrero Ole Remix) [Get High - VA 005]
"2011-08-13 - Marco Carola @ Loveland Festival, Sloterpark, Amsterdam","https://www.mixesdb.com/w/2011-08-13_-_Marco_Carola_@_Loveland_Festival,_Sloterpark,_Amsterdam",be@tv,3,38,DJ Simi,Green Twister [DJ Series - DJS 035INT],DJ Simi - Green Twister [DJ Series - DJS 035INT]
"2011-08-13 - Marco Carola @ Loveland Festival, Sloterpark, Amsterdam","https://www.mixesdb.com/w/2011-08-13_-_Marco_Carola_@_Loveland_Festival,_Sloterpark,_Amsterdam",be@tv,4,44,Hectik Rivero & Mika Materazzi,From A Jar [Witty Tunes - WT 042],Hectik Rivero & Mika Materazzi - From A Jar [Witty Tunes - WT 042]
"2011-08-13 - Marco Carola @ Loveland Festival, Sloterpark, Amsterdam","https://www.mixesdb.com/w/2011-08-13_-_Marco_Carola_@_Loveland_Festival,_Sloterpark,_Amsterdam",be@tv,5,50,Matteo Spedicati,Homeless,Matteo Spedicati - Homeless
"2011-08-13 - Marco Carola @ Loveland Festival, Sloterpark, Amsterdam","https://www.mixesdb.com/w/2011-08-13_-_Marco_Carola_@_Loveland_Festival,_Sloterpark,_Amsterdam",be@tv,6,57,69,Filter King,69 - Filter King
"2011-08-13 - Marco Carola @ Loveland Festival, Sloterpark, Amsterdam","https://www.mixesdb.com/w/2011-08-13_-_Marco_Carola_@_Loveland_Festival,_Sloterpark,_Amsterdam",be@tv,7,60,Pig&Dan,Love Song,Pig&Dan - Love Song
"2011-08-13 - Marco Carola @ Loveland Festival, Sloterpark, Amsterdam","https://www.mixesdb.com/w/2011-08-13_-_Marco_Carola_@_Loveland_Festival,_Sloterpark,_Amsterdam",be@tv,8,65,,?,?
"2011-08-13 - Marco Carola @ Loveland Festival, Sloterpark, Amsterdam","https://www.mixesdb.com/w/2011-08-13_-_Marco_Carola_@_Loveland_Festival,_Sloterpark,_Amsterdam",be@tv,9,70,Daryl Stay,Pendulum,Daryl Stay - Pendulum
"2011-08-13 - Marco Carola @ Loveland Festival, Sloterpark, Amsterdam","https://www.mixesdb.com/w/2011-08-13_-_Marco_Carola_@_Loveland_Festival,_Sloterpark,_Amsterdam",be@tv,10,75,Daniel Pscheid & Gene,Love Poison (Jesse Perez Miami Poison Mix),Daniel Pscheid & Gene - Love Poison (Jesse Perez Miami Poison Mix)
"2011-08-13 - Marco Carola @ Loveland Festival, Sloterpark, Amsterdam","https://www.mixesdb.com/w/2011-08-13_-_Marco_Carola_@_Loveland_Festival,_Sloterpark,_Amsterdam",be@tv,11,81,Samuel L. Session,Four To The Floor (Pig&Dan Remix),Samuel L. Session - Four To The Floor (Pig&Dan Remix)
"2011-08-13 - Marco Carola @ Loveland Festival, Sloterpark, Amsterdam","https://www.mixesdb.com/w/2011-08-13_-_Marco_Carola_@_Loveland_Festival,_Sloterpark,_Amsterdam",be@tv,12,86,Cristian Viviano & Adriano Filippucci Feat. Moko,H.O.D. (Devil's House),Cristian Viviano & Adriano Filippucci Feat. Moko - H.O.D. (Devil's House)
"2011-08-13 - Marco Carola @ Loveland Festival, Sloterpark, Amsterdam","https://www.mixesdb.com/w/2011-08-13_-_Marco_Carola_@_Loveland_Festival,_Sloterpark,_Amsterdam",be@tv,13,90,,?,?
"2011-08-13 - Marco Carola @ Loveland Festival, Sloterpark, Amsterdam","https://www.mixesdb.com/w/2011-08-13_-_Marco_Carola_@_Loveland_Festival,_Sloterpark,_Amsterdam",Version 3,1,00,Ipagan,Mientrastanto [Wasabi - COMP 042],Ipagan - Mientrastanto [Wasabi - COMP 042]
"2011-08-13 - Marco Carola @ Loveland Festival, Sloterpark, Amsterdam","https://www.mixesdb.com/w/2011-08-13_-_Marco_Carola_@_Loveland_Festival,_Sloterpark,_Amsterdam",Version 3,2,05,Cuartero,El Africano [Witty Tunes - WT 052],Cuartero - El Africano [Witty Tunes - WT 052]
"2011-08-13 - Marco Carola @ Loveland Festival, Sloterpark, Amsterdam","https://www.mixesdb.com/w/2011-08-13_-_Marco_Carola_@_Loveland_Festival,_Sloterpark,_Amsterdam",Version 3,3,07,,?,?
"2011-08-13 - Marco Carola @ Loveland Festival, Sloterpark, Amsterdam","https://www.mixesdb.com/w/2011-08-13_-_Marco_Carola_@_Loveland_Festival,_Sloterpark,_Amsterdam",Version 3,4,12,Sam Ball,Love Nor Money [Form - D 14],Sam Ball - Love Nor Money [Form - D 14]
"2011-08-13 - Marco Carola @ Loveland Festival, Sloterpark, Amsterdam","https://www.mixesdb.com/w/2011-08-13_-_Marco_Carola_@_Loveland_Festival,_Sloterpark,_Amsterdam",Version 3,5,16,Andrea Mattioli & Stefano Kosa,Holiday [Diva - DVR 073],Andrea Mattioli & Stefano Kosa - Holiday [Diva - DVR 073]
"2011-08-13 - Marco Carola @ Loveland Festival, Sloterpark, Amsterdam","https://www.mixesdb.com/w/2011-08-13_-_Marco_Carola_@_Loveland_Festival,_Sloterpark,_Amsterdam",Version 3,6,18,,?,?
"2013-03-07 - Marco Carola @ Bershka Presents Marc Carola, Blue Marlin Ibiza, Dubai","https://www.mixesdb.com/w/2013-03-07_-_Marco_Carola_@_Bershka_Presents_Marc_Carola,_Blue_Marlin_Ibiza,_Dubai",,1,000,Ali Efe Dinc,Playin (H2 Lounge Groove Remix) [Eklektisch - EKV 012],Ali Efe Dinc - Playin (H2 Lounge Groove Remix) [Eklektisch - EKV 012]
"2013-03-07 - Marco Carola @ Bershka Presents Marc Carola, Blue Marlin Ibiza, Dubai","https://www.mixesdb.com/w/2013-03-07_-_Marco_Carola_@_Bershka_Presents_Marc_Carola,_Blue_Marlin_Ibiza,_Dubai",,2,003,Mobius Strum,Vivian Hit,Mobius Strum - Vivian Hit
"2013-03-07 - Marco Carola @ Bershka Presents Marc Carola, Blue Marlin Ibiza, Dubai","https://www.mixesdb.com/w/2013-03-07_-_Marco_Carola_@_Bershka_Presents_Marc_Carola,_Blue_Marlin_Ibiza,_Dubai",,3,009,,?,?
"2013-03-07 - Marco Carola @ Bershka Presents Marc Carola, Blue Marlin Ibiza, Dubai","https://www.mixesdb.com/w/2013-03-07_-_Marco_Carola_@_Bershka_Presents_Marc_Carola,_Blue_Marlin_Ibiza,_Dubai",,4,014,Luca M & JUST2,Another Earth (Fabian Argomedo Remix),Luca M & JUST2 - Another Earth (Fabian Argomedo Remix)
"2013-03-07 - Marco Carola @ Bershka Presents Marc Carola, Blue Marlin Ibiza, Dubai","https://www.mixesdb.com/w/2013-03-07_-_Marco_Carola_@_Bershka_Presents_Marc_Carola,_Blue_Marlin_Ibiza,_Dubai",,5,018,Matt Keyl,Choco Bump [Klever - KLVL 001],Matt Keyl - Choco Bump [Klever - KLVL 001]
"2013-03-07 - Marco Carola @ Bershka Presents Marc Carola, Blue Marlin Ibiza, Dubai","https://www.mixesdb.com/w/2013-03-07_-_Marco_Carola_@_Bershka_Presents_Marc_Carola,_Blue_Marlin_Ibiza,_Dubai",,6,021,,?,?
"2013-03-07 - Marco Carola @ Bershka Presents Marc Carola, Blue Marlin Ibiza, Dubai","https://www.mixesdb.com/w/2013-03-07_-_Marco_Carola_@_Bershka_Presents_Marc_Carola,_Blue_Marlin_Ibiza,_Dubai",,7,022,Junior Gee,This Society [Something Different - SDR 025],Junior Gee - This Society [Something Different - SDR 025]
"2013-03-07 - Marco Carola @ Bershka Presents Marc Carola, Blue Marlin Ibiza, Dubai","https://www.mixesdb.com/w/2013-03-07_-_Marco_Carola_@_Bershka_Presents_Marc_Carola,_Blue_Marlin_Ibiza,_Dubai",,8,027,Federico Locchi,Floor Up [Moan - 008],Federico Locchi - Floor Up [Moan - 008]
"2013-03-07 - Marco Carola @ Bershka Presents Marc Carola, Blue Marlin Ibiza, Dubai","https://www.mixesdb.com/w/2013-03-07_-_Marco_Carola_@_Bershka_Presents_Marc_Carola,_Blue_Marlin_Ibiza,_Dubai",,9,032,Adam Schock,Krummbreisel (Yo Montero's B-Afraid Remix) [Creepy Finger - CFR 021],Adam Schock - Krummbreisel (Yo Montero's B-Afraid Remix) [Creepy Finger - CFR 021]
"2013-03-07 - Marco Carola @ Bershka Presents Marc Carola, Blue Marlin Ibiza, Dubai","https://www.mixesdb.com/w/2013-03-07_-_Marco_Carola_@_Bershka_Presents_Marc_Carola,_Blue_Marlin_Ibiza,_Dubai",,10,039,Junior Gee,This Society [Something Different - SDR 025],Junior Gee - This Society [Something Different - SDR 025]
"2013-03-07 - Marco Carola @ Bershka Presents Marc Carola, Blue Marlin Ibiza, Dubai","https://www.mixesdb.com/w/2013-03-07_-_Marco_Carola_@_Bershka_Presents_Marc_Carola,_Blue_Marlin_Ibiza,_Dubai",,11,043,Bjorn Wolf & Youri Donatz Feat. Mike Dunn,Iz Diz Houz [Cadenza - CADCD 11D],Bjorn Wolf & Youri Donatz Feat. Mike Dunn - Iz Diz Houz [Cadenza - CADCD 11D]
"2013-03-07 - Marco Carola @ Bershka Presents Marc Carola, Blue Marlin Ibiza, Dubai","https://www.mixesdb.com/w/2013-03-07_-_Marco_Carola_@_Bershka_Presents_Marc_Carola,_Blue_Marlin_Ibiza,_Dubai",,12,048,Sidney Charles,Fameless [Kling Klong],Sidney Charles - Fameless [Kling Klong]
"2013-03-07 - Marco Carola @ Bershka Presents Marc Carola, Blue Marlin Ibiza, Dubai","https://www.mixesdb.com/w/2013-03-07_-_Marco_Carola_@_Bershka_Presents_Marc_Carola,_Blue_Marlin_Ibiza,_Dubai",,13,054,Fabio Giannelli,Maintain (M.A.N.D.Y. Remix) [Get Physical - GPM 209],Fabio Giannelli - Maintain (M.A.N.D.Y. Remix) [Get Physical - GPM 209]
"2013-03-07 - Marco Carola @ Bershka Presents Marc Carola, Blue Marlin Ibiza, Dubai","https://www.mixesdb.com/w/2013-03-07_-_Marco_Carola_@_Bershka_Presents_Marc_Carola,_Blue_Marlin_Ibiza,_Dubai",,14,059,Gerald Henderson,Columbo (D-Formation Remix) [Recovery House - RHCOMP 899],Gerald Henderson - Columbo (D-Formation Remix) [Recovery House - RHCOMP 899]
"2013-03-07 - Marco Carola @ Bershka Presents Marc Carola, Blue Marlin Ibiza, Dubai","https://www.mixesdb.com/w/2013-03-07_-_Marco_Carola_@_Bershka_Presents_Marc_Carola,_Blue_Marlin_Ibiza,_Dubai",,15,064,,?,?
"2013-03-07 - Marco Carola @ Bershka Presents Marc Carola, Blue Marlin Ibiza, Dubai","https://www.mixesdb.com/w/2013-03-07_-_Marco_Carola_@_Bershka_Presents_Marc_Carola,_Blue_Marlin_Ibiza,_Dubai",,16,071,Simone Burrini,Areas [Moan - 006],Simone Burrini - Areas [Moan - 006]
"2013-03-07 - Marco Carola @ Bershka Presents Marc Carola, Blue Marlin Ibiza, Dubai","https://www.mixesdb.com/w/2013-03-07_-_Marco_Carola_@_Bershka_Presents_Marc_Carola,_Blue_Marlin_Ibiza,_Dubai",,17,075,Nuria Ghia & B-Quartz & Jose Licker,We'll See (Edgar De Ramon Remix),Nuria Ghia & B-Quartz & Jose Licker - We'll See (Edgar De Ramon Remix)
"2013-03-07 - Marco Carola @ Bershka Presents Marc Carola, Blue Marlin Ibiza, Dubai","https://www.mixesdb.com/w/2013-03-07_-_Marco_Carola_@_Bershka_Presents_Marc_Carola,_Blue_Marlin_Ibiza,_Dubai",,18,080,Stone Owl,Chemtrails (Andy Toth Remix) [Trapez - 138],Stone Owl - Chemtrails (Andy Toth Remix) [Trapez - 138]
"2013-03-07 - Marco Carola @ Bershka Presents Marc Carola, Blue Marlin Ibiza, Dubai","https://www.mixesdb.com/w/2013-03-07_-_Marco_Carola_@_Bershka_Presents_Marc_Carola,_Blue_Marlin_Ibiza,_Dubai",,19,087,Paco Maroto,My Way [Blackflag - BFR 011],Paco Maroto - My Way [Blackflag - BFR 011]
"2013-03-07 - Marco Carola @ Bershka Presents Marc Carola, Blue Marlin Ibiza, Dubai","https://www.mixesdb.com/w/2013-03-07_-_Marco_Carola_@_Bershka_Presents_Marc_Carola,_Blue_Marlin_Ibiza,_Dubai",,20,092,Arjun Vagale & Tim Richards,Tonkatsu (Mladen Tomic Remix) [KD],Arjun Vagale & Tim Richards - Tonkatsu (Mladen Tomic Remix) [KD]
"2013-03-07 - Marco Carola @ Bershka Presents Marc Carola, Blue Marlin Ibiza, Dubai","https://www.mixesdb.com/w/2013-03-07_-_Marco_Carola_@_Bershka_Presents_Marc_Carola,_Blue_Marlin_Ibiza,_Dubai",,21,094,Will Monotone,My Own Thing [Sub Society - SSM 002],Will Monotone - My Own Thing [Sub Society - SSM 002]
"2013-03-07 - Marco Carola @ Bershka Presents Marc Carola, Blue Marlin Ibiza, Dubai","https://www.mixesdb.com/w/2013-03-07_-_Marco_Carola_@_Bershka_Presents_Marc_Carola,_Blue_Marlin_Ibiza,_Dubai",,22,100,,?,?
"2013-03-07 - Marco Carola @ Bershka Presents Marc Carola, Blue Marlin Ibiza, Dubai","https://www.mixesdb.com/w/2013-03-07_-_Marco_Carola_@_Bershka_Presents_Marc_Carola,_Blue_Marlin_Ibiza,_Dubai",,23,106,Marc Houle,Borrowed Gear [Minus - 23],Marc Houle - Borrowed Gear [Minus - 23]
"2013-03-07 - Marco Carola @ Bershka Presents Marc Carola, Blue Marlin Ibiza, Dubai","https://www.mixesdb.com/w/2013-03-07_-_Marco_Carola_@_Bershka_Presents_Marc_Carola,_Blue_Marlin_Ibiza,_Dubai",,24,110,Mariano Mateljan,Tenebrous Avenue [Hot N Wet - HNW 009],Mariano Mateljan - Tenebrous Avenue [Hot N Wet - HNW 009]
"2013-03-07 - Marco Carola @ Bershka Presents Marc Carola, Blue Marlin Ibiza, Dubai","https://www.mixesdb.com/w/2013-03-07_-_Marco_Carola_@_Bershka_Presents_Marc_Carola,_Blue_Marlin_Ibiza,_Dubai",,25,114,Luis Martinez,Yay Boy [Hustler Muzik - HMVA 001],Luis Martinez - Yay Boy [Hustler Muzik - HMVA 001]
"2013-03-07 - Marco Carola @ Bershka Presents Marc Carola, Blue Marlin Ibiza, Dubai","https://www.mixesdb.com/w/2013-03-07_-_Marco_Carola_@_Bershka_Presents_Marc_Carola,_Blue_Marlin_Ibiza,_Dubai",,26,119,Johann Smog,Up The Train (Victor Vera Remix) [Darkside Black - DSB 075],Johann Smog - Up The Train (Victor Vera Remix) [Darkside Black - DSB 075]
"2013-03-07 - Marco Carola @ Bershka Presents Marc Carola, Blue Marlin Ibiza, Dubai","https://www.mixesdb.com/w/2013-03-07_-_Marco_Carola_@_Bershka_Presents_Marc_Carola,_Blue_Marlin_Ibiza,_Dubai",,27,122,Miguel Bastida,Granos De Arena,Miguel Bastida - Granos De Arena
"2013-03-07 - Marco Carola @ Bershka Presents Marc Carola, Blue Marlin Ibiza, Dubai","https://www.mixesdb.com/w/2013-03-07_-_Marco_Carola_@_Bershka_Presents_Marc_Carola,_Blue_Marlin_Ibiza,_Dubai",,28,126,Jan Van Lier & Recycled Beats,Power Cube (Veekatz Selective Remix) [Selective - 001],Jan Van Lier & Recycled Beats - Power Cube (Veekatz Selective Remix) [Selective - 001]
"2013-03-07 - Marco Carola @ Bershka Presents Marc Carola, Blue Marlin Ibiza, Dubai","https://www.mixesdb.com/w/2013-03-07_-_Marco_Carola_@_Bershka_Presents_Marc_Carola,_Blue_Marlin_Ibiza,_Dubai",,29,131,,?,?
"2013-03-07 - Marco Carola @ Bershka Presents Marc Carola, Blue Marlin Ibiza, Dubai","https://www.mixesdb.com/w/2013-03-07_-_Marco_Carola_@_Bershka_Presents_Marc_Carola,_Blue_Marlin_Ibiza,_Dubai",,30,138,Archie Hamilton & Dan Farserelli,Better Hide (Faster Remix) [Moscow - 009],Archie Hamilton & Dan Farserelli - Better Hide (Faster Remix) [Moscow - 009]
"2013-03-07 - Marco Carola @ Bershka Presents Marc Carola, Blue Marlin Ibiza, Dubai","https://www.mixesdb.com/w/2013-03-07_-_Marco_Carola_@_Bershka_Presents_Marc_Carola,_Blue_Marlin_Ibiza,_Dubai",,31,142,Oliver Gil,Bob [Drops - LQDD 0108],Oliver Gil - Bob [Drops - LQDD 0108]
"2014-10-31 - Pete Tong, Richie Hawtin, Marco Carola - Essential Selection","https://www.mixesdb.com/w/2014-10-31_-_Pete_Tong,_Richie_Hawtin,_Marco_Carola_-_Essential_Selection",Pete Tong,1,,Oliver Heldens Feat. KStewart,Last All Night (Koala) [FFRR],Oliver Heldens Feat. KStewart - Last All Night (Koala) [FFRR]
"2014-10-31 - Pete Tong, Richie Hawtin, Marco Carola - Essential Selection","https://www.mixesdb.com/w/2014-10-31_-_Pete_Tong,_Richie_Hawtin,_Marco_Carola_-_Essential_Selection",Pete Tong,2,,Michael Calfan,Treasured Soul [Spinnin'],Michael Calfan - Treasured Soul [Spinnin']
"2014-10-31 - Pete Tong, Richie Hawtin, Marco Carola - Essential Selection","https://www.mixesdb.com/w/2014-10-31_-_Pete_Tong,_Richie_Hawtin,_Marco_Carola_-_Essential_Selection",Pete Tong,3,,Kaskade & John Dahlbäck,A Little More,Kaskade & John Dahlbäck - A Little More
"2014-10-31 - Pete Tong, Richie Hawtin, Marco Carola - Essential Selection","https://www.mixesdb.com/w/2014-10-31_-_Pete_Tong,_Richie_Hawtin,_Marco_Carola_-_Essential_Selection",Pete Tong,4,,Deadmau5 & Kaskade,I Remember (Shiba San Remix) [Mau5trap],Deadmau5 & Kaskade - I Remember (Shiba San Remix) [Mau5trap]
"2014-10-31 - Pete Tong, Richie Hawtin, Marco Carola - Essential Selection","https://www.mixesdb.com/w/2014-10-31_-_Pete_Tong,_Richie_Hawtin,_Marco_Carola_-_Essential_Selection",Pete Tong,5,,Rhye,Open (Max Joni & Daniele Di Martino Remix) [Polydor],Rhye - Open (Max Joni & Daniele Di Martino Remix) [Polydor]
"2014-10-31 - Pete Tong, Richie Hawtin, Marco Carola - Essential Selection","https://www.mixesdb.com/w/2014-10-31_-_Pete_Tong,_Richie_Hawtin,_Marco_Carola_-_Essential_Selection",Pete Tong,6,,Lane 8 Feat. Solomon Grey,Diamonds [Anjunadeep],Lane 8 Feat. Solomon Grey - Diamonds [Anjunadeep]
"2014-10-31 - Pete Tong, Richie Hawtin, Marco Carola - Essential Selection","https://www.mixesdb.com/w/2014-10-31_-_Pete_Tong,_Richie_Hawtin,_Marco_Carola_-_Essential_Selection",Pete Tong,7,,Marlon D.,When The Beat Drops Out (Lulleaux Remix),Marlon D. - When The Beat Drops Out (Lulleaux Remix)
"2014-10-31 - Pete Tong, Richie Hawtin, Marco Carola - Essential Selection","https://www.mixesdb.com/w/2014-10-31_-_Pete_Tong,_Richie_Hawtin,_Marco_Carola_-_Essential_Selection",Pete Tong,8,,Klement Bonelli & Michel Cleis,Marvinello,Klement Bonelli & Michel Cleis - Marvinello
"2014-10-31 - Pete Tong, Richie Hawtin, Marco Carola - Essential Selection","https://www.mixesdb.com/w/2014-10-31_-_Pete_Tong,_Richie_Hawtin,_Marco_Carola_-_Essential_Selection",Pete Tong,9,,Bakermat,Teach Me,Bakermat - Teach Me
"2014-10-31 - Pete Tong, Richie Hawtin, Marco Carola - Essential Selection","https://www.mixesdb.com/w/2014-10-31_-_Pete_Tong,_Richie_Hawtin,_Marco_Carola_-_Essential_Selection",Pete Tong,10,,Sam Smith,Like I Can (Jonas Rathsman Remix) [Capitol],Sam Smith - Like I Can (Jonas Rathsman Remix) [Capitol]
"2014-10-31 - Pete Tong, Richie Hawtin, Marco Carola - Essential Selection","https://www.mixesdb.com/w/2014-10-31_-_Pete_Tong,_Richie_Hawtin,_Marco_Carola_-_Essential_Selection",Pete Tong,11,,Disciples,They Don't Know [FFRR],Disciples - They Don't Know [FFRR]
"2014-10-31 - Pete Tong, Richie Hawtin, Marco Carola - Essential Selection","https://www.mixesdb.com/w/2014-10-31_-_Pete_Tong,_Richie_Hawtin,_Marco_Carola_-_Essential_Selection",Pete Tong,12,,The Temper Trap,Sweet Disposition (Axwell & Dirty South Remix) [Infectious],The Temper Trap - Sweet Disposition (Axwell & Dirty South Remix) [Infectious]
"2014-10-31 - Pete Tong, Richie Hawtin, Marco Carola - Essential Selection","https://www.mixesdb.com/w/2014-10-31_-_Pete_Tong,_Richie_Hawtin,_Marco_Carola_-_Essential_Selection",Pete Tong,13,,Dusky,Yoohoo [17 Steps],Dusky - Yoohoo [17 Steps]
"2014-10-31 - Pete Tong, Richie Hawtin, Marco Carola - Essential Selection","https://www.mixesdb.com/w/2014-10-31_-_Pete_Tong,_Richie_Hawtin,_Marco_Carola_-_Essential_Selection",Pete Tong,14,,Tiga,Bugatti (Eats Everything Cortina Remix) [Turbo],Tiga - Bugatti (Eats Everything Cortina Remix) [Turbo]
"2014-10-31 - Pete Tong, Richie Hawtin, Marco Carola - Essential Selection","https://www.mixesdb.com/w/2014-10-31_-_Pete_Tong,_Richie_Hawtin,_Marco_Carola_-_Essential_Selection",Pete Tong,15,,Destructo,Dare You To Move [Interscope],Destructo - Dare You To Move [Interscope]
"2014-10-31 - Pete Tong, Richie Hawtin, Marco Carola - Essential Selection","https://www.mixesdb.com/w/2014-10-31_-_Pete_Tong,_Richie_Hawtin,_Marco_Carola_-_Essential_Selection",Pete Tong,16,,S-Man,Hold On (Dub Mix),S-Man - Hold On (Dub Mix)
"2014-10-31 - Pete Tong, Richie Hawtin, Marco Carola - Essential Selection","https://www.mixesdb.com/w/2014-10-31_-_Pete_Tong,_Richie_Hawtin,_Marco_Carola_-_Essential_Selection",Pete Tong,17,,Human Life & Anabel Englund,El Diablo (Adana Twins Remix) [Exploited],Human Life & Anabel Englund - El Diablo (Adana Twins Remix) [Exploited]
"2014-10-31 - Pete Tong, Richie Hawtin, Marco Carola - Essential Selection","https://www.mixesdb.com/w/2014-10-31_-_Pete_Tong,_Richie_Hawtin,_Marco_Carola_-_Essential_Selection",Pete Tong,18,,F.U.S.E.,Approach & Identify [Plus 8],F.U.S.E. - Approach & Identify [Plus 8]
"2014-10-31 - Pete Tong, Richie Hawtin, Marco Carola - Essential Selection","https://www.mixesdb.com/w/2014-10-31_-_Pete_Tong,_Richie_Hawtin,_Marco_Carola_-_Essential_Selection",Pete Tong,19,,Gary Haisman & D Mob,We Call It Acieed [FFRR],Gary Haisman & D Mob - We Call It Acieed [FFRR]
"2014-10-31 - Pete Tong, Richie Hawtin, Marco Carola - Essential Selection","https://www.mixesdb.com/w/2014-10-31_-_Pete_Tong,_Richie_Hawtin,_Marco_Carola_-_Essential_Selection",Pete Tong,20,,Richie Hawtin,The Tunnel [Novamute],Richie Hawtin - The Tunnel [Novamute]
"2014-10-31 - Pete Tong, Richie Hawtin, Marco Carola - Essential Selection","https://www.mixesdb.com/w/2014-10-31_-_Pete_Tong,_Richie_Hawtin,_Marco_Carola_-_Essential_Selection",Pete Tong,21,,Plastikman,EXhale [Mute],Plastikman - EXhale [Mute]
"2014-10-31 - Pete Tong, Richie Hawtin, Marco Carola - Essential Selection","https://www.mixesdb.com/w/2014-10-31_-_Pete_Tong,_Richie_Hawtin,_Marco_Carola_-_Essential_Selection",Pete Tong,22,,Subb-an Feat. S.Y.F.,Say No More (Terrace Dub) [Crosstown Rebels],Subb-an Feat. S.Y.F. - Say No More (Terrace Dub) [Crosstown Rebels]
"2014-10-31 - Pete Tong, Richie Hawtin, Marco Carola - Essential Selection","https://www.mixesdb.com/w/2014-10-31_-_Pete_Tong,_Richie_Hawtin,_Marco_Carola_-_Essential_Selection",Pete Tong,23,,Joeski,Set In My Mind [Kinetika],Joeski - Set In My Mind [Kinetika]
"2014-10-31 - Pete Tong, Richie Hawtin, Marco Carola - Essential Selection","https://www.mixesdb.com/w/2014-10-31_-_Pete_Tong,_Richie_Hawtin,_Marco_Carola_-_Essential_Selection",Pete Tong,24,,Jesse Rose & Trozé,Chocolate (Dark Chocolate Version) [Play It Down],Jesse Rose & Trozé - Chocolate (Dark Chocolate Version) [Play It Down]
"2014-10-31 - Pete Tong, Richie Hawtin, Marco Carola - Essential Selection","https://www.mixesdb.com/w/2014-10-31_-_Pete_Tong,_Richie_Hawtin,_Marco_Carola_-_Essential_Selection",Pete Tong,25,,Kölsch,Punchbuggy [Balance],Kölsch - Punchbuggy [Balance]
"2014-10-31 - Pete Tong, Richie Hawtin, Marco Carola - Essential Selection","https://www.mixesdb.com/w/2014-10-31_-_Pete_Tong,_Richie_Hawtin,_Marco_Carola_-_Essential_Selection",Pete Tong,26,,Pete Oak,Tranquila [Steyoyoke],Pete Oak - Tranquila [Steyoyoke]
"2014-10-31 - Pete Tong, Richie Hawtin, Marco Carola - Essential Selection","https://www.mixesdb.com/w/2014-10-31_-_Pete_Tong,_Richie_Hawtin,_Marco_Carola_-_Essential_Selection",Pete Tong,27,,Gardens Of God,Fiddler [Ellum],Gardens Of God - Fiddler [Ellum]
"2014-10-31 - Pete Tong, Richie Hawtin, Marco Carola - Essential Selection","https://www.mixesdb.com/w/2014-10-31_-_Pete_Tong,_Richie_Hawtin,_Marco_Carola_-_Essential_Selection",Pete Tong,28,,Tube & Berger,Straight Ahead (Tom Neville Remix) [Direction],Tube & Berger - Straight Ahead (Tom Neville Remix) [Direction]
"2014-10-31 - Pete Tong, Richie Hawtin, Marco Carola - Essential Selection","https://www.mixesdb.com/w/2014-10-31_-_Pete_Tong,_Richie_Hawtin,_Marco_Carola_-_Essential_Selection",Pete Tong,29,,Lee Cabrera,Voodoo Love,Lee Cabrera - Voodoo Love
"2014-10-31 - Pete Tong, Richie Hawtin, Marco Carola - Essential Selection","https://www.mixesdb.com/w/2014-10-31_-_Pete_Tong,_Richie_Hawtin,_Marco_Carola_-_Essential_Selection",Pete Tong,30,,Junior Jack,E Samba [Defected],Junior Jack - E Samba [Defected]
"2014-10-31 - Pete Tong, Richie Hawtin, Marco Carola - Essential Selection","https://www.mixesdb.com/w/2014-10-31_-_Pete_Tong,_Richie_Hawtin,_Marco_Carola_-_Essential_Selection",Marco Carola After Hours Mix,1,,Sonarpilot,In The Beginning (Tech Mix) [Sonarpilot],Sonarpilot - In The Beginning (Tech Mix) [Sonarpilot]
"2014-10-31 - Pete Tong, Richie Hawtin, Marco Carola - Essential Selection","https://www.mixesdb.com/w/2014-10-31_-_Pete_Tong,_Richie_Hawtin,_Marco_Carola_-_Essential_Selection",Marco Carola After Hours Mix,2,,Hang & Over,Coolness [Casetta],Hang & Over - Coolness [Casetta]
"2014-10-31 - Pete Tong, Richie Hawtin, Marco Carola - Essential Selection","https://www.mixesdb.com/w/2014-10-31_-_Pete_Tong,_Richie_Hawtin,_Marco_Carola_-_Essential_Selection",Marco Carola After Hours Mix,3,,Philipp Lichtblau,Quarterlife Crisis [MBF],Philipp Lichtblau - Quarterlife Crisis [MBF]
"2014-10-31 - Pete Tong, Richie Hawtin, Marco Carola - Essential Selection","https://www.mixesdb.com/w/2014-10-31_-_Pete_Tong,_Richie_Hawtin,_Marco_Carola_-_Essential_Selection",Marco Carola After Hours Mix,4,,Rub A Dub,Rebel Drum [Habla],Rub A Dub - Rebel Drum [Habla]
"2014-10-31 - Pete Tong, Richie Hawtin, Marco Carola - Essential Selection","https://www.mixesdb.com/w/2014-10-31_-_Pete_Tong,_Richie_Hawtin,_Marco_Carola_-_Essential_Selection",Marco Carola After Hours Mix,5,,JMC,Midas Touch [Proku],JMC - Midas Touch [Proku]
"2014-10-31 - Pete Tong, Richie Hawtin, Marco Carola - Essential Selection","https://www.mixesdb.com/w/2014-10-31_-_Pete_Tong,_Richie_Hawtin,_Marco_Carola_-_Essential_Selection",Marco Carola After Hours Mix,6,,Lukas Trunk,Go Back [Beat Frequency],Lukas Trunk - Go Back [Beat Frequency]
"2014-10-31 - Pete Tong, Richie Hawtin, Marco Carola - Essential Selection","https://www.mixesdb.com/w/2014-10-31_-_Pete_Tong,_Richie_Hawtin,_Marco_Carola_-_Essential_Selection",Marco Carola After Hours Mix,7,,Kambo Rio & Enzo Leep,Brian's Mother (Blagoj Rambabov Remix) [Konzentrisch],Kambo Rio & Enzo Leep - Brian's Mother (Blagoj Rambabov Remix) [Konzentrisch]
"2014-10-31 - Pete Tong, Richie Hawtin, Marco Carola - Essential Selection","https://www.mixesdb.com/w/2014-10-31_-_Pete_Tong,_Richie_Hawtin,_Marco_Carola_-_Essential_Selection",Marco Carola After Hours Mix,8,,Taf,De Tuna [Analoq Musik],Taf - De Tuna [Analoq Musik]
"2014-10-31 - Pete Tong, Richie Hawtin, Marco Carola - Essential Selection","https://www.mixesdb.com/w/2014-10-31_-_Pete_Tong,_Richie_Hawtin,_Marco_Carola_-_Essential_Selection",Marco Carola After Hours Mix,9,,Ross Evans,Let It Go [Saved],Ross Evans - Let It Go [Saved]
"2014-10-31 - Pete Tong, Richie Hawtin, Marco Carola - Essential Selection","https://www.mixesdb.com/w/2014-10-31_-_Pete_Tong,_Richie_Hawtin,_Marco_Carola_-_Essential_Selection",Marco Carola After Hours Mix,10,,Biella & Astrall & Toni Vidas,Feel My Sound (Seeward Remix) [Family Grooves],Biella & Astrall & Toni Vidas - Feel My Sound (Seeward Remix) [Family Grooves]
"2014-10-31 - Pete Tong, Richie Hawtin, Marco Carola - Essential Selection","https://www.mixesdb.com/w/2014-10-31_-_Pete_Tong,_Richie_Hawtin,_Marco_Carola_-_Essential_Selection",Marco Carola After Hours Mix,11,,Carlos Sanchez,K15 (Detlef Remix) [Electronique Digital],Carlos Sanchez - K15 (Detlef Remix) [Electronique Digital]
"2014-10-31 - Pete Tong, Richie Hawtin, Marco Carola - Essential Selection","https://www.mixesdb.com/w/2014-10-31_-_Pete_Tong,_Richie_Hawtin,_Marco_Carola_-_Essential_Selection",Marco Carola After Hours Mix,12,,Hermanez,Whatcha Gonna Do [Leena],Hermanez - Whatcha Gonna Do [Leena]
"2014-08-29 - Pete Tong, Marco Carola, Daniel Bortz - Essential Selection","https://www.mixesdb.com/w/2014-08-29_-_Pete_Tong,_Marco_Carola,_Daniel_Bortz_-_Essential_Selection",Pete Tong,1,,Alesso Feat. Tove Lo,Heroes [Refune],Alesso Feat. Tove Lo - Heroes [Refune]
"2014-08-29 - Pete Tong, Marco Carola, Daniel Bortz - Essential Selection","https://www.mixesdb.com/w/2014-08-29_-_Pete_Tong,_Marco_Carola,_Daniel_Bortz_-_Essential_Selection",Pete Tong,2,,Deniz Koyu,To The Sun [Axtone],Deniz Koyu - To The Sun [Axtone]
"2014-08-29 - Pete Tong, Marco Carola, Daniel Bortz - Essential Selection","https://www.mixesdb.com/w/2014-08-29_-_Pete_Tong,_Marco_Carola,_Daniel_Bortz_-_Essential_Selection",Pete Tong,3,,Kaz James,Show Me All Your Love [Onelove],Kaz James - Show Me All Your Love [Onelove]
"2014-08-29 - Pete Tong, Marco Carola, Daniel Bortz - Essential Selection","https://www.mixesdb.com/w/2014-08-29_-_Pete_Tong,_Marco_Carola,_Daniel_Bortz_-_Essential_Selection",Pete Tong,4,,Don Diablo,AnyTime [Sprs],Don Diablo - AnyTime [Sprs]
"2014-08-29 - Pete Tong, Marco Carola, Daniel Bortz - Essential Selection","https://www.mixesdb.com/w/2014-08-29_-_Pete_Tong,_Marco_Carola,_Daniel_Bortz_-_Essential_Selection",Pete Tong,5,,Fehrplay,Pyara [Ultra],Fehrplay - Pyara [Ultra]
"2014-08-29 - Pete Tong, Marco Carola, Daniel Bortz - Essential Selection","https://www.mixesdb.com/w/2014-08-29_-_Pete_Tong,_Marco_Carola,_Daniel_Bortz_-_Essential_Selection",Pete Tong,6,,Sander van Doorn & Oliver Heldens,This (Working Title) [Spinnin'],Sander van Doorn & Oliver Heldens - This (Working Title) [Spinnin']
"2014-08-29 - Pete Tong, Marco Carola, Daniel Bortz - Essential Selection","https://www.mixesdb.com/w/2014-08-29_-_Pete_Tong,_Marco_Carola,_Daniel_Bortz_-_Essential_Selection",Pete Tong,7,,KANT vs MK,Ey Yo [One More Tune (Omt)],KANT vs MK - Ey Yo [One More Tune (Omt)]
"2014-08-29 - Pete Tong, Marco Carola, Daniel Bortz - Essential Selection","https://www.mixesdb.com/w/2014-08-29_-_Pete_Tong,_Marco_Carola,_Daniel_Bortz_-_Essential_Selection",Pete Tong,8,,Tchami Feat. Kaleem Taylor,Promesses [Fool's Gold],Tchami Feat. Kaleem Taylor - Promesses [Fool's Gold]
"2014-08-29 - Pete Tong, Marco Carola, Daniel Bortz - Essential Selection","https://www.mixesdb.com/w/2014-08-29_-_Pete_Tong,_Marco_Carola,_Daniel_Bortz_-_Essential_Selection",Pete Tong,9,,Drew Hill,Talk To You (Groove Armada Remix) [Danse Club],Drew Hill - Talk To You (Groove Armada Remix) [Danse Club]
"2014-08-29 - Pete Tong, Marco Carola, Daniel Bortz - Essential Selection","https://www.mixesdb.com/w/2014-08-29_-_Pete_Tong,_Marco_Carola,_Daniel_Bortz_-_Essential_Selection",Pete Tong,10,,Tito Wun,The Way U Do It (Doc Daneeka Remix) [Defected],Tito Wun - The Way U Do It (Doc Daneeka Remix) [Defected]
"2014-08-29 - Pete Tong, Marco Carola, Daniel Bortz - Essential Selection","https://www.mixesdb.com/w/2014-08-29_-_Pete_Tong,_Marco_Carola,_Daniel_Bortz_-_Essential_Selection",Pete Tong,11,,Hot Since 82,Somebody Everybody [Knee Deep In Sound],Hot Since 82 - Somebody Everybody [Knee Deep In Sound]
"2014-08-29 - Pete Tong, Marco Carola, Daniel Bortz - Essential Selection","https://www.mixesdb.com/w/2014-08-29_-_Pete_Tong,_Marco_Carola,_Daniel_Bortz_-_Essential_Selection",Pete Tong,12,,Andre Crom & Chi Thanh,These Walls [Off],Andre Crom & Chi Thanh - These Walls [Off]
"2014-08-29 - Pete Tong, Marco Carola, Daniel Bortz - Essential Selection","https://www.mixesdb.com/w/2014-08-29_-_Pete_Tong,_Marco_Carola,_Daniel_Bortz_-_Essential_Selection",Pete Tong,13,,Maher Daniel,A Call From Within (Subb-an 5AM Remix) [No. 19],Maher Daniel - A Call From Within (Subb-an 5AM Remix) [No. 19]
"2014-08-29 - Pete Tong, Marco Carola, Daniel Bortz - Essential Selection","https://www.mixesdb.com/w/2014-08-29_-_Pete_Tong,_Marco_Carola,_Daniel_Bortz_-_Essential_Selection",Pete Tong,14,,Jey Kurmis,Caz She Can,Jey Kurmis - Caz She Can
"2014-08-29 - Pete Tong, Marco Carola, Daniel Bortz - Essential Selection","https://www.mixesdb.com/w/2014-08-29_-_Pete_Tong,_Marco_Carola,_Daniel_Bortz_-_Essential_Selection",Pete Tong,15,,Waifs & Strays,Keep Pushing (Denney Acid Rework) [Resonance],Waifs & Strays - Keep Pushing (Denney Acid Rework) [Resonance]
"2014-08-29 - Pete Tong, Marco Carola, Daniel Bortz - Essential Selection","https://www.mixesdb.com/w/2014-08-29_-_Pete_Tong,_Marco_Carola,_Daniel_Bortz_-_Essential_Selection",Pete Tong,16,,Russ Yallop,Traffic [Hot Creations],Russ Yallop - Traffic [Hot Creations]
"2014-08-29 - Pete Tong, Marco Carola, Daniel Bortz - Essential Selection","https://www.mixesdb.com/w/2014-08-29_-_Pete_Tong,_Marco_Carola,_Daniel_Bortz_-_Essential_Selection",Pete Tong,17,,Jaymo & Andy George,In My Way [Moda Black],Jaymo & Andy George - In My Way [Moda Black]
"2014-08-29 - Pete Tong, Marco Carola, Daniel Bortz - Essential Selection","https://www.mixesdb.com/w/2014-08-29_-_Pete_Tong,_Marco_Carola,_Daniel_Bortz_-_Essential_Selection",Pete Tong,18,,Andraé Crouch & Disciples,They Don't Know [FFRR],Andraé Crouch & Disciples - They Don't Know [FFRR]
"2014-08-29 - Pete Tong, Marco Carola, Daniel Bortz - Essential Selection","https://www.mixesdb.com/w/2014-08-29_-_Pete_Tong,_Marco_Carola,_Daniel_Bortz_-_Essential_Selection",Pete Tong's Hall Of Fame Marco Carola,1,,Marco Carola,The Tribe,Marco Carola - The Tribe
"2014-08-29 - Pete Tong, Marco Carola, Daniel Bortz - Essential Selection","https://www.mixesdb.com/w/2014-08-29_-_Pete_Tong,_Marco_Carola,_Daniel_Bortz_-_Essential_Selection",Pete Tong's Hall Of Fame Marco Carola,2,,Noir Feat. HRRSN,My Fault [Noir],Noir Feat. HRRSN - My Fault [Noir]
"2014-08-29 - Pete Tong, Marco Carola, Daniel Bortz - Essential Selection","https://www.mixesdb.com/w/2014-08-29_-_Pete_Tong,_Marco_Carola,_Daniel_Bortz_-_Essential_Selection",Pete Tong's Hall Of Fame Marco Carola,3,,Cubicolor,I Got This Feeling [Anjunadeep],Cubicolor - I Got This Feeling [Anjunadeep]
"2014-08-29 - Pete Tong, Marco Carola, Daniel Bortz - Essential Selection","https://www.mixesdb.com/w/2014-08-29_-_Pete_Tong,_Marco_Carola,_Daniel_Bortz_-_Essential_Selection",Pete Tong's Hall Of Fame Marco Carola,4,,16BL (16 Bit Lolitas),Deep In My Soul [Anjunadeep],16BL (16 Bit Lolitas) - Deep In My Soul [Anjunadeep]
"2014-08-29 - Pete Tong, Marco Carola, Daniel Bortz - Essential Selection","https://www.mixesdb.com/w/2014-08-29_-_Pete_Tong,_Marco_Carola,_Daniel_Bortz_-_Essential_Selection",Future Stars<nowiki>:</nowiki> Daniel Bortz,1,,Daniel Bortz,Monkey Biznizz [Suol],Daniel Bortz - Monkey Biznizz [Suol]
"2014-08-29 - Pete Tong, Marco Carola, Daniel Bortz - Essential Selection","https://www.mixesdb.com/w/2014-08-29_-_Pete_Tong,_Marco_Carola,_Daniel_Bortz_-_Essential_Selection",Future Stars<nowiki>:</nowiki> Daniel Bortz,2,,Daniel Bortz & Sascha Sibler,Young World [Innervisions],Daniel Bortz & Sascha Sibler - Young World [Innervisions]
"2014-08-29 - Pete Tong, Marco Carola, Daniel Bortz - Essential Selection","https://www.mixesdb.com/w/2014-08-29_-_Pete_Tong,_Marco_Carola,_Daniel_Bortz_-_Essential_Selection",Weekend Hot Mix,1,,Few Nolder,If (Alt Version) [Connaisseur],Few Nolder - If (Alt Version) [Connaisseur]
"2014-08-29 - Pete Tong, Marco Carola, Daniel Bortz - Essential Selection","https://www.mixesdb.com/w/2014-08-29_-_Pete_Tong,_Marco_Carola,_Daniel_Bortz_-_Essential_Selection",Weekend Hot Mix,2,,Danny Daze & Translucent,Speaker Language [Kompakt Speicher],Danny Daze & Translucent - Speaker Language [Kompakt Speicher]
"2014-08-29 - Pete Tong, Marco Carola, Daniel Bortz - Essential Selection","https://www.mixesdb.com/w/2014-08-29_-_Pete_Tong,_Marco_Carola,_Daniel_Bortz_-_Essential_Selection",Weekend Hot Mix,3,,Maceo Plex,Conjure Sex [Minus],Maceo Plex - Conjure Sex [Minus]
"2014-08-29 - Pete Tong, Marco Carola, Daniel Bortz - Essential Selection","https://www.mixesdb.com/w/2014-08-29_-_Pete_Tong,_Marco_Carola,_Daniel_Bortz_-_Essential_Selection",Weekend Hot Mix,4,,Adam Beyer & Joseph Capriati,Congenial Endeavor [Drumcode],Adam Beyer & Joseph Capriati - Congenial Endeavor [Drumcode]
"2014-08-29 - Pete Tong, Marco Carola, Daniel Bortz - Essential Selection","https://www.mixesdb.com/w/2014-08-29_-_Pete_Tong,_Marco_Carola,_Daniel_Bortz_-_Essential_Selection",Weekend Hot Mix,5,,Josh Wink,Talking To You [Ovum],Josh Wink - Talking To You [Ovum]
"2014-08-29 - Pete Tong, Marco Carola, Daniel Bortz - Essential Selection","https://www.mixesdb.com/w/2014-08-29_-_Pete_Tong,_Marco_Carola,_Daniel_Bortz_-_Essential_Selection",Weekend Hot Mix,6,,Mitch De Klein,Drum [Brobot],Mitch De Klein - Drum [Brobot]
