mix_title,mix_url,part,position,timestamp,artist,title,raw
"2018-11-24 - Marcel Dettmann @ Mutek Festival, Mexico (MUTEKLIVE176)","https://www.mixesdb.com/w/2018-11-24_-_Marcel_Dettmann_@_Mutek_Festival,_Mexico_(MUTEKLIVE176)",,1,000,,?,?
"2018-11-24 - Marcel Dettmann @ Mutek Festival, Mexico (MUTEKLIVE176)","https://www.mixesdb.com/w/2018-11-24_-_Marcel_Dettmann_@_Mutek_Festival,_Mexico_(MUTEKLIVE176)",,2,002,,?,?
"2018-11-24 - Marcel Dettmann @ Mutek Festival, Mexico (MUTEKLIVE176)","https://www.mixesdb.com/w/2018-11-24_-_Marcel_Dettmann_@_Mutek_Festival,_Mexico_(MUTEKLIVE176)",,3,007,,?,?
"2018-11-24 - Marcel Dettmann @ Mutek Festival, Mexico (MUTEKLIVE176)","https://www.mixesdb.com/w/2018-11-24_-_Marcel_Dettmann_@_Mutek_Festival,_Mexico_(MUTEKLIVE176)",,4,010,Dustin Zahn,Nameless Midnight [Rekids - RSPX07],Dustin Zahn - Nameless Midnight [Rekids - RSPX07]
"2018-11-24 - Marcel Dettmann @ Mutek Festival, Mexico (MUTEKLIVE176)","https://www.mixesdb.com/w/2018-11-24_-_Marcel_Dettmann_@_Mutek_Festival,_Mexico_(MUTEKLIVE176)",,5,014,Yotam Avni,Oriental Jazz [Odd/Even - 020],Yotam Avni - Oriental Jazz [Odd/Even - 020]
"2018-11-24 - Marcel Dettmann @ Mutek Festival, Mexico (MUTEKLIVE176)","https://www.mixesdb.com/w/2018-11-24_-_Marcel_Dettmann_@_Mutek_Festival,_Mexico_(MUTEKLIVE176)",,6,018,Shlomi Aber,Penetrate The System [Figure - 98],Shlomi Aber - Penetrate The System [Figure - 98]
"2018-11-24 - Marcel Dettmann @ Mutek Festival, Mexico (MUTEKLIVE176)","https://www.mixesdb.com/w/2018-11-24_-_Marcel_Dettmann_@_Mutek_Festival,_Mexico_(MUTEKLIVE176)",,7,023,,?,?
"2018-11-24 - Marcel Dettmann @ Mutek Festival, Mexico (MUTEKLIVE176)","https://www.mixesdb.com/w/2018-11-24_-_Marcel_Dettmann_@_Mutek_Festival,_Mexico_(MUTEKLIVE176)",,8,026,DJ T-1000,Liquid Metal (Acid Version) [Third Ear - 3EEP-2016_07],DJ T-1000 - Liquid Metal (Acid Version) [Third Ear - 3EEP-2016_07]
"2018-11-24 - Marcel Dettmann @ Mutek Festival, Mexico (MUTEKLIVE176)","https://www.mixesdb.com/w/2018-11-24_-_Marcel_Dettmann_@_Mutek_Festival,_Mexico_(MUTEKLIVE176)",,9,030,O/V/R,Reversing Into Tomorrow [Downwards - LINOVR],O/V/R - Reversing Into Tomorrow [Downwards - LINOVR]
"2018-11-24 - Marcel Dettmann @ Mutek Festival, Mexico (MUTEKLIVE176)","https://www.mixesdb.com/w/2018-11-24_-_Marcel_Dettmann_@_Mutek_Festival,_Mexico_(MUTEKLIVE176)",,10,034,Marie Davidson,Workaholic Paranoid Bitch (Nina Kraviz Workaholic Remix) [Ninja Tune - ZEN12501],Marie Davidson - Workaholic Paranoid Bitch (Nina Kraviz Workaholic Remix) [Ninja Tune - ZEN12501]
"2018-11-24 - Marcel Dettmann @ Mutek Festival, Mexico (MUTEKLIVE176)","https://www.mixesdb.com/w/2018-11-24_-_Marcel_Dettmann_@_Mutek_Festival,_Mexico_(MUTEKLIVE176)",,11,038,David Carretta,Vicious Game 2018 (Mark Broom V2 Remix) [GND - GN115],David Carretta - Vicious Game 2018 (Mark Broom V2 Remix) [GND - GN115]
"2018-11-24 - Marcel Dettmann @ Mutek Festival, Mexico (MUTEKLIVE176)","https://www.mixesdb.com/w/2018-11-24_-_Marcel_Dettmann_@_Mutek_Festival,_Mexico_(MUTEKLIVE176)",,12,042,Random XS,Give Your Body [Delsin - Dsrx15],Random XS - Give Your Body [Delsin - Dsrx15]
"2018-11-24 - Marcel Dettmann @ Mutek Festival, Mexico (MUTEKLIVE176)","https://www.mixesdb.com/w/2018-11-24_-_Marcel_Dettmann_@_Mutek_Festival,_Mexico_(MUTEKLIVE176)",,13,049,Seleccion Natural,Biological Fitness [Pole - 50],Seleccion Natural - Biological Fitness [Pole - 50]
"2018-11-24 - Marcel Dettmann @ Mutek Festival, Mexico (MUTEKLIVE176)","https://www.mixesdb.com/w/2018-11-24_-_Marcel_Dettmann_@_Mutek_Festival,_Mexico_(MUTEKLIVE176)",,14,053,Sebastian Kramer,Refrak [Mord - 054],Sebastian Kramer - Refrak [Mord - 054]
"2018-11-24 - Marcel Dettmann @ Mutek Festival, Mexico (MUTEKLIVE176)","https://www.mixesdb.com/w/2018-11-24_-_Marcel_Dettmann_@_Mutek_Festival,_Mexico_(MUTEKLIVE176)",,15,056,La Fraicheur,Renegade (Noncompliant Remix) [InFine - IF2073],La Fraicheur - Renegade (Noncompliant Remix) [InFine - IF2073]
"2018-11-24 - Marcel Dettmann @ Mutek Festival, Mexico (MUTEKLIVE176)","https://www.mixesdb.com/w/2018-11-24_-_Marcel_Dettmann_@_Mutek_Festival,_Mexico_(MUTEKLIVE176)",,16,061,Johannes Heil,Die Eigene Achse (Heiko Laux Remix) [JH - 01],Johannes Heil - Die Eigene Achse (Heiko Laux Remix) [JH - 01]
"2018-11-24 - Marcel Dettmann @ Mutek Festival, Mexico (MUTEKLIVE176)","https://www.mixesdb.com/w/2018-11-24_-_Marcel_Dettmann_@_Mutek_Festival,_Mexico_(MUTEKLIVE176)",,17,065,Ritzi Lee,Something Behind The Smoke [Mord - H004],Ritzi Lee - Something Behind The Smoke [Mord - H004]
"2018-11-24 - Marcel Dettmann @ Mutek Festival, Mexico (MUTEKLIVE176)","https://www.mixesdb.com/w/2018-11-24_-_Marcel_Dettmann_@_Mutek_Festival,_Mexico_(MUTEKLIVE176)",,18,068,Population One,Warped (Remixed) [Rush Hour - RHM 026],Population One - Warped (Remixed) [Rush Hour - RHM 026]
"2018-11-24 - Marcel Dettmann @ Mutek Festival, Mexico (MUTEKLIVE176)","https://www.mixesdb.com/w/2018-11-24_-_Marcel_Dettmann_@_Mutek_Festival,_Mexico_(MUTEKLIVE176)",,19,072,Slam & Green Velvet,Take Your Time [Soma - TS004],Slam & Green Velvet - Take Your Time [Soma - TS004]
"2018-11-24 - Marcel Dettmann @ Mutek Festival, Mexico (MUTEKLIVE176)","https://www.mixesdb.com/w/2018-11-24_-_Marcel_Dettmann_@_Mutek_Festival,_Mexico_(MUTEKLIVE176)",,20,075,The Advent,Sound Pove [Klockworks - KW22],The Advent - Sound Pove [Klockworks - KW22]
"2018-11-24 - Marcel Dettmann @ Mutek Festival, Mexico (MUTEKLIVE176)","https://www.mixesdb.com/w/2018-11-24_-_Marcel_Dettmann_@_Mutek_Festival,_Mexico_(MUTEKLIVE176)",,21,080,,?,?
"2018-11-24 - Marcel Dettmann @ Mutek Festival, Mexico (MUTEKLIVE176)","https://www.mixesdb.com/w/2018-11-24_-_Marcel_Dettmann_@_Mutek_Festival,_Mexico_(MUTEKLIVE176)",,22,083,Sterac,Universum [Afterlife - AL016],Sterac - Universum [Afterlife - AL016]
"2018-11-24 - Marcel Dettmann @ Mutek Festival, Mexico (MUTEKLIVE176)","https://www.mixesdb.com/w/2018-11-24_-_Marcel_Dettmann_@_Mutek_Festival,_Mexico_(MUTEKLIVE176)",,23,087,Ellen Allien,Take A Stand (Jonas Kopp Remix) [BPitch Control - BPC338],Ellen Allien - Take A Stand (Jonas Kopp Remix) [BPitch Control - BPC338]
"2018-11-24 - Marcel Dettmann @ Mutek Festival, Mexico (MUTEKLIVE176)","https://www.mixesdb.com/w/2018-11-24_-_Marcel_Dettmann_@_Mutek_Festival,_Mexico_(MUTEKLIVE176)",,24,089,Lory D,Torm 3-33 [Seilscheibenpfeiler - SSPB001],Lory D - Torm 3-33 [Seilscheibenpfeiler - SSPB001]
"2018-11-24 - Marcel Dettmann @ Mutek Festival, Mexico (MUTEKLIVE176)","https://www.mixesdb.com/w/2018-11-24_-_Marcel_Dettmann_@_Mutek_Festival,_Mexico_(MUTEKLIVE176)",,25,095,Newa,Dance Of The Warrior [Klockworks - 020.2],Newa - Dance Of The Warrior [Klockworks - 020.2]
"2018-11-24 - Marcel Dettmann @ Mutek Festival, Mexico (MUTEKLIVE176)","https://www.mixesdb.com/w/2018-11-24_-_Marcel_Dettmann_@_Mutek_Festival,_Mexico_(MUTEKLIVE176)",,26,100,,?,?
"2018-11-24 - Marcel Dettmann @ Mutek Festival, Mexico (MUTEKLIVE176)","https://www.mixesdb.com/w/2018-11-24_-_Marcel_Dettmann_@_Mutek_Festival,_Mexico_(MUTEKLIVE176)",,27,105,,?,?
"2018-11-24 - Marcel Dettmann @ Mutek Festival, Mexico (MUTEKLIVE176)","https://www.mixesdb.com/w/2018-11-24_-_Marcel_Dettmann_@_Mutek_Festival,_Mexico_(MUTEKLIVE176)",,28,108,Reeko,Damage #1 [Mental Disorder - MD21],Reeko - Damage #1 [Mental Disorder - MD21]
"2018-11-24 - Marcel Dettmann @ Mutek Festival, Mexico (MUTEKLIVE176)","https://www.mixesdb.com/w/2018-11-24_-_Marcel_Dettmann_@_Mutek_Festival,_Mexico_(MUTEKLIVE176)",,29,112,Randomer,Fat Purple Figs [Headstrong - 002],Randomer - Fat Purple Figs [Headstrong - 002]
"2018-11-24 - Marcel Dettmann @ Mutek Festival, Mexico (MUTEKLIVE176)","https://www.mixesdb.com/w/2018-11-24_-_Marcel_Dettmann_@_Mutek_Festival,_Mexico_(MUTEKLIVE176)",,30,117,Format,Solid Session [ESP - 9109-1],Format - Solid Session [ESP - 9109-1]
"2010-04-02 - Marcel Dettmann @ Monox, Sub Club, Glasgow","https://www.mixesdb.com/w/2010-04-02_-_Marcel_Dettmann_@_Monox,_Sub_Club,_Glasgow",Version 2,1,00:00,Martyn,Seventy Four (Redshape Remix),Martyn - Seventy Four (Redshape Remix)
"2010-04-02 - Marcel Dettmann @ Monox, Sub Club, Glasgow","https://www.mixesdb.com/w/2010-04-02_-_Marcel_Dettmann_@_Monox,_Sub_Club,_Glasgow",Version 2,2,05:04,Roman Lindau,Adipeux,Roman Lindau - Adipeux
"2010-04-02 - Marcel Dettmann @ Monox, Sub Club, Glasgow","https://www.mixesdb.com/w/2010-04-02_-_Marcel_Dettmann_@_Monox,_Sub_Club,_Glasgow",Version 2,3,07:59,Knarz,Knurr,Knarz - Knurr
"2010-04-02 - Marcel Dettmann @ Monox, Sub Club, Glasgow","https://www.mixesdb.com/w/2010-04-02_-_Marcel_Dettmann_@_Monox,_Sub_Club,_Glasgow",Version 2,4,10:42,Milton Bradley,Distorted Reality,Milton Bradley - Distorted Reality
"2010-04-02 - Marcel Dettmann @ Monox, Sub Club, Glasgow","https://www.mixesdb.com/w/2010-04-02_-_Marcel_Dettmann_@_Monox,_Sub_Club,_Glasgow",Version 2,5,13:24,SCB,20_4,SCB - 20_4
"2010-04-02 - Marcel Dettmann @ Monox, Sub Club, Glasgow","https://www.mixesdb.com/w/2010-04-02_-_Marcel_Dettmann_@_Monox,_Sub_Club,_Glasgow",Version 2,6,16:46,,Fine Art 18 (White),Fine Art 18 (White)
"2010-04-02 - Marcel Dettmann @ Monox, Sub Club, Glasgow","https://www.mixesdb.com/w/2010-04-02_-_Marcel_Dettmann_@_Monox,_Sub_Club,_Glasgow",Version 2,7,20:35,Gerd,Arkest's Blaze,Gerd - Arkest's Blaze
"2010-04-02 - Marcel Dettmann @ Monox, Sub Club, Glasgow","https://www.mixesdb.com/w/2010-04-02_-_Marcel_Dettmann_@_Monox,_Sub_Club,_Glasgow",Version 2,8,26:47,Marcel Fengler,Thwack,Marcel Fengler - Thwack
"2010-04-02 - Marcel Dettmann @ Monox, Sub Club, Glasgow","https://www.mixesdb.com/w/2010-04-02_-_Marcel_Dettmann_@_Monox,_Sub_Club,_Glasgow",Version 2,9,31:15,Robert Görl,Deep Intruder,Robert Görl - Deep Intruder
"2010-04-02 - Marcel Dettmann @ Monox, Sub Club, Glasgow","https://www.mixesdb.com/w/2010-04-02_-_Marcel_Dettmann_@_Monox,_Sub_Club,_Glasgow",Version 2,10,33:55,Valmay,Radiated Future,Valmay - Radiated Future
"2010-04-02 - Marcel Dettmann @ Monox, Sub Club, Glasgow","https://www.mixesdb.com/w/2010-04-02_-_Marcel_Dettmann_@_Monox,_Sub_Club,_Glasgow",Version 2,11,36:09,A Made Up Sound,Crisis,A Made Up Sound - Crisis
"2010-04-02 - Marcel Dettmann @ Monox, Sub Club, Glasgow","https://www.mixesdb.com/w/2010-04-02_-_Marcel_Dettmann_@_Monox,_Sub_Club,_Glasgow",Version 2,12,42:59,Carl Craig,Mind Of A Machine,Carl Craig - Mind Of A Machine
"2014-12-31 - Marcel Dettmann @ Silvester, Berghain, Berlin (Dekmantel Podcast 001, 2015-01-19)","https://www.mixesdb.com/w/2014-12-31_-_Marcel_Dettmann_@_Silvester,_Berghain,_Berlin_(Dekmantel_Podcast_001,_2015-01-19)",,1,00,Abstract Division,Encounter [Dynamic Reflection],Abstract Division - Encounter [Dynamic Reflection]
"2014-12-31 - Marcel Dettmann @ Silvester, Berghain, Berlin (Dekmantel Podcast 001, 2015-01-19)","https://www.mixesdb.com/w/2014-12-31_-_Marcel_Dettmann_@_Silvester,_Berghain,_Berlin_(Dekmantel_Podcast_001,_2015-01-19)",,2,04,Dario Zenker,27 Northwest [Ilian Tape - IT021],Dario Zenker - 27 Northwest [Ilian Tape - IT021]
"2014-12-31 - Marcel Dettmann @ Silvester, Berghain, Berlin (Dekmantel Podcast 001, 2015-01-19)","https://www.mixesdb.com/w/2014-12-31_-_Marcel_Dettmann_@_Silvester,_Berghain,_Berlin_(Dekmantel_Podcast_001,_2015-01-19)",,3,08,Nina Kraviz,IMPRV [трип - TRP001],Nina Kraviz - IMPRV [трип - TRP001]
"2014-12-31 - Marcel Dettmann @ Silvester, Berghain, Berlin (Dekmantel Podcast 001, 2015-01-19)","https://www.mixesdb.com/w/2014-12-31_-_Marcel_Dettmann_@_Silvester,_Berghain,_Berlin_(Dekmantel_Podcast_001,_2015-01-19)",,4,12,A&S,Xenix [Mistress - HU-MR05.3-SH],A&S - Xenix [Mistress - HU-MR05.3-SH]
"2014-12-31 - Marcel Dettmann @ Silvester, Berghain, Berlin (Dekmantel Podcast 001, 2015-01-19)","https://www.mixesdb.com/w/2014-12-31_-_Marcel_Dettmann_@_Silvester,_Berghain,_Berlin_(Dekmantel_Podcast_001,_2015-01-19)",,5,16,The It,Utopian Dream [Alleviated - ML-2229],The It - Utopian Dream [Alleviated - ML-2229]
"2014-12-31 - Marcel Dettmann @ Silvester, Berghain, Berlin (Dekmantel Podcast 001, 2015-01-19)","https://www.mixesdb.com/w/2014-12-31_-_Marcel_Dettmann_@_Silvester,_Berghain,_Berlin_(Dekmantel_Podcast_001,_2015-01-19)",,6,20,,?,?
"2014-12-31 - Marcel Dettmann @ Silvester, Berghain, Berlin (Dekmantel Podcast 001, 2015-01-19)","https://www.mixesdb.com/w/2014-12-31_-_Marcel_Dettmann_@_Silvester,_Berghain,_Berlin_(Dekmantel_Podcast_001,_2015-01-19)",,7,23,Vin Sol,Off The Chain [Clone Jack For Daze - C#JFD23],Vin Sol - Off The Chain [Clone Jack For Daze - C#JFD23]
"2014-12-31 - Marcel Dettmann @ Silvester, Berghain, Berlin (Dekmantel Podcast 001, 2015-01-19)","https://www.mixesdb.com/w/2014-12-31_-_Marcel_Dettmann_@_Silvester,_Berghain,_Berlin_(Dekmantel_Podcast_001,_2015-01-19)",,8,27,EN,Truth [Soo Wavey  - SWR010],EN - Truth [Soo Wavey  - SWR010]
"2014-12-31 - Marcel Dettmann @ Silvester, Berghain, Berlin (Dekmantel Podcast 001, 2015-01-19)","https://www.mixesdb.com/w/2014-12-31_-_Marcel_Dettmann_@_Silvester,_Berghain,_Berlin_(Dekmantel_Podcast_001,_2015-01-19)",,9,30,DJ Qu,Untitled (Hi-Life) [Strength Music - SMR 014],DJ Qu - Untitled (Hi-Life) [Strength Music - SMR 014]
"2014-12-31 - Marcel Dettmann @ Silvester, Berghain, Berlin (Dekmantel Podcast 001, 2015-01-19)","https://www.mixesdb.com/w/2014-12-31_-_Marcel_Dettmann_@_Silvester,_Berghain,_Berlin_(Dekmantel_Podcast_001,_2015-01-19)",,10,32,,?,?
"2014-12-31 - Marcel Dettmann @ Silvester, Berghain, Berlin (Dekmantel Podcast 001, 2015-01-19)","https://www.mixesdb.com/w/2014-12-31_-_Marcel_Dettmann_@_Silvester,_Berghain,_Berlin_(Dekmantel_Podcast_001,_2015-01-19)",,11,35,Dario Zenker,Growin [Ilian Tape  - IT021],Dario Zenker - Growin [Ilian Tape  - IT021]
"2014-12-31 - Marcel Dettmann @ Silvester, Berghain, Berlin (Dekmantel Podcast 001, 2015-01-19)","https://www.mixesdb.com/w/2014-12-31_-_Marcel_Dettmann_@_Silvester,_Berghain,_Berlin_(Dekmantel_Podcast_001,_2015-01-19)",,12,40,Ignacio,Humana-Ised [Music Man - MM 053],Ignacio - Humana-Ised [Music Man - MM 053]
"2014-12-31 - Marcel Dettmann @ Silvester, Berghain, Berlin (Dekmantel Podcast 001, 2015-01-19)","https://www.mixesdb.com/w/2014-12-31_-_Marcel_Dettmann_@_Silvester,_Berghain,_Berlin_(Dekmantel_Podcast_001,_2015-01-19)",,13,44,Markus Suckut,MS 1987 A,Markus Suckut - MS 1987 A
"2014-12-31 - Marcel Dettmann @ Silvester, Berghain, Berlin (Dekmantel Podcast 001, 2015-01-19)","https://www.mixesdb.com/w/2014-12-31_-_Marcel_Dettmann_@_Silvester,_Berghain,_Berlin_(Dekmantel_Podcast_001,_2015-01-19)",,14,50,Franck Roger,Clap Ur Handz [Home Invasion - 003],Franck Roger - Clap Ur Handz [Home Invasion - 003]
"2014-12-31 - Marcel Dettmann @ Silvester, Berghain, Berlin (Dekmantel Podcast 001, 2015-01-19)","https://www.mixesdb.com/w/2014-12-31_-_Marcel_Dettmann_@_Silvester,_Berghain,_Berlin_(Dekmantel_Podcast_001,_2015-01-19)",,15,52,Milch,Gott Ist Doof (Holy Garage Remix) [Superstition - 2902],Milch - Gott Ist Doof (Holy Garage Remix) [Superstition - 2902]
"2014-12-31 - Marcel Dettmann @ Silvester, Berghain, Berlin (Dekmantel Podcast 001, 2015-01-19)","https://www.mixesdb.com/w/2014-12-31_-_Marcel_Dettmann_@_Silvester,_Berghain,_Berlin_(Dekmantel_Podcast_001,_2015-01-19)",,16,57,Galaxy 2 Galaxy,Transition,Galaxy 2 Galaxy - Transition
"2014-12-31 - Marcel Dettmann @ Silvester, Berghain, Berlin (Dekmantel Podcast 001, 2015-01-19)","https://www.mixesdb.com/w/2014-12-31_-_Marcel_Dettmann_@_Silvester,_Berghain,_Berlin_(Dekmantel_Podcast_001,_2015-01-19)",,17,60,Jonas Kopp,Alpheratz [Tresor - 273LP],Jonas Kopp - Alpheratz [Tresor - 273LP]
"2014-12-31 - Marcel Dettmann @ Silvester, Berghain, Berlin (Dekmantel Podcast 001, 2015-01-19)","https://www.mixesdb.com/w/2014-12-31_-_Marcel_Dettmann_@_Silvester,_Berghain,_Berlin_(Dekmantel_Podcast_001,_2015-01-19)",,18,63,Cosmetics,Black Leather Gloves,Cosmetics - Black Leather Gloves
"2014-12-31 - Marcel Dettmann @ Silvester, Berghain, Berlin (Dekmantel Podcast 001, 2015-01-19)","https://www.mixesdb.com/w/2014-12-31_-_Marcel_Dettmann_@_Silvester,_Berghain,_Berlin_(Dekmantel_Podcast_001,_2015-01-19)",,19,66,Steve Stoll,Pop Song [трип  - TRP001],Steve Stoll - Pop Song [трип  - TRP001]
"2014-12-31 - Marcel Dettmann @ Silvester, Berghain, Berlin (Dekmantel Podcast 001, 2015-01-19)","https://www.mixesdb.com/w/2014-12-31_-_Marcel_Dettmann_@_Silvester,_Berghain,_Berlin_(Dekmantel_Podcast_001,_2015-01-19)",,20,69,Lester Fitzpatrick,Tone Control [Relief - RR 747],Lester Fitzpatrick - Tone Control [Relief - RR 747]
"2014-12-31 - Marcel Dettmann @ Silvester, Berghain, Berlin (Dekmantel Podcast 001, 2015-01-19)","https://www.mixesdb.com/w/2014-12-31_-_Marcel_Dettmann_@_Silvester,_Berghain,_Berlin_(Dekmantel_Podcast_001,_2015-01-19)",,21,72,Planetary Assault Systems,Turn [Mote-Evolver  - MOTE032],Planetary Assault Systems - Turn [Mote-Evolver  - MOTE032]
"2014-12-31 - Marcel Dettmann @ Silvester, Berghain, Berlin (Dekmantel Podcast 001, 2015-01-19)","https://www.mixesdb.com/w/2014-12-31_-_Marcel_Dettmann_@_Silvester,_Berghain,_Berlin_(Dekmantel_Podcast_001,_2015-01-19)",,22,76,Norm Talley,Mid-Nite Madd-Ness [Tsuba - 075],Norm Talley - Mid-Nite Madd-Ness [Tsuba - 075]
"2014-12-31 - Marcel Dettmann @ Silvester, Berghain, Berlin (Dekmantel Podcast 001, 2015-01-19)","https://www.mixesdb.com/w/2014-12-31_-_Marcel_Dettmann_@_Silvester,_Berghain,_Berlin_(Dekmantel_Podcast_001,_2015-01-19)",,23,81,Museum,BBB [Radial - RDL003],Museum - BBB [Radial - RDL003]
"2014-12-31 - Marcel Dettmann @ Silvester, Berghain, Berlin (Dekmantel Podcast 001, 2015-01-19)","https://www.mixesdb.com/w/2014-12-31_-_Marcel_Dettmann_@_Silvester,_Berghain,_Berlin_(Dekmantel_Podcast_001,_2015-01-19)",,24,84,Wata Igarashi,Drowning With The Bass [Gynoid - D100A],Wata Igarashi - Drowning With The Bass [Gynoid - D100A]
2020-07-17 - Marcel Dettmann @ Photon Live Stream,https://www.mixesdb.com/w/2020-07-17_-_Marcel_Dettmann_@_Photon_Live_Stream,,1,00,Atom™,0.9 (Almost A Unit),Atom™ - 0.9 (Almost A Unit)
2020-07-17 - Marcel Dettmann @ Photon Live Stream,https://www.mixesdb.com/w/2020-07-17_-_Marcel_Dettmann_@_Photon_Live_Stream,,2,04,Frank Hunter,Cyber Assassin,Frank Hunter - Cyber Assassin
2020-07-17 - Marcel Dettmann @ Photon Live Stream,https://www.mixesdb.com/w/2020-07-17_-_Marcel_Dettmann_@_Photon_Live_Stream,,3,07,,?,?
2020-07-17 - Marcel Dettmann @ Photon Live Stream,https://www.mixesdb.com/w/2020-07-17_-_Marcel_Dettmann_@_Photon_Live_Stream,,4,10,,?,?
2020-07-17 - Marcel Dettmann @ Photon Live Stream,https://www.mixesdb.com/w/2020-07-17_-_Marcel_Dettmann_@_Photon_Live_Stream,,5,13,,?,?
2020-07-17 - Marcel Dettmann @ Photon Live Stream,https://www.mixesdb.com/w/2020-07-17_-_Marcel_Dettmann_@_Photon_Live_Stream,,6,16,Frank Hunter,Streets Of Rage 3,Frank Hunter - Streets Of Rage 3
2020-07-17 - Marcel Dettmann @ Photon Live Stream,https://www.mixesdb.com/w/2020-07-17_-_Marcel_Dettmann_@_Photon_Live_Stream,,7,18,Orlando Voorn,Body To Body [Bad Manners - BM 5],Orlando Voorn - Body To Body [Bad Manners - BM 5]
2020-07-17 - Marcel Dettmann @ Photon Live Stream,https://www.mixesdb.com/w/2020-07-17_-_Marcel_Dettmann_@_Photon_Live_Stream,,8,21,Hercules,Lost In The Groove [Lost In The Groove],Hercules - Lost In The Groove [Lost In The Groove]
2020-07-17 - Marcel Dettmann @ Photon Live Stream,https://www.mixesdb.com/w/2020-07-17_-_Marcel_Dettmann_@_Photon_Live_Stream,,9,25,Zenker Brothers,Bengel Mode [Ilian Tape],Zenker Brothers - Bengel Mode [Ilian Tape]
2020-07-17 - Marcel Dettmann @ Photon Live Stream,https://www.mixesdb.com/w/2020-07-17_-_Marcel_Dettmann_@_Photon_Live_Stream,,10,27,Raoul Delgardo,Track 2 [Sheep Digital - SH 015],Raoul Delgardo - Track 2 [Sheep Digital - SH 015]
2020-07-17 - Marcel Dettmann @ Photon Live Stream,https://www.mixesdb.com/w/2020-07-17_-_Marcel_Dettmann_@_Photon_Live_Stream,,11,31,,?,?
2020-07-17 - Marcel Dettmann @ Photon Live Stream,https://www.mixesdb.com/w/2020-07-17_-_Marcel_Dettmann_@_Photon_Live_Stream,,12,35,Jeff Mills,Lunar Power,Jeff Mills - Lunar Power
2020-07-17 - Marcel Dettmann @ Photon Live Stream,https://www.mixesdb.com/w/2020-07-17_-_Marcel_Dettmann_@_Photon_Live_Stream,,13,38,Ron Morelli,Exhibition Of Counterfeits Pt.2 [Bite - 11],Ron Morelli - Exhibition Of Counterfeits Pt.2 [Bite - 11]
2020-07-17 - Marcel Dettmann @ Photon Live Stream,https://www.mixesdb.com/w/2020-07-17_-_Marcel_Dettmann_@_Photon_Live_Stream,,14,42,Blake Baxter,Forever And A Day,Blake Baxter - Forever And A Day
2020-07-17 - Marcel Dettmann @ Photon Live Stream,https://www.mixesdb.com/w/2020-07-17_-_Marcel_Dettmann_@_Photon_Live_Stream,,15,45,MAS 2008 & Heimelektronik,Save Your Life,MAS 2008 & Heimelektronik - Save Your Life
2020-07-17 - Marcel Dettmann @ Photon Live Stream,https://www.mixesdb.com/w/2020-07-17_-_Marcel_Dettmann_@_Photon_Live_Stream,,16,48,Exterminador,? [Unreleased],Exterminador - ? [Unreleased]
2020-07-17 - Marcel Dettmann @ Photon Live Stream,https://www.mixesdb.com/w/2020-07-17_-_Marcel_Dettmann_@_Photon_Live_Stream,,17,51,,?,?
2020-07-17 - Marcel Dettmann @ Photon Live Stream,https://www.mixesdb.com/w/2020-07-17_-_Marcel_Dettmann_@_Photon_Live_Stream,,18,53,Anthony Linell,Evaporating Entities [NE67],Anthony Linell - Evaporating Entities [NE67]
2020-07-17 - Marcel Dettmann @ Photon Live Stream,https://www.mixesdb.com/w/2020-07-17_-_Marcel_Dettmann_@_Photon_Live_Stream,,19,57,Gesloten Cirkel,Yes Of Course [Bad Manners - BM 7],Gesloten Cirkel - Yes Of Course [Bad Manners - BM 7]
2020-07-17 - Marcel Dettmann @ Photon Live Stream,https://www.mixesdb.com/w/2020-07-17_-_Marcel_Dettmann_@_Photon_Live_Stream,,20,59,Vril,Free World Order [Bad Manners - BM 4],Vril - Free World Order [Bad Manners - BM 4]
2013-09-18 - Marcel Dettmann b2b Ryan Elliott @ Boiler Room Berlin,https://www.mixesdb.com/w/2013-09-18_-_Marcel_Dettmann_b2b_Ryan_Elliott_@_Boiler_Room_Berlin,,1,00,PVS,Fuckin Society [H.Omevvork],PVS - Fuckin Society [H.Omevvork]
2013-09-18 - Marcel Dettmann b2b Ryan Elliott @ Boiler Room Berlin,https://www.mixesdb.com/w/2013-09-18_-_Marcel_Dettmann_b2b_Ryan_Elliott_@_Boiler_Room_Berlin,,2,04,Roman Poncet,Route Of Pain [Figure - Fig.46],Roman Poncet - Route Of Pain [Figure - Fig.46]
2013-09-18 - Marcel Dettmann b2b Ryan Elliott @ Boiler Room Berlin,https://www.mixesdb.com/w/2013-09-18_-_Marcel_Dettmann_b2b_Ryan_Elliott_@_Boiler_Room_Berlin,,3,10,Floorplan,Change [M-Plant - MPM 16],Floorplan - Change [M-Plant - MPM 16]
2013-09-18 - Marcel Dettmann b2b Ryan Elliott @ Boiler Room Berlin,https://www.mixesdb.com/w/2013-09-18_-_Marcel_Dettmann_b2b_Ryan_Elliott_@_Boiler_Room_Berlin,,4,14,Herva,Snow & Clouds [Delsin - DSR-E2],Herva - Snow & Clouds [Delsin - DSR-E2]
2013-09-18 - Marcel Dettmann b2b Ryan Elliott @ Boiler Room Berlin,https://www.mixesdb.com/w/2013-09-18_-_Marcel_Dettmann_b2b_Ryan_Elliott_@_Boiler_Room_Berlin,,5,16,Joey Anderson,Attitude,Joey Anderson - Attitude
2013-09-18 - Marcel Dettmann b2b Ryan Elliott @ Boiler Room Berlin,https://www.mixesdb.com/w/2013-09-18_-_Marcel_Dettmann_b2b_Ryan_Elliott_@_Boiler_Room_Berlin,,6,23,Mr. G.,Ben & Gerd (Killin It M Day) [Running Back - RBTOM1],Mr. G. - Ben & Gerd (Killin It M Day) [Running Back - RBTOM1]
2013-09-18 - Marcel Dettmann b2b Ryan Elliott @ Boiler Room Berlin,https://www.mixesdb.com/w/2013-09-18_-_Marcel_Dettmann_b2b_Ryan_Elliott_@_Boiler_Room_Berlin,,7,25,Marcel Dettmann,Radar (Byetone Remix) [MDR - Forthcoming],Marcel Dettmann - Radar (Byetone Remix) [MDR - Forthcoming]
2013-09-18 - Marcel Dettmann b2b Ryan Elliott @ Boiler Room Berlin,https://www.mixesdb.com/w/2013-09-18_-_Marcel_Dettmann_b2b_Ryan_Elliott_@_Boiler_Room_Berlin,,8,29,Luke Hess,Unity Excerpt [FXHE],Luke Hess - Unity Excerpt [FXHE]
2013-09-18 - Marcel Dettmann b2b Ryan Elliott @ Boiler Room Berlin,https://www.mixesdb.com/w/2013-09-18_-_Marcel_Dettmann_b2b_Ryan_Elliott_@_Boiler_Room_Berlin,,9,32,Container,Acclimator,Container - Acclimator
2013-09-18 - Marcel Dettmann b2b Ryan Elliott @ Boiler Room Berlin,https://www.mixesdb.com/w/2013-09-18_-_Marcel_Dettmann_b2b_Ryan_Elliott_@_Boiler_Room_Berlin,,10,36,Santos Rodriguez,Road To Rio EP,Santos Rodriguez - Road To Rio EP
2013-09-18 - Marcel Dettmann b2b Ryan Elliott @ Boiler Room Berlin,https://www.mixesdb.com/w/2013-09-18_-_Marcel_Dettmann_b2b_Ryan_Elliott_@_Boiler_Room_Berlin,,11,40,Luke Hess,Supplication [Finale Sessions],Luke Hess - Supplication [Finale Sessions]
2013-09-18 - Marcel Dettmann b2b Ryan Elliott @ Boiler Room Berlin,https://www.mixesdb.com/w/2013-09-18_-_Marcel_Dettmann_b2b_Ryan_Elliott_@_Boiler_Room_Berlin,,12,45,SCNTST,Basement Structure [Boysnoize - BNR 109],SCNTST - Basement Structure [Boysnoize - BNR 109]
2013-09-18 - Marcel Dettmann b2b Ryan Elliott @ Boiler Room Berlin,https://www.mixesdb.com/w/2013-09-18_-_Marcel_Dettmann_b2b_Ryan_Elliott_@_Boiler_Room_Berlin,,13,48,Airhead,Fault Line,Airhead - Fault Line
2013-09-18 - Marcel Dettmann b2b Ryan Elliott @ Boiler Room Berlin,https://www.mixesdb.com/w/2013-09-18_-_Marcel_Dettmann_b2b_Ryan_Elliott_@_Boiler_Room_Berlin,,14,51,Rio Padice,Mission To Venus [Tsuba - Limited001],Rio Padice - Mission To Venus [Tsuba - Limited001]
2013-09-18 - Marcel Dettmann b2b Ryan Elliott @ Boiler Room Berlin,https://www.mixesdb.com/w/2013-09-18_-_Marcel_Dettmann_b2b_Ryan_Elliott_@_Boiler_Room_Berlin,,15,56,Ed Davenport Pres. Inland,Solstice [Counterchange - COUNTER 001],Ed Davenport Pres. Inland - Solstice [Counterchange - COUNTER 001]
2021-04-10 - Marcel Dettmann - SPND20 Mixtape,https://www.mixesdb.com/w/2021-04-10_-_Marcel_Dettmann_-_SPND20_Mixtape,,1,0:00:00,Suburban Knight,Midnite Sunshine [Underground Resistance - UR-029],Suburban Knight - Midnite Sunshine [Underground Resistance - UR-029]
2021-04-10 - Marcel Dettmann - SPND20 Mixtape,https://www.mixesdb.com/w/2021-04-10_-_Marcel_Dettmann_-_SPND20_Mixtape,,2,0:04:16,Jeff Mills,Solid Sleep [Tresor - 25],Jeff Mills - Solid Sleep [Tresor - 25]
2021-04-10 - Marcel Dettmann - SPND20 Mixtape,https://www.mixesdb.com/w/2021-04-10_-_Marcel_Dettmann_-_SPND20_Mixtape,,3,0:06:47,DJ Sneak,Operation Sneak [Radikal Fear - 009],DJ Sneak - Operation Sneak [Radikal Fear - 009]
2021-04-10 - Marcel Dettmann - SPND20 Mixtape,https://www.mixesdb.com/w/2021-04-10_-_Marcel_Dettmann_-_SPND20_Mixtape,,4,0:10:44,Green Velvet,Explorer [Relief - 730],Green Velvet - Explorer [Relief - 730]
2021-04-10 - Marcel Dettmann - SPND20 Mixtape,https://www.mixesdb.com/w/2021-04-10_-_Marcel_Dettmann_-_SPND20_Mixtape,,5,0:14:53,Hell & Jonzon,Lifeform [Disko B ‎ - 38],Hell & Jonzon - Lifeform [Disko B ‎ - 38]
2021-04-10 - Marcel Dettmann - SPND20 Mixtape,https://www.mixesdb.com/w/2021-04-10_-_Marcel_Dettmann_-_SPND20_Mixtape,,6,0:17:48,Robert Hood,The Rhythm Of Vision [NovaMute - NoMu 43 LP],Robert Hood - The Rhythm Of Vision [NovaMute - NoMu 43 LP]
2021-04-10 - Marcel Dettmann - SPND20 Mixtape,https://www.mixesdb.com/w/2021-04-10_-_Marcel_Dettmann_-_SPND20_Mixtape,,7,0:22:52,Maurizio,Untitled (B) [Maurizio ‎ - M-4],Maurizio - Untitled (B) [Maurizio ‎ - M-4]
2021-04-10 - Marcel Dettmann - SPND20 Mixtape,https://www.mixesdb.com/w/2021-04-10_-_Marcel_Dettmann_-_SPND20_Mixtape,,8,0:26:57,DJ Hell,Eat My House [Disko B ‎ - 30],DJ Hell - Eat My House [Disko B ‎ - 30]
2021-04-10 - Marcel Dettmann - SPND20 Mixtape,https://www.mixesdb.com/w/2021-04-10_-_Marcel_Dettmann_-_SPND20_Mixtape,,9,0:30:16,Bam Bam,Where's Your Child? [Desire - WANT 7],Bam Bam - Where's Your Child? [Desire - WANT 7]
2021-04-10 - Marcel Dettmann - SPND20 Mixtape,https://www.mixesdb.com/w/2021-04-10_-_Marcel_Dettmann_-_SPND20_Mixtape,,10,0:33:25,Tronikhouse,Smooth Groove (The Smooth Mix) [Incognito - IR-009],Tronikhouse - Smooth Groove (The Smooth Mix) [Incognito - IR-009]
2021-04-10 - Marcel Dettmann - SPND20 Mixtape,https://www.mixesdb.com/w/2021-04-10_-_Marcel_Dettmann_-_SPND20_Mixtape,,11,0:36:09,DJ Sneak,Runaway Train [Relief - 722],DJ Sneak - Runaway Train [Relief - 722]
2021-04-10 - Marcel Dettmann - SPND20 Mixtape,https://www.mixesdb.com/w/2021-04-10_-_Marcel_Dettmann_-_SPND20_Mixtape,,12,0:40:25,Carl Craig Pres. Paperclip People,The Climax (Re-Worked) [House Nation - 11],Carl Craig Pres. Paperclip People - The Climax (Re-Worked) [House Nation - 11]
2021-04-10 - Marcel Dettmann - SPND20 Mixtape,https://www.mixesdb.com/w/2021-04-10_-_Marcel_Dettmann_-_SPND20_Mixtape,,13,0:45:12,Blake Baxter,Energizer [Tresor ‎ - 38],Blake Baxter - Energizer [Tresor ‎ - 38]
2021-04-10 - Marcel Dettmann - SPND20 Mixtape,https://www.mixesdb.com/w/2021-04-10_-_Marcel_Dettmann_-_SPND20_Mixtape,,14,0:47:23,Robert Armani,Grind [Dance Mania ‎ - 245],Robert Armani - Grind [Dance Mania ‎ - 245]
2021-04-10 - Marcel Dettmann - SPND20 Mixtape,https://www.mixesdb.com/w/2021-04-10_-_Marcel_Dettmann_-_SPND20_Mixtape,,15,0:50:43,Phortune,Can You Feel The Bass (House Mix) [Hot Mix 5 - 114],Phortune - Can You Feel The Bass (House Mix) [Hot Mix 5 - 114]
2021-04-10 - Marcel Dettmann - SPND20 Mixtape,https://www.mixesdb.com/w/2021-04-10_-_Marcel_Dettmann_-_SPND20_Mixtape,,16,0:54:43,iO,Station To Station [Cheap Classics],iO - Station To Station [Cheap Classics]
2021-04-10 - Marcel Dettmann - SPND20 Mixtape,https://www.mixesdb.com/w/2021-04-10_-_Marcel_Dettmann_-_SPND20_Mixtape,,17,0:57:11,Glenn Underground,Cloud Burst [Relief - 721],Glenn Underground - Cloud Burst [Relief - 721]
2021-04-10 - Marcel Dettmann - SPND20 Mixtape,https://www.mixesdb.com/w/2021-04-10_-_Marcel_Dettmann_-_SPND20_Mixtape,,18,1:00:28,Surgeon,Atol [Downwards - 12 PLINK 6],Surgeon - Atol [Downwards - 12 PLINK 6]
2021-04-10 - Marcel Dettmann - SPND20 Mixtape,https://www.mixesdb.com/w/2021-04-10_-_Marcel_Dettmann_-_SPND20_Mixtape,,19,1:03:07,Robert Hood,Rek [Tresor - 27],Robert Hood - Rek [Tresor - 27]
2021-04-10 - Marcel Dettmann - SPND20 Mixtape,https://www.mixesdb.com/w/2021-04-10_-_Marcel_Dettmann_-_SPND20_Mixtape,,20,1:06:52,Trakhead Steve,Come On Man [Rhythm Republic - RRCD-41],Trakhead Steve - Come On Man [Rhythm Republic - RRCD-41]
2021-04-10 - Marcel Dettmann - SPND20 Mixtape,https://www.mixesdb.com/w/2021-04-10_-_Marcel_Dettmann_-_SPND20_Mixtape,,21,1:10:35,Joey Beltram,Instant [Tresor - 40],Joey Beltram - Instant [Tresor - 40]
2021-04-10 - Marcel Dettmann - SPND20 Mixtape,https://www.mixesdb.com/w/2021-04-10_-_Marcel_Dettmann_-_SPND20_Mixtape,,22,1:13:44,DJ Hell,Allerseelen (Jeff Mills Remix) [International DeeJay Gigolo],DJ Hell - Allerseelen (Jeff Mills Remix) [International DeeJay Gigolo]
2021-04-10 - Marcel Dettmann - SPND20 Mixtape,https://www.mixesdb.com/w/2021-04-10_-_Marcel_Dettmann_-_SPND20_Mixtape,,23,1:16:43,DJ Funk,Run,DJ Funk - Run
2010-02-08 - Marcel Dettmann - CLR Podcast 050,https://www.mixesdb.com/w/2010-02-08_-_Marcel_Dettmann_-_CLR_Podcast_050,,1,00,Milton Bradley,Uncontrollable Desire,Milton Bradley - Uncontrollable Desire
2010-02-08 - Marcel Dettmann - CLR Podcast 050,https://www.mixesdb.com/w/2010-02-08_-_Marcel_Dettmann_-_CLR_Podcast_050,,2,04,A Made Up Sound,Sun Touch,A Made Up Sound - Sun Touch
2010-02-08 - Marcel Dettmann - CLR Podcast 050,https://www.mixesdb.com/w/2010-02-08_-_Marcel_Dettmann_-_CLR_Podcast_050,,3,08,Muff76,Mere (Kevin Gorman Remix),Muff76 - Mere (Kevin Gorman Remix)
2010-02-08 - Marcel Dettmann - CLR Podcast 050,https://www.mixesdb.com/w/2010-02-08_-_Marcel_Dettmann_-_CLR_Podcast_050,,4,10,Jeroen Search,Done Deal,Jeroen Search - Done Deal
2010-02-08 - Marcel Dettmann - CLR Podcast 050,https://www.mixesdb.com/w/2010-02-08_-_Marcel_Dettmann_-_CLR_Podcast_050,,5,14,Mike Parker,Protolanguage,Mike Parker - Protolanguage
2010-02-08 - Marcel Dettmann - CLR Podcast 050,https://www.mixesdb.com/w/2010-02-08_-_Marcel_Dettmann_-_CLR_Podcast_050,,6,18,Red Snapper,Moving Mountain (Scuba Remix),Red Snapper - Moving Mountain (Scuba Remix)
2010-02-08 - Marcel Dettmann - CLR Podcast 050,https://www.mixesdb.com/w/2010-02-08_-_Marcel_Dettmann_-_CLR_Podcast_050,,7,21,Xhin,Link,Xhin - Link
2010-02-08 - Marcel Dettmann - CLR Podcast 050,https://www.mixesdb.com/w/2010-02-08_-_Marcel_Dettmann_-_CLR_Podcast_050,,8,25,Function,Disaffected (Norman Nodge Mix) [Sandwell District],Function - Disaffected (Norman Nodge Mix) [Sandwell District]
2010-02-08 - Marcel Dettmann - CLR Podcast 050,https://www.mixesdb.com/w/2010-02-08_-_Marcel_Dettmann_-_CLR_Podcast_050,,9,28,James Ruskin,Solution,James Ruskin - Solution
2010-02-08 - Marcel Dettmann - CLR Podcast 050,https://www.mixesdb.com/w/2010-02-08_-_Marcel_Dettmann_-_CLR_Podcast_050,,10,33,Silent Servant,Discipline,Silent Servant - Discipline
2010-02-08 - Marcel Dettmann - CLR Podcast 050,https://www.mixesdb.com/w/2010-02-08_-_Marcel_Dettmann_-_CLR_Podcast_050,,11,37,EQD,Equalized 003-B [Equalized],EQD - Equalized 003-B [Equalized]
2010-02-08 - Marcel Dettmann - CLR Podcast 050,https://www.mixesdb.com/w/2010-02-08_-_Marcel_Dettmann_-_CLR_Podcast_050,,12,41,Junior Boys,Work (Marcel Dettmann Remix),Junior Boys - Work (Marcel Dettmann Remix)
2010-02-08 - Marcel Dettmann - CLR Podcast 050,https://www.mixesdb.com/w/2010-02-08_-_Marcel_Dettmann_-_CLR_Podcast_050,,13,46,Marcel Dettmann,Helix,Marcel Dettmann - Helix
2010-02-08 - Marcel Dettmann - CLR Podcast 050,https://www.mixesdb.com/w/2010-02-08_-_Marcel_Dettmann_-_CLR_Podcast_050,,14,49,Delta Funktionen,Intruder,Delta Funktionen - Intruder
2010-02-08 - Marcel Dettmann - CLR Podcast 050,https://www.mixesdb.com/w/2010-02-08_-_Marcel_Dettmann_-_CLR_Podcast_050,,15,58,Martyn,Seventy Four (Redshape Remix),Martyn - Seventy Four (Redshape Remix)
2008-11-11 - Marcel Dettmann - Bodytonic Podcast 24,https://www.mixesdb.com/w/2008-11-11_-_Marcel_Dettmann_-_Bodytonic_Podcast_24,,1,00,Deadbeat,Grounation (Berghain Drum Jack) [Wagon Repair - WAG 046LP],Deadbeat - Grounation (Berghain Drum Jack) [Wagon Repair - WAG 046LP]
2008-11-11 - Marcel Dettmann - Bodytonic Podcast 24,https://www.mixesdb.com/w/2008-11-11_-_Marcel_Dettmann_-_Bodytonic_Podcast_24,,2,04,Van Rivers,Spaces II [Stockholm LTD - STHLM LTD 14A2C],Van Rivers - Spaces II [Stockholm LTD - STHLM LTD 14A2C]
2008-11-11 - Marcel Dettmann - Bodytonic Podcast 24,https://www.mixesdb.com/w/2008-11-11_-_Marcel_Dettmann_-_Bodytonic_Podcast_24,,3,07,Paul Kalkbrenner,Torted [BPitch Control - BPC 206],Paul Kalkbrenner - Torted [BPitch Control - BPC 206]
2008-11-11 - Marcel Dettmann - Bodytonic Podcast 24,https://www.mixesdb.com/w/2008-11-11_-_Marcel_Dettmann_-_Bodytonic_Podcast_24,,4,10,Mike Dehnert,Minimum [Fachwerk - FW 004],Mike Dehnert - Minimum [Fachwerk - FW 004]
2008-11-11 - Marcel Dettmann - Bodytonic Podcast 24,https://www.mixesdb.com/w/2008-11-11_-_Marcel_Dettmann_-_Bodytonic_Podcast_24,,5,15,Marcel Dettmann,Plain [Beatstreet - BS03],Marcel Dettmann - Plain [Beatstreet - BS03]
2008-11-11 - Marcel Dettmann - Bodytonic Podcast 24,https://www.mixesdb.com/w/2008-11-11_-_Marcel_Dettmann_-_Bodytonic_Podcast_24,,6,17,Cab Drivers,Arcade (Edit) [Plus 8 - PLUS8090],Cab Drivers - Arcade (Edit) [Plus 8 - PLUS8090]
2008-11-11 - Marcel Dettmann - Bodytonic Podcast 24,https://www.mixesdb.com/w/2008-11-11_-_Marcel_Dettmann_-_Bodytonic_Podcast_24,,7,21,"Henrik Schwarz, Âme & Dixon",D.P.O.M.B. (Version 1) [Innervisions - IV17],"Henrik Schwarz, Âme & Dixon - D.P.O.M.B. (Version 1) [Innervisions - IV17]"
2008-11-11 - Marcel Dettmann - Bodytonic Podcast 24,https://www.mixesdb.com/w/2008-11-11_-_Marcel_Dettmann_-_Bodytonic_Podcast_24,,8,26,Je Dàvu,I Zebra (Raw Meat Techno Edit) [Platzhirsch - LTD #9],Je Dàvu - I Zebra (Raw Meat Techno Edit) [Platzhirsch - LTD #9]
2008-11-11 - Marcel Dettmann - Bodytonic Podcast 24,https://www.mixesdb.com/w/2008-11-11_-_Marcel_Dettmann_-_Bodytonic_Podcast_24,,9,30,Jackmate,Mentally Disturbed [Phil e - phile2005],Jackmate - Mentally Disturbed [Phil e - phile2005]
2008-11-11 - Marcel Dettmann - Bodytonic Podcast 24,https://www.mixesdb.com/w/2008-11-11_-_Marcel_Dettmann_-_Bodytonic_Podcast_24,,10,32,Gez Varley,Political Prisoner [Studio !K7 - !K7R023LP],Gez Varley - Political Prisoner [Studio !K7 - !K7R023LP]
2008-11-11 - Marcel Dettmann - Bodytonic Podcast 24,https://www.mixesdb.com/w/2008-11-11_-_Marcel_Dettmann_-_Bodytonic_Podcast_24,,11,38,Kenny Larkin,You Are... [Planet E - PLE65300-1],Kenny Larkin - You Are... [Planet E - PLE65300-1]
2008-11-11 - Marcel Dettmann - Bodytonic Podcast 24,https://www.mixesdb.com/w/2008-11-11_-_Marcel_Dettmann_-_Bodytonic_Podcast_24,,12,42,Kevin Gorman,SevenEightNine (Marcel Dettmann Remix) [Mikrowave - MWAVE07],Kevin Gorman - SevenEightNine (Marcel Dettmann Remix) [Mikrowave - MWAVE07]
2008-11-11 - Marcel Dettmann - Bodytonic Podcast 24,https://www.mixesdb.com/w/2008-11-11_-_Marcel_Dettmann_-_Bodytonic_Podcast_24,,13,46,Damon Wild,Floating Point [Synewave - SW64],Damon Wild - Floating Point [Synewave - SW64]
2008-11-11 - Marcel Dettmann - Bodytonic Podcast 24,https://www.mixesdb.com/w/2008-11-11_-_Marcel_Dettmann_-_Bodytonic_Podcast_24,,14,49,Markus Enochson & The Subliminal Kid,That's A Lot Of Bait [Ann Aimee - ann008],Markus Enochson & The Subliminal Kid - That's A Lot Of Bait [Ann Aimee - ann008]
2011-04-14 - Marcel Dettmann - SEDUCTION (oki-ni MS020),https://www.mixesdb.com/w/2011-04-14_-_Marcel_Dettmann_-_SEDUCTION_(oki-ni_MS020),,1,,Chris & Cosey,Metroeme,Chris & Cosey - Metroeme
2011-04-14 - Marcel Dettmann - SEDUCTION (oki-ni MS020),https://www.mixesdb.com/w/2011-04-14_-_Marcel_Dettmann_-_SEDUCTION_(oki-ni_MS020),,2,,Bruce Gilbert,Epitaph For Henran Brenlar,Bruce Gilbert - Epitaph For Henran Brenlar
2011-04-14 - Marcel Dettmann - SEDUCTION (oki-ni MS020),https://www.mixesdb.com/w/2011-04-14_-_Marcel_Dettmann_-_SEDUCTION_(oki-ni_MS020),,3,,Twilight Ritual,Tears On The Wall,Twilight Ritual - Tears On The Wall
2011-04-14 - Marcel Dettmann - SEDUCTION (oki-ni MS020),https://www.mixesdb.com/w/2011-04-14_-_Marcel_Dettmann_-_SEDUCTION_(oki-ni_MS020),,4,,Kas Product,Tina Town,Kas Product - Tina Town
2011-04-14 - Marcel Dettmann - SEDUCTION (oki-ni MS020),https://www.mixesdb.com/w/2011-04-14_-_Marcel_Dettmann_-_SEDUCTION_(oki-ni_MS020),,5,,Cluster,Fotschi Tong,Cluster - Fotschi Tong
2011-04-14 - Marcel Dettmann - SEDUCTION (oki-ni MS020),https://www.mixesdb.com/w/2011-04-14_-_Marcel_Dettmann_-_SEDUCTION_(oki-ni_MS020),,6,,Severed Heads,Legion,Severed Heads - Legion
2011-04-14 - Marcel Dettmann - SEDUCTION (oki-ni MS020),https://www.mixesdb.com/w/2011-04-14_-_Marcel_Dettmann_-_SEDUCTION_(oki-ni_MS020),,7,,The Klinik,Suffer In Silence,The Klinik - Suffer In Silence
2011-04-14 - Marcel Dettmann - SEDUCTION (oki-ni MS020),https://www.mixesdb.com/w/2011-04-14_-_Marcel_Dettmann_-_SEDUCTION_(oki-ni_MS020),,8,,Raime,Retread,Raime - Retread
2011-04-14 - Marcel Dettmann - SEDUCTION (oki-ni MS020),https://www.mixesdb.com/w/2011-04-14_-_Marcel_Dettmann_-_SEDUCTION_(oki-ni_MS020),,9,,The Cure,A Strange Day,The Cure - A Strange Day
2011-04-14 - Marcel Dettmann - SEDUCTION (oki-ni MS020),https://www.mixesdb.com/w/2011-04-14_-_Marcel_Dettmann_-_SEDUCTION_(oki-ni_MS020),,10,,Klaus Doldinger,Eingeschlossen,Klaus Doldinger - Eingeschlossen
2011-04-14 - Marcel Dettmann - SEDUCTION (oki-ni MS020),https://www.mixesdb.com/w/2011-04-14_-_Marcel_Dettmann_-_SEDUCTION_(oki-ni_MS020),,11,,Front 242,Don't Crash,Front 242 - Don't Crash
2011-04-14 - Marcel Dettmann - SEDUCTION (oki-ni MS020),https://www.mixesdb.com/w/2011-04-14_-_Marcel_Dettmann_-_SEDUCTION_(oki-ni_MS020),,12,,Demdike Stare,Rain & Shame,Demdike Stare - Rain & Shame
2011-04-14 - Marcel Dettmann - SEDUCTION (oki-ni MS020),https://www.mixesdb.com/w/2011-04-14_-_Marcel_Dettmann_-_SEDUCTION_(oki-ni_MS020),,13,,Ultravox,Rage In Eden,Ultravox - Rage In Eden
2011-04-14 - Marcel Dettmann - SEDUCTION (oki-ni MS020),https://www.mixesdb.com/w/2011-04-14_-_Marcel_Dettmann_-_SEDUCTION_(oki-ni_MS020),,14,,Burning Star Core,Hopelessly Devoted,Burning Star Core - Hopelessly Devoted
2011-04-14 - Marcel Dettmann - SEDUCTION (oki-ni MS020),https://www.mixesdb.com/w/2011-04-14_-_Marcel_Dettmann_-_SEDUCTION_(oki-ni_MS020),,15,,Section 25,The Process,Section 25 - The Process
2011-04-14 - Marcel Dettmann - SEDUCTION (oki-ni MS020),https://www.mixesdb.com/w/2011-04-14_-_Marcel_Dettmann_-_SEDUCTION_(oki-ni_MS020),,16,,Pink Industry,Is This The End?,Pink Industry - Is This The End?
"2009-06-20 - Marcel Dettmann @ Sonar By Night, Fira Gran Via, Barcelona","https://www.mixesdb.com/w/2009-06-20_-_Marcel_Dettmann_@_Sonar_By_Night,_Fira_Gran_Via,_Barcelona",,1,,Robert Hood,Self Powered [M-Plant],Robert Hood - Self Powered [M-Plant]
"2009-06-20 - Marcel Dettmann @ Sonar By Night, Fira Gran Via, Barcelona","https://www.mixesdb.com/w/2009-06-20_-_Marcel_Dettmann_@_Sonar_By_Night,_Fira_Gran_Via,_Barcelona",,2,,DJ Rolando,Running [Saved],DJ Rolando - Running [Saved]
"2009-06-20 - Marcel Dettmann @ Sonar By Night, Fira Gran Via, Barcelona","https://www.mixesdb.com/w/2009-06-20_-_Marcel_Dettmann_@_Sonar_By_Night,_Fira_Gran_Via,_Barcelona",,3,,Beroshima,Electronic Discussion [Müller],Beroshima - Electronic Discussion [Müller]
"2009-06-20 - Marcel Dettmann @ Sonar By Night, Fira Gran Via, Barcelona","https://www.mixesdb.com/w/2009-06-20_-_Marcel_Dettmann_@_Sonar_By_Night,_Fira_Gran_Via,_Barcelona",,4,,Planetary Assault Systems,Enter Action [Ostgut Ton],Planetary Assault Systems - Enter Action [Ostgut Ton]
"2009-06-20 - Marcel Dettmann @ Sonar By Night, Fira Gran Via, Barcelona","https://www.mixesdb.com/w/2009-06-20_-_Marcel_Dettmann_@_Sonar_By_Night,_Fira_Gran_Via,_Barcelona",,5,,K-Hand,These Sounds Lead The Way [Gorsch],K-Hand - These Sounds Lead The Way [Gorsch]
"2009-06-20 - Marcel Dettmann @ Sonar By Night, Fira Gran Via, Barcelona","https://www.mixesdb.com/w/2009-06-20_-_Marcel_Dettmann_@_Sonar_By_Night,_Fira_Gran_Via,_Barcelona",,6,,,?,?
"2009-06-20 - Marcel Dettmann @ Sonar By Night, Fira Gran Via, Barcelona","https://www.mixesdb.com/w/2009-06-20_-_Marcel_Dettmann_@_Sonar_By_Night,_Fira_Gran_Via,_Barcelona",,7,,Nicolas Will,I Want You [Comfortable],Nicolas Will - I Want You [Comfortable]
"2009-06-20 - Marcel Dettmann @ Sonar By Night, Fira Gran Via, Barcelona","https://www.mixesdb.com/w/2009-06-20_-_Marcel_Dettmann_@_Sonar_By_Night,_Fira_Gran_Via,_Barcelona",,8,,Scuba,Hundreds And Thousands [Hot Flush],Scuba - Hundreds And Thousands [Hot Flush]
"2009-06-20 - Marcel Dettmann @ Sonar By Night, Fira Gran Via, Barcelona","https://www.mixesdb.com/w/2009-06-20_-_Marcel_Dettmann_@_Sonar_By_Night,_Fira_Gran_Via,_Barcelona",,9,,,?,?
"2009-06-20 - Marcel Dettmann @ Sonar By Night, Fira Gran Via, Barcelona","https://www.mixesdb.com/w/2009-06-20_-_Marcel_Dettmann_@_Sonar_By_Night,_Fira_Gran_Via,_Barcelona",,10,,Deuce,Twerp Wiz [Ostgut Ton],Deuce - Twerp Wiz [Ostgut Ton]
"2009-06-20 - Marcel Dettmann @ Sonar By Night, Fira Gran Via, Barcelona","https://www.mixesdb.com/w/2009-06-20_-_Marcel_Dettmann_@_Sonar_By_Night,_Fira_Gran_Via,_Barcelona",,11,,Damon Wild,Kabuki [Synewave],Damon Wild - Kabuki [Synewave]
"2009-06-20 - Marcel Dettmann @ Sonar By Night, Fira Gran Via, Barcelona","https://www.mixesdb.com/w/2009-06-20_-_Marcel_Dettmann_@_Sonar_By_Night,_Fira_Gran_Via,_Barcelona",,12,,JP Buckle,One For The Ladeez [Rephlex],JP Buckle - One For The Ladeez [Rephlex]
"2009-06-20 - Marcel Dettmann @ Sonar By Night, Fira Gran Via, Barcelona","https://www.mixesdb.com/w/2009-06-20_-_Marcel_Dettmann_@_Sonar_By_Night,_Fira_Gran_Via,_Barcelona",,13,,Depeche Mode,Peace (Ben Klock Remix) [Mute],Depeche Mode - Peace (Ben Klock Remix) [Mute]
"2009-06-20 - Marcel Dettmann @ Sonar By Night, Fira Gran Via, Barcelona","https://www.mixesdb.com/w/2009-06-20_-_Marcel_Dettmann_@_Sonar_By_Night,_Fira_Gran_Via,_Barcelona",,14,,Fever Ray,Seven (Marcel Dettmann Remix) [Rabid],Fever Ray - Seven (Marcel Dettmann Remix) [Rabid]
"2009-06-20 - Marcel Dettmann @ Sonar By Night, Fira Gran Via, Barcelona","https://www.mixesdb.com/w/2009-06-20_-_Marcel_Dettmann_@_Sonar_By_Night,_Fira_Gran_Via,_Barcelona",,15,,OBX,It's All We Know (Trippin' On Air) [Ascension],OBX - It's All We Know (Trippin' On Air) [Ascension]
"2009-06-20 - Marcel Dettmann @ Sonar By Night, Fira Gran Via, Barcelona","https://www.mixesdb.com/w/2009-06-20_-_Marcel_Dettmann_@_Sonar_By_Night,_Fira_Gran_Via,_Barcelona",,16,,Gowentgone,M.A.M (Marcel Dettmann Remix) [Vidab],Gowentgone - M.A.M (Marcel Dettmann Remix) [Vidab]
"2009-06-20 - Marcel Dettmann @ Sonar By Night, Fira Gran Via, Barcelona","https://www.mixesdb.com/w/2009-06-20_-_Marcel_Dettmann_@_Sonar_By_Night,_Fira_Gran_Via,_Barcelona",,17,,Tronikhouse,Uptempo [KMS],Tronikhouse - Uptempo [KMS]
"2009-06-20 - Marcel Dettmann @ Sonar By Night, Fira Gran Via, Barcelona","https://www.mixesdb.com/w/2009-06-20_-_Marcel_Dettmann_@_Sonar_By_Night,_Fira_Gran_Via,_Barcelona",,18,,Shed,Another Wedged Chicken (Martyn Remix) [Ostgut Ton],Shed - Another Wedged Chicken (Martyn Remix) [Ostgut Ton]
"2009-06-20 - Marcel Dettmann @ Sonar By Night, Fira Gran Via, Barcelona","https://www.mixesdb.com/w/2009-06-20_-_Marcel_Dettmann_@_Sonar_By_Night,_Fira_Gran_Via,_Barcelona",,19,,Robert Hood,School [Music Man],Robert Hood - School [Music Man]
"2009-06-20 - Marcel Dettmann @ Sonar By Night, Fira Gran Via, Barcelona","https://www.mixesdb.com/w/2009-06-20_-_Marcel_Dettmann_@_Sonar_By_Night,_Fira_Gran_Via,_Barcelona",,20,,,?,?
"2009-06-20 - Marcel Dettmann @ Sonar By Night, Fira Gran Via, Barcelona","https://www.mixesdb.com/w/2009-06-20_-_Marcel_Dettmann_@_Sonar_By_Night,_Fira_Gran_Via,_Barcelona",,21,,Joey Beltram,Caliber EP [Warp],Joey Beltram - Caliber EP [Warp]
"2009-06-20 - Marcel Dettmann @ Sonar By Night, Fira Gran Via, Barcelona","https://www.mixesdb.com/w/2009-06-20_-_Marcel_Dettmann_@_Sonar_By_Night,_Fira_Gran_Via,_Barcelona",,22,,Kraftwerk,Numbers [Kling Klang],Kraftwerk - Numbers [Kling Klang]
"2009-06-20 - Marcel Dettmann @ Sonar By Night, Fira Gran Via, Barcelona","https://www.mixesdb.com/w/2009-06-20_-_Marcel_Dettmann_@_Sonar_By_Night,_Fira_Gran_Via,_Barcelona",,23,,Ragga Twins,Wipe The Needle [Soul Jazz],Ragga Twins - Wipe The Needle [Soul Jazz]
2008-12-29 - Marcel Dettmann - RA Podcast (RA.135),https://www.mixesdb.com/w/2008-12-29_-_Marcel_Dettmann_-_RA_Podcast_(RA.135),,1,00,Ø,Unien Holvit [Sähkö],Ø - Unien Holvit [Sähkö]
2008-12-29 - Marcel Dettmann - RA Podcast (RA.135),https://www.mixesdb.com/w/2008-12-29_-_Marcel_Dettmann_-_RA_Podcast_(RA.135),,2,02,Terre Thaemlitz,A Crippled Left Wing Soars With The Right (Steal This Record Remix By DJ Sprinkles) [Mule Electronic],Terre Thaemlitz - A Crippled Left Wing Soars With The Right (Steal This Record Remix By DJ Sprinkles) [Mule Electronic]
2008-12-29 - Marcel Dettmann - RA Podcast (RA.135),https://www.mixesdb.com/w/2008-12-29_-_Marcel_Dettmann_-_RA_Podcast_(RA.135),,3,05,Levon Vincent,Invisible Bitchslap [Deconstruct],Levon Vincent - Invisible Bitchslap [Deconstruct]
2008-12-29 - Marcel Dettmann - RA Podcast (RA.135),https://www.mixesdb.com/w/2008-12-29_-_Marcel_Dettmann_-_RA_Podcast_(RA.135),,4,08,Cheeba Starks Pres. The Toupe Committee,GoGo Bop (A Trip To The Bodega) [Groove On],Cheeba Starks Pres. The Toupe Committee - GoGo Bop (A Trip To The Bodega) [Groove On]
2008-12-29 - Marcel Dettmann - RA Podcast (RA.135),https://www.mixesdb.com/w/2008-12-29_-_Marcel_Dettmann_-_RA_Podcast_(RA.135),,5,11,Marvin Dash,B2 [Force Inc - FIM US 46],Marvin Dash - B2 [Force Inc - FIM US 46]
2008-12-29 - Marcel Dettmann - RA Podcast (RA.135),https://www.mixesdb.com/w/2008-12-29_-_Marcel_Dettmann_-_RA_Podcast_(RA.135),,6,14,Rolando,Where Were You? [Delsin - 73DSR_RLD1],Rolando - Where Were You? [Delsin - 73DSR_RLD1]
2008-12-29 - Marcel Dettmann - RA Podcast (RA.135),https://www.mixesdb.com/w/2008-12-29_-_Marcel_Dettmann_-_RA_Podcast_(RA.135),,7,17,The Black Dog,Train By Autobahn (Robert Hood's DJ Remix) [Soma],The Black Dog - Train By Autobahn (Robert Hood's DJ Remix) [Soma]
2008-12-29 - Marcel Dettmann - RA Podcast (RA.135),https://www.mixesdb.com/w/2008-12-29_-_Marcel_Dettmann_-_RA_Podcast_(RA.135),,8,20,Shackleton,You Bring Me Down (Peverelist Remix) [Skull Disco],Shackleton - You Bring Me Down (Peverelist Remix) [Skull Disco]
2008-12-29 - Marcel Dettmann - RA Podcast (RA.135),https://www.mixesdb.com/w/2008-12-29_-_Marcel_Dettmann_-_RA_Podcast_(RA.135),,9,24,Shake,Indagoo [Morphine],Shake - Indagoo [Morphine]
2008-12-29 - Marcel Dettmann - RA Podcast (RA.135),https://www.mixesdb.com/w/2008-12-29_-_Marcel_Dettmann_-_RA_Podcast_(RA.135),,10,28,Casino Classix,Ringer [Ifach - 011],Casino Classix - Ringer [Ifach - 011]
2008-12-29 - Marcel Dettmann - RA Podcast (RA.135),https://www.mixesdb.com/w/2008-12-29_-_Marcel_Dettmann_-_RA_Podcast_(RA.135),,11,32,Common Factor,In To [Planet E],Common Factor - In To [Planet E]
2008-12-29 - Marcel Dettmann - RA Podcast (RA.135),https://www.mixesdb.com/w/2008-12-29_-_Marcel_Dettmann_-_RA_Podcast_(RA.135),,12,35,Ja & Dg,The Clock (Ben Klock Remix) [Rekids],Ja & Dg - The Clock (Ben Klock Remix) [Rekids]
2008-12-29 - Marcel Dettmann - RA Podcast (RA.135),https://www.mixesdb.com/w/2008-12-29_-_Marcel_Dettmann_-_RA_Podcast_(RA.135),,13,39,Scuba,From Within (Marcel Dettmann Remix) [Hotflush - HFRMX 005],Scuba - From Within (Marcel Dettmann Remix) [Hotflush - HFRMX 005]
2008-12-29 - Marcel Dettmann - RA Podcast (RA.135),https://www.mixesdb.com/w/2008-12-29_-_Marcel_Dettmann_-_RA_Podcast_(RA.135),,14,42,Shed,Another Wedged Chicken [Ostgut Ton - OSTGUTDIGITAL 02],Shed - Another Wedged Chicken [Ostgut Ton - OSTGUTDIGITAL 02]
2008-12-29 - Marcel Dettmann - RA Podcast (RA.135),https://www.mixesdb.com/w/2008-12-29_-_Marcel_Dettmann_-_RA_Podcast_(RA.135),,15,46,Norman Nodge,Man Made [MDR],Norman Nodge - Man Made [MDR]
2008-12-29 - Marcel Dettmann - RA Podcast (RA.135),https://www.mixesdb.com/w/2008-12-29_-_Marcel_Dettmann_-_RA_Podcast_(RA.135),,16,49,Fix,Dope Computer (Ken Ishii Remix) [Nightvision],Fix - Dope Computer (Ken Ishii Remix) [Nightvision]
2008-12-29 - Marcel Dettmann - RA Podcast (RA.135),https://www.mixesdb.com/w/2008-12-29_-_Marcel_Dettmann_-_RA_Podcast_(RA.135),,17,52,N/A,Untitled (Function Edit) [Sandwell District - SD12],N/A - Untitled (Function Edit) [Sandwell District - SD12]
2008-12-29 - Marcel Dettmann - RA Podcast (RA.135),https://www.mixesdb.com/w/2008-12-29_-_Marcel_Dettmann_-_RA_Podcast_(RA.135),,18,54,Louis Guilliaume,Time Relapse [SD - D 04],Louis Guilliaume - Time Relapse [SD - D 04]
2008-12-29 - Marcel Dettmann - RA Podcast (RA.135),https://www.mixesdb.com/w/2008-12-29_-_Marcel_Dettmann_-_RA_Podcast_(RA.135),,19,57,DJ Assault,Vandalism [Jefferson Avenue - JA 001],DJ Assault - Vandalism [Jefferson Avenue - JA 001]
2008-12-29 - Marcel Dettmann - RA Podcast (RA.135),https://www.mixesdb.com/w/2008-12-29_-_Marcel_Dettmann_-_RA_Podcast_(RA.135),,20,60,Lab Rat Xl,Lab Rat 2 [Clone - C#31-CD],Lab Rat Xl - Lab Rat 2 [Clone - C#31-CD]
2008-12-29 - Marcel Dettmann - RA Podcast (RA.135),https://www.mixesdb.com/w/2008-12-29_-_Marcel_Dettmann_-_RA_Podcast_(RA.135),,21,62,Marcel Dettmann,Plain [Music Man - MMCD 033D],Marcel Dettmann - Plain [Music Man - MMCD 033D]
2008-12-29 - Marcel Dettmann - RA Podcast (RA.135),https://www.mixesdb.com/w/2008-12-29_-_Marcel_Dettmann_-_RA_Podcast_(RA.135),,22,64,Shackleton,Shortwave [Skull Disco],Shackleton - Shortwave [Skull Disco]
2008-12-29 - Marcel Dettmann - RA Podcast (RA.135),https://www.mixesdb.com/w/2008-12-29_-_Marcel_Dettmann_-_RA_Podcast_(RA.135),,23,67,Female,HE. 2 [Downwards],Female - HE. 2 [Downwards]
2008-12-29 - Marcel Dettmann - RA Podcast (RA.135),https://www.mixesdb.com/w/2008-12-29_-_Marcel_Dettmann_-_RA_Podcast_(RA.135),,24,69,G. Family Feat. Nombongo,People With BulLet's (Earthrumental),G. Family Feat. Nombongo - People With BulLet's (Earthrumental)
2008-12-29 - Marcel Dettmann - RA Podcast (RA.135),https://www.mixesdb.com/w/2008-12-29_-_Marcel_Dettmann_-_RA_Podcast_(RA.135),,25,71,EQD,Equalized 002-B [Equalized],EQD - Equalized 002-B [Equalized]
"2024-08-02 - Helena Hauff & Marcel Dettmann @ 10 Years Dekmantel Festival, Amsterdam","https://www.mixesdb.com/w/2024-08-02_-_Helena_Hauff_&_Marcel_Dettmann_@_10_Years_Dekmantel_Festival,_Amsterdam",,1,0:00:00,,New Signal–	Steppenwolf,New Signal–	Steppenwolf
"2024-08-02 - Helena Hauff & Marcel Dettmann @ 10 Years Dekmantel Festival, Amsterdam","https://www.mixesdb.com/w/2024-08-02_-_Helena_Hauff_&_Marcel_Dettmann_@_10_Years_Dekmantel_Festival,_Amsterdam",,2,0:04:30,Boxia,Hotline (Think Mix),Boxia - Hotline (Think Mix)
"2024-08-02 - Helena Hauff & Marcel Dettmann @ 10 Years Dekmantel Festival, Amsterdam","https://www.mixesdb.com/w/2024-08-02_-_Helena_Hauff_&_Marcel_Dettmann_@_10_Years_Dekmantel_Festival,_Amsterdam",,3,0:09:30,Rosati,Inside,Rosati - Inside
"2024-08-02 - Helena Hauff & Marcel Dettmann @ 10 Years Dekmantel Festival, Amsterdam","https://www.mixesdb.com/w/2024-08-02_-_Helena_Hauff_&_Marcel_Dettmann_@_10_Years_Dekmantel_Festival,_Amsterdam",,4,0:12:00,Luke Slater,Love (Marcel Dettmann Black Gloves Remix),Luke Slater - Love (Marcel Dettmann Black Gloves Remix)
"2024-08-02 - Helena Hauff & Marcel Dettmann @ 10 Years Dekmantel Festival, Amsterdam","https://www.mixesdb.com/w/2024-08-02_-_Helena_Hauff_&_Marcel_Dettmann_@_10_Years_Dekmantel_Festival,_Amsterdam",,5,0:16:52,Frequency,Darkheart Energy (Instrumental),Frequency - Darkheart Energy (Instrumental)
"2024-08-02 - Helena Hauff & Marcel Dettmann @ 10 Years Dekmantel Festival, Amsterdam","https://www.mixesdb.com/w/2024-08-02_-_Helena_Hauff_&_Marcel_Dettmann_@_10_Years_Dekmantel_Festival,_Amsterdam",,6,0:20:55,Public Energy,P.A. [Overlast],Public Energy - P.A. [Overlast]
"2024-08-02 - Helena Hauff & Marcel Dettmann @ 10 Years Dekmantel Festival, Amsterdam","https://www.mixesdb.com/w/2024-08-02_-_Helena_Hauff_&_Marcel_Dettmann_@_10_Years_Dekmantel_Festival,_Amsterdam",,7,0:25:28,P. Lopez,MC Loops,P. Lopez - MC Loops
"2024-08-02 - Helena Hauff & Marcel Dettmann @ 10 Years Dekmantel Festival, Amsterdam","https://www.mixesdb.com/w/2024-08-02_-_Helena_Hauff_&_Marcel_Dettmann_@_10_Years_Dekmantel_Festival,_Amsterdam",,8,0:30:19,December,An Accident In Favor Of Human Life,December - An Accident In Favor Of Human Life
"2024-08-02 - Helena Hauff & Marcel Dettmann @ 10 Years Dekmantel Festival, Amsterdam","https://www.mixesdb.com/w/2024-08-02_-_Helena_Hauff_&_Marcel_Dettmann_@_10_Years_Dekmantel_Festival,_Amsterdam",,9,0:37:05,N2o,Inscesticide [22Recordings],N2o - Inscesticide [22Recordings]
"2024-08-02 - Helena Hauff & Marcel Dettmann @ 10 Years Dekmantel Festival, Amsterdam","https://www.mixesdb.com/w/2024-08-02_-_Helena_Hauff_&_Marcel_Dettmann_@_10_Years_Dekmantel_Festival,_Amsterdam",,10,0:40:16,Havana,Discorder [Bellboy],Havana - Discorder [Bellboy]
"2024-08-02 - Helena Hauff & Marcel Dettmann @ 10 Years Dekmantel Festival, Amsterdam","https://www.mixesdb.com/w/2024-08-02_-_Helena_Hauff_&_Marcel_Dettmann_@_10_Years_Dekmantel_Festival,_Amsterdam",,11,0:45:58,Radiation 30376,Nietoperz [Pinkman],Radiation 30376 - Nietoperz [Pinkman]
"2024-08-02 - Helena Hauff & Marcel Dettmann @ 10 Years Dekmantel Festival, Amsterdam","https://www.mixesdb.com/w/2024-08-02_-_Helena_Hauff_&_Marcel_Dettmann_@_10_Years_Dekmantel_Festival,_Amsterdam",,12,0:50:20,"Kiko, Gino's",Es Ta Si,"Kiko, Gino's - Es Ta Si"
"2024-08-02 - Helena Hauff & Marcel Dettmann @ 10 Years Dekmantel Festival, Amsterdam","https://www.mixesdb.com/w/2024-08-02_-_Helena_Hauff_&_Marcel_Dettmann_@_10_Years_Dekmantel_Festival,_Amsterdam",,13,0:56:03,Filmmaker,Shenanigans,Filmmaker - Shenanigans
"2024-08-02 - Helena Hauff & Marcel Dettmann @ 10 Years Dekmantel Festival, Amsterdam","https://www.mixesdb.com/w/2024-08-02_-_Helena_Hauff_&_Marcel_Dettmann_@_10_Years_Dekmantel_Festival,_Amsterdam",,14,0:59:33,Latex,La Musique,Latex - La Musique
"2024-08-02 - Helena Hauff & Marcel Dettmann @ 10 Years Dekmantel Festival, Amsterdam","https://www.mixesdb.com/w/2024-08-02_-_Helena_Hauff_&_Marcel_Dettmann_@_10_Years_Dekmantel_Festival,_Amsterdam",,15,1:03:36,Si Begg,P1 Tek 2 Neu Anfang [Love Love],Si Begg - P1 Tek 2 Neu Anfang [Love Love]
"2024-08-02 - Helena Hauff & Marcel Dettmann @ 10 Years Dekmantel Festival, Amsterdam","https://www.mixesdb.com/w/2024-08-02_-_Helena_Hauff_&_Marcel_Dettmann_@_10_Years_Dekmantel_Festival,_Amsterdam",,16,1:07:15,Gherkin Jerks,Acid Indigestion [Alleviated],Gherkin Jerks - Acid Indigestion [Alleviated]
"2024-08-02 - Helena Hauff & Marcel Dettmann @ 10 Years Dekmantel Festival, Amsterdam","https://www.mixesdb.com/w/2024-08-02_-_Helena_Hauff_&_Marcel_Dettmann_@_10_Years_Dekmantel_Festival,_Amsterdam",,17,1:11:18,Underground Resistance,Riot,Underground Resistance - Riot
"2024-08-02 - Helena Hauff & Marcel Dettmann @ 10 Years Dekmantel Festival, Amsterdam","https://www.mixesdb.com/w/2024-08-02_-_Helena_Hauff_&_Marcel_Dettmann_@_10_Years_Dekmantel_Festival,_Amsterdam",,18,1:14:26,Tronikhouse,Uptempo,Tronikhouse - Uptempo
"2024-08-02 - Helena Hauff & Marcel Dettmann @ 10 Years Dekmantel Festival, Amsterdam","https://www.mixesdb.com/w/2024-08-02_-_Helena_Hauff_&_Marcel_Dettmann_@_10_Years_Dekmantel_Festival,_Amsterdam",,19,1:17:43,Devi G,Holistic Heaven,Devi G - Holistic Heaven
"2024-08-02 - Helena Hauff & Marcel Dettmann @ 10 Years Dekmantel Festival, Amsterdam","https://www.mixesdb.com/w/2024-08-02_-_Helena_Hauff_&_Marcel_Dettmann_@_10_Years_Dekmantel_Festival,_Amsterdam",,20,1:21:26,Experimental Products,Who Is Kip Jones [Marcel Dettmann Cut],Experimental Products - Who Is Kip Jones [Marcel Dettmann Cut]
"2018-10-12 - Marcel Dettmann @ ARTE Mix Ø Trabendo, Le Trabendo, Paris","https://www.mixesdb.com/w/2018-10-12_-_Marcel_Dettmann_@_ARTE_Mix_%C3%98_Trabendo,_Le_Trabendo,_Paris",,1,000,Patrick Mason & Radio Slave & SRVD,Elevate [Rekids],Patrick Mason & Radio Slave & SRVD - Elevate [Rekids]
"2018-10-12 - Marcel Dettmann @ ARTE Mix Ø Trabendo, Le Trabendo, Paris","https://www.mixesdb.com/w/2018-10-12_-_Marcel_Dettmann_@_ARTE_Mix_%C3%98_Trabendo,_Le_Trabendo,_Paris",,2,006,Alex Cortex,Huyendo Part 2 [Klang Elektronik) - 78],Alex Cortex - Huyendo Part 2 [Klang Elektronik) - 78]
"2018-10-12 - Marcel Dettmann @ ARTE Mix Ø Trabendo, Le Trabendo, Paris","https://www.mixesdb.com/w/2018-10-12_-_Marcel_Dettmann_@_ARTE_Mix_%C3%98_Trabendo,_Le_Trabendo,_Paris",,3,009,Exterminador,Bleeding From Inside [Bad Manners],Exterminador - Bleeding From Inside [Bad Manners]
"2018-10-12 - Marcel Dettmann @ ARTE Mix Ø Trabendo, Le Trabendo, Paris","https://www.mixesdb.com/w/2018-10-12_-_Marcel_Dettmann_@_ARTE_Mix_%C3%98_Trabendo,_Le_Trabendo,_Paris",,4,014,,?,?
"2018-10-12 - Marcel Dettmann @ ARTE Mix Ø Trabendo, Le Trabendo, Paris","https://www.mixesdb.com/w/2018-10-12_-_Marcel_Dettmann_@_ARTE_Mix_%C3%98_Trabendo,_Le_Trabendo,_Paris",,5,016,Reeko,Damage #1 [Mental Disorder],Reeko - Damage #1 [Mental Disorder]
"2018-10-12 - Marcel Dettmann @ ARTE Mix Ø Trabendo, Le Trabendo, Paris","https://www.mixesdb.com/w/2018-10-12_-_Marcel_Dettmann_@_ARTE_Mix_%C3%98_Trabendo,_Le_Trabendo,_Paris",,6,020,,?,?
"2018-10-12 - Marcel Dettmann @ ARTE Mix Ø Trabendo, Le Trabendo, Paris","https://www.mixesdb.com/w/2018-10-12_-_Marcel_Dettmann_@_ARTE_Mix_%C3%98_Trabendo,_Le_Trabendo,_Paris",,7,024,Newa,Dance Of The Warrior,Newa - Dance Of The Warrior
"2018-10-12 - Marcel Dettmann @ ARTE Mix Ø Trabendo, Le Trabendo, Paris","https://www.mixesdb.com/w/2018-10-12_-_Marcel_Dettmann_@_ARTE_Mix_%C3%98_Trabendo,_Le_Trabendo,_Paris",,8,028,Slam & Green Velvet,Take Your Time,Slam & Green Velvet - Take Your Time
"2018-10-12 - Marcel Dettmann @ ARTE Mix Ø Trabendo, Le Trabendo, Paris","https://www.mixesdb.com/w/2018-10-12_-_Marcel_Dettmann_@_ARTE_Mix_%C3%98_Trabendo,_Le_Trabendo,_Paris",,9,031,Woody McBride,The Head Is Not Longer Than The Body,Woody McBride - The Head Is Not Longer Than The Body
"2018-10-12 - Marcel Dettmann @ ARTE Mix Ø Trabendo, Le Trabendo, Paris","https://www.mixesdb.com/w/2018-10-12_-_Marcel_Dettmann_@_ARTE_Mix_%C3%98_Trabendo,_Le_Trabendo,_Paris",,10,036,Melody Boy 2000,Sound Stealer,Melody Boy 2000 - Sound Stealer
"2018-10-12 - Marcel Dettmann @ ARTE Mix Ø Trabendo, Le Trabendo, Paris","https://www.mixesdb.com/w/2018-10-12_-_Marcel_Dettmann_@_ARTE_Mix_%C3%98_Trabendo,_Le_Trabendo,_Paris",,11,038,Aux Couture,M.F. Dance,Aux Couture - M.F. Dance
"2018-10-12 - Marcel Dettmann @ ARTE Mix Ø Trabendo, Le Trabendo, Paris","https://www.mixesdb.com/w/2018-10-12_-_Marcel_Dettmann_@_ARTE_Mix_%C3%98_Trabendo,_Le_Trabendo,_Paris",,12,042,David Carretta,Vicious Game 2018 (Mark Broom V2 Remix),David Carretta - Vicious Game 2018 (Mark Broom V2 Remix)
"2018-10-12 - Marcel Dettmann @ ARTE Mix Ø Trabendo, Le Trabendo, Paris","https://www.mixesdb.com/w/2018-10-12_-_Marcel_Dettmann_@_ARTE_Mix_%C3%98_Trabendo,_Le_Trabendo,_Paris",,13,046,Yotam Avni,No Guilt (Original Mix Two),Yotam Avni - No Guilt (Original Mix Two)
"2018-10-12 - Marcel Dettmann @ ARTE Mix Ø Trabendo, Le Trabendo, Paris","https://www.mixesdb.com/w/2018-10-12_-_Marcel_Dettmann_@_ARTE_Mix_%C3%98_Trabendo,_Le_Trabendo,_Paris",,14,052,Sterac,Universum,Sterac - Universum
"2018-10-12 - Marcel Dettmann @ ARTE Mix Ø Trabendo, Le Trabendo, Paris","https://www.mixesdb.com/w/2018-10-12_-_Marcel_Dettmann_@_ARTE_Mix_%C3%98_Trabendo,_Le_Trabendo,_Paris",,15,056,The Advent,Dorian Blue,The Advent - Dorian Blue
"2018-10-12 - Marcel Dettmann @ ARTE Mix Ø Trabendo, Le Trabendo, Paris","https://www.mixesdb.com/w/2018-10-12_-_Marcel_Dettmann_@_ARTE_Mix_%C3%98_Trabendo,_Le_Trabendo,_Paris",,16,061,Ø [Phase],Search Party,Ø [Phase] - Search Party
"2018-10-12 - Marcel Dettmann @ ARTE Mix Ø Trabendo, Le Trabendo, Paris","https://www.mixesdb.com/w/2018-10-12_-_Marcel_Dettmann_@_ARTE_Mix_%C3%98_Trabendo,_Le_Trabendo,_Paris",,17,064,Developer,The Hallways Of Always,Developer - The Hallways Of Always
"2018-10-12 - Marcel Dettmann @ ARTE Mix Ø Trabendo, Le Trabendo, Paris","https://www.mixesdb.com/w/2018-10-12_-_Marcel_Dettmann_@_ARTE_Mix_%C3%98_Trabendo,_Le_Trabendo,_Paris",,18,068,D.Dan,Damager [Arsenik],D.Dan - Damager [Arsenik]
"2018-10-12 - Marcel Dettmann @ ARTE Mix Ø Trabendo, Le Trabendo, Paris","https://www.mixesdb.com/w/2018-10-12_-_Marcel_Dettmann_@_ARTE_Mix_%C3%98_Trabendo,_Le_Trabendo,_Paris",,19,072,Randomer,Fat Purple Figs [Headstrong],Randomer - Fat Purple Figs [Headstrong]
"2018-10-12 - Marcel Dettmann @ ARTE Mix Ø Trabendo, Le Trabendo, Paris","https://www.mixesdb.com/w/2018-10-12_-_Marcel_Dettmann_@_ARTE_Mix_%C3%98_Trabendo,_Le_Trabendo,_Paris",,20,077,Peder Mannerfelt,Temporary Psychosis [Peder Mannerfelt - 006],Peder Mannerfelt - Temporary Psychosis [Peder Mannerfelt - 006]
"2018-10-12 - Marcel Dettmann @ ARTE Mix Ø Trabendo, Le Trabendo, Paris","https://www.mixesdb.com/w/2018-10-12_-_Marcel_Dettmann_@_ARTE_Mix_%C3%98_Trabendo,_Le_Trabendo,_Paris",,21,081,,?,?
"2018-10-12 - Marcel Dettmann @ ARTE Mix Ø Trabendo, Le Trabendo, Paris","https://www.mixesdb.com/w/2018-10-12_-_Marcel_Dettmann_@_ARTE_Mix_%C3%98_Trabendo,_Le_Trabendo,_Paris",,22,085,,?,?
"2018-10-12 - Marcel Dettmann @ ARTE Mix Ø Trabendo, Le Trabendo, Paris","https://www.mixesdb.com/w/2018-10-12_-_Marcel_Dettmann_@_ARTE_Mix_%C3%98_Trabendo,_Le_Trabendo,_Paris",,23,088,Heckmann & Thomas P. Heckmann,Violent Stains [Monnom Black],Heckmann & Thomas P. Heckmann - Violent Stains [Monnom Black]
"2018-10-12 - Marcel Dettmann @ ARTE Mix Ø Trabendo, Le Trabendo, Paris","https://www.mixesdb.com/w/2018-10-12_-_Marcel_Dettmann_@_ARTE_Mix_%C3%98_Trabendo,_Le_Trabendo,_Paris",,24,091,,?,?
"2018-10-12 - Marcel Dettmann @ ARTE Mix Ø Trabendo, Le Trabendo, Paris","https://www.mixesdb.com/w/2018-10-12_-_Marcel_Dettmann_@_ARTE_Mix_%C3%98_Trabendo,_Le_Trabendo,_Paris",,25,098,Patrick Walker,Substance [Ausgang],Patrick Walker - Substance [Ausgang]
"2018-10-12 - Marcel Dettmann @ ARTE Mix Ø Trabendo, Le Trabendo, Paris","https://www.mixesdb.com/w/2018-10-12_-_Marcel_Dettmann_@_ARTE_Mix_%C3%98_Trabendo,_Le_Trabendo,_Paris",,26,102,Rene Wise,Spirit Molecule,Rene Wise - Spirit Molecule
"2018-10-12 - Marcel Dettmann @ ARTE Mix Ø Trabendo, Le Trabendo, Paris","https://www.mixesdb.com/w/2018-10-12_-_Marcel_Dettmann_@_ARTE_Mix_%C3%98_Trabendo,_Le_Trabendo,_Paris",,27,105,,?,?
"2018-10-12 - Marcel Dettmann @ ARTE Mix Ø Trabendo, Le Trabendo, Paris","https://www.mixesdb.com/w/2018-10-12_-_Marcel_Dettmann_@_ARTE_Mix_%C3%98_Trabendo,_Le_Trabendo,_Paris",,28,108,Lauer,Fatigue,Lauer - Fatigue
"2018-10-12 - Marcel Dettmann @ ARTE Mix Ø Trabendo, Le Trabendo, Paris","https://www.mixesdb.com/w/2018-10-12_-_Marcel_Dettmann_@_ARTE_Mix_%C3%98_Trabendo,_Le_Trabendo,_Paris",,29,113,Experimental Products,Who Is Kip Jones? [Marcel Dettmann Cut],Experimental Products - Who Is Kip Jones? [Marcel Dettmann Cut]
2012-07-30 - Marcel Dettmann - CLR Podcast 179,https://www.mixesdb.com/w/2012-07-30_-_Marcel_Dettmann_-_CLR_Podcast_179,,1,00,G-Man,Continue [I220 - 020LP3],G-Man - Continue [I220 - 020LP3]
2012-07-30 - Marcel Dettmann - CLR Podcast 179,https://www.mixesdb.com/w/2012-07-30_-_Marcel_Dettmann_-_CLR_Podcast_179,,2,04,Anthony Vieira,Track 1 [Sheep Digital - SH 17],Anthony Vieira - Track 1 [Sheep Digital - SH 17]
2012-07-30 - Marcel Dettmann - CLR Podcast 179,https://www.mixesdb.com/w/2012-07-30_-_Marcel_Dettmann_-_CLR_Podcast_179,,3,08,Marcel Dettmann,Iso [Range EP O-TON61],Marcel Dettmann - Iso [Range EP O-TON61]
2012-07-30 - Marcel Dettmann - CLR Podcast 179,https://www.mixesdb.com/w/2012-07-30_-_Marcel_Dettmann_-_CLR_Podcast_179,,4,10,Anthony Parasole,My Diary,Anthony Parasole - My Diary
2012-07-30 - Marcel Dettmann - CLR Podcast 179,https://www.mixesdb.com/w/2012-07-30_-_Marcel_Dettmann_-_CLR_Podcast_179,,5,16,Psychic Ills,Mantis (Juan Atkins Remix) [Rvng],Psychic Ills - Mantis (Juan Atkins Remix) [Rvng]
2012-07-30 - Marcel Dettmann - CLR Podcast 179,https://www.mixesdb.com/w/2012-07-30_-_Marcel_Dettmann_-_CLR_Podcast_179,,6,18,San Soda,Cocomo [We Play House - WPHLP 01],San Soda - Cocomo [We Play House - WPHLP 01]
2012-07-30 - Marcel Dettmann - CLR Podcast 179,https://www.mixesdb.com/w/2012-07-30_-_Marcel_Dettmann_-_CLR_Podcast_179,,7,21,Shed,Ride On [50 Weapons - CD 08],Shed - Ride On [50 Weapons - CD 08]
2012-07-30 - Marcel Dettmann - CLR Podcast 179,https://www.mixesdb.com/w/2012-07-30_-_Marcel_Dettmann_-_CLR_Podcast_179,,8,24,Staffan Linzatti,Prophet Of Regret [Stockholm - STHLM LTD 023],Staffan Linzatti - Prophet Of Regret [Stockholm - STHLM LTD 023]
2012-07-30 - Marcel Dettmann - CLR Podcast 179,https://www.mixesdb.com/w/2012-07-30_-_Marcel_Dettmann_-_CLR_Podcast_179,,9,29,Robert Hood,Drive (The Age Of Automation),Robert Hood - Drive (The Age Of Automation)
2012-07-30 - Marcel Dettmann - CLR Podcast 179,https://www.mixesdb.com/w/2012-07-30_-_Marcel_Dettmann_-_CLR_Podcast_179,,10,33,Shed,Silent Witness [50Weapons - The Killer LP],Shed - Silent Witness [50Weapons - The Killer LP]
2012-07-30 - Marcel Dettmann - CLR Podcast 179,https://www.mixesdb.com/w/2012-07-30_-_Marcel_Dettmann_-_CLR_Podcast_179,,11,36,,?,?
2012-07-30 - Marcel Dettmann - CLR Podcast 179,https://www.mixesdb.com/w/2012-07-30_-_Marcel_Dettmann_-_CLR_Podcast_179,,12,40,Terence Dixon,Escape,Terence Dixon - Escape
2012-07-30 - Marcel Dettmann - CLR Podcast 179,https://www.mixesdb.com/w/2012-07-30_-_Marcel_Dettmann_-_CLR_Podcast_179,,13,43,DAF,Brothers (Mix Gabi) [Strut - 091CDX],DAF - Brothers (Mix Gabi) [Strut - 091CDX]
2012-07-30 - Marcel Dettmann - CLR Podcast 179,https://www.mixesdb.com/w/2012-07-30_-_Marcel_Dettmann_-_CLR_Podcast_179,,14,47,,?,?
2012-07-30 - Marcel Dettmann - CLR Podcast 179,https://www.mixesdb.com/w/2012-07-30_-_Marcel_Dettmann_-_CLR_Podcast_179,,15,51,Answer Code Request,Main Mode,Answer Code Request - Main Mode
2012-07-30 - Marcel Dettmann - CLR Podcast 179,https://www.mixesdb.com/w/2012-07-30_-_Marcel_Dettmann_-_CLR_Podcast_179,,16,55,Glenn Underground,Escuchame (Super Special Extended Mix) [Superb Entertainment - SUPERB019],Glenn Underground - Escuchame (Super Special Extended Mix) [Superb Entertainment - SUPERB019]
2012-07-30 - Marcel Dettmann - CLR Podcast 179,https://www.mixesdb.com/w/2012-07-30_-_Marcel_Dettmann_-_CLR_Podcast_179,,17,58,Nina Kraviz,Best Friends (DVS1 Raw Version Mix) [Unreleased],Nina Kraviz - Best Friends (DVS1 Raw Version Mix) [Unreleased]
2012-07-30 - Marcel Dettmann - CLR Podcast 179,https://www.mixesdb.com/w/2012-07-30_-_Marcel_Dettmann_-_CLR_Podcast_179,,18,63,VVV,Medal,VVV - Medal
2012-07-30 - Marcel Dettmann - CLR Podcast 179,https://www.mixesdb.com/w/2012-07-30_-_Marcel_Dettmann_-_CLR_Podcast_179,,19,67,Answer Code Request,Mikro [MDR The Host EP],Answer Code Request - Mikro [MDR The Host EP]
2008-11-15 - Marcel Dettmann @ I Love Techno,https://www.mixesdb.com/w/2008-11-15_-_Marcel_Dettmann_@_I_Love_Techno,Version 1,1,,Modeselektor,The Black Block (Marcel Dettmann Redefinition) [BPitch Control 184],Modeselektor - The Black Block (Marcel Dettmann Redefinition) [BPitch Control 184]
2008-11-15 - Marcel Dettmann @ I Love Techno,https://www.mixesdb.com/w/2008-11-15_-_Marcel_Dettmann_@_I_Love_Techno,Version 1,2,,Peter Van Hoesen,Casual Care [Time 2 Express 002],Peter Van Hoesen - Casual Care [Time 2 Express 002]
2008-11-15 - Marcel Dettmann @ I Love Techno,https://www.mixesdb.com/w/2008-11-15_-_Marcel_Dettmann_@_I_Love_Techno,Version 1,3,,Rolando,Where Were You? [Delsin 073],Rolando - Where Were You? [Delsin 073]
2008-11-15 - Marcel Dettmann @ I Love Techno,https://www.mixesdb.com/w/2008-11-15_-_Marcel_Dettmann_@_I_Love_Techno,Version 1,4,,,Kevin Gorman Seven Eight Nine (Marcel Dettmann Remix),Kevin Gorman Seven Eight Nine (Marcel Dettmann Remix)
2008-11-15 - Marcel Dettmann @ I Love Techno,https://www.mixesdb.com/w/2008-11-15_-_Marcel_Dettmann_@_I_Love_Techno,Version 1,5,,Ben Klock,Pulse [Klockworks 004],Ben Klock - Pulse [Klockworks 004]
2008-11-15 - Marcel Dettmann @ I Love Techno,https://www.mixesdb.com/w/2008-11-15_-_Marcel_Dettmann_@_I_Love_Techno,Version 1,6,,Gowentgone,M.A.M. (Marcel Dettmann Remix),Gowentgone - M.A.M. (Marcel Dettmann Remix)
2008-11-15 - Marcel Dettmann @ I Love Techno,https://www.mixesdb.com/w/2008-11-15_-_Marcel_Dettmann_@_I_Love_Techno,Version 1,7,,Matthew Styles,We Said Nothing [DNP 008],Matthew Styles - We Said Nothing [DNP 008]
2008-11-15 - Marcel Dettmann @ I Love Techno,https://www.mixesdb.com/w/2008-11-15_-_Marcel_Dettmann_@_I_Love_Techno,Version 1,8,,Tadeo,4 [NET 28 001.1],Tadeo - 4 [NET 28 001.1]
2008-11-15 - Marcel Dettmann @ I Love Techno,https://www.mixesdb.com/w/2008-11-15_-_Marcel_Dettmann_@_I_Love_Techno,Version 1,9,,Planetary Assault Systems,Mod [Figure 016],Planetary Assault Systems - Mod [Figure 016]
2008-11-15 - Marcel Dettmann @ I Love Techno,https://www.mixesdb.com/w/2008-11-15_-_Marcel_Dettmann_@_I_Love_Techno,Version 1,10,,Damon Wild,Kabuki [Synewave 067],Damon Wild - Kabuki [Synewave 067]
2008-11-15 - Marcel Dettmann @ I Love Techno,https://www.mixesdb.com/w/2008-11-15_-_Marcel_Dettmann_@_I_Love_Techno,Version 1,11,,Loco Dice,Tight Laces (Marcel Dettmann Resonse 2) [Desolat 7DPRMX 002],Loco Dice - Tight Laces (Marcel Dettmann Resonse 2) [Desolat 7DPRMX 002]
2008-11-15 - Marcel Dettmann @ I Love Techno,https://www.mixesdb.com/w/2008-11-15_-_Marcel_Dettmann_@_I_Love_Techno,Version 1,12,,Âme / H. Schwarz / Dixon,D.P.O.M.B. (Version 1) [Innervisions 017],Âme / H. Schwarz / Dixon - D.P.O.M.B. (Version 1) [Innervisions 017]
2008-11-15 - Marcel Dettmann @ I Love Techno,https://www.mixesdb.com/w/2008-11-15_-_Marcel_Dettmann_@_I_Love_Techno,Version 1,13,,Je Davu,Platzhirsch LTD. 009,Je Davu - Platzhirsch LTD. 009
2008-11-15 - Marcel Dettmann @ I Love Techno,https://www.mixesdb.com/w/2008-11-15_-_Marcel_Dettmann_@_I_Love_Techno,Version 1,14,,Spokesman,Acid Creak (Pierre's Reconstruction Mix) [X Stream 002],Spokesman - Acid Creak (Pierre's Reconstruction Mix) [X Stream 002]
2008-11-15 - Marcel Dettmann @ I Love Techno,https://www.mixesdb.com/w/2008-11-15_-_Marcel_Dettmann_@_I_Love_Techno,Version 1,15,,K. Hand,These Sounds Lead The Way [Gorsch 101],K. Hand - These Sounds Lead The Way [Gorsch 101]
2008-11-15 - Marcel Dettmann @ I Love Techno,https://www.mixesdb.com/w/2008-11-15_-_Marcel_Dettmann_@_I_Love_Techno,Version 1,16,,Marcel Dettmann,Lattice [MDR 004],Marcel Dettmann - Lattice [MDR 004]
2008-11-15 - Marcel Dettmann @ I Love Techno,https://www.mixesdb.com/w/2008-11-15_-_Marcel_Dettmann_@_I_Love_Techno,Version 1,17,,Circuit Breaker,Friend [Probe 030],Circuit Breaker - Friend [Probe 030]
2008-11-15 - Marcel Dettmann @ I Love Techno,https://www.mixesdb.com/w/2008-11-15_-_Marcel_Dettmann_@_I_Love_Techno,Version 1,18,,Dettmann/Klock,Scenario [Ostgut Ton 011],Dettmann/Klock - Scenario [Ostgut Ton 011]
2008-11-15 - Marcel Dettmann @ I Love Techno,https://www.mixesdb.com/w/2008-11-15_-_Marcel_Dettmann_@_I_Love_Techno,Version 1,19,,Deetron,Let's Get Over It (Marcel Dettmann Remix) [Music Man 141],Deetron - Let's Get Over It (Marcel Dettmann Remix) [Music Man 141]
2008-11-15 - Marcel Dettmann @ I Love Techno,https://www.mixesdb.com/w/2008-11-15_-_Marcel_Dettmann_@_I_Love_Techno,Version 1,20,,Ø (Phase),Ryder's Return [Token 007],Ø (Phase) - Ryder's Return [Token 007]
2008-11-15 - Marcel Dettmann @ I Love Techno,https://www.mixesdb.com/w/2008-11-15_-_Marcel_Dettmann_@_I_Love_Techno,Version 1,21,,Marcel Dettmann,Plain [Beatstreet 003],Marcel Dettmann - Plain [Beatstreet 003]
2008-11-15 - Marcel Dettmann @ I Love Techno,https://www.mixesdb.com/w/2008-11-15_-_Marcel_Dettmann_@_I_Love_Techno,Version 1,22,,Bam Bam,I Get A Rush [Westbrook 130],Bam Bam - I Get A Rush [Westbrook 130]
2008-11-15 - Marcel Dettmann @ I Love Techno,https://www.mixesdb.com/w/2008-11-15_-_Marcel_Dettmann_@_I_Love_Techno,Version 2,1,,Je Davu,Platzhirsch [LTD. - 009],Je Davu - Platzhirsch [LTD. - 009]
2008-11-15 - Marcel Dettmann @ I Love Techno,https://www.mixesdb.com/w/2008-11-15_-_Marcel_Dettmann_@_I_Love_Techno,Version 2,2,,Spokesman,Acid Creak (Pierre's Reconstruction Mix) [X Stream - 002],Spokesman - Acid Creak (Pierre's Reconstruction Mix) [X Stream - 002]
2008-11-15 - Marcel Dettmann @ I Love Techno,https://www.mixesdb.com/w/2008-11-15_-_Marcel_Dettmann_@_I_Love_Techno,Version 2,3,,K Hand,These Sounds Lead The Way [Gorsch - 101],K Hand - These Sounds Lead The Way [Gorsch - 101]
2008-11-15 - Marcel Dettmann @ I Love Techno,https://www.mixesdb.com/w/2008-11-15_-_Marcel_Dettmann_@_I_Love_Techno,Version 2,4,,Marcel Dettmann,Lattice [MDR - 004],Marcel Dettmann - Lattice [MDR - 004]
2008-11-15 - Marcel Dettmann @ I Love Techno,https://www.mixesdb.com/w/2008-11-15_-_Marcel_Dettmann_@_I_Love_Techno,Version 2,5,,Circuit Breaker,Friend [Probe - 030],Circuit Breaker - Friend [Probe - 030]
2008-11-15 - Marcel Dettmann @ I Love Techno,https://www.mixesdb.com/w/2008-11-15_-_Marcel_Dettmann_@_I_Love_Techno,Version 2,6,,Dettmann / Klock,Scenario [Ostgut Ton - 011],Dettmann / Klock - Scenario [Ostgut Ton - 011]
2008-11-15 - Marcel Dettmann @ I Love Techno,https://www.mixesdb.com/w/2008-11-15_-_Marcel_Dettmann_@_I_Love_Techno,Version 2,7,,Deetron,Let's Get Over It (Marcel Dettmann Remix) [Music Man - 141],Deetron - Let's Get Over It (Marcel Dettmann Remix) [Music Man - 141]
2008-11-15 - Marcel Dettmann @ I Love Techno,https://www.mixesdb.com/w/2008-11-15_-_Marcel_Dettmann_@_I_Love_Techno,Version 2,8,,Ø (Phase),Ryder's Return [Token - 007],Ø (Phase) - Ryder's Return [Token - 007]
2014-04-19 - Marcel Dettmann - Essential Mix,https://www.mixesdb.com/w/2014-04-19_-_Marcel_Dettmann_-_Essential_Mix,,1,000,,Intro,Intro
2014-04-19 - Marcel Dettmann - Essential Mix,https://www.mixesdb.com/w/2014-04-19_-_Marcel_Dettmann_-_Essential_Mix,,2,004,Area Forty One,Reminiscence [Delsin - DSR-E 3],Area Forty One - Reminiscence [Delsin - DSR-E 3]
2014-04-19 - Marcel Dettmann - Essential Mix,https://www.mixesdb.com/w/2014-04-19_-_Marcel_Dettmann_-_Essential_Mix,,3,008,L.B. Dub Corp Feat. Benjamin Zephaniah,Take A Ride [Ostgut Ton - OSTGUT CD 029],L.B. Dub Corp Feat. Benjamin Zephaniah - Take A Ride [Ostgut Ton - OSTGUT CD 029]
2014-04-19 - Marcel Dettmann - Essential Mix,https://www.mixesdb.com/w/2014-04-19_-_Marcel_Dettmann_-_Essential_Mix,,4,012,Conforce,Abundance Of Selves [Delsin],Conforce - Abundance Of Selves [Delsin]
2014-04-19 - Marcel Dettmann - Essential Mix,https://www.mixesdb.com/w/2014-04-19_-_Marcel_Dettmann_-_Essential_Mix,,5,020,Tobias Freund,Fast Null [Ostgut Ton],Tobias Freund - Fast Null [Ostgut Ton]
2014-04-19 - Marcel Dettmann - Essential Mix,https://www.mixesdb.com/w/2014-04-19_-_Marcel_Dettmann_-_Essential_Mix,,6,022,Rolando,Time Adjustment [Roland Rocha],Rolando - Time Adjustment [Roland Rocha]
2014-04-19 - Marcel Dettmann - Essential Mix,https://www.mixesdb.com/w/2014-04-19_-_Marcel_Dettmann_-_Essential_Mix,,7,025,Reade Truth,Blessings Of Luh [N S Y D E],Reade Truth - Blessings Of Luh [N S Y D E]
2014-04-19 - Marcel Dettmann - Essential Mix,https://www.mixesdb.com/w/2014-04-19_-_Marcel_Dettmann_-_Essential_Mix,,8,030,Prince Of Denmark,Your Body [Forum],Prince Of Denmark - Your Body [Forum]
2014-04-19 - Marcel Dettmann - Essential Mix,https://www.mixesdb.com/w/2014-04-19_-_Marcel_Dettmann_-_Essential_Mix,,9,036,Planetary Assault Systems,Riot In Silo 12 [Mote Evolver - MOTE 038D],Planetary Assault Systems - Riot In Silo 12 [Mote Evolver - MOTE 038D]
2014-04-19 - Marcel Dettmann - Essential Mix,https://www.mixesdb.com/w/2014-04-19_-_Marcel_Dettmann_-_Essential_Mix,,10,039,Physical Therapy,Million Years Crushed (Norman Nodge Remix) [Allergy Season - ALLERGYFREE 002D],Physical Therapy - Million Years Crushed (Norman Nodge Remix) [Allergy Season - ALLERGYFREE 002D]
2014-04-19 - Marcel Dettmann - Essential Mix,https://www.mixesdb.com/w/2014-04-19_-_Marcel_Dettmann_-_Essential_Mix,,11,042,Ø [Phase],Self Deceit [Token - 33D],Ø [Phase] - Self Deceit [Token - 33D]
2014-04-19 - Marcel Dettmann - Essential Mix,https://www.mixesdb.com/w/2014-04-19_-_Marcel_Dettmann_-_Essential_Mix,,12,045,Laibach,Eurovision (Torul Remix) [Mute],Laibach - Eurovision (Torul Remix) [Mute]
2014-04-19 - Marcel Dettmann - Essential Mix,https://www.mixesdb.com/w/2014-04-19_-_Marcel_Dettmann_-_Essential_Mix,,13,050,Esteban Adame,Rise & Shine [EPM],Esteban Adame - Rise & Shine [EPM]
2014-04-19 - Marcel Dettmann - Essential Mix,https://www.mixesdb.com/w/2014-04-19_-_Marcel_Dettmann_-_Essential_Mix,,14,054,Clark,Superscope [Warp - WAP 363D],Clark - Superscope [Warp - WAP 363D]
2014-04-19 - Marcel Dettmann - Essential Mix,https://www.mixesdb.com/w/2014-04-19_-_Marcel_Dettmann_-_Essential_Mix,,15,059,Dario Zenker,WM2 [The Trilogy Tapes - 024],Dario Zenker - WM2 [The Trilogy Tapes - 024]
2014-04-19 - Marcel Dettmann - Essential Mix,https://www.mixesdb.com/w/2014-04-19_-_Marcel_Dettmann_-_Essential_Mix,,16,063,Joey Anderson,Come Behind The Tree [Syncrophone],Joey Anderson - Come Behind The Tree [Syncrophone]
2014-04-19 - Marcel Dettmann - Essential Mix,https://www.mixesdb.com/w/2014-04-19_-_Marcel_Dettmann_-_Essential_Mix,,17,067,Marcel Dettmann,Apron (PAS Tubed Mix 2) [Marcel Dettmann Records - 013],Marcel Dettmann - Apron (PAS Tubed Mix 2) [Marcel Dettmann Records - 013]
2014-04-19 - Marcel Dettmann - Essential Mix,https://www.mixesdb.com/w/2014-04-19_-_Marcel_Dettmann_-_Essential_Mix,,18,071,Kobosil,Path [Marcel Dettmann - MDR 010],Kobosil - Path [Marcel Dettmann - MDR 010]
2014-04-19 - Marcel Dettmann - Essential Mix,https://www.mixesdb.com/w/2014-04-19_-_Marcel_Dettmann_-_Essential_Mix,,19,073,Marcel Dettmann,Seduction (Anthony Parasole Remix) [Ostgut Ton],Marcel Dettmann - Seduction (Anthony Parasole Remix) [Ostgut Ton]
2014-04-19 - Marcel Dettmann - Essential Mix,https://www.mixesdb.com/w/2014-04-19_-_Marcel_Dettmann_-_Essential_Mix,,20,0?6,Marco Shuttle,Sing Like A Bird [Time To Express],Marco Shuttle - Sing Like A Bird [Time To Express]
2014-04-19 - Marcel Dettmann - Essential Mix,https://www.mixesdb.com/w/2014-04-19_-_Marcel_Dettmann_-_Essential_Mix,,21,081,Mike Storm & GRG,Rainy Mondays [Orbis - ASG_OR 011],Mike Storm & GRG - Rainy Mondays [Orbis - ASG_OR 011]
2014-04-19 - Marcel Dettmann - Essential Mix,https://www.mixesdb.com/w/2014-04-19_-_Marcel_Dettmann_-_Essential_Mix,,22,084,L.B. Dub Corp,Nearly Africa [Ostgut Ton - OSTGUT CD 029],L.B. Dub Corp - Nearly Africa [Ostgut Ton - OSTGUT CD 029]
2014-04-19 - Marcel Dettmann - Essential Mix,https://www.mixesdb.com/w/2014-04-19_-_Marcel_Dettmann_-_Essential_Mix,,23,088,Crystal Maze,Orchidea Nera [Echovolt],Crystal Maze - Orchidea Nera [Echovolt]
2014-04-19 - Marcel Dettmann - Essential Mix,https://www.mixesdb.com/w/2014-04-19_-_Marcel_Dettmann_-_Essential_Mix,,24,095,Dillon,A Matter Of Time (Marcel Dettmann Remix) [Bpitch Control - BPC290],Dillon - A Matter Of Time (Marcel Dettmann Remix) [Bpitch Control - BPC290]
2014-04-19 - Marcel Dettmann - Essential Mix,https://www.mixesdb.com/w/2014-04-19_-_Marcel_Dettmann_-_Essential_Mix,,25,100,XDB,Ganivon (Answer Code Request Remix) [Dolly - 17],XDB - Ganivon (Answer Code Request Remix) [Dolly - 17]
2014-04-19 - Marcel Dettmann - Essential Mix,https://www.mixesdb.com/w/2014-04-19_-_Marcel_Dettmann_-_Essential_Mix,,26,104,Staffan Linzatti,View From The Collapsing Centre [Balans Holland],Staffan Linzatti - View From The Collapsing Centre [Balans Holland]
2014-04-19 - Marcel Dettmann - Essential Mix,https://www.mixesdb.com/w/2014-04-19_-_Marcel_Dettmann_-_Essential_Mix,,27,110,Orlando Voorn,Gain Upwards [White],Orlando Voorn - Gain Upwards [White]
2014-04-19 - Marcel Dettmann - Essential Mix,https://www.mixesdb.com/w/2014-04-19_-_Marcel_Dettmann_-_Essential_Mix,,28,113,Louis Haiman,Ghost Of Gratiot [Plaza In Crowd],Louis Haiman - Ghost Of Gratiot [Plaza In Crowd]
"2009-06-06 - Ben Klock, Marcel Dettmann @ Free Your Mind Festival, NL","https://www.mixesdb.com/w/2009-06-06_-_Ben_Klock,_Marcel_Dettmann_@_Free_Your_Mind_Festival,_NL",,1,,,?,?
"2009-06-06 - Ben Klock, Marcel Dettmann @ Free Your Mind Festival, NL","https://www.mixesdb.com/w/2009-06-06_-_Ben_Klock,_Marcel_Dettmann_@_Free_Your_Mind_Festival,_NL",,2,,Marc Romboy vs. Chelonis R. Jones,The Beat (Robert Hood Remix) [Systematic - SYST0008-3],Marc Romboy vs. Chelonis R. Jones - The Beat (Robert Hood Remix) [Systematic - SYST0008-3]
"2009-06-06 - Ben Klock, Marcel Dettmann @ Free Your Mind Festival, NL","https://www.mixesdb.com/w/2009-06-06_-_Ben_Klock,_Marcel_Dettmann_@_Free_Your_Mind_Festival,_NL",,3,,Ben Klock feat. Elif Biçer,Goodly Sin (Robert Hood Remix) [Ostgut Ton – o-ton26],Ben Klock feat. Elif Biçer - Goodly Sin (Robert Hood Remix) [Ostgut Ton – o-ton26]
"2009-06-06 - Ben Klock, Marcel Dettmann @ Free Your Mind Festival, NL","https://www.mixesdb.com/w/2009-06-06_-_Ben_Klock,_Marcel_Dettmann_@_Free_Your_Mind_Festival,_NL",,4,,Levon Vincent,Solemn Days [Deconstruct - DEC-02],Levon Vincent - Solemn Days [Deconstruct - DEC-02]
"2009-06-06 - Ben Klock, Marcel Dettmann @ Free Your Mind Festival, NL","https://www.mixesdb.com/w/2009-06-06_-_Ben_Klock,_Marcel_Dettmann_@_Free_Your_Mind_Festival,_NL",,5,,Rossella,28 [Net28 - NET2804.1],Rossella - 28 [Net28 - NET2804.1]
"2009-06-06 - Ben Klock, Marcel Dettmann @ Free Your Mind Festival, NL","https://www.mixesdb.com/w/2009-06-06_-_Ben_Klock,_Marcel_Dettmann_@_Free_Your_Mind_Festival,_NL",,6,,Scuba,Hundreds And Thousands [Hotflush - 022],Scuba - Hundreds And Thousands [Hotflush - 022]
"2009-06-06 - Ben Klock, Marcel Dettmann @ Free Your Mind Festival, NL","https://www.mixesdb.com/w/2009-06-06_-_Ben_Klock,_Marcel_Dettmann_@_Free_Your_Mind_Festival,_NL",,7,,Bill Youngman,Cells Regenerate (Hanno Hinkelbein Rmx) [Null - 0.18],Bill Youngman - Cells Regenerate (Hanno Hinkelbein Rmx) [Null - 0.18]
"2009-06-06 - Ben Klock, Marcel Dettmann @ Free Your Mind Festival, NL","https://www.mixesdb.com/w/2009-06-06_-_Ben_Klock,_Marcel_Dettmann_@_Free_Your_Mind_Festival,_NL",,8,,DVS1,Running [Klockworks - KW 05],DVS1 - Running [Klockworks - KW 05]
"2009-06-06 - Ben Klock, Marcel Dettmann @ Free Your Mind Festival, NL","https://www.mixesdb.com/w/2009-06-06_-_Ben_Klock,_Marcel_Dettmann_@_Free_Your_Mind_Festival,_NL",,9,,Deuce,Cue Ed [Ostgut Ton – o-ton25],Deuce - Cue Ed [Ostgut Ton – o-ton25]
"2009-06-06 - Ben Klock, Marcel Dettmann @ Free Your Mind Festival, NL","https://www.mixesdb.com/w/2009-06-06_-_Ben_Klock,_Marcel_Dettmann_@_Free_Your_Mind_Festival,_NL",,10,,Planetary Assault Systems,Enter Action [Ostgut Ton – OSTGUTCD09],Planetary Assault Systems - Enter Action [Ostgut Ton – OSTGUTCD09]
"2009-06-06 - Ben Klock, Marcel Dettmann @ Free Your Mind Festival, NL","https://www.mixesdb.com/w/2009-06-06_-_Ben_Klock,_Marcel_Dettmann_@_Free_Your_Mind_Festival,_NL",,11,,Marco Carola,Danger [One Thousand Records - LP1],Marco Carola - Danger [One Thousand Records - LP1]
"2009-06-06 - Ben Klock, Marcel Dettmann @ Free Your Mind Festival, NL","https://www.mixesdb.com/w/2009-06-06_-_Ben_Klock,_Marcel_Dettmann_@_Free_Your_Mind_Festival,_NL",,12,,Jacek Sienkiewicz,"Connections [Cocoon Recordings - COR12""060]","Jacek Sienkiewicz - Connections [Cocoon Recordings - COR12""060]"
"2009-06-06 - Ben Klock, Marcel Dettmann @ Free Your Mind Festival, NL","https://www.mixesdb.com/w/2009-06-06_-_Ben_Klock,_Marcel_Dettmann_@_Free_Your_Mind_Festival,_NL",,13,,Je Dàvu,I Zebra (Raw Meat Techno Edit) [Platzhirsch Schallplatten - PLATZHIRSCH LTD #9],Je Dàvu - I Zebra (Raw Meat Techno Edit) [Platzhirsch Schallplatten - PLATZHIRSCH LTD #9]
"2009-06-06 - Ben Klock, Marcel Dettmann @ Free Your Mind Festival, NL","https://www.mixesdb.com/w/2009-06-06_-_Ben_Klock,_Marcel_Dettmann_@_Free_Your_Mind_Festival,_NL",,14,,Shlomi Aber & Kenny Larkin,Sketches (Kenny Larkin Version) [Be As One - 018],Shlomi Aber & Kenny Larkin - Sketches (Kenny Larkin Version) [Be As One - 018]
"2009-06-06 - Ben Klock, Marcel Dettmann @ Free Your Mind Festival, NL","https://www.mixesdb.com/w/2009-06-06_-_Ben_Klock,_Marcel_Dettmann_@_Free_Your_Mind_Festival,_NL",,15,,Klockworks,Onyx [Klockworks - 02],Klockworks - Onyx [Klockworks - 02]
"2009-06-06 - Ben Klock, Marcel Dettmann @ Free Your Mind Festival, NL","https://www.mixesdb.com/w/2009-06-06_-_Ben_Klock,_Marcel_Dettmann_@_Free_Your_Mind_Festival,_NL",,16,,,? (unknown subzero remix),? (unknown subzero remix)
"2009-06-06 - Ben Klock, Marcel Dettmann @ Free Your Mind Festival, NL","https://www.mixesdb.com/w/2009-06-06_-_Ben_Klock,_Marcel_Dettmann_@_Free_Your_Mind_Festival,_NL",,17,,Junior Boys,Work (Marcel Dettmann Mix) [Philomena - 03],Junior Boys - Work (Marcel Dettmann Mix) [Philomena - 03]
"2009-06-06 - Ben Klock, Marcel Dettmann @ Free Your Mind Festival, NL","https://www.mixesdb.com/w/2009-06-06_-_Ben_Klock,_Marcel_Dettmann_@_Free_Your_Mind_Festival,_NL",,18,,Rolando,Running [Saved Records - SVALB02A],Rolando - Running [Saved Records - SVALB02A]
"2009-06-06 - Ben Klock, Marcel Dettmann @ Free Your Mind Festival, NL","https://www.mixesdb.com/w/2009-06-06_-_Ben_Klock,_Marcel_Dettmann_@_Free_Your_Mind_Festival,_NL",,19,,Robert Hood,School [Music Man Records – MM 127],Robert Hood – School [Music Man Records – MM 127]
"2009-06-06 - Ben Klock, Marcel Dettmann @ Free Your Mind Festival, NL","https://www.mixesdb.com/w/2009-06-06_-_Ben_Klock,_Marcel_Dettmann_@_Free_Your_Mind_Festival,_NL",,20,,Planetary Assault Systems,Hold It [Ostgut Ton - OSTGUTCD09],Planetary Assault Systems - Hold It [Ostgut Ton - OSTGUTCD09]
"2009-06-06 - Ben Klock, Marcel Dettmann @ Free Your Mind Festival, NL","https://www.mixesdb.com/w/2009-06-06_-_Ben_Klock,_Marcel_Dettmann_@_Free_Your_Mind_Festival,_NL",,21,,Scuba,Hundreds And Thousands [Hotflush - HF022],Scuba - Hundreds And Thousands [Hotflush - HF022]
"2009-06-06 - Ben Klock, Marcel Dettmann @ Free Your Mind Festival, NL","https://www.mixesdb.com/w/2009-06-06_-_Ben_Klock,_Marcel_Dettmann_@_Free_Your_Mind_Festival,_NL",,22,,K-Hand,These Sounds Lead The Way [Gorsch - 101G],K-Hand - These Sounds Lead The Way [Gorsch - 101G]
"2009-06-06 - Ben Klock, Marcel Dettmann @ Free Your Mind Festival, NL","https://www.mixesdb.com/w/2009-06-06_-_Ben_Klock,_Marcel_Dettmann_@_Free_Your_Mind_Festival,_NL",,23,,Deuce,Twerp Wiz [Ostgut Ton – o-ton25],Deuce - Twerp Wiz [Ostgut Ton – o-ton25]
"2009-06-06 - Ben Klock, Marcel Dettmann @ Free Your Mind Festival, NL","https://www.mixesdb.com/w/2009-06-06_-_Ben_Klock,_Marcel_Dettmann_@_Free_Your_Mind_Festival,_NL",,24,,,?,?
"2009-06-06 - Ben Klock, Marcel Dettmann @ Free Your Mind Festival, NL","https://www.mixesdb.com/w/2009-06-06_-_Ben_Klock,_Marcel_Dettmann_@_Free_Your_Mind_Festival,_NL",,25,,Mike Dehnert,Brauchbar [Fachwerk – FW 007],Mike Dehnert - Brauchbar [Fachwerk – FW 007]
"2009-06-06 - Ben Klock, Marcel Dettmann @ Free Your Mind Festival, NL","https://www.mixesdb.com/w/2009-06-06_-_Ben_Klock,_Marcel_Dettmann_@_Free_Your_Mind_Festival,_NL",,26,,Damon Wild,Kabuki [Synewave – SW67],Damon Wild - Kabuki [Synewave – SW67]
"2009-06-06 - Ben Klock, Marcel Dettmann @ Free Your Mind Festival, NL","https://www.mixesdb.com/w/2009-06-06_-_Ben_Klock,_Marcel_Dettmann_@_Free_Your_Mind_Festival,_NL",,27,,,?,?
"2009-06-06 - Ben Klock, Marcel Dettmann @ Free Your Mind Festival, NL","https://www.mixesdb.com/w/2009-06-06_-_Ben_Klock,_Marcel_Dettmann_@_Free_Your_Mind_Festival,_NL",,28,,,?,?
"2009-06-06 - Ben Klock, Marcel Dettmann @ Free Your Mind Festival, NL","https://www.mixesdb.com/w/2009-06-06_-_Ben_Klock,_Marcel_Dettmann_@_Free_Your_Mind_Festival,_NL",,29,,TronikHouse,Up Tempo (Original Mix) [KMS – KMS-036],TronikHouse – Up Tempo (Original Mix) [KMS – KMS-036]
"2009-06-06 - Ben Klock, Marcel Dettmann @ Free Your Mind Festival, NL","https://www.mixesdb.com/w/2009-06-06_-_Ben_Klock,_Marcel_Dettmann_@_Free_Your_Mind_Festival,_NL",,30,,Shed,Another Wedged Chicken (Martyn's 131 Remix) [Ostgut Ton – o-ton20],Shed – Another Wedged Chicken (Martyn's 131 Remix) [Ostgut Ton – o-ton20]
"2009-06-06 - Ben Klock, Marcel Dettmann @ Free Your Mind Festival, NL","https://www.mixesdb.com/w/2009-06-06_-_Ben_Klock,_Marcel_Dettmann_@_Free_Your_Mind_Festival,_NL",,31,,,? (unknown fever ray remix),? (unknown fever ray remix)
"2009-06-06 - Ben Klock, Marcel Dettmann @ Free Your Mind Festival, NL","https://www.mixesdb.com/w/2009-06-06_-_Ben_Klock,_Marcel_Dettmann_@_Free_Your_Mind_Festival,_NL",,32,,,?,?
"2009-06-06 - Ben Klock, Marcel Dettmann @ Free Your Mind Festival, NL","https://www.mixesdb.com/w/2009-06-06_-_Ben_Klock,_Marcel_Dettmann_@_Free_Your_Mind_Festival,_NL",,33,,Santiago Salazar,Arcade [Macro - MACRO M11],Santiago Salazar - Arcade [Macro - MACRO M11]
"2026-06-20 - Gerd Janson b2b Marcel Dettmann @ Sónar, Fira Gran Via, Barcelona","https://www.mixesdb.com/w/2026-06-20_-_Gerd_Janson_b2b_Marcel_Dettmann_@_S%C3%B3nar,_Fira_Gran_Via,_Barcelona",,1,00,X-101,Rave New World [Tresor],X-101 - Rave New World [Tresor]
"2026-06-20 - Gerd Janson b2b Marcel Dettmann @ Sónar, Fira Gran Via, Barcelona","https://www.mixesdb.com/w/2026-06-20_-_Gerd_Janson_b2b_Marcel_Dettmann_@_S%C3%B3nar,_Fira_Gran_Via,_Barcelona",,2,04,Brian Harden,Play Time [Chiwax],Brian Harden - Play Time [Chiwax]
"2026-06-20 - Gerd Janson b2b Marcel Dettmann @ Sónar, Fira Gran Via, Barcelona","https://www.mixesdb.com/w/2026-06-20_-_Gerd_Janson_b2b_Marcel_Dettmann_@_S%C3%B3nar,_Fira_Gran_Via,_Barcelona",,3,07,Kerri Chandler,Kerri KAOZ Beat (Acetate Instrumental),Kerri Chandler - Kerri KAOZ Beat (Acetate Instrumental)
"2026-06-20 - Gerd Janson b2b Marcel Dettmann @ Sónar, Fira Gran Via, Barcelona","https://www.mixesdb.com/w/2026-06-20_-_Gerd_Janson_b2b_Marcel_Dettmann_@_S%C3%B3nar,_Fira_Gran_Via,_Barcelona",,4,13,Audio State,Rave District [Planet Rhythm],Audio State - Rave District [Planet Rhythm]
"2026-06-20 - Gerd Janson b2b Marcel Dettmann @ Sónar, Fira Gran Via, Barcelona","https://www.mixesdb.com/w/2026-06-20_-_Gerd_Janson_b2b_Marcel_Dettmann_@_S%C3%B3nar,_Fira_Gran_Via,_Barcelona",,5,16,Planetary Assault Systems,Lynx [Ostgut Ton],Planetary Assault Systems - Lynx [Ostgut Ton]
"2026-06-20 - Gerd Janson b2b Marcel Dettmann @ Sónar, Fira Gran Via, Barcelona","https://www.mixesdb.com/w/2026-06-20_-_Gerd_Janson_b2b_Marcel_Dettmann_@_S%C3%B3nar,_Fira_Gran_Via,_Barcelona",,6,21,,?,?
"2026-06-20 - Gerd Janson b2b Marcel Dettmann @ Sónar, Fira Gran Via, Barcelona","https://www.mixesdb.com/w/2026-06-20_-_Gerd_Janson_b2b_Marcel_Dettmann_@_S%C3%B3nar,_Fira_Gran_Via,_Barcelona",,7,25,Slam,Human [Soma],Slam - Human [Soma]
"2026-06-20 - Gerd Janson b2b Marcel Dettmann @ Sónar, Fira Gran Via, Barcelona","https://www.mixesdb.com/w/2026-06-20_-_Gerd_Janson_b2b_Marcel_Dettmann_@_S%C3%B3nar,_Fira_Gran_Via,_Barcelona",,8,30,,?,?
"2026-06-20 - Gerd Janson b2b Marcel Dettmann @ Sónar, Fira Gran Via, Barcelona","https://www.mixesdb.com/w/2026-06-20_-_Gerd_Janson_b2b_Marcel_Dettmann_@_S%C3%B3nar,_Fira_Gran_Via,_Barcelona",,9,34,Terrence Dixon,Reporting From Detroit,Terrence Dixon - Reporting From Detroit
"2026-06-20 - Gerd Janson b2b Marcel Dettmann @ Sónar, Fira Gran Via, Barcelona","https://www.mixesdb.com/w/2026-06-20_-_Gerd_Janson_b2b_Marcel_Dettmann_@_S%C3%B3nar,_Fira_Gran_Via,_Barcelona",,10,37,Samuel L. Session,Tribe Cut,Samuel L. Session - Tribe Cut
"2026-06-20 - Gerd Janson b2b Marcel Dettmann @ Sónar, Fira Gran Via, Barcelona","https://www.mixesdb.com/w/2026-06-20_-_Gerd_Janson_b2b_Marcel_Dettmann_@_S%C3%B3nar,_Fira_Gran_Via,_Barcelona",,11,40,,?,?
"2026-06-20 - Gerd Janson b2b Marcel Dettmann @ Sónar, Fira Gran Via, Barcelona","https://www.mixesdb.com/w/2026-06-20_-_Gerd_Janson_b2b_Marcel_Dettmann_@_S%C3%B3nar,_Fira_Gran_Via,_Barcelona",,12,45,Floorplan,Eternal Life [M-Plant],Floorplan - Eternal Life [M-Plant]
"2026-06-20 - Gerd Janson b2b Marcel Dettmann @ Sónar, Fira Gran Via, Barcelona","https://www.mixesdb.com/w/2026-06-20_-_Gerd_Janson_b2b_Marcel_Dettmann_@_S%C3%B3nar,_Fira_Gran_Via,_Barcelona",,13,49,,?,?
"2026-06-20 - Gerd Janson b2b Marcel Dettmann @ Sónar, Fira Gran Via, Barcelona","https://www.mixesdb.com/w/2026-06-20_-_Gerd_Janson_b2b_Marcel_Dettmann_@_S%C3%B3nar,_Fira_Gran_Via,_Barcelona",,14,55,Warehousz,Landlord [Urban Kickz],Warehousz - Landlord [Urban Kickz]
"2026-06-20 - Gerd Janson b2b Marcel Dettmann @ Sónar, Fira Gran Via, Barcelona","https://www.mixesdb.com/w/2026-06-20_-_Gerd_Janson_b2b_Marcel_Dettmann_@_S%C3%B3nar,_Fira_Gran_Via,_Barcelona",,15,59,Steve Rachmad,3 Creation Energy [Dekmantel],Steve Rachmad - 3 Creation Energy [Dekmantel]
"2026-06-20 - Gerd Janson b2b Marcel Dettmann @ Sónar, Fira Gran Via, Barcelona","https://www.mixesdb.com/w/2026-06-20_-_Gerd_Janson_b2b_Marcel_Dettmann_@_S%C3%B3nar,_Fira_Gran_Via,_Barcelona",,16,65,Dylan Fogarty,4AM,Dylan Fogarty - 4AM
"2026-06-20 - Gerd Janson b2b Marcel Dettmann @ Sónar, Fira Gran Via, Barcelona","https://www.mixesdb.com/w/2026-06-20_-_Gerd_Janson_b2b_Marcel_Dettmann_@_S%C3%B3nar,_Fira_Gran_Via,_Barcelona",,17,68,DJ Hell & Mr. G,N*1,DJ Hell & Mr. G - N*1
"2026-06-20 - Gerd Janson b2b Marcel Dettmann @ Sónar, Fira Gran Via, Barcelona","https://www.mixesdb.com/w/2026-06-20_-_Gerd_Janson_b2b_Marcel_Dettmann_@_S%C3%B3nar,_Fira_Gran_Via,_Barcelona",,18,73,Tamburi Neri,Niente Di Personale [Danza Tribale],Tamburi Neri - Niente Di Personale [Danza Tribale]
"2026-06-20 - Gerd Janson b2b Marcel Dettmann @ Sónar, Fira Gran Via, Barcelona","https://www.mixesdb.com/w/2026-06-20_-_Gerd_Janson_b2b_Marcel_Dettmann_@_S%C3%B3nar,_Fira_Gran_Via,_Barcelona",,19,77,Black Labs,Space Bar (Gabriel Ananda Edit) [Soulful Techno],Black Labs - Space Bar (Gabriel Ananda Edit) [Soulful Techno]
"2026-06-20 - Gerd Janson b2b Marcel Dettmann @ Sónar, Fira Gran Via, Barcelona","https://www.mixesdb.com/w/2026-06-20_-_Gerd_Janson_b2b_Marcel_Dettmann_@_S%C3%B3nar,_Fira_Gran_Via,_Barcelona",,20,82,,?,?
"2026-06-20 - Gerd Janson b2b Marcel Dettmann @ Sónar, Fira Gran Via, Barcelona","https://www.mixesdb.com/w/2026-06-20_-_Gerd_Janson_b2b_Marcel_Dettmann_@_S%C3%B3nar,_Fira_Gran_Via,_Barcelona",,21,87,Black Light Smoke,Last Song Before Sunrise [Turbo],Black Light Smoke - Last Song Before Sunrise [Turbo]
"2026-06-20 - Gerd Janson b2b Marcel Dettmann @ Sónar, Fira Gran Via, Barcelona","https://www.mixesdb.com/w/2026-06-20_-_Gerd_Janson_b2b_Marcel_Dettmann_@_S%C3%B3nar,_Fira_Gran_Via,_Barcelona",,22,90,,?,?
"2026-06-20 - Gerd Janson b2b Marcel Dettmann @ Sónar, Fira Gran Via, Barcelona","https://www.mixesdb.com/w/2026-06-20_-_Gerd_Janson_b2b_Marcel_Dettmann_@_S%C3%B3nar,_Fira_Gran_Via,_Barcelona",,23,93,Mark Broom,Don't [Rekids],Mark Broom - Don't [Rekids]
"2026-06-20 - Gerd Janson b2b Marcel Dettmann @ Sónar, Fira Gran Via, Barcelona","https://www.mixesdb.com/w/2026-06-20_-_Gerd_Janson_b2b_Marcel_Dettmann_@_S%C3%B3nar,_Fira_Gran_Via,_Barcelona",,24,95,Speedy J,Rise [Overlast],Speedy J - Rise [Overlast]
"2026-06-20 - Gerd Janson b2b Marcel Dettmann @ Sónar, Fira Gran Via, Barcelona","https://www.mixesdb.com/w/2026-06-20_-_Gerd_Janson_b2b_Marcel_Dettmann_@_S%C3%B3nar,_Fira_Gran_Via,_Barcelona",,25,99,Alden Tyrell & Detroit In Effect,Let Me C U (Techno-Instrumental) [Clone West Coast Series],Alden Tyrell & Detroit In Effect - Let Me C U (Techno-Instrumental) [Clone West Coast Series]
2022-04-07 - Marcel Dettmann @ Boiler Room x Technics x Dommune,https://www.mixesdb.com/w/2022-04-07_-_Marcel_Dettmann_@_Boiler_Room_x_Technics_x_Dommune,,1,01,Israel Vines,Rage Afterever (Further Reductions Mix) [Interdimensional Transmissions - IT 47],Israel Vines - Rage Afterever (Further Reductions Mix) [Interdimensional Transmissions - IT 47]
2022-04-07 - Marcel Dettmann @ Boiler Room x Technics x Dommune,https://www.mixesdb.com/w/2022-04-07_-_Marcel_Dettmann_@_Boiler_Room_x_Technics_x_Dommune,,2,09,Mike Huckaby,Phuture [S Y N T H – SYNTH 005],Mike Huckaby - Phuture [S Y N T H – SYNTH 005]
2022-04-07 - Marcel Dettmann @ Boiler Room x Technics x Dommune,https://www.mixesdb.com/w/2022-04-07_-_Marcel_Dettmann_@_Boiler_Room_x_Technics_x_Dommune,,3,15,MMM,Casio Dub [MMM - 6],MMM - Casio Dub [MMM - 6]
2022-04-07 - Marcel Dettmann @ Boiler Room x Technics x Dommune,https://www.mixesdb.com/w/2022-04-07_-_Marcel_Dettmann_@_Boiler_Room_x_Technics_x_Dommune,,4,18,Ausgang,Hypoxia (Marcel Dettmann Remix) [KEY Vinyl - KEYLP02RMX],Ausgang - Hypoxia (Marcel Dettmann Remix) [KEY Vinyl - KEYLP02RMX]
2022-04-07 - Marcel Dettmann @ Boiler Room x Technics x Dommune,https://www.mixesdb.com/w/2022-04-07_-_Marcel_Dettmann_@_Boiler_Room_x_Technics_x_Dommune,,5,23,Exterminador,Hello Richard [Bad Manners - BM8],Exterminador - Hello Richard [Bad Manners - BM8]
2022-04-07 - Marcel Dettmann @ Boiler Room x Technics x Dommune,https://www.mixesdb.com/w/2022-04-07_-_Marcel_Dettmann_@_Boiler_Room_x_Technics_x_Dommune,,6,27,Brandon Cooke Feat. Roxanne Shanté,Sharp As A Knife (Acid Instrumental) [BCM - 12189],Brandon Cooke Feat. Roxanne Shanté - Sharp As A Knife (Acid Instrumental) [BCM - 12189]
2022-04-07 - Marcel Dettmann @ Boiler Room x Technics x Dommune,https://www.mixesdb.com/w/2022-04-07_-_Marcel_Dettmann_@_Boiler_Room_x_Technics_x_Dommune,,7,31,,?,?
2022-04-07 - Marcel Dettmann @ Boiler Room x Technics x Dommune,https://www.mixesdb.com/w/2022-04-07_-_Marcel_Dettmann_@_Boiler_Room_x_Technics_x_Dommune,,8,36,HXB,Planet G 2 [Hexibeats - HXBVNL002],HXB - Planet G 2 [Hexibeats - HXBVNL002]
2022-04-07 - Marcel Dettmann @ Boiler Room x Technics x Dommune,https://www.mixesdb.com/w/2022-04-07_-_Marcel_Dettmann_@_Boiler_Room_x_Technics_x_Dommune,,9,41,Shawn Shegog,Living In The Dark Side [No Name Records – NNR002],Shawn Shegog - Living In The Dark Side [No Name Records – NNR002]
2022-04-07 - Marcel Dettmann @ Boiler Room x Technics x Dommune,https://www.mixesdb.com/w/2022-04-07_-_Marcel_Dettmann_@_Boiler_Room_x_Technics_x_Dommune,,10,43,,?,?
2022-04-07 - Marcel Dettmann @ Boiler Room x Technics x Dommune,https://www.mixesdb.com/w/2022-04-07_-_Marcel_Dettmann_@_Boiler_Room_x_Technics_x_Dommune,,11,48,Rolando,Where Were You? [Delsin - 73Dsr/Rld1],Rolando - Where Were You? [Delsin - 73Dsr/Rld1]
2022-04-07 - Marcel Dettmann @ Boiler Room x Technics x Dommune,https://www.mixesdb.com/w/2022-04-07_-_Marcel_Dettmann_@_Boiler_Room_x_Technics_x_Dommune,,12,52,,?,?
2022-04-07 - Marcel Dettmann @ Boiler Room x Technics x Dommune,https://www.mixesdb.com/w/2022-04-07_-_Marcel_Dettmann_@_Boiler_Room_x_Technics_x_Dommune,,13,55,,?,?
2022-04-07 - Marcel Dettmann @ Boiler Room x Technics x Dommune,https://www.mixesdb.com/w/2022-04-07_-_Marcel_Dettmann_@_Boiler_Room_x_Technics_x_Dommune,,14,57,Marcel Dettmann,G4 [Club Qu - CQU-QUTE1],Marcel Dettmann - G4 [Club Qu - CQU-QUTE1]
2022-04-07 - Marcel Dettmann @ Boiler Room x Technics x Dommune,https://www.mixesdb.com/w/2022-04-07_-_Marcel_Dettmann_@_Boiler_Room_x_Technics_x_Dommune,,15,60,Code 6,Last Voyage [Midnight Drive - DRIVE005],Code 6 - Last Voyage [Midnight Drive - DRIVE005]
2011-08-01 - Marcel Dettmann - CLR Podcast 127,https://www.mixesdb.com/w/2011-08-01_-_Marcel_Dettmann_-_CLR_Podcast_127,,1,00:00,Marcel Dettmann,Barrier,Marcel Dettmann - Barrier
2011-08-01 - Marcel Dettmann - CLR Podcast 127,https://www.mixesdb.com/w/2011-08-01_-_Marcel_Dettmann_-_CLR_Podcast_127,,2,02:10,Marcelus,24/7,Marcelus - 24/7
2011-08-01 - Marcel Dettmann - CLR Podcast 127,https://www.mixesdb.com/w/2011-08-01_-_Marcel_Dettmann_-_CLR_Podcast_127,,3,07:20,Wincent Kunth,Synth (MDR) [Unreleased],Wincent Kunth - Synth (MDR) [Unreleased]
2011-08-01 - Marcel Dettmann - CLR Podcast 127,https://www.mixesdb.com/w/2011-08-01_-_Marcel_Dettmann_-_CLR_Podcast_127,,4,11:40,Alan D. Oldham,The Intuitionist,Alan D. Oldham - The Intuitionist
2011-08-01 - Marcel Dettmann - CLR Podcast 127,https://www.mixesdb.com/w/2011-08-01_-_Marcel_Dettmann_-_CLR_Podcast_127,,5,14:00,Truncate,Focus V2,Truncate - Focus V2
2011-08-01 - Marcel Dettmann - CLR Podcast 127,https://www.mixesdb.com/w/2011-08-01_-_Marcel_Dettmann_-_CLR_Podcast_127,,6,17:50,Spekter,Pipe Bomb,Spekter - Pipe Bomb
2011-08-01 - Marcel Dettmann - CLR Podcast 127,https://www.mixesdb.com/w/2011-08-01_-_Marcel_Dettmann_-_CLR_Podcast_127,,7,22:40,Planetary Assault Systems,Function 4 (Marcel Dettmann Base Dub Remix),Planetary Assault Systems - Function 4 (Marcel Dettmann Base Dub Remix)
2011-08-01 - Marcel Dettmann - CLR Podcast 127,https://www.mixesdb.com/w/2011-08-01_-_Marcel_Dettmann_-_CLR_Podcast_127,,8,26:20,Marcel Dettmann,Translation Two,Marcel Dettmann - Translation Two
2011-08-01 - Marcel Dettmann - CLR Podcast 127,https://www.mixesdb.com/w/2011-08-01_-_Marcel_Dettmann_-_CLR_Podcast_127,,9,31:00,Marcel Dettmann,Duel,Marcel Dettmann - Duel
2011-08-01 - Marcel Dettmann - CLR Podcast 127,https://www.mixesdb.com/w/2011-08-01_-_Marcel_Dettmann_-_CLR_Podcast_127,,10,34:00,Floorplan,Basic Principle [M-Plant],Floorplan - Basic Principle [M-Plant]
2011-08-01 - Marcel Dettmann - CLR Podcast 127,https://www.mixesdb.com/w/2011-08-01_-_Marcel_Dettmann_-_CLR_Podcast_127,,11,37:30,Basic Soul Unit,Soulspeak (Shed Remix),Basic Soul Unit - Soulspeak (Shed Remix)
2011-08-01 - Marcel Dettmann - CLR Podcast 127,https://www.mixesdb.com/w/2011-08-01_-_Marcel_Dettmann_-_CLR_Podcast_127,,12,41:00,Planetary Assault Systems,Raid,Planetary Assault Systems - Raid
2011-08-01 - Marcel Dettmann - CLR Podcast 127,https://www.mixesdb.com/w/2011-08-01_-_Marcel_Dettmann_-_CLR_Podcast_127,,13,43:40,Marcel Fengler,Thwack (Norman Nodge Remix),Marcel Fengler - Thwack (Norman Nodge Remix)
2011-08-01 - Marcel Dettmann - CLR Podcast 127,https://www.mixesdb.com/w/2011-08-01_-_Marcel_Dettmann_-_CLR_Podcast_127,,14,47:30,Marcel Dettmann,Planning,Marcel Dettmann - Planning
2011-08-01 - Marcel Dettmann - CLR Podcast 127,https://www.mixesdb.com/w/2011-08-01_-_Marcel_Dettmann_-_CLR_Podcast_127,,15,51:00,Terrence Dixon,The Parkhurst,Terrence Dixon - The Parkhurst
2011-08-01 - Marcel Dettmann - CLR Podcast 127,https://www.mixesdb.com/w/2011-08-01_-_Marcel_Dettmann_-_CLR_Podcast_127,,16,55:40,Silent Servant,Mad Youth,Silent Servant - Mad Youth
2011-08-01 - Marcel Dettmann - CLR Podcast 127,https://www.mixesdb.com/w/2011-08-01_-_Marcel_Dettmann_-_CLR_Podcast_127,,17,59:50,François X,Code Red (Marcel Dettmann Remix),François X - Code Red (Marcel Dettmann Remix)
2014-08-27 - Marcel Dettmann - fabric 77 Promo Mix,https://www.mixesdb.com/w/2014-08-27_-_Marcel_Dettmann_-_fabric_77_Promo_Mix,,1,,UVB,Mixition [Mord],UVB - Mixition [Mord]
2014-08-27 - Marcel Dettmann - fabric 77 Promo Mix,https://www.mixesdb.com/w/2014-08-27_-_Marcel_Dettmann_-_fabric_77_Promo_Mix,,2,,Deniro,Atavism [Tape],Deniro - Atavism [Tape]
2014-08-27 - Marcel Dettmann - fabric 77 Promo Mix,https://www.mixesdb.com/w/2014-08-27_-_Marcel_Dettmann_-_fabric_77_Promo_Mix,,3,,DJ T-1000,Thumper [Pure Sonik],DJ T-1000 - Thumper [Pure Sonik]
2014-08-27 - Marcel Dettmann - fabric 77 Promo Mix,https://www.mixesdb.com/w/2014-08-27_-_Marcel_Dettmann_-_fabric_77_Promo_Mix,,4,,Zadig,Highspeed Race Across Sector 17.17 [Syncrophone],Zadig - Highspeed Race Across Sector 17.17 [Syncrophone]
2014-08-27 - Marcel Dettmann - fabric 77 Promo Mix,https://www.mixesdb.com/w/2014-08-27_-_Marcel_Dettmann_-_fabric_77_Promo_Mix,,5,,P-Ben,My Own Transition (Woody McBride Remix) [EP Digital],P-Ben - My Own Transition (Woody McBride Remix) [EP Digital]
2014-08-27 - Marcel Dettmann - fabric 77 Promo Mix,https://www.mixesdb.com/w/2014-08-27_-_Marcel_Dettmann_-_fabric_77_Promo_Mix,,6,,Milton Bradley,Divergence [K209],Milton Bradley - Divergence [K209]
2014-08-27 - Marcel Dettmann - fabric 77 Promo Mix,https://www.mixesdb.com/w/2014-08-27_-_Marcel_Dettmann_-_fabric_77_Promo_Mix,,7,,Ossa Jams,A1 [777 01],Ossa Jams - A1 [777 01]
2014-08-27 - Marcel Dettmann - fabric 77 Promo Mix,https://www.mixesdb.com/w/2014-08-27_-_Marcel_Dettmann_-_fabric_77_Promo_Mix,,8,,Regal,Chaos [Involve],Regal - Chaos [Involve]
2014-08-27 - Marcel Dettmann - fabric 77 Promo Mix,https://www.mixesdb.com/w/2014-08-27_-_Marcel_Dettmann_-_fabric_77_Promo_Mix,,9,,Ausgang II,Ausgang [Synewave],Ausgang II - Ausgang [Synewave]
2016-10-14 - Marcel Dettmann - DJ-Kicks,https://www.mixesdb.com/w/2016-10-14_-_Marcel_Dettmann_-_DJ-Kicks,,1,,Cybersonik,Technarchy (Marcel Dettmann Third Mix) [2:02],Cybersonik - Technarchy (Marcel Dettmann Third Mix) [2:02]
2016-10-14 - Marcel Dettmann - DJ-Kicks,https://www.mixesdb.com/w/2016-10-14_-_Marcel_Dettmann_-_DJ-Kicks,,2,,Orlando Voorn,At Last [4:50],Orlando Voorn - At Last [4:50]
2016-10-14 - Marcel Dettmann - DJ-Kicks,https://www.mixesdb.com/w/2016-10-14_-_Marcel_Dettmann_-_DJ-Kicks,,3,,Levon Vincent / Marcel Dettmann,Can U See [3:25],Levon Vincent / Marcel Dettmann - Can U See [3:25]
2016-10-14 - Marcel Dettmann - DJ-Kicks,https://www.mixesdb.com/w/2016-10-14_-_Marcel_Dettmann_-_DJ-Kicks,,4,,Infiniti,Skyway (Marcel Dettmann Remix) [4:45],Infiniti - Skyway (Marcel Dettmann Remix) [4:45]
2016-10-14 - Marcel Dettmann - DJ-Kicks,https://www.mixesdb.com/w/2016-10-14_-_Marcel_Dettmann_-_DJ-Kicks,,5,,Mystic Bill,U Wont C Me [4:12],Mystic Bill - U Wont C Me [4:12]
2016-10-14 - Marcel Dettmann - DJ-Kicks,https://www.mixesdb.com/w/2016-10-14_-_Marcel_Dettmann_-_DJ-Kicks,,6,,Psychick Warriors Ov Gaia,War Chant (Marcel Dettmann Edit) [4:11],Psychick Warriors Ov Gaia - War Chant (Marcel Dettmann Edit) [4:11]
2016-10-14 - Marcel Dettmann - DJ-Kicks,https://www.mixesdb.com/w/2016-10-14_-_Marcel_Dettmann_-_DJ-Kicks,,7,,Das Kombinat,Waschmaschine [2:30],Das Kombinat - Waschmaschine [2:30]
2016-10-14 - Marcel Dettmann - DJ-Kicks,https://www.mixesdb.com/w/2016-10-14_-_Marcel_Dettmann_-_DJ-Kicks,,8,,Clarence G.,Cause I Said It Right [3:33],Clarence G. - Cause I Said It Right [3:33]
2016-10-14 - Marcel Dettmann - DJ-Kicks,https://www.mixesdb.com/w/2016-10-14_-_Marcel_Dettmann_-_DJ-Kicks,,9,,Sandbenders,Defekt [3:18],Sandbenders - Defekt [3:18]
2016-10-14 - Marcel Dettmann - DJ-Kicks,https://www.mixesdb.com/w/2016-10-14_-_Marcel_Dettmann_-_DJ-Kicks,,10,,VEX,Vex-1 [3:48],VEX - Vex-1 [3:48]
2016-10-14 - Marcel Dettmann - DJ-Kicks,https://www.mixesdb.com/w/2016-10-14_-_Marcel_Dettmann_-_DJ-Kicks,,11,,Dan Curtin,Paradise Lost [4:02],Dan Curtin - Paradise Lost [4:02]
2016-10-14 - Marcel Dettmann - DJ-Kicks,https://www.mixesdb.com/w/2016-10-14_-_Marcel_Dettmann_-_DJ-Kicks,,12,,N.A.D,Everything Seems Different [3:49],N.A.D - Everything Seems Different [3:49]
2016-10-14 - Marcel Dettmann - DJ-Kicks,https://www.mixesdb.com/w/2016-10-14_-_Marcel_Dettmann_-_DJ-Kicks,,13,,Violence FM,Perspectives [3:57],Violence FM - Perspectives [3:57]
2016-10-14 - Marcel Dettmann - DJ-Kicks,https://www.mixesdb.com/w/2016-10-14_-_Marcel_Dettmann_-_DJ-Kicks,,14,,Sterac,Intersphere [5:44],Sterac - Intersphere [5:44]
2016-10-14 - Marcel Dettmann - DJ-Kicks,https://www.mixesdb.com/w/2016-10-14_-_Marcel_Dettmann_-_DJ-Kicks,,15,,Nukubus,People Move On (Marcel Dettmann Edit) [2:33],Nukubus - People Move On (Marcel Dettmann Edit) [2:33]
2016-10-14 - Marcel Dettmann - DJ-Kicks,https://www.mixesdb.com/w/2016-10-14_-_Marcel_Dettmann_-_DJ-Kicks,,16,,Push/Pull Feat. Lady E And Niqué D,Africa [4:42],Push/Pull Feat. Lady E And Niqué D - Africa [4:42]
2016-10-14 - Marcel Dettmann - DJ-Kicks,https://www.mixesdb.com/w/2016-10-14_-_Marcel_Dettmann_-_DJ-Kicks,,17,,The Residents,Kaw-Liga (Nightmare Mix) [3:33],The Residents - Kaw-Liga (Nightmare Mix) [3:33]
2016-10-14 - Marcel Dettmann - DJ-Kicks,https://www.mixesdb.com/w/2016-10-14_-_Marcel_Dettmann_-_DJ-Kicks,,18,,Wincent Kunth / Marcel Dettmann,Possible Step [3:17],Wincent Kunth / Marcel Dettmann - Possible Step [3:17]
2016-10-14 - Marcel Dettmann - DJ-Kicks,https://www.mixesdb.com/w/2016-10-14_-_Marcel_Dettmann_-_DJ-Kicks,,19,,Marcel Dettmann,Let's Do It (Rolando Remix) [6:06],Marcel Dettmann - Let's Do It (Rolando Remix) [6:06]
2013-07-02 - Marcel Dettmann - XLR8R Podcast 302,https://www.mixesdb.com/w/2013-07-02_-_Marcel_Dettmann_-_XLR8R_Podcast_302,,1,00,Black Deer,Chief Big Thumb,Black Deer - Chief Big Thumb
2013-07-02 - Marcel Dettmann - XLR8R Podcast 302,https://www.mixesdb.com/w/2013-07-02_-_Marcel_Dettmann_-_XLR8R_Podcast_302,,2,05,Floorplan,Let's Ride [M-Plant - MPM 16],Floorplan - Let's Ride [M-Plant - MPM 16]
2013-07-02 - Marcel Dettmann - XLR8R Podcast 302,https://www.mixesdb.com/w/2013-07-02_-_Marcel_Dettmann_-_XLR8R_Podcast_302,,3,09,I,L.T.B.C.Y.B. [Recognition Label],I - L.T.B.C.Y.B. [Recognition Label]
2013-07-02 - Marcel Dettmann - XLR8R Podcast 302,https://www.mixesdb.com/w/2013-07-02_-_Marcel_Dettmann_-_XLR8R_Podcast_302,,4,11,Craft,Seq Interrupt [The Final Experiment - TFEXX1],Craft - Seq Interrupt [The Final Experiment - TFEXX1]
2013-07-02 - Marcel Dettmann - XLR8R Podcast 302,https://www.mixesdb.com/w/2013-07-02_-_Marcel_Dettmann_-_XLR8R_Podcast_302,,5,16,DJ Qu,Liquid Beats [Strength],DJ Qu - Liquid Beats [Strength]
2013-07-02 - Marcel Dettmann - XLR8R Podcast 302,https://www.mixesdb.com/w/2013-07-02_-_Marcel_Dettmann_-_XLR8R_Podcast_302,,6,19,XDB,Frocks [Sistrum],XDB - Frocks [Sistrum]
2013-07-02 - Marcel Dettmann - XLR8R Podcast 302,https://www.mixesdb.com/w/2013-07-02_-_Marcel_Dettmann_-_XLR8R_Podcast_302,,7,23,Baby Ford,Normal (Is It Normal? Club Mix) [Reflex],Baby Ford - Normal (Is It Normal? Club Mix) [Reflex]
2013-07-02 - Marcel Dettmann - XLR8R Podcast 302,https://www.mixesdb.com/w/2013-07-02_-_Marcel_Dettmann_-_XLR8R_Podcast_302,,8,28,Container,Application [Spectrum Spools - SP 007],Container - Application [Spectrum Spools - SP 007]
2013-07-02 - Marcel Dettmann - XLR8R Podcast 302,https://www.mixesdb.com/w/2013-07-02_-_Marcel_Dettmann_-_XLR8R_Podcast_302,,9,32,Vedomir,Musical Suprematism (Marcel Dettmann Remix) [Dekmantel - DKMNTL 012],Vedomir - Musical Suprematism (Marcel Dettmann Remix) [Dekmantel - DKMNTL 012]
2013-07-02 - Marcel Dettmann - XLR8R Podcast 302,https://www.mixesdb.com/w/2013-07-02_-_Marcel_Dettmann_-_XLR8R_Podcast_302,,10,37,Alex Cortex,Aitiai Part 1 [Source],Alex Cortex - Aitiai Part 1 [Source]
2013-07-02 - Marcel Dettmann - XLR8R Podcast 302,https://www.mixesdb.com/w/2013-07-02_-_Marcel_Dettmann_-_XLR8R_Podcast_302,,11,40,Marvin Dash,B2 [Force US - FIM US 46],Marvin Dash - B2 [Force US - FIM US 46]
2013-07-02 - Marcel Dettmann - XLR8R Podcast 302,https://www.mixesdb.com/w/2013-07-02_-_Marcel_Dettmann_-_XLR8R_Podcast_302,,12,45,Anthony Parasole,Off The Grid [Marcel Dettmann],Anthony Parasole - Off The Grid [Marcel Dettmann]
2013-07-02 - Marcel Dettmann - XLR8R Podcast 302,https://www.mixesdb.com/w/2013-07-02_-_Marcel_Dettmann_-_XLR8R_Podcast_302,,13,51,Other Lives,Tamer Animals (Atoms For Peace Remix) [50 Weapons - XTR 01],Other Lives - Tamer Animals (Atoms For Peace Remix) [50 Weapons - XTR 01]
2008 - Marcel Dettmann - Mixmag.info Podcast 6,https://www.mixesdb.com/w/2008_-_Marcel_Dettmann_-_Mixmag.info_Podcast_6,,1,,Dettmann / Klock,Places Like This [Ostgut Ton - 011],Dettmann / Klock - Places Like This [Ostgut Ton - 011]
2008 - Marcel Dettmann - Mixmag.info Podcast 6,https://www.mixesdb.com/w/2008_-_Marcel_Dettmann_-_Mixmag.info_Podcast_6,,2,,Scaff,SSM 440 [Kontra Musik - 006],Scaff - SSM 440 [Kontra Musik - 006]
2008 - Marcel Dettmann - Mixmag.info Podcast 6,https://www.mixesdb.com/w/2008_-_Marcel_Dettmann_-_Mixmag.info_Podcast_6,,3,,Adam Marshall,Kokane [New Kanada - 010],Adam Marshall - Kokane [New Kanada - 010]
2008 - Marcel Dettmann - Mixmag.info Podcast 6,https://www.mixesdb.com/w/2008_-_Marcel_Dettmann_-_Mixmag.info_Podcast_6,,4,,MD III,Set Me Free [Underground - 111],MD III - Set Me Free [Underground - 111]
2008 - Marcel Dettmann - Mixmag.info Podcast 6,https://www.mixesdb.com/w/2008_-_Marcel_Dettmann_-_Mixmag.info_Podcast_6,,5,,Matthew Styles,We Said Nothing [Diamonds And Pearls - 008],Matthew Styles - We Said Nothing [Diamonds And Pearls - 008]
2008 - Marcel Dettmann - Mixmag.info Podcast 6,https://www.mixesdb.com/w/2008_-_Marcel_Dettmann_-_Mixmag.info_Podcast_6,,6,,Robert Hood,Side Effect [Music Man - 138],Robert Hood - Side Effect [Music Man - 138]
2008 - Marcel Dettmann - Mixmag.info Podcast 6,https://www.mixesdb.com/w/2008_-_Marcel_Dettmann_-_Mixmag.info_Podcast_6,,7,,Damon Wild,Kabuki [Synewave - 067],Damon Wild - Kabuki [Synewave - 067]
2008 - Marcel Dettmann - Mixmag.info Podcast 6,https://www.mixesdb.com/w/2008_-_Marcel_Dettmann_-_Mixmag.info_Podcast_6,,8,,76 79,Six Ten [Comfortable - 007],76 79 - Six Ten [Comfortable - 007]
2008 - Marcel Dettmann - Mixmag.info Podcast 6,https://www.mixesdb.com/w/2008_-_Marcel_Dettmann_-_Mixmag.info_Podcast_6,,9,,Tan Ru,Changeling [Trelik - 001],Tan Ru - Changeling [Trelik - 001]
2008 - Marcel Dettmann - Mixmag.info Podcast 6,https://www.mixesdb.com/w/2008_-_Marcel_Dettmann_-_Mixmag.info_Podcast_6,,10,,DJ Oji,The Afronauts (Spen's Afro Orbit Mix) [Code Red - 013],DJ Oji - The Afronauts (Spen's Afro Orbit Mix) [Code Red - 013]
2008 - Marcel Dettmann - Mixmag.info Podcast 6,https://www.mixesdb.com/w/2008_-_Marcel_Dettmann_-_Mixmag.info_Podcast_6,,11,,Pär Grindvik,Continue In My Words (Dettmann / Klock Remix) [Spectral - 048],Pär Grindvik - Continue In My Words (Dettmann / Klock Remix) [Spectral - 048]
2008 - Marcel Dettmann - Mixmag.info Podcast 6,https://www.mixesdb.com/w/2008_-_Marcel_Dettmann_-_Mixmag.info_Podcast_6,,12,,Ben Klock,Similarity [BPitch Control - 165],Ben Klock - Similarity [BPitch Control - 165]
2008 - Marcel Dettmann - Mixmag.info Podcast 6,https://www.mixesdb.com/w/2008_-_Marcel_Dettmann_-_Mixmag.info_Podcast_6,,13,,Mode 4,Tremble [Soma - 034],Mode 4 - Tremble [Soma - 034]
2008 - Marcel Dettmann - Mixmag.info Podcast 6,https://www.mixesdb.com/w/2008_-_Marcel_Dettmann_-_Mixmag.info_Podcast_6,,14,,DJ Sneak,Till Dawn Do Us Part [AV8 - 009],DJ Sneak - Till Dawn Do Us Part [AV8 - 009]
2008 - Marcel Dettmann - Mixmag.info Podcast 6,https://www.mixesdb.com/w/2008_-_Marcel_Dettmann_-_Mixmag.info_Podcast_6,,15,,Luke Hess,Believe And Receive (Shed's Deepanddubbydub),Luke Hess - Believe And Receive (Shed's Deepanddubbydub)
"2019-07-01 - Marcel Dettmann - Residency, BBC Radio 1","https://www.mixesdb.com/w/2019-07-01_-_Marcel_Dettmann_-_Residency,_BBC_Radio_1",,1,,Ausgang,Hypoxia (Marcel Dettmann Remix) [Key],Ausgang - Hypoxia (Marcel Dettmann Remix) [Key]
"2019-07-01 - Marcel Dettmann - Residency, BBC Radio 1","https://www.mixesdb.com/w/2019-07-01_-_Marcel_Dettmann_-_Residency,_BBC_Radio_1",,2,,Convention,Venus In Spurs [Artless],Convention - Venus In Spurs [Artless]
"2019-07-01 - Marcel Dettmann - Residency, BBC Radio 1","https://www.mixesdb.com/w/2019-07-01_-_Marcel_Dettmann_-_Residency,_BBC_Radio_1",,3,,Edward & Edward,Mikko (Ogermania Mix) [Trelik],Edward & Edward - Mikko (Ogermania Mix) [Trelik]
"2019-07-01 - Marcel Dettmann - Residency, BBC Radio 1","https://www.mixesdb.com/w/2019-07-01_-_Marcel_Dettmann_-_Residency,_BBC_Radio_1",,4,,Baby Red Torres,Stiller's Reprise (Mike Wills Cut) [Casting Shadows],Baby Red Torres - Stiller's Reprise (Mike Wills Cut) [Casting Shadows]
"2019-07-01 - Marcel Dettmann - Residency, BBC Radio 1","https://www.mixesdb.com/w/2019-07-01_-_Marcel_Dettmann_-_Residency,_BBC_Radio_1",,5,,Black Suede,Purgatory [CGI],Black Suede - Purgatory [CGI]
"2019-07-01 - Marcel Dettmann - Residency, BBC Radio 1","https://www.mixesdb.com/w/2019-07-01_-_Marcel_Dettmann_-_Residency,_BBC_Radio_1",,6,,Sub System,Celeste [Atom],Sub System - Celeste [Atom]
"2019-07-01 - Marcel Dettmann - Residency, BBC Radio 1","https://www.mixesdb.com/w/2019-07-01_-_Marcel_Dettmann_-_Residency,_BBC_Radio_1",,7,,Roseen,Defunct [Ausgang],Roseen - Defunct [Ausgang]
"2019-07-01 - Marcel Dettmann - Residency, BBC Radio 1","https://www.mixesdb.com/w/2019-07-01_-_Marcel_Dettmann_-_Residency,_BBC_Radio_1",,8,,Gladio,Gladio Is Free (Edit) [L.I.E.S.],Gladio - Gladio Is Free (Edit) [L.I.E.S.]
"2019-07-01 - Marcel Dettmann - Residency, BBC Radio 1","https://www.mixesdb.com/w/2019-07-01_-_Marcel_Dettmann_-_Residency,_BBC_Radio_1",,9,,Zeta Reticula,Formation Of Life [Electrix],Zeta Reticula - Formation Of Life [Electrix]
"2019-07-01 - Marcel Dettmann - Residency, BBC Radio 1","https://www.mixesdb.com/w/2019-07-01_-_Marcel_Dettmann_-_Residency,_BBC_Radio_1",,10,,Yellow Magic Orchestra,Key (Edit),Yellow Magic Orchestra - Key (Edit)
"2019-07-01 - Marcel Dettmann - Residency, BBC Radio 1","https://www.mixesdb.com/w/2019-07-01_-_Marcel_Dettmann_-_Residency,_BBC_Radio_1",,11,,Marcel Dettmann,Works (Morphosis Remix) [Bad Manners],Marcel Dettmann - Works (Morphosis Remix) [Bad Manners]
"2019-07-01 - Marcel Dettmann - Residency, BBC Radio 1","https://www.mixesdb.com/w/2019-07-01_-_Marcel_Dettmann_-_Residency,_BBC_Radio_1",,12,,JK Flesh,Different Species [Electric Deluxe],JK Flesh - Different Species [Electric Deluxe]
"2019-07-01 - Marcel Dettmann - Residency, BBC Radio 1","https://www.mixesdb.com/w/2019-07-01_-_Marcel_Dettmann_-_Residency,_BBC_Radio_1",,13,,Terrence Dixon,Vertical Hold [30drop],Terrence Dixon - Vertical Hold [30drop]
"2019-07-01 - Marcel Dettmann - Residency, BBC Radio 1","https://www.mixesdb.com/w/2019-07-01_-_Marcel_Dettmann_-_Residency,_BBC_Radio_1",,14,,Wink,Sixth Sense (Shlomi Aber Remix) [Ovum],Wink - Sixth Sense (Shlomi Aber Remix) [Ovum]
"2019-07-01 - Marcel Dettmann - Residency, BBC Radio 1","https://www.mixesdb.com/w/2019-07-01_-_Marcel_Dettmann_-_Residency,_BBC_Radio_1",,15,,The Open Mind,The Trance (Club Mix) [The Open Mind],The Open Mind - The Trance (Club Mix) [The Open Mind]
"2019-03-04 - Marcel Dettmann - Residency, BBC Radio 1","https://www.mixesdb.com/w/2019-03-04_-_Marcel_Dettmann_-_Residency,_BBC_Radio_1",,1,,Anthony Rother,Observer [Psi49net],Anthony Rother - Observer [Psi49net]
"2019-03-04 - Marcel Dettmann - Residency, BBC Radio 1","https://www.mixesdb.com/w/2019-03-04_-_Marcel_Dettmann_-_Residency,_BBC_Radio_1",,2,,Headbirds,Million [Analog Solutions 25],Headbirds - Million [Analog Solutions 25]
"2019-03-04 - Marcel Dettmann - Residency, BBC Radio 1","https://www.mixesdb.com/w/2019-03-04_-_Marcel_Dettmann_-_Residency,_BBC_Radio_1",,3,,Ausgang,Prism Of,Ausgang - Prism Of
"2019-03-04 - Marcel Dettmann - Residency, BBC Radio 1","https://www.mixesdb.com/w/2019-03-04_-_Marcel_Dettmann_-_Residency,_BBC_Radio_1",,4,,Mutant Beat Dance Feat. Naughty Wood,The Human Factor (Marcel Dettmann Edit),Mutant Beat Dance Feat. Naughty Wood - The Human Factor (Marcel Dettmann Edit)
"2019-03-04 - Marcel Dettmann - Residency, BBC Radio 1","https://www.mixesdb.com/w/2019-03-04_-_Marcel_Dettmann_-_Residency,_BBC_Radio_1",,5,,Kirill Mamin,Plan [Mistress],Kirill Mamin - Plan [Mistress]
"2019-03-04 - Marcel Dettmann - Residency, BBC Radio 1","https://www.mixesdb.com/w/2019-03-04_-_Marcel_Dettmann_-_Residency,_BBC_Radio_1",,6,,Deep'a & Biri,Alpha Cephei (Deniro Remix) [Black Crow 11],Deep'a & Biri - Alpha Cephei (Deniro Remix) [Black Crow 11]
"2019-03-04 - Marcel Dettmann - Residency, BBC Radio 1","https://www.mixesdb.com/w/2019-03-04_-_Marcel_Dettmann_-_Residency,_BBC_Radio_1",,7,,Swan Lake,Don't Stop [Inhouse],Swan Lake - Don't Stop [Inhouse]
"2019-03-04 - Marcel Dettmann - Residency, BBC Radio 1","https://www.mixesdb.com/w/2019-03-04_-_Marcel_Dettmann_-_Residency,_BBC_Radio_1",,8,,Terrance McDonald,Mind Over Matter,Terrance McDonald - Mind Over Matter
"2019-03-04 - Marcel Dettmann - Residency, BBC Radio 1","https://www.mixesdb.com/w/2019-03-04_-_Marcel_Dettmann_-_Residency,_BBC_Radio_1",,9,,Beroshima,Interplugreaction (Marcel Dettmann Remix) [Dystopian],Beroshima - Interplugreaction (Marcel Dettmann Remix) [Dystopian]
"2019-03-04 - Marcel Dettmann - Residency, BBC Radio 1","https://www.mixesdb.com/w/2019-03-04_-_Marcel_Dettmann_-_Residency,_BBC_Radio_1",,10,,Neil Landsturmm,Night Walker (Gerd Janson Edit) [Running Back],Neil Landsturmm - Night Walker (Gerd Janson Edit) [Running Back]
"2019-03-04 - Marcel Dettmann - Residency, BBC Radio 1","https://www.mixesdb.com/w/2019-03-04_-_Marcel_Dettmann_-_Residency,_BBC_Radio_1",,11,,Eduardo De La Calle,Bihari [Biologic 31],Eduardo De La Calle - Bihari [Biologic 31]
"2019-03-04 - Marcel Dettmann - Residency, BBC Radio 1","https://www.mixesdb.com/w/2019-03-04_-_Marcel_Dettmann_-_Residency,_BBC_Radio_1",,12,,VIL X Osse,Cordz (Lost Episodes) [Episodes],VIL X Osse - Cordz (Lost Episodes) [Episodes]
"2019-03-04 - Marcel Dettmann - Residency, BBC Radio 1","https://www.mixesdb.com/w/2019-03-04_-_Marcel_Dettmann_-_Residency,_BBC_Radio_1",,13,,Planetary Assault Systems,Give It Up [Mote Evolver],Planetary Assault Systems - Give It Up [Mote Evolver]
"2019-03-04 - Marcel Dettmann - Residency, BBC Radio 1","https://www.mixesdb.com/w/2019-03-04_-_Marcel_Dettmann_-_Residency,_BBC_Radio_1",,14,,Infiniti,Techno Por Favor [10],Infiniti - Techno Por Favor [10]
"2019-03-04 - Marcel Dettmann - Residency, BBC Radio 1","https://www.mixesdb.com/w/2019-03-04_-_Marcel_Dettmann_-_Residency,_BBC_Radio_1",,15,,Sebastian Kramer,Obelisk [Mord],Sebastian Kramer - Obelisk [Mord]
"2019-03-04 - Marcel Dettmann - Residency, BBC Radio 1","https://www.mixesdb.com/w/2019-03-04_-_Marcel_Dettmann_-_Residency,_BBC_Radio_1",,16,,KNICKKNACK,Freudlos (Mick Wills Cut) [Aspecto Humano],KNICKKNACK - Freudlos (Mick Wills Cut) [Aspecto Humano]
"2019-03-04 - Marcel Dettmann - Residency, BBC Radio 1","https://www.mixesdb.com/w/2019-03-04_-_Marcel_Dettmann_-_Residency,_BBC_Radio_1",,17,,Dez Williams,Running Circles [Atonicos],Dez Williams - Running Circles [Atonicos]
"2019-03-04 - Marcel Dettmann - Residency, BBC Radio 1","https://www.mixesdb.com/w/2019-03-04_-_Marcel_Dettmann_-_Residency,_BBC_Radio_1",,18,,Le Syndicat Electronique,En Partance [Mannequin],Le Syndicat Electronique - En Partance [Mannequin]
"2010-05 - Marcel Dettmann - Train Wreck Mix, RBMA Radio","https://www.mixesdb.com/w/2010-05_-_Marcel_Dettmann_-_Train_Wreck_Mix,_RBMA_Radio",,1,,XDB,119 [Metrolux],XDB - 119 [Metrolux]
"2010-05 - Marcel Dettmann - Train Wreck Mix, RBMA Radio","https://www.mixesdb.com/w/2010-05_-_Marcel_Dettmann_-_Train_Wreck_Mix,_RBMA_Radio",,2,,Insync vs Mysteron,Down,Insync vs Mysteron - Down
"2010-05 - Marcel Dettmann - Train Wreck Mix, RBMA Radio","https://www.mixesdb.com/w/2010-05_-_Marcel_Dettmann_-_Train_Wreck_Mix,_RBMA_Radio",,3,,Auto Repeat,You Can't Stop [SSR],Auto Repeat - You Can't Stop [SSR]
"2010-05 - Marcel Dettmann - Train Wreck Mix, RBMA Radio","https://www.mixesdb.com/w/2010-05_-_Marcel_Dettmann_-_Train_Wreck_Mix,_RBMA_Radio",,4,,Cristian Vogel,Xpute The Woop Woop [Tresor],Cristian Vogel - Xpute The Woop Woop [Tresor]
"2010-05 - Marcel Dettmann - Train Wreck Mix, RBMA Radio","https://www.mixesdb.com/w/2010-05_-_Marcel_Dettmann_-_Train_Wreck_Mix,_RBMA_Radio",,5,,Terrence Dixon,Tomorrow People,Terrence Dixon - Tomorrow People
"2010-05 - Marcel Dettmann - Train Wreck Mix, RBMA Radio","https://www.mixesdb.com/w/2010-05_-_Marcel_Dettmann_-_Train_Wreck_Mix,_RBMA_Radio",,6,,Marcel Dettmann,Rerun [MDR],Marcel Dettmann - Rerun [MDR]
"2010-05 - Marcel Dettmann - Train Wreck Mix, RBMA Radio","https://www.mixesdb.com/w/2010-05_-_Marcel_Dettmann_-_Train_Wreck_Mix,_RBMA_Radio",,7,,JP Buckle,One For The Ladeez [Rephlex],JP Buckle - One For The Ladeez [Rephlex]
"2010-05 - Marcel Dettmann - Train Wreck Mix, RBMA Radio","https://www.mixesdb.com/w/2010-05_-_Marcel_Dettmann_-_Train_Wreck_Mix,_RBMA_Radio",,8,,Robert Hood,Sleep Cycle [M-Plant],Robert Hood - Sleep Cycle [M-Plant]
"2010-05 - Marcel Dettmann - Train Wreck Mix, RBMA Radio","https://www.mixesdb.com/w/2010-05_-_Marcel_Dettmann_-_Train_Wreck_Mix,_RBMA_Radio",,9,,Planetary Assault Systems,Hold It [Ostgut Ton],Planetary Assault Systems - Hold It [Ostgut Ton]
"2010-05 - Marcel Dettmann - Train Wreck Mix, RBMA Radio","https://www.mixesdb.com/w/2010-05_-_Marcel_Dettmann_-_Train_Wreck_Mix,_RBMA_Radio",,10,,Marcel Dettmann,Irritant [Ostgut Ton],Marcel Dettmann - Irritant [Ostgut Ton]
"2010-05 - Marcel Dettmann - Train Wreck Mix, RBMA Radio","https://www.mixesdb.com/w/2010-05_-_Marcel_Dettmann_-_Train_Wreck_Mix,_RBMA_Radio",,11,,Shake,Mr. Gone Is Back Again [Frictional],Shake - Mr. Gone Is Back Again [Frictional]
"2010-05 - Marcel Dettmann - Train Wreck Mix, RBMA Radio","https://www.mixesdb.com/w/2010-05_-_Marcel_Dettmann_-_Train_Wreck_Mix,_RBMA_Radio",,12,,Bam Bam,Make U Scream [Desire],Bam Bam - Make U Scream [Desire]
"2010-05 - Marcel Dettmann - Train Wreck Mix, RBMA Radio","https://www.mixesdb.com/w/2010-05_-_Marcel_Dettmann_-_Train_Wreck_Mix,_RBMA_Radio",,13,,Sascha Rydell,Contraire [Fachwerk],Sascha Rydell - Contraire [Fachwerk]
"2010-05 - Marcel Dettmann - Train Wreck Mix, RBMA Radio","https://www.mixesdb.com/w/2010-05_-_Marcel_Dettmann_-_Train_Wreck_Mix,_RBMA_Radio",,14,,Kenny Larkin,Glob (Kenny Larkin Remix) [Planet E],Kenny Larkin - Glob (Kenny Larkin Remix) [Planet E]
"2010-05 - Marcel Dettmann - Train Wreck Mix, RBMA Radio","https://www.mixesdb.com/w/2010-05_-_Marcel_Dettmann_-_Train_Wreck_Mix,_RBMA_Radio",,15,,Rolando,Junie [Unreleased],Rolando - Junie [Unreleased]
"2013-12-31 - Marcel Dettmann @ Amore Music Experience, Rome","https://www.mixesdb.com/w/2013-12-31_-_Marcel_Dettmann_@_Amore_Music_Experience,_Rome",,1,00,Alden Tyrell,Some House [Clone Jack For Daze - CJFD 19],Alden Tyrell - Some House [Clone Jack For Daze - CJFD 19]
"2013-12-31 - Marcel Dettmann @ Amore Music Experience, Rome","https://www.mixesdb.com/w/2013-12-31_-_Marcel_Dettmann_@_Amore_Music_Experience,_Rome",,2,06,Specter,Zodiak,Specter - Zodiak
"2013-12-31 - Marcel Dettmann @ Amore Music Experience, Rome","https://www.mixesdb.com/w/2013-12-31_-_Marcel_Dettmann_@_Amore_Music_Experience,_Rome",,3,09,Developer,Drive Themes [Mote Evolver - MOTE 036D],Developer - Drive Themes [Mote Evolver - MOTE 036D]
"2013-12-31 - Marcel Dettmann @ Amore Music Experience, Rome","https://www.mixesdb.com/w/2013-12-31_-_Marcel_Dettmann_@_Amore_Music_Experience,_Rome",,4,14,Heiko Laux,Souldancer (Jonas Kopp Remix) [Kanzleramt - KA 161],Heiko Laux - Souldancer (Jonas Kopp Remix) [Kanzleramt - KA 161]
"2013-12-31 - Marcel Dettmann @ Amore Music Experience, Rome","https://www.mixesdb.com/w/2013-12-31_-_Marcel_Dettmann_@_Amore_Music_Experience,_Rome",,5,17,,?,?
"2013-12-31 - Marcel Dettmann @ Amore Music Experience, Rome","https://www.mixesdb.com/w/2013-12-31_-_Marcel_Dettmann_@_Amore_Music_Experience,_Rome",,6,19,Outline,Encounter [Blueprint - BP-R 01],Outline - Encounter [Blueprint - BP-R 01]
"2013-12-31 - Marcel Dettmann @ Amore Music Experience, Rome","https://www.mixesdb.com/w/2013-12-31_-_Marcel_Dettmann_@_Amore_Music_Experience,_Rome",,7,23,,?,?
"2013-12-31 - Marcel Dettmann @ Amore Music Experience, Rome","https://www.mixesdb.com/w/2013-12-31_-_Marcel_Dettmann_@_Amore_Music_Experience,_Rome",,8,28,Tomohiko Sagae,Endurance [Authentic Pew - 100542 89],Tomohiko Sagae - Endurance [Authentic Pew - 100542 89]
"2013-12-31 - Marcel Dettmann @ Amore Music Experience, Rome","https://www.mixesdb.com/w/2013-12-31_-_Marcel_Dettmann_@_Amore_Music_Experience,_Rome",,9,32,,?,?
"2013-12-31 - Marcel Dettmann @ Amore Music Experience, Rome","https://www.mixesdb.com/w/2013-12-31_-_Marcel_Dettmann_@_Amore_Music_Experience,_Rome",,10,34,,?,?
"2013-12-31 - Marcel Dettmann @ Amore Music Experience, Rome","https://www.mixesdb.com/w/2013-12-31_-_Marcel_Dettmann_@_Amore_Music_Experience,_Rome",,11,36,Robert Hood,Eleven [M-Plant - M.PM 18],Robert Hood - Eleven [M-Plant - M.PM 18]
"2013-12-31 - Marcel Dettmann @ Amore Music Experience, Rome","https://www.mixesdb.com/w/2013-12-31_-_Marcel_Dettmann_@_Amore_Music_Experience,_Rome",,12,40,Kobosil,Asle [Marcel Dettmann - MDR 010],Kobosil - Asle [Marcel Dettmann - MDR 010]
"2019-04-01 - Marcel Dettmann - Residency, BBC Radio 1","https://www.mixesdb.com/w/2019-04-01_-_Marcel_Dettmann_-_Residency,_BBC_Radio_1",,1,,3 Phase,The Sun [Planet Berlin],3 Phase - The Sun [Planet Berlin]
"2019-04-01 - Marcel Dettmann - Residency, BBC Radio 1","https://www.mixesdb.com/w/2019-04-01_-_Marcel_Dettmann_-_Residency,_BBC_Radio_1",,2,,Basic Channel,Q1.1/I [Basic Channel],Basic Channel - Q1.1/I [Basic Channel]
"2019-04-01 - Marcel Dettmann - Residency, BBC Radio 1","https://www.mixesdb.com/w/2019-04-01_-_Marcel_Dettmann_-_Residency,_BBC_Radio_1",,3,,Beroshima,Deebeephunky [Müller],Beroshima - Deebeephunky [Müller]
"2019-04-01 - Marcel Dettmann - Residency, BBC Radio 1","https://www.mixesdb.com/w/2019-04-01_-_Marcel_Dettmann_-_Residency,_BBC_Radio_1",,4,,Scion,Emerge1 [Chain Reaction],Scion - Emerge1 [Chain Reaction]
"2019-04-01 - Marcel Dettmann - Residency, BBC Radio 1","https://www.mixesdb.com/w/2019-04-01_-_Marcel_Dettmann_-_Residency,_BBC_Radio_1",,5,,Traktor,Traktor V12 [Traktor],Traktor - Traktor V12 [Traktor]
"2019-04-01 - Marcel Dettmann - Residency, BBC Radio 1","https://www.mixesdb.com/w/2019-04-01_-_Marcel_Dettmann_-_Residency,_BBC_Radio_1",,6,,Euphorhythm,Trans4mator [Space Teddy],Euphorhythm - Trans4mator [Space Teddy]
"2019-04-01 - Marcel Dettmann - Residency, BBC Radio 1","https://www.mixesdb.com/w/2019-04-01_-_Marcel_Dettmann_-_Residency,_BBC_Radio_1",,7,,Hecate & Kareem,The Payback A1 [Zhark],Hecate & Kareem - The Payback A1 [Zhark]
"2019-04-01 - Marcel Dettmann - Residency, BBC Radio 1","https://www.mixesdb.com/w/2019-04-01_-_Marcel_Dettmann_-_Residency,_BBC_Radio_1",,8,,Rok & Jonzon,Sequential Polka [International Deejay Gigolo],Rok & Jonzon - Sequential Polka [International Deejay Gigolo]
"2019-04-01 - Marcel Dettmann - Residency, BBC Radio 1","https://www.mixesdb.com/w/2019-04-01_-_Marcel_Dettmann_-_Residency,_BBC_Radio_1",,9,,Continuous Mode,Direct Out (Mode 2) [Chain Reaction],Continuous Mode - Direct Out (Mode 2) [Chain Reaction]
"2019-04-01 - Marcel Dettmann - Residency, BBC Radio 1","https://www.mixesdb.com/w/2019-04-01_-_Marcel_Dettmann_-_Residency,_BBC_Radio_1",,10,,Maurizio,Eyele [Maurizio],Maurizio - Eyele [Maurizio]
"2019-04-01 - Marcel Dettmann - Residency, BBC Radio 1","https://www.mixesdb.com/w/2019-04-01_-_Marcel_Dettmann_-_Residency,_BBC_Radio_1",,11,,Jonzon,The Lure [Space Teddy],Jonzon - The Lure [Space Teddy]
"2019-04-01 - Marcel Dettmann - Residency, BBC Radio 1","https://www.mixesdb.com/w/2019-04-01_-_Marcel_Dettmann_-_Residency,_BBC_Radio_1",,12,,Round One,I'm Your Brother (Club Version),Round One - I'm Your Brother (Club Version)
"2019-04-01 - Marcel Dettmann - Residency, BBC Radio 1","https://www.mixesdb.com/w/2019-04-01_-_Marcel_Dettmann_-_Residency,_BBC_Radio_1",,13,,Kotai + Mo,Silencer [Elekro Music Department],Kotai + Mo - Silencer [Elekro Music Department]
"2019-04-01 - Marcel Dettmann - Residency, BBC Radio 1","https://www.mixesdb.com/w/2019-04-01_-_Marcel_Dettmann_-_Residency,_BBC_Radio_1",,14,,Substance,Relish [Chain Reaction],Substance - Relish [Chain Reaction]
"2019-04-01 - Marcel Dettmann - Residency, BBC Radio 1","https://www.mixesdb.com/w/2019-04-01_-_Marcel_Dettmann_-_Residency,_BBC_Radio_1",,15,,Trike,Talk Back [International Deejay Gigolo],Trike - Talk Back [International Deejay Gigolo]
2012-03-06 - Unknown Artist - Marcel Dettmann Special (Deep Space Helsinki),https://www.mixesdb.com/w/2012-03-06_-_Unknown_Artist_-_Marcel_Dettmann_Special_(Deep_Space_Helsinki),,1,,Dettmann & Klock,Dawning [Ostgut Ton],Dettmann & Klock - Dawning [Ostgut Ton]
2012-03-06 - Unknown Artist - Marcel Dettmann Special (Deep Space Helsinki),https://www.mixesdb.com/w/2012-03-06_-_Unknown_Artist_-_Marcel_Dettmann_Special_(Deep_Space_Helsinki),,2,,Marcel Dettmann,Let's Do It [MDR],Marcel Dettmann - Let's Do It [MDR]
2012-03-06 - Unknown Artist - Marcel Dettmann Special (Deep Space Helsinki),https://www.mixesdb.com/w/2012-03-06_-_Unknown_Artist_-_Marcel_Dettmann_Special_(Deep_Space_Helsinki),,3,,Marcel Dettmann,Quicksand [Ostgut Ton],Marcel Dettmann - Quicksand [Ostgut Ton]
2012-03-06 - Unknown Artist - Marcel Dettmann Special (Deep Space Helsinki),https://www.mixesdb.com/w/2012-03-06_-_Unknown_Artist_-_Marcel_Dettmann_Special_(Deep_Space_Helsinki),,4,,Ellen Allien,Go (Marcel Dettmann Remix) [BPitch Control],Ellen Allien - Go (Marcel Dettmann Remix) [BPitch Control]
2012-03-06 - Unknown Artist - Marcel Dettmann Special (Deep Space Helsinki),https://www.mixesdb.com/w/2012-03-06_-_Unknown_Artist_-_Marcel_Dettmann_Special_(Deep_Space_Helsinki),,5,,Mr. G,U Askin'? (Marcel Dettmann Remix) [Rekids],Mr. G - U Askin'? (Marcel Dettmann Remix) [Rekids]
2012-03-06 - Unknown Artist - Marcel Dettmann Special (Deep Space Helsinki),https://www.mixesdb.com/w/2012-03-06_-_Unknown_Artist_-_Marcel_Dettmann_Special_(Deep_Space_Helsinki),,6,,Marcel Dettmann,Screen [Ostgut Ton],Marcel Dettmann - Screen [Ostgut Ton]
2012-03-06 - Unknown Artist - Marcel Dettmann Special (Deep Space Helsinki),https://www.mixesdb.com/w/2012-03-06_-_Unknown_Artist_-_Marcel_Dettmann_Special_(Deep_Space_Helsinki),,7,,Svreca,Obscur (Marcel Dettmann Remix) [Semantica],Svreca - Obscur (Marcel Dettmann Remix) [Semantica]
2012-03-06 - Unknown Artist - Marcel Dettmann Special (Deep Space Helsinki),https://www.mixesdb.com/w/2012-03-06_-_Unknown_Artist_-_Marcel_Dettmann_Special_(Deep_Space_Helsinki),,8,,Dettmann & Klock,Places Like This [Ostgut Ton],Dettmann & Klock - Places Like This [Ostgut Ton]
2012-03-06 - Unknown Artist - Marcel Dettmann Special (Deep Space Helsinki),https://www.mixesdb.com/w/2012-03-06_-_Unknown_Artist_-_Marcel_Dettmann_Special_(Deep_Space_Helsinki),,9,,Emika,Count Backwards (Marcel Dettmann Remix) [Ninja Tune],Emika - Count Backwards (Marcel Dettmann Remix) [Ninja Tune]
2012-03-06 - Unknown Artist - Marcel Dettmann Special (Deep Space Helsinki),https://www.mixesdb.com/w/2012-03-06_-_Unknown_Artist_-_Marcel_Dettmann_Special_(Deep_Space_Helsinki),,10,,Pär Grindvik,Continue In My Words (Dettmann & Klock Remix) [Spectral Sound],Pär Grindvik - Continue In My Words (Dettmann & Klock Remix) [Spectral Sound]
2012-03-06 - Unknown Artist - Marcel Dettmann Special (Deep Space Helsinki),https://www.mixesdb.com/w/2012-03-06_-_Unknown_Artist_-_Marcel_Dettmann_Special_(Deep_Space_Helsinki),,11,,Francois X,Code Red (Marcel Dettmann Remix) [Deeply Rooted House],Francois X - Code Red (Marcel Dettmann Remix) [Deeply Rooted House]
2012-03-06 - Unknown Artist - Marcel Dettmann Special (Deep Space Helsinki),https://www.mixesdb.com/w/2012-03-06_-_Unknown_Artist_-_Marcel_Dettmann_Special_(Deep_Space_Helsinki),,12,,Marcel Dettmann,Landscape [Music Man],Marcel Dettmann - Landscape [Music Man]
2012-03-06 - Unknown Artist - Marcel Dettmann Special (Deep Space Helsinki),https://www.mixesdb.com/w/2012-03-06_-_Unknown_Artist_-_Marcel_Dettmann_Special_(Deep_Space_Helsinki),,13,,Delta Funktionen,Silhouette (Marcel Dettmann Remix) [Delsin],Delta Funktionen - Silhouette (Marcel Dettmann Remix) [Delsin]
2012-03-06 - Unknown Artist - Marcel Dettmann Special (Deep Space Helsinki),https://www.mixesdb.com/w/2012-03-06_-_Unknown_Artist_-_Marcel_Dettmann_Special_(Deep_Space_Helsinki),,14,,Morphosis,Too Far (Marcel Dettmann Definition 2) [Delsin],Morphosis - Too Far (Marcel Dettmann Definition 2) [Delsin]
2012-03-06 - Unknown Artist - Marcel Dettmann Special (Deep Space Helsinki),https://www.mixesdb.com/w/2012-03-06_-_Unknown_Artist_-_Marcel_Dettmann_Special_(Deep_Space_Helsinki),,15,,Marcel Dettmann,Plain [Beatstreet],Marcel Dettmann - Plain [Beatstreet]
2012-03-06 - Unknown Artist - Marcel Dettmann Special (Deep Space Helsinki),https://www.mixesdb.com/w/2012-03-06_-_Unknown_Artist_-_Marcel_Dettmann_Special_(Deep_Space_Helsinki),,16,,Marcel Dettmann,Lattice [MDR],Marcel Dettmann - Lattice [MDR]
2012-03-06 - Unknown Artist - Marcel Dettmann Special (Deep Space Helsinki),https://www.mixesdb.com/w/2012-03-06_-_Unknown_Artist_-_Marcel_Dettmann_Special_(Deep_Space_Helsinki),,17,,Deetron,Let's Get Over It (Marcel Dettmann Remix) [Music Man],Deetron - Let's Get Over It (Marcel Dettmann Remix) [Music Man]
2012-03-06 - Unknown Artist - Marcel Dettmann Special (Deep Space Helsinki),https://www.mixesdb.com/w/2012-03-06_-_Unknown_Artist_-_Marcel_Dettmann_Special_(Deep_Space_Helsinki),,18,,Fever Ray,Seven (Macel Dettmann's Voice In My Head) [Rabid],Fever Ray - Seven (Macel Dettmann's Voice In My Head) [Rabid]
2012-03-06 - Unknown Artist - Marcel Dettmann Special (Deep Space Helsinki),https://www.mixesdb.com/w/2012-03-06_-_Unknown_Artist_-_Marcel_Dettmann_Special_(Deep_Space_Helsinki),,19,,Marcel Dettmann,Translation One [Ostgut Ton],Marcel Dettmann - Translation One [Ostgut Ton]
2012-03-06 - Unknown Artist - Marcel Dettmann Special (Deep Space Helsinki),https://www.mixesdb.com/w/2012-03-06_-_Unknown_Artist_-_Marcel_Dettmann_Special_(Deep_Space_Helsinki),,20,,Terence Fixmer,Dance Like Paranoid (Marcel Dettmann Remix) [Electric Deluxe],Terence Fixmer - Dance Like Paranoid (Marcel Dettmann Remix) [Electric Deluxe]
2012-03-06 - Unknown Artist - Marcel Dettmann Special (Deep Space Helsinki),https://www.mixesdb.com/w/2012-03-06_-_Unknown_Artist_-_Marcel_Dettmann_Special_(Deep_Space_Helsinki),,21,,Marcel Dettmann,Captivate [Ostgut Ton],Marcel Dettmann - Captivate [Ostgut Ton]
2012-03-06 - Unknown Artist - Marcel Dettmann Special (Deep Space Helsinki),https://www.mixesdb.com/w/2012-03-06_-_Unknown_Artist_-_Marcel_Dettmann_Special_(Deep_Space_Helsinki),,22,,Marcel Dettmann,Helix [Diamonds & Pearls],Marcel Dettmann - Helix [Diamonds & Pearls]
2012-03-06 - Unknown Artist - Marcel Dettmann Special (Deep Space Helsinki),https://www.mixesdb.com/w/2012-03-06_-_Unknown_Artist_-_Marcel_Dettmann_Special_(Deep_Space_Helsinki),,23,,Marcel Dettmann,Duel [50 Weapons],Marcel Dettmann - Duel [50 Weapons]
2012-03-06 - Unknown Artist - Marcel Dettmann Special (Deep Space Helsinki),https://www.mixesdb.com/w/2012-03-06_-_Unknown_Artist_-_Marcel_Dettmann_Special_(Deep_Space_Helsinki),,24,,Deuce,Twerp Wiz [Ostgut Ton],Deuce - Twerp Wiz [Ostgut Ton]
"2019-08-04 - Marcel Dettmann - Residency, BBC Radio 1","https://www.mixesdb.com/w/2019-08-04_-_Marcel_Dettmann_-_Residency,_BBC_Radio_1",,1,,Delroy Edwards,Crazy Cool Beats [L.I.E.S.],Delroy Edwards - Crazy Cool Beats [L.I.E.S.]
"2019-08-04 - Marcel Dettmann - Residency, BBC Radio 1","https://www.mixesdb.com/w/2019-08-04_-_Marcel_Dettmann_-_Residency,_BBC_Radio_1",,2,,Cabaret Voltaire,Low Cool (Marcel Dettmann Edit),Cabaret Voltaire - Low Cool (Marcel Dettmann Edit)
"2019-08-04 - Marcel Dettmann - Residency, BBC Radio 1","https://www.mixesdb.com/w/2019-08-04_-_Marcel_Dettmann_-_Residency,_BBC_Radio_1",,3,,Zwischenwelt,Clairvoyant [Clone Aqualung Series],Zwischenwelt - Clairvoyant [Clone Aqualung Series]
"2019-08-04 - Marcel Dettmann - Residency, BBC Radio 1","https://www.mixesdb.com/w/2019-08-04_-_Marcel_Dettmann_-_Residency,_BBC_Radio_1",,4,,Exterminador,Pericos [Bad Manners],Exterminador - Pericos [Bad Manners]
"2019-08-04 - Marcel Dettmann - Residency, BBC Radio 1","https://www.mixesdb.com/w/2019-08-04_-_Marcel_Dettmann_-_Residency,_BBC_Radio_1",,5,,Head Front Panel,B2 [Head Front Panel #11],Head Front Panel - B2 [Head Front Panel #11]
"2019-08-04 - Marcel Dettmann - Residency, BBC Radio 1","https://www.mixesdb.com/w/2019-08-04_-_Marcel_Dettmann_-_Residency,_BBC_Radio_1",,6,,Gemini,Welcome To The Future [Relief],Gemini - Welcome To The Future [Relief]
"2019-08-04 - Marcel Dettmann - Residency, BBC Radio 1","https://www.mixesdb.com/w/2019-08-04_-_Marcel_Dettmann_-_Residency,_BBC_Radio_1",,7,,Tuning Circuits,I Am A Non Believer [MRT],Tuning Circuits - I Am A Non Believer [MRT]
"2019-08-04 - Marcel Dettmann - Residency, BBC Radio 1","https://www.mixesdb.com/w/2019-08-04_-_Marcel_Dettmann_-_Residency,_BBC_Radio_1",,8,,Stump Valley,Ritmo Atomico [Dekmantel],Stump Valley - Ritmo Atomico [Dekmantel]
"2019-08-04 - Marcel Dettmann - Residency, BBC Radio 1","https://www.mixesdb.com/w/2019-08-04_-_Marcel_Dettmann_-_Residency,_BBC_Radio_1",,9,,Limit-Xperience,Salomé [Orden Extática],Limit-Xperience - Salomé [Orden Extática]
"2019-08-04 - Marcel Dettmann - Residency, BBC Radio 1","https://www.mixesdb.com/w/2019-08-04_-_Marcel_Dettmann_-_Residency,_BBC_Radio_1",,10,,Vril,Verkunstungstraktat [Bad Manners],Vril - Verkunstungstraktat [Bad Manners]
"2019-08-04 - Marcel Dettmann - Residency, BBC Radio 1","https://www.mixesdb.com/w/2019-08-04_-_Marcel_Dettmann_-_Residency,_BBC_Radio_1",,11,,Gherkin Jerks,Blast Off [Gherkin],Gherkin Jerks - Blast Off [Gherkin]
"2019-08-04 - Marcel Dettmann - Residency, BBC Radio 1","https://www.mixesdb.com/w/2019-08-04_-_Marcel_Dettmann_-_Residency,_BBC_Radio_1",,12,,Project STS-31,"50,000 Light-Years Away [Solar One Music]","Project STS-31 - 50,000 Light-Years Away [Solar One Music]"
"2019-08-04 - Marcel Dettmann - Residency, BBC Radio 1","https://www.mixesdb.com/w/2019-08-04_-_Marcel_Dettmann_-_Residency,_BBC_Radio_1",,13,,NRSB-11,Offshore Banking [WéMè],NRSB-11 - Offshore Banking [WéMè]
"2019-08-04 - Marcel Dettmann - Residency, BBC Radio 1","https://www.mixesdb.com/w/2019-08-04_-_Marcel_Dettmann_-_Residency,_BBC_Radio_1",,14,,LSD,Process 4 [LSD],LSD - Process 4 [LSD]
"2019-08-04 - Marcel Dettmann - Residency, BBC Radio 1","https://www.mixesdb.com/w/2019-08-04_-_Marcel_Dettmann_-_Residency,_BBC_Radio_1",,15,,Missing Channel,The Edge Of Infinity [HardWax],Missing Channel - The Edge Of Infinity [HardWax]
"2019-06-03 - Marcel Dettmann - Residency, BBC Radio 1","https://www.mixesdb.com/w/2019-06-03_-_Marcel_Dettmann_-_Residency,_BBC_Radio_1",,1,,Univac,Positron [Moustache],Univac - Positron [Moustache]
"2019-06-03 - Marcel Dettmann - Residency, BBC Radio 1","https://www.mixesdb.com/w/2019-06-03_-_Marcel_Dettmann_-_Residency,_BBC_Radio_1",,2,,?,Unknown [Shelter],? - Unknown [Shelter]
"2019-06-03 - Marcel Dettmann - Residency, BBC Radio 1","https://www.mixesdb.com/w/2019-06-03_-_Marcel_Dettmann_-_Residency,_BBC_Radio_1",,3,,Alex The Fairy,Tempomat [Finders Fee],Alex The Fairy - Tempomat [Finders Fee]
"2019-06-03 - Marcel Dettmann - Residency, BBC Radio 1","https://www.mixesdb.com/w/2019-06-03_-_Marcel_Dettmann_-_Residency,_BBC_Radio_1",,4,,Steve Bicknell,Pattern Of Supression [6dimensions],Steve Bicknell - Pattern Of Supression [6dimensions]
"2019-06-03 - Marcel Dettmann - Residency, BBC Radio 1","https://www.mixesdb.com/w/2019-06-03_-_Marcel_Dettmann_-_Residency,_BBC_Radio_1",,5,,Sleeparchive,Trust (V.2) [Tresor],Sleeparchive - Trust (V.2) [Tresor]
"2019-06-03 - Marcel Dettmann - Residency, BBC Radio 1","https://www.mixesdb.com/w/2019-06-03_-_Marcel_Dettmann_-_Residency,_BBC_Radio_1",,6,,Alessandro Adriani,Rotazione Sincrona [Mannequin],Alessandro Adriani - Rotazione Sincrona [Mannequin]
"2019-06-03 - Marcel Dettmann - Residency, BBC Radio 1","https://www.mixesdb.com/w/2019-06-03_-_Marcel_Dettmann_-_Residency,_BBC_Radio_1",,7,,Doc Sleep,In Silico [Dark Entries],Doc Sleep - In Silico [Dark Entries]
"2019-06-03 - Marcel Dettmann - Residency, BBC Radio 1","https://www.mixesdb.com/w/2019-06-03_-_Marcel_Dettmann_-_Residency,_BBC_Radio_1",,8,,Mark Broom,Drift (Dub Mix) [Frame Of Mind],Mark Broom - Drift (Dub Mix) [Frame Of Mind]
"2019-06-03 - Marcel Dettmann - Residency, BBC Radio 1","https://www.mixesdb.com/w/2019-06-03_-_Marcel_Dettmann_-_Residency,_BBC_Radio_1",,9,,XDB,Another Night [Release/Sustain],XDB - Another Night [Release/Sustain]
"2019-06-03 - Marcel Dettmann - Residency, BBC Radio 1","https://www.mixesdb.com/w/2019-06-03_-_Marcel_Dettmann_-_Residency,_BBC_Radio_1",,10,,Cardopusher,Nambu Line Dub [Dark Entries],Cardopusher - Nambu Line Dub [Dark Entries]
"2019-06-03 - Marcel Dettmann - Residency, BBC Radio 1","https://www.mixesdb.com/w/2019-06-03_-_Marcel_Dettmann_-_Residency,_BBC_Radio_1",,11,,Claudia Anderson,Structure [Tresor],Claudia Anderson - Structure [Tresor]
"2019-06-03 - Marcel Dettmann - Residency, BBC Radio 1","https://www.mixesdb.com/w/2019-06-03_-_Marcel_Dettmann_-_Residency,_BBC_Radio_1",,12,,Buffered Multiple,Prime Time [Pomelo],Buffered Multiple - Prime Time [Pomelo]
"2019-06-03 - Marcel Dettmann - Residency, BBC Radio 1","https://www.mixesdb.com/w/2019-06-03_-_Marcel_Dettmann_-_Residency,_BBC_Radio_1",,13,,Eduardo De La Calle,Vimahas [Anemone],Eduardo De La Calle - Vimahas [Anemone]
"2019-06-03 - Marcel Dettmann - Residency, BBC Radio 1","https://www.mixesdb.com/w/2019-06-03_-_Marcel_Dettmann_-_Residency,_BBC_Radio_1",,14,,Luke Slater,Love (Marcel Dettmann City Remix) [MOTE-EVOLVER],Luke Slater - Love (Marcel Dettmann City Remix) [MOTE-EVOLVER]
"2019-06-03 - Marcel Dettmann - Residency, BBC Radio 1","https://www.mixesdb.com/w/2019-06-03_-_Marcel_Dettmann_-_Residency,_BBC_Radio_1",,15,,Mono Junk,Sukeon [Forbidden Planet],Mono Junk - Sukeon [Forbidden Planet]
"2019-06-03 - Marcel Dettmann - Residency, BBC Radio 1","https://www.mixesdb.com/w/2019-06-03_-_Marcel_Dettmann_-_Residency,_BBC_Radio_1",,16,,Model 500,Wanderer (Derrick May Remix) [Transmat],Model 500 - Wanderer (Derrick May Remix) [Transmat]
2013-10-29 - Marcel Dettmann - Groove Podcast 22,https://www.mixesdb.com/w/2013-10-29_-_Marcel_Dettmann_-_Groove_Podcast_22,,1,00,Chris Carter,Interloop [Optimo - OMCC 01],Chris Carter - Interloop [Optimo - OMCC 01]
2013-10-29 - Marcel Dettmann - Groove Podcast 22,https://www.mixesdb.com/w/2013-10-29_-_Marcel_Dettmann_-_Groove_Podcast_22,,2,05,Ultravox,Visions In Blue,Ultravox - Visions In Blue
2013-10-29 - Marcel Dettmann - Groove Podcast 22,https://www.mixesdb.com/w/2013-10-29_-_Marcel_Dettmann_-_Groove_Podcast_22,,3,09,Deaf Center,Lamp Mien,Deaf Center - Lamp Mien
2013-10-29 - Marcel Dettmann - Groove Podcast 22,https://www.mixesdb.com/w/2013-10-29_-_Marcel_Dettmann_-_Groove_Podcast_22,,4,13,Kraftwerk,Sexobjekt,Kraftwerk - Sexobjekt
2013-10-29 - Marcel Dettmann - Groove Podcast 22,https://www.mixesdb.com/w/2013-10-29_-_Marcel_Dettmann_-_Groove_Podcast_22,,5,20,Psyche,The Saint Became A Lush [Strut - 107CD],Psyche - The Saint Became A Lush [Strut - 107CD]
2013-10-29 - Marcel Dettmann - Groove Podcast 22,https://www.mixesdb.com/w/2013-10-29_-_Marcel_Dettmann_-_Groove_Podcast_22,,6,26,Klinik,Nautilus,Klinik - Nautilus
2013-10-29 - Marcel Dettmann - Groove Podcast 22,https://www.mixesdb.com/w/2013-10-29_-_Marcel_Dettmann_-_Groove_Podcast_22,,7,34,The Cure,All Cats Are Grey [Late Night Tales - ALND 15],The Cure - All Cats Are Grey [Late Night Tales - ALND 15]
2013-10-29 - Marcel Dettmann - Groove Podcast 22,https://www.mixesdb.com/w/2013-10-29_-_Marcel_Dettmann_-_Groove_Podcast_22,,8,39,Eric Zann,Threshold,Eric Zann - Threshold
2013-10-29 - Marcel Dettmann - Groove Podcast 22,https://www.mixesdb.com/w/2013-10-29_-_Marcel_Dettmann_-_Groove_Podcast_22,,9,42,HTRK,Eat Yr Heart [Blast First Petite - PTYT 062],HTRK - Eat Yr Heart [Blast First Petite - PTYT 062]
2013-10-29 - Marcel Dettmann - Groove Podcast 22,https://www.mixesdb.com/w/2013-10-29_-_Marcel_Dettmann_-_Groove_Podcast_22,,10,45,Monotone,Teil 3,Monotone - Teil 3
2013-10-29 - Marcel Dettmann - Groove Podcast 22,https://www.mixesdb.com/w/2013-10-29_-_Marcel_Dettmann_-_Groove_Podcast_22,,11,49,Siouxsie & The Banshees,Red Light,Siouxsie & The Banshees - Red Light
2013-10-29 - Marcel Dettmann - Groove Podcast 22,https://www.mixesdb.com/w/2013-10-29_-_Marcel_Dettmann_-_Groove_Podcast_22,,12,52,League Of Nations,Systematic Eyes,League Of Nations - Systematic Eyes
2013-10-29 - Marcel Dettmann - Groove Podcast 22,https://www.mixesdb.com/w/2013-10-29_-_Marcel_Dettmann_-_Groove_Podcast_22,,13,56,Iron Curtain,The Burning,Iron Curtain - The Burning
"2019-05-06 - Marcel Dettmann - Residency, BBC Radio 1","https://www.mixesdb.com/w/2019-05-06_-_Marcel_Dettmann_-_Residency,_BBC_Radio_1",,1,,Strange Birds,Bird Shit 3 [WT],Strange Birds - Bird Shit 3 [WT]
"2019-05-06 - Marcel Dettmann - Residency, BBC Radio 1","https://www.mixesdb.com/w/2019-05-06_-_Marcel_Dettmann_-_Residency,_BBC_Radio_1",,2,,TV.OUT,Safe House [L.I.E.S],TV.OUT - Safe House [L.I.E.S]
"2019-05-06 - Marcel Dettmann - Residency, BBC Radio 1","https://www.mixesdb.com/w/2019-05-06_-_Marcel_Dettmann_-_Residency,_BBC_Radio_1",,3,,Nitzer Ebb,Shame [Unreleased],Nitzer Ebb - Shame [Unreleased]
"2019-05-06 - Marcel Dettmann - Residency, BBC Radio 1","https://www.mixesdb.com/w/2019-05-06_-_Marcel_Dettmann_-_Residency,_BBC_Radio_1",,4,,Fred Ventura,Technologies (Alessandro Adriani Extended Version) [Mannequin],Fred Ventura - Technologies (Alessandro Adriani Extended Version) [Mannequin]
"2019-05-06 - Marcel Dettmann - Residency, BBC Radio 1","https://www.mixesdb.com/w/2019-05-06_-_Marcel_Dettmann_-_Residency,_BBC_Radio_1",,5,,Jeff Mills,Helix Nebula [Str Mrkd],Jeff Mills - Helix Nebula [Str Mrkd]
"2019-05-06 - Marcel Dettmann - Residency, BBC Radio 1","https://www.mixesdb.com/w/2019-05-06_-_Marcel_Dettmann_-_Residency,_BBC_Radio_1",,6,,Skander,Leaz [Through Greater Evil],Skander - Leaz [Through Greater Evil]
"2019-05-06 - Marcel Dettmann - Residency, BBC Radio 1","https://www.mixesdb.com/w/2019-05-06_-_Marcel_Dettmann_-_Residency,_BBC_Radio_1",,7,,Sean Dixon,Our Love For Music [Innate],Sean Dixon - Our Love For Music [Innate]
"2019-05-06 - Marcel Dettmann - Residency, BBC Radio 1","https://www.mixesdb.com/w/2019-05-06_-_Marcel_Dettmann_-_Residency,_BBC_Radio_1",,8,,Exterminador,You Are Not I [Bad Manners],Exterminador - You Are Not I [Bad Manners]
"2019-05-06 - Marcel Dettmann - Residency, BBC Radio 1","https://www.mixesdb.com/w/2019-05-06_-_Marcel_Dettmann_-_Residency,_BBC_Radio_1",,9,,James Ruskin,B2 [Blueprint 54],James Ruskin - B2 [Blueprint 54]
"2019-05-06 - Marcel Dettmann - Residency, BBC Radio 1","https://www.mixesdb.com/w/2019-05-06_-_Marcel_Dettmann_-_Residency,_BBC_Radio_1",,10,,Deniro,Lonely Planet [Clone S.O.S],Deniro - Lonely Planet [Clone S.O.S]
"2019-05-06 - Marcel Dettmann - Residency, BBC Radio 1","https://www.mixesdb.com/w/2019-05-06_-_Marcel_Dettmann_-_Residency,_BBC_Radio_1",,11,,Jodey Kendrick,(CAPS) (Dub),Jodey Kendrick - (CAPS) (Dub)
"2019-05-06 - Marcel Dettmann - Residency, BBC Radio 1","https://www.mixesdb.com/w/2019-05-06_-_Marcel_Dettmann_-_Residency,_BBC_Radio_1",,12,,Exterminador,Bleeding From The Inside [Bad Manners],Exterminador - Bleeding From The Inside [Bad Manners]
"2019-05-06 - Marcel Dettmann - Residency, BBC Radio 1","https://www.mixesdb.com/w/2019-05-06_-_Marcel_Dettmann_-_Residency,_BBC_Radio_1",,13,,Boy Harsher,Come Closer [Nude Club],Boy Harsher - Come Closer [Nude Club]
"2019-05-06 - Marcel Dettmann - Residency, BBC Radio 1","https://www.mixesdb.com/w/2019-05-06_-_Marcel_Dettmann_-_Residency,_BBC_Radio_1",,14,,Locked Eyes,Forever Locked [Clone S.O.S],Locked Eyes - Forever Locked [Clone S.O.S]
"2019-05-06 - Marcel Dettmann - Residency, BBC Radio 1","https://www.mixesdb.com/w/2019-05-06_-_Marcel_Dettmann_-_Residency,_BBC_Radio_1",,15,,VC,118A (Channel) [Deslin],VC - 118A (Channel) [Deslin]
"2019-05-06 - Marcel Dettmann - Residency, BBC Radio 1","https://www.mixesdb.com/w/2019-05-06_-_Marcel_Dettmann_-_Residency,_BBC_Radio_1",,16,,Moving Thoughts,Optica [Delsin],Moving Thoughts - Optica [Delsin]
"2019-05-06 - Marcel Dettmann - Residency, BBC Radio 1","https://www.mixesdb.com/w/2019-05-06_-_Marcel_Dettmann_-_Residency,_BBC_Radio_1",,17,,Mysteric,Protonz [Dark Entries],Mysteric - Protonz [Dark Entries]
"2013-10-17 - Marcel Dettmann - Train Wreck Mix, RBMA Radio","https://www.mixesdb.com/w/2013-10-17_-_Marcel_Dettmann_-_Train_Wreck_Mix,_RBMA_Radio",,1,00,XDB,119 [Metrolux],XDB - 119 [Metrolux]
"2013-10-17 - Marcel Dettmann - Train Wreck Mix, RBMA Radio","https://www.mixesdb.com/w/2013-10-17_-_Marcel_Dettmann_-_Train_Wreck_Mix,_RBMA_Radio",,2,04,Insync vs Mysteron,Trackdown [Plink Plonk],Insync vs Mysteron - Trackdown [Plink Plonk]
"2013-10-17 - Marcel Dettmann - Train Wreck Mix, RBMA Radio","https://www.mixesdb.com/w/2013-10-17_-_Marcel_Dettmann_-_Train_Wreck_Mix,_RBMA_Radio",,3,09,Auto Repeat,You Can't Stop [SSR/Crammed - 075.2203.700],Auto Repeat - You Can't Stop [SSR/Crammed - 075.2203.700]
"2013-10-17 - Marcel Dettmann - Train Wreck Mix, RBMA Radio","https://www.mixesdb.com/w/2013-10-17_-_Marcel_Dettmann_-_Train_Wreck_Mix,_RBMA_Radio",,4,12,Cristian Vogel,Xpute The Woop Woop [Tresor],Cristian Vogel - Xpute The Woop Woop [Tresor]
"2013-10-17 - Marcel Dettmann - Train Wreck Mix, RBMA Radio","https://www.mixesdb.com/w/2013-10-17_-_Marcel_Dettmann_-_Train_Wreck_Mix,_RBMA_Radio",,5,17,Oliver Kapp,Tomorrow (People Mix) [Logistic - LOG 032CD],Oliver Kapp - Tomorrow (People Mix) [Logistic - LOG 032CD]
"2013-10-17 - Marcel Dettmann - Train Wreck Mix, RBMA Radio","https://www.mixesdb.com/w/2013-10-17_-_Marcel_Dettmann_-_Train_Wreck_Mix,_RBMA_Radio",,6,17,Marcel Dettmann,Rerun [Marcel Dettmann - MDR 06],Marcel Dettmann - Rerun [Marcel Dettmann - MDR 06]
"2013-10-17 - Marcel Dettmann - Train Wreck Mix, RBMA Radio","https://www.mixesdb.com/w/2013-10-17_-_Marcel_Dettmann_-_Train_Wreck_Mix,_RBMA_Radio",,7,20,JP Buckle,One For Da Laydeez [Rephlex],JP Buckle - One For Da Laydeez [Rephlex]
"2013-10-17 - Marcel Dettmann - Train Wreck Mix, RBMA Radio","https://www.mixesdb.com/w/2013-10-17_-_Marcel_Dettmann_-_Train_Wreck_Mix,_RBMA_Radio",,8,25,Robert Hood,Sleep Cycle [M-Plant - M.PM1],Robert Hood - Sleep Cycle [M-Plant - M.PM1]
"2013-10-17 - Marcel Dettmann - Train Wreck Mix, RBMA Radio","https://www.mixesdb.com/w/2013-10-17_-_Marcel_Dettmann_-_Train_Wreck_Mix,_RBMA_Radio",,9,28,Planetary Assault Systems,Hold It [Ostgut Ton],Planetary Assault Systems - Hold It [Ostgut Ton]
"2013-10-17 - Marcel Dettmann - Train Wreck Mix, RBMA Radio","https://www.mixesdb.com/w/2013-10-17_-_Marcel_Dettmann_-_Train_Wreck_Mix,_RBMA_Radio",,10,32,Marcel Dettmann,Irritant [Ostgut Ton],Marcel Dettmann - Irritant [Ostgut Ton]
"2013-10-17 - Marcel Dettmann - Train Wreck Mix, RBMA Radio","https://www.mixesdb.com/w/2013-10-17_-_Marcel_Dettmann_-_Train_Wreck_Mix,_RBMA_Radio",,11,36,Shake,Mr. Gone Is Back Again [Frictional - FRCT 009],Shake - Mr. Gone Is Back Again [Frictional - FRCT 009]
"2013-10-17 - Marcel Dettmann - Train Wreck Mix, RBMA Radio","https://www.mixesdb.com/w/2013-10-17_-_Marcel_Dettmann_-_Train_Wreck_Mix,_RBMA_Radio",,12,40,Bam Bam,Make U Scream [Desire - WANTX 30],Bam Bam - Make U Scream [Desire - WANTX 30]
"2013-10-17 - Marcel Dettmann - Train Wreck Mix, RBMA Radio","https://www.mixesdb.com/w/2013-10-17_-_Marcel_Dettmann_-_Train_Wreck_Mix,_RBMA_Radio",,13,46,Sascha Rydell,Contraire [Fachwerk Digital - FW 013],Sascha Rydell - Contraire [Fachwerk Digital - FW 013]
"2013-10-17 - Marcel Dettmann - Train Wreck Mix, RBMA Radio","https://www.mixesdb.com/w/2013-10-17_-_Marcel_Dettmann_-_Train_Wreck_Mix,_RBMA_Radio",,14,51,Kenny Larkin,Glob (Kenny Larkin Remix) [Planet E - PLE 65317-3],Kenny Larkin - Glob (Kenny Larkin Remix) [Planet E - PLE 65317-3]
"2013-10-17 - Marcel Dettmann - Train Wreck Mix, RBMA Radio","https://www.mixesdb.com/w/2013-10-17_-_Marcel_Dettmann_-_Train_Wreck_Mix,_RBMA_Radio",,15,54,Rolando,Junie [Ostgut Ton],Rolando - Junie [Ostgut Ton]
"2014-08-16 - Marcel Dettmann @ Kehakuma, Space, Ibiza","https://www.mixesdb.com/w/2014-08-16_-_Marcel_Dettmann_@_Kehakuma,_Space,_Ibiza",,1,00,Answer Code Request,Code [Ostgut - OSTGUTLP17],Answer Code Request - Code [Ostgut - OSTGUTLP17]
"2014-08-16 - Marcel Dettmann @ Kehakuma, Space, Ibiza","https://www.mixesdb.com/w/2014-08-16_-_Marcel_Dettmann_@_Kehakuma,_Space,_Ibiza",,2,04,Zadig,Highspeed Race Across Sector [Syncrophone - 19],Zadig - Highspeed Race Across Sector [Syncrophone - 19]
"2014-08-16 - Marcel Dettmann @ Kehakuma, Space, Ibiza","https://www.mixesdb.com/w/2014-08-16_-_Marcel_Dettmann_@_Kehakuma,_Space,_Ibiza",,3,08,Regal,Did You See It [Figure - 82],Regal - Did You See It [Figure - 82]
"2014-08-16 - Marcel Dettmann @ Kehakuma, Space, Ibiza","https://www.mixesdb.com/w/2014-08-16_-_Marcel_Dettmann_@_Kehakuma,_Space,_Ibiza",,4,10,Sterac,The Hypnoticus [Delsin - 108],Sterac - The Hypnoticus [Delsin - 108]
"2014-08-16 - Marcel Dettmann @ Kehakuma, Space, Ibiza","https://www.mixesdb.com/w/2014-08-16_-_Marcel_Dettmann_@_Kehakuma,_Space,_Ibiza",,5,16,Sterac,Rotary [Klockworks - KW 12],Sterac - Rotary [Klockworks - KW 12]
"2014-08-16 - Marcel Dettmann @ Kehakuma, Space, Ibiza","https://www.mixesdb.com/w/2014-08-16_-_Marcel_Dettmann_@_Kehakuma,_Space,_Ibiza",,6,20,DJ T 1000,Thumper [Pure Sonik - PURE 28],DJ T 1000 - Thumper [Pure Sonik - PURE 28]
"2014-08-16 - Marcel Dettmann @ Kehakuma, Space, Ibiza","https://www.mixesdb.com/w/2014-08-16_-_Marcel_Dettmann_@_Kehakuma,_Space,_Ibiza",,7,22,Deniro,Atavism [Tape - 005],Deniro - Atavism [Tape - 005]
"2014-08-16 - Marcel Dettmann @ Kehakuma, Space, Ibiza","https://www.mixesdb.com/w/2014-08-16_-_Marcel_Dettmann_@_Kehakuma,_Space,_Ibiza",,8,28,UVB,Mixtion [MORD - 009],UVB - Mixtion [MORD - 009]
"2014-08-16 - Marcel Dettmann @ Kehakuma, Space, Ibiza","https://www.mixesdb.com/w/2014-08-16_-_Marcel_Dettmann_@_Kehakuma,_Space,_Ibiza",,9,31,Anthony Parasole,7EVEN [Marcel Dettmann - MDR 016],Anthony Parasole - 7EVEN [Marcel Dettmann - MDR 016]
"2014-08-16 - Marcel Dettmann @ Kehakuma, Space, Ibiza","https://www.mixesdb.com/w/2014-08-16_-_Marcel_Dettmann_@_Kehakuma,_Space,_Ibiza",,10,36,Byetone,Morning [Bleep - BLP10D 001],Byetone - Morning [Bleep - BLP10D 001]
"2014-08-16 - Marcel Dettmann @ Kehakuma, Space, Ibiza","https://www.mixesdb.com/w/2014-08-16_-_Marcel_Dettmann_@_Kehakuma,_Space,_Ibiza",,11,40,ROD,RSPCT [Marcel Dettmann - MDR 014.2],ROD - RSPCT [Marcel Dettmann - MDR 014.2]
"2014-08-16 - Marcel Dettmann @ Kehakuma, Space, Ibiza","https://www.mixesdb.com/w/2014-08-16_-_Marcel_Dettmann_@_Kehakuma,_Space,_Ibiza",,12,44,The Outsiders,Golden Boy [Work Them - 017],The Outsiders - Golden Boy [Work Them - 017]
"2014-08-16 - Marcel Dettmann @ Kehakuma, Space, Ibiza","https://www.mixesdb.com/w/2014-08-16_-_Marcel_Dettmann_@_Kehakuma,_Space,_Ibiza",,13,48,Bicep,NRG106 [Aus - 1462],Bicep - NRG106 [Aus - 1462]
"2014-08-16 - Marcel Dettmann @ Kehakuma, Space, Ibiza","https://www.mixesdb.com/w/2014-08-16_-_Marcel_Dettmann_@_Kehakuma,_Space,_Ibiza",,14,53,DVS1,Black Russian [Klockworks - KW 13],DVS1 - Black Russian [Klockworks - KW 13]
"2012-04-21 - Marcel Dettmann @ Fuse, Brussels","https://www.mixesdb.com/w/2012-04-21_-_Marcel_Dettmann_@_Fuse,_Brussels",,1,00,Professor Genius,A Dream Of Skin [L.I.E.S.],Professor Genius - A Dream Of Skin [L.I.E.S.]
"2012-04-21 - Marcel Dettmann @ Fuse, Brussels","https://www.mixesdb.com/w/2012-04-21_-_Marcel_Dettmann_@_Fuse,_Brussels",,2,03,Jakob Altmann,OD07 [Statik Entertainment - STATIK 37],Jakob Altmann - OD07 [Statik Entertainment - STATIK 37]
"2012-04-21 - Marcel Dettmann @ Fuse, Brussels","https://www.mixesdb.com/w/2012-04-21_-_Marcel_Dettmann_@_Fuse,_Brussels",,3,06,Helium Robots,Jarza (Theo Parrish Translation 2) [Running Back - RB 031],Helium Robots - Jarza (Theo Parrish Translation 2) [Running Back - RB 031]
"2012-04-21 - Marcel Dettmann @ Fuse, Brussels","https://www.mixesdb.com/w/2012-04-21_-_Marcel_Dettmann_@_Fuse,_Brussels",,4,08,Zadig,Re-Form [Construct Re-Form],Zadig - Re-Form [Construct Re-Form]
"2012-04-21 - Marcel Dettmann @ Fuse, Brussels","https://www.mixesdb.com/w/2012-04-21_-_Marcel_Dettmann_@_Fuse,_Brussels",,5,15,DJ Funk,House The Groove [Dance Mania],DJ Funk - House The Groove [Dance Mania]
"2012-04-21 - Marcel Dettmann @ Fuse, Brussels","https://www.mixesdb.com/w/2012-04-21_-_Marcel_Dettmann_@_Fuse,_Brussels",,6,20,Octave One,Greater Good (P.A.S. Remix),Octave One - Greater Good (P.A.S. Remix)
"2012-04-21 - Marcel Dettmann @ Fuse, Brussels","https://www.mixesdb.com/w/2012-04-21_-_Marcel_Dettmann_@_Fuse,_Brussels",,7,25,Andrew Richley,Instant & Eternity [Fine - AUDIO 006-8],Andrew Richley - Instant & Eternity [Fine - AUDIO 006-8]
"2012-04-21 - Marcel Dettmann @ Fuse, Brussels","https://www.mixesdb.com/w/2012-04-21_-_Marcel_Dettmann_@_Fuse,_Brussels",,8,29,Roberto,Stepping Stone (ROD Remix) [Artform],Roberto - Stepping Stone (ROD Remix) [Artform]
"2012-04-21 - Marcel Dettmann @ Fuse, Brussels","https://www.mixesdb.com/w/2012-04-21_-_Marcel_Dettmann_@_Fuse,_Brussels",,9,32,Developer,Archivo 2 [Developer Archive],Developer - Archivo 2 [Developer Archive]
"2012-04-21 - Marcel Dettmann @ Fuse, Brussels","https://www.mixesdb.com/w/2012-04-21_-_Marcel_Dettmann_@_Fuse,_Brussels",,10,39,Random XS,Give Your Body [DJAX Upbeats - DJAX-UP-136],Random XS - Give Your Body [DJAX Upbeats - DJAX-UP-136]
"2012-04-21 - Marcel Dettmann @ Fuse, Brussels","https://www.mixesdb.com/w/2012-04-21_-_Marcel_Dettmann_@_Fuse,_Brussels",,11,44,The Nighttripper,Phuture (Robert Hood Remix),The Nighttripper - Phuture (Robert Hood Remix)
"2012-04-21 - Marcel Dettmann @ Fuse, Brussels","https://www.mixesdb.com/w/2012-04-21_-_Marcel_Dettmann_@_Fuse,_Brussels",,12,48,Unbalance,Fluid (Jonas Kopp Remix) [Mutex - MUX 005],Unbalance - Fluid (Jonas Kopp Remix) [Mutex - MUX 005]
"2012-04-21 - Marcel Dettmann @ Fuse, Brussels","https://www.mixesdb.com/w/2012-04-21_-_Marcel_Dettmann_@_Fuse,_Brussels",,13,55,DJ HMC,Battery Powered [VAST],DJ HMC - Battery Powered [VAST]
"2012-04-21 - Marcel Dettmann @ Fuse, Brussels","https://www.mixesdb.com/w/2012-04-21_-_Marcel_Dettmann_@_Fuse,_Brussels",,14,60,Phase,Binary Opposition (Process 1),Phase - Binary Opposition (Process 1)
"2012-04-21 - Marcel Dettmann @ Fuse, Brussels","https://www.mixesdb.com/w/2012-04-21_-_Marcel_Dettmann_@_Fuse,_Brussels",,15,65,Puresque,Salamander [Tresor - 249],Puresque - Salamander [Tresor - 249]
"2012-04-21 - Marcel Dettmann @ Fuse, Brussels","https://www.mixesdb.com/w/2012-04-21_-_Marcel_Dettmann_@_Fuse,_Brussels",,16,69,Mark Broom,She Don't Like The Collar (Markus Suckut Remix) [Edit Select],Mark Broom - She Don't Like The Collar (Markus Suckut Remix) [Edit Select]
"2014-10-25 - Marcel Dettmann - Playground, Studio Brussel","https://www.mixesdb.com/w/2014-10-25_-_Marcel_Dettmann_-_Playground,_Studio_Brussel",,1,00,Aleksi Perälä,UK74R1405,Aleksi Perälä - UK74R1405
"2014-10-25 - Marcel Dettmann - Playground, Studio Brussel","https://www.mixesdb.com/w/2014-10-25_-_Marcel_Dettmann_-_Playground,_Studio_Brussel",,2,07,The It (Utopian Dream),[Alleviated],The It (Utopian Dream) - [Alleviated]
"2014-10-25 - Marcel Dettmann - Playground, Studio Brussel","https://www.mixesdb.com/w/2014-10-25_-_Marcel_Dettmann_-_Playground,_Studio_Brussel",,3,12,FBK,Past Ownership [MDR - 016],FBK - Past Ownership [MDR - 016]
"2014-10-25 - Marcel Dettmann - Playground, Studio Brussel","https://www.mixesdb.com/w/2014-10-25_-_Marcel_Dettmann_-_Playground,_Studio_Brussel",,4,18,VEX,VEX-1 [VEX 001],VEX - VEX-1 [VEX 001]
"2014-10-25 - Marcel Dettmann - Playground, Studio Brussel","https://www.mixesdb.com/w/2014-10-25_-_Marcel_Dettmann_-_Playground,_Studio_Brussel",,5,23,,?,?
"2014-10-25 - Marcel Dettmann - Playground, Studio Brussel","https://www.mixesdb.com/w/2014-10-25_-_Marcel_Dettmann_-_Playground,_Studio_Brussel",,6,27,Ryan James Ford,Lyda Birket [MDR - Forthcoming],Ryan James Ford - Lyda Birket [MDR - Forthcoming]
"2014-10-25 - Marcel Dettmann - Playground, Studio Brussel","https://www.mixesdb.com/w/2014-10-25_-_Marcel_Dettmann_-_Playground,_Studio_Brussel",,7,31,Headless Ghost,Swept Illusions [Royal Oak - Royal21],Headless Ghost - Swept Illusions [Royal Oak - Royal21]
"2014-10-25 - Marcel Dettmann - Playground, Studio Brussel","https://www.mixesdb.com/w/2014-10-25_-_Marcel_Dettmann_-_Playground,_Studio_Brussel",,8,37,Disrupted Project,Mramorni II [Vakum - VKM001],Disrupted Project - Mramorni II [Vakum - VKM001]
"2014-10-25 - Marcel Dettmann - Playground, Studio Brussel","https://www.mixesdb.com/w/2014-10-25_-_Marcel_Dettmann_-_Playground,_Studio_Brussel",,9,41,Rolando,Time To Jack [R3 Rolando Rocha - Forthcoming],Rolando - Time To Jack [R3 Rolando Rocha - Forthcoming]
"2014-10-25 - Marcel Dettmann - Playground, Studio Brussel","https://www.mixesdb.com/w/2014-10-25_-_Marcel_Dettmann_-_Playground,_Studio_Brussel",,10,48,,?,?
"2014-10-25 - Marcel Dettmann - Playground, Studio Brussel","https://www.mixesdb.com/w/2014-10-25_-_Marcel_Dettmann_-_Playground,_Studio_Brussel",,11,52,Steffi,Bang For Your Buck [Ostgut Ton - LP18],Steffi - Bang For Your Buck [Ostgut Ton - LP18]
2010-05-17 - Marcel Dettmann - FACT Mix 150,https://www.mixesdb.com/w/2010-05-17_-_Marcel_Dettmann_-_FACT_Mix_150,,1,,Arpanet,Heisenberg Compensation [Rephlex 2005],Arpanet - Heisenberg Compensation [Rephlex 2005]
2010-05-17 - Marcel Dettmann - FACT Mix 150,https://www.mixesdb.com/w/2010-05-17_-_Marcel_Dettmann_-_FACT_Mix_150,,2,,Sabre,Leveling Out Pt.2 [Critical Recordings 2010],Sabre - Leveling Out Pt.2 [Critical Recordings 2010]
2010-05-17 - Marcel Dettmann - FACT Mix 150,https://www.mixesdb.com/w/2010-05-17_-_Marcel_Dettmann_-_FACT_Mix_150,,3,,Kotai & Mo,Silencer [Elektro Music Department 1997],Kotai & Mo - Silencer [Elektro Music Department 1997]
2010-05-17 - Marcel Dettmann - FACT Mix 150,https://www.mixesdb.com/w/2010-05-17_-_Marcel_Dettmann_-_FACT_Mix_150,,4,,CTI,Conquest [Conspiracy International 1984],CTI - Conquest [Conspiracy International 1984]
2010-05-17 - Marcel Dettmann - FACT Mix 150,https://www.mixesdb.com/w/2010-05-17_-_Marcel_Dettmann_-_FACT_Mix_150,,5,,Cristian Vogel,Artists In Charge Of Expert Systems EP (B1) [Mosquito 1995],Cristian Vogel - Artists In Charge Of Expert Systems EP (B1) [Mosquito 1995]
2010-05-17 - Marcel Dettmann - FACT Mix 150,https://www.mixesdb.com/w/2010-05-17_-_Marcel_Dettmann_-_FACT_Mix_150,,6,,Hecate & Kareem,The Payback EP (A1) [Zhark 1996],Hecate & Kareem - The Payback EP (A1) [Zhark 1996]
2010-05-17 - Marcel Dettmann - FACT Mix 150,https://www.mixesdb.com/w/2010-05-17_-_Marcel_Dettmann_-_FACT_Mix_150,,7,,Morphosis,Running Out [M>O>S Recordings 2010],Morphosis - Running Out [M>O>S Recordings 2010]
2010-05-17 - Marcel Dettmann - FACT Mix 150,https://www.mixesdb.com/w/2010-05-17_-_Marcel_Dettmann_-_FACT_Mix_150,,8,,DJ Yoav B.,Soul Surrender [Delsin 2010],DJ Yoav B. - Soul Surrender [Delsin 2010]
2010-05-17 - Marcel Dettmann - FACT Mix 150,https://www.mixesdb.com/w/2010-05-17_-_Marcel_Dettmann_-_FACT_Mix_150,,9,,Stefan Robbers,Backxpin [Ifach 2000],Stefan Robbers - Backxpin [Ifach 2000]
2010-05-17 - Marcel Dettmann - FACT Mix 150,https://www.mixesdb.com/w/2010-05-17_-_Marcel_Dettmann_-_FACT_Mix_150,,10,,Steve Poindexter,Mental Problems [Chicago Underground 1991],Steve Poindexter - Mental Problems [Chicago Underground 1991]
2010-05-17 - Marcel Dettmann - FACT Mix 150,https://www.mixesdb.com/w/2010-05-17_-_Marcel_Dettmann_-_FACT_Mix_150,,11,,Drexciya,Aquatic Bata Particles [Rephlex 1994],Drexciya - Aquatic Bata Particles [Rephlex 1994]
2010-05-17 - Marcel Dettmann - FACT Mix 150,https://www.mixesdb.com/w/2010-05-17_-_Marcel_Dettmann_-_FACT_Mix_150,,12,,Tangula,Descending II [Diametric 2010],Tangula - Descending II [Diametric 2010]
2010-05-17 - Marcel Dettmann - FACT Mix 150,https://www.mixesdb.com/w/2010-05-17_-_Marcel_Dettmann_-_FACT_Mix_150,,13,,Redshape,Drama [Present 2010],Redshape - Drama [Present 2010]
2010-05-17 - Marcel Dettmann - FACT Mix 150,https://www.mixesdb.com/w/2010-05-17_-_Marcel_Dettmann_-_FACT_Mix_150,,14,,Melody Boy 2000,Monotone Fantastique [Dum Records 1994],Melody Boy 2000 - Monotone Fantastique [Dum Records 1994]
2010-05-17 - Marcel Dettmann - FACT Mix 150,https://www.mixesdb.com/w/2010-05-17_-_Marcel_Dettmann_-_FACT_Mix_150,,15,,Sian,Oblette (Norman Nodge Remix),Sian - Oblette (Norman Nodge Remix)
2010-05-17 - Marcel Dettmann - FACT Mix 150,https://www.mixesdb.com/w/2010-05-17_-_Marcel_Dettmann_-_FACT_Mix_150,,16,,Herwig Maurer,Utopia [Telepathic Recordings 1997],Herwig Maurer - Utopia [Telepathic Recordings 1997]
2010-05-17 - Marcel Dettmann - FACT Mix 150,https://www.mixesdb.com/w/2010-05-17_-_Marcel_Dettmann_-_FACT_Mix_150,,17,,Polygon Window,UT1-Dot [Warp 1992],Polygon Window - UT1-Dot [Warp 1992]
2023-09-22 - Marcel Dettmann - NTS Radio,https://www.mixesdb.com/w/2023-09-22_-_Marcel_Dettmann_-_NTS_Radio,,1,00,Borghesia,Ohm Sweet Ohm [Mute - Pstumm 131],Borghesia - Ohm Sweet Ohm [Mute - Pstumm 131]
2023-09-22 - Marcel Dettmann - NTS Radio,https://www.mixesdb.com/w/2023-09-22_-_Marcel_Dettmann_-_NTS_Radio,,2,03,Kris Baha,Barely Alive (Timothy J Fairplay Remix) [[Emotional] Especial - EES035],Kris Baha - Barely Alive (Timothy J Fairplay Remix) [[Emotional] Especial - EES035]
2023-09-22 - Marcel Dettmann - NTS Radio,https://www.mixesdb.com/w/2023-09-22_-_Marcel_Dettmann_-_NTS_Radio,,3,06,A Certain Ratio,Spirit Dance [A&M - ACRY 550],A Certain Ratio - Spirit Dance [A&M - ACRY 550]
2023-09-22 - Marcel Dettmann - NTS Radio,https://www.mixesdb.com/w/2023-09-22_-_Marcel_Dettmann_-_NTS_Radio,,4,09,Ali3ns3xtoy,Everythings Erotic [Napalm Enema - NER069],Ali3ns3xtoy - Everythings Erotic [Napalm Enema - NER069]
2023-09-22 - Marcel Dettmann - NTS Radio,https://www.mixesdb.com/w/2023-09-22_-_Marcel_Dettmann_-_NTS_Radio,,5,13,Info,Servant To Science [Self-Released],Info - Servant To Science [Self-Released]
2023-09-22 - Marcel Dettmann - NTS Radio,https://www.mixesdb.com/w/2023-09-22_-_Marcel_Dettmann_-_NTS_Radio,,6,16,NRSB-11,Offshore Banking [WéMè - WeMe313.10],NRSB-11 - Offshore Banking [WéMè - WeMe313.10]
2023-09-22 - Marcel Dettmann - NTS Radio,https://www.mixesdb.com/w/2023-09-22_-_Marcel_Dettmann_-_NTS_Radio,,7,18,Opus Klien,La Botelli [Remmah - RH009],Opus Klien - La Botelli [Remmah - RH009]
2023-09-22 - Marcel Dettmann - NTS Radio,https://www.mixesdb.com/w/2023-09-22_-_Marcel_Dettmann_-_NTS_Radio,,8,24,Telex,Radio Radio (The Tellurians Mix) [SSR LP 211],Telex - Radio Radio (The Tellurians Mix) [SSR LP 211]
2023-09-22 - Marcel Dettmann - NTS Radio,https://www.mixesdb.com/w/2023-09-22_-_Marcel_Dettmann_-_NTS_Radio,,9,27,Terrence Dixon,In Flight [Underl_Ne - UND014],Terrence Dixon - In Flight [Underl_Ne - UND014]
2023-09-22 - Marcel Dettmann - NTS Radio,https://www.mixesdb.com/w/2023-09-22_-_Marcel_Dettmann_-_NTS_Radio,,10,30,Dark Energy,Destination Unknown [Submerge - SUBCD-3019-2],Dark Energy - Destination Unknown [Submerge - SUBCD-3019-2]
2023-09-22 - Marcel Dettmann - NTS Radio,https://www.mixesdb.com/w/2023-09-22_-_Marcel_Dettmann_-_NTS_Radio,,11,33,Alberta Balsam,Galactic Gambo [DUB 050],Alberta Balsam - Galactic Gambo [DUB 050]
2023-09-22 - Marcel Dettmann - NTS Radio,https://www.mixesdb.com/w/2023-09-22_-_Marcel_Dettmann_-_NTS_Radio,,12,35,Kraftwerk,"Der Telefon Anruf (Francois Kevorkian, Kraftwerk, Ron St. Germain Remix) [EMI]","Kraftwerk - Der Telefon Anruf (Francois Kevorkian, Kraftwerk, Ron St. Germain Remix) [EMI]"
2023-09-22 - Marcel Dettmann - NTS Radio,https://www.mixesdb.com/w/2023-09-22_-_Marcel_Dettmann_-_NTS_Radio,,13,39,Savas Pascalidis,Robotokoku [Kurbel - 017],Savas Pascalidis - Robotokoku [Kurbel - 017]
2023-09-22 - Marcel Dettmann - NTS Radio,https://www.mixesdb.com/w/2023-09-22_-_Marcel_Dettmann_-_NTS_Radio,,14,43,The X-Men,It's More Fun To Sample [The X Files - XF-2001],The X-Men - It's More Fun To Sample [The X Files - XF-2001]
2023-09-22 - Marcel Dettmann - NTS Radio,https://www.mixesdb.com/w/2023-09-22_-_Marcel_Dettmann_-_NTS_Radio,,15,45,Aux 88,Direct Drive [Direct Beat - DB4W-013],Aux 88 - Direct Drive [Direct Beat - DB4W-013]
2023-09-22 - Marcel Dettmann - NTS Radio,https://www.mixesdb.com/w/2023-09-22_-_Marcel_Dettmann_-_NTS_Radio,,16,48,Black Dot,The Rainbow Children [Osàre! Editions - OE-016],Black Dot - The Rainbow Children [Osàre! Editions - OE-016]
2023-09-22 - Marcel Dettmann - NTS Radio,https://www.mixesdb.com/w/2023-09-22_-_Marcel_Dettmann_-_NTS_Radio,,17,53,Ultradyne,Stratosphere [Nu-Vorm - NU-002],Ultradyne - Stratosphere [Nu-Vorm - NU-002]
2023-09-22 - Marcel Dettmann - NTS Radio,https://www.mixesdb.com/w/2023-09-22_-_Marcel_Dettmann_-_NTS_Radio,,18,58,Arpanet,Illuminated Displays [Record Makers - REC-05],Arpanet - Illuminated Displays [Record Makers - REC-05]
"2025-09-05 - Marcel Dettmann - Innervisions Überall, NTS Radio","https://www.mixesdb.com/w/2025-09-05_-_Marcel_Dettmann_-_Innervisions_%C3%9Cberall,_NTS_Radio",,1,00,Anthony Rother,Take Me To The Future [3mulator Boy],Anthony Rother - Take Me To The Future [3mulator Boy]
"2025-09-05 - Marcel Dettmann - Innervisions Überall, NTS Radio","https://www.mixesdb.com/w/2025-09-05_-_Marcel_Dettmann_-_Innervisions_%C3%9Cberall,_NTS_Radio",,2,04,Jeff Mills,"Some Soul, Some Space [Axis]","Jeff Mills - Some Soul, Some Space [Axis]"
"2025-09-05 - Marcel Dettmann - Innervisions Überall, NTS Radio","https://www.mixesdb.com/w/2025-09-05_-_Marcel_Dettmann_-_Innervisions_%C3%9Cberall,_NTS_Radio",,3,07,Ignez,Skies We Share [Somov],Ignez - Skies We Share [Somov]
"2025-09-05 - Marcel Dettmann - Innervisions Überall, NTS Radio","https://www.mixesdb.com/w/2025-09-05_-_Marcel_Dettmann_-_Innervisions_%C3%9Cberall,_NTS_Radio",,4,11,Moodymann,Fasta,Moodymann - Fasta
"2025-09-05 - Marcel Dettmann - Innervisions Überall, NTS Radio","https://www.mixesdb.com/w/2025-09-05_-_Marcel_Dettmann_-_Innervisions_%C3%9Cberall,_NTS_Radio",,5,14,Surgeon,Empty Cloud [Tresor],Surgeon - Empty Cloud [Tresor]
"2025-09-05 - Marcel Dettmann - Innervisions Überall, NTS Radio","https://www.mixesdb.com/w/2025-09-05_-_Marcel_Dettmann_-_Innervisions_%C3%9Cberall,_NTS_Radio",,6,17,K'Alexi Shelby,Season Of The Real (Marcel Dettmann Edit) [Running Back],K'Alexi Shelby - Season Of The Real (Marcel Dettmann Edit) [Running Back]
"2025-09-05 - Marcel Dettmann - Innervisions Überall, NTS Radio","https://www.mixesdb.com/w/2025-09-05_-_Marcel_Dettmann_-_Innervisions_%C3%9Cberall,_NTS_Radio",,7,20,Ralphi Rosario,I Want You (Dash Riprock Mix) [Trax],Ralphi Rosario - I Want You (Dash Riprock Mix) [Trax]
"2025-09-05 - Marcel Dettmann - Innervisions Überall, NTS Radio","https://www.mixesdb.com/w/2025-09-05_-_Marcel_Dettmann_-_Innervisions_%C3%9Cberall,_NTS_Radio",,8,24,Tal Fussman,Rioz [Bad Manners],Tal Fussman - Rioz [Bad Manners]
"2025-09-05 - Marcel Dettmann - Innervisions Überall, NTS Radio","https://www.mixesdb.com/w/2025-09-05_-_Marcel_Dettmann_-_Innervisions_%C3%9Cberall,_NTS_Radio",,9,27,Clark,Dirty Pixie (Marcel Dettmann Edit),Clark - Dirty Pixie (Marcel Dettmann Edit)
"2025-09-05 - Marcel Dettmann - Innervisions Überall, NTS Radio","https://www.mixesdb.com/w/2025-09-05_-_Marcel_Dettmann_-_Innervisions_%C3%9Cberall,_NTS_Radio",,10,30,Patrick Pulsinger,Routine Disruption Cut 1 [Bad Manners],Patrick Pulsinger - Routine Disruption Cut 1 [Bad Manners]
"2025-09-05 - Marcel Dettmann - Innervisions Überall, NTS Radio","https://www.mixesdb.com/w/2025-09-05_-_Marcel_Dettmann_-_Innervisions_%C3%9Cberall,_NTS_Radio",,11,34,Wata Igarashi,Steaming [Dekmantel],Wata Igarashi - Steaming [Dekmantel]
"2025-09-05 - Marcel Dettmann - Innervisions Überall, NTS Radio","https://www.mixesdb.com/w/2025-09-05_-_Marcel_Dettmann_-_Innervisions_%C3%9Cberall,_NTS_Radio",,12,38,Sawlin,Dreamy Mirage [Bad Manners],Sawlin - Dreamy Mirage [Bad Manners]
"2025-09-05 - Marcel Dettmann - Innervisions Überall, NTS Radio","https://www.mixesdb.com/w/2025-09-05_-_Marcel_Dettmann_-_Innervisions_%C3%9Cberall,_NTS_Radio",,13,42,Laurent Garnier Feat. Dan Diamond,Odyssée Maison [Fabric],Laurent Garnier Feat. Dan Diamond - Odyssée Maison [Fabric]
"2025-09-05 - Marcel Dettmann - Innervisions Überall, NTS Radio","https://www.mixesdb.com/w/2025-09-05_-_Marcel_Dettmann_-_Innervisions_%C3%9Cberall,_NTS_Radio",,14,45,Ray Kajioka & Heiko Laux,Wrecking [Kanzleramt],Ray Kajioka & Heiko Laux - Wrecking [Kanzleramt]
"2025-09-05 - Marcel Dettmann - Innervisions Überall, NTS Radio","https://www.mixesdb.com/w/2025-09-05_-_Marcel_Dettmann_-_Innervisions_%C3%9Cberall,_NTS_Radio",,15,49,Tom Carruthers,The Groove [L.I.E.S.],Tom Carruthers - The Groove [L.I.E.S.]
"2025-09-05 - Marcel Dettmann - Innervisions Überall, NTS Radio","https://www.mixesdb.com/w/2025-09-05_-_Marcel_Dettmann_-_Innervisions_%C3%9Cberall,_NTS_Radio",,16,51,Severed Heads,We Have Come To Bless The House (Marcel Dettmann Edit) [Running Back],Severed Heads - We Have Come To Bless The House (Marcel Dettmann Edit) [Running Back]
"2025-09-05 - Marcel Dettmann - Innervisions Überall, NTS Radio","https://www.mixesdb.com/w/2025-09-05_-_Marcel_Dettmann_-_Innervisions_%C3%9Cberall,_NTS_Radio",,17,54,Unspecified Enemies,Yield Compressor [Numbers.],Unspecified Enemies - Yield Compressor [Numbers.]
"2025-09-05 - Marcel Dettmann - Innervisions Überall, NTS Radio","https://www.mixesdb.com/w/2025-09-05_-_Marcel_Dettmann_-_Innervisions_%C3%9Cberall,_NTS_Radio",,18,57,Albert Kuningas,Astraaliprojektio (Marcel Dettmann Edit),Albert Kuningas - Astraaliprojektio (Marcel Dettmann Edit)
2023-09-29 - Marcel Dettmann - NTS Radio,https://www.mixesdb.com/w/2023-09-29_-_Marcel_Dettmann_-_NTS_Radio,,1,00,Paul Hierophant,Minor Arcana [Hierophant - HIERO 004],Paul Hierophant - Minor Arcana [Hierophant - HIERO 004]
2023-09-29 - Marcel Dettmann - NTS Radio,https://www.mixesdb.com/w/2023-09-29_-_Marcel_Dettmann_-_NTS_Radio,,2,05,Operator,The Hanging Edge [Symbolism - SYMDIGI027],Operator - The Hanging Edge [Symbolism - SYMDIGI027]
2023-09-29 - Marcel Dettmann - NTS Radio,https://www.mixesdb.com/w/2023-09-29_-_Marcel_Dettmann_-_NTS_Radio,,3,07,Marcel Dettmann,Confusion Of Another Kind / Up And Running [Unreleased],Marcel Dettmann - Confusion Of Another Kind / Up And Running [Unreleased]
2023-09-29 - Marcel Dettmann - NTS Radio,https://www.mixesdb.com/w/2023-09-29_-_Marcel_Dettmann_-_NTS_Radio,,4,09,Staffan Linzatti,Brundell [EVOD - EVODLTD021],Staffan Linzatti - Brundell [EVOD - EVODLTD021]
2023-09-29 - Marcel Dettmann - NTS Radio,https://www.mixesdb.com/w/2023-09-29_-_Marcel_Dettmann_-_NTS_Radio,,5,12,DJ Shufflmaster,Innervisions (Pilot) [Tresor - 167],DJ Shufflmaster - Innervisions (Pilot) [Tresor - 167]
2023-09-29 - Marcel Dettmann - NTS Radio,https://www.mixesdb.com/w/2023-09-29_-_Marcel_Dettmann_-_NTS_Radio,,6,14,K' Alexi Shelby,Season Of The Real [Bad Manners - BM 11],K' Alexi Shelby - Season Of The Real [Bad Manners - BM 11]
2023-09-29 - Marcel Dettmann - NTS Radio,https://www.mixesdb.com/w/2023-09-29_-_Marcel_Dettmann_-_NTS_Radio,,7,17,Byron The Aquarius,Roll Up For Your Body (Dub) [Clone Jack For Daze - C#JFD38],Byron The Aquarius - Roll Up For Your Body (Dub) [Clone Jack For Daze - C#JFD38]
2023-09-29 - Marcel Dettmann - NTS Radio,https://www.mixesdb.com/w/2023-09-29_-_Marcel_Dettmann_-_NTS_Radio,,8,20,Nightmares On Wax,Yeah You! [Warp - WAP 487],Nightmares On Wax - Yeah You! [Warp - WAP 487]
2023-09-29 - Marcel Dettmann - NTS Radio,https://www.mixesdb.com/w/2023-09-29_-_Marcel_Dettmann_-_NTS_Radio,,9,22,Charles Jeffrey LOVERBOY,PLAY-NEKO (Hercules & Love Affair's Version),Charles Jeffrey LOVERBOY - PLAY-NEKO (Hercules & Love Affair's Version)
2023-09-29 - Marcel Dettmann - NTS Radio,https://www.mixesdb.com/w/2023-09-29_-_Marcel_Dettmann_-_NTS_Radio,,10,25,Ritzi Lee,Accelerate [Symbolism - SYMDIGILP003],Ritzi Lee - Accelerate [Symbolism - SYMDIGILP003]
2023-09-29 - Marcel Dettmann - NTS Radio,https://www.mixesdb.com/w/2023-09-29_-_Marcel_Dettmann_-_NTS_Radio,,11,27,Jonas Kopp,CO.LAB 003B [Tremsix - 018],Jonas Kopp - CO.LAB 003B [Tremsix - 018]
2023-09-29 - Marcel Dettmann - NTS Radio,https://www.mixesdb.com/w/2023-09-29_-_Marcel_Dettmann_-_NTS_Radio,,12,30,Marcel Dettmann,Mission [Fabric Originals - FRO006],Marcel Dettmann - Mission [Fabric Originals - FRO006]
2023-09-29 - Marcel Dettmann - NTS Radio,https://www.mixesdb.com/w/2023-09-29_-_Marcel_Dettmann_-_NTS_Radio,,13,34,Solid Gold Playaz,I Sold My Life To Acid [Upstairs Asylum - UAR 012],Solid Gold Playaz - I Sold My Life To Acid [Upstairs Asylum - UAR 012]
2023-09-29 - Marcel Dettmann - NTS Radio,https://www.mixesdb.com/w/2023-09-29_-_Marcel_Dettmann_-_NTS_Radio,,14,37,Kuba Sojka,Main Value [Boomstraat 1818 - BS1818-001],Kuba Sojka - Main Value [Boomstraat 1818 - BS1818-001]
2023-09-29 - Marcel Dettmann - NTS Radio,https://www.mixesdb.com/w/2023-09-29_-_Marcel_Dettmann_-_NTS_Radio,,15,40,The Miller,LIM [ANAØH - ANA102],The Miller - LIM [ANAØH - ANA102]
2023-09-29 - Marcel Dettmann - NTS Radio,https://www.mixesdb.com/w/2023-09-29_-_Marcel_Dettmann_-_NTS_Radio,,16,42,O-Wells,Liquid Sun (Club Mix) [A.R.T.Less - A.R.T.LESS XTR 1],O-Wells - Liquid Sun (Club Mix) [A.R.T.Less - A.R.T.LESS XTR 1]
2023-09-29 - Marcel Dettmann - NTS Radio,https://www.mixesdb.com/w/2023-09-29_-_Marcel_Dettmann_-_NTS_Radio,,17,45,Oliver Ho,Silver (Damon Wild's Subtractive Mix) [Sequential - SEQ01],Oliver Ho - Silver (Damon Wild's Subtractive Mix) [Sequential - SEQ01]
2023-09-29 - Marcel Dettmann - NTS Radio,https://www.mixesdb.com/w/2023-09-29_-_Marcel_Dettmann_-_NTS_Radio,,18,48,Ferng,Day 5 [Deepsomnia - DSN013],Ferng - Day 5 [Deepsomnia - DSN013]
2023-09-29 - Marcel Dettmann - NTS Radio,https://www.mixesdb.com/w/2023-09-29_-_Marcel_Dettmann_-_NTS_Radio,,19,51,Al Smith,Full Of Music (Specter Remix) [Chubby! - CHUB005],Al Smith - Full Of Music (Specter Remix) [Chubby! - CHUB005]
2023-09-29 - Marcel Dettmann - NTS Radio,https://www.mixesdb.com/w/2023-09-29_-_Marcel_Dettmann_-_NTS_Radio,,20,55,Simple Elements,Just Feel It,Simple Elements - Just Feel It
2012-10-24 - Marcel Dettmann @ Boiler Room Berlin 014,https://www.mixesdb.com/w/2012-10-24_-_Marcel_Dettmann_@_Boiler_Room_Berlin_014,,1,00,RAG,Black Rain (Ambient Mix) [MOS - DEEP 011],RAG - Black Rain (Ambient Mix) [MOS - DEEP 011]
2012-10-24 - Marcel Dettmann @ Boiler Room Berlin 014,https://www.mixesdb.com/w/2012-10-24_-_Marcel_Dettmann_@_Boiler_Room_Berlin_014,,2,03,The Transhumans,Posthumana [Area 51 - 004],The Transhumans - Posthumana [Area 51 - 004]
2012-10-24 - Marcel Dettmann @ Boiler Room Berlin 014,https://www.mixesdb.com/w/2012-10-24_-_Marcel_Dettmann_@_Boiler_Room_Berlin_014,,3,09,Glenn Underground,Escuchame,Glenn Underground - Escuchame
2012-10-24 - Marcel Dettmann @ Boiler Room Berlin 014,https://www.mixesdb.com/w/2012-10-24_-_Marcel_Dettmann_@_Boiler_Room_Berlin_014,,4,14,Plural,Simple Motive,Plural - Simple Motive
2012-10-24 - Marcel Dettmann @ Boiler Room Berlin 014,https://www.mixesdb.com/w/2012-10-24_-_Marcel_Dettmann_@_Boiler_Room_Berlin_014,,5,19,CUB,C U 1,CUB - C U 1
2012-10-24 - Marcel Dettmann @ Boiler Room Berlin 014,https://www.mixesdb.com/w/2012-10-24_-_Marcel_Dettmann_@_Boiler_Room_Berlin_014,,6,21,DJ Linus,K.B's Groove (Analogue Cops Remix Two),DJ Linus - K.B's Groove (Analogue Cops Remix Two)
2012-10-24 - Marcel Dettmann @ Boiler Room Berlin 014,https://www.mixesdb.com/w/2012-10-24_-_Marcel_Dettmann_@_Boiler_Room_Berlin_014,,7,25,Black Boxx,Untitled B1 [Ferrispark],Black Boxx - Untitled B1 [Ferrispark]
2012-10-24 - Marcel Dettmann @ Boiler Room Berlin 014,https://www.mixesdb.com/w/2012-10-24_-_Marcel_Dettmann_@_Boiler_Room_Berlin_014,,8,28,Technasia,Final Quadrant (Cosmic Beats),Technasia - Final Quadrant (Cosmic Beats)
2012-10-24 - Marcel Dettmann @ Boiler Room Berlin 014,https://www.mixesdb.com/w/2012-10-24_-_Marcel_Dettmann_@_Boiler_Room_Berlin_014,,9,31,Alien Rain,Alienated 2A [Alien Rain II],Alien Rain - Alienated 2A [Alien Rain II]
2012-10-24 - Marcel Dettmann @ Boiler Room Berlin 014,https://www.mixesdb.com/w/2012-10-24_-_Marcel_Dettmann_@_Boiler_Room_Berlin_014,,10,36,Ability II,Pressure Dub [Strut - 085CDX],Ability II - Pressure Dub [Strut - 085CDX]
2012-10-24 - Marcel Dettmann @ Boiler Room Berlin 014,https://www.mixesdb.com/w/2012-10-24_-_Marcel_Dettmann_@_Boiler_Room_Berlin_014,,11,40,George Apergis,Quelle,George Apergis - Quelle
2012-10-24 - Marcel Dettmann @ Boiler Room Berlin 014,https://www.mixesdb.com/w/2012-10-24_-_Marcel_Dettmann_@_Boiler_Room_Berlin_014,,12,44,DJ Spider & Marshallito,PhD,DJ Spider & Marshallito - PhD
2012-10-24 - Marcel Dettmann @ Boiler Room Berlin 014,https://www.mixesdb.com/w/2012-10-24_-_Marcel_Dettmann_@_Boiler_Room_Berlin_014,,13,47,The Secret Initiative,Half A Life Ago,The Secret Initiative - Half A Life Ago
2012-10-24 - Marcel Dettmann @ Boiler Room Berlin 014,https://www.mixesdb.com/w/2012-10-24_-_Marcel_Dettmann_@_Boiler_Room_Berlin_014,,14,50,Cottam,The Long Dark Road,Cottam - The Long Dark Road
2012-10-24 - Marcel Dettmann @ Boiler Room Berlin 014,https://www.mixesdb.com/w/2012-10-24_-_Marcel_Dettmann_@_Boiler_Room_Berlin_014,,15,55,Aux 88: Present Black Tokyo,Astral Projections (Detroit Mix Feat. Ice Truck),Aux 88: Present Black Tokyo - Astral Projections (Detroit Mix Feat. Ice Truck)
2023-09-15 - Marcel Dettmann - NTS Radio,https://www.mixesdb.com/w/2023-09-15_-_Marcel_Dettmann_-_NTS_Radio,,1,00,Front 242,Controversy Between [Himalaya - HIM 006],Front 242 - Controversy Between [Himalaya - HIM 006]
2023-09-15 - Marcel Dettmann - NTS Radio,https://www.mixesdb.com/w/2023-09-15_-_Marcel_Dettmann_-_NTS_Radio,,2,05,Siouxsie And The Banshees,Tattoo [Wonderland - SHEX 4],Siouxsie And The Banshees - Tattoo [Wonderland - SHEX 4]
2023-09-15 - Marcel Dettmann - NTS Radio,https://www.mixesdb.com/w/2023-09-15_-_Marcel_Dettmann_-_NTS_Radio,,3,08,Throbbing Gristle,Tanith [Industrial - IR0008],Throbbing Gristle - Tanith [Industrial - IR0008]
2023-09-15 - Marcel Dettmann - NTS Radio,https://www.mixesdb.com/w/2023-09-15_-_Marcel_Dettmann_-_NTS_Radio,,4,11,The Neon Judgement,"Please Release Me, Let Me Go-Go [[PIAS] - PIASB 171]","The Neon Judgement - Please Release Me, Let Me Go-Go [[PIAS] - PIASB 171]"
2023-09-15 - Marcel Dettmann - NTS Radio,https://www.mixesdb.com/w/2023-09-15_-_Marcel_Dettmann_-_NTS_Radio,,5,15,Chrome,Eyes In The Center [Beggars Banquet - BEGA 15],Chrome - Eyes In The Center [Beggars Banquet - BEGA 15]
2023-09-15 - Marcel Dettmann - NTS Radio,https://www.mixesdb.com/w/2023-09-15_-_Marcel_Dettmann_-_NTS_Radio,,6,19,Maska Genetik,100 Years Of Devastation [Galakthorrö 027],Maska Genetik - 100 Years Of Devastation [Galakthorrö 027]
2023-09-15 - Marcel Dettmann - NTS Radio,https://www.mixesdb.com/w/2023-09-15_-_Marcel_Dettmann_-_NTS_Radio,,7,21,Conrad Schnitzler,Das Tier [Sky - 061],Conrad Schnitzler - Das Tier [Sky - 061]
2023-09-15 - Marcel Dettmann - NTS Radio,https://www.mixesdb.com/w/2023-09-15_-_Marcel_Dettmann_-_NTS_Radio,,8,24,Moebius,Hasenheide [Sky - 083],Moebius - Hasenheide [Sky - 083]
2023-09-15 - Marcel Dettmann - NTS Radio,https://www.mixesdb.com/w/2023-09-15_-_Marcel_Dettmann_-_NTS_Radio,,9,27,Newcleus,Computer Age (Push The Button) [Sunnyview - SUN 416],Newcleus - Computer Age (Push The Button) [Sunnyview - SUN 416]
2023-09-15 - Marcel Dettmann - NTS Radio,https://www.mixesdb.com/w/2023-09-15_-_Marcel_Dettmann_-_NTS_Radio,,10,34,Logic System,Unit [EMI - 12EMI 5210],Logic System - Unit [EMI - 12EMI 5210]
2023-09-15 - Marcel Dettmann - NTS Radio,https://www.mixesdb.com/w/2023-09-15_-_Marcel_Dettmann_-_NTS_Radio,,11,39,Secession,"Touch, Pt.3 [Beggars Banquet - BEG 118T]","Secession - Touch, Pt.3 [Beggars Banquet - BEG 118T]"
2023-09-15 - Marcel Dettmann - NTS Radio,https://www.mixesdb.com/w/2023-09-15_-_Marcel_Dettmann_-_NTS_Radio,,12,45,Chris & Cosey,Walking Through Heaven [Rough Trade - ROUGH 64],Chris & Cosey - Walking Through Heaven [Rough Trade - ROUGH 64]
2023-09-15 - Marcel Dettmann - NTS Radio,https://www.mixesdb.com/w/2023-09-15_-_Marcel_Dettmann_-_NTS_Radio,,13,50,City,Am Fenster [AMIGA - 8 55 586],City - Am Fenster [AMIGA - 8 55 586]
2023-09-15 - Marcel Dettmann - NTS Radio,https://www.mixesdb.com/w/2023-09-15_-_Marcel_Dettmann_-_NTS_Radio,,14,55,P1/E,49 Second Romance [Exil-System - 002],P1/E - 49 Second Romance [Exil-System - 002]
2023-09-15 - Marcel Dettmann - NTS Radio,https://www.mixesdb.com/w/2023-09-15_-_Marcel_Dettmann_-_NTS_Radio,,15,58,Suicide,Cheree [Red Star - 26 207 XOT],Suicide - Cheree [Red Star - 26 207 XOT]
"2019-08-04 - Marcel Dettmann @ Dekmantel Festival, Amsterdam","https://www.mixesdb.com/w/2019-08-04_-_Marcel_Dettmann_@_Dekmantel_Festival,_Amsterdam",,1,000,Lsd,Process 9 (LSD - 001),Lsd - Process 9 (LSD - 001)
"2019-08-04 - Marcel Dettmann @ Dekmantel Festival, Amsterdam","https://www.mixesdb.com/w/2019-08-04_-_Marcel_Dettmann_@_Dekmantel_Festival,_Amsterdam",,2,003,O/V/R,Reversing Into Tomorrow [Downwards - LINOVR],O/V/R - Reversing Into Tomorrow [Downwards - LINOVR]
"2019-08-04 - Marcel Dettmann @ Dekmantel Festival, Amsterdam","https://www.mixesdb.com/w/2019-08-04_-_Marcel_Dettmann_@_Dekmantel_Festival,_Amsterdam",,3,007,,?,?
"2019-08-04 - Marcel Dettmann @ Dekmantel Festival, Amsterdam","https://www.mixesdb.com/w/2019-08-04_-_Marcel_Dettmann_@_Dekmantel_Festival,_Amsterdam",,4,008,Steve Bicknell,Patterns Of Suppression (6dimensions - DS 6D05),Steve Bicknell - Patterns Of Suppression (6dimensions - DS 6D05)
"2019-08-04 - Marcel Dettmann @ Dekmantel Festival, Amsterdam","https://www.mixesdb.com/w/2019-08-04_-_Marcel_Dettmann_@_Dekmantel_Festival,_Amsterdam",,5,011,Marcel Dettmann,Works (Morphosis 2013 Rework) [Bad Manners],Marcel Dettmann - Works (Morphosis 2013 Rework) [Bad Manners]
"2019-08-04 - Marcel Dettmann @ Dekmantel Festival, Amsterdam","https://www.mixesdb.com/w/2019-08-04_-_Marcel_Dettmann_@_Dekmantel_Festival,_Amsterdam",,6,015,Planetary Assault Systems,Give It Up (Mote Evolver - MOTE 055D),Planetary Assault Systems - Give It Up (Mote Evolver - MOTE 055D)
"2019-08-04 - Marcel Dettmann @ Dekmantel Festival, Amsterdam","https://www.mixesdb.com/w/2019-08-04_-_Marcel_Dettmann_@_Dekmantel_Festival,_Amsterdam",,7,018,Vril,Biohak [Bad Manners],Vril - Biohak [Bad Manners]
"2019-08-04 - Marcel Dettmann @ Dekmantel Festival, Amsterdam","https://www.mixesdb.com/w/2019-08-04_-_Marcel_Dettmann_@_Dekmantel_Festival,_Amsterdam",,8,021,Jeff Mills,Java,Jeff Mills - Java
"2019-08-04 - Marcel Dettmann @ Dekmantel Festival, Amsterdam","https://www.mixesdb.com/w/2019-08-04_-_Marcel_Dettmann_@_Dekmantel_Festival,_Amsterdam",,9,024,Gerd,Arkest's Blaze (Music Man - MM 048),Gerd - Arkest's Blaze (Music Man - MM 048)
"2019-08-04 - Marcel Dettmann @ Dekmantel Festival, Amsterdam","https://www.mixesdb.com/w/2019-08-04_-_Marcel_Dettmann_@_Dekmantel_Festival,_Amsterdam",,10,030,Cajmere,Horny Remixes [Horny Toad],Cajmere - Horny Remixes [Horny Toad]
"2019-08-04 - Marcel Dettmann @ Dekmantel Festival, Amsterdam","https://www.mixesdb.com/w/2019-08-04_-_Marcel_Dettmann_@_Dekmantel_Festival,_Amsterdam",,11,035,,?,?
"2019-08-04 - Marcel Dettmann @ Dekmantel Festival, Amsterdam","https://www.mixesdb.com/w/2019-08-04_-_Marcel_Dettmann_@_Dekmantel_Festival,_Amsterdam",,12,039,DJ Hell,Jack The House [International DeeJay Gigolo - 101229 28],DJ Hell - Jack The House [International DeeJay Gigolo - 101229 28]
"2019-08-04 - Marcel Dettmann @ Dekmantel Festival, Amsterdam","https://www.mixesdb.com/w/2019-08-04_-_Marcel_Dettmann_@_Dekmantel_Festival,_Amsterdam",,13,043,Edit Select & Teste,Ascend (Matrixxman Remix) [Edit Select - 37V],Edit Select & Teste - Ascend (Matrixxman Remix) [Edit Select - 37V]
"2019-08-04 - Marcel Dettmann @ Dekmantel Festival, Amsterdam","https://www.mixesdb.com/w/2019-08-04_-_Marcel_Dettmann_@_Dekmantel_Festival,_Amsterdam",,14,046,Terence Fixmer,Warm [Planete Rouge - PLR 1303],Terence Fixmer - Warm [Planete Rouge - PLR 1303]
"2019-08-04 - Marcel Dettmann @ Dekmantel Festival, Amsterdam","https://www.mixesdb.com/w/2019-08-04_-_Marcel_Dettmann_@_Dekmantel_Festival,_Amsterdam",,15,046,Beroshima,Interplugreaction (Marcel Dettmann Remix) [Dystopian - 028.2],Beroshima - Interplugreaction (Marcel Dettmann Remix) [Dystopian - 028.2]
"2019-08-04 - Marcel Dettmann @ Dekmantel Festival, Amsterdam","https://www.mixesdb.com/w/2019-08-04_-_Marcel_Dettmann_@_Dekmantel_Festival,_Amsterdam",,16,053,Luke Slater,Class Action,Luke Slater - Class Action
"2019-08-04 - Marcel Dettmann @ Dekmantel Festival, Amsterdam","https://www.mixesdb.com/w/2019-08-04_-_Marcel_Dettmann_@_Dekmantel_Festival,_Amsterdam",,17,056,,?,?
"2019-08-04 - Marcel Dettmann @ Dekmantel Festival, Amsterdam","https://www.mixesdb.com/w/2019-08-04_-_Marcel_Dettmann_@_Dekmantel_Festival,_Amsterdam",,18,059,Ø [Phase],Dirtro II (Robert Hood's Redeemed Mix),Ø [Phase] - Dirtro II (Robert Hood's Redeemed Mix)
"2019-08-04 - Marcel Dettmann @ Dekmantel Festival, Amsterdam","https://www.mixesdb.com/w/2019-08-04_-_Marcel_Dettmann_@_Dekmantel_Festival,_Amsterdam",,19,064,Resse,Rock To The Beat,Resse - Rock To The Beat
"2019-08-04 - Marcel Dettmann @ Dekmantel Festival, Amsterdam","https://www.mixesdb.com/w/2019-08-04_-_Marcel_Dettmann_@_Dekmantel_Festival,_Amsterdam",,20,067,Jack-Tronic,The Hustler (Planetary Assault Systems Remix),Jack-Tronic - The Hustler (Planetary Assault Systems Remix)
"2019-08-04 - Marcel Dettmann @ Dekmantel Festival, Amsterdam","https://www.mixesdb.com/w/2019-08-04_-_Marcel_Dettmann_@_Dekmantel_Festival,_Amsterdam",,21,068,Revenge,Frazi.Er,Revenge - Frazi.Er
"2019-08-04 - Marcel Dettmann @ Dekmantel Festival, Amsterdam","https://www.mixesdb.com/w/2019-08-04_-_Marcel_Dettmann_@_Dekmantel_Festival,_Amsterdam",,22,071,DJ Rush,Djax Up Beat [DJAX Upbeats - DJAXUP 325],DJ Rush - Djax Up Beat [DJAX Upbeats - DJAXUP 325]
"2019-08-04 - Marcel Dettmann @ Dekmantel Festival, Amsterdam","https://www.mixesdb.com/w/2019-08-04_-_Marcel_Dettmann_@_Dekmantel_Festival,_Amsterdam",,23,075,,?,?
"2019-08-04 - Marcel Dettmann @ Dekmantel Festival, Amsterdam","https://www.mixesdb.com/w/2019-08-04_-_Marcel_Dettmann_@_Dekmantel_Festival,_Amsterdam",,24,077,Jeff Mills,UFO,Jeff Mills - UFO
"2019-08-04 - Marcel Dettmann @ Dekmantel Festival, Amsterdam","https://www.mixesdb.com/w/2019-08-04_-_Marcel_Dettmann_@_Dekmantel_Festival,_Amsterdam",,25,078,Terence Fixmer,Warm [Planete Rouge - PLR 1303],Terence Fixmer - Warm [Planete Rouge - PLR 1303]
"2019-08-04 - Marcel Dettmann @ Dekmantel Festival, Amsterdam","https://www.mixesdb.com/w/2019-08-04_-_Marcel_Dettmann_@_Dekmantel_Festival,_Amsterdam",,26,079,Emex,Electrical Highway [Modular Expansion - ME 006],Emex - Electrical Highway [Modular Expansion - ME 006]
"2019-08-04 - Marcel Dettmann @ Dekmantel Festival, Amsterdam","https://www.mixesdb.com/w/2019-08-04_-_Marcel_Dettmann_@_Dekmantel_Festival,_Amsterdam",,27,083,Terence Fixmer,Warm [Planete Rouge - PLR 1303],Terence Fixmer - Warm [Planete Rouge - PLR 1303]
"2019-08-04 - Marcel Dettmann @ Dekmantel Festival, Amsterdam","https://www.mixesdb.com/w/2019-08-04_-_Marcel_Dettmann_@_Dekmantel_Festival,_Amsterdam",,28,087,Identified Patient,The Female Medical College Of Pennsylvania (Marcel Dettmann Pitched High Version),Identified Patient - The Female Medical College Of Pennsylvania (Marcel Dettmann Pitched High Version)
"2019-08-04 - Marcel Dettmann @ Dekmantel Festival, Amsterdam","https://www.mixesdb.com/w/2019-08-04_-_Marcel_Dettmann_@_Dekmantel_Festival,_Amsterdam",,29,091,,?,?
"2019-08-04 - Marcel Dettmann @ Dekmantel Festival, Amsterdam","https://www.mixesdb.com/w/2019-08-04_-_Marcel_Dettmann_@_Dekmantel_Festival,_Amsterdam",,30,095,Sleeparchive,Wood [Tresor - 309],Sleeparchive - Wood [Tresor - 309]
"2019-08-04 - Marcel Dettmann @ Dekmantel Festival, Amsterdam","https://www.mixesdb.com/w/2019-08-04_-_Marcel_Dettmann_@_Dekmantel_Festival,_Amsterdam",,31,098,Green Velvet,Abduction,Green Velvet - Abduction
"2019-08-04 - Marcel Dettmann @ Dekmantel Festival, Amsterdam","https://www.mixesdb.com/w/2019-08-04_-_Marcel_Dettmann_@_Dekmantel_Festival,_Amsterdam",,32,099,Martyn Hare,Check My Vision [Emetic - 008],Martyn Hare - Check My Vision [Emetic - 008]
"2019-08-04 - Marcel Dettmann @ Dekmantel Festival, Amsterdam","https://www.mixesdb.com/w/2019-08-04_-_Marcel_Dettmann_@_Dekmantel_Festival,_Amsterdam",,33,101,DJ Funk,Run,DJ Funk - Run
"2010-03-12 - Johnny Fredsgaard, Marcel Dettmann & Norman Nodge @ Tweak FM, Copenhagen","https://www.mixesdb.com/w/2010-03-12_-_Johnny_Fredsgaard,_Marcel_Dettmann_&_Norman_Nodge_@_Tweak_FM,_Copenhagen",,1,,Mikkel Metal,Kill Me - Extract Again [Jato Unit],Mikkel Metal - Kill Me - Extract Again [Jato Unit]
"2010-03-12 - Johnny Fredsgaard, Marcel Dettmann & Norman Nodge @ Tweak FM, Copenhagen","https://www.mixesdb.com/w/2010-03-12_-_Johnny_Fredsgaard,_Marcel_Dettmann_&_Norman_Nodge_@_Tweak_FM,_Copenhagen",,2,,Don Williams,Detroit Blue EP - Vector Dance [A.R.T.less],Don Williams - Detroit Blue EP - Vector Dance [A.R.T.less]
"2010-03-12 - Johnny Fredsgaard, Marcel Dettmann & Norman Nodge @ Tweak FM, Copenhagen","https://www.mixesdb.com/w/2010-03-12_-_Johnny_Fredsgaard,_Marcel_Dettmann_&_Norman_Nodge_@_Tweak_FM,_Copenhagen",,3,,Mirko Loko,Seventynine (Carl Craig Soundscape Remix) [Cadenza],Mirko Loko - Seventynine (Carl Craig Soundscape Remix) [Cadenza]
"2010-03-12 - Johnny Fredsgaard, Marcel Dettmann & Norman Nodge @ Tweak FM, Copenhagen","https://www.mixesdb.com/w/2010-03-12_-_Johnny_Fredsgaard,_Marcel_Dettmann_&_Norman_Nodge_@_Tweak_FM,_Copenhagen",,4,,Beat Pharmacy,Pump [Steadfast],Beat Pharmacy - Pump [Steadfast]
"2010-03-12 - Johnny Fredsgaard, Marcel Dettmann & Norman Nodge @ Tweak FM, Copenhagen","https://www.mixesdb.com/w/2010-03-12_-_Johnny_Fredsgaard,_Marcel_Dettmann_&_Norman_Nodge_@_Tweak_FM,_Copenhagen",,5,,Justus Köncke,Safe And Sound - Yacht [Kompakt],Justus Köncke - Safe And Sound - Yacht [Kompakt]
"2010-03-12 - Johnny Fredsgaard, Marcel Dettmann & Norman Nodge @ Tweak FM, Copenhagen","https://www.mixesdb.com/w/2010-03-12_-_Johnny_Fredsgaard,_Marcel_Dettmann_&_Norman_Nodge_@_Tweak_FM,_Copenhagen",,6,,Low Volume,Dhaba EP - Kheema [Low Volume Vol.2],Low Volume - Dhaba EP - Kheema [Low Volume Vol.2]
"2010-03-12 - Johnny Fredsgaard, Marcel Dettmann & Norman Nodge @ Tweak FM, Copenhagen","https://www.mixesdb.com/w/2010-03-12_-_Johnny_Fredsgaard,_Marcel_Dettmann_&_Norman_Nodge_@_Tweak_FM,_Copenhagen",,7,,E-Dancer,Feel The Mood [Incognito],E-Dancer - Feel The Mood [Incognito]
"2010-03-12 - Johnny Fredsgaard, Marcel Dettmann & Norman Nodge @ Tweak FM, Copenhagen","https://www.mixesdb.com/w/2010-03-12_-_Johnny_Fredsgaard,_Marcel_Dettmann_&_Norman_Nodge_@_Tweak_FM,_Copenhagen",,8,,YouANDme,Close To Me (Robert Hood Remix) [Ornaments],YouANDme - Close To Me (Robert Hood Remix) [Ornaments]
"2010-03-12 - Johnny Fredsgaard, Marcel Dettmann & Norman Nodge @ Tweak FM, Copenhagen","https://www.mixesdb.com/w/2010-03-12_-_Johnny_Fredsgaard,_Marcel_Dettmann_&_Norman_Nodge_@_Tweak_FM,_Copenhagen",,9,,Greg Gow,The Bridge [Transmat],Greg Gow - The Bridge [Transmat]
"2010-03-12 - Johnny Fredsgaard, Marcel Dettmann & Norman Nodge @ Tweak FM, Copenhagen","https://www.mixesdb.com/w/2010-03-12_-_Johnny_Fredsgaard,_Marcel_Dettmann_&_Norman_Nodge_@_Tweak_FM,_Copenhagen",,10,,Oliver Castor,The Lodge [Le Petit Prince],Oliver Castor - The Lodge [Le Petit Prince]
"2010-03-12 - Johnny Fredsgaard, Marcel Dettmann & Norman Nodge @ Tweak FM, Copenhagen","https://www.mixesdb.com/w/2010-03-12_-_Johnny_Fredsgaard,_Marcel_Dettmann_&_Norman_Nodge_@_Tweak_FM,_Copenhagen",,11,,Andreas Heiszenberger,Perfect Moment (Efdemin Remix) [Brut],Andreas Heiszenberger - Perfect Moment (Efdemin Remix) [Brut]
"2010-03-12 - Johnny Fredsgaard, Marcel Dettmann & Norman Nodge @ Tweak FM, Copenhagen","https://www.mixesdb.com/w/2010-03-12_-_Johnny_Fredsgaard,_Marcel_Dettmann_&_Norman_Nodge_@_Tweak_FM,_Copenhagen",,12,,Pattern Repeat,A1 [Pattern Repeat #01],Pattern Repeat - A1 [Pattern Repeat #01]
"2010-03-12 - Johnny Fredsgaard, Marcel Dettmann & Norman Nodge @ Tweak FM, Copenhagen","https://www.mixesdb.com/w/2010-03-12_-_Johnny_Fredsgaard,_Marcel_Dettmann_&_Norman_Nodge_@_Tweak_FM,_Copenhagen",,13,,Delta Funktionen,Silhouette [Delsin],Delta Funktionen - Silhouette [Delsin]
"2010-03-12 - Johnny Fredsgaard, Marcel Dettmann & Norman Nodge @ Tweak FM, Copenhagen","https://www.mixesdb.com/w/2010-03-12_-_Johnny_Fredsgaard,_Marcel_Dettmann_&_Norman_Nodge_@_Tweak_FM,_Copenhagen",,14,,Laurent Garnier,Stargazing [Crosstown Rebels],Laurent Garnier - Stargazing [Crosstown Rebels]
"2010-03-12 - Johnny Fredsgaard, Marcel Dettmann & Norman Nodge @ Tweak FM, Copenhagen","https://www.mixesdb.com/w/2010-03-12_-_Johnny_Fredsgaard,_Marcel_Dettmann_&_Norman_Nodge_@_Tweak_FM,_Copenhagen",,15,,Achim Maerz,Channel 04 (Sven Wiesemann Remix) [Freund Der Famile - FDF Raw 1],Achim Maerz - Channel 04 (Sven Wiesemann Remix) [Freund Der Famile - FDF Raw 1]
"2010-03-12 - Johnny Fredsgaard, Marcel Dettmann & Norman Nodge @ Tweak FM, Copenhagen","https://www.mixesdb.com/w/2010-03-12_-_Johnny_Fredsgaard,_Marcel_Dettmann_&_Norman_Nodge_@_Tweak_FM,_Copenhagen",,16,,Marcel Dettmann,Argon [Ostgut Ton Album Promo],Marcel Dettmann - Argon [Ostgut Ton Album Promo]
"2010-03-12 - Johnny Fredsgaard, Marcel Dettmann & Norman Nodge @ Tweak FM, Copenhagen","https://www.mixesdb.com/w/2010-03-12_-_Johnny_Fredsgaard,_Marcel_Dettmann_&_Norman_Nodge_@_Tweak_FM,_Copenhagen",,17,,Marcel Dettmann,Screen [Ostgut Ton Album Promo],Marcel Dettmann - Screen [Ostgut Ton Album Promo]
"2010-03-12 - Johnny Fredsgaard, Marcel Dettmann & Norman Nodge @ Tweak FM, Copenhagen","https://www.mixesdb.com/w/2010-03-12_-_Johnny_Fredsgaard,_Marcel_Dettmann_&_Norman_Nodge_@_Tweak_FM,_Copenhagen",,18,,Cosmin TRG,Purple Lights [Tempa],Cosmin TRG - Purple Lights [Tempa]
"2010-03-12 - Johnny Fredsgaard, Marcel Dettmann & Norman Nodge @ Tweak FM, Copenhagen","https://www.mixesdb.com/w/2010-03-12_-_Johnny_Fredsgaard,_Marcel_Dettmann_&_Norman_Nodge_@_Tweak_FM,_Copenhagen",,19,,Martyn,Remixes 1/2 (Redshape Remix) [3024],Martyn - Remixes 1/2 (Redshape Remix) [3024]
"2010-03-12 - Johnny Fredsgaard, Marcel Dettmann & Norman Nodge @ Tweak FM, Copenhagen","https://www.mixesdb.com/w/2010-03-12_-_Johnny_Fredsgaard,_Marcel_Dettmann_&_Norman_Nodge_@_Tweak_FM,_Copenhagen",,20,,The Dirty Criminals,Collision Between Us And The Damned [101 Jax - Gigolo],The Dirty Criminals - Collision Between Us And The Damned [101 Jax - Gigolo]
"2010-03-12 - Johnny Fredsgaard, Marcel Dettmann & Norman Nodge @ Tweak FM, Copenhagen","https://www.mixesdb.com/w/2010-03-12_-_Johnny_Fredsgaard,_Marcel_Dettmann_&_Norman_Nodge_@_Tweak_FM,_Copenhagen",,21,,Deetron,Machine [Promo],Deetron - Machine [Promo]
"2010-03-12 - Johnny Fredsgaard, Marcel Dettmann & Norman Nodge @ Tweak FM, Copenhagen","https://www.mixesdb.com/w/2010-03-12_-_Johnny_Fredsgaard,_Marcel_Dettmann_&_Norman_Nodge_@_Tweak_FM,_Copenhagen",,22,,Vril,V3 [Giegling Staub],Vril - V3 [Giegling Staub]
"2010-03-12 - Johnny Fredsgaard, Marcel Dettmann & Norman Nodge @ Tweak FM, Copenhagen","https://www.mixesdb.com/w/2010-03-12_-_Johnny_Fredsgaard,_Marcel_Dettmann_&_Norman_Nodge_@_Tweak_FM,_Copenhagen",,23,,Roman Lindau,Sonnerie [Fachwerk],Roman Lindau - Sonnerie [Fachwerk]
"2010-03-12 - Johnny Fredsgaard, Marcel Dettmann & Norman Nodge @ Tweak FM, Copenhagen","https://www.mixesdb.com/w/2010-03-12_-_Johnny_Fredsgaard,_Marcel_Dettmann_&_Norman_Nodge_@_Tweak_FM,_Copenhagen",,24,,Marcel Dettmann,Reticle [Ostgut Ton Album Promo],Marcel Dettmann - Reticle [Ostgut Ton Album Promo]
2011-12-29 - Marcel Dettmann @ Boiler Room Berlin 005,https://www.mixesdb.com/w/2011-12-29_-_Marcel_Dettmann_@_Boiler_Room_Berlin_005,,1,00,Throbbing Gristle,E-Coli,Throbbing Gristle - E-Coli
2011-12-29 - Marcel Dettmann @ Boiler Room Berlin 005,https://www.mixesdb.com/w/2011-12-29_-_Marcel_Dettmann_@_Boiler_Room_Berlin_005,,2,03,Byetone,Opal,Byetone - Opal
2011-12-29 - Marcel Dettmann @ Boiler Room Berlin 005,https://www.mixesdb.com/w/2011-12-29_-_Marcel_Dettmann_@_Boiler_Room_Berlin_005,,3,06,Steve Summers,In The Mode For Love [Lies Us - LIES 006],Steve Summers - In The Mode For Love [Lies Us - LIES 006]
2011-12-29 - Marcel Dettmann @ Boiler Room Berlin 005,https://www.mixesdb.com/w/2011-12-29_-_Marcel_Dettmann_@_Boiler_Room_Berlin_005,,4,09,,?,?
2011-12-29 - Marcel Dettmann @ Boiler Room Berlin 005,https://www.mixesdb.com/w/2011-12-29_-_Marcel_Dettmann_@_Boiler_Room_Berlin_005,,5,11,Raudive,Seven (Dark Version) [Thema - THEMA026],Raudive - Seven (Dark Version) [Thema - THEMA026]
2011-12-29 - Marcel Dettmann @ Boiler Room Berlin 005,https://www.mixesdb.com/w/2011-12-29_-_Marcel_Dettmann_@_Boiler_Room_Berlin_005,,6,14,NX1,NX1 01 003,NX1 - NX1 01 003
2011-12-29 - Marcel Dettmann @ Boiler Room Berlin 005,https://www.mixesdb.com/w/2011-12-29_-_Marcel_Dettmann_@_Boiler_Room_Berlin_005,,7,18,Markus Suckut,Grit [SCKT - SKT001],Markus Suckut - Grit [SCKT - SKT001]
2011-12-29 - Marcel Dettmann @ Boiler Room Berlin 005,https://www.mixesdb.com/w/2011-12-29_-_Marcel_Dettmann_@_Boiler_Room_Berlin_005,,8,22,Pacific Blue,Industry (Rrose Remix) (B) [Pacific Blue - PCB001.1],Pacific Blue - Industry (Rrose Remix) (B) [Pacific Blue - PCB001.1]
2011-12-29 - Marcel Dettmann @ Boiler Room Berlin 005,https://www.mixesdb.com/w/2011-12-29_-_Marcel_Dettmann_@_Boiler_Room_Berlin_005,,9,25,Robot,Forest Fires [Visionquest - VQ007],Robot - Forest Fires [Visionquest - VQ007]
"2013-04-06 - Marcel Dettmann @ Time Warp, Mannheim, Germany","https://www.mixesdb.com/w/2013-04-06_-_Marcel_Dettmann_@_Time_Warp,_Mannheim,_Germany",,1,000,Keith Fullerton Whitman,Generator 6 [Root Strata - RS 62],Keith Fullerton Whitman - Generator 6 [Root Strata - RS 62]
"2013-04-06 - Marcel Dettmann @ Time Warp, Mannheim, Germany","https://www.mixesdb.com/w/2013-04-06_-_Marcel_Dettmann_@_Time_Warp,_Mannheim,_Germany",,2,003,Omar S,Triangulum Australe (Say It In Space),Omar S - Triangulum Australe (Say It In Space)
"2013-04-06 - Marcel Dettmann @ Time Warp, Mannheim, Germany","https://www.mixesdb.com/w/2013-04-06_-_Marcel_Dettmann_@_Time_Warp,_Mannheim,_Germany",,3,010,,?,?
"2013-04-06 - Marcel Dettmann @ Time Warp, Mannheim, Germany","https://www.mixesdb.com/w/2013-04-06_-_Marcel_Dettmann_@_Time_Warp,_Mannheim,_Germany",,4,016,Stanislav Tolkachev,Every Body Is Somebody's Fool [Plector - 100493 38],Stanislav Tolkachev - Every Body Is Somebody's Fool [Plector - 100493 38]
"2013-04-06 - Marcel Dettmann @ Time Warp, Mannheim, Germany","https://www.mixesdb.com/w/2013-04-06_-_Marcel_Dettmann_@_Time_Warp,_Mannheim,_Germany",,5,017,O/V/R,Post-Traumatic Son (DVS1 Optimist Mix) [Blueprint - BP 0302],O/V/R - Post-Traumatic Son (DVS1 Optimist Mix) [Blueprint - BP 0302]
"2013-04-06 - Marcel Dettmann @ Time Warp, Mannheim, Germany","https://www.mixesdb.com/w/2013-04-06_-_Marcel_Dettmann_@_Time_Warp,_Mannheim,_Germany",,6,020,Rolando,Filthy [Ostgut Ton 66],Rolando - Filthy [Ostgut Ton 66]
"2013-04-06 - Marcel Dettmann @ Time Warp, Mannheim, Germany","https://www.mixesdb.com/w/2013-04-06_-_Marcel_Dettmann_@_Time_Warp,_Mannheim,_Germany",,7,023,Ben Sims,Something (Truncate Remix) [Theory - 042],Ben Sims - Something (Truncate Remix) [Theory - 042]
"2013-04-06 - Marcel Dettmann @ Time Warp, Mannheim, Germany","https://www.mixesdb.com/w/2013-04-06_-_Marcel_Dettmann_@_Time_Warp,_Mannheim,_Germany",,8,027,Ritzi Lee,Reverse Processed [Theory - 038],Ritzi Lee - Reverse Processed [Theory - 038]
"2013-04-06 - Marcel Dettmann @ Time Warp, Mannheim, Germany","https://www.mixesdb.com/w/2013-04-06_-_Marcel_Dettmann_@_Time_Warp,_Mannheim,_Germany",,9,032,Shifted,Sektor C [Avian - AVN 008-9],Shifted - Sektor C [Avian - AVN 008-9]
"2013-04-06 - Marcel Dettmann @ Time Warp, Mannheim, Germany","https://www.mixesdb.com/w/2013-04-06_-_Marcel_Dettmann_@_Time_Warp,_Mannheim,_Germany",,10,036,Schizolectric,Neuro-Hologram [Audiofugitives - AU004],Schizolectric - Neuro-Hologram [Audiofugitives - AU004]
"2013-04-06 - Marcel Dettmann @ Time Warp, Mannheim, Germany","https://www.mixesdb.com/w/2013-04-06_-_Marcel_Dettmann_@_Time_Warp,_Mannheim,_Germany",,11,039,Kobosil,Emil,Kobosil - Emil
"2013-04-06 - Marcel Dettmann @ Time Warp, Mannheim, Germany","https://www.mixesdb.com/w/2013-04-06_-_Marcel_Dettmann_@_Time_Warp,_Mannheim,_Germany",,12,043,Robert Hood,Drive (The Age Of Automation) (Ø [Phase] C Box Mix) [Music Man - MM 165D],Robert Hood - Drive (The Age Of Automation) (Ø [Phase] C Box Mix) [Music Man - MM 165D]
"2013-04-06 - Marcel Dettmann @ Time Warp, Mannheim, Germany","https://www.mixesdb.com/w/2013-04-06_-_Marcel_Dettmann_@_Time_Warp,_Mannheim,_Germany",,13,048,Marcel Dettmann,Push [Ostgut Ton - O-TON 061],Marcel Dettmann - Push [Ostgut Ton - O-TON 061]
"2013-04-06 - Marcel Dettmann @ Time Warp, Mannheim, Germany","https://www.mixesdb.com/w/2013-04-06_-_Marcel_Dettmann_@_Time_Warp,_Mannheim,_Germany",,14,051,,?,?
"2013-04-06 - Marcel Dettmann @ Time Warp, Mannheim, Germany","https://www.mixesdb.com/w/2013-04-06_-_Marcel_Dettmann_@_Time_Warp,_Mannheim,_Germany",,15,055,Cajmere,Horny (Horny Toad Mix) [Cajual],Cajmere - Horny (Horny Toad Mix) [Cajual]
"2013-04-06 - Marcel Dettmann @ Time Warp, Mannheim, Germany","https://www.mixesdb.com/w/2013-04-06_-_Marcel_Dettmann_@_Time_Warp,_Mannheim,_Germany",,16,060,ROD,Anindica [Klockworks 11] <!-- NOT Dionigi / SDK -->,ROD - Anindica [Klockworks 11] <!-- NOT Dionigi / SDK -->
"2013-04-06 - Marcel Dettmann @ Time Warp, Mannheim, Germany","https://www.mixesdb.com/w/2013-04-06_-_Marcel_Dettmann_@_Time_Warp,_Mannheim,_Germany",,17,066,Robert Hood,Drive (The Age Of Automation) (Ø [Phase] C Box Mix) [Music Man - MM 165D],Robert Hood - Drive (The Age Of Automation) (Ø [Phase] C Box Mix) [Music Man - MM 165D]
"2013-04-06 - Marcel Dettmann @ Time Warp, Mannheim, Germany","https://www.mixesdb.com/w/2013-04-06_-_Marcel_Dettmann_@_Time_Warp,_Mannheim,_Germany",,18,070,Ben Sims,In The City (Ritzi Lee Remix) [Theory - 039],Ben Sims - In The City (Ritzi Lee Remix) [Theory - 039]
"2013-04-06 - Marcel Dettmann @ Time Warp, Mannheim, Germany","https://www.mixesdb.com/w/2013-04-06_-_Marcel_Dettmann_@_Time_Warp,_Mannheim,_Germany",,19,073,Floorplan,Living It Up [M-Plant - MPM 10],Floorplan - Living It Up [M-Plant - MPM 10]
"2013-04-06 - Marcel Dettmann @ Time Warp, Mannheim, Germany","https://www.mixesdb.com/w/2013-04-06_-_Marcel_Dettmann_@_Time_Warp,_Mannheim,_Germany",,20,077,D'J&G,Basic Voice (D'J&G aka DJ DJ Julien & Gonzague 1999 Original Mix) [Mirage - MIR 016],D'J&G - Basic Voice (D'J&G aka DJ DJ Julien & Gonzague 1999 Original Mix) [Mirage - MIR 016]
"2013-04-06 - Marcel Dettmann @ Time Warp, Mannheim, Germany","https://www.mixesdb.com/w/2013-04-06_-_Marcel_Dettmann_@_Time_Warp,_Mannheim,_Germany",,21,081,DJ Hell,Passionate (TDC Remix),DJ Hell - Passionate (TDC Remix)
"2013-04-06 - Marcel Dettmann @ Time Warp, Mannheim, Germany","https://www.mixesdb.com/w/2013-04-06_-_Marcel_Dettmann_@_Time_Warp,_Mannheim,_Germany",,22,088,Ben Sims Feat. Tyree Cooper,I Feel It Deep (Sandwell District Remix) [Drumcode - DC110],Ben Sims Feat. Tyree Cooper - I Feel It Deep (Sandwell District Remix) [Drumcode - DC110]
"2013-04-06 - Marcel Dettmann @ Time Warp, Mannheim, Germany","https://www.mixesdb.com/w/2013-04-06_-_Marcel_Dettmann_@_Time_Warp,_Mannheim,_Germany",,23,092,Lee J Malcolm,OneStar-Applicant (James Ruskin Rework) [EPM - 006],Lee J Malcolm - OneStar-Applicant (James Ruskin Rework) [EPM - 006]
"2013-04-06 - Marcel Dettmann @ Time Warp, Mannheim, Germany","https://www.mixesdb.com/w/2013-04-06_-_Marcel_Dettmann_@_Time_Warp,_Mannheim,_Germany",,24,096,Benjamin Damage,010x [50 Weapons - CD 12],Benjamin Damage - 010x [50 Weapons - CD 12]
"2013-04-06 - Marcel Dettmann @ Time Warp, Mannheim, Germany","https://www.mixesdb.com/w/2013-04-06_-_Marcel_Dettmann_@_Time_Warp,_Mannheim,_Germany",,25,102,Untold,Motion The Dance [Hemlock - HEK 019],Untold - Motion The Dance [Hemlock - HEK 019]
"2013-04-06 - Marcel Dettmann @ Time Warp, Mannheim, Germany","https://www.mixesdb.com/w/2013-04-06_-_Marcel_Dettmann_@_Time_Warp,_Mannheim,_Germany",,26,106,Marcel Dettmann,Rush (PAS Deep Release Remix) [Marcel Dettmann Records - MDR 013],Marcel Dettmann - Rush (PAS Deep Release Remix) [Marcel Dettmann Records - MDR 013]
"2013-04-06 - Marcel Dettmann @ Time Warp, Mannheim, Germany","https://www.mixesdb.com/w/2013-04-06_-_Marcel_Dettmann_@_Time_Warp,_Mannheim,_Germany",,27,110,Recondite,Cleric [Dystopian],Recondite - Cleric [Dystopian]
"2013-04-06 - Marcel Dettmann @ Time Warp, Mannheim, Germany","https://www.mixesdb.com/w/2013-04-06_-_Marcel_Dettmann_@_Time_Warp,_Mannheim,_Germany",,28,114,Marcel Dettmann,Corebox (James Ruskin Blueprint Mix) [Marcel Dettmann Records - MDR 012],Marcel Dettmann - Corebox (James Ruskin Blueprint Mix) [Marcel Dettmann Records - MDR 012]
"2019-04-21 - Marcel Dettmann @ DGTL Festival, NDSM Docklands, Amsterdam (RA Live)","https://www.mixesdb.com/w/2019-04-21_-_Marcel_Dettmann_@_DGTL_Festival,_NDSM_Docklands,_Amsterdam_(RA_Live)",,1,00,The Exaltics,The Arrival [Clone West Coast Series - CWCS014LP],The Exaltics - The Arrival [Clone West Coast Series - CWCS014LP]
"2019-04-21 - Marcel Dettmann @ DGTL Festival, NDSM Docklands, Amsterdam (RA Live)","https://www.mixesdb.com/w/2019-04-21_-_Marcel_Dettmann_@_DGTL_Festival,_NDSM_Docklands,_Amsterdam_(RA_Live)",,2,03,Tafkamp,Emo06 [Revenge Techniques - REVENGE0],Tafkamp - Emo06 [Revenge Techniques - REVENGE0]
"2019-04-21 - Marcel Dettmann @ DGTL Festival, NDSM Docklands, Amsterdam (RA Live)","https://www.mixesdb.com/w/2019-04-21_-_Marcel_Dettmann_@_DGTL_Festival,_NDSM_Docklands,_Amsterdam_(RA_Live)",,3,06,Planetary Assault Systems,The Grinder [Machine - LP 001],Planetary Assault Systems - The Grinder [Machine - LP 001]
"2019-04-21 - Marcel Dettmann @ DGTL Festival, NDSM Docklands, Amsterdam (RA Live)","https://www.mixesdb.com/w/2019-04-21_-_Marcel_Dettmann_@_DGTL_Festival,_NDSM_Docklands,_Amsterdam_(RA_Live)",,4,08,,?,?
"2019-04-21 - Marcel Dettmann @ DGTL Festival, NDSM Docklands, Amsterdam (RA Live)","https://www.mixesdb.com/w/2019-04-21_-_Marcel_Dettmann_@_DGTL_Festival,_NDSM_Docklands,_Amsterdam_(RA_Live)",,5,12,Luke Slater,Love (Marcel Dettmann Black Glove Remix),Luke Slater - Love (Marcel Dettmann Black Glove Remix)
"2019-04-21 - Marcel Dettmann @ DGTL Festival, NDSM Docklands, Amsterdam (RA Live)","https://www.mixesdb.com/w/2019-04-21_-_Marcel_Dettmann_@_DGTL_Festival,_NDSM_Docklands,_Amsterdam_(RA_Live)",,6,15,Hemka,The Portrait Of Nina Sayers [Rekids - RSPX 12],Hemka - The Portrait Of Nina Sayers [Rekids - RSPX 12]
"2019-04-21 - Marcel Dettmann @ DGTL Festival, NDSM Docklands, Amsterdam (RA Live)","https://www.mixesdb.com/w/2019-04-21_-_Marcel_Dettmann_@_DGTL_Festival,_NDSM_Docklands,_Amsterdam_(RA_Live)",,7,18,Foreign Textures,Comfort Royale [Tronic - TR 013],Foreign Textures - Comfort Royale [Tronic - TR 013]
"2019-04-21 - Marcel Dettmann @ DGTL Festival, NDSM Docklands, Amsterdam (RA Live)","https://www.mixesdb.com/w/2019-04-21_-_Marcel_Dettmann_@_DGTL_Festival,_NDSM_Docklands,_Amsterdam_(RA_Live)",,8,23,Vril,Scalar,Vril - Scalar
"2019-04-21 - Marcel Dettmann @ DGTL Festival, NDSM Docklands, Amsterdam (RA Live)","https://www.mixesdb.com/w/2019-04-21_-_Marcel_Dettmann_@_DGTL_Festival,_NDSM_Docklands,_Amsterdam_(RA_Live)",,9,27,,?,?
"2019-04-21 - Marcel Dettmann @ DGTL Festival, NDSM Docklands, Amsterdam (RA Live)","https://www.mixesdb.com/w/2019-04-21_-_Marcel_Dettmann_@_DGTL_Festival,_NDSM_Docklands,_Amsterdam_(RA_Live)",,10,31,AFFKT,Fosc (Jonas Kopp Remix) [Suara - 306],AFFKT - Fosc (Jonas Kopp Remix) [Suara - 306]
"2019-04-21 - Marcel Dettmann @ DGTL Festival, NDSM Docklands, Amsterdam (RA Live)","https://www.mixesdb.com/w/2019-04-21_-_Marcel_Dettmann_@_DGTL_Festival,_NDSM_Docklands,_Amsterdam_(RA_Live)",,11,35,Planetary Assault Systems,Give It Up [Mote Evolver - MOTE 055D],Planetary Assault Systems - Give It Up [Mote Evolver - MOTE 055D]
"2019-04-21 - Marcel Dettmann @ DGTL Festival, NDSM Docklands, Amsterdam (RA Live)","https://www.mixesdb.com/w/2019-04-21_-_Marcel_Dettmann_@_DGTL_Festival,_NDSM_Docklands,_Amsterdam_(RA_Live)",,12,38,Co-Jaack,Nightshift [Jack The Box],Co-Jaack - Nightshift [Jack The Box]
"2019-04-21 - Marcel Dettmann @ DGTL Festival, NDSM Docklands, Amsterdam (RA Live)","https://www.mixesdb.com/w/2019-04-21_-_Marcel_Dettmann_@_DGTL_Festival,_NDSM_Docklands,_Amsterdam_(RA_Live)",,13,42,Juan Sanchez,Uros [Noventa 001],Juan Sanchez - Uros [Noventa 001]
"2019-04-21 - Marcel Dettmann @ DGTL Festival, NDSM Docklands, Amsterdam (RA Live)","https://www.mixesdb.com/w/2019-04-21_-_Marcel_Dettmann_@_DGTL_Festival,_NDSM_Docklands,_Amsterdam_(RA_Live)",,14,45,Lenson,Time Merchant [TH Tar Hallow - TAR 003],Lenson - Time Merchant [TH Tar Hallow - TAR 003]
"2019-04-21 - Marcel Dettmann @ DGTL Festival, NDSM Docklands, Amsterdam (RA Live)","https://www.mixesdb.com/w/2019-04-21_-_Marcel_Dettmann_@_DGTL_Festival,_NDSM_Docklands,_Amsterdam_(RA_Live)",,15,48,,?,?
"2019-04-21 - Marcel Dettmann @ DGTL Festival, NDSM Docklands, Amsterdam (RA Live)","https://www.mixesdb.com/w/2019-04-21_-_Marcel_Dettmann_@_DGTL_Festival,_NDSM_Docklands,_Amsterdam_(RA_Live)",,16,51,Thomas Bangalter,Riga (Take 1),Thomas Bangalter - Riga (Take 1)
"2019-04-21 - Marcel Dettmann @ DGTL Festival, NDSM Docklands, Amsterdam (RA Live)","https://www.mixesdb.com/w/2019-04-21_-_Marcel_Dettmann_@_DGTL_Festival,_NDSM_Docklands,_Amsterdam_(RA_Live)",,17,54,,?,?
"2019-04-21 - Marcel Dettmann @ DGTL Festival, NDSM Docklands, Amsterdam (RA Live)","https://www.mixesdb.com/w/2019-04-21_-_Marcel_Dettmann_@_DGTL_Festival,_NDSM_Docklands,_Amsterdam_(RA_Live)",,18,57,John Tejada,Antithesis (Steve Rachmad Remix) [Sino - 04],John Tejada - Antithesis (Steve Rachmad Remix) [Sino - 04]
"2019-04-21 - Marcel Dettmann @ DGTL Festival, NDSM Docklands, Amsterdam (RA Live)","https://www.mixesdb.com/w/2019-04-21_-_Marcel_Dettmann_@_DGTL_Festival,_NDSM_Docklands,_Amsterdam_(RA_Live)",,19,64,Neil Landstrumm,Night Walker Zwei,Neil Landstrumm - Night Walker Zwei
"2019-04-21 - Marcel Dettmann @ DGTL Festival, NDSM Docklands, Amsterdam (RA Live)","https://www.mixesdb.com/w/2019-04-21_-_Marcel_Dettmann_@_DGTL_Festival,_NDSM_Docklands,_Amsterdam_(RA_Live)",,20,67,,?,?
"2019-04-21 - Marcel Dettmann @ DGTL Festival, NDSM Docklands, Amsterdam (RA Live)","https://www.mixesdb.com/w/2019-04-21_-_Marcel_Dettmann_@_DGTL_Festival,_NDSM_Docklands,_Amsterdam_(RA_Live)",,21,71,,?,?
"2019-04-21 - Marcel Dettmann @ DGTL Festival, NDSM Docklands, Amsterdam (RA Live)","https://www.mixesdb.com/w/2019-04-21_-_Marcel_Dettmann_@_DGTL_Festival,_NDSM_Docklands,_Amsterdam_(RA_Live)",,22,74,Fred Ventura,Technologies (Alessandro Adriani Extended Version),Fred Ventura - Technologies (Alessandro Adriani Extended Version)
"2023-07-09 - Marcel Dettmann @ Stone Techno Festival, Germany","https://www.mixesdb.com/w/2023-07-09_-_Marcel_Dettmann_@_Stone_Techno_Festival,_Germany",,1,00,P.A. Presents,Vera S. [U-TRAX - 20UTRQDM8],P.A. Presents - Vera S. [U-TRAX - 20UTRQDM8]
"2023-07-09 - Marcel Dettmann @ Stone Techno Festival, Germany","https://www.mixesdb.com/w/2023-07-09_-_Marcel_Dettmann_@_Stone_Techno_Festival,_Germany",,2,04,Oliver Ho,Silver [EPMVS02],Oliver Ho - Silver [EPMVS02]
"2023-07-09 - Marcel Dettmann @ Stone Techno Festival, Germany","https://www.mixesdb.com/w/2023-07-09_-_Marcel_Dettmann_@_Stone_Techno_Festival,_Germany",,3,06,Ritzi Lee,Loadbalancer [[R]3VOLUTION - R3D068],Ritzi Lee - Loadbalancer [[R]3VOLUTION - R3D068]
"2023-07-09 - Marcel Dettmann @ Stone Techno Festival, Germany","https://www.mixesdb.com/w/2023-07-09_-_Marcel_Dettmann_@_Stone_Techno_Festival,_Germany",,4,09,Indio,Antero (E.R.P. Remix) [Emotions Electric - EE0011],Indio - Antero (E.R.P. Remix) [Emotions Electric - EE0011]
"2023-07-09 - Marcel Dettmann @ Stone Techno Festival, Germany","https://www.mixesdb.com/w/2023-07-09_-_Marcel_Dettmann_@_Stone_Techno_Festival,_Germany",,5,13,,?,?
"2023-07-09 - Marcel Dettmann @ Stone Techno Festival, Germany","https://www.mixesdb.com/w/2023-07-09_-_Marcel_Dettmann_@_Stone_Techno_Festival,_Germany",,6,16,Kalter Ende,Sacred Needs [Incense - NCNS001],Kalter Ende - Sacred Needs [Incense - NCNS001]
"2023-07-09 - Marcel Dettmann @ Stone Techno Festival, Germany","https://www.mixesdb.com/w/2023-07-09_-_Marcel_Dettmann_@_Stone_Techno_Festival,_Germany",,7,20,,?,?
"2023-07-09 - Marcel Dettmann @ Stone Techno Festival, Germany","https://www.mixesdb.com/w/2023-07-09_-_Marcel_Dettmann_@_Stone_Techno_Festival,_Germany",,8,22,Tyree Feat. Blake Baxter,Let It Go [Chicago Vinyl - CVR004],Tyree Feat. Blake Baxter - Let It Go [Chicago Vinyl - CVR004]
"2023-07-09 - Marcel Dettmann @ Stone Techno Festival, Germany","https://www.mixesdb.com/w/2023-07-09_-_Marcel_Dettmann_@_Stone_Techno_Festival,_Germany",,9,25,The Miller,High Tech [ANAØH - ANA102],The Miller - High Tech [ANAØH - ANA102]
"2023-07-09 - Marcel Dettmann @ Stone Techno Festival, Germany","https://www.mixesdb.com/w/2023-07-09_-_Marcel_Dettmann_@_Stone_Techno_Festival,_Germany",,10,28,Alexander Johansson & Mattias Fridell,Kniv & Gaffel [Lomsk - LMSK005],Alexander Johansson & Mattias Fridell - Kniv & Gaffel [Lomsk - LMSK005]
"2023-07-09 - Marcel Dettmann @ Stone Techno Festival, Germany","https://www.mixesdb.com/w/2023-07-09_-_Marcel_Dettmann_@_Stone_Techno_Festival,_Germany",,11,30,Gaetano Parisio,Nysa [Fragments 2930 - CNFR2930],Gaetano Parisio - Nysa [Fragments 2930 - CNFR2930]
"2023-07-09 - Marcel Dettmann @ Stone Techno Festival, Germany","https://www.mixesdb.com/w/2023-07-09_-_Marcel_Dettmann_@_Stone_Techno_Festival,_Germany",,12,32,David Spanish,Ride The Snake [Distangled - DIS001],David Spanish - Ride The Snake [Distangled - DIS001]
"2023-07-09 - Marcel Dettmann @ Stone Techno Festival, Germany","https://www.mixesdb.com/w/2023-07-09_-_Marcel_Dettmann_@_Stone_Techno_Festival,_Germany",,13,34,The Miller,LIM [ANAØH - ANA102],The Miller - LIM [ANAØH - ANA102]
"2023-07-09 - Marcel Dettmann @ Stone Techno Festival, Germany","https://www.mixesdb.com/w/2023-07-09_-_Marcel_Dettmann_@_Stone_Techno_Festival,_Germany",,14,36,Oliver Ho,Silver (Damon Wild's Substractive Mix) [EPMVS02],Oliver Ho - Silver (Damon Wild's Substractive Mix) [EPMVS02]
"2023-07-09 - Marcel Dettmann @ Stone Techno Festival, Germany","https://www.mixesdb.com/w/2023-07-09_-_Marcel_Dettmann_@_Stone_Techno_Festival,_Germany",,15,39,Welt In Scherben,Welt In Scherben I-2 [Aufnahme + Wiedergabe - A+w Lp028],Welt In Scherben - Welt In Scherben I-2 [Aufnahme + Wiedergabe - A+w Lp028]
"2023-07-09 - Marcel Dettmann @ Stone Techno Festival, Germany","https://www.mixesdb.com/w/2023-07-09_-_Marcel_Dettmann_@_Stone_Techno_Festival,_Germany",,16,42,Karenn,From Hunk To Husk [VOAM011],Karenn - From Hunk To Husk [VOAM011]
"2023-07-09 - Marcel Dettmann @ Stone Techno Festival, Germany","https://www.mixesdb.com/w/2023-07-09_-_Marcel_Dettmann_@_Stone_Techno_Festival,_Germany",,17,45,Mike Dearborn,Future Vision [Majesty - MAJ-LP 001],Mike Dearborn - Future Vision [Majesty - MAJ-LP 001]
"2023-07-09 - Marcel Dettmann @ Stone Techno Festival, Germany","https://www.mixesdb.com/w/2023-07-09_-_Marcel_Dettmann_@_Stone_Techno_Festival,_Germany",,18,48,Deniro,MPC Tracks M2 [Self Reflektion - REFLEKT014],Deniro - MPC Tracks M2 [Self Reflektion - REFLEKT014]
"2023-07-09 - Marcel Dettmann @ Stone Techno Festival, Germany","https://www.mixesdb.com/w/2023-07-09_-_Marcel_Dettmann_@_Stone_Techno_Festival,_Germany",,19,50,ESP Woody McBride,Numb Decibels [Communique Records - C039],ESP Woody McBride - Numb Decibels [Communique Records - C039]
"2023-07-09 - Marcel Dettmann @ Stone Techno Festival, Germany","https://www.mixesdb.com/w/2023-07-09_-_Marcel_Dettmann_@_Stone_Techno_Festival,_Germany",,20,55,Ritzi Lee,Accelerate [Symbolism - SYMDIGILP003],Ritzi Lee - Accelerate [Symbolism - SYMDIGILP003]
"2023-07-09 - Marcel Dettmann @ Stone Techno Festival, Germany","https://www.mixesdb.com/w/2023-07-09_-_Marcel_Dettmann_@_Stone_Techno_Festival,_Germany",,21,59,L.B. Bad,Late In The Evening (Music's Seeping Thru) [Uncanny Valley - UV-GNT02],L.B. Bad - Late In The Evening (Music's Seeping Thru) [Uncanny Valley - UV-GNT02]
"2023-07-09 - Marcel Dettmann @ Stone Techno Festival, Germany","https://www.mixesdb.com/w/2023-07-09_-_Marcel_Dettmann_@_Stone_Techno_Festival,_Germany",,22,62,Oliver Ho,Red [EPMVS02],Oliver Ho - Red [EPMVS02]
"2023-07-09 - Marcel Dettmann @ Stone Techno Festival, Germany","https://www.mixesdb.com/w/2023-07-09_-_Marcel_Dettmann_@_Stone_Techno_Festival,_Germany",,23,66,ZADIG,The Stellar Hunter [Tresor.283],ZADIG - The Stellar Hunter [Tresor.283]
"2023-07-09 - Marcel Dettmann @ Stone Techno Festival, Germany","https://www.mixesdb.com/w/2023-07-09_-_Marcel_Dettmann_@_Stone_Techno_Festival,_Germany",,24,71,,?,?
"2023-07-09 - Marcel Dettmann @ Stone Techno Festival, Germany","https://www.mixesdb.com/w/2023-07-09_-_Marcel_Dettmann_@_Stone_Techno_Festival,_Germany",,25,74,,?,?
"2023-07-09 - Marcel Dettmann @ Stone Techno Festival, Germany","https://www.mixesdb.com/w/2023-07-09_-_Marcel_Dettmann_@_Stone_Techno_Festival,_Germany",,26,79,,?,?
"2023-07-09 - Marcel Dettmann @ Stone Techno Festival, Germany","https://www.mixesdb.com/w/2023-07-09_-_Marcel_Dettmann_@_Stone_Techno_Festival,_Germany",,27,82,DJ Funk,Run (Telephone Stalker Remix) [Pro-Jex - PROX014],DJ Funk - Run (Telephone Stalker Remix) [Pro-Jex - PROX014]
"2023-07-09 - Marcel Dettmann @ Stone Techno Festival, Germany","https://www.mixesdb.com/w/2023-07-09_-_Marcel_Dettmann_@_Stone_Techno_Festival,_Germany",,28,87,Octave One,Blackwater (E-Dancer Vocal Dub Edit) [430 West - 4WDGBW1002],Octave One - Blackwater (E-Dancer Vocal Dub Edit) [430 West - 4WDGBW1002]
"2023-01-06 - Tim Sweeney, Marcel Dettmann - Beats In Space 054, Apple Music","https://www.mixesdb.com/w/2023-01-06_-_Tim_Sweeney,_Marcel_Dettmann_-_Beats_In_Space_054,_Apple_Music",Tim Sweeney,1,00,Manuel Göttsching,E2E4 CPS Re:construction Ver.1,Manuel Göttsching - E2E4 CPS Re:construction Ver.1
"2023-01-06 - Tim Sweeney, Marcel Dettmann - Beats In Space 054, Apple Music","https://www.mixesdb.com/w/2023-01-06_-_Tim_Sweeney,_Marcel_Dettmann_-_Beats_In_Space_054,_Apple_Music",Tim Sweeney,2,05,Steve Bug & Donnacha Costello,Still Music (Motor City Drum Ensemble Remix),Steve Bug & Donnacha Costello - Still Music (Motor City Drum Ensemble Remix)
"2023-01-06 - Tim Sweeney, Marcel Dettmann - Beats In Space 054, Apple Music","https://www.mixesdb.com/w/2023-01-06_-_Tim_Sweeney,_Marcel_Dettmann_-_Beats_In_Space_054,_Apple_Music",Tim Sweeney,3,08,Smith & Mighty,"Acid Off A Way, Pt.2","Smith & Mighty - Acid Off A Way, Pt.2"
"2023-01-06 - Tim Sweeney, Marcel Dettmann - Beats In Space 054, Apple Music","https://www.mixesdb.com/w/2023-01-06_-_Tim_Sweeney,_Marcel_Dettmann_-_Beats_In_Space_054,_Apple_Music",Tim Sweeney,4,11,Pet Shop Boys,Rent (Boys' Shorts Edit),Pet Shop Boys - Rent (Boys' Shorts Edit)
"2023-01-06 - Tim Sweeney, Marcel Dettmann - Beats In Space 054, Apple Music","https://www.mixesdb.com/w/2023-01-06_-_Tim_Sweeney,_Marcel_Dettmann_-_Beats_In_Space_054,_Apple_Music",Tim Sweeney,5,13,Ociya,Meteor Shower,Ociya - Meteor Shower
"2023-01-06 - Tim Sweeney, Marcel Dettmann - Beats In Space 054, Apple Music","https://www.mixesdb.com/w/2023-01-06_-_Tim_Sweeney,_Marcel_Dettmann_-_Beats_In_Space_054,_Apple_Music",Tim Sweeney,6,19,Donnacha Costello,Leaving Berlin,Donnacha Costello - Leaving Berlin
"2023-01-06 - Tim Sweeney, Marcel Dettmann - Beats In Space 054, Apple Music","https://www.mixesdb.com/w/2023-01-06_-_Tim_Sweeney,_Marcel_Dettmann_-_Beats_In_Space_054,_Apple_Music",Tim Sweeney,7,22,Orbital,Belfast (David Holmes Remix),Orbital - Belfast (David Holmes Remix)
"2023-01-06 - Tim Sweeney, Marcel Dettmann - Beats In Space 054, Apple Music","https://www.mixesdb.com/w/2023-01-06_-_Tim_Sweeney,_Marcel_Dettmann_-_Beats_In_Space_054,_Apple_Music",Tim Sweeney,8,27,Acid Arab & Wael Alkak,Ya Mahla,Acid Arab & Wael Alkak - Ya Mahla
"2023-01-06 - Tim Sweeney, Marcel Dettmann - Beats In Space 054, Apple Music","https://www.mixesdb.com/w/2023-01-06_-_Tim_Sweeney,_Marcel_Dettmann_-_Beats_In_Space_054,_Apple_Music",Tim Sweeney,9,33,Orlando Voorn,So Deep,Orlando Voorn - So Deep
"2023-01-06 - Tim Sweeney, Marcel Dettmann - Beats In Space 054, Apple Music","https://www.mixesdb.com/w/2023-01-06_-_Tim_Sweeney,_Marcel_Dettmann_-_Beats_In_Space_054,_Apple_Music",Tim Sweeney,10,36,Alex Tomb,Paludose Canter,Alex Tomb - Paludose Canter
"2023-01-06 - Tim Sweeney, Marcel Dettmann - Beats In Space 054, Apple Music","https://www.mixesdb.com/w/2023-01-06_-_Tim_Sweeney,_Marcel_Dettmann_-_Beats_In_Space_054,_Apple_Music",Tim Sweeney,11,42,Wax,Untitled / W30003 B,Wax - Untitled / W30003 B
"2023-01-06 - Tim Sweeney, Marcel Dettmann - Beats In Space 054, Apple Music","https://www.mixesdb.com/w/2023-01-06_-_Tim_Sweeney,_Marcel_Dettmann_-_Beats_In_Space_054,_Apple_Music",Tim Sweeney,12,46,Lord Fascinator,The Search Continues (Simple Symmetry Remix),Lord Fascinator - The Search Continues (Simple Symmetry Remix)
"2023-01-06 - Tim Sweeney, Marcel Dettmann - Beats In Space 054, Apple Music","https://www.mixesdb.com/w/2023-01-06_-_Tim_Sweeney,_Marcel_Dettmann_-_Beats_In_Space_054,_Apple_Music",Tim Sweeney,13,52,Laurent Garnier,Breathless,Laurent Garnier - Breathless
"2023-01-06 - Tim Sweeney, Marcel Dettmann - Beats In Space 054, Apple Music","https://www.mixesdb.com/w/2023-01-06_-_Tim_Sweeney,_Marcel_Dettmann_-_Beats_In_Space_054,_Apple_Music",Tim Sweeney,14,56,Obongjayar,Sugar (Sally C Remix),Obongjayar - Sugar (Sally C Remix)
"2023-01-06 - Tim Sweeney, Marcel Dettmann - Beats In Space 054, Apple Music","https://www.mixesdb.com/w/2023-01-06_-_Tim_Sweeney,_Marcel_Dettmann_-_Beats_In_Space_054,_Apple_Music",Marcel Dettmann,1,00,L.B. BaD,Late In The Evening (Music's Seeping Thru),L.B. BaD - Late In The Evening (Music's Seeping Thru)
"2023-01-06 - Tim Sweeney, Marcel Dettmann - Beats In Space 054, Apple Music","https://www.mixesdb.com/w/2023-01-06_-_Tim_Sweeney,_Marcel_Dettmann_-_Beats_In_Space_054,_Apple_Music",Marcel Dettmann,2,06,,?,?
"2023-01-06 - Tim Sweeney, Marcel Dettmann - Beats In Space 054, Apple Music","https://www.mixesdb.com/w/2023-01-06_-_Tim_Sweeney,_Marcel_Dettmann_-_Beats_In_Space_054,_Apple_Music",Marcel Dettmann,3,09,Artist Code 555253 & Artist Code 4D4952,It's That,Artist Code 555253 & Artist Code 4D4952 - It's That
"2023-01-06 - Tim Sweeney, Marcel Dettmann - Beats In Space 054, Apple Music","https://www.mixesdb.com/w/2023-01-06_-_Tim_Sweeney,_Marcel_Dettmann_-_Beats_In_Space_054,_Apple_Music",Marcel Dettmann,4,12,FAMILY OF FEW,Intervoles,FAMILY OF FEW - Intervoles
"2023-01-06 - Tim Sweeney, Marcel Dettmann - Beats In Space 054, Apple Music","https://www.mixesdb.com/w/2023-01-06_-_Tim_Sweeney,_Marcel_Dettmann_-_Beats_In_Space_054,_Apple_Music",Marcel Dettmann,5,15,Drexciya,Song Of The Green Whale,Drexciya - Song Of The Green Whale
"2023-01-06 - Tim Sweeney, Marcel Dettmann - Beats In Space 054, Apple Music","https://www.mixesdb.com/w/2023-01-06_-_Tim_Sweeney,_Marcel_Dettmann_-_Beats_In_Space_054,_Apple_Music",Marcel Dettmann,6,18,Gene Hunt,Freddy's Dead,Gene Hunt - Freddy's Dead
"2023-01-06 - Tim Sweeney, Marcel Dettmann - Beats In Space 054, Apple Music","https://www.mixesdb.com/w/2023-01-06_-_Tim_Sweeney,_Marcel_Dettmann_-_Beats_In_Space_054,_Apple_Music",Marcel Dettmann,7,22,Karim,In My Mind,Karim - In My Mind
"2023-01-06 - Tim Sweeney, Marcel Dettmann - Beats In Space 054, Apple Music","https://www.mixesdb.com/w/2023-01-06_-_Tim_Sweeney,_Marcel_Dettmann_-_Beats_In_Space_054,_Apple_Music",Marcel Dettmann,8,25,Byron The Aquarius,A F R I C A,Byron The Aquarius - A F R I C A
"2023-01-06 - Tim Sweeney, Marcel Dettmann - Beats In Space 054, Apple Music","https://www.mixesdb.com/w/2023-01-06_-_Tim_Sweeney,_Marcel_Dettmann_-_Beats_In_Space_054,_Apple_Music",Marcel Dettmann,9,28,,?,?
"2023-01-06 - Tim Sweeney, Marcel Dettmann - Beats In Space 054, Apple Music","https://www.mixesdb.com/w/2023-01-06_-_Tim_Sweeney,_Marcel_Dettmann_-_Beats_In_Space_054,_Apple_Music",Marcel Dettmann,10,31,Jerome Sydenham & Kerri Chandler,Candela,Jerome Sydenham & Kerri Chandler - Candela
"2023-01-06 - Tim Sweeney, Marcel Dettmann - Beats In Space 054, Apple Music","https://www.mixesdb.com/w/2023-01-06_-_Tim_Sweeney,_Marcel_Dettmann_-_Beats_In_Space_054,_Apple_Music",Marcel Dettmann,11,36,,?,?
"2023-01-06 - Tim Sweeney, Marcel Dettmann - Beats In Space 054, Apple Music","https://www.mixesdb.com/w/2023-01-06_-_Tim_Sweeney,_Marcel_Dettmann_-_Beats_In_Space_054,_Apple_Music",Marcel Dettmann,12,38,,?,?
"2023-01-06 - Tim Sweeney, Marcel Dettmann - Beats In Space 054, Apple Music","https://www.mixesdb.com/w/2023-01-06_-_Tim_Sweeney,_Marcel_Dettmann_-_Beats_In_Space_054,_Apple_Music",Marcel Dettmann,13,42,,?,?
"2023-01-06 - Tim Sweeney, Marcel Dettmann - Beats In Space 054, Apple Music","https://www.mixesdb.com/w/2023-01-06_-_Tim_Sweeney,_Marcel_Dettmann_-_Beats_In_Space_054,_Apple_Music",Marcel Dettmann,14,45,Earth Boys,Destination Heaven,Earth Boys - Destination Heaven
"2023-01-06 - Tim Sweeney, Marcel Dettmann - Beats In Space 054, Apple Music","https://www.mixesdb.com/w/2023-01-06_-_Tim_Sweeney,_Marcel_Dettmann_-_Beats_In_Space_054,_Apple_Music",Marcel Dettmann,15,49,,?,?
"2023-01-06 - Tim Sweeney, Marcel Dettmann - Beats In Space 054, Apple Music","https://www.mixesdb.com/w/2023-01-06_-_Tim_Sweeney,_Marcel_Dettmann_-_Beats_In_Space_054,_Apple_Music",Marcel Dettmann,16,51,Drexciya,Aquatic Cataclysm,Drexciya - Aquatic Cataclysm
"2023-01-06 - Tim Sweeney, Marcel Dettmann - Beats In Space 054, Apple Music","https://www.mixesdb.com/w/2023-01-06_-_Tim_Sweeney,_Marcel_Dettmann_-_Beats_In_Space_054,_Apple_Music",Marcel Dettmann,17,55,Black Dot,The Rainbow Children,Black Dot - The Rainbow Children
"2015-03-31 - Anthony Parasole, Marcel Dettmann @ Beats In Space 775","https://www.mixesdb.com/w/2015-03-31_-_Anthony_Parasole,_Marcel_Dettmann_@_Beats_In_Space_775",Anthony Parasole,1,00,Matthew Herbert,Earthenware [Concrete - CCRT7AM01],Matthew Herbert - Earthenware [Concrete - CCRT7AM01]
"2015-03-31 - Anthony Parasole, Marcel Dettmann @ Beats In Space 775","https://www.mixesdb.com/w/2015-03-31_-_Anthony_Parasole,_Marcel_Dettmann_@_Beats_In_Space_775",Anthony Parasole,2,05,DJ Qu,Redtones [Strength Music - SMR-015],DJ Qu - Redtones [Strength Music - SMR-015]
"2015-03-31 - Anthony Parasole, Marcel Dettmann @ Beats In Space 775","https://www.mixesdb.com/w/2015-03-31_-_Anthony_Parasole,_Marcel_Dettmann_@_Beats_In_Space_775",Anthony Parasole,3,10,Scuba,PCP [Hotflush - HFLP010],Scuba - PCP [Hotflush - HFLP010]
"2015-03-31 - Anthony Parasole, Marcel Dettmann @ Beats In Space 775","https://www.mixesdb.com/w/2015-03-31_-_Anthony_Parasole,_Marcel_Dettmann_@_Beats_In_Space_775",Anthony Parasole,4,14,Developer,Volume 1.1 [Olympian - 01],Developer - Volume 1.1 [Olympian - 01]
"2015-03-31 - Anthony Parasole, Marcel Dettmann @ Beats In Space 775","https://www.mixesdb.com/w/2015-03-31_-_Anthony_Parasole,_Marcel_Dettmann_@_Beats_In_Space_775",Anthony Parasole,5,18,Donor,Station A14 (Shawn O'Sullivan Remix) [Prosthetic Pressings - PP 045],Donor - Station A14 (Shawn O'Sullivan Remix) [Prosthetic Pressings - PP 045]
"2015-03-31 - Anthony Parasole, Marcel Dettmann @ Beats In Space 775","https://www.mixesdb.com/w/2015-03-31_-_Anthony_Parasole,_Marcel_Dettmann_@_Beats_In_Space_775",Anthony Parasole,6,22,Donato Dozzy,OZ Taped [Stroboscopic Artefacts - SA5YEARS05],Donato Dozzy - OZ Taped [Stroboscopic Artefacts - SA5YEARS05]
"2015-03-31 - Anthony Parasole, Marcel Dettmann @ Beats In Space 775","https://www.mixesdb.com/w/2015-03-31_-_Anthony_Parasole,_Marcel_Dettmann_@_Beats_In_Space_775",Anthony Parasole,7,27,White Visitation,Maintain [Blank Slate - 010],White Visitation - Maintain [Blank Slate - 010]
"2015-03-31 - Anthony Parasole, Marcel Dettmann @ Beats In Space 775","https://www.mixesdb.com/w/2015-03-31_-_Anthony_Parasole,_Marcel_Dettmann_@_Beats_In_Space_775",Anthony Parasole,8,30,Joey Anderson,Back Draft [Dekmantel - 023],Joey Anderson - Back Draft [Dekmantel - 023]
"2015-03-31 - Anthony Parasole, Marcel Dettmann @ Beats In Space 775","https://www.mixesdb.com/w/2015-03-31_-_Anthony_Parasole,_Marcel_Dettmann_@_Beats_In_Space_775",Anthony Parasole,9,34,Legowelt,Norwegian Crack Dealer [Crème Organization - 12-80],Legowelt - Norwegian Crack Dealer [Crème Organization - 12-80]
"2015-03-31 - Anthony Parasole, Marcel Dettmann @ Beats In Space 775","https://www.mixesdb.com/w/2015-03-31_-_Anthony_Parasole,_Marcel_Dettmann_@_Beats_In_Space_775",Anthony Parasole,10,40,Simon Haydo,Abandoned [Balans - 016],Simon Haydo - Abandoned [Balans - 016]
"2015-03-31 - Anthony Parasole, Marcel Dettmann @ Beats In Space 775","https://www.mixesdb.com/w/2015-03-31_-_Anthony_Parasole,_Marcel_Dettmann_@_Beats_In_Space_775",Anthony Parasole,11,45,CTRLS,The Disparates [Token - 50],CTRLS - The Disparates [Token - 50]
"2015-03-31 - Anthony Parasole, Marcel Dettmann @ Beats In Space 775","https://www.mixesdb.com/w/2015-03-31_-_Anthony_Parasole,_Marcel_Dettmann_@_Beats_In_Space_775",Anthony Parasole,12,48,Ben Sims,Dream State [Theory - 050.3],Ben Sims - Dream State [Theory - 050.3]
"2015-03-31 - Anthony Parasole, Marcel Dettmann @ Beats In Space 775","https://www.mixesdb.com/w/2015-03-31_-_Anthony_Parasole,_Marcel_Dettmann_@_Beats_In_Space_775",Anthony Parasole,13,51,Nick Höppner,Paws [Ostgut Ton - LP19],Nick Höppner - Paws [Ostgut Ton - LP19]
"2015-03-31 - Anthony Parasole, Marcel Dettmann @ Beats In Space 775","https://www.mixesdb.com/w/2015-03-31_-_Anthony_Parasole,_Marcel_Dettmann_@_Beats_In_Space_775",Anthony Parasole,14,55,Daniel Avery,Drone Logic (Rødhåd Remix) [Phantasy - PH42],Daniel Avery - Drone Logic (Rødhåd Remix) [Phantasy - PH42]
"2015-03-31 - Anthony Parasole, Marcel Dettmann @ Beats In Space 775","https://www.mixesdb.com/w/2015-03-31_-_Anthony_Parasole,_Marcel_Dettmann_@_Beats_In_Space_775",Anthony Parasole,15,58,Nicuri,RGNA [Strength Music - SMR-008],Nicuri - RGNA [Strength Music - SMR-008]
"2015-03-31 - Anthony Parasole, Marcel Dettmann @ Beats In Space 775","https://www.mixesdb.com/w/2015-03-31_-_Anthony_Parasole,_Marcel_Dettmann_@_Beats_In_Space_775",Anthony Parasole,16,61,Rebeval,Chantage [LIES - 056],Rebeval - Chantage [LIES - 056]
"2015-03-31 - Anthony Parasole, Marcel Dettmann @ Beats In Space 775","https://www.mixesdb.com/w/2015-03-31_-_Anthony_Parasole,_Marcel_Dettmann_@_Beats_In_Space_775",Anthony Parasole,17,67,Basic Channel,Q Loop [Basic Channel - BC-CD],Basic Channel - Q Loop [Basic Channel - BC-CD]
"2015-03-31 - Anthony Parasole, Marcel Dettmann @ Beats In Space 775","https://www.mixesdb.com/w/2015-03-31_-_Anthony_Parasole,_Marcel_Dettmann_@_Beats_In_Space_775",Marcel Dettmann,1,00,Wrong Copy,Sixteen 11 [MDR - 020],Wrong Copy - Sixteen 11 [MDR - 020]
"2015-03-31 - Anthony Parasole, Marcel Dettmann @ Beats In Space 775","https://www.mixesdb.com/w/2015-03-31_-_Anthony_Parasole,_Marcel_Dettmann_@_Beats_In_Space_775",Marcel Dettmann,2,06,Norman Nodge,Signal Response [MDR - 016],Norman Nodge - Signal Response [MDR - 016]
"2015-03-31 - Anthony Parasole, Marcel Dettmann @ Beats In Space 775","https://www.mixesdb.com/w/2015-03-31_-_Anthony_Parasole,_Marcel_Dettmann_@_Beats_In_Space_775",Marcel Dettmann,3,09,Answer Code Request,Corps De Ballet [MDR - 016],Answer Code Request - Corps De Ballet [MDR - 016]
"2015-03-31 - Anthony Parasole, Marcel Dettmann @ Beats In Space 775","https://www.mixesdb.com/w/2015-03-31_-_Anthony_Parasole,_Marcel_Dettmann_@_Beats_In_Space_775",Marcel Dettmann,4,13,Anthony Parasole,7EVEN [MDR - 016],Anthony Parasole - 7EVEN [MDR - 016]
"2015-03-31 - Anthony Parasole, Marcel Dettmann @ Beats In Space 775","https://www.mixesdb.com/w/2015-03-31_-_Anthony_Parasole,_Marcel_Dettmann_@_Beats_In_Space_775",Marcel Dettmann,5,16,FBK,Past Ownership [MDR - 016],FBK - Past Ownership [MDR - 016]
"2015-03-31 - Anthony Parasole, Marcel Dettmann @ Beats In Space 775","https://www.mixesdb.com/w/2015-03-31_-_Anthony_Parasole,_Marcel_Dettmann_@_Beats_In_Space_775",Marcel Dettmann,6,22,Ryan James Ford,Rjiyen Orandin [MDR - 017],Ryan James Ford - Rjiyen Orandin [MDR - 017]
"2015-03-31 - Anthony Parasole, Marcel Dettmann @ Beats In Space 775","https://www.mixesdb.com/w/2015-03-31_-_Anthony_Parasole,_Marcel_Dettmann_@_Beats_In_Space_775",Marcel Dettmann,7,25,Wrong Copy,Sweet Sixteen 10 [MDR],Wrong Copy - Sweet Sixteen 10 [MDR]
"2015-03-31 - Anthony Parasole, Marcel Dettmann @ Beats In Space 775","https://www.mixesdb.com/w/2015-03-31_-_Anthony_Parasole,_Marcel_Dettmann_@_Beats_In_Space_775",Marcel Dettmann,8,29,Wrong Copy,Sweet Sixteen 15 [MDR],Wrong Copy - Sweet Sixteen 15 [MDR]
"2015-03-31 - Anthony Parasole, Marcel Dettmann @ Beats In Space 775","https://www.mixesdb.com/w/2015-03-31_-_Anthony_Parasole,_Marcel_Dettmann_@_Beats_In_Space_775",Marcel Dettmann,9,33,Milton Bradley,T8 [MDR],Milton Bradley - T8 [MDR]
"2015-03-31 - Anthony Parasole, Marcel Dettmann @ Beats In Space 775","https://www.mixesdb.com/w/2015-03-31_-_Anthony_Parasole,_Marcel_Dettmann_@_Beats_In_Space_775",Marcel Dettmann,10,36,Lockermatik,1st.StmNT [MDR - 016],Lockermatik - 1st.StmNT [MDR - 016]
"2015-03-31 - Anthony Parasole, Marcel Dettmann @ Beats In Space 775","https://www.mixesdb.com/w/2015-03-31_-_Anthony_Parasole,_Marcel_Dettmann_@_Beats_In_Space_775",Marcel Dettmann,11,40,Milton Bradley,Sample (27) [MDR],Milton Bradley - Sample (27) [MDR]
"2015-03-31 - Anthony Parasole, Marcel Dettmann @ Beats In Space 775","https://www.mixesdb.com/w/2015-03-31_-_Anthony_Parasole,_Marcel_Dettmann_@_Beats_In_Space_775",Marcel Dettmann,12,45,Answer Code Request,Calm Down [MDR - 018],Answer Code Request - Calm Down [MDR - 018]
"2015-03-31 - Anthony Parasole, Marcel Dettmann @ Beats In Space 775","https://www.mixesdb.com/w/2015-03-31_-_Anthony_Parasole,_Marcel_Dettmann_@_Beats_In_Space_775",Marcel Dettmann,13,50,Francois X,Vivid Dreams [Demented - 015],Francois X - Vivid Dreams [Demented - 015]
"2015-03-31 - Anthony Parasole, Marcel Dettmann @ Beats In Space 775","https://www.mixesdb.com/w/2015-03-31_-_Anthony_Parasole,_Marcel_Dettmann_@_Beats_In_Space_775",Marcel Dettmann,14,55,Ryan James Ford,Arco Pitcairn [MDR - 017],Ryan James Ford - Arco Pitcairn [MDR - 017]
"2015-03-31 - Anthony Parasole, Marcel Dettmann @ Beats In Space 775","https://www.mixesdb.com/w/2015-03-31_-_Anthony_Parasole,_Marcel_Dettmann_@_Beats_In_Space_775",Marcel Dettmann,15,60,Wincent Kunth,Carlre [MDR],Wincent Kunth - Carlre [MDR]
"2015-03-31 - Anthony Parasole, Marcel Dettmann @ Beats In Space 775","https://www.mixesdb.com/w/2015-03-31_-_Anthony_Parasole,_Marcel_Dettmann_@_Beats_In_Space_775",Marcel Dettmann,16,64,Kobosil,Secede [MDR - 016],Kobosil - Secede [MDR - 016]
"2015-03-31 - Anthony Parasole, Marcel Dettmann @ Beats In Space 775","https://www.mixesdb.com/w/2015-03-31_-_Anthony_Parasole,_Marcel_Dettmann_@_Beats_In_Space_775",Marcel Dettmann,17,68,Ryan James Ford,Lidya Birkett [MDR - 017],Ryan James Ford - Lidya Birkett [MDR - 017]
"2015-03-31 - Anthony Parasole, Marcel Dettmann @ Beats In Space 775","https://www.mixesdb.com/w/2015-03-31_-_Anthony_Parasole,_Marcel_Dettmann_@_Beats_In_Space_775",Marcel Dettmann,18,72,Wincent Kunth,Possible [MDR],Wincent Kunth - Possible [MDR]
"2025-05-03 - Marcel Dettmann @ Under Club, Buenos Aires","https://www.mixesdb.com/w/2025-05-03_-_Marcel_Dettmann_@_Under_Club,_Buenos_Aires",,1,000,,?,?
"2025-05-03 - Marcel Dettmann @ Under Club, Buenos Aires","https://www.mixesdb.com/w/2025-05-03_-_Marcel_Dettmann_@_Under_Club,_Buenos_Aires",,2,004,,?,?
"2025-05-03 - Marcel Dettmann @ Under Club, Buenos Aires","https://www.mixesdb.com/w/2025-05-03_-_Marcel_Dettmann_@_Under_Club,_Buenos_Aires",,3,007,Jeff Mills,Sacred Iridescent Mirror (The Pledge) (Undue Influence Mix) [Axis],Jeff Mills - Sacred Iridescent Mirror (The Pledge) (Undue Influence Mix) [Axis]
"2025-05-03 - Marcel Dettmann @ Under Club, Buenos Aires","https://www.mixesdb.com/w/2025-05-03_-_Marcel_Dettmann_@_Under_Club,_Buenos_Aires",,4,010,Kashpitzky,Silver Ball [Be As One],Kashpitzky - Silver Ball [Be As One]
"2025-05-03 - Marcel Dettmann @ Under Club, Buenos Aires","https://www.mixesdb.com/w/2025-05-03_-_Marcel_Dettmann_@_Under_Club,_Buenos_Aires",,5,013,Dold,Phyllite [The Third Room],Dold - Phyllite [The Third Room]
"2025-05-03 - Marcel Dettmann @ Under Club, Buenos Aires","https://www.mixesdb.com/w/2025-05-03_-_Marcel_Dettmann_@_Under_Club,_Buenos_Aires",,6,017,Planetary Assault Systems,Catch 23 [Fuse Imprint],Planetary Assault Systems - Catch 23 [Fuse Imprint]
"2025-05-03 - Marcel Dettmann @ Under Club, Buenos Aires","https://www.mixesdb.com/w/2025-05-03_-_Marcel_Dettmann_@_Under_Club,_Buenos_Aires",,7,020,,?,?
"2025-05-03 - Marcel Dettmann @ Under Club, Buenos Aires","https://www.mixesdb.com/w/2025-05-03_-_Marcel_Dettmann_@_Under_Club,_Buenos_Aires",,8,023,Deas,Black [Baumuzik],Deas - Black [Baumuzik]
"2025-05-03 - Marcel Dettmann @ Under Club, Buenos Aires","https://www.mixesdb.com/w/2025-05-03_-_Marcel_Dettmann_@_Under_Club,_Buenos_Aires",,9,027,,?,?
"2025-05-03 - Marcel Dettmann @ Under Club, Buenos Aires","https://www.mixesdb.com/w/2025-05-03_-_Marcel_Dettmann_@_Under_Club,_Buenos_Aires",,10,034,The Exaltics,What You Want [Repetitive Rhythm Research],The Exaltics - What You Want [Repetitive Rhythm Research]
"2025-05-03 - Marcel Dettmann @ Under Club, Buenos Aires","https://www.mixesdb.com/w/2025-05-03_-_Marcel_Dettmann_@_Under_Club,_Buenos_Aires",,11,038,Ausgang,SDX4N,Ausgang - SDX4N
"2025-05-03 - Marcel Dettmann @ Under Club, Buenos Aires","https://www.mixesdb.com/w/2025-05-03_-_Marcel_Dettmann_@_Under_Club,_Buenos_Aires",,12,044,Alexander Johansson & Mattias Fridell,Sprickdalen [MORD],Alexander Johansson & Mattias Fridell - Sprickdalen [MORD]
"2025-05-03 - Marcel Dettmann @ Under Club, Buenos Aires","https://www.mixesdb.com/w/2025-05-03_-_Marcel_Dettmann_@_Under_Club,_Buenos_Aires",,13,047,Dc11,Florus [TH Tar Hallow],Dc11 - Florus [TH Tar Hallow]
"2025-05-03 - Marcel Dettmann @ Under Club, Buenos Aires","https://www.mixesdb.com/w/2025-05-03_-_Marcel_Dettmann_@_Under_Club,_Buenos_Aires",,14,050,Metro Skim,Anomaly [Warm Up],Metro Skim - Anomaly [Warm Up]
"2025-05-03 - Marcel Dettmann @ Under Club, Buenos Aires","https://www.mixesdb.com/w/2025-05-03_-_Marcel_Dettmann_@_Under_Club,_Buenos_Aires",,15,053,Planetary Assault Systems,Say It Loud [Token],Planetary Assault Systems - Say It Loud [Token]
"2025-05-03 - Marcel Dettmann @ Under Club, Buenos Aires","https://www.mixesdb.com/w/2025-05-03_-_Marcel_Dettmann_@_Under_Club,_Buenos_Aires",,16,057,Lidvall,Morphine [Symbolism],Lidvall - Morphine [Symbolism]
"2025-05-03 - Marcel Dettmann @ Under Club, Buenos Aires","https://www.mixesdb.com/w/2025-05-03_-_Marcel_Dettmann_@_Under_Club,_Buenos_Aires",,17,060,,?,?
"2025-05-03 - Marcel Dettmann @ Under Club, Buenos Aires","https://www.mixesdb.com/w/2025-05-03_-_Marcel_Dettmann_@_Under_Club,_Buenos_Aires",,18,063,Dynamic Forces,Shimmer [ARTS],Dynamic Forces - Shimmer [ARTS]
"2025-05-03 - Marcel Dettmann @ Under Club, Buenos Aires","https://www.mixesdb.com/w/2025-05-03_-_Marcel_Dettmann_@_Under_Club,_Buenos_Aires",,19,066,Petter B,The Laughing Track [Bond],Petter B - The Laughing Track [Bond]
"2025-05-03 - Marcel Dettmann @ Under Club, Buenos Aires","https://www.mixesdb.com/w/2025-05-03_-_Marcel_Dettmann_@_Under_Club,_Buenos_Aires",,20,069,,?,?
"2025-05-03 - Marcel Dettmann @ Under Club, Buenos Aires","https://www.mixesdb.com/w/2025-05-03_-_Marcel_Dettmann_@_Under_Club,_Buenos_Aires",,21,072,Tom Carruthers,From Within [Syncrophone],Tom Carruthers - From Within [Syncrophone]
"2025-05-03 - Marcel Dettmann @ Under Club, Buenos Aires","https://www.mixesdb.com/w/2025-05-03_-_Marcel_Dettmann_@_Under_Club,_Buenos_Aires",,22,075,DJ Funk,House The Groove [Strut],DJ Funk - House The Groove [Strut]
"2025-05-03 - Marcel Dettmann @ Under Club, Buenos Aires","https://www.mixesdb.com/w/2025-05-03_-_Marcel_Dettmann_@_Under_Club,_Buenos_Aires",,23,078,,?,?
"2025-05-03 - Marcel Dettmann @ Under Club, Buenos Aires","https://www.mixesdb.com/w/2025-05-03_-_Marcel_Dettmann_@_Under_Club,_Buenos_Aires",,24,082,Clark,Dirty Pixie [Warp],Clark - Dirty Pixie [Warp]
"2025-05-03 - Marcel Dettmann @ Under Club, Buenos Aires","https://www.mixesdb.com/w/2025-05-03_-_Marcel_Dettmann_@_Under_Club,_Buenos_Aires",,25,085,Alexey Dunchyk,Knot [Recorded Things],Alexey Dunchyk - Knot [Recorded Things]
"2025-05-03 - Marcel Dettmann @ Under Club, Buenos Aires","https://www.mixesdb.com/w/2025-05-03_-_Marcel_Dettmann_@_Under_Club,_Buenos_Aires",,26,088,,?,?
"2025-05-03 - Marcel Dettmann @ Under Club, Buenos Aires","https://www.mixesdb.com/w/2025-05-03_-_Marcel_Dettmann_@_Under_Club,_Buenos_Aires",,27,091,Biemsix,Yesterday [Exekute],Biemsix - Yesterday [Exekute]
"2025-05-03 - Marcel Dettmann @ Under Club, Buenos Aires","https://www.mixesdb.com/w/2025-05-03_-_Marcel_Dettmann_@_Under_Club,_Buenos_Aires",,28,095,,?,?
"2025-05-03 - Marcel Dettmann @ Under Club, Buenos Aires","https://www.mixesdb.com/w/2025-05-03_-_Marcel_Dettmann_@_Under_Club,_Buenos_Aires",,29,100,Petter B,Before The After (Arjun Vagale Remix) [Bond],Petter B - Before The After (Arjun Vagale Remix) [Bond]
"2025-05-03 - Marcel Dettmann @ Under Club, Buenos Aires","https://www.mixesdb.com/w/2025-05-03_-_Marcel_Dettmann_@_Under_Club,_Buenos_Aires",,30,104,JSPRV35,Seduction [Global Pulse],JSPRV35 - Seduction [Global Pulse]
"2025-05-03 - Marcel Dettmann @ Under Club, Buenos Aires","https://www.mixesdb.com/w/2025-05-03_-_Marcel_Dettmann_@_Under_Club,_Buenos_Aires",,31,107,,?,?
"2025-05-03 - Marcel Dettmann @ Under Club, Buenos Aires","https://www.mixesdb.com/w/2025-05-03_-_Marcel_Dettmann_@_Under_Club,_Buenos_Aires",,32,110,Surgeon,Empty Cloud,Surgeon - Empty Cloud
"2025-05-03 - Marcel Dettmann @ Under Club, Buenos Aires","https://www.mixesdb.com/w/2025-05-03_-_Marcel_Dettmann_@_Under_Club,_Buenos_Aires",,33,113,,?,?
"2025-05-03 - Marcel Dettmann @ Under Club, Buenos Aires","https://www.mixesdb.com/w/2025-05-03_-_Marcel_Dettmann_@_Under_Club,_Buenos_Aires",,34,116,Pres.,Mutual Ideas (Kr!z Remix) [Evilgroove],Pres. - Mutual Ideas (Kr!z Remix) [Evilgroove]
"2025-05-03 - Marcel Dettmann @ Under Club, Buenos Aires","https://www.mixesdb.com/w/2025-05-03_-_Marcel_Dettmann_@_Under_Club,_Buenos_Aires",,35,118,Oliver Rosemann & Jonas Kopp,Telematik [Recorded Things],Oliver Rosemann & Jonas Kopp - Telematik [Recorded Things]
"2025-05-03 - Marcel Dettmann @ Under Club, Buenos Aires","https://www.mixesdb.com/w/2025-05-03_-_Marcel_Dettmann_@_Under_Club,_Buenos_Aires",,36,121,,?,?
"2025-05-03 - Marcel Dettmann @ Under Club, Buenos Aires","https://www.mixesdb.com/w/2025-05-03_-_Marcel_Dettmann_@_Under_Club,_Buenos_Aires",,37,125,,?,?
"2025-05-03 - Marcel Dettmann @ Under Club, Buenos Aires","https://www.mixesdb.com/w/2025-05-03_-_Marcel_Dettmann_@_Under_Club,_Buenos_Aires",,38,128,Ø [Phase],Missing (Remix) [Modwerks],Ø [Phase] - Missing (Remix) [Modwerks]
"2025-05-03 - Marcel Dettmann @ Under Club, Buenos Aires","https://www.mixesdb.com/w/2025-05-03_-_Marcel_Dettmann_@_Under_Club,_Buenos_Aires",,39,131,Metapattern,Martains Among Us [HAYES],Metapattern - Martains Among Us [HAYES]
"2025-05-03 - Marcel Dettmann @ Under Club, Buenos Aires","https://www.mixesdb.com/w/2025-05-03_-_Marcel_Dettmann_@_Under_Club,_Buenos_Aires",,40,134,,?,?
"2025-05-03 - Marcel Dettmann @ Under Club, Buenos Aires","https://www.mixesdb.com/w/2025-05-03_-_Marcel_Dettmann_@_Under_Club,_Buenos_Aires",,41,137,Hurdslenk,Collect,Hurdslenk - Collect
"2025-05-03 - Marcel Dettmann @ Under Club, Buenos Aires","https://www.mixesdb.com/w/2025-05-03_-_Marcel_Dettmann_@_Under_Club,_Buenos_Aires",,42,140,Len Faki,Zig Zag [Figure],Len Faki - Zig Zag [Figure]
"2025-05-03 - Marcel Dettmann @ Under Club, Buenos Aires","https://www.mixesdb.com/w/2025-05-03_-_Marcel_Dettmann_@_Under_Club,_Buenos_Aires",,43,143,,?,?
"2025-05-03 - Marcel Dettmann @ Under Club, Buenos Aires","https://www.mixesdb.com/w/2025-05-03_-_Marcel_Dettmann_@_Under_Club,_Buenos_Aires",,44,146,Lidvall,Too Serious! [Symbolism],Lidvall - Too Serious! [Symbolism]
"2025-05-03 - Marcel Dettmann @ Under Club, Buenos Aires","https://www.mixesdb.com/w/2025-05-03_-_Marcel_Dettmann_@_Under_Club,_Buenos_Aires",,45,148,Drexciya,Living On The Edge,Drexciya - Living On The Edge
"2025-05-03 - Marcel Dettmann @ Under Club, Buenos Aires","https://www.mixesdb.com/w/2025-05-03_-_Marcel_Dettmann_@_Under_Club,_Buenos_Aires",,46,150,Kashpitzky,Silver Ball (Ø [Phase] Remix) [Be As One],Kashpitzky - Silver Ball (Ø [Phase] Remix) [Be As One]
"2025-05-03 - Marcel Dettmann @ Under Club, Buenos Aires","https://www.mixesdb.com/w/2025-05-03_-_Marcel_Dettmann_@_Under_Club,_Buenos_Aires",,47,155,Firn,Latok II [Lazy Reflex Complex],Firn - Latok II [Lazy Reflex Complex]
"2025-05-03 - Marcel Dettmann @ Under Club, Buenos Aires","https://www.mixesdb.com/w/2025-05-03_-_Marcel_Dettmann_@_Under_Club,_Buenos_Aires",,48,158,Wata Igarashi,Steaming [Dekmantel],Wata Igarashi - Steaming [Dekmantel]
"2025-05-03 - Marcel Dettmann @ Under Club, Buenos Aires","https://www.mixesdb.com/w/2025-05-03_-_Marcel_Dettmann_@_Under_Club,_Buenos_Aires",,49,162,,?,?
"2022-08-07 - Marcel Dettmann @ Boiler Room x Dekmantel Festival, Amsterdam","https://www.mixesdb.com/w/2022-08-07_-_Marcel_Dettmann_@_Boiler_Room_x_Dekmantel_Festival,_Amsterdam",,1,00,Abfahrt,Alone (It's Me) (Alley Cat Edit),Abfahrt - Alone (It's Me) (Alley Cat Edit)
"2022-08-07 - Marcel Dettmann @ Boiler Room x Dekmantel Festival, Amsterdam","https://www.mixesdb.com/w/2022-08-07_-_Marcel_Dettmann_@_Boiler_Room_x_Dekmantel_Festival,_Amsterdam",,2,08,Anonymous,A1,Anonymous - A1
"2022-08-07 - Marcel Dettmann @ Boiler Room x Dekmantel Festival, Amsterdam","https://www.mixesdb.com/w/2022-08-07_-_Marcel_Dettmann_@_Boiler_Room_x_Dekmantel_Festival,_Amsterdam",,3,12,Marcel Dettmann,Unknown,Marcel Dettmann - Unknown
"2022-08-07 - Marcel Dettmann @ Boiler Room x Dekmantel Festival, Amsterdam","https://www.mixesdb.com/w/2022-08-07_-_Marcel_Dettmann_@_Boiler_Room_x_Dekmantel_Festival,_Amsterdam",,4,15,N/A,Untitled B2 [Tough Luck Detroit - T.L.001],N/A - Untitled B2 [Tough Luck Detroit - T.L.001]
"2022-08-07 - Marcel Dettmann @ Boiler Room x Dekmantel Festival, Amsterdam","https://www.mixesdb.com/w/2022-08-07_-_Marcel_Dettmann_@_Boiler_Room_x_Dekmantel_Festival,_Amsterdam",,5,17,Savas Pascalidis,Definition Of A Track [909 Pervertions - PER 915],Savas Pascalidis - Definition Of A Track [909 Pervertions - PER 915]
"2022-08-07 - Marcel Dettmann @ Boiler Room x Dekmantel Festival, Amsterdam","https://www.mixesdb.com/w/2022-08-07_-_Marcel_Dettmann_@_Boiler_Room_x_Dekmantel_Festival,_Amsterdam",,6,19,Con-Fusion Kiddzz,Stresskill (Release The Stress Mix) [Prescription - Pres. 123],Con-Fusion Kiddzz - Stresskill (Release The Stress Mix) [Prescription - Pres. 123]
"2022-08-07 - Marcel Dettmann @ Boiler Room x Dekmantel Festival, Amsterdam","https://www.mixesdb.com/w/2022-08-07_-_Marcel_Dettmann_@_Boiler_Room_x_Dekmantel_Festival,_Amsterdam",,7,24,Cycloid Dyaxis,Step [FenixFire - ASGFF048],Cycloid Dyaxis - Step [FenixFire - ASGFF048]
"2022-08-07 - Marcel Dettmann @ Boiler Room x Dekmantel Festival, Amsterdam","https://www.mixesdb.com/w/2022-08-07_-_Marcel_Dettmann_@_Boiler_Room_x_Dekmantel_Festival,_Amsterdam",,8,27,Sneaky Tim,Bad Connection [Dance Mania - DM 057],Sneaky Tim - Bad Connection [Dance Mania - DM 057]
"2022-08-07 - Marcel Dettmann @ Boiler Room x Dekmantel Festival, Amsterdam","https://www.mixesdb.com/w/2022-08-07_-_Marcel_Dettmann_@_Boiler_Room_x_Dekmantel_Festival,_Amsterdam",,9,29,Alexander Johansson & Mattias Fridell,Herman [Lømsk - LMSK003],Alexander Johansson & Mattias Fridell - Herman [Lømsk - LMSK003]
"2022-08-07 - Marcel Dettmann @ Boiler Room x Dekmantel Festival, Amsterdam","https://www.mixesdb.com/w/2022-08-07_-_Marcel_Dettmann_@_Boiler_Room_x_Dekmantel_Festival,_Amsterdam",,10,32,Jonas Kopp,They Live [Falling Apart - FA014],Jonas Kopp - They Live [Falling Apart - FA014]
"2022-08-07 - Marcel Dettmann @ Boiler Room x Dekmantel Festival, Amsterdam","https://www.mixesdb.com/w/2022-08-07_-_Marcel_Dettmann_@_Boiler_Room_x_Dekmantel_Festival,_Amsterdam",,11,35,Underground Resistance,Beauty Of Decay [Underground Resistance - UR 004],Underground Resistance - Beauty Of Decay [Underground Resistance - UR 004]
"2022-08-07 - Marcel Dettmann @ Boiler Room x Dekmantel Festival, Amsterdam","https://www.mixesdb.com/w/2022-08-07_-_Marcel_Dettmann_@_Boiler_Room_x_Dekmantel_Festival,_Amsterdam",,12,38,Alexander Johansson & Mattias Fridell,Rackartyg [Lømsk - LMSK003],Alexander Johansson & Mattias Fridell - Rackartyg [Lømsk - LMSK003]
"2022-08-07 - Marcel Dettmann @ Boiler Room x Dekmantel Festival, Amsterdam","https://www.mixesdb.com/w/2022-08-07_-_Marcel_Dettmann_@_Boiler_Room_x_Dekmantel_Festival,_Amsterdam",,13,41,Encoder,Passion [Diffuse Reality - DRSS408],Encoder - Passion [Diffuse Reality - DRSS408]
"2022-08-07 - Marcel Dettmann @ Boiler Room x Dekmantel Festival, Amsterdam","https://www.mixesdb.com/w/2022-08-07_-_Marcel_Dettmann_@_Boiler_Room_x_Dekmantel_Festival,_Amsterdam",,14,43,Head Front Panel,HFP#001 (A2) [Head Front Panel - HFP#001],Head Front Panel - HFP#001 (A2) [Head Front Panel - HFP#001]
"2022-08-07 - Marcel Dettmann @ Boiler Room x Dekmantel Festival, Amsterdam","https://www.mixesdb.com/w/2022-08-07_-_Marcel_Dettmann_@_Boiler_Room_x_Dekmantel_Festival,_Amsterdam",,15,46,Controlled Weirdness,Corona Acid [Cultivated Electronics - CELTD010],Controlled Weirdness - Corona Acid [Cultivated Electronics - CELTD010]
"2022-08-07 - Marcel Dettmann @ Boiler Room x Dekmantel Festival, Amsterdam","https://www.mixesdb.com/w/2022-08-07_-_Marcel_Dettmann_@_Boiler_Room_x_Dekmantel_Festival,_Amsterdam",,16,49,Separate Minds,Scattered Thoughts [Direct Hit - DH-101],Separate Minds - Scattered Thoughts [Direct Hit - DH-101]
"2022-08-07 - Marcel Dettmann @ Boiler Room x Dekmantel Festival, Amsterdam","https://www.mixesdb.com/w/2022-08-07_-_Marcel_Dettmann_@_Boiler_Room_x_Dekmantel_Festival,_Amsterdam",,17,53,Encoder,Jelly II [Diffuse Reality - DRSS408],Encoder - Jelly II [Diffuse Reality - DRSS408]
"2022-08-07 - Marcel Dettmann @ Boiler Room x Dekmantel Festival, Amsterdam","https://www.mixesdb.com/w/2022-08-07_-_Marcel_Dettmann_@_Boiler_Room_x_Dekmantel_Festival,_Amsterdam",,18,56,Directional Force,One Thousand [Magnetic North - Magnet 003],Directional Force - One Thousand [Magnetic North - Magnet 003]
"2022-08-07 - Marcel Dettmann @ Boiler Room x Dekmantel Festival, Amsterdam","https://www.mixesdb.com/w/2022-08-07_-_Marcel_Dettmann_@_Boiler_Room_x_Dekmantel_Festival,_Amsterdam",,19,62,Jonzon & Rock,The Lure [Space Teddy - STO 016],Jonzon & Rock - The Lure [Space Teddy - STO 016]
"2022-08-07 - Marcel Dettmann @ Boiler Room x Dekmantel Festival, Amsterdam","https://www.mixesdb.com/w/2022-08-07_-_Marcel_Dettmann_@_Boiler_Room_x_Dekmantel_Festival,_Amsterdam",,20,65,Eddie Fowlkes,R.M.F 60 (React) - LP71],Eddie Fowlkes - R.M.F 60 (React) - LP71]
"2022-08-07 - Marcel Dettmann @ Boiler Room x Dekmantel Festival, Amsterdam","https://www.mixesdb.com/w/2022-08-07_-_Marcel_Dettmann_@_Boiler_Room_x_Dekmantel_Festival,_Amsterdam",,21,69,Thanos Hana,KLWG188 [TH Tar Hallow - TAR006],Thanos Hana - KLWG188 [TH Tar Hallow - TAR006]
"2022-08-07 - Marcel Dettmann @ Boiler Room x Dekmantel Festival, Amsterdam","https://www.mixesdb.com/w/2022-08-07_-_Marcel_Dettmann_@_Boiler_Room_x_Dekmantel_Festival,_Amsterdam",,22,73,Chilly,For Your Love (Marcel Dettmann Edit),Chilly - For Your Love (Marcel Dettmann Edit)
"2022-08-07 - Marcel Dettmann @ Boiler Room x Dekmantel Festival, Amsterdam","https://www.mixesdb.com/w/2022-08-07_-_Marcel_Dettmann_@_Boiler_Room_x_Dekmantel_Festival,_Amsterdam",,23,79,Phuture The Next Generation,Times Fade (Old Skool Mix) [Djax-Up-Beats - DJAX-UP-256],Phuture The Next Generation - Times Fade (Old Skool Mix) [Djax-Up-Beats - DJAX-UP-256]
"2022-08-07 - Marcel Dettmann @ Boiler Room x Dekmantel Festival, Amsterdam","https://www.mixesdb.com/w/2022-08-07_-_Marcel_Dettmann_@_Boiler_Room_x_Dekmantel_Festival,_Amsterdam",,24,81,Identified Patient,The Female Medical College Of Pennsylvania [Common Thread - 06],Identified Patient - The Female Medical College Of Pennsylvania [Common Thread - 06]
"2022-08-07 - Marcel Dettmann @ Boiler Room x Dekmantel Festival, Amsterdam","https://www.mixesdb.com/w/2022-08-07_-_Marcel_Dettmann_@_Boiler_Room_x_Dekmantel_Festival,_Amsterdam",,25,86,Mount Sims,Restless [International Deejay Gigolo - GIGOLO 135],Mount Sims - Restless [International Deejay Gigolo - GIGOLO 135]
"2013-07-29 - Marcel Dettmann @ 15 Years Circoloco Lifestyle, DC10, Ibiza","https://www.mixesdb.com/w/2013-07-29_-_Marcel_Dettmann_@_15_Years_Circoloco_Lifestyle,_DC10,_Ibiza",,1,00,Emmanuel Top,Spherique [Attack - SPEET 002],Emmanuel Top - Spherique [Attack - SPEET 002]
"2013-07-29 - Marcel Dettmann @ 15 Years Circoloco Lifestyle, DC10, Ibiza","https://www.mixesdb.com/w/2013-07-29_-_Marcel_Dettmann_@_15_Years_Circoloco_Lifestyle,_DC10,_Ibiza",,2,05,Habida,Got Me Somethin (Trus'me Remix) [HMCL],Habida - Got Me Somethin (Trus'me Remix) [HMCL]
"2013-07-29 - Marcel Dettmann @ 15 Years Circoloco Lifestyle, DC10, Ibiza","https://www.mixesdb.com/w/2013-07-29_-_Marcel_Dettmann_@_15_Years_Circoloco_Lifestyle,_DC10,_Ibiza",,3,10,Bleaching Agent,48ml,Bleaching Agent - 48ml
"2013-07-29 - Marcel Dettmann @ 15 Years Circoloco Lifestyle, DC10, Ibiza","https://www.mixesdb.com/w/2013-07-29_-_Marcel_Dettmann_@_15_Years_Circoloco_Lifestyle,_DC10,_Ibiza",,4,11,+ DBX,Phreak [Accelerate - ACC100],+ DBX - Phreak [Accelerate - ACC100]
"2013-07-29 - Marcel Dettmann @ 15 Years Circoloco Lifestyle, DC10, Ibiza","https://www.mixesdb.com/w/2013-07-29_-_Marcel_Dettmann_@_15_Years_Circoloco_Lifestyle,_DC10,_Ibiza",,5,14,Joe Cocherell,Commerce Above All Else,Joe Cocherell - Commerce Above All Else
"2013-07-29 - Marcel Dettmann @ 15 Years Circoloco Lifestyle, DC10, Ibiza","https://www.mixesdb.com/w/2013-07-29_-_Marcel_Dettmann_@_15_Years_Circoloco_Lifestyle,_DC10,_Ibiza",,6,21,Problem Kids,I Will Lead (Hollway & Eastwick Mix) [Paper - PAPDLS 036],Problem Kids - I Will Lead (Hollway & Eastwick Mix) [Paper - PAPDLS 036]
"2013-07-29 - Marcel Dettmann @ 15 Years Circoloco Lifestyle, DC10, Ibiza","https://www.mixesdb.com/w/2013-07-29_-_Marcel_Dettmann_@_15_Years_Circoloco_Lifestyle,_DC10,_Ibiza",,7,24,Mark Broom,Blaster (Mark Broom Remix) [Tortured - 002],Mark Broom - Blaster (Mark Broom Remix) [Tortured - 002]
"2013-07-29 - Marcel Dettmann @ 15 Years Circoloco Lifestyle, DC10, Ibiza","https://www.mixesdb.com/w/2013-07-29_-_Marcel_Dettmann_@_15_Years_Circoloco_Lifestyle,_DC10,_Ibiza",,8,28,Orlando Voorn,Balanced: Troubleshooter (1st Mix) [Mixtape - MXTR 010],Orlando Voorn - Balanced: Troubleshooter (1st Mix) [Mixtape - MXTR 010]
"2013-07-29 - Marcel Dettmann @ 15 Years Circoloco Lifestyle, DC10, Ibiza","https://www.mixesdb.com/w/2013-07-29_-_Marcel_Dettmann_@_15_Years_Circoloco_Lifestyle,_DC10,_Ibiza",,9,30,Nicholas Feat. Jessy Allen,Stronger (Quell A Little Rougher Remix) [4 Lux Black - 4LUX 013-05],Nicholas Feat. Jessy Allen - Stronger (Quell A Little Rougher Remix) [4 Lux Black - 4LUX 013-05]
"2013-07-29 - Marcel Dettmann @ 15 Years Circoloco Lifestyle, DC10, Ibiza","https://www.mixesdb.com/w/2013-07-29_-_Marcel_Dettmann_@_15_Years_Circoloco_Lifestyle,_DC10,_Ibiza",,10,35,Ed Davenport Pres. Inland,Solstice [Counterchange - COUNTER 001],Ed Davenport Pres. Inland - Solstice [Counterchange - COUNTER 001]
"2013-07-29 - Marcel Dettmann @ 15 Years Circoloco Lifestyle, DC10, Ibiza","https://www.mixesdb.com/w/2013-07-29_-_Marcel_Dettmann_@_15_Years_Circoloco_Lifestyle,_DC10,_Ibiza",,11,39,,?,?
"2013-07-29 - Marcel Dettmann @ 15 Years Circoloco Lifestyle, DC10, Ibiza","https://www.mixesdb.com/w/2013-07-29_-_Marcel_Dettmann_@_15_Years_Circoloco_Lifestyle,_DC10,_Ibiza",,12,44,Plastikman,Aquatic [Minus (-1)],Plastikman - Aquatic [Minus (-1)]
"2013-07-29 - Marcel Dettmann @ 15 Years Circoloco Lifestyle, DC10, Ibiza","https://www.mixesdb.com/w/2013-07-29_-_Marcel_Dettmann_@_15_Years_Circoloco_Lifestyle,_DC10,_Ibiza",,13,47,The Artist Formerly Known As 19.454.18.5.25.5.18,Spadesdance (Serge & Tyrell Remix),The Artist Formerly Known As 19.454.18.5.25.5.18 - Spadesdance (Serge & Tyrell Remix)
"2013-07-29 - Marcel Dettmann @ 15 Years Circoloco Lifestyle, DC10, Ibiza","https://www.mixesdb.com/w/2013-07-29_-_Marcel_Dettmann_@_15_Years_Circoloco_Lifestyle,_DC10,_Ibiza",,14,51,Nina Kraviz Feat. Naughty Wood),Best Friend (DVS1 Forever Mix [Rekids - 073],Nina Kraviz Feat. Naughty Wood) - Best Friend (DVS1 Forever Mix [Rekids - 073]
"2013-07-29 - Marcel Dettmann @ 15 Years Circoloco Lifestyle, DC10, Ibiza","https://www.mixesdb.com/w/2013-07-29_-_Marcel_Dettmann_@_15_Years_Circoloco_Lifestyle,_DC10,_Ibiza",,15,55,Floorplan,Change [M-Plant - MPM 16],Floorplan - Change [M-Plant - MPM 16]
"2013-07-29 - Marcel Dettmann @ 15 Years Circoloco Lifestyle, DC10, Ibiza","https://www.mixesdb.com/w/2013-07-29_-_Marcel_Dettmann_@_15_Years_Circoloco_Lifestyle,_DC10,_Ibiza",,16,60,Dense & Pika,Coil [Hotflush - HFT 027],Dense & Pika - Coil [Hotflush - HFT 027]
"2013-07-29 - Marcel Dettmann @ 15 Years Circoloco Lifestyle, DC10, Ibiza","https://www.mixesdb.com/w/2013-07-29_-_Marcel_Dettmann_@_15_Years_Circoloco_Lifestyle,_DC10,_Ibiza",,17,62,Eight Miles High,Outtake [Running Back],Eight Miles High - Outtake [Running Back]
"2013-07-29 - Marcel Dettmann @ 15 Years Circoloco Lifestyle, DC10, Ibiza","https://www.mixesdb.com/w/2013-07-29_-_Marcel_Dettmann_@_15_Years_Circoloco_Lifestyle,_DC10,_Ibiza",,18,66,Alien Rain,Alien Rain 03 [A1],Alien Rain - Alien Rain 03 [A1]
"2013-07-29 - Marcel Dettmann @ 15 Years Circoloco Lifestyle, DC10, Ibiza","https://www.mixesdb.com/w/2013-07-29_-_Marcel_Dettmann_@_15_Years_Circoloco_Lifestyle,_DC10,_Ibiza",,19,71,Hell,Passionate! (TraXX Rework),Hell - Passionate! (TraXX Rework)
"2013-07-29 - Marcel Dettmann @ 15 Years Circoloco Lifestyle, DC10, Ibiza","https://www.mixesdb.com/w/2013-07-29_-_Marcel_Dettmann_@_15_Years_Circoloco_Lifestyle,_DC10,_Ibiza",,20,76,Heron,Riviere Du Detroit [KMS - 112],Heron - Riviere Du Detroit [KMS - 112]
"2013-07-29 - Marcel Dettmann @ 15 Years Circoloco Lifestyle, DC10, Ibiza","https://www.mixesdb.com/w/2013-07-29_-_Marcel_Dettmann_@_15_Years_Circoloco_Lifestyle,_DC10,_Ibiza",,21,81,Floorplan,Let's Ride [M-Plant - MPM 16],Floorplan - Let's Ride [M-Plant - MPM 16]
"2013-07-29 - Marcel Dettmann @ 15 Years Circoloco Lifestyle, DC10, Ibiza","https://www.mixesdb.com/w/2013-07-29_-_Marcel_Dettmann_@_15_Years_Circoloco_Lifestyle,_DC10,_Ibiza",,22,84,Benjamin Damage,010x [50 Weapons - CD 12],Benjamin Damage - 010x [50 Weapons - CD 12]
"2020-09-24 - Marcel Dettmann @ Exit Pres. Life Stream, Novi Sad, Serbia","https://www.mixesdb.com/w/2020-09-24_-_Marcel_Dettmann_@_Exit_Pres._Life_Stream,_Novi_Sad,_Serbia",,1,0:01:37,,?,?
"2020-09-24 - Marcel Dettmann @ Exit Pres. Life Stream, Novi Sad, Serbia","https://www.mixesdb.com/w/2020-09-24_-_Marcel_Dettmann_@_Exit_Pres._Life_Stream,_Novi_Sad,_Serbia",,2,0:02:18,Ausgang,Reverse [Ausgang],Ausgang - Reverse [Ausgang]
"2020-09-24 - Marcel Dettmann @ Exit Pres. Life Stream, Novi Sad, Serbia","https://www.mixesdb.com/w/2020-09-24_-_Marcel_Dettmann_@_Exit_Pres._Life_Stream,_Novi_Sad,_Serbia",,3,0:06:20,Gigi Galaxy,2020 Interview With An Alien,Gigi Galaxy - 2020 Interview With An Alien
"2020-09-24 - Marcel Dettmann @ Exit Pres. Life Stream, Novi Sad, Serbia","https://www.mixesdb.com/w/2020-09-24_-_Marcel_Dettmann_@_Exit_Pres._Life_Stream,_Novi_Sad,_Serbia",,4,0:09:25,Planetary Assault Systems,Huddler's Source Of Wonder [United World Music],Planetary Assault Systems - Huddler's Source Of Wonder [United World Music]
"2020-09-24 - Marcel Dettmann @ Exit Pres. Life Stream, Novi Sad, Serbia","https://www.mixesdb.com/w/2020-09-24_-_Marcel_Dettmann_@_Exit_Pres._Life_Stream,_Novi_Sad,_Serbia",,5,0:11:53,Privacy Feat. System Voice,System Voice,Privacy Feat. System Voice - System Voice
"2020-09-24 - Marcel Dettmann @ Exit Pres. Life Stream, Novi Sad, Serbia","https://www.mixesdb.com/w/2020-09-24_-_Marcel_Dettmann_@_Exit_Pres._Life_Stream,_Novi_Sad,_Serbia",,6,0:14:35,Troy,OB6.5 [Klockworks],Troy - OB6.5 [Klockworks]
"2020-09-24 - Marcel Dettmann @ Exit Pres. Life Stream, Novi Sad, Serbia","https://www.mixesdb.com/w/2020-09-24_-_Marcel_Dettmann_@_Exit_Pres._Life_Stream,_Novi_Sad,_Serbia",,7,0:17:05,,?,?
"2020-09-24 - Marcel Dettmann @ Exit Pres. Life Stream, Novi Sad, Serbia","https://www.mixesdb.com/w/2020-09-24_-_Marcel_Dettmann_@_Exit_Pres._Life_Stream,_Novi_Sad,_Serbia",,8,0:21:15,,?,?
"2020-09-24 - Marcel Dettmann @ Exit Pres. Life Stream, Novi Sad, Serbia","https://www.mixesdb.com/w/2020-09-24_-_Marcel_Dettmann_@_Exit_Pres._Life_Stream,_Novi_Sad,_Serbia",,9,0:24:08,Linear Search,Drive [Dynamic Reflection],Linear Search - Drive [Dynamic Reflection]
"2020-09-24 - Marcel Dettmann @ Exit Pres. Life Stream, Novi Sad, Serbia","https://www.mixesdb.com/w/2020-09-24_-_Marcel_Dettmann_@_Exit_Pres._Life_Stream,_Novi_Sad,_Serbia",,10,0:28:40,Staffan Linzatti,Induced Compliance [Modularz],Staffan Linzatti - Induced Compliance [Modularz]
"2020-09-24 - Marcel Dettmann @ Exit Pres. Life Stream, Novi Sad, Serbia","https://www.mixesdb.com/w/2020-09-24_-_Marcel_Dettmann_@_Exit_Pres._Life_Stream,_Novi_Sad,_Serbia",,11,0:31:05,Soulwatcher,Demonika [Primevil - prvl028],Soulwatcher - Demonika [Primevil - prvl028]
"2020-09-24 - Marcel Dettmann @ Exit Pres. Life Stream, Novi Sad, Serbia","https://www.mixesdb.com/w/2020-09-24_-_Marcel_Dettmann_@_Exit_Pres._Life_Stream,_Novi_Sad,_Serbia",,12,0:35:54,Tobias Von Hofsten,Swinger [Mechanisms Industries - M1982],Tobias Von Hofsten - Swinger [Mechanisms Industries - M1982]
"2020-09-24 - Marcel Dettmann @ Exit Pres. Life Stream, Novi Sad, Serbia","https://www.mixesdb.com/w/2020-09-24_-_Marcel_Dettmann_@_Exit_Pres._Life_Stream,_Novi_Sad,_Serbia",,13,0:39:00,,?,?
"2020-09-24 - Marcel Dettmann @ Exit Pres. Life Stream, Novi Sad, Serbia","https://www.mixesdb.com/w/2020-09-24_-_Marcel_Dettmann_@_Exit_Pres._Life_Stream,_Novi_Sad,_Serbia",,14,0:41:55,Liaisons Dangereuses,Peut Être ... Pas,Liaisons Dangereuses - Peut Être ... Pas
"2020-09-24 - Marcel Dettmann @ Exit Pres. Life Stream, Novi Sad, Serbia","https://www.mixesdb.com/w/2020-09-24_-_Marcel_Dettmann_@_Exit_Pres._Life_Stream,_Novi_Sad,_Serbia",,15,0:46:40,,?,?
"2020-09-24 - Marcel Dettmann @ Exit Pres. Life Stream, Novi Sad, Serbia","https://www.mixesdb.com/w/2020-09-24_-_Marcel_Dettmann_@_Exit_Pres._Life_Stream,_Novi_Sad,_Serbia",,16,0:49:07,Robert Hood,The Redeemer [United World Music],Robert Hood - The Redeemer [United World Music]
"2020-09-24 - Marcel Dettmann @ Exit Pres. Life Stream, Novi Sad, Serbia","https://www.mixesdb.com/w/2020-09-24_-_Marcel_Dettmann_@_Exit_Pres._Life_Stream,_Novi_Sad,_Serbia",,17,0:53:10,Tafkamp,Binnenweg 2 [Revenge Techniques],Tafkamp - Binnenweg 2 [Revenge Techniques]
"2020-09-24 - Marcel Dettmann @ Exit Pres. Life Stream, Novi Sad, Serbia","https://www.mixesdb.com/w/2020-09-24_-_Marcel_Dettmann_@_Exit_Pres._Life_Stream,_Novi_Sad,_Serbia",,18,0:56:50,Ausgang,Dust [Self Released],Ausgang - Dust [Self Released]
"2020-09-24 - Marcel Dettmann @ Exit Pres. Life Stream, Novi Sad, Serbia","https://www.mixesdb.com/w/2020-09-24_-_Marcel_Dettmann_@_Exit_Pres._Life_Stream,_Novi_Sad,_Serbia",,19,1:00:25,Brain,Boss [Planet E Communications],Brain - Boss [Planet E Communications]
"2020-09-24 - Marcel Dettmann @ Exit Pres. Life Stream, Novi Sad, Serbia","https://www.mixesdb.com/w/2020-09-24_-_Marcel_Dettmann_@_Exit_Pres._Life_Stream,_Novi_Sad,_Serbia",,20,1:03:05,Loosewomen,Keep It [Grade 10],Loosewomen - Keep It [Grade 10]
"2020-09-24 - Marcel Dettmann @ Exit Pres. Life Stream, Novi Sad, Serbia","https://www.mixesdb.com/w/2020-09-24_-_Marcel_Dettmann_@_Exit_Pres._Life_Stream,_Novi_Sad,_Serbia",,21,1:05:45,,?,?
"2020-09-24 - Marcel Dettmann @ Exit Pres. Life Stream, Novi Sad, Serbia","https://www.mixesdb.com/w/2020-09-24_-_Marcel_Dettmann_@_Exit_Pres._Life_Stream,_Novi_Sad,_Serbia",,22,1:08:45,Lorenz Audio,Klangpilot,Lorenz Audio - Klangpilot
"2020-09-24 - Marcel Dettmann @ Exit Pres. Life Stream, Novi Sad, Serbia","https://www.mixesdb.com/w/2020-09-24_-_Marcel_Dettmann_@_Exit_Pres._Life_Stream,_Novi_Sad,_Serbia",,23,1:12:35,Josh Caffé,Lesson #1,Josh Caffé - Lesson #1
"2020-09-24 - Marcel Dettmann @ Exit Pres. Life Stream, Novi Sad, Serbia","https://www.mixesdb.com/w/2020-09-24_-_Marcel_Dettmann_@_Exit_Pres._Life_Stream,_Novi_Sad,_Serbia",,24,1:16:30,,?,?
"2020-09-24 - Marcel Dettmann @ Exit Pres. Life Stream, Novi Sad, Serbia","https://www.mixesdb.com/w/2020-09-24_-_Marcel_Dettmann_@_Exit_Pres._Life_Stream,_Novi_Sad,_Serbia",,25,1:19:30,Experimental Products,Glowing In The Dark [International Deejay Gigolo],Experimental Products - Glowing In The Dark [International Deejay Gigolo]
2017-06-17 - Marcel Dettmann b2b Dr. Rubinstein @ Sonar Festival (RA Live),https://www.mixesdb.com/w/2017-06-17_-_Marcel_Dettmann_b2b_Dr._Rubinstein_@_Sonar_Festival_(RA_Live),,1,000,Black Merlin,Burn It [Common Thread - 04],Black Merlin - Burn It [Common Thread - 04]
2017-06-17 - Marcel Dettmann b2b Dr. Rubinstein @ Sonar Festival (RA Live),https://www.mixesdb.com/w/2017-06-17_-_Marcel_Dettmann_b2b_Dr._Rubinstein_@_Sonar_Festival_(RA_Live),,2,005,Milos,Work It Out [MSR - 002],Milos - Work It Out [MSR - 002]
2017-06-17 - Marcel Dettmann b2b Dr. Rubinstein @ Sonar Festival (RA Live),https://www.mixesdb.com/w/2017-06-17_-_Marcel_Dettmann_b2b_Dr._Rubinstein_@_Sonar_Festival_(RA_Live),,3,008,Skyman I,Focus [Dance Mania - DM058],Skyman I - Focus [Dance Mania - DM058]
2017-06-17 - Marcel Dettmann b2b Dr. Rubinstein @ Sonar Festival (RA Live),https://www.mixesdb.com/w/2017-06-17_-_Marcel_Dettmann_b2b_Dr._Rubinstein_@_Sonar_Festival_(RA_Live),,4,012,Alien Rain,Alienopolis [Alien Rain - AR 6],Alien Rain - Alienopolis [Alien Rain - AR 6]
2017-06-17 - Marcel Dettmann b2b Dr. Rubinstein @ Sonar Festival (RA Live),https://www.mixesdb.com/w/2017-06-17_-_Marcel_Dettmann_b2b_Dr._Rubinstein_@_Sonar_Festival_(RA_Live),,5,017,Umek,Lanicor [Consumer Recreation - Kupec 001],Umek - Lanicor [Consumer Recreation - Kupec 001]
2017-06-17 - Marcel Dettmann b2b Dr. Rubinstein @ Sonar Festival (RA Live),https://www.mixesdb.com/w/2017-06-17_-_Marcel_Dettmann_b2b_Dr._Rubinstein_@_Sonar_Festival_(RA_Live),,6,021,Cadency,"Here, Us [Cabrera - CBR06]","Cadency - Here, Us [Cabrera - CBR06]"
2017-06-17 - Marcel Dettmann b2b Dr. Rubinstein @ Sonar Festival (RA Live),https://www.mixesdb.com/w/2017-06-17_-_Marcel_Dettmann_b2b_Dr._Rubinstein_@_Sonar_Festival_(RA_Live),,7,026,4D,The Head Is Not Longer Than The Body [Forced Nostalgia - FN303CD],4D - The Head Is Not Longer Than The Body [Forced Nostalgia - FN303CD]
2017-06-17 - Marcel Dettmann b2b Dr. Rubinstein @ Sonar Festival (RA Live),https://www.mixesdb.com/w/2017-06-17_-_Marcel_Dettmann_b2b_Dr._Rubinstein_@_Sonar_Festival_(RA_Live),,8,028,Andreas Gehm,Track 1 [Involve - INV012],Andreas Gehm - Track 1 [Involve - INV012]
2017-06-17 - Marcel Dettmann b2b Dr. Rubinstein @ Sonar Festival (RA Live),https://www.mixesdb.com/w/2017-06-17_-_Marcel_Dettmann_b2b_Dr._Rubinstein_@_Sonar_Festival_(RA_Live),,9,032,100 Hz,Space [Modugroove - MODU001],100 Hz - Space [Modugroove - MODU001]
2017-06-17 - Marcel Dettmann b2b Dr. Rubinstein @ Sonar Festival (RA Live),https://www.mixesdb.com/w/2017-06-17_-_Marcel_Dettmann_b2b_Dr._Rubinstein_@_Sonar_Festival_(RA_Live),,10,037,Robert Armani,Up [Dance Mania - DM246],Robert Armani - Up [Dance Mania - DM246]
2017-06-17 - Marcel Dettmann b2b Dr. Rubinstein @ Sonar Festival (RA Live),https://www.mixesdb.com/w/2017-06-17_-_Marcel_Dettmann_b2b_Dr._Rubinstein_@_Sonar_Festival_(RA_Live),,11,040,,?,?
2017-06-17 - Marcel Dettmann b2b Dr. Rubinstein @ Sonar Festival (RA Live),https://www.mixesdb.com/w/2017-06-17_-_Marcel_Dettmann_b2b_Dr._Rubinstein_@_Sonar_Festival_(RA_Live),,12,045,Rok,Coke N' Shit [Defender - DEFENDER 2],Rok - Coke N' Shit [Defender - DEFENDER 2]
2017-06-17 - Marcel Dettmann b2b Dr. Rubinstein @ Sonar Festival (RA Live),https://www.mixesdb.com/w/2017-06-17_-_Marcel_Dettmann_b2b_Dr._Rubinstein_@_Sonar_Festival_(RA_Live),,13,049,Nitzer Ebb,Shame (The Shameless Mix),Nitzer Ebb - Shame (The Shameless Mix)
2017-06-17 - Marcel Dettmann b2b Dr. Rubinstein @ Sonar Festival (RA Live),https://www.mixesdb.com/w/2017-06-17_-_Marcel_Dettmann_b2b_Dr._Rubinstein_@_Sonar_Festival_(RA_Live),,14,052,,?,?
2017-06-17 - Marcel Dettmann b2b Dr. Rubinstein @ Sonar Festival (RA Live),https://www.mixesdb.com/w/2017-06-17_-_Marcel_Dettmann_b2b_Dr._Rubinstein_@_Sonar_Festival_(RA_Live),,15,058,Laurent Garnier,From The Crypt To The Astrofloor [Kompakt Extra - KOM EX 95],Laurent Garnier - From The Crypt To The Astrofloor [Kompakt Extra - KOM EX 95]
2017-06-17 - Marcel Dettmann b2b Dr. Rubinstein @ Sonar Festival (RA Live),https://www.mixesdb.com/w/2017-06-17_-_Marcel_Dettmann_b2b_Dr._Rubinstein_@_Sonar_Festival_(RA_Live),,16,065,Mark Forshaw,Further [Midnight Shift - MNSXANDREAS],Mark Forshaw - Further [Midnight Shift - MNSXANDREAS]
2017-06-17 - Marcel Dettmann b2b Dr. Rubinstein @ Sonar Festival (RA Live),https://www.mixesdb.com/w/2017-06-17_-_Marcel_Dettmann_b2b_Dr._Rubinstein_@_Sonar_Festival_(RA_Live),,17,069,Polygon Window,Quoth [Warp - WAP 33],Polygon Window - Quoth [Warp - WAP 33]
2017-06-17 - Marcel Dettmann b2b Dr. Rubinstein @ Sonar Festival (RA Live),https://www.mixesdb.com/w/2017-06-17_-_Marcel_Dettmann_b2b_Dr._Rubinstein_@_Sonar_Festival_(RA_Live),,18,073,Yokushe,Knuckle Ball [303parseca - 303PRSC001],Yokushe - Knuckle Ball [303parseca - 303PRSC001]
2017-06-17 - Marcel Dettmann b2b Dr. Rubinstein @ Sonar Festival (RA Live),https://www.mixesdb.com/w/2017-06-17_-_Marcel_Dettmann_b2b_Dr._Rubinstein_@_Sonar_Festival_(RA_Live),,19,076,Willie Burns & DJ Overdose,Sonny & Ricardo Give Good Advice (Beat Version) [Unknown To The Unknown - UTTU072],Willie Burns & DJ Overdose - Sonny & Ricardo Give Good Advice (Beat Version) [Unknown To The Unknown - UTTU072]
2017-06-17 - Marcel Dettmann b2b Dr. Rubinstein @ Sonar Festival (RA Live),https://www.mixesdb.com/w/2017-06-17_-_Marcel_Dettmann_b2b_Dr._Rubinstein_@_Sonar_Festival_(RA_Live),,20,081,Sugar Feat. Tammy T.,The Feeling (Powertools Acid Funk Mix) [Aqua Boogie - AB012],Sugar Feat. Tammy T. - The Feeling (Powertools Acid Funk Mix) [Aqua Boogie - AB012]
2022-12-03 - Marcel Dettmann - Essential Mix,https://www.mixesdb.com/w/2022-12-03_-_Marcel_Dettmann_-_Essential_Mix,,1,0:00:00,,Intro,Intro
2022-12-03 - Marcel Dettmann - Essential Mix,https://www.mixesdb.com/w/2022-12-03_-_Marcel_Dettmann_-_Essential_Mix,,2,0:01:22,Neuro-D,Techno Machine [TH Tar Hallow],Neuro-D - Techno Machine [TH Tar Hallow]
2022-12-03 - Marcel Dettmann - Essential Mix,https://www.mixesdb.com/w/2022-12-03_-_Marcel_Dettmann_-_Essential_Mix,,3,0:05:56,Mr. G,It's All Love [CHILDHOOD],Mr. G - It's All Love [CHILDHOOD]
2022-12-03 - Marcel Dettmann - Essential Mix,https://www.mixesdb.com/w/2022-12-03_-_Marcel_Dettmann_-_Essential_Mix,,4,0:09:22,Vril,TR8 17 Bh,Vril - TR8 17 Bh
2022-12-03 - Marcel Dettmann - Essential Mix,https://www.mixesdb.com/w/2022-12-03_-_Marcel_Dettmann_-_Essential_Mix,,5,0:11:50,FLAWS,Evolution (Staffan Linzatti Remix) [ANAØH],FLAWS - Evolution (Staffan Linzatti Remix) [ANAØH]
2022-12-03 - Marcel Dettmann - Essential Mix,https://www.mixesdb.com/w/2022-12-03_-_Marcel_Dettmann_-_Essential_Mix,,6,0:15:02,Ritzi Lee,Genesis [MORD],Ritzi Lee - Genesis [MORD]
2022-12-03 - Marcel Dettmann - Essential Mix,https://www.mixesdb.com/w/2022-12-03_-_Marcel_Dettmann_-_Essential_Mix,,7,0:17:56,The S‐Man,Rhumba,The S‐Man - Rhumba
2022-12-03 - Marcel Dettmann - Essential Mix,https://www.mixesdb.com/w/2022-12-03_-_Marcel_Dettmann_-_Essential_Mix,,8,0:20:44,Dummy Head,I Have Been Wanting You [Album Only],Dummy Head - I Have Been Wanting You [Album Only]
2022-12-03 - Marcel Dettmann - Essential Mix,https://www.mixesdb.com/w/2022-12-03_-_Marcel_Dettmann_-_Essential_Mix,,9,0:23:02,Quelza,Sampler,Quelza - Sampler
2022-12-03 - Marcel Dettmann - Essential Mix,https://www.mixesdb.com/w/2022-12-03_-_Marcel_Dettmann_-_Essential_Mix,,10,0:25:51,Nuel,Naeba,Nuel - Naeba
2022-12-03 - Marcel Dettmann - Essential Mix,https://www.mixesdb.com/w/2022-12-03_-_Marcel_Dettmann_-_Essential_Mix,,11,0:29:11,Rhombic,Straight Life [Concepto Hipnotico],Rhombic - Straight Life [Concepto Hipnotico]
2022-12-03 - Marcel Dettmann - Essential Mix,https://www.mixesdb.com/w/2022-12-03_-_Marcel_Dettmann_-_Essential_Mix,,12,0:31:26,Speedy & Steve,Rotor [Mote-Evolver],Speedy & Steve - Rotor [Mote-Evolver]
2022-12-03 - Marcel Dettmann - Essential Mix,https://www.mixesdb.com/w/2022-12-03_-_Marcel_Dettmann_-_Essential_Mix,,13,0:35:12,K-Alexi Shelby,We Bang [Bad Manners],K-Alexi Shelby - We Bang [Bad Manners]
2022-12-03 - Marcel Dettmann - Essential Mix,https://www.mixesdb.com/w/2022-12-03_-_Marcel_Dettmann_-_Essential_Mix,,14,0:38:08,Jimi Tenor,Total Devastation (Maurice Fulton Remix),Jimi Tenor - Total Devastation (Maurice Fulton Remix)
2022-12-03 - Marcel Dettmann - Essential Mix,https://www.mixesdb.com/w/2022-12-03_-_Marcel_Dettmann_-_Essential_Mix,,15,0:40:14,Loorplan,Envy,Loorplan - Envy
2022-12-03 - Marcel Dettmann - Essential Mix,https://www.mixesdb.com/w/2022-12-03_-_Marcel_Dettmann_-_Essential_Mix,,16,0:44:56,Speedy & Steve,Right Well And Clean [Mote-Evolver],Speedy & Steve - Right Well And Clean [Mote-Evolver]
2022-12-03 - Marcel Dettmann - Essential Mix,https://www.mixesdb.com/w/2022-12-03_-_Marcel_Dettmann_-_Essential_Mix,,17,0:47:09,Artist Code 4C4220,Redlights,Artist Code 4C4220 - Redlights
2022-12-03 - Marcel Dettmann - Essential Mix,https://www.mixesdb.com/w/2022-12-03_-_Marcel_Dettmann_-_Essential_Mix,,18,0:49:25,Head Front Panel,Vocalize [Repetitive Rhythm Research],Head Front Panel - Vocalize [Repetitive Rhythm Research]
2022-12-03 - Marcel Dettmann - Essential Mix,https://www.mixesdb.com/w/2022-12-03_-_Marcel_Dettmann_-_Essential_Mix,,19,0:52:56,Fear-E,Freewheeling [Posh End Music],Fear-E - Freewheeling [Posh End Music]
2022-12-03 - Marcel Dettmann - Essential Mix,https://www.mixesdb.com/w/2022-12-03_-_Marcel_Dettmann_-_Essential_Mix,,20,0:55:30,Ritzi Lee,Wired [MORD],Ritzi Lee - Wired [MORD]
2022-12-03 - Marcel Dettmann - Essential Mix,https://www.mixesdb.com/w/2022-12-03_-_Marcel_Dettmann_-_Essential_Mix,,21,0:58:30,Mutant Beat Dance,The Human Factor,Mutant Beat Dance - The Human Factor
2022-12-03 - Marcel Dettmann - Essential Mix,https://www.mixesdb.com/w/2022-12-03_-_Marcel_Dettmann_-_Essential_Mix,,22,1:01:13,DJ Surgeles,M13,DJ Surgeles - M13
2022-12-03 - Marcel Dettmann - Essential Mix,https://www.mixesdb.com/w/2022-12-03_-_Marcel_Dettmann_-_Essential_Mix,,23,1:04:34,Speedy & Steve,Dabbler Nine [Mote-Evolver],Speedy & Steve - Dabbler Nine [Mote-Evolver]
2022-12-03 - Marcel Dettmann - Essential Mix,https://www.mixesdb.com/w/2022-12-03_-_Marcel_Dettmann_-_Essential_Mix,,24,1:07:33,Alessandro Adriani,Ecstatic Feeling [L.I.E.S.],Alessandro Adriani - Ecstatic Feeling [L.I.E.S.]
2022-12-03 - Marcel Dettmann - Essential Mix,https://www.mixesdb.com/w/2022-12-03_-_Marcel_Dettmann_-_Essential_Mix,,25,1:12:44,Wishmountain,Break [Accidental Jnr],Wishmountain - Break [Accidental Jnr]
2022-12-03 - Marcel Dettmann - Essential Mix,https://www.mixesdb.com/w/2022-12-03_-_Marcel_Dettmann_-_Essential_Mix,,26,1:16:04,Roseen,Torn Apart,Roseen - Torn Apart
2022-12-03 - Marcel Dettmann - Essential Mix,https://www.mixesdb.com/w/2022-12-03_-_Marcel_Dettmann_-_Essential_Mix,,27,1:19:23,Gerd,Lost Android [Clone Royal Oak],Gerd - Lost Android [Clone Royal Oak]
2022-12-03 - Marcel Dettmann - Essential Mix,https://www.mixesdb.com/w/2022-12-03_-_Marcel_Dettmann_-_Essential_Mix,,28,1:22:06,Regis,Untitled,Regis - Untitled
2022-12-03 - Marcel Dettmann - Essential Mix,https://www.mixesdb.com/w/2022-12-03_-_Marcel_Dettmann_-_Essential_Mix,,29,1:25:22,Circadian Rhythms,One Step To Nowhere [Elypsia],Circadian Rhythms - One Step To Nowhere [Elypsia]
2022-12-03 - Marcel Dettmann - Essential Mix,https://www.mixesdb.com/w/2022-12-03_-_Marcel_Dettmann_-_Essential_Mix,,30,1:27:37,Encoder,Galactic Force [Diffuse Reality],Encoder - Galactic Force [Diffuse Reality]
2022-12-03 - Marcel Dettmann - Essential Mix,https://www.mixesdb.com/w/2022-12-03_-_Marcel_Dettmann_-_Essential_Mix,,31,1:29:55,Floppy Sounds,Late Night [Wave],Floppy Sounds - Late Night [Wave]
2022-12-03 - Marcel Dettmann - Essential Mix,https://www.mixesdb.com/w/2022-12-03_-_Marcel_Dettmann_-_Essential_Mix,,32,1:34:52,The Androids,Dream Machine (Marcel Dettmann Edit),The Androids - Dream Machine (Marcel Dettmann Edit)
2022-12-03 - Marcel Dettmann - Essential Mix,https://www.mixesdb.com/w/2022-12-03_-_Marcel_Dettmann_-_Essential_Mix,,33,1:38:39,B. O. Volt,Hot Wheel's EP,B. O. Volt - Hot Wheel's EP
2022-12-03 - Marcel Dettmann - Essential Mix,https://www.mixesdb.com/w/2022-12-03_-_Marcel_Dettmann_-_Essential_Mix,,34,1:40:34,Mono Junk,Dream On [Bad Manners],Mono Junk - Dream On [Bad Manners]
2022-12-03 - Marcel Dettmann - Essential Mix,https://www.mixesdb.com/w/2022-12-03_-_Marcel_Dettmann_-_Essential_Mix,,35,1:43:43,Mono Junk,Sunshine Peach [Bad Manners],Mono Junk - Sunshine Peach [Bad Manners]
2022-12-03 - Marcel Dettmann - Essential Mix,https://www.mixesdb.com/w/2022-12-03_-_Marcel_Dettmann_-_Essential_Mix,,36,1:45:50,Dopplereffekt,Conic Sections (Marcel Dettmann Edit),Dopplereffekt - Conic Sections (Marcel Dettmann Edit)
2022-12-03 - Marcel Dettmann - Essential Mix,https://www.mixesdb.com/w/2022-12-03_-_Marcel_Dettmann_-_Essential_Mix,,37,1:48:54,Unknown Soldier,The Streets [Submerge],Unknown Soldier - The Streets [Submerge]
2022-12-03 - Marcel Dettmann - Essential Mix,https://www.mixesdb.com/w/2022-12-03_-_Marcel_Dettmann_-_Essential_Mix,,38,1:51:04,John Shima,11 [Central Processing Unit],John Shima - 11 [Central Processing Unit]
2022-12-03 - Marcel Dettmann - Essential Mix,https://www.mixesdb.com/w/2022-12-03_-_Marcel_Dettmann_-_Essential_Mix,,39,1:54:17,DJ Frankie,On The Backwards,DJ Frankie - On The Backwards
2022-12-03 - Marcel Dettmann - Essential Mix,https://www.mixesdb.com/w/2022-12-03_-_Marcel_Dettmann_-_Essential_Mix,,40,1:56:40,Professor X,It's More Fun To Sample,Professor X - It's More Fun To Sample
2008-03-31 - Marcel Dettmann & Marcel Fengler @ Berlin Mitte Institut,https://www.mixesdb.com/w/2008-03-31_-_Marcel_Dettmann_&_Marcel_Fengler_@_Berlin_Mitte_Institut,,1,000,,?,?
2008-03-31 - Marcel Dettmann & Marcel Fengler @ Berlin Mitte Institut,https://www.mixesdb.com/w/2008-03-31_-_Marcel_Dettmann_&_Marcel_Fengler_@_Berlin_Mitte_Institut,,2,008,Zweikarakter,Synthic (Reynold Rmx) [Neutonmusic - NEUM 026],Zweikarakter - Synthic (Reynold Rmx) [Neutonmusic - NEUM 026]
2008-03-31 - Marcel Dettmann & Marcel Fengler @ Berlin Mitte Institut,https://www.mixesdb.com/w/2008-03-31_-_Marcel_Dettmann_&_Marcel_Fengler_@_Berlin_Mitte_Institut,,3,013,Appleblim And Peverelist – Circling [Skull Disco,SKULL 08],Appleblim And Peverelist – Circling [Skull Disco - SKULL 08]
2008-03-31 - Marcel Dettmann & Marcel Fengler @ Berlin Mitte Institut,https://www.mixesdb.com/w/2008-03-31_-_Marcel_Dettmann_&_Marcel_Fengler_@_Berlin_Mitte_Institut,,4,021,Shackleton,Death Is Not Final [Skull Disco - SKULL 09],Shackleton - Death Is Not Final [Skull Disco - SKULL 09]
2008-03-31 - Marcel Dettmann & Marcel Fengler @ Berlin Mitte Institut,https://www.mixesdb.com/w/2008-03-31_-_Marcel_Dettmann_&_Marcel_Fengler_@_Berlin_Mitte_Institut,,5,028,Round Four,Found A Way [Main Street - MSR-08],Round Four - Found A Way [Main Street - MSR-08]
2008-03-31 - Marcel Dettmann & Marcel Fengler @ Berlin Mitte Institut,https://www.mixesdb.com/w/2008-03-31_-_Marcel_Dettmann_&_Marcel_Fengler_@_Berlin_Mitte_Institut,,6,034,Move D & Benjamin Brunn,Melons [Smallville - 08],Move D & Benjamin Brunn - Melons [Smallville - 08]
2008-03-31 - Marcel Dettmann & Marcel Fengler @ Berlin Mitte Institut,https://www.mixesdb.com/w/2008-03-31_-_Marcel_Dettmann_&_Marcel_Fengler_@_Berlin_Mitte_Institut,,7,040,Mike Parker – Inversion 11 [Geophone,GPH12],Mike Parker – Inversion 11 [Geophone - GPH12]
2008-03-31 - Marcel Dettmann & Marcel Fengler @ Berlin Mitte Institut,https://www.mixesdb.com/w/2008-03-31_-_Marcel_Dettmann_&_Marcel_Fengler_@_Berlin_Mitte_Institut,,8,043,Antonelli,Zabriskie [Dreck - DRK-15],Antonelli - Zabriskie [Dreck - DRK-15]
2008-03-31 - Marcel Dettmann & Marcel Fengler @ Berlin Mitte Institut,https://www.mixesdb.com/w/2008-03-31_-_Marcel_Dettmann_&_Marcel_Fengler_@_Berlin_Mitte_Institut,,9,048,Emptyset,Episteme [Caravan - CVAN 016],Emptyset - Episteme [Caravan - CVAN 016]
2008-03-31 - Marcel Dettmann & Marcel Fengler @ Berlin Mitte Institut,https://www.mixesdb.com/w/2008-03-31_-_Marcel_Dettmann_&_Marcel_Fengler_@_Berlin_Mitte_Institut,,10,053,Tadeo,Reflection Nebula 056n [Apnea - 015],Tadeo - Reflection Nebula 056n [Apnea - 015]
2008-03-31 - Marcel Dettmann & Marcel Fengler @ Berlin Mitte Institut,https://www.mixesdb.com/w/2008-03-31_-_Marcel_Dettmann_&_Marcel_Fengler_@_Berlin_Mitte_Institut,,11,059,Pinch,136 Trek [Punch Drunk - Drunk7],Pinch - 136 Trek [Punch Drunk - Drunk7]
2008-03-31 - Marcel Dettmann & Marcel Fengler @ Berlin Mitte Institut,https://www.mixesdb.com/w/2008-03-31_-_Marcel_Dettmann_&_Marcel_Fengler_@_Berlin_Mitte_Institut,,12,064,,?,?
2008-03-31 - Marcel Dettmann & Marcel Fengler @ Berlin Mitte Institut,https://www.mixesdb.com/w/2008-03-31_-_Marcel_Dettmann_&_Marcel_Fengler_@_Berlin_Mitte_Institut,,13,066,Peverelist,Junktion [Tectonic - TEC019],Peverelist - Junktion [Tectonic - TEC019]
2008-03-31 - Marcel Dettmann & Marcel Fengler @ Berlin Mitte Institut,https://www.mixesdb.com/w/2008-03-31_-_Marcel_Dettmann_&_Marcel_Fengler_@_Berlin_Mitte_Institut,,14,074,EQD,Eqd#001b [Equalized - 001],EQD - Eqd#001b [Equalized - 001]
2008-03-31 - Marcel Dettmann & Marcel Fengler @ Berlin Mitte Institut,https://www.mixesdb.com/w/2008-03-31_-_Marcel_Dettmann_&_Marcel_Fengler_@_Berlin_Mitte_Institut,,15,079,Alex Cortex,Replanted [Pomelo - POM 17],Alex Cortex - Replanted [Pomelo - POM 17]
2008-03-31 - Marcel Dettmann & Marcel Fengler @ Berlin Mitte Institut,https://www.mixesdb.com/w/2008-03-31_-_Marcel_Dettmann_&_Marcel_Fengler_@_Berlin_Mitte_Institut,,16,083,Tadeo,Reflection Nebula 056n (Substance Remix) [Apnea - 020],Tadeo - Reflection Nebula 056n (Substance Remix) [Apnea - 020]
2008-03-31 - Marcel Dettmann & Marcel Fengler @ Berlin Mitte Institut,https://www.mixesdb.com/w/2008-03-31_-_Marcel_Dettmann_&_Marcel_Fengler_@_Berlin_Mitte_Institut,,17,089,Tama Sumo & Prosumer,"Brothers, Sisters [Ostgut Ton - O-TON 014]","Tama Sumo & Prosumer - Brothers, Sisters [Ostgut Ton - O-TON 014]"
2008-03-31 - Marcel Dettmann & Marcel Fengler @ Berlin Mitte Institut,https://www.mixesdb.com/w/2008-03-31_-_Marcel_Dettmann_&_Marcel_Fengler_@_Berlin_Mitte_Institut,,18,092,Radio Slave,Tantakatan [Rekids 022],Radio Slave - Tantakatan [Rekids 022]
2008-03-31 - Marcel Dettmann & Marcel Fengler @ Berlin Mitte Institut,https://www.mixesdb.com/w/2008-03-31_-_Marcel_Dettmann_&_Marcel_Fengler_@_Berlin_Mitte_Institut,,19,098,Kate Simko,She Said (Ryan Elliott Edit) [Spectral Sound - SPC-100],Kate Simko - She Said (Ryan Elliott Edit) [Spectral Sound - SPC-100]
2008-03-31 - Marcel Dettmann & Marcel Fengler @ Berlin Mitte Institut,https://www.mixesdb.com/w/2008-03-31_-_Marcel_Dettmann_&_Marcel_Fengler_@_Berlin_Mitte_Institut,,20,101,Luke Hess,Believe & Receive (Shedsdeepanddubbydub Remix) [Kontra Musik - KM 007],Luke Hess - Believe & Receive (Shedsdeepanddubbydub Remix) [Kontra Musik - KM 007]
2008-03-31 - Marcel Dettmann & Marcel Fengler @ Berlin Mitte Institut,https://www.mixesdb.com/w/2008-03-31_-_Marcel_Dettmann_&_Marcel_Fengler_@_Berlin_Mitte_Institut,,21,109,,?,?
2008-03-31 - Marcel Dettmann & Marcel Fengler @ Berlin Mitte Institut,https://www.mixesdb.com/w/2008-03-31_-_Marcel_Dettmann_&_Marcel_Fengler_@_Berlin_Mitte_Institut,,22,111,Shed – Warped Mind [Ostgut Ton,o-ton15],Shed – Warped Mind [Ostgut Ton - o-ton15]
2008-03-31 - Marcel Dettmann & Marcel Fengler @ Berlin Mitte Institut,https://www.mixesdb.com/w/2008-03-31_-_Marcel_Dettmann_&_Marcel_Fengler_@_Berlin_Mitte_Institut,,23,118,Markus Fix,Entrada De Sol [Cécille - CEC 001],Markus Fix - Entrada De Sol [Cécille - CEC 001]
2008-03-31 - Marcel Dettmann & Marcel Fengler @ Berlin Mitte Institut,https://www.mixesdb.com/w/2008-03-31_-_Marcel_Dettmann_&_Marcel_Fengler_@_Berlin_Mitte_Institut,,24,123,Reboot,Charlotte [Below - 14],Reboot - Charlotte [Below - 14]
2008-03-31 - Marcel Dettmann & Marcel Fengler @ Berlin Mitte Institut,https://www.mixesdb.com/w/2008-03-31_-_Marcel_Dettmann_&_Marcel_Fengler_@_Berlin_Mitte_Institut,,25,127,Patric Scott,Visions Of Mantada [Aesthetic Audio - AES 003],Patric Scott - Visions Of Mantada [Aesthetic Audio - AES 003]
2008-03-31 - Marcel Dettmann & Marcel Fengler @ Berlin Mitte Institut,https://www.mixesdb.com/w/2008-03-31_-_Marcel_Dettmann_&_Marcel_Fengler_@_Berlin_Mitte_Institut,,26,132,Terrence Dixon,Climb (Orlando Voorn Mix) [Night Vision - NV 012],Terrence Dixon - Climb (Orlando Voorn Mix) [Night Vision - NV 012]
2008-03-31 - Marcel Dettmann & Marcel Fengler @ Berlin Mitte Institut,https://www.mixesdb.com/w/2008-03-31_-_Marcel_Dettmann_&_Marcel_Fengler_@_Berlin_Mitte_Institut,,27,137,Marcel Dettmann,Corebox [Marcel Dettmann - MDR 04],Marcel Dettmann - Corebox [Marcel Dettmann - MDR 04]
2008-03-31 - Marcel Dettmann & Marcel Fengler @ Berlin Mitte Institut,https://www.mixesdb.com/w/2008-03-31_-_Marcel_Dettmann_&_Marcel_Fengler_@_Berlin_Mitte_Institut,,28,142,Zweikarakter,Synthic (Reynold Rmx) [Neutonmusic - NEUM 026],Zweikarakter - Synthic (Reynold Rmx) [Neutonmusic - NEUM 026]
2008-03-31 - Marcel Dettmann & Marcel Fengler @ Berlin Mitte Institut,https://www.mixesdb.com/w/2008-03-31_-_Marcel_Dettmann_&_Marcel_Fengler_@_Berlin_Mitte_Institut,,29,149,Pan-Pot,Threesixty [Mobilee - 029],Pan-Pot - Threesixty [Mobilee - 029]
2008-03-31 - Marcel Dettmann & Marcel Fengler @ Berlin Mitte Institut,https://www.mixesdb.com/w/2008-03-31_-_Marcel_Dettmann_&_Marcel_Fengler_@_Berlin_Mitte_Institut,,30,155,Misc,Quarz [Sender - SEND 070],Misc - Quarz [Sender - SEND 070]
2008-03-31 - Marcel Dettmann & Marcel Fengler @ Berlin Mitte Institut,https://www.mixesdb.com/w/2008-03-31_-_Marcel_Dettmann_&_Marcel_Fengler_@_Berlin_Mitte_Institut,,31,159,Theodor Zox,Extruder (Maetrik Remix) [Tic Tac Toe - TTT011],Theodor Zox - Extruder (Maetrik Remix) [Tic Tac Toe - TTT011]
2008-03-31 - Marcel Dettmann & Marcel Fengler @ Berlin Mitte Institut,https://www.mixesdb.com/w/2008-03-31_-_Marcel_Dettmann_&_Marcel_Fengler_@_Berlin_Mitte_Institut,,32,164,Bukaddor & Fishbeck,Campus [My Best Friend - MBF 12100],Bukaddor & Fishbeck - Campus [My Best Friend - MBF 12100]
2008-03-31 - Marcel Dettmann & Marcel Fengler @ Berlin Mitte Institut,https://www.mixesdb.com/w/2008-03-31_-_Marcel_Dettmann_&_Marcel_Fengler_@_Berlin_Mitte_Institut,,33,170,Minilogue,Space [Traum - V89],Minilogue - Space [Traum - V89]
2008-03-31 - Marcel Dettmann & Marcel Fengler @ Berlin Mitte Institut,https://www.mixesdb.com/w/2008-03-31_-_Marcel_Dettmann_&_Marcel_Fengler_@_Berlin_Mitte_Institut,,34,176,Metope,Untitled (B) [Areal - AR001],Metope - Untitled (B) [Areal - AR001]
2008-03-31 - Marcel Dettmann & Marcel Fengler @ Berlin Mitte Institut,https://www.mixesdb.com/w/2008-03-31_-_Marcel_Dettmann_&_Marcel_Fengler_@_Berlin_Mitte_Institut,,35,178,Flinsch 'N' Nielson,Gimmik 2 [Kiddaz.fm - KIDD LP 006],Flinsch 'N' Nielson - Gimmik 2 [Kiddaz.fm - KIDD LP 006]
2008-03-31 - Marcel Dettmann & Marcel Fengler @ Berlin Mitte Institut,https://www.mixesdb.com/w/2008-03-31_-_Marcel_Dettmann_&_Marcel_Fengler_@_Berlin_Mitte_Institut,,36,184,Marcel Dettmann,Quicksand [Ostgut Ton - O-TON 03],Marcel Dettmann - Quicksand [Ostgut Ton - O-TON 03]
2008-03-31 - Marcel Dettmann & Marcel Fengler @ Berlin Mitte Institut,https://www.mixesdb.com/w/2008-03-31_-_Marcel_Dettmann_&_Marcel_Fengler_@_Berlin_Mitte_Institut,,37,190,Anja Schneider,Belize [Mobilee - 026],Anja Schneider - Belize [Mobilee - 026]
2008-03-31 - Marcel Dettmann & Marcel Fengler @ Berlin Mitte Institut,https://www.mixesdb.com/w/2008-03-31_-_Marcel_Dettmann_&_Marcel_Fengler_@_Berlin_Mitte_Institut,,38,196,Pressure Drop,You're Mine (Dirk Dreyer Remix) [Great Stuff - GSR 048],Pressure Drop - You're Mine (Dirk Dreyer Remix) [Great Stuff - GSR 048]
2008-03-31 - Marcel Dettmann & Marcel Fengler @ Berlin Mitte Institut,https://www.mixesdb.com/w/2008-03-31_-_Marcel_Dettmann_&_Marcel_Fengler_@_Berlin_Mitte_Institut,,39,201,MyMy,Got It [Playhouse - PLAY106],MyMy - Got It [Playhouse - PLAY106]
2008-03-31 - Marcel Dettmann & Marcel Fengler @ Berlin Mitte Institut,https://www.mixesdb.com/w/2008-03-31_-_Marcel_Dettmann_&_Marcel_Fengler_@_Berlin_Mitte_Institut,,40,204,Afrika Bambaataa,Funky Heroes (Le Dust Sucker Dubmix) [Mantra Vibes],Afrika Bambaataa - Funky Heroes (Le Dust Sucker Dubmix) [Mantra Vibes]
2008-03-31 - Marcel Dettmann & Marcel Fengler @ Berlin Mitte Institut,https://www.mixesdb.com/w/2008-03-31_-_Marcel_Dettmann_&_Marcel_Fengler_@_Berlin_Mitte_Institut,,41,207,Dinky,Horizontal [Horizontal - 001],Dinky - Horizontal [Horizontal - 001]
2008-03-31 - Marcel Dettmann & Marcel Fengler @ Berlin Mitte Institut,https://www.mixesdb.com/w/2008-03-31_-_Marcel_Dettmann_&_Marcel_Fengler_@_Berlin_Mitte_Institut,,42,213,Mathew Jonson,Stop [Wagon Repair - WAG 026EP],Mathew Jonson - Stop [Wagon Repair - WAG 026EP]
2008-03-31 - Marcel Dettmann & Marcel Fengler @ Berlin Mitte Institut,https://www.mixesdb.com/w/2008-03-31_-_Marcel_Dettmann_&_Marcel_Fengler_@_Berlin_Mitte_Institut,,43,217,Nuel,Sponge (Berovic & Leicher Remix) [Schallschnelle - 001],Nuel - Sponge (Berovic & Leicher Remix) [Schallschnelle - 001]
2008-03-31 - Marcel Dettmann & Marcel Fengler @ Berlin Mitte Institut,https://www.mixesdb.com/w/2008-03-31_-_Marcel_Dettmann_&_Marcel_Fengler_@_Berlin_Mitte_Institut,,44,220,Nhar,Silkcut [Mobilee - 008],Nhar - Silkcut [Mobilee - 008]
2008-03-31 - Marcel Dettmann & Marcel Fengler @ Berlin Mitte Institut,https://www.mixesdb.com/w/2008-03-31_-_Marcel_Dettmann_&_Marcel_Fengler_@_Berlin_Mitte_Institut,,45,224,Dominik Eulberg,Die Grünschenkel Im Blauen Priel [Traum - V84],Dominik Eulberg - Die Grünschenkel Im Blauen Priel [Traum - V84]
2008-03-31 - Marcel Dettmann & Marcel Fengler @ Berlin Mitte Institut,https://www.mixesdb.com/w/2008-03-31_-_Marcel_Dettmann_&_Marcel_Fengler_@_Berlin_Mitte_Institut,,46,229,Prosumer & Murat Tepeli Feat. Elif Bicer,Turn Around (Dub Mix) [Ostgut Ton - O-TON 012],Prosumer & Murat Tepeli Feat. Elif Bicer - Turn Around (Dub Mix) [Ostgut Ton - O-TON 012]
2008-03-31 - Marcel Dettmann & Marcel Fengler @ Berlin Mitte Institut,https://www.mixesdb.com/w/2008-03-31_-_Marcel_Dettmann_&_Marcel_Fengler_@_Berlin_Mitte_Institut,,47,236,Chris Carter,Plex [Thursday Club Recordings - RENN3053],Chris Carter - Plex [Thursday Club Recordings - RENN3053]
2008-03-31 - Marcel Dettmann & Marcel Fengler @ Berlin Mitte Institut,https://www.mixesdb.com/w/2008-03-31_-_Marcel_Dettmann_&_Marcel_Fengler_@_Berlin_Mitte_Institut,,48,242,Walkner Hintenaus,Kingdom [Simple - 0301],Walkner Hintenaus - Kingdom [Simple - 0301]
"2021-07-29 - Marcel Dettmann X DJ Stingray 313 (Live PA) @ 16 Years Ostgut Ton, Halle, Berghain, Berlin (ARTE Concert)","https://www.mixesdb.com/w/2021-07-29_-_Marcel_Dettmann_X_DJ_Stingray_313_(Live_PA)_@_16_Years_Ostgut_Ton,_Halle,_Berghain,_Berlin_(ARTE_Concert)",,1,00,,?,?
"2021-07-29 - Marcel Dettmann X DJ Stingray 313 (Live PA) @ 16 Years Ostgut Ton, Halle, Berghain, Berlin (ARTE Concert)","https://www.mixesdb.com/w/2021-07-29_-_Marcel_Dettmann_X_DJ_Stingray_313_(Live_PA)_@_16_Years_Ostgut_Ton,_Halle,_Berghain,_Berlin_(ARTE_Concert)",,2,03,Herman Funker III,Rhino [Ilian Tape],Herman Funker III - Rhino [Ilian Tape]
"2021-07-29 - Marcel Dettmann X DJ Stingray 313 (Live PA) @ 16 Years Ostgut Ton, Halle, Berghain, Berlin (ARTE Concert)","https://www.mixesdb.com/w/2021-07-29_-_Marcel_Dettmann_X_DJ_Stingray_313_(Live_PA)_@_16_Years_Ostgut_Ton,_Halle,_Berghain,_Berlin_(ARTE_Concert)",,3,09,Alex Falk,Lift [Allergy Season],Alex Falk - Lift [Allergy Season]
"2021-07-29 - Marcel Dettmann X DJ Stingray 313 (Live PA) @ 16 Years Ostgut Ton, Halle, Berghain, Berlin (ARTE Concert)","https://www.mixesdb.com/w/2021-07-29_-_Marcel_Dettmann_X_DJ_Stingray_313_(Live_PA)_@_16_Years_Ostgut_Ton,_Halle,_Berghain,_Berlin_(ARTE_Concert)",,4,12,D.Dan,Dangstuh [Arsenik],D.Dan - Dangstuh [Arsenik]
"2021-07-29 - Marcel Dettmann X DJ Stingray 313 (Live PA) @ 16 Years Ostgut Ton, Halle, Berghain, Berlin (ARTE Concert)","https://www.mixesdb.com/w/2021-07-29_-_Marcel_Dettmann_X_DJ_Stingray_313_(Live_PA)_@_16_Years_Ostgut_Ton,_Halle,_Berghain,_Berlin_(ARTE_Concert)",,5,14,Anthony Rother,Eighty Four [Bad Manners],Anthony Rother - Eighty Four [Bad Manners]
"2021-07-29 - Marcel Dettmann X DJ Stingray 313 (Live PA) @ 16 Years Ostgut Ton, Halle, Berghain, Berlin (ARTE Concert)","https://www.mixesdb.com/w/2021-07-29_-_Marcel_Dettmann_X_DJ_Stingray_313_(Live_PA)_@_16_Years_Ostgut_Ton,_Halle,_Berghain,_Berlin_(ARTE_Concert)",,6,17,Ellen Allien,Free Society (Hector Oaks aka Cadency Heartcore Remix) [BPitch Control],Ellen Allien - Free Society (Hector Oaks aka Cadency Heartcore Remix) [BPitch Control]
"2021-07-29 - Marcel Dettmann X DJ Stingray 313 (Live PA) @ 16 Years Ostgut Ton, Halle, Berghain, Berlin (ARTE Concert)","https://www.mixesdb.com/w/2021-07-29_-_Marcel_Dettmann_X_DJ_Stingray_313_(Live_PA)_@_16_Years_Ostgut_Ton,_Halle,_Berghain,_Berlin_(ARTE_Concert)",,7,19,Marco Bailey & Steve RedHead & Soulwatcher,Demonika [MB Elektronics],Marco Bailey & Steve RedHead & Soulwatcher - Demonika [MB Elektronics]
"2021-07-29 - Marcel Dettmann X DJ Stingray 313 (Live PA) @ 16 Years Ostgut Ton, Halle, Berghain, Berlin (ARTE Concert)","https://www.mixesdb.com/w/2021-07-29_-_Marcel_Dettmann_X_DJ_Stingray_313_(Live_PA)_@_16_Years_Ostgut_Ton,_Halle,_Berghain,_Berlin_(ARTE_Concert)",,8,22,Cleric,Blood & Oil [Projekts],Cleric - Blood & Oil [Projekts]
"2021-07-29 - Marcel Dettmann X DJ Stingray 313 (Live PA) @ 16 Years Ostgut Ton, Halle, Berghain, Berlin (ARTE Concert)","https://www.mixesdb.com/w/2021-07-29_-_Marcel_Dettmann_X_DJ_Stingray_313_(Live_PA)_@_16_Years_Ostgut_Ton,_Halle,_Berghain,_Berlin_(ARTE_Concert)",,9,24,AADJA,Falling In A Dream (D.Dan Remix),AADJA - Falling In A Dream (D.Dan Remix)
"2021-07-29 - Marcel Dettmann X DJ Stingray 313 (Live PA) @ 16 Years Ostgut Ton, Halle, Berghain, Berlin (ARTE Concert)","https://www.mixesdb.com/w/2021-07-29_-_Marcel_Dettmann_X_DJ_Stingray_313_(Live_PA)_@_16_Years_Ostgut_Ton,_Halle,_Berghain,_Berlin_(ARTE_Concert)",,10,27,Dax J,Escape The System [ARTS],Dax J - Escape The System [ARTS]
"2021-07-29 - Marcel Dettmann X DJ Stingray 313 (Live PA) @ 16 Years Ostgut Ton, Halle, Berghain, Berlin (ARTE Concert)","https://www.mixesdb.com/w/2021-07-29_-_Marcel_Dettmann_X_DJ_Stingray_313_(Live_PA)_@_16_Years_Ostgut_Ton,_Halle,_Berghain,_Berlin_(ARTE_Concert)",,11,32,Endlec,Rude Signal,Endlec - Rude Signal
"2021-07-29 - Marcel Dettmann X DJ Stingray 313 (Live PA) @ 16 Years Ostgut Ton, Halle, Berghain, Berlin (ARTE Concert)","https://www.mixesdb.com/w/2021-07-29_-_Marcel_Dettmann_X_DJ_Stingray_313_(Live_PA)_@_16_Years_Ostgut_Ton,_Halle,_Berghain,_Berlin_(ARTE_Concert)",,12,34,Regis,Fragment 2 [Downwards],Regis - Fragment 2 [Downwards]
"2021-07-29 - Marcel Dettmann X DJ Stingray 313 (Live PA) @ 16 Years Ostgut Ton, Halle, Berghain, Berlin (ARTE Concert)","https://www.mixesdb.com/w/2021-07-29_-_Marcel_Dettmann_X_DJ_Stingray_313_(Live_PA)_@_16_Years_Ostgut_Ton,_Halle,_Berghain,_Berlin_(ARTE_Concert)",,13,37,Héctor Oaks,Two-Step Dance Ensured [Oaks],Héctor Oaks - Two-Step Dance Ensured [Oaks]
"2021-07-29 - Marcel Dettmann X DJ Stingray 313 (Live PA) @ 16 Years Ostgut Ton, Halle, Berghain, Berlin (ARTE Concert)","https://www.mixesdb.com/w/2021-07-29_-_Marcel_Dettmann_X_DJ_Stingray_313_(Live_PA)_@_16_Years_Ostgut_Ton,_Halle,_Berghain,_Berlin_(ARTE_Concert)",,14,40,Planetary Assault Systems,Bang Wap [Token],Planetary Assault Systems - Bang Wap [Token]
"2021-07-29 - Marcel Dettmann X DJ Stingray 313 (Live PA) @ 16 Years Ostgut Ton, Halle, Berghain, Berlin (ARTE Concert)","https://www.mixesdb.com/w/2021-07-29_-_Marcel_Dettmann_X_DJ_Stingray_313_(Live_PA)_@_16_Years_Ostgut_Ton,_Halle,_Berghain,_Berlin_(ARTE_Concert)",,15,42,6SISS,REPEAT [User Experience],6SISS - REPEAT [User Experience]
"2021-07-29 - Marcel Dettmann X DJ Stingray 313 (Live PA) @ 16 Years Ostgut Ton, Halle, Berghain, Berlin (ARTE Concert)","https://www.mixesdb.com/w/2021-07-29_-_Marcel_Dettmann_X_DJ_Stingray_313_(Live_PA)_@_16_Years_Ostgut_Ton,_Halle,_Berghain,_Berlin_(ARTE_Concert)",,16,44,AADJA,Interaction Sphere (Deniro Remix 2),AADJA - Interaction Sphere (Deniro Remix 2)
"2021-07-29 - Marcel Dettmann X DJ Stingray 313 (Live PA) @ 16 Years Ostgut Ton, Halle, Berghain, Berlin (ARTE Concert)","https://www.mixesdb.com/w/2021-07-29_-_Marcel_Dettmann_X_DJ_Stingray_313_(Live_PA)_@_16_Years_Ostgut_Ton,_Halle,_Berghain,_Berlin_(ARTE_Concert)",,17,49,Ensemble,9 [FatCat],Ensemble - 9 [FatCat]
"2021-07-29 - Marcel Dettmann X DJ Stingray 313 (Live PA) @ 16 Years Ostgut Ton, Halle, Berghain, Berlin (ARTE Concert)","https://www.mixesdb.com/w/2021-07-29_-_Marcel_Dettmann_X_DJ_Stingray_313_(Live_PA)_@_16_Years_Ostgut_Ton,_Halle,_Berghain,_Berlin_(ARTE_Concert)",,18,51,Rebekah,Unwanted [MORD],Rebekah - Unwanted [MORD]
"2021-07-29 - Marcel Dettmann X DJ Stingray 313 (Live PA) @ 16 Years Ostgut Ton, Halle, Berghain, Berlin (ARTE Concert)","https://www.mixesdb.com/w/2021-07-29_-_Marcel_Dettmann_X_DJ_Stingray_313_(Live_PA)_@_16_Years_Ostgut_Ton,_Halle,_Berghain,_Berlin_(ARTE_Concert)",,19,56,Endlec,KRIPNBOT [Renegade Methodz],Endlec - KRIPNBOT [Renegade Methodz]
"2021-07-29 - Marcel Dettmann X DJ Stingray 313 (Live PA) @ 16 Years Ostgut Ton, Halle, Berghain, Berlin (ARTE Concert)","https://www.mixesdb.com/w/2021-07-29_-_Marcel_Dettmann_X_DJ_Stingray_313_(Live_PA)_@_16_Years_Ostgut_Ton,_Halle,_Berghain,_Berlin_(ARTE_Concert)",,20,61,Barker,Utility [Ostgut Ton],Barker - Utility [Ostgut Ton]
"2024-06-02 - Ben Klock B2B Marcel Dettmann @ 909 Festival, Amsterdamse Bos, NL","https://www.mixesdb.com/w/2024-06-02_-_Ben_Klock_B2B_Marcel_Dettmann_@_909_Festival,_Amsterdamse_Bos,_NL",,1,0:00:00,DJ Rush,Get Yours (Ruby's 6-Pack Mix) [Omnisounds],DJ Rush - Get Yours (Ruby's 6-Pack Mix) [Omnisounds]
"2024-06-02 - Ben Klock B2B Marcel Dettmann @ 909 Festival, Amsterdamse Bos, NL","https://www.mixesdb.com/w/2024-06-02_-_Ben_Klock_B2B_Marcel_Dettmann_@_909_Festival,_Amsterdamse_Bos,_NL",,2,0:04:13,Norbak,Clima [Token],Norbak - Clima [Token]
"2024-06-02 - Ben Klock B2B Marcel Dettmann @ 909 Festival, Amsterdamse Bos, NL","https://www.mixesdb.com/w/2024-06-02_-_Ben_Klock_B2B_Marcel_Dettmann_@_909_Festival,_Amsterdamse_Bos,_NL",,3,0:08:10,Boy Harsher,Come Closer (Marcel Dettmann Remix),Boy Harsher - Come Closer (Marcel Dettmann Remix)
"2024-06-02 - Ben Klock B2B Marcel Dettmann @ 909 Festival, Amsterdamse Bos, NL","https://www.mixesdb.com/w/2024-06-02_-_Ben_Klock_B2B_Marcel_Dettmann_@_909_Festival,_Amsterdamse_Bos,_NL",,4,0:12:00,Mathys Lenne,Satellite [HAYES],Mathys Lenne - Satellite [HAYES]
"2024-06-02 - Ben Klock B2B Marcel Dettmann @ 909 Festival, Amsterdamse Bos, NL","https://www.mixesdb.com/w/2024-06-02_-_Ben_Klock_B2B_Marcel_Dettmann_@_909_Festival,_Amsterdamse_Bos,_NL",,5,0:15:55,Jeroen Search,Snake Shifter [Syncrophone],Jeroen Search - Snake Shifter [Syncrophone]
"2024-06-02 - Ben Klock B2B Marcel Dettmann @ 909 Festival, Amsterdamse Bos, NL","https://www.mixesdb.com/w/2024-06-02_-_Ben_Klock_B2B_Marcel_Dettmann_@_909_Festival,_Amsterdamse_Bos,_NL",,6,0:20:00,Sterac,Solidify,Sterac - Solidify
"2024-06-02 - Ben Klock B2B Marcel Dettmann @ 909 Festival, Amsterdamse Bos, NL","https://www.mixesdb.com/w/2024-06-02_-_Ben_Klock_B2B_Marcel_Dettmann_@_909_Festival,_Amsterdamse_Bos,_NL",,7,0:23:15,Hurdslenk,False Pretence [Hardgroove],Hurdslenk - False Pretence [Hardgroove]
"2024-06-02 - Ben Klock B2B Marcel Dettmann @ 909 Festival, Amsterdamse Bos, NL","https://www.mixesdb.com/w/2024-06-02_-_Ben_Klock_B2B_Marcel_Dettmann_@_909_Festival,_Amsterdamse_Bos,_NL",,8,0:26:36,Jay Clarke,Perdita [Klockworks],Jay Clarke - Perdita [Klockworks]
"2024-06-02 - Ben Klock B2B Marcel Dettmann @ 909 Festival, Amsterdamse Bos, NL","https://www.mixesdb.com/w/2024-06-02_-_Ben_Klock_B2B_Marcel_Dettmann_@_909_Festival,_Amsterdamse_Bos,_NL",,9,0:30:40,Johannes Astrup,Salsa Lessons [Drawner],Johannes Astrup - Salsa Lessons [Drawner]
"2024-06-02 - Ben Klock B2B Marcel Dettmann @ 909 Festival, Amsterdamse Bos, NL","https://www.mixesdb.com/w/2024-06-02_-_Ben_Klock_B2B_Marcel_Dettmann_@_909_Festival,_Amsterdamse_Bos,_NL",,10,0:35:50,Bleak,Hunting Nightmares [Uncage],Bleak - Hunting Nightmares [Uncage]
"2024-06-02 - Ben Klock B2B Marcel Dettmann @ 909 Festival, Amsterdamse Bos, NL","https://www.mixesdb.com/w/2024-06-02_-_Ben_Klock_B2B_Marcel_Dettmann_@_909_Festival,_Amsterdamse_Bos,_NL",,11,0:40:03,MasCon,Cabernet [Snork],MasCon - Cabernet [Snork]
"2024-06-02 - Ben Klock B2B Marcel Dettmann @ 909 Festival, Amsterdamse Bos, NL","https://www.mixesdb.com/w/2024-06-02_-_Ben_Klock_B2B_Marcel_Dettmann_@_909_Festival,_Amsterdamse_Bos,_NL",,12,0:43:15,Confidential Recipe,La Danza [Rspx (Rekids)],Confidential Recipe - La Danza [Rspx (Rekids)]
"2024-06-02 - Ben Klock B2B Marcel Dettmann @ 909 Festival, Amsterdamse Bos, NL","https://www.mixesdb.com/w/2024-06-02_-_Ben_Klock_B2B_Marcel_Dettmann_@_909_Festival,_Amsterdamse_Bos,_NL",,13,0:46:17,G-Man,Legion,G-Man - Legion
"2024-06-02 - Ben Klock B2B Marcel Dettmann @ 909 Festival, Amsterdamse Bos, NL","https://www.mixesdb.com/w/2024-06-02_-_Ben_Klock_B2B_Marcel_Dettmann_@_909_Festival,_Amsterdamse_Bos,_NL",,14,0:54:51,Deluka,Mind Game [Sk_Eleven],Deluka - Mind Game [Sk_Eleven]
"2024-06-02 - Ben Klock B2B Marcel Dettmann @ 909 Festival, Amsterdamse Bos, NL","https://www.mixesdb.com/w/2024-06-02_-_Ben_Klock_B2B_Marcel_Dettmann_@_909_Festival,_Amsterdamse_Bos,_NL",,15,0:58:43,DJ Rush,Dance With Me (Paul Mac Re-Edit),DJ Rush - Dance With Me (Paul Mac Re-Edit)
"2024-06-02 - Ben Klock B2B Marcel Dettmann @ 909 Festival, Amsterdamse Bos, NL","https://www.mixesdb.com/w/2024-06-02_-_Ben_Klock_B2B_Marcel_Dettmann_@_909_Festival,_Amsterdamse_Bos,_NL",,16,1:01:20,,?,?
"2024-06-02 - Ben Klock B2B Marcel Dettmann @ 909 Festival, Amsterdamse Bos, NL","https://www.mixesdb.com/w/2024-06-02_-_Ben_Klock_B2B_Marcel_Dettmann_@_909_Festival,_Amsterdamse_Bos,_NL",,17,1:06:21,,?,?
"2024-06-02 - Ben Klock B2B Marcel Dettmann @ 909 Festival, Amsterdamse Bos, NL","https://www.mixesdb.com/w/2024-06-02_-_Ben_Klock_B2B_Marcel_Dettmann_@_909_Festival,_Amsterdamse_Bos,_NL",,18,1:09:00,Alexander Johansson & Mattias Fridell,Hicka [Truncate],Alexander Johansson & Mattias Fridell - Hicka [Truncate]
"2024-06-02 - Ben Klock B2B Marcel Dettmann @ 909 Festival, Amsterdamse Bos, NL","https://www.mixesdb.com/w/2024-06-02_-_Ben_Klock_B2B_Marcel_Dettmann_@_909_Festival,_Amsterdamse_Bos,_NL",,19,1:13:44,Mark Broom & Patrik Carrera,ZZZZ [EPM],Mark Broom & Patrik Carrera - ZZZZ [EPM]
"2024-06-02 - Ben Klock B2B Marcel Dettmann @ 909 Festival, Amsterdamse Bos, NL","https://www.mixesdb.com/w/2024-06-02_-_Ben_Klock_B2B_Marcel_Dettmann_@_909_Festival,_Amsterdamse_Bos,_NL",,20,1:17:13,Boxia,Acid Something,Boxia - Acid Something
"2024-06-02 - Ben Klock B2B Marcel Dettmann @ 909 Festival, Amsterdamse Bos, NL","https://www.mixesdb.com/w/2024-06-02_-_Ben_Klock_B2B_Marcel_Dettmann_@_909_Festival,_Amsterdamse_Bos,_NL",,21,1:20:50,Cari Lekebush & Nima Khak,Drum Conductor,Cari Lekebush & Nima Khak - Drum Conductor
"2024-06-02 - Ben Klock B2B Marcel Dettmann @ 909 Festival, Amsterdamse Bos, NL","https://www.mixesdb.com/w/2024-06-02_-_Ben_Klock_B2B_Marcel_Dettmann_@_909_Festival,_Amsterdamse_Bos,_NL",,22,1:22:16,Will Simpson,We The People [Native Drum],Will Simpson - We The People [Native Drum]
"2024-06-02 - Ben Klock B2B Marcel Dettmann @ 909 Festival, Amsterdamse Bos, NL","https://www.mixesdb.com/w/2024-06-02_-_Ben_Klock_B2B_Marcel_Dettmann_@_909_Festival,_Amsterdamse_Bos,_NL",,23,1:25:13,Kr!z,There Is No Sun [Blueprint],Kr!z - There Is No Sun [Blueprint]
"2024-06-02 - Ben Klock B2B Marcel Dettmann @ 909 Festival, Amsterdamse Bos, NL","https://www.mixesdb.com/w/2024-06-02_-_Ben_Klock_B2B_Marcel_Dettmann_@_909_Festival,_Amsterdamse_Bos,_NL",,24,1:29:22,Jay Denham,Dopamine [Black Nation],Jay Denham - Dopamine [Black Nation]
"2024-06-02 - Ben Klock B2B Marcel Dettmann @ 909 Festival, Amsterdamse Bos, NL","https://www.mixesdb.com/w/2024-06-02_-_Ben_Klock_B2B_Marcel_Dettmann_@_909_Festival,_Amsterdamse_Bos,_NL",,25,1:32:56,Toru Katsuta,Particle In Space [Modwerks],Toru Katsuta - Particle In Space [Modwerks]
"2024-06-02 - Ben Klock B2B Marcel Dettmann @ 909 Festival, Amsterdamse Bos, NL","https://www.mixesdb.com/w/2024-06-02_-_Ben_Klock_B2B_Marcel_Dettmann_@_909_Festival,_Amsterdamse_Bos,_NL",,26,1:36:20,,?,?
"2024-06-02 - Ben Klock B2B Marcel Dettmann @ 909 Festival, Amsterdamse Bos, NL","https://www.mixesdb.com/w/2024-06-02_-_Ben_Klock_B2B_Marcel_Dettmann_@_909_Festival,_Amsterdamse_Bos,_NL",,27,1:39:20,Shinedoe,Wake Up (Keith Carnal Remix) [Mtm],Shinedoe - Wake Up (Keith Carnal Remix) [Mtm]
"2024-06-02 - Ben Klock B2B Marcel Dettmann @ 909 Festival, Amsterdamse Bos, NL","https://www.mixesdb.com/w/2024-06-02_-_Ben_Klock_B2B_Marcel_Dettmann_@_909_Festival,_Amsterdamse_Bos,_NL",,28,1:42:55,,?,?
"2024-06-02 - Ben Klock B2B Marcel Dettmann @ 909 Festival, Amsterdamse Bos, NL","https://www.mixesdb.com/w/2024-06-02_-_Ben_Klock_B2B_Marcel_Dettmann_@_909_Festival,_Amsterdamse_Bos,_NL",,29,1:45:37,Nørbak,Norma (Temudo Remix) [Nrbk003],Nørbak - Norma (Temudo Remix) [Nrbk003]
"2024-06-02 - Ben Klock B2B Marcel Dettmann @ 909 Festival, Amsterdamse Bos, NL","https://www.mixesdb.com/w/2024-06-02_-_Ben_Klock_B2B_Marcel_Dettmann_@_909_Festival,_Amsterdamse_Bos,_NL",,30,1:49:45,Baby Ford & The Ifach Collective,RTDC (Mark Broom Remix) [Ifach],Baby Ford & The Ifach Collective - RTDC (Mark Broom Remix) [Ifach]
"2024-06-02 - Ben Klock B2B Marcel Dettmann @ 909 Festival, Amsterdamse Bos, NL","https://www.mixesdb.com/w/2024-06-02_-_Ben_Klock_B2B_Marcel_Dettmann_@_909_Festival,_Amsterdamse_Bos,_NL",,31,1:53:50,Petter B,Coming Back [Bond],Petter B - Coming Back [Bond]
"2024-06-02 - Ben Klock B2B Marcel Dettmann @ 909 Festival, Amsterdamse Bos, NL","https://www.mixesdb.com/w/2024-06-02_-_Ben_Klock_B2B_Marcel_Dettmann_@_909_Festival,_Amsterdamse_Bos,_NL",,32,1:57:20,Boxia,Hotline (Think Mix),Boxia - Hotline (Think Mix)
"2024-06-02 - Ben Klock B2B Marcel Dettmann @ 909 Festival, Amsterdamse Bos, NL","https://www.mixesdb.com/w/2024-06-02_-_Ben_Klock_B2B_Marcel_Dettmann_@_909_Festival,_Amsterdamse_Bos,_NL",,33,2:01:05,,?,?
"2024-06-02 - Ben Klock B2B Marcel Dettmann @ 909 Festival, Amsterdamse Bos, NL","https://www.mixesdb.com/w/2024-06-02_-_Ben_Klock_B2B_Marcel_Dettmann_@_909_Festival,_Amsterdamse_Bos,_NL",,34,2:04:33,Tal Fussman,Rioz,Tal Fussman - Rioz
"2024-06-02 - Ben Klock B2B Marcel Dettmann @ 909 Festival, Amsterdamse Bos, NL","https://www.mixesdb.com/w/2024-06-02_-_Ben_Klock_B2B_Marcel_Dettmann_@_909_Festival,_Amsterdamse_Bos,_NL",,35,2:09:10,Samuel L. Session,"Diaspora, Pt.1 [Sls]","Samuel L. Session - Diaspora, Pt.1 [Sls]"
"2024-06-02 - Ben Klock B2B Marcel Dettmann @ 909 Festival, Amsterdamse Bos, NL","https://www.mixesdb.com/w/2024-06-02_-_Ben_Klock_B2B_Marcel_Dettmann_@_909_Festival,_Amsterdamse_Bos,_NL",,36,2:12:50,Pfirter & Oliver Rosemann,Epsilon 2 (Sleeparchive Remix) [Recorded Things],Pfirter & Oliver Rosemann - Epsilon 2 (Sleeparchive Remix) [Recorded Things]
"2024-06-02 - Ben Klock B2B Marcel Dettmann @ 909 Festival, Amsterdamse Bos, NL","https://www.mixesdb.com/w/2024-06-02_-_Ben_Klock_B2B_Marcel_Dettmann_@_909_Festival,_Amsterdamse_Bos,_NL",,37,2:17:21,Marco Carola,Danger [One Thousand],Marco Carola - Danger [One Thousand]
"2024-06-02 - Ben Klock B2B Marcel Dettmann @ 909 Festival, Amsterdamse Bos, NL","https://www.mixesdb.com/w/2024-06-02_-_Ben_Klock_B2B_Marcel_Dettmann_@_909_Festival,_Amsterdamse_Bos,_NL",,38,2:20:36,Co-Fusion,Elm [Sublime],Co-Fusion - Elm [Sublime]
"2024-06-02 - Ben Klock B2B Marcel Dettmann @ 909 Festival, Amsterdamse Bos, NL","https://www.mixesdb.com/w/2024-06-02_-_Ben_Klock_B2B_Marcel_Dettmann_@_909_Festival,_Amsterdamse_Bos,_NL",,39,2:27:10,R.M.K,Muscle,R.M.K - Muscle
"2024-06-02 - Ben Klock B2B Marcel Dettmann @ 909 Festival, Amsterdamse Bos, NL","https://www.mixesdb.com/w/2024-06-02_-_Ben_Klock_B2B_Marcel_Dettmann_@_909_Festival,_Amsterdamse_Bos,_NL",,40,2:31:23,,?,?
"2024-06-02 - Ben Klock B2B Marcel Dettmann @ 909 Festival, Amsterdamse Bos, NL","https://www.mixesdb.com/w/2024-06-02_-_Ben_Klock_B2B_Marcel_Dettmann_@_909_Festival,_Amsterdamse_Bos,_NL",,41,2:34:36,,?,?
"2024-06-02 - Ben Klock B2B Marcel Dettmann @ 909 Festival, Amsterdamse Bos, NL","https://www.mixesdb.com/w/2024-06-02_-_Ben_Klock_B2B_Marcel_Dettmann_@_909_Festival,_Amsterdamse_Bos,_NL",,42,2:37:55,Brian Sanhaji,Paradox [Sensor],Brian Sanhaji - Paradox [Sensor]
"2024-06-02 - Ben Klock B2B Marcel Dettmann @ 909 Festival, Amsterdamse Bos, NL","https://www.mixesdb.com/w/2024-06-02_-_Ben_Klock_B2B_Marcel_Dettmann_@_909_Festival,_Amsterdamse_Bos,_NL",,43,2:44:03,,?,?
"2024-06-02 - Ben Klock B2B Marcel Dettmann @ 909 Festival, Amsterdamse Bos, NL","https://www.mixesdb.com/w/2024-06-02_-_Ben_Klock_B2B_Marcel_Dettmann_@_909_Festival,_Amsterdamse_Bos,_NL",,44,2:46:38,FEOS vs M/S/O,Into The Groove [Version One],FEOS vs M/S/O - Into The Groove [Version One]
"2024-06-02 - Ben Klock B2B Marcel Dettmann @ 909 Festival, Amsterdamse Bos, NL","https://www.mixesdb.com/w/2024-06-02_-_Ben_Klock_B2B_Marcel_Dettmann_@_909_Festival,_Amsterdamse_Bos,_NL",,45,2:50:12,Juan Sanchez,Double Standards [Fiedeltwo],Juan Sanchez - Double Standards [Fiedeltwo]
"2024-06-02 - Ben Klock B2B Marcel Dettmann @ 909 Festival, Amsterdamse Bos, NL","https://www.mixesdb.com/w/2024-06-02_-_Ben_Klock_B2B_Marcel_Dettmann_@_909_Festival,_Amsterdamse_Bos,_NL",,46,2:54:10,Woolford,Get Real,Woolford - Get Real
"2024-06-02 - Ben Klock B2B Marcel Dettmann @ 909 Festival, Amsterdamse Bos, NL","https://www.mixesdb.com/w/2024-06-02_-_Ben_Klock_B2B_Marcel_Dettmann_@_909_Festival,_Amsterdamse_Bos,_NL",,47,2:59:10,Barker,Utility [Ostgut],Barker - Utility [Ostgut]
"2016-04-23 - B.Traits, Hodge, Casper Tielrooij, Marcel Dettmann - B.Traits, BBC Radio 1","https://www.mixesdb.com/w/2016-04-23_-_B.Traits,_Hodge,_Casper_Tielrooij,_Marcel_Dettmann_-_B.Traits,_BBC_Radio_1",,1,,Dark Sky,Rainkist (Marcel Dettmann Remix) [Monkeytown],Dark Sky - Rainkist (Marcel Dettmann Remix) [Monkeytown]
"2016-04-23 - B.Traits, Hodge, Casper Tielrooij, Marcel Dettmann - B.Traits, BBC Radio 1","https://www.mixesdb.com/w/2016-04-23_-_B.Traits,_Hodge,_Casper_Tielrooij,_Marcel_Dettmann_-_B.Traits,_BBC_Radio_1",,2,,Prince,The Future (SCB Edit) [White],Prince - The Future (SCB Edit) [White]
"2016-04-23 - B.Traits, Hodge, Casper Tielrooij, Marcel Dettmann - B.Traits, BBC Radio 1","https://www.mixesdb.com/w/2016-04-23_-_B.Traits,_Hodge,_Casper_Tielrooij,_Marcel_Dettmann_-_B.Traits,_BBC_Radio_1",,3,,Kiani & His Legion,Electric (Fatima Yamaha Remix) [Something Happening Somewhere],Kiani & His Legion - Electric (Fatima Yamaha Remix) [Something Happening Somewhere]
"2016-04-23 - B.Traits, Hodge, Casper Tielrooij, Marcel Dettmann - B.Traits, BBC Radio 1","https://www.mixesdb.com/w/2016-04-23_-_B.Traits,_Hodge,_Casper_Tielrooij,_Marcel_Dettmann_-_B.Traits,_BBC_Radio_1",,4,,Kingpin Cartel,Ghetto [Beard Man],Kingpin Cartel - Ghetto [Beard Man]
"2016-04-23 - B.Traits, Hodge, Casper Tielrooij, Marcel Dettmann - B.Traits, BBC Radio 1","https://www.mixesdb.com/w/2016-04-23_-_B.Traits,_Hodge,_Casper_Tielrooij,_Marcel_Dettmann_-_B.Traits,_BBC_Radio_1",,5,,Rhythm Masters & Bobby Blanco,Serious Fun [White],Rhythm Masters & Bobby Blanco - Serious Fun [White]
"2016-04-23 - B.Traits, Hodge, Casper Tielrooij, Marcel Dettmann - B.Traits, BBC Radio 1","https://www.mixesdb.com/w/2016-04-23_-_B.Traits,_Hodge,_Casper_Tielrooij,_Marcel_Dettmann_-_B.Traits,_BBC_Radio_1",,6,,Malbretrieb,Meun [White],Malbretrieb - Meun [White]
"2016-04-23 - B.Traits, Hodge, Casper Tielrooij, Marcel Dettmann - B.Traits, BBC Radio 1","https://www.mixesdb.com/w/2016-04-23_-_B.Traits,_Hodge,_Casper_Tielrooij,_Marcel_Dettmann_-_B.Traits,_BBC_Radio_1",Future Sonic Selection,1,,The Butcha,Acid In The 1st Degree [Play It Say It],The Butcha - Acid In The 1st Degree [Play It Say It]
"2016-04-23 - B.Traits, Hodge, Casper Tielrooij, Marcel Dettmann - B.Traits, BBC Radio 1","https://www.mixesdb.com/w/2016-04-23_-_B.Traits,_Hodge,_Casper_Tielrooij,_Marcel_Dettmann_-_B.Traits,_BBC_Radio_1",Chapter,1,,Lonja,Somnolenz (Citizenn Remix) [TOK],Lonja - Somnolenz (Citizenn Remix) [TOK]
"2016-04-23 - B.Traits, Hodge, Casper Tielrooij, Marcel Dettmann - B.Traits, BBC Radio 1","https://www.mixesdb.com/w/2016-04-23_-_B.Traits,_Hodge,_Casper_Tielrooij,_Marcel_Dettmann_-_B.Traits,_BBC_Radio_1",Chapter,2,,Subb-an,Music On My Mind [Cocoon],Subb-an - Music On My Mind [Cocoon]
"2016-04-23 - B.Traits, Hodge, Casper Tielrooij, Marcel Dettmann - B.Traits, BBC Radio 1","https://www.mixesdb.com/w/2016-04-23_-_B.Traits,_Hodge,_Casper_Tielrooij,_Marcel_Dettmann_-_B.Traits,_BBC_Radio_1",Chapter,3,,Ashworth,Launch [Made Of CONCRETE],Ashworth - Launch [Made Of CONCRETE]
"2016-04-23 - B.Traits, Hodge, Casper Tielrooij, Marcel Dettmann - B.Traits, BBC Radio 1","https://www.mixesdb.com/w/2016-04-23_-_B.Traits,_Hodge,_Casper_Tielrooij,_Marcel_Dettmann_-_B.Traits,_BBC_Radio_1",Chapter,4,,Ellen Allien,Off [BPitch Control],Ellen Allien - Off [BPitch Control]
"2016-04-23 - B.Traits, Hodge, Casper Tielrooij, Marcel Dettmann - B.Traits, BBC Radio 1","https://www.mixesdb.com/w/2016-04-23_-_B.Traits,_Hodge,_Casper_Tielrooij,_Marcel_Dettmann_-_B.Traits,_BBC_Radio_1",Chapter,5,,Jay Clarke,Mirage [Klockworks],Jay Clarke - Mirage [Klockworks]
"2016-04-23 - B.Traits, Hodge, Casper Tielrooij, Marcel Dettmann - B.Traits, BBC Radio 1","https://www.mixesdb.com/w/2016-04-23_-_B.Traits,_Hodge,_Casper_Tielrooij,_Marcel_Dettmann_-_B.Traits,_BBC_Radio_1",Chapter,6,,Philipp Gorbachev,The Weeping Tune (Barnt Mixedit) [PG Tune],Philipp Gorbachev - The Weeping Tune (Barnt Mixedit) [PG Tune]
"2016-04-23 - B.Traits, Hodge, Casper Tielrooij, Marcel Dettmann - B.Traits, BBC Radio 1","https://www.mixesdb.com/w/2016-04-23_-_B.Traits,_Hodge,_Casper_Tielrooij,_Marcel_Dettmann_-_B.Traits,_BBC_Radio_1",Chapter,7,,Orlando Voorn,In Da Jungle (Chocolate Puma Gazzy Cut) [Big & Dirty],Orlando Voorn - In Da Jungle (Chocolate Puma Gazzy Cut) [Big & Dirty]
"2016-04-23 - B.Traits, Hodge, Casper Tielrooij, Marcel Dettmann - B.Traits, BBC Radio 1","https://www.mixesdb.com/w/2016-04-23_-_B.Traits,_Hodge,_Casper_Tielrooij,_Marcel_Dettmann_-_B.Traits,_BBC_Radio_1",Chapter,8,,Alan Fitzpatrick,1992 (Boxia VIP) [Fabric],Alan Fitzpatrick - 1992 (Boxia VIP) [Fabric]
"2016-04-23 - B.Traits, Hodge, Casper Tielrooij, Marcel Dettmann - B.Traits, BBC Radio 1","https://www.mixesdb.com/w/2016-04-23_-_B.Traits,_Hodge,_Casper_Tielrooij,_Marcel_Dettmann_-_B.Traits,_BBC_Radio_1",Future 12<nowiki>:</nowiki> Hodge,1,,MMM,Nous Sommes [MMM],MMM - Nous Sommes [MMM]
"2016-04-23 - B.Traits, Hodge, Casper Tielrooij, Marcel Dettmann - B.Traits, BBC Radio 1","https://www.mixesdb.com/w/2016-04-23_-_B.Traits,_Hodge,_Casper_Tielrooij,_Marcel_Dettmann_-_B.Traits,_BBC_Radio_1",Future 12<nowiki>:</nowiki> Hodge,2,,Mike Dunn,Dance You Mutha (Ju Edit) [White],Mike Dunn - Dance You Mutha (Ju Edit) [White]
"2016-04-23 - B.Traits, Hodge, Casper Tielrooij, Marcel Dettmann - B.Traits, BBC Radio 1","https://www.mixesdb.com/w/2016-04-23_-_B.Traits,_Hodge,_Casper_Tielrooij,_Marcel_Dettmann_-_B.Traits,_BBC_Radio_1",Future 12<nowiki>:</nowiki> Hodge,3,,Hodge,Mind Games [Hotline],Hodge - Mind Games [Hotline]
"2016-04-23 - B.Traits, Hodge, Casper Tielrooij, Marcel Dettmann - B.Traits, BBC Radio 1","https://www.mixesdb.com/w/2016-04-23_-_B.Traits,_Hodge,_Casper_Tielrooij,_Marcel_Dettmann_-_B.Traits,_BBC_Radio_1",Future 12<nowiki>:</nowiki> Hodge,4,,Randomer,Bring [Hemlock],Randomer - Bring [Hemlock]
"2016-04-23 - B.Traits, Hodge, Casper Tielrooij, Marcel Dettmann - B.Traits, BBC Radio 1","https://www.mixesdb.com/w/2016-04-23_-_B.Traits,_Hodge,_Casper_Tielrooij,_Marcel_Dettmann_-_B.Traits,_BBC_Radio_1",Future 12<nowiki>:</nowiki> Hodge,5,,Wink,Are You There (Ben Klock Remix) [Ovum],Wink - Are You There (Ben Klock Remix) [Ovum]
"2016-04-23 - B.Traits, Hodge, Casper Tielrooij, Marcel Dettmann - B.Traits, BBC Radio 1","https://www.mixesdb.com/w/2016-04-23_-_B.Traits,_Hodge,_Casper_Tielrooij,_Marcel_Dettmann_-_B.Traits,_BBC_Radio_1",Future 12<nowiki>:</nowiki> Hodge,6,,Source Direct,Black Rose (Blawan Remix) [Nonplus],Source Direct - Black Rose (Blawan Remix) [Nonplus]
"2016-04-23 - B.Traits, Hodge, Casper Tielrooij, Marcel Dettmann - B.Traits, BBC Radio 1","https://www.mixesdb.com/w/2016-04-23_-_B.Traits,_Hodge,_Casper_Tielrooij,_Marcel_Dettmann_-_B.Traits,_BBC_Radio_1",Future 12<nowiki>:</nowiki> Hodge,7,,Outlander,Vamp [R&S],Outlander - Vamp [R&S]
"2016-04-23 - B.Traits, Hodge, Casper Tielrooij, Marcel Dettmann - B.Traits, BBC Radio 1","https://www.mixesdb.com/w/2016-04-23_-_B.Traits,_Hodge,_Casper_Tielrooij,_Marcel_Dettmann_-_B.Traits,_BBC_Radio_1",Future 12<nowiki>:</nowiki> Hodge,8,,Mickey Pearce,Instructions (Reuben Remix) [81],Mickey Pearce - Instructions (Reuben Remix) [81]
"2016-04-23 - B.Traits, Hodge, Casper Tielrooij, Marcel Dettmann - B.Traits, BBC Radio 1","https://www.mixesdb.com/w/2016-04-23_-_B.Traits,_Hodge,_Casper_Tielrooij,_Marcel_Dettmann_-_B.Traits,_BBC_Radio_1",Chapter,1,,Ry,Deliverance (Fort Romeau Remix) [Infectious],Ry - Deliverance (Fort Romeau Remix) [Infectious]
"2016-04-23 - B.Traits, Hodge, Casper Tielrooij, Marcel Dettmann - B.Traits, BBC Radio 1","https://www.mixesdb.com/w/2016-04-23_-_B.Traits,_Hodge,_Casper_Tielrooij,_Marcel_Dettmann_-_B.Traits,_BBC_Radio_1",Label Mates<nowiki>:</nowiki> Dekmantel,1,,Juju & Jordash,Deep Blue Meaning [Dekmantel],Juju & Jordash - Deep Blue Meaning [Dekmantel]
"2016-04-23 - B.Traits, Hodge, Casper Tielrooij, Marcel Dettmann - B.Traits, BBC Radio 1","https://www.mixesdb.com/w/2016-04-23_-_B.Traits,_Hodge,_Casper_Tielrooij,_Marcel_Dettmann_-_B.Traits,_BBC_Radio_1",Label Mates<nowiki>:</nowiki> Dekmantel,2,,Palms Trax,Sumo Acid Crew [Dekmantel],Palms Trax - Sumo Acid Crew [Dekmantel]
"2016-04-23 - B.Traits, Hodge, Casper Tielrooij, Marcel Dettmann - B.Traits, BBC Radio 1","https://www.mixesdb.com/w/2016-04-23_-_B.Traits,_Hodge,_Casper_Tielrooij,_Marcel_Dettmann_-_B.Traits,_BBC_Radio_1",Label Mates<nowiki>:</nowiki> Dekmantel,3,,Robert Hood,Lockers [Dekmantel],Robert Hood - Lockers [Dekmantel]
"2016-04-23 - B.Traits, Hodge, Casper Tielrooij, Marcel Dettmann - B.Traits, BBC Radio 1","https://www.mixesdb.com/w/2016-04-23_-_B.Traits,_Hodge,_Casper_Tielrooij,_Marcel_Dettmann_-_B.Traits,_BBC_Radio_1",Label Mates<nowiki>:</nowiki> Dekmantel,4,,Soul Central,Tube Life [Dekmantel],Soul Central - Tube Life [Dekmantel]
"2016-04-23 - B.Traits, Hodge, Casper Tielrooij, Marcel Dettmann - B.Traits, BBC Radio 1","https://www.mixesdb.com/w/2016-04-23_-_B.Traits,_Hodge,_Casper_Tielrooij,_Marcel_Dettmann_-_B.Traits,_BBC_Radio_1",Label Mates<nowiki>:</nowiki> Dekmantel,5,,Occult Orientated Crime,Just A Clown On Crack [Dekmantel],Occult Orientated Crime - Just A Clown On Crack [Dekmantel]
"2016-04-23 - B.Traits, Hodge, Casper Tielrooij, Marcel Dettmann - B.Traits, BBC Radio 1","https://www.mixesdb.com/w/2016-04-23_-_B.Traits,_Hodge,_Casper_Tielrooij,_Marcel_Dettmann_-_B.Traits,_BBC_Radio_1",Marcel Dettmann Chameleon Club Mix,1,,Wrong Copy,Tentlover [MDR],Wrong Copy - Tentlover [MDR]
"2016-04-23 - B.Traits, Hodge, Casper Tielrooij, Marcel Dettmann - B.Traits, BBC Radio 1","https://www.mixesdb.com/w/2016-04-23_-_B.Traits,_Hodge,_Casper_Tielrooij,_Marcel_Dettmann_-_B.Traits,_BBC_Radio_1",Marcel Dettmann Chameleon Club Mix,2,,Museum,Pole [MDR],Museum - Pole [MDR]
"2016-04-23 - B.Traits, Hodge, Casper Tielrooij, Marcel Dettmann - B.Traits, BBC Radio 1","https://www.mixesdb.com/w/2016-04-23_-_B.Traits,_Hodge,_Casper_Tielrooij,_Marcel_Dettmann_-_B.Traits,_BBC_Radio_1",Marcel Dettmann Chameleon Club Mix,3,,Demian Licht,Indomitus [Motus],Demian Licht - Indomitus [Motus]
"2016-04-23 - B.Traits, Hodge, Casper Tielrooij, Marcel Dettmann - B.Traits, BBC Radio 1","https://www.mixesdb.com/w/2016-04-23_-_B.Traits,_Hodge,_Casper_Tielrooij,_Marcel_Dettmann_-_B.Traits,_BBC_Radio_1",Marcel Dettmann Chameleon Club Mix,4,,D-IX,T18 [White],D-IX - T18 [White]
"2016-04-23 - B.Traits, Hodge, Casper Tielrooij, Marcel Dettmann - B.Traits, BBC Radio 1","https://www.mixesdb.com/w/2016-04-23_-_B.Traits,_Hodge,_Casper_Tielrooij,_Marcel_Dettmann_-_B.Traits,_BBC_Radio_1",Marcel Dettmann Chameleon Club Mix,5,,Ansome,Blackwater [Perc Trax],Ansome - Blackwater [Perc Trax]
"2016-04-23 - B.Traits, Hodge, Casper Tielrooij, Marcel Dettmann - B.Traits, BBC Radio 1","https://www.mixesdb.com/w/2016-04-23_-_B.Traits,_Hodge,_Casper_Tielrooij,_Marcel_Dettmann_-_B.Traits,_BBC_Radio_1",Marcel Dettmann Chameleon Club Mix,6,,FBK,Workers And Jobbers [MDR],FBK - Workers And Jobbers [MDR]
"2016-04-23 - B.Traits, Hodge, Casper Tielrooij, Marcel Dettmann - B.Traits, BBC Radio 1","https://www.mixesdb.com/w/2016-04-23_-_B.Traits,_Hodge,_Casper_Tielrooij,_Marcel_Dettmann_-_B.Traits,_BBC_Radio_1",Marcel Dettmann Chameleon Club Mix,7,,Tom Dicicco,A Prayer For Jupiter [Delsin],Tom Dicicco - A Prayer For Jupiter [Delsin]
"2016-04-23 - B.Traits, Hodge, Casper Tielrooij, Marcel Dettmann - B.Traits, BBC Radio 1","https://www.mixesdb.com/w/2016-04-23_-_B.Traits,_Hodge,_Casper_Tielrooij,_Marcel_Dettmann_-_B.Traits,_BBC_Radio_1",Marcel Dettmann Chameleon Club Mix,8,,Ryan James Ford,Alon Strak [MDR],Ryan James Ford - Alon Strak [MDR]
"2016-04-23 - B.Traits, Hodge, Casper Tielrooij, Marcel Dettmann - B.Traits, BBC Radio 1","https://www.mixesdb.com/w/2016-04-23_-_B.Traits,_Hodge,_Casper_Tielrooij,_Marcel_Dettmann_-_B.Traits,_BBC_Radio_1",Marcel Dettmann Chameleon Club Mix,9,,Tessela,With Patsy [Poly Kicks],Tessela - With Patsy [Poly Kicks]
"2016-04-23 - B.Traits, Hodge, Casper Tielrooij, Marcel Dettmann - B.Traits, BBC Radio 1","https://www.mixesdb.com/w/2016-04-23_-_B.Traits,_Hodge,_Casper_Tielrooij,_Marcel_Dettmann_-_B.Traits,_BBC_Radio_1",Marcel Dettmann Chameleon Club Mix,10,,Sebastian Kramer,The Night [MDR],Sebastian Kramer - The Night [MDR]
"2016-04-23 - B.Traits, Hodge, Casper Tielrooij, Marcel Dettmann - B.Traits, BBC Radio 1","https://www.mixesdb.com/w/2016-04-23_-_B.Traits,_Hodge,_Casper_Tielrooij,_Marcel_Dettmann_-_B.Traits,_BBC_Radio_1",Marcel Dettmann Chameleon Club Mix,11,,Amelie Lens,Exhale [Lyase],Amelie Lens - Exhale [Lyase]
"2016-04-23 - B.Traits, Hodge, Casper Tielrooij, Marcel Dettmann - B.Traits, BBC Radio 1","https://www.mixesdb.com/w/2016-04-23_-_B.Traits,_Hodge,_Casper_Tielrooij,_Marcel_Dettmann_-_B.Traits,_BBC_Radio_1",Marcel Dettmann Chameleon Club Mix,12,,Wrong Copy,Sensen [White],Wrong Copy - Sensen [White]
"2016-04-23 - B.Traits, Hodge, Casper Tielrooij, Marcel Dettmann - B.Traits, BBC Radio 1","https://www.mixesdb.com/w/2016-04-23_-_B.Traits,_Hodge,_Casper_Tielrooij,_Marcel_Dettmann_-_B.Traits,_BBC_Radio_1",Marcel Dettmann Chameleon Club Mix,13,,Ryan James Ford,Faith Servet [White],Ryan James Ford - Faith Servet [White]
