mix_title,mix_url,part,position,timestamp,artist,title,raw
2012-06-06 - Pan-Pot - Mobilee Podcast 31 (Sonar By Night 2012),https://www.mixesdb.com/w/2012-06-06_-_Pan-Pot_-_Mobilee_Podcast_31_(Sonar_By_Night_2012),,1,,Pépé Bradock,Deep Burnt,Pépé Bradock - Deep Burnt
2012-06-06 - Pan-Pot - Mobilee Podcast 31 (Sonar By Night 2012),https://www.mixesdb.com/w/2012-06-06_-_Pan-Pot_-_Mobilee_Podcast_31_(Sonar_By_Night_2012),,2,,Aidan Lavelle,Tinnitus [Rebellion],Aidan Lavelle - Tinnitus [Rebellion]
2012-06-06 - Pan-Pot - Mobilee Podcast 31 (Sonar By Night 2012),https://www.mixesdb.com/w/2012-06-06_-_Pan-Pot_-_Mobilee_Podcast_31_(Sonar_By_Night_2012),,3,,Shenoda,Chasing Clouds [Hypercolour],Shenoda - Chasing Clouds [Hypercolour]
2012-06-06 - Pan-Pot - Mobilee Podcast 31 (Sonar By Night 2012),https://www.mixesdb.com/w/2012-06-06_-_Pan-Pot_-_Mobilee_Podcast_31_(Sonar_By_Night_2012),,4,,Shadow Child,String Thing [Dirtybird],Shadow Child - String Thing [Dirtybird]
2012-06-06 - Pan-Pot - Mobilee Podcast 31 (Sonar By Night 2012),https://www.mixesdb.com/w/2012-06-06_-_Pan-Pot_-_Mobilee_Podcast_31_(Sonar_By_Night_2012),,5,,Bart Skils,All About The Music [Break New Soil],Bart Skils - All About The Music [Break New Soil]
2012-06-06 - Pan-Pot - Mobilee Podcast 31 (Sonar By Night 2012),https://www.mixesdb.com/w/2012-06-06_-_Pan-Pot_-_Mobilee_Podcast_31_(Sonar_By_Night_2012),,6,,Joris Voorn,Spank The Maid [Rejected],Joris Voorn - Spank The Maid [Rejected]
2012-06-06 - Pan-Pot - Mobilee Podcast 31 (Sonar By Night 2012),https://www.mixesdb.com/w/2012-06-06_-_Pan-Pot_-_Mobilee_Podcast_31_(Sonar_By_Night_2012),,7,,"Lauhaus, Kabale Und Liebe",Hiphouse [Rejected],"Lauhaus, Kabale Und Liebe - Hiphouse [Rejected]"
2012-06-06 - Pan-Pot - Mobilee Podcast 31 (Sonar By Night 2012),https://www.mixesdb.com/w/2012-06-06_-_Pan-Pot_-_Mobilee_Podcast_31_(Sonar_By_Night_2012),,8,,Geeeman,Bang't [Clone Jack For Daze Serie],Geeeman - Bang't [Clone Jack For Daze Serie]
2012-06-06 - Pan-Pot - Mobilee Podcast 31 (Sonar By Night 2012),https://www.mixesdb.com/w/2012-06-06_-_Pan-Pot_-_Mobilee_Podcast_31_(Sonar_By_Night_2012),,9,,Christian Smith,NYC [100%],Christian Smith - NYC [100%]
2012-06-06 - Pan-Pot - Mobilee Podcast 31 (Sonar By Night 2012),https://www.mixesdb.com/w/2012-06-06_-_Pan-Pot_-_Mobilee_Podcast_31_(Sonar_By_Night_2012),,10,,Kyle Geiger,Mimetic Desire [Cubera],Kyle Geiger - Mimetic Desire [Cubera]
2012-06-06 - Pan-Pot - Mobilee Podcast 31 (Sonar By Night 2012),https://www.mixesdb.com/w/2012-06-06_-_Pan-Pot_-_Mobilee_Podcast_31_(Sonar_By_Night_2012),,11,,Fabio Giannelli,Grenouille [Maison D'etre],Fabio Giannelli - Grenouille [Maison D'etre]
2012-06-06 - Pan-Pot - Mobilee Podcast 31 (Sonar By Night 2012),https://www.mixesdb.com/w/2012-06-06_-_Pan-Pot_-_Mobilee_Podcast_31_(Sonar_By_Night_2012),,12,,Maceo Plex,Deez Nutz [Ellum Audio],Maceo Plex - Deez Nutz [Ellum Audio]
2012-06-06 - Pan-Pot - Mobilee Podcast 30 (Sonar By Day 2012),https://www.mixesdb.com/w/2012-06-06_-_Pan-Pot_-_Mobilee_Podcast_30_(Sonar_By_Day_2012),,1,,Emika,Chemical Fever (Reedit) [Ninja Tune],Emika - Chemical Fever (Reedit) [Ninja Tune]
2012-06-06 - Pan-Pot - Mobilee Podcast 30 (Sonar By Day 2012),https://www.mixesdb.com/w/2012-06-06_-_Pan-Pot_-_Mobilee_Podcast_30_(Sonar_By_Day_2012),,2,,Hanna,Sometimes (Karol XVII MB Valencia Remix) [Blockhead],Hanna - Sometimes (Karol XVII MB Valencia Remix) [Blockhead]
2012-06-06 - Pan-Pot - Mobilee Podcast 30 (Sonar By Day 2012),https://www.mixesdb.com/w/2012-06-06_-_Pan-Pot_-_Mobilee_Podcast_30_(Sonar_By_Day_2012),,3,,Audiojack Feat. Kevin Knapp,Stay Glued (FCL Weemix) [Gruuv],Audiojack Feat. Kevin Knapp - Stay Glued (FCL Weemix) [Gruuv]
2012-06-06 - Pan-Pot - Mobilee Podcast 30 (Sonar By Day 2012),https://www.mixesdb.com/w/2012-06-06_-_Pan-Pot_-_Mobilee_Podcast_30_(Sonar_By_Day_2012),,4,,NTFO,Policrom (Audiojack Remix) [Alive],NTFO - Policrom (Audiojack Remix) [Alive]
2012-06-06 - Pan-Pot - Mobilee Podcast 30 (Sonar By Day 2012),https://www.mixesdb.com/w/2012-06-06_-_Pan-Pot_-_Mobilee_Podcast_30_(Sonar_By_Day_2012),,5,,Martin Aquino,Bipolar View (Joel Alter Remix) [District Raw Unlimited],Martin Aquino - Bipolar View (Joel Alter Remix) [District Raw Unlimited]
2012-06-06 - Pan-Pot - Mobilee Podcast 30 (Sonar By Day 2012),https://www.mixesdb.com/w/2012-06-06_-_Pan-Pot_-_Mobilee_Podcast_30_(Sonar_By_Day_2012),,6,,La Fleur,Cendres [Lo:Rise],La Fleur - Cendres [Lo:Rise]
2012-06-06 - Pan-Pot - Mobilee Podcast 30 (Sonar By Day 2012),https://www.mixesdb.com/w/2012-06-06_-_Pan-Pot_-_Mobilee_Podcast_30_(Sonar_By_Day_2012),,7,,Pirupa,Party Non Stop (Vocal Version) [Desolat],Pirupa - Party Non Stop (Vocal Version) [Desolat]
2012-06-06 - Pan-Pot - Mobilee Podcast 30 (Sonar By Day 2012),https://www.mixesdb.com/w/2012-06-06_-_Pan-Pot_-_Mobilee_Podcast_30_(Sonar_By_Day_2012),,8,,Sierra Sam Feat. Paris The Black Fu [Upon You,Welcome To The Blackout],Sierra Sam Feat. Paris The Black Fu [Upon You - Welcome To The Blackout]
2012-06-06 - Pan-Pot - Mobilee Podcast 30 (Sonar By Day 2012),https://www.mixesdb.com/w/2012-06-06_-_Pan-Pot_-_Mobilee_Podcast_30_(Sonar_By_Day_2012),,9,,Pavel Petrov,Karol (Metodi Hristov Remix) [Witty Tunes],Pavel Petrov - Karol (Metodi Hristov Remix) [Witty Tunes]
2012-06-06 - Pan-Pot - Mobilee Podcast 30 (Sonar By Day 2012),https://www.mixesdb.com/w/2012-06-06_-_Pan-Pot_-_Mobilee_Podcast_30_(Sonar_By_Day_2012),,10,,Michelle Owen,Perchance To Dream [Moodmusic],Michelle Owen - Perchance To Dream [Moodmusic]
2012-06-06 - Pan-Pot - Mobilee Podcast 30 (Sonar By Day 2012),https://www.mixesdb.com/w/2012-06-06_-_Pan-Pot_-_Mobilee_Podcast_30_(Sonar_By_Day_2012),,11,,Hollen,Tisana [MKT],Hollen - Tisana [MKT]
2012-06-06 - Pan-Pot - Mobilee Podcast 30 (Sonar By Day 2012),https://www.mixesdb.com/w/2012-06-06_-_Pan-Pot_-_Mobilee_Podcast_30_(Sonar_By_Day_2012),,12,,Re.You,Junction [Mobilee],Re.You - Junction [Mobilee]
2012-06-06 - Pan-Pot - Mobilee Podcast 30 (Sonar By Day 2012),https://www.mixesdb.com/w/2012-06-06_-_Pan-Pot_-_Mobilee_Podcast_30_(Sonar_By_Day_2012),,13,,Shadow Child,String Thing [Dirtybird],Shadow Child - String Thing [Dirtybird]
2012-06-06 - Pan-Pot - Mobilee Podcast 30 (Sonar By Day 2012),https://www.mixesdb.com/w/2012-06-06_-_Pan-Pot_-_Mobilee_Podcast_30_(Sonar_By_Day_2012),,14,,Daniel Dexter,Sirens [Pokerflat],Daniel Dexter - Sirens [Pokerflat]
2012-06-06 - Pan-Pot - Mobilee Podcast 30 (Sonar By Day 2012),https://www.mixesdb.com/w/2012-06-06_-_Pan-Pot_-_Mobilee_Podcast_30_(Sonar_By_Day_2012),,15,,Robert Owens & Coldcut,Walk A Mile In My Shoes (Henrik Schwarz Remix) [Ninja Tune],Robert Owens & Coldcut - Walk A Mile In My Shoes (Henrik Schwarz Remix) [Ninja Tune]
"2012-04-21 - Pan-Pot - Swound Sound System, FM4","https://www.mixesdb.com/w/2012-04-21_-_Pan-Pot_-_Swound_Sound_System,_FM4",,1,,Shlomi Aber,Faced U [Be As One],Shlomi Aber - Faced U [Be As One]
"2012-04-21 - Pan-Pot - Swound Sound System, FM4","https://www.mixesdb.com/w/2012-04-21_-_Pan-Pot_-_Swound_Sound_System,_FM4",,2,,Kleio,Losing My Mind [Kote],Kleio - Losing My Mind [Kote]
"2012-04-21 - Pan-Pot - Swound Sound System, FM4","https://www.mixesdb.com/w/2012-04-21_-_Pan-Pot_-_Swound_Sound_System,_FM4",,3,,Maetrik,Particle House [Cocoon],Maetrik - Particle House [Cocoon]
"2012-04-21 - Pan-Pot - Swound Sound System, FM4","https://www.mixesdb.com/w/2012-04-21_-_Pan-Pot_-_Swound_Sound_System,_FM4",,4,,Audiojack Feat. Kevin Knapp,Stay Glued (FCL Weemix) [Gruuv],Audiojack Feat. Kevin Knapp - Stay Glued (FCL Weemix) [Gruuv]
"2012-04-21 - Pan-Pot - Swound Sound System, FM4","https://www.mixesdb.com/w/2012-04-21_-_Pan-Pot_-_Swound_Sound_System,_FM4",,5,,Claptone,Cream [Exploited],Claptone - Cream [Exploited]
"2012-04-21 - Pan-Pot - Swound Sound System, FM4","https://www.mixesdb.com/w/2012-04-21_-_Pan-Pot_-_Swound_Sound_System,_FM4",,6,,Pavel Petrov,Koral (Metodi Hristov Remix) [Witty Tunes],Pavel Petrov - Koral (Metodi Hristov Remix) [Witty Tunes]
"2012-04-21 - Pan-Pot - Swound Sound System, FM4","https://www.mixesdb.com/w/2012-04-21_-_Pan-Pot_-_Swound_Sound_System,_FM4",,7,,Macromism,Rave Nu World [Break New Soil],Macromism - Rave Nu World [Break New Soil]
"2012-04-21 - Pan-Pot - Swound Sound System, FM4","https://www.mixesdb.com/w/2012-04-21_-_Pan-Pot_-_Swound_Sound_System,_FM4",,8,,Extrawelt,Swallow The Leader [Cocoon],Extrawelt - Swallow The Leader [Cocoon]
"2012-04-21 - Pan-Pot - Swound Sound System, FM4","https://www.mixesdb.com/w/2012-04-21_-_Pan-Pot_-_Swound_Sound_System,_FM4",,9,,Alan Fitzpatrick,Always Something For Nothing [Drumcode],Alan Fitzpatrick - Always Something For Nothing [Drumcode]
"2012-04-21 - Pan-Pot - Swound Sound System, FM4","https://www.mixesdb.com/w/2012-04-21_-_Pan-Pot_-_Swound_Sound_System,_FM4",,10,,The Junkies,Au Jour Le Jour [Sci+tec Digital],The Junkies - Au Jour Le Jour [Sci+tec Digital]
"2012-04-21 - Pan-Pot - Swound Sound System, FM4","https://www.mixesdb.com/w/2012-04-21_-_Pan-Pot_-_Swound_Sound_System,_FM4",,11,,Dopplereffekt,Pornoactress [Dataphysik],Dopplereffekt - Pornoactress [Dataphysik]
2015-12-03 - Pan-Pot (Live PA) - The Other LP Continuous Mix,https://www.mixesdb.com/w/2015-12-03_-_Pan-Pot_(Live_PA)_-_The_Other_LP_Continuous_Mix,,1,,Pan-Pot,Intro,Pan-Pot - Intro
2015-12-03 - Pan-Pot (Live PA) - The Other LP Continuous Mix,https://www.mixesdb.com/w/2015-12-03_-_Pan-Pot_(Live_PA)_-_The_Other_LP_Continuous_Mix,,2,,Pan-Pot,Punxsutawney (Alan Fitzpatrick Remix),Pan-Pot - Punxsutawney (Alan Fitzpatrick Remix)
2015-12-03 - Pan-Pot (Live PA) - The Other LP Continuous Mix,https://www.mixesdb.com/w/2015-12-03_-_Pan-Pot_(Live_PA)_-_The_Other_LP_Continuous_Mix,,3,,Pan-Pot,Optimistic Grey,Pan-Pot - Optimistic Grey
2015-12-03 - Pan-Pot (Live PA) - The Other LP Continuous Mix,https://www.mixesdb.com/w/2015-12-03_-_Pan-Pot_(Live_PA)_-_The_Other_LP_Continuous_Mix,,4,,Pan-Pot,Get In (Kevin Knapp's ME First Remix),Pan-Pot - Get In (Kevin Knapp's ME First Remix)
2015-12-03 - Pan-Pot (Live PA) - The Other LP Continuous Mix,https://www.mixesdb.com/w/2015-12-03_-_Pan-Pot_(Live_PA)_-_The_Other_LP_Continuous_Mix,,5,,Pan-Pot,Operator,Pan-Pot - Operator
2015-12-03 - Pan-Pot (Live PA) - The Other LP Continuous Mix,https://www.mixesdb.com/w/2015-12-03_-_Pan-Pot_(Live_PA)_-_The_Other_LP_Continuous_Mix,,6,,Pan-Pot,Pina,Pan-Pot - Pina
2015-12-03 - Pan-Pot (Live PA) - The Other LP Continuous Mix,https://www.mixesdb.com/w/2015-12-03_-_Pan-Pot_(Live_PA)_-_The_Other_LP_Continuous_Mix,,7,,Pan-Pot,Broken Engine (Wigbert Deeper Remix),Pan-Pot - Broken Engine (Wigbert Deeper Remix)
2015-12-03 - Pan-Pot (Live PA) - The Other LP Continuous Mix,https://www.mixesdb.com/w/2015-12-03_-_Pan-Pot_(Live_PA)_-_The_Other_LP_Continuous_Mix,,8,,Pan-Pot,Riot (Carl Cox Remix),Pan-Pot - Riot (Carl Cox Remix)
2015-12-03 - Pan-Pot (Live PA) - The Other LP Continuous Mix,https://www.mixesdb.com/w/2015-12-03_-_Pan-Pot_(Live_PA)_-_The_Other_LP_Continuous_Mix,,9,,Pan-Pot,Fist Bump From Destiny,Pan-Pot - Fist Bump From Destiny
2015-12-03 - Pan-Pot (Live PA) - The Other LP Continuous Mix,https://www.mixesdb.com/w/2015-12-03_-_Pan-Pot_(Live_PA)_-_The_Other_LP_Continuous_Mix,,10,,Pan-Pot,Twelve,Pan-Pot - Twelve
2015-12-03 - Pan-Pot (Live PA) - The Other LP Continuous Mix,https://www.mixesdb.com/w/2015-12-03_-_Pan-Pot_(Live_PA)_-_The_Other_LP_Continuous_Mix,,11,,Pan-Pot,808 Nirvana,Pan-Pot - 808 Nirvana
2015-12-03 - Pan-Pot (Live PA) - The Other LP Continuous Mix,https://www.mixesdb.com/w/2015-12-03_-_Pan-Pot_(Live_PA)_-_The_Other_LP_Continuous_Mix,,12,,Pan-Pot & ABBY,Fugitives,Pan-Pot & ABBY - Fugitives
2015-12-03 - Pan-Pot (Live PA) - The Other LP Continuous Mix,https://www.mixesdb.com/w/2015-12-03_-_Pan-Pot_(Live_PA)_-_The_Other_LP_Continuous_Mix,,13,,Pan-Pot,Sleepless (Stephan Bodzin Remix)),Pan-Pot - Sleepless (Stephan Bodzin Remix))
"2012-03-25 - Stephan Hinz, Pan-Pot - Plattenleger","https://www.mixesdb.com/w/2012-03-25_-_Stephan_Hinz,_Pan-Pot_-_Plattenleger",00.00-01.00 - Stephan Hinz,1,,Guy Gerber,The Mirror Game [Vision Quest],Guy Gerber - The Mirror Game [Vision Quest]
"2012-03-25 - Stephan Hinz, Pan-Pot - Plattenleger","https://www.mixesdb.com/w/2012-03-25_-_Stephan_Hinz,_Pan-Pot_-_Plattenleger",00.00-01.00 - Stephan Hinz,2,,Acid Pauli,Japan [Crosstown Rebels],Acid Pauli - Japan [Crosstown Rebels]
"2012-03-25 - Stephan Hinz, Pan-Pot - Plattenleger","https://www.mixesdb.com/w/2012-03-25_-_Stephan_Hinz,_Pan-Pot_-_Plattenleger",00.00-01.00 - Stephan Hinz,3,,Stare5 (Bryan Zentz),The Sprawl (Noah Pred Remix) [Thoughtless],Stare5 (Bryan Zentz) - The Sprawl (Noah Pred Remix) [Thoughtless]
"2012-03-25 - Stephan Hinz, Pan-Pot - Plattenleger","https://www.mixesdb.com/w/2012-03-25_-_Stephan_Hinz,_Pan-Pot_-_Plattenleger",00.00-01.00 - Stephan Hinz,4,,Tevo Howard,Monument [Buzzin' Fly],Tevo Howard - Monument [Buzzin' Fly]
"2012-03-25 - Stephan Hinz, Pan-Pot - Plattenleger","https://www.mixesdb.com/w/2012-03-25_-_Stephan_Hinz,_Pan-Pot_-_Plattenleger",00.00-01.00 - Stephan Hinz,5,,Douglas Greed Feat. Delhia De France,Shiver (Juno6 Remix) [Freude Am Tanzen],Douglas Greed Feat. Delhia De France - Shiver (Juno6 Remix) [Freude Am Tanzen]
"2012-03-25 - Stephan Hinz, Pan-Pot - Plattenleger","https://www.mixesdb.com/w/2012-03-25_-_Stephan_Hinz,_Pan-Pot_-_Plattenleger",00.00-01.00 - Stephan Hinz,6,,Marco Resmann & Kiki,Beggin' For The Heat (Ruede Hagelstein's Begginers Remix) [Watergate],Marco Resmann & Kiki - Beggin' For The Heat (Ruede Hagelstein's Begginers Remix) [Watergate]
"2012-03-25 - Stephan Hinz, Pan-Pot - Plattenleger","https://www.mixesdb.com/w/2012-03-25_-_Stephan_Hinz,_Pan-Pot_-_Plattenleger",00.00-01.00 - Stephan Hinz,7,,Tiger Stripes,Beatbox [Get Physical],Tiger Stripes - Beatbox [Get Physical]
"2012-03-25 - Stephan Hinz, Pan-Pot - Plattenleger","https://www.mixesdb.com/w/2012-03-25_-_Stephan_Hinz,_Pan-Pot_-_Plattenleger",00.00-01.00 - Stephan Hinz,8,,Max Cooper,Autumn Haze (Ripperton's Frostbite Remix) [Traum],Max Cooper - Autumn Haze (Ripperton's Frostbite Remix) [Traum]
"2012-03-25 - Stephan Hinz, Pan-Pot - Plattenleger","https://www.mixesdb.com/w/2012-03-25_-_Stephan_Hinz,_Pan-Pot_-_Plattenleger",00.00-01.00 - Stephan Hinz,9,,Pepe Acebal,We Will Stay Together [Kindisch],Pepe Acebal - We Will Stay Together [Kindisch]
"2012-03-25 - Stephan Hinz, Pan-Pot - Plattenleger","https://www.mixesdb.com/w/2012-03-25_-_Stephan_Hinz,_Pan-Pot_-_Plattenleger",01.00-02.00 - Pan-Pot,1,,Steve Bug,A Night Like This (Richie Hawtin Remix),Steve Bug - A Night Like This (Richie Hawtin Remix)
"2012-03-25 - Stephan Hinz, Pan-Pot - Plattenleger","https://www.mixesdb.com/w/2012-03-25_-_Stephan_Hinz,_Pan-Pot_-_Plattenleger",01.00-02.00 - Pan-Pot,2,,Ron Costa,La Cage Invisible (Carlo Lio & The Junkies Remix),Ron Costa - La Cage Invisible (Carlo Lio & The Junkies Remix)
"2012-03-25 - Stephan Hinz, Pan-Pot - Plattenleger","https://www.mixesdb.com/w/2012-03-25_-_Stephan_Hinz,_Pan-Pot_-_Plattenleger",01.00-02.00 - Pan-Pot,3,,The Junkies,Werq This,The Junkies - Werq This
"2012-03-25 - Stephan Hinz, Pan-Pot - Plattenleger","https://www.mixesdb.com/w/2012-03-25_-_Stephan_Hinz,_Pan-Pot_-_Plattenleger",01.00-02.00 - Pan-Pot,4,,Pan-Pot Feat. G-Tech,Gravity,Pan-Pot Feat. G-Tech - Gravity
"2012-03-25 - Stephan Hinz, Pan-Pot - Plattenleger","https://www.mixesdb.com/w/2012-03-25_-_Stephan_Hinz,_Pan-Pot_-_Plattenleger",01.00-02.00 - Pan-Pot,5,,Cirez D,Stockholm Marathon,Cirez D - Stockholm Marathon
"2012-03-25 - Stephan Hinz, Pan-Pot - Plattenleger","https://www.mixesdb.com/w/2012-03-25_-_Stephan_Hinz,_Pan-Pot_-_Plattenleger",01.00-02.00 - Pan-Pot,6,,Justin Berkovi,The Bell Tolls,Justin Berkovi - The Bell Tolls
"2012-03-25 - Stephan Hinz, Pan-Pot - Plattenleger","https://www.mixesdb.com/w/2012-03-25_-_Stephan_Hinz,_Pan-Pot_-_Plattenleger",01.00-02.00 - Pan-Pot,7,,"Christian Cambas, Spektre",Rebel Without A Cause (Uto Karem Remix),"Christian Cambas, Spektre - Rebel Without A Cause (Uto Karem Remix)"
"2012-03-25 - Stephan Hinz, Pan-Pot - Plattenleger","https://www.mixesdb.com/w/2012-03-25_-_Stephan_Hinz,_Pan-Pot_-_Plattenleger",01.00-02.00 - Pan-Pot,8,,Niederflur,Element 8,Niederflur - Element 8
"2012-03-25 - Stephan Hinz, Pan-Pot - Plattenleger","https://www.mixesdb.com/w/2012-03-25_-_Stephan_Hinz,_Pan-Pot_-_Plattenleger",01.00-02.00 - Pan-Pot,9,,Whyt Noyz,Volcano,Whyt Noyz - Volcano
"2012-03-25 - Stephan Hinz, Pan-Pot - Plattenleger","https://www.mixesdb.com/w/2012-03-25_-_Stephan_Hinz,_Pan-Pot_-_Plattenleger",01.00-02.00 - Pan-Pot,10,,Pele,Nothing Else,Pele - Nothing Else
"2012-03-25 - Stephan Hinz, Pan-Pot - Plattenleger","https://www.mixesdb.com/w/2012-03-25_-_Stephan_Hinz,_Pan-Pot_-_Plattenleger",01.00-02.00 - Pan-Pot,11,,Sian & Mladen Tomic,Front Pocket (Nicole Moudaber Remix),Sian & Mladen Tomic - Front Pocket (Nicole Moudaber Remix)
"2012-03-25 - Stephan Hinz, Pan-Pot - Plattenleger","https://www.mixesdb.com/w/2012-03-25_-_Stephan_Hinz,_Pan-Pot_-_Plattenleger",01.00-02.00 - Pan-Pot,12,,Djedjotronic,Walk With Me,Djedjotronic - Walk With Me
2010-02-08 - Pan-Pot - Clubberia Podcast (CB012),https://www.mixesdb.com/w/2010-02-08_-_Pan-Pot_-_Clubberia_Podcast_(CB012),,1,,Steve Bug,Like It Should Be Feat. Gigi (Ribn Remix) [Pokerflat],Steve Bug - Like It Should Be Feat. Gigi (Ribn Remix) [Pokerflat]
2010-02-08 - Pan-Pot - Clubberia Podcast (CB012),https://www.mixesdb.com/w/2010-02-08_-_Pan-Pot_-_Clubberia_Podcast_(CB012),,2,,"Deepbass, Roman Toletski",Oddity (Mark Broom Remix) [Dark Beat],"Deepbass, Roman Toletski - Oddity (Mark Broom Remix) [Dark Beat]"
2010-02-08 - Pan-Pot - Clubberia Podcast (CB012),https://www.mixesdb.com/w/2010-02-08_-_Pan-Pot_-_Clubberia_Podcast_(CB012),,3,,Josh Wink,Everybody To The Sun (Slam Remix) [Ovum],Josh Wink - Everybody To The Sun (Slam Remix) [Ovum]
2010-02-08 - Pan-Pot - Clubberia Podcast (CB012),https://www.mixesdb.com/w/2010-02-08_-_Pan-Pot_-_Clubberia_Podcast_(CB012),,4,,David De Valera,Say [Club66],David De Valera - Say [Club66]
2010-02-08 - Pan-Pot - Clubberia Podcast (CB012),https://www.mixesdb.com/w/2010-02-08_-_Pan-Pot_-_Clubberia_Podcast_(CB012),,5,,Gary Beck,Standing On My Foot [Sleaze],Gary Beck - Standing On My Foot [Sleaze]
2010-02-08 - Pan-Pot - Clubberia Podcast (CB012),https://www.mixesdb.com/w/2010-02-08_-_Pan-Pot_-_Clubberia_Podcast_(CB012),,6,,Flow Perfect Stranger,Prata Da Casa (Spektre Remix),Flow Perfect Stranger - Prata Da Casa (Spektre Remix)
2010-02-08 - Pan-Pot - Clubberia Podcast (CB012),https://www.mixesdb.com/w/2010-02-08_-_Pan-Pot_-_Clubberia_Podcast_(CB012),,7,,Marshall,Dr Flute (Mark Broom Remix) [Material],Marshall - Dr Flute (Mark Broom Remix) [Material]
2010-02-08 - Pan-Pot - Clubberia Podcast (CB012),https://www.mixesdb.com/w/2010-02-08_-_Pan-Pot_-_Clubberia_Podcast_(CB012),,8,,Speedy J,Minimal (John Acquaviva & Oliver Giacomotto Remix) [Plus8],Speedy J - Minimal (John Acquaviva & Oliver Giacomotto Remix) [Plus8]
2010-02-08 - Pan-Pot - Clubberia Podcast (CB012),https://www.mixesdb.com/w/2010-02-08_-_Pan-Pot_-_Clubberia_Podcast_(CB012),,9,,Peter Horrevorts,Bloody Hands (Marc Marzenit Remix),Peter Horrevorts - Bloody Hands (Marc Marzenit Remix)
2010-02-08 - Pan-Pot - Clubberia Podcast (CB012),https://www.mixesdb.com/w/2010-02-08_-_Pan-Pot_-_Clubberia_Podcast_(CB012),,10,,Pascal Mollin,The Elephant (Pan-Pot Remix) [Touched Rec],Pascal Mollin - The Elephant (Pan-Pot Remix) [Touched Rec]
2010-02-08 - Pan-Pot - Clubberia Podcast (CB012),https://www.mixesdb.com/w/2010-02-08_-_Pan-Pot_-_Clubberia_Podcast_(CB012),,11,,Adultnapper,Almost Nothing (Patrick Chardronnet Remix) [Audiomatique],Adultnapper - Almost Nothing (Patrick Chardronnet Remix) [Audiomatique]
2014-03-06 - Pan-Pot - In Session,https://www.mixesdb.com/w/2014-03-06_-_Pan-Pot_-_In_Session,,1,,Heiko Laux & Alexander Lukat,Lucho Pt.1 [Ovum],Heiko Laux & Alexander Lukat - Lucho Pt.1 [Ovum]
2014-03-06 - Pan-Pot - In Session,https://www.mixesdb.com/w/2014-03-06_-_Pan-Pot_-_In_Session,,2,,Chad Andrew,One Reason (Sebastian Paiza Remix) [Earlydub],Chad Andrew - One Reason (Sebastian Paiza Remix) [Earlydub]
2014-03-06 - Pan-Pot - In Session,https://www.mixesdb.com/w/2014-03-06_-_Pan-Pot_-_In_Session,,3,,Alexi Delano,My Busted SH-101 [Spectral Sound],Alexi Delano - My Busted SH-101 [Spectral Sound]
2014-03-06 - Pan-Pot - In Session,https://www.mixesdb.com/w/2014-03-06_-_Pan-Pot_-_In_Session,,4,,Nikola Gala,Get Your Soul Back [Metropolitan],Nikola Gala - Get Your Soul Back [Metropolitan]
2014-03-06 - Pan-Pot - In Session,https://www.mixesdb.com/w/2014-03-06_-_Pan-Pot_-_In_Session,,5,,Carlo Lio,Love Nation [Intec],Carlo Lio - Love Nation [Intec]
2014-03-06 - Pan-Pot - In Session,https://www.mixesdb.com/w/2014-03-06_-_Pan-Pot_-_In_Session,,6,,Harvey McKay,Silk Road [Drumcode],Harvey McKay - Silk Road [Drumcode]
2014-03-06 - Pan-Pot - In Session,https://www.mixesdb.com/w/2014-03-06_-_Pan-Pot_-_In_Session,,7,,Pig&Dan,Eagles From Space (Alt Mix) [Bulletdodge],Pig&Dan - Eagles From Space (Alt Mix) [Bulletdodge]
2014-03-06 - Pan-Pot - In Session,https://www.mixesdb.com/w/2014-03-06_-_Pan-Pot_-_In_Session,,8,,Luigi Madonna,I Believe [Drumcode],Luigi Madonna - I Believe [Drumcode]
2014-03-06 - Pan-Pot - In Session,https://www.mixesdb.com/w/2014-03-06_-_Pan-Pot_-_In_Session,,9,,Audion & Tiga,Let's Go Dancing (Adam Beyer Remix) [Turbo],Audion & Tiga - Let's Go Dancing (Adam Beyer Remix) [Turbo]
2014-03-06 - Pan-Pot - In Session,https://www.mixesdb.com/w/2014-03-06_-_Pan-Pot_-_In_Session,,10,,Marcel Fengler,Jaz (The Traveller Remix) [Ostgut],Marcel Fengler - Jaz (The Traveller Remix) [Ostgut]
2014-03-06 - Pan-Pot - In Session,https://www.mixesdb.com/w/2014-03-06_-_Pan-Pot_-_In_Session,,11,,Ellen Allien & Thomas Muller,Free Nation (Ellen Allien Edit) [Bpitch],Ellen Allien & Thomas Muller - Free Nation (Ellen Allien Edit) [Bpitch]
2011-06-10 - Pan-Pot - Sonar Daylight / Nightlife (Promo Mix),https://www.mixesdb.com/w/2011-06-10_-_Pan-Pot_-_Sonar_Daylight_/_Nightlife_(Promo_Mix),Daylight,1,00,The Gathering,In My System (The Revenge Remix) [Silver],The Gathering - In My System (The Revenge Remix) [Silver]
2011-06-10 - Pan-Pot - Sonar Daylight / Nightlife (Promo Mix),https://www.mixesdb.com/w/2011-06-10_-_Pan-Pot_-_Sonar_Daylight_/_Nightlife_(Promo_Mix),Daylight,2,07,Enzo Siragusa,Sagamore [Fuse London],Enzo Siragusa - Sagamore [Fuse London]
2011-06-10 - Pan-Pot - Sonar Daylight / Nightlife (Promo Mix),https://www.mixesdb.com/w/2011-06-10_-_Pan-Pot_-_Sonar_Daylight_/_Nightlife_(Promo_Mix),Daylight,3,11,Capucino,One Times One (Soul Minority Remix) [Rhymast],Capucino - One Times One (Soul Minority Remix) [Rhymast]
2011-06-10 - Pan-Pot - Sonar Daylight / Nightlife (Promo Mix),https://www.mixesdb.com/w/2011-06-10_-_Pan-Pot_-_Sonar_Daylight_/_Nightlife_(Promo_Mix),Daylight,4,21,Subban Feat. Beckford,The Lovers Night [Spectral Sounds],Subban Feat. Beckford - The Lovers Night [Spectral Sounds]
2011-06-10 - Pan-Pot - Sonar Daylight / Nightlife (Promo Mix),https://www.mixesdb.com/w/2011-06-10_-_Pan-Pot_-_Sonar_Daylight_/_Nightlife_(Promo_Mix),Daylight,5,27,Cavalier,Kaimanawa [Drumpoet Company],Cavalier - Kaimanawa [Drumpoet Company]
2011-06-10 - Pan-Pot - Sonar Daylight / Nightlife (Promo Mix),https://www.mixesdb.com/w/2011-06-10_-_Pan-Pot_-_Sonar_Daylight_/_Nightlife_(Promo_Mix),Daylight,6,31,Maya Jane Coles,Little One [20:20 Vision],Maya Jane Coles - Little One [20:20 Vision]
2011-06-10 - Pan-Pot - Sonar Daylight / Nightlife (Promo Mix),https://www.mixesdb.com/w/2011-06-10_-_Pan-Pot_-_Sonar_Daylight_/_Nightlife_(Promo_Mix),Daylight,7,36,Sebo K,Mr.duke [Mobilee],Sebo K - Mr.duke [Mobilee]
2011-06-10 - Pan-Pot - Sonar Daylight / Nightlife (Promo Mix),https://www.mixesdb.com/w/2011-06-10_-_Pan-Pot_-_Sonar_Daylight_/_Nightlife_(Promo_Mix),Daylight,8,41,Julio Bashmore,Battle For Middle You [Pmr],Julio Bashmore - Battle For Middle You [Pmr]
2011-06-10 - Pan-Pot - Sonar Daylight / Nightlife (Promo Mix),https://www.mixesdb.com/w/2011-06-10_-_Pan-Pot_-_Sonar_Daylight_/_Nightlife_(Promo_Mix),Daylight,9,47,Enzo Siragusa & Chris Lattner,Jazz Fusic [Baalsaal],Enzo Siragusa & Chris Lattner - Jazz Fusic [Baalsaal]
2011-06-10 - Pan-Pot - Sonar Daylight / Nightlife (Promo Mix),https://www.mixesdb.com/w/2011-06-10_-_Pan-Pot_-_Sonar_Daylight_/_Nightlife_(Promo_Mix),Daylight,10,53,Stefano Esposito,Acid Groove [Four Fingers House],Stefano Esposito - Acid Groove [Four Fingers House]
2011-06-10 - Pan-Pot - Sonar Daylight / Nightlife (Promo Mix),https://www.mixesdb.com/w/2011-06-10_-_Pan-Pot_-_Sonar_Daylight_/_Nightlife_(Promo_Mix),Daylight,11,53,Olene Kadar Feat. Dlow,Little Miss Dynamite (Anton Pieete Remix) [Clap Your Hands],Olene Kadar Feat. Dlow - Little Miss Dynamite (Anton Pieete Remix) [Clap Your Hands]
2011-06-10 - Pan-Pot - Sonar Daylight / Nightlife (Promo Mix),https://www.mixesdb.com/w/2011-06-10_-_Pan-Pot_-_Sonar_Daylight_/_Nightlife_(Promo_Mix),Daylight,12,59,There's A Truth Feat. Stee Downes,Motor City Drum Ensemble [Faces],There's A Truth Feat. Stee Downes - Motor City Drum Ensemble [Faces]
2011-06-10 - Pan-Pot - Sonar Daylight / Nightlife (Promo Mix),https://www.mixesdb.com/w/2011-06-10_-_Pan-Pot_-_Sonar_Daylight_/_Nightlife_(Promo_Mix),Daylight,13,65,The Martinez Brothers,Issshhh (Main Mix) [Objectivity],The Martinez Brothers - Issshhh (Main Mix) [Objectivity]
2011-06-10 - Pan-Pot - Sonar Daylight / Nightlife (Promo Mix),https://www.mixesdb.com/w/2011-06-10_-_Pan-Pot_-_Sonar_Daylight_/_Nightlife_(Promo_Mix),Daylight,14,70,Catz 'N Dogz Feat. Paul Randolph,I'm Free (Carl Craig Remix) [Mothership],Catz 'N Dogz Feat. Paul Randolph - I'm Free (Carl Craig Remix) [Mothership]
2011-06-10 - Pan-Pot - Sonar Daylight / Nightlife (Promo Mix),https://www.mixesdb.com/w/2011-06-10_-_Pan-Pot_-_Sonar_Daylight_/_Nightlife_(Promo_Mix),Daylight,15,74,,?,?
2011-06-10 - Pan-Pot - Sonar Daylight / Nightlife (Promo Mix),https://www.mixesdb.com/w/2011-06-10_-_Pan-Pot_-_Sonar_Daylight_/_Nightlife_(Promo_Mix),Nightlife,1,00,And.id,Dirty Thirty,And.id - Dirty Thirty
2011-06-10 - Pan-Pot - Sonar Daylight / Nightlife (Promo Mix),https://www.mixesdb.com/w/2011-06-10_-_Pan-Pot_-_Sonar_Daylight_/_Nightlife_(Promo_Mix),Nightlife,2,05,Tom Flynn,Budgie Smuggler,Tom Flynn - Budgie Smuggler
2011-06-10 - Pan-Pot - Sonar Daylight / Nightlife (Promo Mix),https://www.mixesdb.com/w/2011-06-10_-_Pan-Pot_-_Sonar_Daylight_/_Nightlife_(Promo_Mix),Nightlife,3,11,Uto Karem & Sébastien Léger,Danceflood [Mistakes],Uto Karem & Sébastien Léger - Danceflood [Mistakes]
2011-06-10 - Pan-Pot - Sonar Daylight / Nightlife (Promo Mix),https://www.mixesdb.com/w/2011-06-10_-_Pan-Pot_-_Sonar_Daylight_/_Nightlife_(Promo_Mix),Nightlife,4,16,Pleasurekraft,Corpse Reviver Number 2 (Reset Robot Remix),Pleasurekraft - Corpse Reviver Number 2 (Reset Robot Remix)
2011-06-10 - Pan-Pot - Sonar Daylight / Nightlife (Promo Mix),https://www.mixesdb.com/w/2011-06-10_-_Pan-Pot_-_Sonar_Daylight_/_Nightlife_(Promo_Mix),Nightlife,5,22,Robotman,Do Da Doo (Christian Smith Tech House Remix),Robotman - Do Da Doo (Christian Smith Tech House Remix)
2011-06-10 - Pan-Pot - Sonar Daylight / Nightlife (Promo Mix),https://www.mixesdb.com/w/2011-06-10_-_Pan-Pot_-_Sonar_Daylight_/_Nightlife_(Promo_Mix),Nightlife,6,27,,?,?
2011-06-10 - Pan-Pot - Sonar Daylight / Nightlife (Promo Mix),https://www.mixesdb.com/w/2011-06-10_-_Pan-Pot_-_Sonar_Daylight_/_Nightlife_(Promo_Mix),Nightlife,7,??,+ Efdemin,There Will Be Singing (Acappella),+ Efdemin - There Will Be Singing (Acappella)
2011-06-10 - Pan-Pot - Sonar Daylight / Nightlife (Promo Mix),https://www.mixesdb.com/w/2011-06-10_-_Pan-Pot_-_Sonar_Daylight_/_Nightlife_(Promo_Mix),Nightlife,8,31,Guy Gerber,Timing (Kollektiv Turmstrasse Remix),Guy Gerber - Timing (Kollektiv Turmstrasse Remix)
2011-06-10 - Pan-Pot - Sonar Daylight / Nightlife (Promo Mix),https://www.mixesdb.com/w/2011-06-10_-_Pan-Pot_-_Sonar_Daylight_/_Nightlife_(Promo_Mix),Nightlife,9,39,Sebrok & Tassilo,Fokker,Sebrok & Tassilo - Fokker
2011-06-10 - Pan-Pot - Sonar Daylight / Nightlife (Promo Mix),https://www.mixesdb.com/w/2011-06-10_-_Pan-Pot_-_Sonar_Daylight_/_Nightlife_(Promo_Mix),Nightlife,10,45,Sinisa Tamamovic,Freak,Sinisa Tamamovic - Freak
2011-06-10 - Pan-Pot - Sonar Daylight / Nightlife (Promo Mix),https://www.mixesdb.com/w/2011-06-10_-_Pan-Pot_-_Sonar_Daylight_/_Nightlife_(Promo_Mix),Nightlife,11,49,Adam Beyer & Alan Fitzpatrick,Tor,Adam Beyer & Alan Fitzpatrick - Tor
2011-06-10 - Pan-Pot - Sonar Daylight / Nightlife (Promo Mix),https://www.mixesdb.com/w/2011-06-10_-_Pan-Pot_-_Sonar_Daylight_/_Nightlife_(Promo_Mix),Nightlife,12,56,,?,?
2011-06-10 - Pan-Pot - Sonar Daylight / Nightlife (Promo Mix),https://www.mixesdb.com/w/2011-06-10_-_Pan-Pot_-_Sonar_Daylight_/_Nightlife_(Promo_Mix),Nightlife,13,61,,?,?
2011-06-10 - Pan-Pot - Sonar Daylight / Nightlife (Promo Mix),https://www.mixesdb.com/w/2011-06-10_-_Pan-Pot_-_Sonar_Daylight_/_Nightlife_(Promo_Mix),Nightlife,14,67,Monika Kruse,Wavedancer (Do You Have Balls Edit),Monika Kruse - Wavedancer (Do You Have Balls Edit)
2011-06-10 - Pan-Pot - Sonar Daylight / Nightlife (Promo Mix),https://www.mixesdb.com/w/2011-06-10_-_Pan-Pot_-_Sonar_Daylight_/_Nightlife_(Promo_Mix),Nightlife,15,71,Marco Bailey,Purple Haze (Joseph Capriati Remix),Marco Bailey - Purple Haze (Joseph Capriati Remix)
2011-06-10 - Pan-Pot - Sonar Daylight / Nightlife (Promo Mix),https://www.mixesdb.com/w/2011-06-10_-_Pan-Pot_-_Sonar_Daylight_/_Nightlife_(Promo_Mix),Nightlife,16,78,Adam Beyer & Alan Fitzpatrick,Human Reason,Adam Beyer & Alan Fitzpatrick - Human Reason
2011-06-10 - Pan-Pot - Sonar Daylight / Nightlife (Promo Mix),https://www.mixesdb.com/w/2011-06-10_-_Pan-Pot_-_Sonar_Daylight_/_Nightlife_(Promo_Mix),Nightlife,17,86,Fergie,Rocketman (Uto Karem Remix),Fergie - Rocketman (Uto Karem Remix)
2011-06-10 - Pan-Pot - Sonar Daylight / Nightlife (Promo Mix),https://www.mixesdb.com/w/2011-06-10_-_Pan-Pot_-_Sonar_Daylight_/_Nightlife_(Promo_Mix),Nightlife,18,92,Slam Feat. Tyrone,Lifetimes,Slam Feat. Tyrone - Lifetimes
"2021-10-01 - Pan-Pot @ Compound, Los Angeles","https://www.mixesdb.com/w/2021-10-01_-_Pan-Pot_@_Compound,_Los_Angeles",Version 2,1,000,Stockholm Syndrome,You Like It [Uncage],Stockholm Syndrome - You Like It [Uncage]
"2021-10-01 - Pan-Pot @ Compound, Los Angeles","https://www.mixesdb.com/w/2021-10-01_-_Pan-Pot_@_Compound,_Los_Angeles",Version 2,2,003,A.Paul & DJ Dextro,From Beyond [Naked Lunch],A.Paul & DJ Dextro - From Beyond [Naked Lunch]
"2021-10-01 - Pan-Pot @ Compound, Los Angeles","https://www.mixesdb.com/w/2021-10-01_-_Pan-Pot_@_Compound,_Los_Angeles",Version 2,3,007,B. Riley,King Snake (Ray Kajioka Remix),B. Riley - King Snake (Ray Kajioka Remix)
"2021-10-01 - Pan-Pot @ Compound, Los Angeles","https://www.mixesdb.com/w/2021-10-01_-_Pan-Pot_@_Compound,_Los_Angeles",Version 2,4,011,,?,?
"2021-10-01 - Pan-Pot @ Compound, Los Angeles","https://www.mixesdb.com/w/2021-10-01_-_Pan-Pot_@_Compound,_Los_Angeles",Version 2,5,015,Resonances,Chorded,Resonances - Chorded
"2021-10-01 - Pan-Pot @ Compound, Los Angeles","https://www.mixesdb.com/w/2021-10-01_-_Pan-Pot_@_Compound,_Los_Angeles",Version 2,6,020,Fadi Mohem & Rødhåd,210407.2 [Wsnwg],Fadi Mohem & Rødhåd - 210407.2 [Wsnwg]
"2021-10-01 - Pan-Pot @ Compound, Los Angeles","https://www.mixesdb.com/w/2021-10-01_-_Pan-Pot_@_Compound,_Los_Angeles",Version 2,7,025,Pan-Pot & Konrad Kanton,Onno [Second State],Pan-Pot & Konrad Kanton - Onno [Second State]
"2021-10-01 - Pan-Pot @ Compound, Los Angeles","https://www.mixesdb.com/w/2021-10-01_-_Pan-Pot_@_Compound,_Los_Angeles",Version 2,8,030,,?,?
"2021-10-01 - Pan-Pot @ Compound, Los Angeles","https://www.mixesdb.com/w/2021-10-01_-_Pan-Pot_@_Compound,_Los_Angeles",Version 2,9,034,Sejon,Gear,Sejon - Gear
"2021-10-01 - Pan-Pot @ Compound, Los Angeles","https://www.mixesdb.com/w/2021-10-01_-_Pan-Pot_@_Compound,_Los_Angeles",Version 2,10,039,Bleak,Haiko [Uncage],Bleak - Haiko [Uncage]
"2021-10-01 - Pan-Pot @ Compound, Los Angeles","https://www.mixesdb.com/w/2021-10-01_-_Pan-Pot_@_Compound,_Los_Angeles",Version 2,11,044,Parano,"Step Inside, Love [Codec]","Parano - Step Inside, Love [Codec]"
"2021-10-01 - Pan-Pot @ Compound, Los Angeles","https://www.mixesdb.com/w/2021-10-01_-_Pan-Pot_@_Compound,_Los_Angeles",Version 2,12,048,Truncate,First Phase [Truncate],Truncate - First Phase [Truncate]
"2021-10-01 - Pan-Pot @ Compound, Los Angeles","https://www.mixesdb.com/w/2021-10-01_-_Pan-Pot_@_Compound,_Los_Angeles",Version 2,13,051,Flug & Sebastian Lopez,The Piano [Uncage],Flug & Sebastian Lopez - The Piano [Uncage]
"2021-10-01 - Pan-Pot @ Compound, Los Angeles","https://www.mixesdb.com/w/2021-10-01_-_Pan-Pot_@_Compound,_Los_Angeles",Version 2,14,055,,?,?
"2021-10-01 - Pan-Pot @ Compound, Los Angeles","https://www.mixesdb.com/w/2021-10-01_-_Pan-Pot_@_Compound,_Los_Angeles",Version 2,15,059,,?,?
"2021-10-01 - Pan-Pot @ Compound, Los Angeles","https://www.mixesdb.com/w/2021-10-01_-_Pan-Pot_@_Compound,_Los_Angeles",Version 2,16,064,Backbone,Stubborn,Backbone - Stubborn
"2021-10-01 - Pan-Pot @ Compound, Los Angeles","https://www.mixesdb.com/w/2021-10-01_-_Pan-Pot_@_Compound,_Los_Angeles",Version 2,17,069,Dast,Apogeo [Unrilis],Dast - Apogeo [Unrilis]
"2021-10-01 - Pan-Pot @ Compound, Los Angeles","https://www.mixesdb.com/w/2021-10-01_-_Pan-Pot_@_Compound,_Los_Angeles",Version 2,18,073,Fadi Mohem & Rødhåd,210409.1 [Wsnwg],Fadi Mohem & Rødhåd - 210409.1 [Wsnwg]
"2021-10-01 - Pan-Pot @ Compound, Los Angeles","https://www.mixesdb.com/w/2021-10-01_-_Pan-Pot_@_Compound,_Los_Angeles",Version 2,19,079,Flug,Victims Of Hate,Flug - Victims Of Hate
"2021-10-01 - Pan-Pot @ Compound, Los Angeles","https://www.mixesdb.com/w/2021-10-01_-_Pan-Pot_@_Compound,_Los_Angeles",Version 2,20,083,DJ Dextro,Sonic Stimulation [Korpus 9],DJ Dextro - Sonic Stimulation [Korpus 9]
"2021-10-01 - Pan-Pot @ Compound, Los Angeles","https://www.mixesdb.com/w/2021-10-01_-_Pan-Pot_@_Compound,_Los_Angeles",Version 2,21,087,Ilario Alicante,Rave Soul [Drumcode],Ilario Alicante - Rave Soul [Drumcode]
"2021-10-01 - Pan-Pot @ Compound, Los Angeles","https://www.mixesdb.com/w/2021-10-01_-_Pan-Pot_@_Compound,_Los_Angeles",Version 2,22,091,,?,?
"2021-10-01 - Pan-Pot @ Compound, Los Angeles","https://www.mixesdb.com/w/2021-10-01_-_Pan-Pot_@_Compound,_Los_Angeles",Version 2,23,097,,?,?
"2021-10-01 - Pan-Pot @ Compound, Los Angeles","https://www.mixesdb.com/w/2021-10-01_-_Pan-Pot_@_Compound,_Los_Angeles",Version 2,24,100,Rene Wise,Sling Jockey [Mote-Evolver],Rene Wise - Sling Jockey [Mote-Evolver]
"2021-10-01 - Pan-Pot @ Compound, Los Angeles","https://www.mixesdb.com/w/2021-10-01_-_Pan-Pot_@_Compound,_Los_Angeles",Version 2,25,104,Hanubis,Back To The 90'S,Hanubis - Back To The 90'S
"2021-10-01 - Pan-Pot @ Compound, Los Angeles","https://www.mixesdb.com/w/2021-10-01_-_Pan-Pot_@_Compound,_Los_Angeles",Version 2,26,108,Harvey McKay,Scran [Uncage],Harvey McKay - Scran [Uncage]
"2021-10-01 - Pan-Pot @ Compound, Los Angeles","https://www.mixesdb.com/w/2021-10-01_-_Pan-Pot_@_Compound,_Los_Angeles",Version 2,27,113,,?,?
"2021-10-01 - Pan-Pot @ Compound, Los Angeles","https://www.mixesdb.com/w/2021-10-01_-_Pan-Pot_@_Compound,_Los_Angeles",Version 2,28,11?,Moi Renee,Miss Honey,Moi Renee - Miss Honey
"2021-10-01 - Pan-Pot @ Compound, Los Angeles","https://www.mixesdb.com/w/2021-10-01_-_Pan-Pot_@_Compound,_Los_Angeles",Version 2,29,117,Robert Hood,Fear Not [Rekids],Robert Hood - Fear Not [Rekids]
"2021-10-01 - Pan-Pot @ Compound, Los Angeles","https://www.mixesdb.com/w/2021-10-01_-_Pan-Pot_@_Compound,_Los_Angeles",Version 2,30,122,Pan-Pot,Funke [Second State],Pan-Pot - Funke [Second State]
"2021-10-01 - Pan-Pot @ Compound, Los Angeles","https://www.mixesdb.com/w/2021-10-01_-_Pan-Pot_@_Compound,_Los_Angeles",Version 2,31,126,FJAAK,City Club [Fjaak],FJAAK - City Club [Fjaak]
"2021-10-01 - Pan-Pot @ Compound, Los Angeles","https://www.mixesdb.com/w/2021-10-01_-_Pan-Pot_@_Compound,_Los_Angeles",Version 2,32,131,Axel Karakasis,Outspread [Planet Rhythm],Axel Karakasis - Outspread [Planet Rhythm]
"2021-10-01 - Pan-Pot @ Compound, Los Angeles","https://www.mixesdb.com/w/2021-10-01_-_Pan-Pot_@_Compound,_Los_Angeles",Version 2,33,135,DJ Dextro,Time Travel [Onh.Cet (Naked Lunch)],DJ Dextro - Time Travel [Onh.Cet (Naked Lunch)]
"2021-10-01 - Pan-Pot @ Compound, Los Angeles","https://www.mixesdb.com/w/2021-10-01_-_Pan-Pot_@_Compound,_Los_Angeles",Version 2,34,140,Planetary Assault Systems,Devotion [Token],Planetary Assault Systems - Devotion [Token]
"2021-10-01 - Pan-Pot @ Compound, Los Angeles","https://www.mixesdb.com/w/2021-10-01_-_Pan-Pot_@_Compound,_Los_Angeles",Version 2,35,143,,?,?
"2021-10-01 - Pan-Pot @ Compound, Los Angeles","https://www.mixesdb.com/w/2021-10-01_-_Pan-Pot_@_Compound,_Los_Angeles",Version 2,36,148,Renato Cohen,Pontape (2013 Remake) [Drumcode],Renato Cohen - Pontape (2013 Remake) [Drumcode]
"2021-10-01 - Pan-Pot @ Compound, Los Angeles","https://www.mixesdb.com/w/2021-10-01_-_Pan-Pot_@_Compound,_Los_Angeles",Version 2,37,153,Stef Mendesidis,Wurlitzer Machinery,Stef Mendesidis - Wurlitzer Machinery
"2021-10-01 - Pan-Pot @ Compound, Los Angeles","https://www.mixesdb.com/w/2021-10-01_-_Pan-Pot_@_Compound,_Los_Angeles",Version 2,38,157,Charlotte de Witte,Doppler [KNTXT],Charlotte de Witte - Doppler [KNTXT]
"2021-10-01 - Pan-Pot @ Compound, Los Angeles","https://www.mixesdb.com/w/2021-10-01_-_Pan-Pot_@_Compound,_Los_Angeles",Version 2,39,162,Pfirter & Grindvik,End This [Leyla],Pfirter & Grindvik - End This [Leyla]
"2021-10-01 - Pan-Pot @ Compound, Los Angeles","https://www.mixesdb.com/w/2021-10-01_-_Pan-Pot_@_Compound,_Los_Angeles",Version 2,40,166,,?,?
"2021-10-01 - Pan-Pot @ Compound, Los Angeles","https://www.mixesdb.com/w/2021-10-01_-_Pan-Pot_@_Compound,_Los_Angeles",Version 2,41,169,,?,?
"2025-08-09 - Pan-Pot @ Street Parade - Live Love, Love Life","https://www.mixesdb.com/w/2025-08-09_-_Pan-Pot_@_Street_Parade_-_Live_Love,_Love_Life",,1,000,Pan-Pot,OPERA (Street Parade Anthem) [Second State Audio],Pan-Pot - OPERA (Street Parade Anthem) [Second State Audio]
"2025-08-09 - Pan-Pot @ Street Parade - Live Love, Love Life","https://www.mixesdb.com/w/2025-08-09_-_Pan-Pot_@_Street_Parade_-_Live_Love,_Love_Life",,2,005,William Kiss,XXX [Warehouse Project],William Kiss - XXX [Warehouse Project]
"2025-08-09 - Pan-Pot @ Street Parade - Live Love, Love Life","https://www.mixesdb.com/w/2025-08-09_-_Pan-Pot_@_Street_Parade_-_Live_Love,_Love_Life",,3,007,Bak,Bipolarism [JAM],Bak - Bipolarism [JAM]
"2025-08-09 - Pan-Pot @ Street Parade - Live Love, Love Life","https://www.mixesdb.com/w/2025-08-09_-_Pan-Pot_@_Street_Parade_-_Live_Love,_Love_Life",,4,012,Jay Lumen,Complex [Footwork],Jay Lumen - Complex [Footwork]
"2025-08-09 - Pan-Pot @ Street Parade - Live Love, Love Life","https://www.mixesdb.com/w/2025-08-09_-_Pan-Pot_@_Street_Parade_-_Live_Love,_Love_Life",,5,014,Deas,Geeks On Hubbard [ARTS],Deas - Geeks On Hubbard [ARTS]
"2025-08-09 - Pan-Pot @ Street Parade - Live Love, Love Life","https://www.mixesdb.com/w/2025-08-09_-_Pan-Pot_@_Street_Parade_-_Live_Love,_Love_Life",,6,019,The Southern,Hands Up [Contempo],The Southern - Hands Up [Contempo]
"2025-08-09 - Pan-Pot @ Street Parade - Live Love, Love Life","https://www.mixesdb.com/w/2025-08-09_-_Pan-Pot_@_Street_Parade_-_Live_Love,_Love_Life",,7,022,Adam Beyer & Julian Jeweil,Loca (Extended Mix) [Drumcode],Adam Beyer & Julian Jeweil - Loca (Extended Mix) [Drumcode]
"2025-08-09 - Pan-Pot @ Street Parade - Live Love, Love Life","https://www.mixesdb.com/w/2025-08-09_-_Pan-Pot_@_Street_Parade_-_Live_Love,_Love_Life",,8,025,Gray Cosmo,Excess [JAM],Gray Cosmo - Excess [JAM]
"2025-08-09 - Pan-Pot @ Street Parade - Live Love, Love Life","https://www.mixesdb.com/w/2025-08-09_-_Pan-Pot_@_Street_Parade_-_Live_Love,_Love_Life",,9,0??,Charlotte de Witte Feat. XSALT,No Division [KNTXT],Charlotte de Witte Feat. XSALT - No Division [KNTXT]
"2025-08-09 - Pan-Pot @ Street Parade - Live Love, Love Life","https://www.mixesdb.com/w/2025-08-09_-_Pan-Pot_@_Street_Parade_-_Live_Love,_Love_Life",,10,03?,,?,?
"2025-08-09 - Pan-Pot @ Street Parade - Live Love, Love Life","https://www.mixesdb.com/w/2025-08-09_-_Pan-Pot_@_Street_Parade_-_Live_Love,_Love_Life",,11,036,Len Faki & Jancen,Morgana [Figure],Len Faki & Jancen - Morgana [Figure]
"2025-08-09 - Pan-Pot @ Street Parade - Live Love, Love Life","https://www.mixesdb.com/w/2025-08-09_-_Pan-Pot_@_Street_Parade_-_Live_Love,_Love_Life",,12,041,Curbi & Tobias Paul,Fcking With My Rhythm [Filth On Acid],Curbi & Tobias Paul - Fcking With My Rhythm [Filth On Acid]
"2025-08-09 - Pan-Pot @ Street Parade - Live Love, Love Life","https://www.mixesdb.com/w/2025-08-09_-_Pan-Pot_@_Street_Parade_-_Live_Love,_Love_Life",,13,04?,HI-LO,NYC TO AMSTERDAM [Drumcode],HI-LO - NYC TO AMSTERDAM [Drumcode]
"2025-08-09 - Pan-Pot @ Street Parade - Live Love, Love Life","https://www.mixesdb.com/w/2025-08-09_-_Pan-Pot_@_Street_Parade_-_Live_Love,_Love_Life",,14,047,Space 92 & Charles D,The Bouncer [Drumcode],Space 92 & Charles D - The Bouncer [Drumcode]
"2025-08-09 - Pan-Pot @ Street Parade - Live Love, Love Life","https://www.mixesdb.com/w/2025-08-09_-_Pan-Pot_@_Street_Parade_-_Live_Love,_Love_Life",,15,050,Jimmy Edgar,Strike (Hardspace Mix) [Hardspace],Jimmy Edgar - Strike (Hardspace Mix) [Hardspace]
"2025-08-09 - Pan-Pot @ Street Parade - Live Love, Love Life","https://www.mixesdb.com/w/2025-08-09_-_Pan-Pot_@_Street_Parade_-_Live_Love,_Love_Life",,16,05?,Khabiar,It Depends On [Tronic],Khabiar - It Depends On [Tronic]
"2025-08-09 - Pan-Pot @ Street Parade - Live Love, Love Life","https://www.mixesdb.com/w/2025-08-09_-_Pan-Pot_@_Street_Parade_-_Live_Love,_Love_Life",,17,058,Joyhauser,Elements (2025 Version) [Terminal M],Joyhauser - Elements (2025 Version) [Terminal M]
"2025-08-09 - Pan-Pot @ Street Parade - Live Love, Love Life","https://www.mixesdb.com/w/2025-08-09_-_Pan-Pot_@_Street_Parade_-_Live_Love,_Love_Life",,18,0??,Pan-Pot,Kaltstrom [Second State],Pan-Pot - Kaltstrom [Second State]
"2025-08-09 - Pan-Pot @ Street Parade - Live Love, Love Life","https://www.mixesdb.com/w/2025-08-09_-_Pan-Pot_@_Street_Parade_-_Live_Love,_Love_Life",,19,066,Procombo,Upscale [CLR],Procombo - Upscale [CLR]
"2025-08-09 - Pan-Pot @ Street Parade - Live Love, Love Life","https://www.mixesdb.com/w/2025-08-09_-_Pan-Pot_@_Street_Parade_-_Live_Love,_Love_Life",,20,070,Jay Lumen,Locomotive [Footwork],Jay Lumen - Locomotive [Footwork]
"2025-08-09 - Pan-Pot @ Street Parade - Live Love, Love Life","https://www.mixesdb.com/w/2025-08-09_-_Pan-Pot_@_Street_Parade_-_Live_Love,_Love_Life",,21,07?,Alarico,Iruka [Primal Instinct],Alarico - Iruka [Primal Instinct]
"2025-08-09 - Pan-Pot @ Street Parade - Live Love, Love Life","https://www.mixesdb.com/w/2025-08-09_-_Pan-Pot_@_Street_Parade_-_Live_Love,_Love_Life",,22,077,Veerus,Hold On (Veerus X Devid Dega Rework) [Le Club],Veerus - Hold On (Veerus X Devid Dega Rework) [Le Club]
"2025-08-09 - Pan-Pot @ Street Parade - Live Love, Love Life","https://www.mixesdb.com/w/2025-08-09_-_Pan-Pot_@_Street_Parade_-_Live_Love,_Love_Life",,23,0??,Octave One Feat. Ann Saunderson,Black Water [430 West],Octave One Feat. Ann Saunderson - Black Water [430 West]
"2025-08-09 - Pan-Pot @ Street Parade - Live Love, Love Life","https://www.mixesdb.com/w/2025-08-09_-_Pan-Pot_@_Street_Parade_-_Live_Love,_Love_Life",,24,0??,HI-LO,FLORESTA FUNK [Drumcode],HI-LO - FLORESTA FUNK [Drumcode]
"2025-08-09 - Pan-Pot @ Street Parade - Live Love, Love Life","https://www.mixesdb.com/w/2025-08-09_-_Pan-Pot_@_Street_Parade_-_Live_Love,_Love_Life",,25,088,Tommy Holohan,Subaru Impreza [Rave Selekts],Tommy Holohan - Subaru Impreza [Rave Selekts]
"2025-08-09 - Pan-Pot @ Street Parade - Live Love, Love Life","https://www.mixesdb.com/w/2025-08-09_-_Pan-Pot_@_Street_Parade_-_Live_Love,_Love_Life",,26,092,A.D.H.S. & Thomas Schumacher,Ex Machina [Electric Ballroom],A.D.H.S. & Thomas Schumacher - Ex Machina [Electric Ballroom]
"2025-08-09 - Pan-Pot @ Street Parade - Live Love, Love Life","https://www.mixesdb.com/w/2025-08-09_-_Pan-Pot_@_Street_Parade_-_Live_Love,_Love_Life",,27,09?,Chicago Loop,Modulate [Tronic],Chicago Loop - Modulate [Tronic]
"2025-08-09 - Pan-Pot @ Street Parade - Live Love, Love Life","https://www.mixesdb.com/w/2025-08-09_-_Pan-Pot_@_Street_Parade_-_Live_Love,_Love_Life",,28,099,Goncalo M,God Will Not Let Me Go [Intuition Pt],Goncalo M - God Will Not Let Me Go [Intuition Pt]
"2025-08-09 - Pan-Pot @ Street Parade - Live Love, Love Life","https://www.mixesdb.com/w/2025-08-09_-_Pan-Pot_@_Street_Parade_-_Live_Love,_Love_Life",,29,102,Huntemann,Discotech (Monika Kruse Remix) [Confused],Huntemann - Discotech (Monika Kruse Remix) [Confused]
"2025-08-09 - Pan-Pot @ Street Parade - Live Love, Love Life","https://www.mixesdb.com/w/2025-08-09_-_Pan-Pot_@_Street_Parade_-_Live_Love,_Love_Life",,30,107,Portex,Feel The Adrenaline [OFF],Portex - Feel The Adrenaline [OFF]
"2025-08-09 - Pan-Pot @ Street Parade - Live Love, Love Life","https://www.mixesdb.com/w/2025-08-09_-_Pan-Pot_@_Street_Parade_-_Live_Love,_Love_Life",,31,110,Timmo,Enter The Sound (Extended Mix) [Drumcode],Timmo - Enter The Sound (Extended Mix) [Drumcode]
"2025-08-09 - Pan-Pot @ Street Parade - Live Love, Love Life","https://www.mixesdb.com/w/2025-08-09_-_Pan-Pot_@_Street_Parade_-_Live_Love,_Love_Life",,32,113,Bart Skils & A.D.H.S.,Can't Hear You [Drumcode],Bart Skils & A.D.H.S. - Can't Hear You [Drumcode]
"2025-08-09 - Pan-Pot @ Street Parade - Live Love, Love Life","https://www.mixesdb.com/w/2025-08-09_-_Pan-Pot_@_Street_Parade_-_Live_Love,_Love_Life",,33,117,Oliver Koletzki,Der Mückenschwarm (Kaufmann 20yrs SVT Remix),Oliver Koletzki - Der Mückenschwarm (Kaufmann 20yrs SVT Remix)
"2025-08-09 - Pan-Pot @ Street Parade - Live Love, Love Life","https://www.mixesdb.com/w/2025-08-09_-_Pan-Pot_@_Street_Parade_-_Live_Love,_Love_Life",,34,120,Adam Beyer,The Distance Between Us (Extended Mix) [Drumcode],Adam Beyer - The Distance Between Us (Extended Mix) [Drumcode]
"2015-10-02 - Pan-Pot (Live PA) - Special, BLN.FM","https://www.mixesdb.com/w/2015-10-02_-_Pan-Pot_(Live_PA)_-_Special,_BLN.FM",,1,,Pan-Pot,Your Atten­tion,Pan-Pot - Your Atten­tion
"2015-10-02 - Pan-Pot (Live PA) - Special, BLN.FM","https://www.mixesdb.com/w/2015-10-02_-_Pan-Pot_(Live_PA)_-_Special,_BLN.FM",,2,,Pan-Pot,Operator [Second State],Pan-Pot - Operator [Second State]
"2015-10-02 - Pan-Pot (Live PA) - Special, BLN.FM","https://www.mixesdb.com/w/2015-10-02_-_Pan-Pot_(Live_PA)_-_Special,_BLN.FM",,3,,Pan-Pot Feat. Frankie,Riot,Pan-Pot Feat. Frankie - Riot
"2015-10-02 - Pan-Pot (Live PA) - Special, BLN.FM","https://www.mixesdb.com/w/2015-10-02_-_Pan-Pot_(Live_PA)_-_Special,_BLN.FM",,4,,Pan-Pot,Sleepless [Second State],Pan-Pot - Sleepless [Second State]
"2015-10-02 - Pan-Pot (Live PA) - Special, BLN.FM","https://www.mixesdb.com/w/2015-10-02_-_Pan-Pot_(Live_PA)_-_Special,_BLN.FM",,5,,Pan-Pot,Bro­ken Engine,Pan-Pot - Bro­ken Engine
"2015-10-02 - Pan-Pot (Live PA) - Special, BLN.FM","https://www.mixesdb.com/w/2015-10-02_-_Pan-Pot_(Live_PA)_-_Special,_BLN.FM",,6,,Michael Klein,Drawing,Michael Klein - Drawing
"2015-10-02 - Pan-Pot (Live PA) - Special, BLN.FM","https://www.mixesdb.com/w/2015-10-02_-_Pan-Pot_(Live_PA)_-_Special,_BLN.FM",,7,,Pan-Pot & ABBY,Fugitives,Pan-Pot & ABBY - Fugitives
"2015-10-02 - Pan-Pot (Live PA) - Special, BLN.FM","https://www.mixesdb.com/w/2015-10-02_-_Pan-Pot_(Live_PA)_-_Special,_BLN.FM",,8,,Mobb Deep,Shook Ones,Mobb Deep - Shook Ones
"2015-10-02 - Pan-Pot (Live PA) - Special, BLN.FM","https://www.mixesdb.com/w/2015-10-02_-_Pan-Pot_(Live_PA)_-_Special,_BLN.FM",,9,,Motorhead,Over­kill (Live),Motorhead - Over­kill (Live)
"2015-10-02 - Pan-Pot (Live PA) - Special, BLN.FM","https://www.mixesdb.com/w/2015-10-02_-_Pan-Pot_(Live_PA)_-_Special,_BLN.FM",,10,,Pan-Pot,808 Nirvana [Second State],Pan-Pot - 808 Nirvana [Second State]
"2015-10-02 - Pan-Pot (Live PA) - Special, BLN.FM","https://www.mixesdb.com/w/2015-10-02_-_Pan-Pot_(Live_PA)_-_Special,_BLN.FM",,11,,Pan-Pot,Pina [Second State],Pan-Pot - Pina [Second State]
2012-03-28 - Pan-Pot - Mobilee Back To Back Vol. Six,https://www.mixesdb.com/w/2012-03-28_-_Pan-Pot_-_Mobilee_Back_To_Back_Vol._Six,,1,,Pan-Pot Feat. Cari Golden,No One Knows,Pan-Pot Feat. Cari Golden - No One Knows
2012-03-28 - Pan-Pot - Mobilee Back To Back Vol. Six,https://www.mixesdb.com/w/2012-03-28_-_Pan-Pot_-_Mobilee_Back_To_Back_Vol._Six,,2,,Pan-Pot,Face To Face,Pan-Pot - Face To Face
2012-03-28 - Pan-Pot - Mobilee Back To Back Vol. Six,https://www.mixesdb.com/w/2012-03-28_-_Pan-Pot_-_Mobilee_Back_To_Back_Vol._Six,,3,,Pan-Pot,Face To Face,Pan-Pot - Face To Face
2012-03-28 - Pan-Pot - Mobilee Back To Back Vol. Six,https://www.mixesdb.com/w/2012-03-28_-_Pan-Pot_-_Mobilee_Back_To_Back_Vol._Six,,4,,Pan-Pot,Threesixty,Pan-Pot - Threesixty
2012-03-28 - Pan-Pot - Mobilee Back To Back Vol. Six,https://www.mixesdb.com/w/2012-03-28_-_Pan-Pot_-_Mobilee_Back_To_Back_Vol._Six,,5,,Andre Winter,Dogma (Pan-Pot Remix) [Ideal Audio],Andre Winter - Dogma (Pan-Pot Remix) [Ideal Audio]
2012-03-28 - Pan-Pot - Mobilee Back To Back Vol. Six,https://www.mixesdb.com/w/2012-03-28_-_Pan-Pot_-_Mobilee_Back_To_Back_Vol._Six,,6,,Dustin Zahn & Joel Mull,Bossa Nossa (Pan-Pot Vocal Edit) [Enemy],Dustin Zahn & Joel Mull - Bossa Nossa (Pan-Pot Vocal Edit) [Enemy]
2012-03-28 - Pan-Pot - Mobilee Back To Back Vol. Six,https://www.mixesdb.com/w/2012-03-28_-_Pan-Pot_-_Mobilee_Back_To_Back_Vol._Six,,7,,Dustin Zahn & Joel Mull,Bossa Nossa (Pan-Pot Vocal Edit) [Enemy],Dustin Zahn & Joel Mull - Bossa Nossa (Pan-Pot Vocal Edit) [Enemy]
2012-03-28 - Pan-Pot - Mobilee Back To Back Vol. Six,https://www.mixesdb.com/w/2012-03-28_-_Pan-Pot_-_Mobilee_Back_To_Back_Vol._Six,,8,,Pan-Pot,Apocalyptic Horseman,Pan-Pot - Apocalyptic Horseman
2012-03-28 - Pan-Pot - Mobilee Back To Back Vol. Six,https://www.mixesdb.com/w/2012-03-28_-_Pan-Pot_-_Mobilee_Back_To_Back_Vol._Six,,9,,Pan-Pot,Code [Unreleased],Pan-Pot - Code [Unreleased]
2012-03-28 - Pan-Pot - Mobilee Back To Back Vol. Six,https://www.mixesdb.com/w/2012-03-28_-_Pan-Pot_-_Mobilee_Back_To_Back_Vol._Six,,10,,Pan-Pot Feat. G-Tech,Gravity,Pan-Pot Feat. G-Tech - Gravity
2012-03-28 - Pan-Pot - Mobilee Back To Back Vol. Six,https://www.mixesdb.com/w/2012-03-28_-_Pan-Pot_-_Mobilee_Back_To_Back_Vol._Six,,11,,Slam,Lifetimes (Pan-Pot Basstimes Mix) [Soma],Slam - Lifetimes (Pan-Pot Basstimes Mix) [Soma]
2012-03-28 - Pan-Pot - Mobilee Back To Back Vol. Six,https://www.mixesdb.com/w/2012-03-28_-_Pan-Pot_-_Mobilee_Back_To_Back_Vol._Six,,12,,Slam,Lifetimes (Pan-Pot Tribute To Life Mix) [Soma],Slam - Lifetimes (Pan-Pot Tribute To Life Mix) [Soma]
2012-03-28 - Pan-Pot - Mobilee Back To Back Vol. Six,https://www.mixesdb.com/w/2012-03-28_-_Pan-Pot_-_Mobilee_Back_To_Back_Vol._Six,,13,,Booka Shade,Regenerate (Pan-Pot Remix) [Get Physical],Booka Shade - Regenerate (Pan-Pot Remix) [Get Physical]
2012-03-28 - Pan-Pot - Mobilee Back To Back Vol. Six,https://www.mixesdb.com/w/2012-03-28_-_Pan-Pot_-_Mobilee_Back_To_Back_Vol._Six,,14,,Pan-Pot Feat. Cari Golden,Captain My Captain,Pan-Pot Feat. Cari Golden - Captain My Captain
2012-03-28 - Pan-Pot - Mobilee Back To Back Vol. Six,https://www.mixesdb.com/w/2012-03-28_-_Pan-Pot_-_Mobilee_Back_To_Back_Vol._Six,,15,,Stephan Bodzin & Marc Romboy,Phobos (Pan-Pot Remix) [Systematic],Stephan Bodzin & Marc Romboy - Phobos (Pan-Pot Remix) [Systematic]
2012-03-28 - Pan-Pot - Mobilee Back To Back Vol. Six,https://www.mixesdb.com/w/2012-03-28_-_Pan-Pot_-_Mobilee_Back_To_Back_Vol._Six,,16,,Pan-Pot,Interlude [Unreleased],Pan-Pot - Interlude [Unreleased]
2012-03-28 - Pan-Pot - Mobilee Back To Back Vol. Six,https://www.mixesdb.com/w/2012-03-28_-_Pan-Pot_-_Mobilee_Back_To_Back_Vol._Six,,17,,Pan-Pot,Kepler [Unreleased],Pan-Pot - Kepler [Unreleased]
2012-03-28 - Pan-Pot - Mobilee Back To Back Vol. Six,https://www.mixesdb.com/w/2012-03-28_-_Pan-Pot_-_Mobilee_Back_To_Back_Vol._Six,,18,,Pan-Pot Feat. Vincenzo,Faces (Edit),Pan-Pot Feat. Vincenzo - Faces (Edit)
2017-05-09 - Pan-Pot - 9 Essentials,https://www.mixesdb.com/w/2017-05-09_-_Pan-Pot_-_9_Essentials,,1,00:00,Oliver Deutschmann,Control [Innervisions - IV71],Oliver Deutschmann - Control [Innervisions - IV71]
2017-05-09 - Pan-Pot - 9 Essentials,https://www.mixesdb.com/w/2017-05-09_-_Pan-Pot_-_9_Essentials,,2,05:56,KiNK,Neutrino [DGTL - 001D],KiNK - Neutrino [DGTL - 001D]
2017-05-09 - Pan-Pot - 9 Essentials,https://www.mixesdb.com/w/2017-05-09_-_Pan-Pot_-_9_Essentials,,3,10:55,Sinfol,Trembling [Anagram Label - ANAGRAM007],Sinfol - Trembling [Anagram Label - ANAGRAM007]
2017-05-09 - Pan-Pot - 9 Essentials,https://www.mixesdb.com/w/2017-05-09_-_Pan-Pot_-_9_Essentials,,4,16:56,Ben Long,Fire In The Hole [ePM - 50],Ben Long - Fire In The Hole [ePM - 50]
2017-05-09 - Pan-Pot - 9 Essentials,https://www.mixesdb.com/w/2017-05-09_-_Pan-Pot_-_9_Essentials,,5,22:20,Amelie Lens,Contradiction [Second State - SNDST029],Amelie Lens - Contradiction [Second State - SNDST029]
2017-05-09 - Pan-Pot - 9 Essentials,https://www.mixesdb.com/w/2017-05-09_-_Pan-Pot_-_9_Essentials,,6,28:05,Sam Paganini,Skin [JAM - 002],Sam Paganini - Skin [JAM - 002]
2017-05-09 - Pan-Pot - 9 Essentials,https://www.mixesdb.com/w/2017-05-09_-_Pan-Pot_-_9_Essentials,,7,33:14,Robert Hood,Master Jack [Dekmantel - DKMNTL038],Robert Hood - Master Jack [Dekmantel - DKMNTL038]
2017-05-09 - Pan-Pot - 9 Essentials,https://www.mixesdb.com/w/2017-05-09_-_Pan-Pot_-_9_Essentials,,8,38:54,Chris Hirose & HOURS,Decipher [Second State - SNDST028],Chris Hirose & HOURS - Decipher [Second State - SNDST028]
2017-05-09 - Pan-Pot - 9 Essentials,https://www.mixesdb.com/w/2017-05-09_-_Pan-Pot_-_9_Essentials,,9,44:52,Dark Sky,Kilter (Zenker Brothers Remix) [Monkeytown - MTR073DNL],Dark Sky - Kilter (Zenker Brothers Remix) [Monkeytown - MTR073DNL]
"2010-10-25 - Pan-Pot - Systematic Session 085, Proton Radio","https://www.mixesdb.com/w/2010-10-25_-_Pan-Pot_-_Systematic_Session_085,_Proton_Radio",,1,,Thomas Fehlmann,Berliner Luftikuss (Move D Remix) [Kompakt],Thomas Fehlmann - Berliner Luftikuss (Move D Remix) [Kompakt]
"2010-10-25 - Pan-Pot - Systematic Session 085, Proton Radio","https://www.mixesdb.com/w/2010-10-25_-_Pan-Pot_-_Systematic_Session_085,_Proton_Radio",,2,,Emerson,El Lechero (Monoloc Remix) [Kiddaz],Emerson - El Lechero (Monoloc Remix) [Kiddaz]
"2010-10-25 - Pan-Pot - Systematic Session 085, Proton Radio","https://www.mixesdb.com/w/2010-10-25_-_Pan-Pot_-_Systematic_Session_085,_Proton_Radio",,3,,Veltengruber,Last Train [Brise],Veltengruber - Last Train [Brise]
"2010-10-25 - Pan-Pot - Systematic Session 085, Proton Radio","https://www.mixesdb.com/w/2010-10-25_-_Pan-Pot_-_Systematic_Session_085,_Proton_Radio",,4,,Tini,Thats Right [Desolat],Tini - Thats Right [Desolat]
"2010-10-25 - Pan-Pot - Systematic Session 085, Proton Radio","https://www.mixesdb.com/w/2010-10-25_-_Pan-Pot_-_Systematic_Session_085,_Proton_Radio",,5,,Holger Zilske & Dave DK,Te Guardo Una Tarde De Sol [Factor City],Holger Zilske & Dave DK - Te Guardo Una Tarde De Sol [Factor City]
"2010-10-25 - Pan-Pot - Systematic Session 085, Proton Radio","https://www.mixesdb.com/w/2010-10-25_-_Pan-Pot_-_Systematic_Session_085,_Proton_Radio",,6,,Steve Bug,A Shot In The Dark [Pokerflat],Steve Bug - A Shot In The Dark [Pokerflat]
"2010-10-25 - Pan-Pot - Systematic Session 085, Proton Radio","https://www.mixesdb.com/w/2010-10-25_-_Pan-Pot_-_Systematic_Session_085,_Proton_Radio",,7,,Sam Paganini,Stratos [Form],Sam Paganini - Stratos [Form]
"2010-10-25 - Pan-Pot - Systematic Session 085, Proton Radio","https://www.mixesdb.com/w/2010-10-25_-_Pan-Pot_-_Systematic_Session_085,_Proton_Radio",,8,,Gary Beck,Get Down [Saved],Gary Beck - Get Down [Saved]
"2010-10-25 - Pan-Pot - Systematic Session 085, Proton Radio","https://www.mixesdb.com/w/2010-10-25_-_Pan-Pot_-_Systematic_Session_085,_Proton_Radio",,9,,Marc Romboy & Blake Baxter,Muzik (KiNK Remix) [Systematic],Marc Romboy & Blake Baxter - Muzik (KiNK Remix) [Systematic]
"2010-10-25 - Pan-Pot - Systematic Session 085, Proton Radio","https://www.mixesdb.com/w/2010-10-25_-_Pan-Pot_-_Systematic_Session_085,_Proton_Radio",,10,,Ida Engberg,Owls Nest [Truesoul],Ida Engberg - Owls Nest [Truesoul]
"2010-10-25 - Pan-Pot - Systematic Session 085, Proton Radio","https://www.mixesdb.com/w/2010-10-25_-_Pan-Pot_-_Systematic_Session_085,_Proton_Radio",,11,,Marc Romboy & Stephan Bodzin,Phobos (Pan-Pot Remix) [Systematic],Marc Romboy & Stephan Bodzin - Phobos (Pan-Pot Remix) [Systematic]
"2010-10-25 - Pan-Pot - Systematic Session 085, Proton Radio","https://www.mixesdb.com/w/2010-10-25_-_Pan-Pot_-_Systematic_Session_085,_Proton_Radio",,12,,Slam,Cacophony [Drumcode],Slam - Cacophony [Drumcode]
"2010-10-25 - Pan-Pot - Systematic Session 085, Proton Radio","https://www.mixesdb.com/w/2010-10-25_-_Pan-Pot_-_Systematic_Session_085,_Proton_Radio",,13,,Pan-Pot Feat. Cari Golden,Captain My Captain [Mobilee],Pan-Pot Feat. Cari Golden - Captain My Captain [Mobilee]
2018-08-06 - Pan-Pot - Beatport Mix (BP/M072),https://www.mixesdb.com/w/2018-08-06_-_Pan-Pot_-_Beatport_Mix_(BP/M072),,1,00:00,Markus Suckut,First Movement [Exiule - LP02],Markus Suckut - First Movement [Exiule - LP02]
2018-08-06 - Pan-Pot - Beatport Mix (BP/M072),https://www.mixesdb.com/w/2018-08-06_-_Pan-Pot_-_Beatport_Mix_(BP/M072),,2,06:56,Joton,Antioquia I [Odd Even - EVENODD003],Joton - Antioquia I [Odd Even - EVENODD003]
2018-08-06 - Pan-Pot - Beatport Mix (BP/M072),https://www.mixesdb.com/w/2018-08-06_-_Pan-Pot_-_Beatport_Mix_(BP/M072),,3,11:16,Woo York,I Am Against [Soam - 409D],Woo York - I Am Against [Soam - 409D]
2018-08-06 - Pan-Pot - Beatport Mix (BP/M072),https://www.mixesdb.com/w/2018-08-06_-_Pan-Pot_-_Beatport_Mix_(BP/M072),,4,15:19,Pat-Pot,Weltlinie [Second State - SNDST050],Pat-Pot - Weltlinie [Second State - SNDST050]
2018-08-06 - Pan-Pot - Beatport Mix (BP/M072),https://www.mixesdb.com/w/2018-08-06_-_Pan-Pot_-_Beatport_Mix_(BP/M072),,5,20:42,Camea,NAF 97 (Markus Suckut Remix) [Neverwhere - NVR-004],Camea - NAF 97 (Markus Suckut Remix) [Neverwhere - NVR-004]
2018-08-06 - Pan-Pot - Beatport Mix (BP/M072),https://www.mixesdb.com/w/2018-08-06_-_Pan-Pot_-_Beatport_Mix_(BP/M072),,6,24:50,Pat-Pot,Zeit [Second State - SNDST050],Pat-Pot - Zeit [Second State - SNDST050]
2018-08-06 - Pan-Pot - Beatport Mix (BP/M072),https://www.mixesdb.com/w/2018-08-06_-_Pan-Pot_-_Beatport_Mix_(BP/M072),,7,27:43,Electric Rescue,Forwer (Setaoc Mass Remix) [Virgo - VIRG002],Electric Rescue - Forwer (Setaoc Mass Remix) [Virgo - VIRG002]
2018-08-06 - Pan-Pot - Beatport Mix (BP/M072),https://www.mixesdb.com/w/2018-08-06_-_Pan-Pot_-_Beatport_Mix_(BP/M072),,8,31:55,SW37,SW37B [Synewave - SW37R],SW37 - SW37B [Synewave - SW37R]
2018-08-06 - Pan-Pot - Beatport Mix (BP/M072),https://www.mixesdb.com/w/2018-08-06_-_Pan-Pot_-_Beatport_Mix_(BP/M072),,9,34:44,Pat-Pot,Freigeist [Second State - SNDST050],Pat-Pot - Freigeist [Second State - SNDST050]
2013-09-16 - Pan-Pot - Celebration Of Curation 2013 Berlin (Promo Mix),https://www.mixesdb.com/w/2013-09-16_-_Pan-Pot_-_Celebration_Of_Curation_2013_Berlin_(Promo_Mix),,1,00,DJ Koze,Burn With Me [Watergate - WGVINYL 013],DJ Koze - Burn With Me [Watergate - WGVINYL 013]
2013-09-16 - Pan-Pot - Celebration Of Curation 2013 Berlin (Promo Mix),https://www.mixesdb.com/w/2013-09-16_-_Pan-Pot_-_Celebration_Of_Curation_2013_Berlin_(Promo_Mix),,2,04,La Fleur,Nightflow (Kenny Larkin Drama Mix) [Defected],La Fleur - Nightflow (Kenny Larkin Drama Mix) [Defected]
2013-09-16 - Pan-Pot - Celebration Of Curation 2013 Berlin (Promo Mix),https://www.mixesdb.com/w/2013-09-16_-_Pan-Pot_-_Celebration_Of_Curation_2013_Berlin_(Promo_Mix),,3,09,Okabi,Mossi Mossi [Go Deeva - GDV 1316],Okabi - Mossi Mossi [Go Deeva - GDV 1316]
2013-09-16 - Pan-Pot - Celebration Of Curation 2013 Berlin (Promo Mix),https://www.mixesdb.com/w/2013-09-16_-_Pan-Pot_-_Celebration_Of_Curation_2013_Berlin_(Promo_Mix),,4,15,Tripmastaz,Lite [Nervous],Tripmastaz - Lite [Nervous]
2013-09-16 - Pan-Pot - Celebration Of Curation 2013 Berlin (Promo Mix),https://www.mixesdb.com/w/2013-09-16_-_Pan-Pot_-_Celebration_Of_Curation_2013_Berlin_(Promo_Mix),,5,20,Tom Trago,Two Together [Rush Hour - RHM 004-12],Tom Trago - Two Together [Rush Hour - RHM 004-12]
2013-09-16 - Pan-Pot - Celebration Of Curation 2013 Berlin (Promo Mix),https://www.mixesdb.com/w/2013-09-16_-_Pan-Pot_-_Celebration_Of_Curation_2013_Berlin_(Promo_Mix),,6,25,Loco & Jam,Omaplata,Loco & Jam - Omaplata
2013-09-16 - Pan-Pot - Celebration Of Curation 2013 Berlin (Promo Mix),https://www.mixesdb.com/w/2013-09-16_-_Pan-Pot_-_Celebration_Of_Curation_2013_Berlin_(Promo_Mix),,7,??,Nikola Gala,Suede,Nikola Gala - Suede
2013-09-16 - Pan-Pot - Celebration Of Curation 2013 Berlin (Promo Mix),https://www.mixesdb.com/w/2013-09-16_-_Pan-Pot_-_Celebration_Of_Curation_2013_Berlin_(Promo_Mix),,8,??,Clint Steward,Untitled,Clint Steward - Untitled
2013-09-16 - Pan-Pot - Celebration Of Curation 2013 Berlin (Promo Mix),https://www.mixesdb.com/w/2013-09-16_-_Pan-Pot_-_Celebration_Of_Curation_2013_Berlin_(Promo_Mix),,9,??,Christian Smith & Wehbba,Make You Move,Christian Smith & Wehbba - Make You Move
2013-09-16 - Pan-Pot - Celebration Of Curation 2013 Berlin (Promo Mix),https://www.mixesdb.com/w/2013-09-16_-_Pan-Pot_-_Celebration_Of_Curation_2013_Berlin_(Promo_Mix),,10,48,Santé,Sick Drummer [VIVa - 102],Santé - Sick Drummer [VIVa - 102]
2013-09-16 - Pan-Pot - Celebration Of Curation 2013 Berlin (Promo Mix),https://www.mixesdb.com/w/2013-09-16_-_Pan-Pot_-_Celebration_Of_Curation_2013_Berlin_(Promo_Mix),,11,51,Mark Reeve,Aufschieb,Mark Reeve - Aufschieb
2013-09-16 - Pan-Pot - Celebration Of Curation 2013 Berlin (Promo Mix),https://www.mixesdb.com/w/2013-09-16_-_Pan-Pot_-_Celebration_Of_Curation_2013_Berlin_(Promo_Mix),,12,5?,Dave Angel,Black,Dave Angel - Black
"2019-03-05 - Pan-Pot @ Mixmag DJ Lab, NYC","https://www.mixesdb.com/w/2019-03-05_-_Pan-Pot_@_Mixmag_DJ_Lab,_NYC",,1,00,"Healthy Boys, Stockhaus & James Jacob",Muscles [Krux - 193483394503],"Healthy Boys, Stockhaus & James Jacob - Muscles [Krux - 193483394503]"
"2019-03-05 - Pan-Pot @ Mixmag DJ Lab, NYC","https://www.mixesdb.com/w/2019-03-05_-_Pan-Pot_@_Mixmag_DJ_Lab,_NYC",,2,03,Ronnie Spiteri,Talking to Nature [We Are The Brave - WATB030],Ronnie Spiteri - Talking to Nature [We Are The Brave - WATB030]
"2019-03-05 - Pan-Pot @ Mixmag DJ Lab, NYC","https://www.mixesdb.com/w/2019-03-05_-_Pan-Pot_@_Mixmag_DJ_Lab,_NYC",,3,08,Oscar L,Aura [Stereo - SP248],Oscar L - Aura [Stereo - SP248]
"2019-03-05 - Pan-Pot @ Mixmag DJ Lab, NYC","https://www.mixesdb.com/w/2019-03-05_-_Pan-Pot_@_Mixmag_DJ_Lab,_NYC",,4,13,Locked Groove,Zillion [Locked Groove - LGR005],Locked Groove - Zillion [Locked Groove - LGR005]
"2019-03-05 - Pan-Pot @ Mixmag DJ Lab, NYC","https://www.mixesdb.com/w/2019-03-05_-_Pan-Pot_@_Mixmag_DJ_Lab,_NYC",,5,17,Flug,Ephos [Quartz - QRZLP001],Flug - Ephos [Quartz - QRZLP001]
"2019-03-05 - Pan-Pot @ Mixmag DJ Lab, NYC","https://www.mixesdb.com/w/2019-03-05_-_Pan-Pot_@_Mixmag_DJ_Lab,_NYC",,6,22,Gabriel D'Or & Bordoy,Take Me Out [Rxxistance - 8437004195906],Gabriel D'Or & Bordoy - Take Me Out [Rxxistance - 8437004195906]
"2019-03-05 - Pan-Pot @ Mixmag DJ Lab, NYC","https://www.mixesdb.com/w/2019-03-05_-_Pan-Pot_@_Mixmag_DJ_Lab,_NYC",,7,25,Seph,Vector [Aula Magna - AMR014P],Seph - Vector [Aula Magna - AMR014P]
"2019-03-05 - Pan-Pot @ Mixmag DJ Lab, NYC","https://www.mixesdb.com/w/2019-03-05_-_Pan-Pot_@_Mixmag_DJ_Lab,_NYC",,8,30,KlangKuenstler,Razor [Second State - SNDST065],KlangKuenstler - Razor [Second State - SNDST065]
"2019-03-05 - Pan-Pot @ Mixmag DJ Lab, NYC","https://www.mixesdb.com/w/2019-03-05_-_Pan-Pot_@_Mixmag_DJ_Lab,_NYC",,9,34,Vladimir Dubyshkin,Belissimo [Trip - TRP022],Vladimir Dubyshkin - Belissimo [Trip - TRP022]
"2019-03-05 - Pan-Pot @ Mixmag DJ Lab, NYC","https://www.mixesdb.com/w/2019-03-05_-_Pan-Pot_@_Mixmag_DJ_Lab,_NYC",,10,39,Kaiserdisco,Fummeltrine [KD Raw - KDRAW027],Kaiserdisco - Fummeltrine [KD Raw - KDRAW027]
"2019-03-05 - Pan-Pot @ Mixmag DJ Lab, NYC","https://www.mixesdb.com/w/2019-03-05_-_Pan-Pot_@_Mixmag_DJ_Lab,_NYC",,11,44,MTD,Imprint [Bipolar Disorder - BDD011],MTD - Imprint [Bipolar Disorder - BDD011]
"2019-03-05 - Pan-Pot @ Mixmag DJ Lab, NYC","https://www.mixesdb.com/w/2019-03-05_-_Pan-Pot_@_Mixmag_DJ_Lab,_NYC",,12,49,,?,?
"2019-03-05 - Pan-Pot @ Mixmag DJ Lab, NYC","https://www.mixesdb.com/w/2019-03-05_-_Pan-Pot_@_Mixmag_DJ_Lab,_NYC",,13,52,Shlomi Aber,Lost In Humanity [BPitch Control - BPC341],Shlomi Aber - Lost In Humanity [BPitch Control - BPC341]
"2019-03-05 - Pan-Pot @ Mixmag DJ Lab, NYC","https://www.mixesdb.com/w/2019-03-05_-_Pan-Pot_@_Mixmag_DJ_Lab,_NYC",,14,57,SRVD,The Yard Man [Rekids - REKIDS134],SRVD - The Yard Man [Rekids - REKIDS134]
"2019-03-05 - Pan-Pot @ Mixmag DJ Lab, NYC","https://www.mixesdb.com/w/2019-03-05_-_Pan-Pot_@_Mixmag_DJ_Lab,_NYC",,15,62,Gary Beck,Bone Jacked [Bek - BEKLP01],Gary Beck - Bone Jacked [Bek - BEKLP01]
"2019-03-05 - Pan-Pot @ Mixmag DJ Lab, NYC","https://www.mixesdb.com/w/2019-03-05_-_Pan-Pot_@_Mixmag_DJ_Lab,_NYC",,16,66,,?,?
"2019-03-05 - Pan-Pot @ Mixmag DJ Lab, NYC","https://www.mixesdb.com/w/2019-03-05_-_Pan-Pot_@_Mixmag_DJ_Lab,_NYC",,17,71,MUUI,Buett (Ray Kajioka Remix) [Paranoid Dancer - PD028],MUUI - Buett (Ray Kajioka Remix) [Paranoid Dancer - PD028]
"2019-03-05 - Pan-Pot @ Mixmag DJ Lab, NYC","https://www.mixesdb.com/w/2019-03-05_-_Pan-Pot_@_Mixmag_DJ_Lab,_NYC",,18,76,Julian Jeweil,Astral [Drumcode - DC199],Julian Jeweil - Astral [Drumcode - DC199]
"2019-03-05 - Pan-Pot @ Mixmag DJ Lab, NYC","https://www.mixesdb.com/w/2019-03-05_-_Pan-Pot_@_Mixmag_DJ_Lab,_NYC",,19,82,Mark Broom,G Theme [Rekids - REKIDS132],Mark Broom - G Theme [Rekids - REKIDS132]
2011-12-21 - Pan-Pot - Xmas Podcast,https://www.mixesdb.com/w/2011-12-21_-_Pan-Pot_-_Xmas_Podcast,,1,01,Robag Wruhme,Thora Vukk [Pampa],Robag Wruhme - Thora Vukk [Pampa]
2011-12-21 - Pan-Pot - Xmas Podcast,https://www.mixesdb.com/w/2011-12-21_-_Pan-Pot_-_Xmas_Podcast,,2,06,Subb-an,This Place (Nic Fanciulli Remix) [Saved],Subb-an - This Place (Nic Fanciulli Remix) [Saved]
2011-12-21 - Pan-Pot - Xmas Podcast,https://www.mixesdb.com/w/2011-12-21_-_Pan-Pot_-_Xmas_Podcast,,3,12,Adam Beyer,No Rain (Radio Slave Berlin Summer Remix) [Truesoul],Adam Beyer - No Rain (Radio Slave Berlin Summer Remix) [Truesoul]
2011-12-21 - Pan-Pot - Xmas Podcast,https://www.mixesdb.com/w/2011-12-21_-_Pan-Pot_-_Xmas_Podcast,,4,20,Audiojack,Get Serious [20:20 Vision],Audiojack - Get Serious [20:20 Vision]
2011-12-21 - Pan-Pot - Xmas Podcast,https://www.mixesdb.com/w/2011-12-21_-_Pan-Pot_-_Xmas_Podcast,,5,26,Joris Voorn vs Moby,After The After [Rejected],Joris Voorn vs Moby - After The After [Rejected]
2011-12-21 - Pan-Pot - Xmas Podcast,https://www.mixesdb.com/w/2011-12-21_-_Pan-Pot_-_Xmas_Podcast,,6,32,Carl Cox,Chemistry (Nicole Moudaber Remix) [Intec],Carl Cox - Chemistry (Nicole Moudaber Remix) [Intec]
2011-12-21 - Pan-Pot - Xmas Podcast,https://www.mixesdb.com/w/2011-12-21_-_Pan-Pot_-_Xmas_Podcast,,7,39,Bryan Zentz,D-Clash (Matador Remix) [Plus 8],Bryan Zentz - D-Clash (Matador Remix) [Plus 8]
2011-12-21 - Pan-Pot - Xmas Podcast,https://www.mixesdb.com/w/2011-12-21_-_Pan-Pot_-_Xmas_Podcast,,8,44,Tony Rohr,Work [Drumcode]<!-- NOT + MAW -->,Tony Rohr - Work [Drumcode]<!-- NOT + MAW -->
2011-12-21 - Pan-Pot - Xmas Podcast,https://www.mixesdb.com/w/2011-12-21_-_Pan-Pot_-_Xmas_Podcast,,9,48,Jay Lumen,Faceball,Jay Lumen - Faceball
2011-12-21 - Pan-Pot - Xmas Podcast,https://www.mixesdb.com/w/2011-12-21_-_Pan-Pot_-_Xmas_Podcast,,10,55,,?,?
2011-12-21 - Pan-Pot - Xmas Podcast,https://www.mixesdb.com/w/2011-12-21_-_Pan-Pot_-_Xmas_Podcast,,11,61,Green Velvet Feat. Russoul,Millie Vanillie [Cajual] ?,Green Velvet Feat. Russoul - Millie Vanillie [Cajual] ?
"2019-10-18 - Pan-Pot @ 909 x Loveland, Mediahaven, ADE","https://www.mixesdb.com/w/2019-10-18_-_Pan-Pot_@_909_x_Loveland,_Mediahaven,_ADE",,1,000,Cari Lekebusch & Jesper Dahlback,Detained Success [H-Productions - HPX109],Cari Lekebusch & Jesper Dahlback - Detained Success [H-Productions - HPX109]
"2019-10-18 - Pan-Pot @ 909 x Loveland, Mediahaven, ADE","https://www.mixesdb.com/w/2019-10-18_-_Pan-Pot_@_909_x_Loveland,_Mediahaven,_ADE",,2,004,Egbert,Dub Dub [Kneaded Pains - KP49],Egbert - Dub Dub [Kneaded Pains - KP49]
"2019-10-18 - Pan-Pot @ 909 x Loveland, Mediahaven, ADE","https://www.mixesdb.com/w/2019-10-18_-_Pan-Pot_@_909_x_Loveland,_Mediahaven,_ADE",,3,008,Roberto Capuano,The Walker [Drumcode - DC213],Roberto Capuano - The Walker [Drumcode - DC213]
"2019-10-18 - Pan-Pot @ 909 x Loveland, Mediahaven, ADE","https://www.mixesdb.com/w/2019-10-18_-_Pan-Pot_@_909_x_Loveland,_Mediahaven,_ADE",,4,013,[ Wex 10 ],Crypto [Odd - ODD033],[ Wex 10 ] - Crypto [Odd - ODD033]
"2019-10-18 - Pan-Pot @ 909 x Loveland, Mediahaven, ADE","https://www.mixesdb.com/w/2019-10-18_-_Pan-Pot_@_909_x_Loveland,_Mediahaven,_ADE",,5,017,Markantonio,Cento (Kaiserdisco Remix) [AnalyticTrail - ANT100],Markantonio - Cento (Kaiserdisco Remix) [AnalyticTrail - ANT100]
"2019-10-18 - Pan-Pot @ 909 x Loveland, Mediahaven, ADE","https://www.mixesdb.com/w/2019-10-18_-_Pan-Pot_@_909_x_Loveland,_Mediahaven,_ADE",,6,021,Setaoc Mass,Bluebells [Soma - SOMA555D],Setaoc Mass - Bluebells [Soma - SOMA555D]
"2019-10-18 - Pan-Pot @ 909 x Loveland, Mediahaven, ADE","https://www.mixesdb.com/w/2019-10-18_-_Pan-Pot_@_909_x_Loveland,_Mediahaven,_ADE",,7,025,Superstrobe & Dominik Vaillant,Point Of No Return [Codex - CODEX032],Superstrobe & Dominik Vaillant - Point Of No Return [Codex - CODEX032]
"2019-10-18 - Pan-Pot @ 909 x Loveland, Mediahaven, ADE","https://www.mixesdb.com/w/2019-10-18_-_Pan-Pot_@_909_x_Loveland,_Mediahaven,_ADE",,8,030,[ Wex 10 ],Iso 90321 [Odd - ODD033],[ Wex 10 ] - Iso 90321 [Odd - ODD033]
"2019-10-18 - Pan-Pot @ 909 x Loveland, Mediahaven, ADE","https://www.mixesdb.com/w/2019-10-18_-_Pan-Pot_@_909_x_Loveland,_Mediahaven,_ADE",,9,035,Giovanni Carozza & JNO,Crispy [Second State - SNDST071],Giovanni Carozza & JNO - Crispy [Second State - SNDST071]
"2019-10-18 - Pan-Pot @ 909 x Loveland, Mediahaven, ADE","https://www.mixesdb.com/w/2019-10-18_-_Pan-Pot_@_909_x_Loveland,_Mediahaven,_ADE",,10,039,Kan,Masquerade (Setaoc Mass Remix) [Corpus - CRPS010],Kan - Masquerade (Setaoc Mass Remix) [Corpus - CRPS010]
"2019-10-18 - Pan-Pot @ 909 x Loveland, Mediahaven, ADE","https://www.mixesdb.com/w/2019-10-18_-_Pan-Pot_@_909_x_Loveland,_Mediahaven,_ADE",,11,043,Marco Bailey,Haku [Drumcode - DC211],Marco Bailey - Haku [Drumcode - DC211]
"2019-10-18 - Pan-Pot @ 909 x Loveland, Mediahaven, ADE","https://www.mixesdb.com/w/2019-10-18_-_Pan-Pot_@_909_x_Loveland,_Mediahaven,_ADE",,12,046,Giovanni Carozza,Closer [Jam - JAM013],Giovanni Carozza - Closer [Jam - JAM013]
"2019-10-18 - Pan-Pot @ 909 x Loveland, Mediahaven, ADE","https://www.mixesdb.com/w/2019-10-18_-_Pan-Pot_@_909_x_Loveland,_Mediahaven,_ADE",,13,051,Rudosa,Obsolescence [Moments In Time - MIT001],Rudosa - Obsolescence [Moments In Time - MIT001]
"2019-10-18 - Pan-Pot @ 909 x Loveland, Mediahaven, ADE","https://www.mixesdb.com/w/2019-10-18_-_Pan-Pot_@_909_x_Loveland,_Mediahaven,_ADE",,14,057,AWeX,It’s Out Future [Plastic City - 10PLAC01],AWeX - It’s Out Future [Plastic City - 10PLAC01]
"2019-10-18 - Pan-Pot @ 909 x Loveland, Mediahaven, ADE","https://www.mixesdb.com/w/2019-10-18_-_Pan-Pot_@_909_x_Loveland,_Mediahaven,_ADE",,15,062,Gary Beck,Rapture [Second State - SNDST071],Gary Beck - Rapture [Second State - SNDST071]
"2019-10-18 - Pan-Pot @ 909 x Loveland, Mediahaven, ADE","https://www.mixesdb.com/w/2019-10-18_-_Pan-Pot_@_909_x_Loveland,_Mediahaven,_ADE",,16,066,Linkan Ray,Amok [Be As One - BAO065],Linkan Ray - Amok [Be As One - BAO065]
"2019-10-18 - Pan-Pot @ 909 x Loveland, Mediahaven, ADE","https://www.mixesdb.com/w/2019-10-18_-_Pan-Pot_@_909_x_Loveland,_Mediahaven,_ADE",,17,070,Giovanni Carozza,Watch Down [Jam - JAM013],Giovanni Carozza - Watch Down [Jam - JAM013]
"2019-10-18 - Pan-Pot @ 909 x Loveland, Mediahaven, ADE","https://www.mixesdb.com/w/2019-10-18_-_Pan-Pot_@_909_x_Loveland,_Mediahaven,_ADE",,18,074,,?,?
"2019-10-18 - Pan-Pot @ 909 x Loveland, Mediahaven, ADE","https://www.mixesdb.com/w/2019-10-18_-_Pan-Pot_@_909_x_Loveland,_Mediahaven,_ADE",,19,077,O.R.B.,Red Tram [After Dark - AD2019003],O.R.B. - Red Tram [After Dark - AD2019003]
"2019-10-18 - Pan-Pot @ 909 x Loveland, Mediahaven, ADE","https://www.mixesdb.com/w/2019-10-18_-_Pan-Pot_@_909_x_Loveland,_Mediahaven,_ADE",,20,082,Fjaak,Phonox [Fjaak - FJAAK005],Fjaak - Phonox [Fjaak - FJAAK005]
"2019-10-18 - Pan-Pot @ 909 x Loveland, Mediahaven, ADE","https://www.mixesdb.com/w/2019-10-18_-_Pan-Pot_@_909_x_Loveland,_Mediahaven,_ADE",,21,087,Michael Klein,Wasser [Second State - SNDST075],Michael Klein - Wasser [Second State - SNDST075]
"2019-10-18 - Pan-Pot @ 909 x Loveland, Mediahaven, ADE","https://www.mixesdb.com/w/2019-10-18_-_Pan-Pot_@_909_x_Loveland,_Mediahaven,_ADE",,22,092,Irregular Synth,Paranoid [Dirty Minds - DM058],Irregular Synth - Paranoid [Dirty Minds - DM058]
"2019-10-18 - Pan-Pot @ 909 x Loveland, Mediahaven, ADE","https://www.mixesdb.com/w/2019-10-18_-_Pan-Pot_@_909_x_Loveland,_Mediahaven,_ADE",,23,097,Josh Wink,Higher State Of Consciousness (Adana Twins Remix Two) [Strictly Rhythm - 4050538589726],Josh Wink - Higher State Of Consciousness (Adana Twins Remix Two) [Strictly Rhythm - 4050538589726]
"2019-10-18 - Pan-Pot @ 909 x Loveland, Mediahaven, ADE","https://www.mixesdb.com/w/2019-10-18_-_Pan-Pot_@_909_x_Loveland,_Mediahaven,_ADE",,24,101,Anfisa Letyago,You Got To Work [Intec - ID190],Anfisa Letyago - You Got To Work [Intec - ID190]
"2019-10-18 - Pan-Pot @ 909 x Loveland, Mediahaven, ADE","https://www.mixesdb.com/w/2019-10-18_-_Pan-Pot_@_909_x_Loveland,_Mediahaven,_ADE",,25,105,Cerebral,Titan (Bastinov Remix) [NM2 - NM2040],Cerebral - Titan (Bastinov Remix) [NM2 - NM2040]
"2019-10-18 - Pan-Pot @ 909 x Loveland, Mediahaven, ADE","https://www.mixesdb.com/w/2019-10-18_-_Pan-Pot_@_909_x_Loveland,_Mediahaven,_ADE",,26,109,Gary Beck,Disgraced Loon [BEK - BEK037],Gary Beck - Disgraced Loon [BEK - BEK037]
"2019-10-18 - Pan-Pot @ 909 x Loveland, Mediahaven, ADE","https://www.mixesdb.com/w/2019-10-18_-_Pan-Pot_@_909_x_Loveland,_Mediahaven,_ADE",,27,113,Michael Klein,Continuation [Cocoon - CORLP047DIGITAL],Michael Klein - Continuation [Cocoon - CORLP047DIGITAL]
"2019-10-18 - Pan-Pot @ 909 x Loveland, Mediahaven, ADE","https://www.mixesdb.com/w/2019-10-18_-_Pan-Pot_@_909_x_Loveland,_Mediahaven,_ADE",,28,118,Human Resource,Dominator [R&S - RS9139],Human Resource - Dominator [R&S - RS9139]
"2018-12-31 - Pan-Pot @ Awakenings - New Years Eve, Gashouder, Amsterdam","https://www.mixesdb.com/w/2018-12-31_-_Pan-Pot_@_Awakenings_-_New_Years_Eve,_Gashouder,_Amsterdam",,1,00,,?,?
"2018-12-31 - Pan-Pot @ Awakenings - New Years Eve, Gashouder, Amsterdam","https://www.mixesdb.com/w/2018-12-31_-_Pan-Pot_@_Awakenings_-_New_Years_Eve,_Gashouder,_Amsterdam",,2,08,Thomas Schumacher & Victor Ruiz,Kaputt [Electric Ballroom - EBM016],Thomas Schumacher & Victor Ruiz - Kaputt [Electric Ballroom - EBM016]
"2018-12-31 - Pan-Pot @ Awakenings - New Years Eve, Gashouder, Amsterdam","https://www.mixesdb.com/w/2018-12-31_-_Pan-Pot_@_Awakenings_-_New_Years_Eve,_Gashouder,_Amsterdam",,3,13,Julian Jeweil,Futura [Drumcode - DC199],Julian Jeweil - Futura [Drumcode - DC199]
"2018-12-31 - Pan-Pot @ Awakenings - New Years Eve, Gashouder, Amsterdam","https://www.mixesdb.com/w/2018-12-31_-_Pan-Pot_@_Awakenings_-_New_Years_Eve,_Gashouder,_Amsterdam",,4,17,Seph (AR),Vector [Aula Magna - AMR014BP],Seph (AR) - Vector [Aula Magna - AMR014BP]
"2018-12-31 - Pan-Pot @ Awakenings - New Years Eve, Gashouder, Amsterdam","https://www.mixesdb.com/w/2018-12-31_-_Pan-Pot_@_Awakenings_-_New_Years_Eve,_Gashouder,_Amsterdam",,5,22,Chipi,Ram 303 [Suara - SCOM033],Chipi - Ram 303 [Suara - SCOM033]
"2018-12-31 - Pan-Pot @ Awakenings - New Years Eve, Gashouder, Amsterdam","https://www.mixesdb.com/w/2018-12-31_-_Pan-Pot_@_Awakenings_-_New_Years_Eve,_Gashouder,_Amsterdam",,6,26,DJ Hyperactive,Wide Open (Len Faki DJ Edit) [Figure - FIGURE40],DJ Hyperactive - Wide Open (Len Faki DJ Edit) [Figure - FIGURE40]
"2018-12-31 - Pan-Pot @ Awakenings - New Years Eve, Gashouder, Amsterdam","https://www.mixesdb.com/w/2018-12-31_-_Pan-Pot_@_Awakenings_-_New_Years_Eve,_Gashouder,_Amsterdam",,7,31,Coyu,Running In Circles (Coyu Raw Mix) [Suara - SUARA339],Coyu - Running In Circles (Coyu Raw Mix) [Suara - SUARA339]
"2018-12-31 - Pan-Pot @ Awakenings - New Years Eve, Gashouder, Amsterdam","https://www.mixesdb.com/w/2018-12-31_-_Pan-Pot_@_Awakenings_-_New_Years_Eve,_Gashouder,_Amsterdam",,8,35,Thomas Schumacher,The Fuzz [Noir - NMW117],Thomas Schumacher - The Fuzz [Noir - NMW117]
"2018-12-31 - Pan-Pot @ Awakenings - New Years Eve, Gashouder, Amsterdam","https://www.mixesdb.com/w/2018-12-31_-_Pan-Pot_@_Awakenings_-_New_Years_Eve,_Gashouder,_Amsterdam",,9,41,Julian Jeweil,Astral [Drumcode - DC199],Julian Jeweil - Astral [Drumcode - DC199]
"2018-12-31 - Pan-Pot @ Awakenings - New Years Eve, Gashouder, Amsterdam","https://www.mixesdb.com/w/2018-12-31_-_Pan-Pot_@_Awakenings_-_New_Years_Eve,_Gashouder,_Amsterdam",,10,46,Keith Carnal,Rolls [Second Degree - SEC001],Keith Carnal - Rolls [Second Degree - SEC001]
"2018-12-31 - Pan-Pot @ Awakenings - New Years Eve, Gashouder, Amsterdam","https://www.mixesdb.com/w/2018-12-31_-_Pan-Pot_@_Awakenings_-_New_Years_Eve,_Gashouder,_Amsterdam",,11,50,Klangkuenstler,Razor [Second State - SNDST065],Klangkuenstler - Razor [Second State - SNDST065]
"2018-12-31 - Pan-Pot @ Awakenings - New Years Eve, Gashouder, Amsterdam","https://www.mixesdb.com/w/2018-12-31_-_Pan-Pot_@_Awakenings_-_New_Years_Eve,_Gashouder,_Amsterdam",,12,55,FJAAK,Drugs [Seilscheibenpfeiler Schallplatten Berlin - SSPB006DNL],FJAAK - Drugs [Seilscheibenpfeiler Schallplatten Berlin - SSPB006DNL]
"2018-12-31 - Pan-Pot @ Awakenings - New Years Eve, Gashouder, Amsterdam","https://www.mixesdb.com/w/2018-12-31_-_Pan-Pot_@_Awakenings_-_New_Years_Eve,_Gashouder,_Amsterdam",,13,61,Gary Beck,Lofajenik [Bek - BEKLP01],Gary Beck - Lofajenik [Bek - BEKLP01]
"2018-12-31 - Pan-Pot @ Awakenings - New Years Eve, Gashouder, Amsterdam","https://www.mixesdb.com/w/2018-12-31_-_Pan-Pot_@_Awakenings_-_New_Years_Eve,_Gashouder,_Amsterdam",,14,65,Pleasurekraft,Main Sequence [Kraftek - KTK059],Pleasurekraft - Main Sequence [Kraftek - KTK059]
"2018-12-31 - Pan-Pot @ Awakenings - New Years Eve, Gashouder, Amsterdam","https://www.mixesdb.com/w/2018-12-31_-_Pan-Pot_@_Awakenings_-_New_Years_Eve,_Gashouder,_Amsterdam",,15,70,Thomas Schumacher,Reversal [Noir - NMW117],Thomas Schumacher - Reversal [Noir - NMW117]
2020-03-22 - Pan-Pot - Last Night a Streaming Saved My Life,https://www.mixesdb.com/w/2020-03-22_-_Pan-Pot_-_Last_Night_a_Streaming_Saved_My_Life,Tassilo,1,00,Mentrix,Nature (Deadbeat's Internal War Dub) [House Of Strength - HOS003],Mentrix - Nature (Deadbeat's Internal War Dub) [House Of Strength - HOS003]
2020-03-22 - Pan-Pot - Last Night a Streaming Saved My Life,https://www.mixesdb.com/w/2020-03-22_-_Pan-Pot_-_Last_Night_a_Streaming_Saved_My_Life,Tassilo,2,04,,?,?
2020-03-22 - Pan-Pot - Last Night a Streaming Saved My Life,https://www.mixesdb.com/w/2020-03-22_-_Pan-Pot_-_Last_Night_a_Streaming_Saved_My_Life,Tassilo,3,09,Floorplan,I Try [Aus - AUSCD012D],Floorplan - I Try [Aus - AUSCD012D]
2020-03-22 - Pan-Pot - Last Night a Streaming Saved My Life,https://www.mixesdb.com/w/2020-03-22_-_Pan-Pot_-_Last_Night_a_Streaming_Saved_My_Life,Tassilo,4,13,Ian O'Donovan,Nightdrive [When We Dip XYZ - 016],Ian O'Donovan - Nightdrive [When We Dip XYZ - 016]
2020-03-22 - Pan-Pot - Last Night a Streaming Saved My Life,https://www.mixesdb.com/w/2020-03-22_-_Pan-Pot_-_Last_Night_a_Streaming_Saved_My_Life,Tassilo,5,18,Marcal,Zero Point [Liberta - LBRT14],Marcal - Zero Point [Liberta - LBRT14]
2020-03-22 - Pan-Pot - Last Night a Streaming Saved My Life,https://www.mixesdb.com/w/2020-03-22_-_Pan-Pot_-_Last_Night_a_Streaming_Saved_My_Life,Tassilo,6,24,Roman Poncet,Focal [Figure - FIGUREX18],Roman Poncet - Focal [Figure - FIGUREX18]
2020-03-22 - Pan-Pot - Last Night a Streaming Saved My Life,https://www.mixesdb.com/w/2020-03-22_-_Pan-Pot_-_Last_Night_a_Streaming_Saved_My_Life,Tassilo,7,29,M.I.T.A.,Multiplex [EI8HT - EI8HT007],M.I.T.A. - Multiplex [EI8HT - EI8HT007]
2020-03-22 - Pan-Pot - Last Night a Streaming Saved My Life,https://www.mixesdb.com/w/2020-03-22_-_Pan-Pot_-_Last_Night_a_Streaming_Saved_My_Life,Tassilo,8,34,FBK,Headless (Len Faki Hardspace Mix) [Rekids - REKIDS151],FBK - Headless (Len Faki Hardspace Mix) [Rekids - REKIDS151]
2020-03-22 - Pan-Pot - Last Night a Streaming Saved My Life,https://www.mixesdb.com/w/2020-03-22_-_Pan-Pot_-_Last_Night_a_Streaming_Saved_My_Life,Tassilo,9,37,Rene Wise,Sling Jockey [Mote Evolver - MOTE056D],Rene Wise - Sling Jockey [Mote Evolver - MOTE056D]
2020-03-22 - Pan-Pot - Last Night a Streaming Saved My Life,https://www.mixesdb.com/w/2020-03-22_-_Pan-Pot_-_Last_Night_a_Streaming_Saved_My_Life,Tassilo,10,43,Pan-Pot,Confronted (Pan-Pot Basement Remix) [Second State - SNDST070],Pan-Pot - Confronted (Pan-Pot Basement Remix) [Second State - SNDST070]
2020-03-22 - Pan-Pot - Last Night a Streaming Saved My Life,https://www.mixesdb.com/w/2020-03-22_-_Pan-Pot_-_Last_Night_a_Streaming_Saved_My_Life,Tassilo,11,49,Ian O'Donovan,Astra [When We Dip XYZ - 016],Ian O'Donovan - Astra [When We Dip XYZ - 016]
2020-03-22 - Pan-Pot - Last Night a Streaming Saved My Life,https://www.mixesdb.com/w/2020-03-22_-_Pan-Pot_-_Last_Night_a_Streaming_Saved_My_Life,Thomas,1,00,Cøncenträte,Absence (Heiko Laux Remix) [Gynoid - GYNOID020],Cøncenträte - Absence (Heiko Laux Remix) [Gynoid - GYNOID020]
2020-03-22 - Pan-Pot - Last Night a Streaming Saved My Life,https://www.mixesdb.com/w/2020-03-22_-_Pan-Pot_-_Last_Night_a_Streaming_Saved_My_Life,Thomas,2,05,Ø [Phase],Obscura (B-Line Enhanced Version) [Token - PH4533D],Ø [Phase] - Obscura (B-Line Enhanced Version) [Token - PH4533D]
2020-03-22 - Pan-Pot - Last Night a Streaming Saved My Life,https://www.mixesdb.com/w/2020-03-22_-_Pan-Pot_-_Last_Night_a_Streaming_Saved_My_Life,Thomas,3,10,Deas,Dark Illusion [Materia - MATERIA031],Deas - Dark Illusion [Materia - MATERIA031]
2020-03-22 - Pan-Pot - Last Night a Streaming Saved My Life,https://www.mixesdb.com/w/2020-03-22_-_Pan-Pot_-_Last_Night_a_Streaming_Saved_My_Life,Thomas,4,16,MATRiXXMAN,Hong Kong ((Night)) [Planet X - PX003],MATRiXXMAN - Hong Kong ((Night)) [Planet X - PX003]
2020-03-22 - Pan-Pot - Last Night a Streaming Saved My Life,https://www.mixesdb.com/w/2020-03-22_-_Pan-Pot_-_Last_Night_a_Streaming_Saved_My_Life,Thomas,5,20,,?,?
2020-03-22 - Pan-Pot - Last Night a Streaming Saved My Life,https://www.mixesdb.com/w/2020-03-22_-_Pan-Pot_-_Last_Night_a_Streaming_Saved_My_Life,Thomas,6,26,MRD,First Love [Arts - ARTSX012],MRD - First Love [Arts - ARTSX012]
2020-03-22 - Pan-Pot - Last Night a Streaming Saved My Life,https://www.mixesdb.com/w/2020-03-22_-_Pan-Pot_-_Last_Night_a_Streaming_Saved_My_Life,Thomas,7,30,Peder Mannerfelt,Black Alert [Voam - VOAM003],Peder Mannerfelt - Black Alert [Voam - VOAM003]
2020-03-22 - Pan-Pot - Last Night a Streaming Saved My Life,https://www.mixesdb.com/w/2020-03-22_-_Pan-Pot_-_Last_Night_a_Streaming_Saved_My_Life,Thomas,8,36,Surgeon,First (Outline Mix) (Len Faki Hardspace Mix) [LF RMX - LFRMX019],Surgeon - First (Outline Mix) (Len Faki Hardspace Mix) [LF RMX - LFRMX019]
2020-03-22 - Pan-Pot - Last Night a Streaming Saved My Life,https://www.mixesdb.com/w/2020-03-22_-_Pan-Pot_-_Last_Night_a_Streaming_Saved_My_Life,Thomas,9,41,,?,?
2020-03-22 - Pan-Pot - Last Night a Streaming Saved My Life,https://www.mixesdb.com/w/2020-03-22_-_Pan-Pot_-_Last_Night_a_Streaming_Saved_My_Life,Thomas,10,45,Ignacio Arfeli,Pattern Clear [Secluded - STD222],Ignacio Arfeli - Pattern Clear [Secluded - STD222]
2020-03-22 - Pan-Pot - Last Night a Streaming Saved My Life,https://www.mixesdb.com/w/2020-03-22_-_Pan-Pot_-_Last_Night_a_Streaming_Saved_My_Life,Thomas,11,51,K.A.L.I.L. & Cam Harris,Order [Second State - SNDST076],K.A.L.I.L. & Cam Harris - Order [Second State - SNDST076]
2020-03-06 - Pan-Pot - CU Techno 25 (9 Essentials Mix) / True Techno Podcast 25,https://www.mixesdb.com/w/2020-03-06_-_Pan-Pot_-_CU_Techno_25_(9_Essentials_Mix)_/_True_Techno_Podcast_25,,1,00:00,Escapist,Define Us,Escapist - Define Us
2020-03-06 - Pan-Pot - CU Techno 25 (9 Essentials Mix) / True Techno Podcast 25,https://www.mixesdb.com/w/2020-03-06_-_Pan-Pot_-_CU_Techno_25_(9_Essentials_Mix)_/_True_Techno_Podcast_25,,2,01:25,"Mod21, Irakli",34 Choices Of Gender (Len Faki Hardspace Mix),"Mod21, Irakli - 34 Choices Of Gender (Len Faki Hardspace Mix)"
2020-03-06 - Pan-Pot - CU Techno 25 (9 Essentials Mix) / True Techno Podcast 25,https://www.mixesdb.com/w/2020-03-06_-_Pan-Pot_-_CU_Techno_25_(9_Essentials_Mix)_/_True_Techno_Podcast_25,,3,06:38,Kaspiann,Solaris Iterations III,Kaspiann - Solaris Iterations III
2020-03-06 - Pan-Pot - CU Techno 25 (9 Essentials Mix) / True Techno Podcast 25,https://www.mixesdb.com/w/2020-03-06_-_Pan-Pot_-_CU_Techno_25_(9_Essentials_Mix)_/_True_Techno_Podcast_25,,4,10:50,Elad Magdasi,120 Miles West (Kyle Geiger & Quint Remix) [Front Left],Elad Magdasi - 120 Miles West (Kyle Geiger & Quint Remix) [Front Left]
2020-03-06 - Pan-Pot - CU Techno 25 (9 Essentials Mix) / True Techno Podcast 25,https://www.mixesdb.com/w/2020-03-06_-_Pan-Pot_-_CU_Techno_25_(9_Essentials_Mix)_/_True_Techno_Podcast_25,,5,15:45,DEAS,Space Race [Second State Audio],DEAS - Space Race [Second State Audio]
2020-03-06 - Pan-Pot - CU Techno 25 (9 Essentials Mix) / True Techno Podcast 25,https://www.mixesdb.com/w/2020-03-06_-_Pan-Pot_-_CU_Techno_25_(9_Essentials_Mix)_/_True_Techno_Podcast_25,,6,19:30,Rocko Garoni Feat. Cook Strummer,It's All Yours,Rocko Garoni Feat. Cook Strummer - It's All Yours
2020-03-06 - Pan-Pot - CU Techno 25 (9 Essentials Mix) / True Techno Podcast 25,https://www.mixesdb.com/w/2020-03-06_-_Pan-Pot_-_CU_Techno_25_(9_Essentials_Mix)_/_True_Techno_Podcast_25,,7,24:50,Michael Klein,Hoisin [Second State Audio],Michael Klein - Hoisin [Second State Audio]
2020-03-06 - Pan-Pot - CU Techno 25 (9 Essentials Mix) / True Techno Podcast 25,https://www.mixesdb.com/w/2020-03-06_-_Pan-Pot_-_CU_Techno_25_(9_Essentials_Mix)_/_True_Techno_Podcast_25,,8,30:02,Proxima,Reason,Proxima - Reason
2020-03-06 - Pan-Pot - CU Techno 25 (9 Essentials Mix) / True Techno Podcast 25,https://www.mixesdb.com/w/2020-03-06_-_Pan-Pot_-_CU_Techno_25_(9_Essentials_Mix)_/_True_Techno_Podcast_25,,9,34:42,Random XS,Give Your Body (Delta Funktionen 3AM Mix) [Delsin],Random XS - Give Your Body (Delta Funktionen 3AM Mix) [Delsin]
"2018-07-09 - Pan-Pot @ Feel Festival, Bergheider See, Germany","https://www.mixesdb.com/w/2018-07-09_-_Pan-Pot_@_Feel_Festival,_Bergheider_See,_Germany",,1,000,Luca Marchese,More Love [Redrum - REDRUM024],Luca Marchese - More Love [Redrum - REDRUM024]
"2018-07-09 - Pan-Pot @ Feel Festival, Bergheider See, Germany","https://www.mixesdb.com/w/2018-07-09_-_Pan-Pot_@_Feel_Festival,_Bergheider_See,_Germany",,2,005,Mr.G,Playerz [Phoenix G - PG047],Mr.G - Playerz [Phoenix G - PG047]
"2018-07-09 - Pan-Pot @ Feel Festival, Bergheider See, Germany","https://www.mixesdb.com/w/2018-07-09_-_Pan-Pot_@_Feel_Festival,_Bergheider_See,_Germany",,3,010,Steve Bug & Clé,Voodoo (Reset Robot Remix) [Knee Deep In Sound - KD058],Steve Bug & Clé - Voodoo (Reset Robot Remix) [Knee Deep In Sound - KD058]
"2018-07-09 - Pan-Pot @ Feel Festival, Bergheider See, Germany","https://www.mixesdb.com/w/2018-07-09_-_Pan-Pot_@_Feel_Festival,_Bergheider_See,_Germany",,4,014,Carlo Ruetz,Artefact [Senso - SENSO036],Carlo Ruetz - Artefact [Senso - SENSO036]
"2018-07-09 - Pan-Pot @ Feel Festival, Bergheider See, Germany","https://www.mixesdb.com/w/2018-07-09_-_Pan-Pot_@_Feel_Festival,_Bergheider_See,_Germany",,5,019,Comuno,Hyaena [KD - KDM068],Comuno - Hyaena [KD - KDM068]
"2018-07-09 - Pan-Pot @ Feel Festival, Bergheider See, Germany","https://www.mixesdb.com/w/2018-07-09_-_Pan-Pot_@_Feel_Festival,_Bergheider_See,_Germany",,6,025,Bart Skils & Reinier Zonneveld,Snakecharmer [Filth on Acid - FOA024],Bart Skils & Reinier Zonneveld - Snakecharmer [Filth on Acid - FOA024]
"2018-07-09 - Pan-Pot @ Feel Festival, Bergheider See, Germany","https://www.mixesdb.com/w/2018-07-09_-_Pan-Pot_@_Feel_Festival,_Bergheider_See,_Germany",,7,028,Avision,Free Your Mind [MATTER - MAT014],Avision - Free Your Mind [MATTER - MAT014]
"2018-07-09 - Pan-Pot @ Feel Festival, Bergheider See, Germany","https://www.mixesdb.com/w/2018-07-09_-_Pan-Pot_@_Feel_Festival,_Bergheider_See,_Germany",,8,033,Maceo Plex vs. Swayzak,5th Dimensional Groove [Ellum - ELL041D],Maceo Plex vs. Swayzak - 5th Dimensional Groove [Ellum - ELL041D]
"2018-07-09 - Pan-Pot @ Feel Festival, Bergheider See, Germany","https://www.mixesdb.com/w/2018-07-09_-_Pan-Pot_@_Feel_Festival,_Bergheider_See,_Germany",,9,038,Kaiserdisco & Karotte,Crane [Elevate - ELV101],Kaiserdisco & Karotte - Crane [Elevate - ELV101]
"2018-07-09 - Pan-Pot @ Feel Festival, Bergheider See, Germany","https://www.mixesdb.com/w/2018-07-09_-_Pan-Pot_@_Feel_Festival,_Bergheider_See,_Germany",,10,043,Nick Curly,Helter Skelter [Truesoul - TRUE1287],Nick Curly - Helter Skelter [Truesoul - TRUE1287]
"2018-07-09 - Pan-Pot @ Feel Festival, Bergheider See, Germany","https://www.mixesdb.com/w/2018-07-09_-_Pan-Pot_@_Feel_Festival,_Bergheider_See,_Germany",,11,048,DJ Hell,Guede (ARTBAT Rave Mix) [International DeeJay Gigolo - 10133510],DJ Hell - Guede (ARTBAT Rave Mix) [International DeeJay Gigolo - 10133510]
"2018-07-09 - Pan-Pot @ Feel Festival, Bergheider See, Germany","https://www.mixesdb.com/w/2018-07-09_-_Pan-Pot_@_Feel_Festival,_Bergheider_See,_Germany",,12,053,Catz 'n Dogz Feat. Monty Luke,They Frontin' [Get Physical - GPM192],Catz 'n Dogz Feat. Monty Luke - They Frontin' [Get Physical - GPM192]
"2018-07-09 - Pan-Pot @ Feel Festival, Bergheider See, Germany","https://www.mixesdb.com/w/2018-07-09_-_Pan-Pot_@_Feel_Festival,_Bergheider_See,_Germany",,13,057,Pirupa,Let's Boogie [Stereo Productions - SP233],Pirupa - Let's Boogie [Stereo Productions - SP233]
"2018-07-09 - Pan-Pot @ Feel Festival, Bergheider See, Germany","https://www.mixesdb.com/w/2018-07-09_-_Pan-Pot_@_Feel_Festival,_Bergheider_See,_Germany",,14,063,Ray Kajioka,One After The Other [Kanzleramt - 4050486975312],Ray Kajioka - One After The Other [Kanzleramt - 4050486975312]
"2018-07-09 - Pan-Pot @ Feel Festival, Bergheider See, Germany","https://www.mixesdb.com/w/2018-07-09_-_Pan-Pot_@_Feel_Festival,_Bergheider_See,_Germany",,15,067,Aitor Ronda,Efimero [Octopus - OCT134],Aitor Ronda - Efimero [Octopus - OCT134]
"2018-07-09 - Pan-Pot @ Feel Festival, Bergheider See, Germany","https://www.mixesdb.com/w/2018-07-09_-_Pan-Pot_@_Feel_Festival,_Bergheider_See,_Germany",,16,072,Marco Bailey,Acid Dragon [Materia - MATERIA012],Marco Bailey - Acid Dragon [Materia - MATERIA012]
"2018-07-09 - Pan-Pot @ Feel Festival, Bergheider See, Germany","https://www.mixesdb.com/w/2018-07-09_-_Pan-Pot_@_Feel_Festival,_Bergheider_See,_Germany",,17,076,Ben Champell,Plate (Drumcomplex Remix) [BluFin - BF243],Ben Champell - Plate (Drumcomplex Remix) [BluFin - BF243]
"2018-07-09 - Pan-Pot @ Feel Festival, Bergheider See, Germany","https://www.mixesdb.com/w/2018-07-09_-_Pan-Pot_@_Feel_Festival,_Bergheider_See,_Germany",,18,080,Charlotte de Witte,The Healer [novamute - BINOMU183],Charlotte de Witte - The Healer [novamute - BINOMU183]
"2018-07-09 - Pan-Pot @ Feel Festival, Bergheider See, Germany","https://www.mixesdb.com/w/2018-07-09_-_Pan-Pot_@_Feel_Festival,_Bergheider_See,_Germany",,19,086,TKNO,Sanctuary (Avision Remix) [Off- OFF163],TKNO - Sanctuary (Avision Remix) [Off- OFF163]
"2018-07-09 - Pan-Pot @ Feel Festival, Bergheider See, Germany","https://www.mixesdb.com/w/2018-07-09_-_Pan-Pot_@_Feel_Festival,_Bergheider_See,_Germany",,20,089,Sebastian Mullaert,Windmaker [Hypercolour - HYPE052],Sebastian Mullaert - Windmaker [Hypercolour - HYPE052]
"2018-07-09 - Pan-Pot @ Feel Festival, Bergheider See, Germany","https://www.mixesdb.com/w/2018-07-09_-_Pan-Pot_@_Feel_Festival,_Bergheider_See,_Germany",,21,096,SHDW & Obscure Shape,Gesang der Toten Dinge (Konstantin Sibold Version) [From Another Mind - FAM004V2],SHDW & Obscure Shape - Gesang der Toten Dinge (Konstantin Sibold Version) [From Another Mind - FAM004V2]
"2018-07-09 - Pan-Pot @ Feel Festival, Bergheider See, Germany","https://www.mixesdb.com/w/2018-07-09_-_Pan-Pot_@_Feel_Festival,_Bergheider_See,_Germany",,22,101,D-Nox & Beckers,The Cave [Suara - SUARA085],D-Nox & Beckers - The Cave [Suara - SUARA085]
"2018-07-09 - Pan-Pot @ Feel Festival, Bergheider See, Germany","https://www.mixesdb.com/w/2018-07-09_-_Pan-Pot_@_Feel_Festival,_Bergheider_See,_Germany",,23,107,Oscar L,Multiplayer [Truesoul - TRUE12109],Oscar L - Multiplayer [Truesoul - TRUE12109]
"2018-07-09 - Pan-Pot @ Feel Festival, Bergheider See, Germany","https://www.mixesdb.com/w/2018-07-09_-_Pan-Pot_@_Feel_Festival,_Bergheider_See,_Germany",,24,112,,?,?
"2018-07-09 - Pan-Pot @ Feel Festival, Bergheider See, Germany","https://www.mixesdb.com/w/2018-07-09_-_Pan-Pot_@_Feel_Festival,_Bergheider_See,_Germany",,25,116,Anthony Attalla,Fundamentals [Kling Klong - KLING123],Anthony Attalla - Fundamentals [Kling Klong - KLING123]
"2018-07-09 - Pan-Pot @ Feel Festival, Bergheider See, Germany","https://www.mixesdb.com/w/2018-07-09_-_Pan-Pot_@_Feel_Festival,_Bergheider_See,_Germany",,26,120,OD Muzique & Mark Holmes [Berwick Street,BSR040X],OD Muzique & Mark Holmes [Berwick Street - BSR040X]
"2018-07-09 - Pan-Pot @ Feel Festival, Bergheider See, Germany","https://www.mixesdb.com/w/2018-07-09_-_Pan-Pot_@_Feel_Festival,_Bergheider_See,_Germany",,27,128,Pirupa,West Avenue [Stereo Productions - SP233],Pirupa - West Avenue [Stereo Productions - SP233]
"2018-07-09 - Pan-Pot @ Feel Festival, Bergheider See, Germany","https://www.mixesdb.com/w/2018-07-09_-_Pan-Pot_@_Feel_Festival,_Bergheider_See,_Germany",,28,134,Maceo Plex,Solar Detroit [Cr2 Compilations - CR2C002],Maceo Plex - Solar Detroit [Cr2 Compilations - CR2C002]
"2018-07-09 - Pan-Pot @ Feel Festival, Bergheider See, Germany","https://www.mixesdb.com/w/2018-07-09_-_Pan-Pot_@_Feel_Festival,_Bergheider_See,_Germany",,29,139,,?,?
"2018-07-09 - Pan-Pot @ Feel Festival, Bergheider See, Germany","https://www.mixesdb.com/w/2018-07-09_-_Pan-Pot_@_Feel_Festival,_Bergheider_See,_Germany",,30,143,Rod,Hor [Klockworks - KW19],Rod - Hor [Klockworks - KW19]
"2018-07-09 - Pan-Pot @ Feel Festival, Bergheider See, Germany","https://www.mixesdb.com/w/2018-07-09_-_Pan-Pot_@_Feel_Festival,_Bergheider_See,_Germany",,31,148,Riva Starr Pres. Hyperloop,Resilience [Truesoul - TRUE12100],Riva Starr Pres. Hyperloop - Resilience [Truesoul - TRUE12100]
"2018-07-09 - Pan-Pot @ Feel Festival, Bergheider See, Germany","https://www.mixesdb.com/w/2018-07-09_-_Pan-Pot_@_Feel_Festival,_Bergheider_See,_Germany",,32,155,Maceo Plex,Conjure Superstar [Kompakt - KOMPAKT306],Maceo Plex - Conjure Superstar [Kompakt - KOMPAKT306]
"2018-07-09 - Pan-Pot @ Feel Festival, Bergheider See, Germany","https://www.mixesdb.com/w/2018-07-09_-_Pan-Pot_@_Feel_Festival,_Bergheider_See,_Germany",,33,160,Ian Ludvig,Having Fun [Sousa-Label - SL0099],Ian Ludvig - Having Fun [Sousa-Label - SL0099]
"2018-07-09 - Pan-Pot @ Feel Festival, Bergheider See, Germany","https://www.mixesdb.com/w/2018-07-09_-_Pan-Pot_@_Feel_Festival,_Bergheider_See,_Germany",,34,165,Fast Eddie,Acid Thunder (Fast Thunder) (DJ T. Edit) [Get Physical - GPMCD072],Fast Eddie - Acid Thunder (Fast Thunder) (DJ T. Edit) [Get Physical - GPMCD072]
"2018-07-09 - Pan-Pot @ Feel Festival, Bergheider See, Germany","https://www.mixesdb.com/w/2018-07-09_-_Pan-Pot_@_Feel_Festival,_Bergheider_See,_Germany",,35,170,Andrew Meller,Born Slippy (Reincarnation Mix) [Glasgow Underground - GU348],Andrew Meller - Born Slippy (Reincarnation Mix) [Glasgow Underground - GU348]
"2018-07-09 - Pan-Pot @ Feel Festival, Bergheider See, Germany","https://www.mixesdb.com/w/2018-07-09_-_Pan-Pot_@_Feel_Festival,_Bergheider_See,_Germany",,36,175,Christian Burkhardt & Einzelkind,Icon (CD Version) [Cocoon - CORCD027],Christian Burkhardt & Einzelkind - Icon (CD Version) [Cocoon - CORCD027]
"2018-07-09 - Pan-Pot @ Feel Festival, Bergheider See, Germany","https://www.mixesdb.com/w/2018-07-09_-_Pan-Pot_@_Feel_Festival,_Bergheider_See,_Germany",,37,179,Chuckie,The Watchtower [Desolat - DESOLAT055],Chuckie - The Watchtower [Desolat - DESOLAT055]
"2018-07-09 - Pan-Pot @ Feel Festival, Bergheider See, Germany","https://www.mixesdb.com/w/2018-07-09_-_Pan-Pot_@_Feel_Festival,_Bergheider_See,_Germany",,38,183,Sebo K,Eyes Wide Open [Rekids - REKIDS110],Sebo K - Eyes Wide Open [Rekids - REKIDS110]
"2018-07-09 - Pan-Pot @ Feel Festival, Bergheider See, Germany","https://www.mixesdb.com/w/2018-07-09_-_Pan-Pot_@_Feel_Festival,_Bergheider_See,_Germany",,39,187,Dennis Ferrer & Jerome Sydenham,Checkmate The King [Objektivity - OBJ047D],Dennis Ferrer & Jerome Sydenham - Checkmate The King [Objektivity - OBJ047D]
"2018-07-09 - Pan-Pot @ Feel Festival, Bergheider See, Germany","https://www.mixesdb.com/w/2018-07-09_-_Pan-Pot_@_Feel_Festival,_Bergheider_See,_Germany",,40,190,Camea,JAK U (Matrixxman Self Love Mix) [Neverwhere - NVR004D],Camea - JAK U (Matrixxman Self Love Mix) [Neverwhere - NVR004D]
"2018-07-09 - Pan-Pot @ Feel Festival, Bergheider See, Germany","https://www.mixesdb.com/w/2018-07-09_-_Pan-Pot_@_Feel_Festival,_Bergheider_See,_Germany",,41,195,Rebolledo,Discotico Plexico (Maceo Plex Remix) [Hippie Dance - HIPPIEDANCE10D2],Rebolledo - Discotico Plexico (Maceo Plex Remix) [Hippie Dance - HIPPIEDANCE10D2]
"2018-07-09 - Pan-Pot @ Feel Festival, Bergheider See, Germany","https://www.mixesdb.com/w/2018-07-09_-_Pan-Pot_@_Feel_Festival,_Bergheider_See,_Germany",,42,201,,?,?
"2018-07-09 - Pan-Pot @ Feel Festival, Bergheider See, Germany","https://www.mixesdb.com/w/2018-07-09_-_Pan-Pot_@_Feel_Festival,_Bergheider_See,_Germany",,43,207,Adam Beyer & Bart Skils,Your Mind [Drumcode - DC191],Adam Beyer & Bart Skils - Your Mind [Drumcode - DC191]
"2018-07-09 - Pan-Pot @ Feel Festival, Bergheider See, Germany","https://www.mixesdb.com/w/2018-07-09_-_Pan-Pot_@_Feel_Festival,_Bergheider_See,_Germany",,44,213,Harvey McKay,Goodbye [Soma - SOMA368D],Harvey McKay - Goodbye [Soma - SOMA368D]
"2018-07-09 - Pan-Pot @ Feel Festival, Bergheider See, Germany","https://www.mixesdb.com/w/2018-07-09_-_Pan-Pot_@_Feel_Festival,_Bergheider_See,_Germany",,45,217,Heartthrob,Stop Lorraine (No One's Gonna Stop Mix) [Play It Say It - PLAY023],Heartthrob - Stop Lorraine (No One's Gonna Stop Mix) [Play It Say It - PLAY023]
"2018-07-09 - Pan-Pot @ Feel Festival, Bergheider See, Germany","https://www.mixesdb.com/w/2018-07-09_-_Pan-Pot_@_Feel_Festival,_Bergheider_See,_Germany",,46,223,Heiko Laux,Dry Me (Acid Mix) [Klockworks - KW17],Heiko Laux - Dry Me (Acid Mix) [Klockworks - KW17]
"2018-07-09 - Pan-Pot @ Feel Festival, Bergheider See, Germany","https://www.mixesdb.com/w/2018-07-09_-_Pan-Pot_@_Feel_Festival,_Bergheider_See,_Germany",,47,230,Toni Alvarez & Miguel do Reis,Pump Up The Swag (M. Fukuda Remix) [Eclipse - ECLR099],Toni Alvarez & Miguel do Reis - Pump Up The Swag (M. Fukuda Remix) [Eclipse - ECLR099]
"2018-07-09 - Pan-Pot @ Feel Festival, Bergheider See, Germany","https://www.mixesdb.com/w/2018-07-09_-_Pan-Pot_@_Feel_Festival,_Bergheider_See,_Germany",,48,234,Len Faki & Regal,Abroad [Figure - FIGURE77],Len Faki & Regal - Abroad [Figure - FIGURE77]
"2018-07-09 - Pan-Pot @ Feel Festival, Bergheider See, Germany","https://www.mixesdb.com/w/2018-07-09_-_Pan-Pot_@_Feel_Festival,_Bergheider_See,_Germany",,49,239,Oliver Lieb,Gone [Tronic - TR289],Oliver Lieb - Gone [Tronic - TR289]
"2018-07-09 - Pan-Pot @ Feel Festival, Bergheider See, Germany","https://www.mixesdb.com/w/2018-07-09_-_Pan-Pot_@_Feel_Festival,_Bergheider_See,_Germany",,50,245,KiNK,Strings [Clone Royal Oak - ROYAL32],KiNK - Strings [Clone Royal Oak - ROYAL32]
"2018-07-09 - Pan-Pot @ Feel Festival, Bergheider See, Germany","https://www.mixesdb.com/w/2018-07-09_-_Pan-Pot_@_Feel_Festival,_Bergheider_See,_Germany",,51,251,Sven Väth,Schubdüse (Anthony Rother Remix) [Cocoon - CORDIG026],Sven Väth - Schubdüse (Anthony Rother Remix) [Cocoon - CORDIG026]
"2018-07-09 - Pan-Pot @ Feel Festival, Bergheider See, Germany","https://www.mixesdb.com/w/2018-07-09_-_Pan-Pot_@_Feel_Festival,_Bergheider_See,_Germany",,52,255,747,Pangea [Aquaregia - AQR008],747 - Pangea [Aquaregia - AQR008]
"2018-07-09 - Pan-Pot @ Feel Festival, Bergheider See, Germany","https://www.mixesdb.com/w/2018-07-09_-_Pan-Pot_@_Feel_Festival,_Bergheider_See,_Germany",,53,264,Mark Reeve,Far Away [Drumcode - DC187],Mark Reeve - Far Away [Drumcode - DC187]
"2018-07-09 - Pan-Pot @ Feel Festival, Bergheider See, Germany","https://www.mixesdb.com/w/2018-07-09_-_Pan-Pot_@_Feel_Festival,_Bergheider_See,_Germany",,54,268,Odd Parents,Learn To Fly (Maceo Plex Dub) [Ellum - ELL020],Odd Parents - Learn To Fly (Maceo Plex Dub) [Ellum - ELL020]
"2018-07-09 - Pan-Pot @ Feel Festival, Bergheider See, Germany","https://www.mixesdb.com/w/2018-07-09_-_Pan-Pot_@_Feel_Festival,_Bergheider_See,_Germany",,55,274,Bibio,Lovers Carvings (Oscar OZZ Edit),Bibio - Lovers Carvings (Oscar OZZ Edit)
"2018-07-09 - Pan-Pot @ Feel Festival, Bergheider See, Germany","https://www.mixesdb.com/w/2018-07-09_-_Pan-Pot_@_Feel_Festival,_Bergheider_See,_Germany",,56,280,Cassy & Demuir,Please Me (Fixation Mix) [Kwench - KWR002],Cassy & Demuir - Please Me (Fixation Mix) [Kwench - KWR002]
"2018-07-09 - Pan-Pot @ Feel Festival, Bergheider See, Germany","https://www.mixesdb.com/w/2018-07-09_-_Pan-Pot_@_Feel_Festival,_Bergheider_See,_Germany",,57,287,D'Julz,Shy Town [Rekids - REKIDS098],D'Julz - Shy Town [Rekids - REKIDS098]
"2010-07-10 - Pan-Pot @ Slam Tent, T In The Park, Scotland","https://www.mixesdb.com/w/2010-07-10_-_Pan-Pot_@_Slam_Tent,_T_In_The_Park,_Scotland",,1,00,Nir Shoshani,Ligation [Punch - PM 006],Nir Shoshani - Ligation [Punch - PM 006]
"2010-07-10 - Pan-Pot @ Slam Tent, T In The Park, Scotland","https://www.mixesdb.com/w/2010-07-10_-_Pan-Pot_@_Slam_Tent,_T_In_The_Park,_Scotland",,2,05,Julian Jeweil,Soho,Julian Jeweil - Soho
"2010-07-10 - Pan-Pot @ Slam Tent, T In The Park, Scotland","https://www.mixesdb.com/w/2010-07-10_-_Pan-Pot_@_Slam_Tent,_T_In_The_Park,_Scotland",,3,11,Daniele Papini,Fog [Plusquam - PQ 267],Daniele Papini - Fog [Plusquam - PQ 267]
"2010-07-10 - Pan-Pot @ Slam Tent, T In The Park, Scotland","https://www.mixesdb.com/w/2010-07-10_-_Pan-Pot_@_Slam_Tent,_T_In_The_Park,_Scotland",,4,16,Egbert,Haasten [GEM - 004],Egbert - Haasten [GEM - 004]
"2010-07-10 - Pan-Pot @ Slam Tent, T In The Park, Scotland","https://www.mixesdb.com/w/2010-07-10_-_Pan-Pot_@_Slam_Tent,_T_In_The_Park,_Scotland",,5,22,Alex Di Stefano,Something Is Movin [Mantiderecords.Com - MNT 035],Alex Di Stefano - Something Is Movin [Mantiderecords.Com - MNT 035]
"2010-07-10 - Pan-Pot @ Slam Tent, T In The Park, Scotland","https://www.mixesdb.com/w/2010-07-10_-_Pan-Pot_@_Slam_Tent,_T_In_The_Park,_Scotland",,6,27,Slam & Various,Collecting Data [Soma - SOMADA 096],Slam & Various - Collecting Data [Soma - SOMADA 096]
"2010-07-10 - Pan-Pot @ Slam Tent, T In The Park, Scotland","https://www.mixesdb.com/w/2010-07-10_-_Pan-Pot_@_Slam_Tent,_T_In_The_Park,_Scotland",,7,34,Christian Smith & Gabe,Fidelidade [Toolroom - TOOL 094/02Z],Christian Smith & Gabe - Fidelidade [Toolroom - TOOL 094/02Z]
"2010-07-10 - Pan-Pot @ Slam Tent, T In The Park, Scotland","https://www.mixesdb.com/w/2010-07-10_-_Pan-Pot_@_Slam_Tent,_T_In_The_Park,_Scotland",,8,39,Marc Depulse,PS You Rock (Spektre Remix) [Gastspiel - GSPCOMP 089],Marc Depulse - PS You Rock (Spektre Remix) [Gastspiel - GSPCOMP 089]
"2010-07-10 - Pan-Pot @ Slam Tent, T In The Park, Scotland","https://www.mixesdb.com/w/2010-07-10_-_Pan-Pot_@_Slam_Tent,_T_In_The_Park,_Scotland",,9,46,Pan-Pot,Confronted (Adam Beyer & Jesper Dahlbäck Remix) [Mobilee - 061],Pan-Pot - Confronted (Adam Beyer & Jesper Dahlbäck Remix) [Mobilee - 061]
2014-03-13 - Pan-Pot - Clubz The Sun Exclusive Mix,https://www.mixesdb.com/w/2014-03-13_-_Pan-Pot_-_Clubz_The_Sun_Exclusive_Mix,,1,,Wehbba,Red Shuffle (Dubspeeka Remix),Wehbba - Red Shuffle (Dubspeeka Remix)
2014-03-13 - Pan-Pot - Clubz The Sun Exclusive Mix,https://www.mixesdb.com/w/2014-03-13_-_Pan-Pot_-_Clubz_The_Sun_Exclusive_Mix,,2,,Tiger Stripes,Keep A Movin' [Desolat - 036],Tiger Stripes - Keep A Movin' [Desolat - 036]
2014-03-13 - Pan-Pot - Clubz The Sun Exclusive Mix,https://www.mixesdb.com/w/2014-03-13_-_Pan-Pot_-_Clubz_The_Sun_Exclusive_Mix,,3,,Oliver Huntemann,Schatten [Ideal],Oliver Huntemann - Schatten [Ideal]
2014-03-13 - Pan-Pot - Clubz The Sun Exclusive Mix,https://www.mixesdb.com/w/2014-03-13_-_Pan-Pot_-_Clubz_The_Sun_Exclusive_Mix,,4,,Gregor Tresher & Petar Dundov,Taurus [Break New Soil - BNS 044],Gregor Tresher & Petar Dundov - Taurus [Break New Soil - BNS 044]
2014-03-13 - Pan-Pot - Clubz The Sun Exclusive Mix,https://www.mixesdb.com/w/2014-03-13_-_Pan-Pot_-_Clubz_The_Sun_Exclusive_Mix,,5,,Monoloc,Try (Monoloc Edit) [CLR - 070],Monoloc - Try (Monoloc Edit) [CLR - 070]
2014-03-13 - Pan-Pot - Clubz The Sun Exclusive Mix,https://www.mixesdb.com/w/2014-03-13_-_Pan-Pot_-_Clubz_The_Sun_Exclusive_Mix,,6,,Harvey McKay,Start Running [Drumcode - DC 124],Harvey McKay - Start Running [Drumcode - DC 124]
2014-03-13 - Pan-Pot - Clubz The Sun Exclusive Mix,https://www.mixesdb.com/w/2014-03-13_-_Pan-Pot_-_Clubz_The_Sun_Exclusive_Mix,,7,,Sam Paganini,Shade [Driving Forces],Sam Paganini - Shade [Driving Forces]
2014-03-13 - Pan-Pot - Clubz The Sun Exclusive Mix,https://www.mixesdb.com/w/2014-03-13_-_Pan-Pot_-_Clubz_The_Sun_Exclusive_Mix,,8,,WHYT NOYZ,Shift [SCI & TEC Digital],WHYT NOYZ - Shift [SCI & TEC Digital]
2014-03-13 - Pan-Pot - Clubz The Sun Exclusive Mix,https://www.mixesdb.com/w/2014-03-13_-_Pan-Pot_-_Clubz_The_Sun_Exclusive_Mix,,9,,"Sasha Carassi, Jay Lumen",Give Yourself,"Sasha Carassi, Jay Lumen - Give Yourself"
2014-03-13 - Pan-Pot - Clubz The Sun Exclusive Mix,https://www.mixesdb.com/w/2014-03-13_-_Pan-Pot_-_Clubz_The_Sun_Exclusive_Mix,,10,,Alex Dolby,Paranco [Affekt - AFK 007],Alex Dolby - Paranco [Affekt - AFK 007]
2014-03-13 - Pan-Pot - Clubz The Sun Exclusive Mix,https://www.mixesdb.com/w/2014-03-13_-_Pan-Pot_-_Clubz_The_Sun_Exclusive_Mix,,11,,Leon,King Of The Jungle [Genial - 003],Leon - King Of The Jungle [Genial - 003]
"2011-06-18 - Pan-Pot @ Mobilee & Friends, Hotel Diagonal, Sonar","https://www.mixesdb.com/w/2011-06-18_-_Pan-Pot_@_Mobilee_&_Friends,_Hotel_Diagonal,_Sonar",,1,000,Mousse T,Join (Butch Remix),Mousse T - Join (Butch Remix)
"2011-06-18 - Pan-Pot @ Mobilee & Friends, Hotel Diagonal, Sonar","https://www.mixesdb.com/w/2011-06-18_-_Pan-Pot_@_Mobilee_&_Friends,_Hotel_Diagonal,_Sonar",,2,0??,Mark Fanciulli,The Tide (Joris Voorn Edit),Mark Fanciulli - The Tide (Joris Voorn Edit)
"2011-06-18 - Pan-Pot @ Mobilee & Friends, Hotel Diagonal, Sonar","https://www.mixesdb.com/w/2011-06-18_-_Pan-Pot_@_Mobilee_&_Friends,_Hotel_Diagonal,_Sonar",,3,013,Stefano Esposito,Acid Groove,Stefano Esposito - Acid Groove
"2011-06-18 - Pan-Pot @ Mobilee & Friends, Hotel Diagonal, Sonar","https://www.mixesdb.com/w/2011-06-18_-_Pan-Pot_@_Mobilee_&_Friends,_Hotel_Diagonal,_Sonar",,4,019,Tom Flynn,Budgie Smuggler,Tom Flynn - Budgie Smuggler
"2011-06-18 - Pan-Pot @ Mobilee & Friends, Hotel Diagonal, Sonar","https://www.mixesdb.com/w/2011-06-18_-_Pan-Pot_@_Mobilee_&_Friends,_Hotel_Diagonal,_Sonar",,5,024,Julio Bashmore,Battle For Middle You,Julio Bashmore - Battle For Middle You
"2011-06-18 - Pan-Pot @ Mobilee & Friends, Hotel Diagonal, Sonar","https://www.mixesdb.com/w/2011-06-18_-_Pan-Pot_@_Mobilee_&_Friends,_Hotel_Diagonal,_Sonar",,6,028,Philip Bader,For You,Philip Bader - For You
"2011-06-18 - Pan-Pot @ Mobilee & Friends, Hotel Diagonal, Sonar","https://www.mixesdb.com/w/2011-06-18_-_Pan-Pot_@_Mobilee_&_Friends,_Hotel_Diagonal,_Sonar",,7,035,Matthias Meyer Feat. Christopher Groove,More Or Less,Matthias Meyer Feat. Christopher Groove - More Or Less
"2011-06-18 - Pan-Pot @ Mobilee & Friends, Hotel Diagonal, Sonar","https://www.mixesdb.com/w/2011-06-18_-_Pan-Pot_@_Mobilee_&_Friends,_Hotel_Diagonal,_Sonar",,8,0??,Darius Syrossian,Stay Up Dancin Get In Monday (2000 and One & Lauhaus Remix),Darius Syrossian - Stay Up Dancin Get In Monday (2000 and One & Lauhaus Remix)
"2011-06-18 - Pan-Pot @ Mobilee & Friends, Hotel Diagonal, Sonar","https://www.mixesdb.com/w/2011-06-18_-_Pan-Pot_@_Mobilee_&_Friends,_Hotel_Diagonal,_Sonar",,9,049,Bushwacka!,West Side,Bushwacka! - West Side
"2011-06-18 - Pan-Pot @ Mobilee & Friends, Hotel Diagonal, Sonar","https://www.mixesdb.com/w/2011-06-18_-_Pan-Pot_@_Mobilee_&_Friends,_Hotel_Diagonal,_Sonar",,10,0??,Gabriel Rocha,Ride On Time,Gabriel Rocha - Ride On Time
"2011-06-18 - Pan-Pot @ Mobilee & Friends, Hotel Diagonal, Sonar","https://www.mixesdb.com/w/2011-06-18_-_Pan-Pot_@_Mobilee_&_Friends,_Hotel_Diagonal,_Sonar",,11,0??,DOP,Your Sex,DOP - Your Sex
"2011-06-18 - Pan-Pot @ Mobilee & Friends, Hotel Diagonal, Sonar","https://www.mixesdb.com/w/2011-06-18_-_Pan-Pot_@_Mobilee_&_Friends,_Hotel_Diagonal,_Sonar",,12,065,Mark Reeve,Morning On Mars,Mark Reeve - Morning On Mars
"2011-06-18 - Pan-Pot @ Mobilee & Friends, Hotel Diagonal, Sonar","https://www.mixesdb.com/w/2011-06-18_-_Pan-Pot_@_Mobilee_&_Friends,_Hotel_Diagonal,_Sonar",,13,071,John Acquaviva & Alex D'Elia & Nihil Young Feat. Dan Diamond,Good Music,John Acquaviva & Alex D'Elia & Nihil Young Feat. Dan Diamond - Good Music
"2011-06-18 - Pan-Pot @ Mobilee & Friends, Hotel Diagonal, Sonar","https://www.mixesdb.com/w/2011-06-18_-_Pan-Pot_@_Mobilee_&_Friends,_Hotel_Diagonal,_Sonar",,14,077,Namito,Marathon,Namito - Marathon
"2011-06-18 - Pan-Pot @ Mobilee & Friends, Hotel Diagonal, Sonar","https://www.mixesdb.com/w/2011-06-18_-_Pan-Pot_@_Mobilee_&_Friends,_Hotel_Diagonal,_Sonar",,15,084,Slam Feat. Tyrone,Lifetimes,Slam Feat. Tyrone - Lifetimes
"2011-06-18 - Pan-Pot @ Mobilee & Friends, Hotel Diagonal, Sonar","https://www.mixesdb.com/w/2011-06-18_-_Pan-Pot_@_Mobilee_&_Friends,_Hotel_Diagonal,_Sonar",,16,0??,Pan-Pot Feat. Cari Golden,Captain My Captain,Pan-Pot Feat. Cari Golden - Captain My Captain
"2011-06-18 - Pan-Pot @ Mobilee & Friends, Hotel Diagonal, Sonar","https://www.mixesdb.com/w/2011-06-18_-_Pan-Pot_@_Mobilee_&_Friends,_Hotel_Diagonal,_Sonar",,17,095,Christian Smith,East Village,Christian Smith - East Village
"2011-06-18 - Pan-Pot @ Mobilee & Friends, Hotel Diagonal, Sonar","https://www.mixesdb.com/w/2011-06-18_-_Pan-Pot_@_Mobilee_&_Friends,_Hotel_Diagonal,_Sonar",,18,10?,FM Radio Gods,333 (D-Nox & Beckers Remix),FM Radio Gods - 333 (D-Nox & Beckers Remix)
"2011-06-18 - Pan-Pot @ Mobilee & Friends, Hotel Diagonal, Sonar","https://www.mixesdb.com/w/2011-06-18_-_Pan-Pot_@_Mobilee_&_Friends,_Hotel_Diagonal,_Sonar",,19,107,Flora Cruz,Let The Sunshine Out (Jerome Sydenham Vocal Dub),Flora Cruz - Let The Sunshine Out (Jerome Sydenham Vocal Dub)
"2011-06-18 - Pan-Pot @ Mobilee & Friends, Hotel Diagonal, Sonar","https://www.mixesdb.com/w/2011-06-18_-_Pan-Pot_@_Mobilee_&_Friends,_Hotel_Diagonal,_Sonar",,20,112,Chris Lake,Secrets In The Dark (Hector Couto Remix),Chris Lake - Secrets In The Dark (Hector Couto Remix)
"2011-06-18 - Pan-Pot @ Mobilee & Friends, Hotel Diagonal, Sonar","https://www.mixesdb.com/w/2011-06-18_-_Pan-Pot_@_Mobilee_&_Friends,_Hotel_Diagonal,_Sonar",,21,118,FM Radio Gods,333 (D-Nox & Beckers Remix),FM Radio Gods - 333 (D-Nox & Beckers Remix)
"2011-06-18 - Pan-Pot @ Mobilee & Friends, Hotel Diagonal, Sonar","https://www.mixesdb.com/w/2011-06-18_-_Pan-Pot_@_Mobilee_&_Friends,_Hotel_Diagonal,_Sonar",,22,124,Claude VonStroke,Who's Afraid Of Detroit (3 Channels Remix),Claude VonStroke - Who's Afraid Of Detroit (3 Channels Remix)
"2011-06-18 - Pan-Pot @ Mobilee & Friends, Hotel Diagonal, Sonar","https://www.mixesdb.com/w/2011-06-18_-_Pan-Pot_@_Mobilee_&_Friends,_Hotel_Diagonal,_Sonar",,23,1??,Cirez D,Full Stop,Cirez D - Full Stop
"2011-06-18 - Pan-Pot @ Mobilee & Friends, Hotel Diagonal, Sonar","https://www.mixesdb.com/w/2011-06-18_-_Pan-Pot_@_Mobilee_&_Friends,_Hotel_Diagonal,_Sonar",,24,134,Wehbba,The Speech (D-Nox & Beckers Remix),Wehbba - The Speech (D-Nox & Beckers Remix)
"2011-06-18 - Pan-Pot @ Mobilee & Friends, Hotel Diagonal, Sonar","https://www.mixesdb.com/w/2011-06-18_-_Pan-Pot_@_Mobilee_&_Friends,_Hotel_Diagonal,_Sonar",,25,140,Christian Smith,The Price Of Freedom,Christian Smith - The Price Of Freedom
"2011-06-18 - Pan-Pot @ Mobilee & Friends, Hotel Diagonal, Sonar","https://www.mixesdb.com/w/2011-06-18_-_Pan-Pot_@_Mobilee_&_Friends,_Hotel_Diagonal,_Sonar",,26,146,,?,?
"2011-06-18 - Pan-Pot @ Mobilee & Friends, Hotel Diagonal, Sonar","https://www.mixesdb.com/w/2011-06-18_-_Pan-Pot_@_Mobilee_&_Friends,_Hotel_Diagonal,_Sonar",,27,153,Robotman,Do Da Doo (Christian Smith Tech House Remix),Robotman - Do Da Doo (Christian Smith Tech House Remix)
"2011-06-18 - Pan-Pot @ Mobilee & Friends, Hotel Diagonal, Sonar","https://www.mixesdb.com/w/2011-06-18_-_Pan-Pot_@_Mobilee_&_Friends,_Hotel_Diagonal,_Sonar",,28,158,Daft Punk,Rock N Roll,Daft Punk - Rock N Roll
"2011-06-18 - Pan-Pot @ Mobilee & Friends, Hotel Diagonal, Sonar","https://www.mixesdb.com/w/2011-06-18_-_Pan-Pot_@_Mobilee_&_Friends,_Hotel_Diagonal,_Sonar",,29,163,Green Velvet,Flash (Danny Tenaglia Nitrous Oxide Mix),Green Velvet - Flash (Danny Tenaglia Nitrous Oxide Mix)
"2011-06-18 - Pan-Pot @ Mobilee & Friends, Hotel Diagonal, Sonar","https://www.mixesdb.com/w/2011-06-18_-_Pan-Pot_@_Mobilee_&_Friends,_Hotel_Diagonal,_Sonar",,30,170,Pan-Pot,Confronted,Pan-Pot - Confronted
"2011-06-18 - Pan-Pot @ Mobilee & Friends, Hotel Diagonal, Sonar","https://www.mixesdb.com/w/2011-06-18_-_Pan-Pot_@_Mobilee_&_Friends,_Hotel_Diagonal,_Sonar",,31,1??,,?,?
"2011-06-18 - Pan-Pot @ Mobilee & Friends, Hotel Diagonal, Sonar","https://www.mixesdb.com/w/2011-06-18_-_Pan-Pot_@_Mobilee_&_Friends,_Hotel_Diagonal,_Sonar",,32,186,Excision & Datsik,Swagga,Excision & Datsik - Swagga
"2011-06-18 - Pan-Pot @ Mobilee & Friends, Hotel Diagonal, Sonar","https://www.mixesdb.com/w/2011-06-18_-_Pan-Pot_@_Mobilee_&_Friends,_Hotel_Diagonal,_Sonar",,33,192,Marc Romboy & Blake Baxter,Muzik (KiNK Remix),Marc Romboy & Blake Baxter - Muzik (KiNK Remix)
"2011-06-18 - Pan-Pot @ Mobilee & Friends, Hotel Diagonal, Sonar","https://www.mixesdb.com/w/2011-06-18_-_Pan-Pot_@_Mobilee_&_Friends,_Hotel_Diagonal,_Sonar",,34,199,Bibio,Lovers Carvings (Catz 'N Dogz Re-Edit),Bibio - Lovers Carvings (Catz 'N Dogz Re-Edit)
"2018-06-30 - Pan-Pot @ Awakenings, Spaarnwoude, Amsterdam","https://www.mixesdb.com/w/2018-06-30_-_Pan-Pot_@_Awakenings,_Spaarnwoude,_Amsterdam",,1,000,Pan-Pot,Startphase [Second State - SNDST050,Pan-Pot - Startphase [Second State - SNDST050
"2018-06-30 - Pan-Pot @ Awakenings, Spaarnwoude, Amsterdam","https://www.mixesdb.com/w/2018-06-30_-_Pan-Pot_@_Awakenings,_Spaarnwoude,_Amsterdam",,2,004,Aitor Ronda,Efimero [Octopus - OCT134],Aitor Ronda - Efimero [Octopus - OCT134]
"2018-06-30 - Pan-Pot @ Awakenings, Spaarnwoude, Amsterdam","https://www.mixesdb.com/w/2018-06-30_-_Pan-Pot_@_Awakenings,_Spaarnwoude,_Amsterdam",,3,008,Deas,Plan X [Secret Room - SRR004],Deas - Plan X [Secret Room - SRR004]
"2018-06-30 - Pan-Pot @ Awakenings, Spaarnwoude, Amsterdam","https://www.mixesdb.com/w/2018-06-30_-_Pan-Pot_@_Awakenings,_Spaarnwoude,_Amsterdam",,4,012,Wehbba,Process [Drumcode - DC192],Wehbba - Process [Drumcode - DC192]
"2018-06-30 - Pan-Pot @ Awakenings, Spaarnwoude, Amsterdam","https://www.mixesdb.com/w/2018-06-30_-_Pan-Pot_@_Awakenings,_Spaarnwoude,_Amsterdam",,5,017,,?,?
"2018-06-30 - Pan-Pot @ Awakenings, Spaarnwoude, Amsterdam","https://www.mixesdb.com/w/2018-06-30_-_Pan-Pot_@_Awakenings,_Spaarnwoude,_Amsterdam",,6,020,Drunken Kong,Repeat [Octopus - OCT132],Drunken Kong - Repeat [Octopus - OCT132]
"2018-06-30 - Pan-Pot @ Awakenings, Spaarnwoude, Amsterdam","https://www.mixesdb.com/w/2018-06-30_-_Pan-Pot_@_Awakenings,_Spaarnwoude,_Amsterdam",,7,025,Obscure Shape,Wächter Der Nacht [From Another Mind - FAM005],Obscure Shape - Wächter Der Nacht [From Another Mind - FAM005]
"2018-06-30 - Pan-Pot @ Awakenings, Spaarnwoude, Amsterdam","https://www.mixesdb.com/w/2018-06-30_-_Pan-Pot_@_Awakenings,_Spaarnwoude,_Amsterdam",,8,028,Teenage Mutants,Into The Rave﻿ [Octopus - OCT135],Teenage Mutants - Into The Rave﻿ [Octopus - OCT135]
"2018-06-30 - Pan-Pot @ Awakenings, Spaarnwoude, Amsterdam","https://www.mixesdb.com/w/2018-06-30_-_Pan-Pot_@_Awakenings,_Spaarnwoude,_Amsterdam",,9,032,Oliver Way,Lucky Dip (Barrow Boy Remix) [ePM - EPM62D],Oliver Way - Lucky Dip (Barrow Boy Remix) [ePM - EPM62D]
"2018-06-30 - Pan-Pot @ Awakenings, Spaarnwoude, Amsterdam","https://www.mixesdb.com/w/2018-06-30_-_Pan-Pot_@_Awakenings,_Spaarnwoude,_Amsterdam",,10,037,Pan-Pot,Funke [Second State Audio - SNDST045],Pan-Pot - Funke [Second State Audio - SNDST045]
"2018-06-30 - Pan-Pot @ Awakenings, Spaarnwoude, Amsterdam","https://www.mixesdb.com/w/2018-06-30_-_Pan-Pot_@_Awakenings,_Spaarnwoude,_Amsterdam",,11,043,Gary Beck,Just One More [We Are The Brave - WATB010],Gary Beck - Just One More [We Are The Brave - WATB010]
"2018-06-30 - Pan-Pot @ Awakenings, Spaarnwoude, Amsterdam","https://www.mixesdb.com/w/2018-06-30_-_Pan-Pot_@_Awakenings,_Spaarnwoude,_Amsterdam",,12,046,Alias,NRG [Drumcode - DC189],Alias - NRG [Drumcode - DC189]
"2018-06-30 - Pan-Pot @ Awakenings, Spaarnwoude, Amsterdam","https://www.mixesdb.com/w/2018-06-30_-_Pan-Pot_@_Awakenings,_Spaarnwoude,_Amsterdam",,13,050,Diego Amura,Euphasia [Etruria Beat - ETB046],Diego Amura - Euphasia [Etruria Beat - ETB046]
"2018-06-30 - Pan-Pot @ Awakenings, Spaarnwoude, Amsterdam","https://www.mixesdb.com/w/2018-06-30_-_Pan-Pot_@_Awakenings,_Spaarnwoude,_Amsterdam",,14,054,Balthazar & JackRock,Rave Story [Odd - ODD017],Balthazar & JackRock - Rave Story [Odd - ODD017]
"2018-06-30 - Pan-Pot @ Awakenings, Spaarnwoude, Amsterdam","https://www.mixesdb.com/w/2018-06-30_-_Pan-Pot_@_Awakenings,_Spaarnwoude,_Amsterdam",,15,059,Robert Hood,Low Life [M-Plant - MPM30],Robert Hood - Low Life [M-Plant - MPM30]
"2018-06-30 - Pan-Pot @ Awakenings, Spaarnwoude, Amsterdam","https://www.mixesdb.com/w/2018-06-30_-_Pan-Pot_@_Awakenings,_Spaarnwoude,_Amsterdam",,16,063,KlangKuenstler,Continuum [Second State],KlangKuenstler - Continuum [Second State]
"2018-06-30 - Pan-Pot @ Awakenings, Spaarnwoude, Amsterdam","https://www.mixesdb.com/w/2018-06-30_-_Pan-Pot_@_Awakenings,_Spaarnwoude,_Amsterdam",,17,067,Confidns,6 Sekunden [Second State - SNDST048],Confidns - 6 Sekunden [Second State - SNDST048]
"2018-06-30 - Pan-Pot @ Awakenings, Spaarnwoude, Amsterdam","https://www.mixesdb.com/w/2018-06-30_-_Pan-Pot_@_Awakenings,_Spaarnwoude,_Amsterdam",,18,072,Flug,Rave (Coyu Raw Mix) [Suara - SUARA315],Flug - Rave (Coyu Raw Mix) [Suara - SUARA315]
"2018-06-30 - Pan-Pot @ Awakenings, Spaarnwoude, Amsterdam","https://www.mixesdb.com/w/2018-06-30_-_Pan-Pot_@_Awakenings,_Spaarnwoude,_Amsterdam",,19,076,DJ One Finger,One Finger [Missile - MISSILE204],DJ One Finger - One Finger [Missile - MISSILE204]
"2018-06-30 - Pan-Pot @ Awakenings, Spaarnwoude, Amsterdam","https://www.mixesdb.com/w/2018-06-30_-_Pan-Pot_@_Awakenings,_Spaarnwoude,_Amsterdam",,20,082,Adam Beyer & Bart Skils,Your Mind [Drumcode - DC191],Adam Beyer & Bart Skils - Your Mind [Drumcode - DC191]
"2011-03-19 - Pan-Pot @ Fuse, Brussels","https://www.mixesdb.com/w/2011-03-19_-_Pan-Pot_@_Fuse,_Brussels",,1,00,Marc Romboy,The Overture (Egbert Remix),Marc Romboy - The Overture (Egbert Remix)
"2011-03-19 - Pan-Pot @ Fuse, Brussels","https://www.mixesdb.com/w/2011-03-19_-_Pan-Pot_@_Fuse,_Brussels",,2,07,Pan-Pot Feat. Cari Golden,Captain My Captain,Pan-Pot Feat. Cari Golden - Captain My Captain
"2011-03-19 - Pan-Pot @ Fuse, Brussels","https://www.mixesdb.com/w/2011-03-19_-_Pan-Pot_@_Fuse,_Brussels",,3,15,Luca Bacchetti,What Your Soul Sings (Paul Ritch Remix) [Hideout],Luca Bacchetti - What Your Soul Sings (Paul Ritch Remix) [Hideout]
"2011-03-19 - Pan-Pot @ Fuse, Brussels","https://www.mixesdb.com/w/2011-03-19_-_Pan-Pot_@_Fuse,_Brussels",,4,22,,?,?
"2011-03-19 - Pan-Pot @ Fuse, Brussels","https://www.mixesdb.com/w/2011-03-19_-_Pan-Pot_@_Fuse,_Brussels",,5,31,Pfirter,The Dub Track (Len Faki Remix),Pfirter - The Dub Track (Len Faki Remix)
"2011-03-19 - Pan-Pot @ Fuse, Brussels","https://www.mixesdb.com/w/2011-03-19_-_Pan-Pot_@_Fuse,_Brussels",,6,40,Paul Ritch,Common Sense,Paul Ritch - Common Sense
"2011-03-19 - Pan-Pot @ Fuse, Brussels","https://www.mixesdb.com/w/2011-03-19_-_Pan-Pot_@_Fuse,_Brussels",,7,46,Green Velvet,Flash (The Advent & Industrialyzer Remix) [Relief],Green Velvet - Flash (The Advent & Industrialyzer Remix) [Relief]
"2011-03-19 - Pan-Pot @ Fuse, Brussels","https://www.mixesdb.com/w/2011-03-19_-_Pan-Pot_@_Fuse,_Brussels",,8,52,Slam,Night Train [Drumcode],Slam - Night Train [Drumcode]
"2011-03-19 - Pan-Pot @ Fuse, Brussels","https://www.mixesdb.com/w/2011-03-19_-_Pan-Pot_@_Fuse,_Brussels",,9,58,,?,?
2020-08-22 - Pan-Pot - Beatport ReConnect (TogetherForBeruit),https://www.mixesdb.com/w/2020-08-22_-_Pan-Pot_-_Beatport_ReConnect_(TogetherForBeruit),,1,01,Moby,My Only Love (Modeselektor Remix) [Little Idiot - IDIOT089],Moby - My Only Love (Modeselektor Remix) [Little Idiot - IDIOT089]
2020-08-22 - Pan-Pot - Beatport ReConnect (TogetherForBeruit),https://www.mixesdb.com/w/2020-08-22_-_Pan-Pot_-_Beatport_ReConnect_(TogetherForBeruit),,2,02,Ackermann,Linearität [Lehmann - LHMNN005],Ackermann - Linearität [Lehmann - LHMNN005]
2020-08-22 - Pan-Pot - Beatport ReConnect (TogetherForBeruit),https://www.mixesdb.com/w/2020-08-22_-_Pan-Pot_-_Beatport_ReConnect_(TogetherForBeruit),,3,06,Flug & Sebastian Lopez,The Piano [UNCAGE - UNCAGEMISSION01],Flug & Sebastian Lopez - The Piano [UNCAGE - UNCAGEMISSION01]
2020-08-22 - Pan-Pot - Beatport ReConnect (TogetherForBeruit),https://www.mixesdb.com/w/2020-08-22_-_Pan-Pot_-_Beatport_ReConnect_(TogetherForBeruit),,4,10,Andre Winter & Wavestein,Kontrol (Hatzler Remix) [Jannowitz - JANNOWITZ079],Andre Winter & Wavestein - Kontrol (Hatzler Remix) [Jannowitz - JANNOWITZ079]
2020-08-22 - Pan-Pot - Beatport ReConnect (TogetherForBeruit),https://www.mixesdb.com/w/2020-08-22_-_Pan-Pot_-_Beatport_ReConnect_(TogetherForBeruit),,5,14,The Advent,Witches Spell [Suara - SUARA401],The Advent - Witches Spell [Suara - SUARA401]
2020-08-22 - Pan-Pot - Beatport ReConnect (TogetherForBeruit),https://www.mixesdb.com/w/2020-08-22_-_Pan-Pot_-_Beatport_ReConnect_(TogetherForBeruit),,6,20,David Löhlein,Jaleysa [Lehmann - LHMNN005],David Löhlein - Jaleysa [Lehmann - LHMNN005]
2020-08-22 - Pan-Pot - Beatport ReConnect (TogetherForBeruit),https://www.mixesdb.com/w/2020-08-22_-_Pan-Pot_-_Beatport_ReConnect_(TogetherForBeruit),,7,25,Arthur Robert,Cautious [Figure - FIGUREX20],Arthur Robert - Cautious [Figure - FIGUREX20]
2020-08-22 - Pan-Pot - Beatport ReConnect (TogetherForBeruit),https://www.mixesdb.com/w/2020-08-22_-_Pan-Pot_-_Beatport_ReConnect_(TogetherForBeruit),,8,30,Moses (IN),Disturbing Thoughts [Be As One - BAOX08],Moses (IN) - Disturbing Thoughts [Be As One - BAOX08]
2020-08-22 - Pan-Pot - Beatport ReConnect (TogetherForBeruit),https://www.mixesdb.com/w/2020-08-22_-_Pan-Pot_-_Beatport_ReConnect_(TogetherForBeruit),,9,34,Fjaak,Pal [FJAAK - SYS01],Fjaak - Pal [FJAAK - SYS01]
2020-08-22 - Pan-Pot - Beatport ReConnect (TogetherForBeruit),https://www.mixesdb.com/w/2020-08-22_-_Pan-Pot_-_Beatport_ReConnect_(TogetherForBeruit),,10,39,Radio Slave,Year Of The Snake [Rekids - REKIDS161],Radio Slave - Year Of The Snake [Rekids - REKIDS161]
2020-08-22 - Pan-Pot - Beatport ReConnect (TogetherForBeruit),https://www.mixesdb.com/w/2020-08-22_-_Pan-Pot_-_Beatport_ReConnect_(TogetherForBeruit),,11,46,Amotik,Chauwan [Amotik - AMTK011],Amotik - Chauwan [Amotik - AMTK011]
2020-08-22 - Pan-Pot - Beatport ReConnect (TogetherForBeruit),https://www.mixesdb.com/w/2020-08-22_-_Pan-Pot_-_Beatport_ReConnect_(TogetherForBeruit),,12,52,Wigbert & Pan-Pot,Xcelerator (Remix) [Second State - SNDST088RS1],Wigbert & Pan-Pot - Xcelerator (Remix) [Second State - SNDST088RS1]
2020-08-22 - Pan-Pot - Beatport ReConnect (TogetherForBeruit),https://www.mixesdb.com/w/2020-08-22_-_Pan-Pot_-_Beatport_ReConnect_(TogetherForBeruit),,13,56,,?,?
2009-10-26 - Pan-Pot - CLR Podcast 035,https://www.mixesdb.com/w/2009-10-26_-_Pan-Pot_-_CLR_Podcast_035,,1,00:00,Marc Romboy vs. Blake Baxter,Where Would You Be? [Systematic],Marc Romboy vs. Blake Baxter - Where Would You Be? [Systematic]
2009-10-26 - Pan-Pot - CLR Podcast 035,https://www.mixesdb.com/w/2009-10-26_-_Pan-Pot_-_CLR_Podcast_035,,2,00:30,Tiger Stripes,Waterdance [Drumcode],Tiger Stripes - Waterdance [Drumcode]
2009-10-26 - Pan-Pot - CLR Podcast 035,https://www.mixesdb.com/w/2009-10-26_-_Pan-Pot_-_CLR_Podcast_035,,3,05:10,André Winter,Dogma (Pan-Pot Remix) [Ideal Audio - 08-6],André Winter - Dogma (Pan-Pot Remix) [Ideal Audio - 08-6]
2009-10-26 - Pan-Pot - CLR Podcast 035,https://www.mixesdb.com/w/2009-10-26_-_Pan-Pot_-_CLR_Podcast_035,,4,08:20,Rejected,Peanuts,Rejected - Peanuts
2009-10-26 - Pan-Pot - CLR Podcast 035,https://www.mixesdb.com/w/2009-10-26_-_Pan-Pot_-_CLR_Podcast_035,,5,11:50,Pascal Mollin,Elephant (Pan-Pot Remix) [Touched],Pascal Mollin - Elephant (Pan-Pot Remix) [Touched]
2009-10-26 - Pan-Pot - CLR Podcast 035,https://www.mixesdb.com/w/2009-10-26_-_Pan-Pot_-_CLR_Podcast_035,,6,18:20,Deepgroove,Spike (Mark Broom Remix),Deepgroove - Spike (Mark Broom Remix)
2009-10-26 - Pan-Pot - CLR Podcast 035,https://www.mixesdb.com/w/2009-10-26_-_Pan-Pot_-_CLR_Podcast_035,,7,18:50,The Advent & Industrialyzer,Tech Moda,The Advent & Industrialyzer - Tech Moda
2009-10-26 - Pan-Pot - CLR Podcast 035,https://www.mixesdb.com/w/2009-10-26_-_Pan-Pot_-_CLR_Podcast_035,,8,21:17,,?,?
2009-10-26 - Pan-Pot - CLR Podcast 035,https://www.mixesdb.com/w/2009-10-26_-_Pan-Pot_-_CLR_Podcast_035,,9,25:20,Jay Lumen And Cosmophunk,Yes (Matteo DiMarr Remix),Jay Lumen And Cosmophunk - Yes (Matteo DiMarr Remix)
2009-10-26 - Pan-Pot - CLR Podcast 035,https://www.mixesdb.com/w/2009-10-26_-_Pan-Pot_-_CLR_Podcast_035,,10,30:27,,?,?
2009-10-26 - Pan-Pot - CLR Podcast 035,https://www.mixesdb.com/w/2009-10-26_-_Pan-Pot_-_CLR_Podcast_035,,11,36:55,Oliver Huntemann,Bloody Mary,Oliver Huntemann - Bloody Mary
2009-10-26 - Pan-Pot - CLR Podcast 035,https://www.mixesdb.com/w/2009-10-26_-_Pan-Pot_-_CLR_Podcast_035,,12,41:20,Dubfire,Rabid,Dubfire - Rabid
2009-10-26 - Pan-Pot - CLR Podcast 035,https://www.mixesdb.com/w/2009-10-26_-_Pan-Pot_-_CLR_Podcast_035,,13,47:57,Joris Voorn,Chase The Mouse,Joris Voorn - Chase The Mouse
2009-10-26 - Pan-Pot - CLR Podcast 035,https://www.mixesdb.com/w/2009-10-26_-_Pan-Pot_-_CLR_Podcast_035,,14,54:00,Gramatik,Don't Get Weary,Gramatik - Don't Get Weary
2021-10-01 - Pan-Pot - Drumcode Radio (DCR583),https://www.mixesdb.com/w/2021-10-01_-_Pan-Pot_-_Drumcode_Radio_(DCR583),,1,00,Inherent Stasis,Quietlucidity [Data Roaming],Inherent Stasis - Quietlucidity [Data Roaming]
2021-10-01 - Pan-Pot - Drumcode Radio (DCR583),https://www.mixesdb.com/w/2021-10-01_-_Pan-Pot_-_Drumcode_Radio_(DCR583),,2,04,Elad Magdasi & Fedriger,You Are Not Alone [Front Left],Elad Magdasi & Fedriger - You Are Not Alone [Front Left]
2021-10-01 - Pan-Pot - Drumcode Radio (DCR583),https://www.mixesdb.com/w/2021-10-01_-_Pan-Pot_-_Drumcode_Radio_(DCR583),,3,08,Pan-Pot & Konrad Kanton,Onno [Second State],Pan-Pot & Konrad Kanton - Onno [Second State]
2021-10-01 - Pan-Pot - Drumcode Radio (DCR583),https://www.mixesdb.com/w/2021-10-01_-_Pan-Pot_-_Drumcode_Radio_(DCR583),,4,14,Indira Paganotto,Red Ninja (Shlomi Aber Remix) [Second State],Indira Paganotto - Red Ninja (Shlomi Aber Remix) [Second State]
2021-10-01 - Pan-Pot - Drumcode Radio (DCR583),https://www.mixesdb.com/w/2021-10-01_-_Pan-Pot_-_Drumcode_Radio_(DCR583),,5,18,RECYCLE,Recycle #4 (Tension) [Planet Rhythm],RECYCLE - Recycle #4 (Tension) [Planet Rhythm]
2021-10-01 - Pan-Pot - Drumcode Radio (DCR583),https://www.mixesdb.com/w/2021-10-01_-_Pan-Pot_-_Drumcode_Radio_(DCR583),,6,21,NP-Rio,Plus8 [Kaligo],NP-Rio - Plus8 [Kaligo]
2021-10-01 - Pan-Pot - Drumcode Radio (DCR583),https://www.mixesdb.com/w/2021-10-01_-_Pan-Pot_-_Drumcode_Radio_(DCR583),,7,26,Luigi Madonna,Interfrequencies [Drumcode],Luigi Madonna - Interfrequencies [Drumcode]
2021-10-01 - Pan-Pot - Drumcode Radio (DCR583),https://www.mixesdb.com/w/2021-10-01_-_Pan-Pot_-_Drumcode_Radio_(DCR583),,8,29,Slam & Hector Oaks,Pathfinder [Soma],Slam & Hector Oaks - Pathfinder [Soma]
2021-10-01 - Pan-Pot - Drumcode Radio (DCR583),https://www.mixesdb.com/w/2021-10-01_-_Pan-Pot_-_Drumcode_Radio_(DCR583),,9,34,Speedy J,EDLX Tool [CLR],Speedy J - EDLX Tool [CLR]
2021-10-01 - Pan-Pot - Drumcode Radio (DCR583),https://www.mixesdb.com/w/2021-10-01_-_Pan-Pot_-_Drumcode_Radio_(DCR583),,10,40,Pan-Pot,Signs [Second State],Pan-Pot - Signs [Second State]
2021-10-01 - Pan-Pot - Drumcode Radio (DCR583),https://www.mixesdb.com/w/2021-10-01_-_Pan-Pot_-_Drumcode_Radio_(DCR583),,11,43,Vil & Pushmann,Slow Down [Be As One],Vil & Pushmann - Slow Down [Be As One]
2021-10-01 - Pan-Pot - Drumcode Radio (DCR583),https://www.mixesdb.com/w/2021-10-01_-_Pan-Pot_-_Drumcode_Radio_(DCR583),,12,47,Risa Taniguchi,Isolated Island [Second State],Risa Taniguchi - Isolated Island [Second State]
2021-10-01 - Pan-Pot - Drumcode Radio (DCR583),https://www.mixesdb.com/w/2021-10-01_-_Pan-Pot_-_Drumcode_Radio_(DCR583),,13,53,Linear System,Minimum Shelf [Innsignn],Linear System - Minimum Shelf [Innsignn]
2021-10-01 - Pan-Pot - Drumcode Radio (DCR583),https://www.mixesdb.com/w/2021-10-01_-_Pan-Pot_-_Drumcode_Radio_(DCR583),,14,58,Session Restore,Summer Daze [Rauh],Session Restore - Summer Daze [Rauh]
2019-10-10 - Pan-Pot - Drumcode Radio (DCR480),https://www.mixesdb.com/w/2019-10-10_-_Pan-Pot_-_Drumcode_Radio_(DCR480),,1,00,Josh Wink,Sixth Sense (Shlomi Aber Remix) [Ovum - OVM307],Josh Wink - Sixth Sense (Shlomi Aber Remix) [Ovum - OVM307]
2019-10-10 - Pan-Pot - Drumcode Radio (DCR480),https://www.mixesdb.com/w/2019-10-10_-_Pan-Pot_-_Drumcode_Radio_(DCR480),,2,06,Cari Lekebusch,Detained Success [H-Productions - HPX109],Cari Lekebusch - Detained Success [H-Productions - HPX109]
2019-10-10 - Pan-Pot - Drumcode Radio (DCR480),https://www.mixesdb.com/w/2019-10-10_-_Pan-Pot_-_Drumcode_Radio_(DCR480),,3,10,David Lohlein,Exo [Gynoid - GYNOIDD180],David Lohlein - Exo [Gynoid - GYNOIDD180]
2019-10-10 - Pan-Pot - Drumcode Radio (DCR480),https://www.mixesdb.com/w/2019-10-10_-_Pan-Pot_-_Drumcode_Radio_(DCR480),,4,15,Uron & John V,Figure 7.5 (Keith Carnal Remix) [Organism - ORGA63],Uron & John V - Figure 7.5 (Keith Carnal Remix) [Organism - ORGA63]
2019-10-10 - Pan-Pot - Drumcode Radio (DCR480),https://www.mixesdb.com/w/2019-10-10_-_Pan-Pot_-_Drumcode_Radio_(DCR480),,5,19,Sterac aka Steve Rachmad,The Teacher [Kanzleramt - 194491194062],Sterac aka Steve Rachmad - The Teacher [Kanzleramt - 194491194062]
2019-10-10 - Pan-Pot - Drumcode Radio (DCR480),https://www.mixesdb.com/w/2019-10-10_-_Pan-Pot_-_Drumcode_Radio_(DCR480),,6,23,Pan-Pot,Confronted (Pan-Pot Basement Remix) [Second State - SNDST070],Pan-Pot - Confronted (Pan-Pot Basement Remix) [Second State - SNDST070]
2019-10-10 - Pan-Pot - Drumcode Radio (DCR480),https://www.mixesdb.com/w/2019-10-10_-_Pan-Pot_-_Drumcode_Radio_(DCR480),,7,27,Woo York,Rainforest Mystery [Drumcode - DC211],Woo York - Rainforest Mystery [Drumcode - DC211]
2019-10-10 - Pan-Pot - Drumcode Radio (DCR480),https://www.mixesdb.com/w/2019-10-10_-_Pan-Pot_-_Drumcode_Radio_(DCR480),,8,32,Monomood,Dispoad (Roman Lindau Remix) [ColorCode - COLORCODE003],Monomood - Dispoad (Roman Lindau Remix) [ColorCode - COLORCODE003]
2019-10-10 - Pan-Pot - Drumcode Radio (DCR480),https://www.mixesdb.com/w/2019-10-10_-_Pan-Pot_-_Drumcode_Radio_(DCR480),,9,37,A.Paul & Temudo,Antenna Research [Planet Rhythm - PRRUKD19006],A.Paul & Temudo - Antenna Research [Planet Rhythm - PRRUKD19006]
2019-10-10 - Pan-Pot - Drumcode Radio (DCR480),https://www.mixesdb.com/w/2019-10-10_-_Pan-Pot_-_Drumcode_Radio_(DCR480),,10,42,Dawn Razor,No One (Unbalance Remix) [Arts - ARTSX007],Dawn Razor - No One (Unbalance Remix) [Arts - ARTSX007]
2019-10-10 - Pan-Pot - Drumcode Radio (DCR480),https://www.mixesdb.com/w/2019-10-10_-_Pan-Pot_-_Drumcode_Radio_(DCR480),,11,47,Hemka,Belly Blech [VOLPHONIE - VOL005],Hemka - Belly Blech [VOLPHONIE - VOL005]
2019-10-10 - Pan-Pot - Drumcode Radio (DCR480),https://www.mixesdb.com/w/2019-10-10_-_Pan-Pot_-_Drumcode_Radio_(DCR480),,12,52,Stef Mendesidis,Celesta 33 [Klockworks - KW26],Stef Mendesidis - Celesta 33 [Klockworks - KW26]
2019-10-10 - Pan-Pot - Drumcode Radio (DCR480),https://www.mixesdb.com/w/2019-10-10_-_Pan-Pot_-_Drumcode_Radio_(DCR480),,13,56,Callum Plant,Prelude (4X4 Mix) [Gynoid - GYNOIDD182],Callum Plant - Prelude (4X4 Mix) [Gynoid - GYNOIDD182]
2018-07-09 - Pan-Pot - 9 Essentials,https://www.mixesdb.com/w/2018-07-09_-_Pan-Pot_-_9_Essentials,,1,00:00,Kirilik,Nestinari [Figure - 97],Kirilik - Nestinari [Figure - 97]
2018-07-09 - Pan-Pot - 9 Essentials,https://www.mixesdb.com/w/2018-07-09_-_Pan-Pot_-_9_Essentials,,2,04:20,Oscar Mulero,Out Of Sight [Token - 83],Oscar Mulero - Out Of Sight [Token - 83]
2018-07-09 - Pan-Pot - 9 Essentials,https://www.mixesdb.com/w/2018-07-09_-_Pan-Pot_-_9_Essentials,,3,06:50,Juliet Fox,Unconditional [Upon Access - NH18035],Juliet Fox - Unconditional [Upon Access - NH18035]
2018-07-09 - Pan-Pot - 9 Essentials,https://www.mixesdb.com/w/2018-07-09_-_Pan-Pot_-_9_Essentials,,4,13:25,Yotam Avni,Luna [Hotflush - HFT065],Yotam Avni - Luna [Hotflush - HFT065]
2018-07-09 - Pan-Pot - 9 Essentials,https://www.mixesdb.com/w/2018-07-09_-_Pan-Pot_-_9_Essentials,,5,18:41,Woo York,Energy Pulse [Afterlife - AL014],Woo York - Energy Pulse [Afterlife - AL014]
2018-07-09 - Pan-Pot - 9 Essentials,https://www.mixesdb.com/w/2018-07-09_-_Pan-Pot_-_9_Essentials,,6,23:11,Oliver Lieb,Gone [Tronic - TR289],Oliver Lieb - Gone [Tronic - TR289]
2018-07-09 - Pan-Pot - 9 Essentials,https://www.mixesdb.com/w/2018-07-09_-_Pan-Pot_-_9_Essentials,,7,29:55,Aitor Ronda,Efimero [Octopus - 134],Aitor Ronda - Efimero [Octopus - 134]
2018-07-09 - Pan-Pot - 9 Essentials,https://www.mixesdb.com/w/2018-07-09_-_Pan-Pot_-_9_Essentials,,8,34:55,SCB,Extinct (Anna Remix) [Hotflush - CAI001],SCB - Extinct (Anna Remix) [Hotflush - CAI001]
2018-07-09 - Pan-Pot - 9 Essentials,https://www.mixesdb.com/w/2018-07-09_-_Pan-Pot_-_9_Essentials,,9,40:26,Tocotronic,Bis Uns Das Licht Vertreibt (Marcel Dettmann Remix) [Kompakt Exklusiv - KOM ENDLICH 2],Tocotronic - Bis Uns Das Licht Vertreibt (Marcel Dettmann Remix) [Kompakt Exklusiv - KOM ENDLICH 2]
2017-04-09 - Pan-Pot - 9 Essentials,https://www.mixesdb.com/w/2017-04-09_-_Pan-Pot_-_9_Essentials,,1,00:00,Duke,Solutions [Innocent - IML068],Duke - Solutions [Innocent - IML068]
2017-04-09 - Pan-Pot - 9 Essentials,https://www.mixesdb.com/w/2017-04-09_-_Pan-Pot_-_9_Essentials,,2,06:28,Infektion,Hypno Theory [Arts - A025],Infektion - Hypno Theory [Arts - A025]
2017-04-09 - Pan-Pot - 9 Essentials,https://www.mixesdb.com/w/2017-04-09_-_Pan-Pot_-_9_Essentials,,3,11:00,Nicole Moudaber,Empty Space [Intec - ID122],Nicole Moudaber - Empty Space [Intec - ID122]
2017-04-09 - Pan-Pot - 9 Essentials,https://www.mixesdb.com/w/2017-04-09_-_Pan-Pot_-_9_Essentials,,4,15:04,Matrixxman,Arrival [Dekmantel - DKMNTL045],Matrixxman - Arrival [Dekmantel - DKMNTL045]
2017-04-09 - Pan-Pot - 9 Essentials,https://www.mixesdb.com/w/2017-04-09_-_Pan-Pot_-_9_Essentials,,5,20:51,B. Traits,Breathe Out [In.Toto - INTOTO002],B. Traits - Breathe Out [In.Toto - INTOTO002]
2017-04-09 - Pan-Pot - 9 Essentials,https://www.mixesdb.com/w/2017-04-09_-_Pan-Pot_-_9_Essentials,,6,23:22,Petter B,Tool 01 [bond - 002],Petter B - Tool 01 [bond - 002]
2017-04-09 - Pan-Pot - 9 Essentials,https://www.mixesdb.com/w/2017-04-09_-_Pan-Pot_-_9_Essentials,,7,27:40,Landside,Signs Of Cange (Robert Hood Remix) [Just This - JUSTTHIS011D],Landside - Signs Of Cange (Robert Hood Remix) [Just This - JUSTTHIS011D]
2017-04-09 - Pan-Pot - 9 Essentials,https://www.mixesdb.com/w/2017-04-09_-_Pan-Pot_-_9_Essentials,,8,33:12,Flug & Miki Craven,Signals [Nonlinear Systems - NLS010],Flug & Miki Craven - Signals [Nonlinear Systems - NLS010]
2017-04-09 - Pan-Pot - 9 Essentials,https://www.mixesdb.com/w/2017-04-09_-_Pan-Pot_-_9_Essentials,,9,36:44,Ray Kajoika,One After The Other [Kanzleramt - KA173],Ray Kajoika - One After The Other [Kanzleramt - KA173]
2024-03-24 - Pan-Pot @ Ultra Music Festival,https://www.mixesdb.com/w/2024-03-24_-_Pan-Pot_@_Ultra_Music_Festival,,1,00,Pan-Pot,?,Pan-Pot - ?
2024-03-24 - Pan-Pot @ Ultra Music Festival,https://www.mixesdb.com/w/2024-03-24_-_Pan-Pot_@_Ultra_Music_Festival,,2,05,Greg Gow,Pocket Lighter [Rspx],Greg Gow - Pocket Lighter [Rspx]
2024-03-24 - Pan-Pot @ Ultra Music Festival,https://www.mixesdb.com/w/2024-03-24_-_Pan-Pot_@_Ultra_Music_Festival,,3,09,Uncertain,Courage [Suara],Uncertain - Courage [Suara]
2024-03-24 - Pan-Pot @ Ultra Music Festival,https://www.mixesdb.com/w/2024-03-24_-_Pan-Pot_@_Ultra_Music_Festival,,4,11,,?,?
2024-03-24 - Pan-Pot @ Ultra Music Festival,https://www.mixesdb.com/w/2024-03-24_-_Pan-Pot_@_Ultra_Music_Festival,,5,16,Sam Paganini,Feeling In The Air [JAM],Sam Paganini - Feeling In The Air [JAM]
2024-03-24 - Pan-Pot @ Ultra Music Festival,https://www.mixesdb.com/w/2024-03-24_-_Pan-Pot_@_Ultra_Music_Festival,,6,23,EFESIAN,The Smoke [Efesian],EFESIAN - The Smoke [Efesian]
2024-03-24 - Pan-Pot @ Ultra Music Festival,https://www.mixesdb.com/w/2024-03-24_-_Pan-Pot_@_Ultra_Music_Festival,,7,24,Oscar Escapa,Are You Ready [Rawness],Oscar Escapa - Are You Ready [Rawness]
2024-03-24 - Pan-Pot @ Ultra Music Festival,https://www.mixesdb.com/w/2024-03-24_-_Pan-Pot_@_Ultra_Music_Festival,,8,28,Hertz,Timballe [Sway],Hertz - Timballe [Sway]
2024-03-24 - Pan-Pot @ Ultra Music Festival,https://www.mixesdb.com/w/2024-03-24_-_Pan-Pot_@_Ultra_Music_Festival,,9,32,Mila Journée,Gamer [Volta],Mila Journée - Gamer [Volta]
2024-03-24 - Pan-Pot @ Ultra Music Festival,https://www.mixesdb.com/w/2024-03-24_-_Pan-Pot_@_Ultra_Music_Festival,,10,36,,?,?
2024-03-24 - Pan-Pot @ Ultra Music Festival,https://www.mixesdb.com/w/2024-03-24_-_Pan-Pot_@_Ultra_Music_Festival,,11,40,Marco Conte,Taz 909 [Unrilis],Marco Conte - Taz 909 [Unrilis]
2024-03-24 - Pan-Pot @ Ultra Music Festival,https://www.mixesdb.com/w/2024-03-24_-_Pan-Pot_@_Ultra_Music_Festival,,12,43,Lucass P,My House [Loud],Lucass P - My House [Loud]
2024-03-24 - Pan-Pot @ Ultra Music Festival,https://www.mixesdb.com/w/2024-03-24_-_Pan-Pot_@_Ultra_Music_Festival,,13,47,Wehbba,Nitro [Hifn],Wehbba - Nitro [Hifn]
2024-03-24 - Pan-Pot @ Ultra Music Festival,https://www.mixesdb.com/w/2024-03-24_-_Pan-Pot_@_Ultra_Music_Festival,,14,48,Wehbba & ANNA,Unio Mystica [Exhale],Wehbba & ANNA - Unio Mystica [Exhale]
2024-03-24 - Pan-Pot @ Ultra Music Festival,https://www.mixesdb.com/w/2024-03-24_-_Pan-Pot_@_Ultra_Music_Festival,,15,51,Sam Paganini,Roll [JAM],Sam Paganini - Roll [JAM]
2024-03-24 - Pan-Pot @ Ultra Music Festival,https://www.mixesdb.com/w/2024-03-24_-_Pan-Pot_@_Ultra_Music_Festival,,16,55,Jay Lumen,The Lights [Uncage],Jay Lumen - The Lights [Uncage]
2024-03-24 - Pan-Pot @ Ultra Music Festival,https://www.mixesdb.com/w/2024-03-24_-_Pan-Pot_@_Ultra_Music_Festival,,17,58,Joris Turenhout,Keep It Real [Codex],Joris Turenhout - Keep It Real [Codex]
2024-03-24 - Pan-Pot @ Ultra Music Festival,https://www.mixesdb.com/w/2024-03-24_-_Pan-Pot_@_Ultra_Music_Festival,,18,63,Wehbba,Frozen [Hifn],Wehbba - Frozen [Hifn]
2024-03-24 - Pan-Pot @ Ultra Music Festival,https://www.mixesdb.com/w/2024-03-24_-_Pan-Pot_@_Ultra_Music_Festival,,19,66,Burden,Grinder [Ass3],Burden - Grinder [Ass3]
2024-03-24 - Pan-Pot @ Ultra Music Festival,https://www.mixesdb.com/w/2024-03-24_-_Pan-Pot_@_Ultra_Music_Festival,,20,70,Drumcomplex & Frank Sonic,Direct Dizko [Second State],Drumcomplex & Frank Sonic - Direct Dizko [Second State]
2024-03-24 - Pan-Pot @ Ultra Music Festival,https://www.mixesdb.com/w/2024-03-24_-_Pan-Pot_@_Ultra_Music_Festival,,21,74,Weska,Depot [Factory 93],Weska - Depot [Factory 93]
2024-03-24 - Pan-Pot @ Ultra Music Festival,https://www.mixesdb.com/w/2024-03-24_-_Pan-Pot_@_Ultra_Music_Festival,,22,78,Technotronic,Pump Up The Jam (Simone Zino Edit),Technotronic - Pump Up The Jam (Simone Zino Edit)
2024-03-24 - Pan-Pot @ Ultra Music Festival,https://www.mixesdb.com/w/2024-03-24_-_Pan-Pot_@_Ultra_Music_Festival,,23,82,,?,?
2024-03-24 - Pan-Pot @ Ultra Music Festival,https://www.mixesdb.com/w/2024-03-24_-_Pan-Pot_@_Ultra_Music_Festival,,24,86,Pan-Pot,Funke [Second State],Pan-Pot - Funke [Second State]
2020-01-09 - Pan-Pot - 9 Essentials January 2020,https://www.mixesdb.com/w/2020-01-09_-_Pan-Pot_-_9_Essentials_January_2020,,1,00:00,Electric Rescue,Doëlan [VOLPHONIE - VOL007],Electric Rescue - Doëlan [VOLPHONIE - VOL007]
2020-01-09 - Pan-Pot - 9 Essentials January 2020,https://www.mixesdb.com/w/2020-01-09_-_Pan-Pot_-_9_Essentials_January_2020,,2,06:24,Andre Kronert,Call For Pain [Odd Even - ODDEVEN027],Andre Kronert - Call For Pain [Odd Even - ODDEVEN027]
2020-01-09 - Pan-Pot - 9 Essentials January 2020,https://www.mixesdb.com/w/2020-01-09_-_Pan-Pot_-_9_Essentials_January_2020,,3,11:05,CYRK,Recrystalization (Ravn Jonassen Remix) [Burial Soil - BUR001],CYRK - Recrystalization (Ravn Jonassen Remix) [Burial Soil - BUR001]
2020-01-09 - Pan-Pot - 9 Essentials January 2020,https://www.mixesdb.com/w/2020-01-09_-_Pan-Pot_-_9_Essentials_January_2020,,4,15:00,Cloned,Prototype I (Kyle Geiger Remix) [Solid Tracks - SOLID008],Cloned - Prototype I (Kyle Geiger Remix) [Solid Tracks - SOLID008]
2020-01-09 - Pan-Pot - 9 Essentials January 2020,https://www.mixesdb.com/w/2020-01-09_-_Pan-Pot_-_9_Essentials_January_2020,,5,19:05,Inox Traxx,The Void [Overbalance - OVB02],Inox Traxx - The Void [Overbalance - OVB02]
2020-01-09 - Pan-Pot - 9 Essentials January 2020,https://www.mixesdb.com/w/2020-01-09_-_Pan-Pot_-_9_Essentials_January_2020,,6,22:16,Plastikman,Hypokondriak (Len Faki Hardspace Remix) [LF RMX - 020],Plastikman - Hypokondriak (Len Faki Hardspace Remix) [LF RMX - 020]
2020-01-09 - Pan-Pot - 9 Essentials January 2020,https://www.mixesdb.com/w/2020-01-09_-_Pan-Pot_-_9_Essentials_January_2020,,7,28:26,Endrew,Cyclic Venture [Second State - SNDST071],Endrew - Cyclic Venture [Second State - SNDST071]
2020-01-09 - Pan-Pot - 9 Essentials January 2020,https://www.mixesdb.com/w/2020-01-09_-_Pan-Pot_-_9_Essentials_January_2020,,8,32:51,Robert Hoff,Future Robot [INNSIGNN - INN009],Robert Hoff - Future Robot [INNSIGNN - INN009]
2020-01-09 - Pan-Pot - 9 Essentials January 2020,https://www.mixesdb.com/w/2020-01-09_-_Pan-Pot_-_9_Essentials_January_2020,,9,37:02,Ø [Phase],Espresso (Mezzanine Version) [Token - PH453-3],Ø [Phase] - Espresso (Mezzanine Version) [Token - PH453-3]
2020-02-09 - Pan-Pot - 9 Essentials February 2020,https://www.mixesdb.com/w/2020-02-09_-_Pan-Pot_-_9_Essentials_February_2020,,1,00:10,Lawrence,Tensui [Mule Musiq - 196],Lawrence - Tensui [Mule Musiq - 196]
2020-02-09 - Pan-Pot - 9 Essentials February 2020,https://www.mixesdb.com/w/2020-02-09_-_Pan-Pot_-_9_Essentials_February_2020,,2,06:45,Cøncenträte,Absence (Heiko Laux Remix) [Gynoid - 020],Cøncenträte - Absence (Heiko Laux Remix) [Gynoid - 020]
2020-02-09 - Pan-Pot - 9 Essentials February 2020,https://www.mixesdb.com/w/2020-02-09_-_Pan-Pot_-_9_Essentials_February_2020,,3,10:20,Wishmountain,Bottle (Len Faki Deepspace Mix) [LF Remix - 018],Wishmountain - Bottle (Len Faki Deepspace Mix) [LF Remix - 018]
2020-02-09 - Pan-Pot - 9 Essentials February 2020,https://www.mixesdb.com/w/2020-02-09_-_Pan-Pot_-_9_Essentials_February_2020,,4,14:45,Jon Hester,Zoned [Rekids - RSPX18],Jon Hester - Zoned [Rekids - RSPX18]
2020-02-09 - Pan-Pot - 9 Essentials February 2020,https://www.mixesdb.com/w/2020-02-09_-_Pan-Pot_-_9_Essentials_February_2020,,5,19:13,Pfirter & Grindvik,End This [Leyla - 014],Pfirter & Grindvik - End This [Leyla - 014]
2020-02-09 - Pan-Pot - 9 Essentials February 2020,https://www.mixesdb.com/w/2020-02-09_-_Pan-Pot_-_9_Essentials_February_2020,,6,24:07,Tensal,Bihotxak [Warm Up - WU57],Tensal - Bihotxak [Warm Up - WU57]
2020-02-09 - Pan-Pot - 9 Essentials February 2020,https://www.mixesdb.com/w/2020-02-09_-_Pan-Pot_-_9_Essentials_February_2020,,7,29:17,Vladimir Dubyshkin,Rural Woman [Trip - TRP030],Vladimir Dubyshkin - Rural Woman [Trip - TRP030]
2020-02-09 - Pan-Pot - 9 Essentials February 2020,https://www.mixesdb.com/w/2020-02-09_-_Pan-Pot_-_9_Essentials_February_2020,,8,33:54,Groof,Past Masters [Warm Up - WU005],Groof - Past Masters [Warm Up - WU005]
2020-02-09 - Pan-Pot - 9 Essentials February 2020,https://www.mixesdb.com/w/2020-02-09_-_Pan-Pot_-_9_Essentials_February_2020,,9,38:10,Four Tet,LA Trance [Text - 046D],Four Tet - LA Trance [Text - 046D]
2020-06-28 - Pan-Pot - Awakenings Festival Online Weekender,https://www.mixesdb.com/w/2020-06-28_-_Pan-Pot_-_Awakenings_Festival_Online_Weekender,,1,000,Fred Lenix,Just A Machine [Elevate - ELV142],Fred Lenix - Just A Machine [Elevate - ELV142]
2020-06-28 - Pan-Pot - Awakenings Festival Online Weekender,https://www.mixesdb.com/w/2020-06-28_-_Pan-Pot_-_Awakenings_Festival_Online_Weekender,,2,006,Damian Fisher,Building Bridges [SCI+TEC - TEC219],Damian Fisher - Building Bridges [SCI+TEC - TEC219]
2020-06-28 - Pan-Pot - Awakenings Festival Online Weekender,https://www.mixesdb.com/w/2020-06-28_-_Pan-Pot_-_Awakenings_Festival_Online_Weekender,,3,011,Elad Magdasi,Teleport [Front Left - FLR07],Elad Magdasi - Teleport [Front Left - FLR07]
2020-06-28 - Pan-Pot - Awakenings Festival Online Weekender,https://www.mixesdb.com/w/2020-06-28_-_Pan-Pot_-_Awakenings_Festival_Online_Weekender,,4,015,Pfirter & Grindvik,Mind Gone [Leyla - LEYLA014],Pfirter & Grindvik - Mind Gone [Leyla - LEYLA014]
2020-06-28 - Pan-Pot - Awakenings Festival Online Weekender,https://www.mixesdb.com/w/2020-06-28_-_Pan-Pot_-_Awakenings_Festival_Online_Weekender,,5,019,Selective Response,RX-93 [Crisis Of Man - COM004],Selective Response - RX-93 [Crisis Of Man - COM004]
2020-06-28 - Pan-Pot - Awakenings Festival Online Weekender,https://www.mixesdb.com/w/2020-06-28_-_Pan-Pot_-_Awakenings_Festival_Online_Weekender,,6,023,Rene Wise,Primal Fever [Knowledge Imprint - KI008D],Rene Wise - Primal Fever [Knowledge Imprint - KI008D]
2020-06-28 - Pan-Pot - Awakenings Festival Online Weekender,https://www.mixesdb.com/w/2020-06-28_-_Pan-Pot_-_Awakenings_Festival_Online_Weekender,,7,028,Sustention,Sun [KONFLKT - K019D],Sustention - Sun [KONFLKT - K019D]
2020-06-28 - Pan-Pot - Awakenings Festival Online Weekender,https://www.mixesdb.com/w/2020-06-28_-_Pan-Pot_-_Awakenings_Festival_Online_Weekender,,8,034,Cravo,EVO.03 [Hayes - HYSEP12],Cravo - EVO.03 [Hayes - HYSEP12]
2020-06-28 - Pan-Pot - Awakenings Festival Online Weekender,https://www.mixesdb.com/w/2020-06-28_-_Pan-Pot_-_Awakenings_Festival_Online_Weekender,,9,039,A.Paul,Incidence [Planet Rhythm - PRRUKD20041],A.Paul - Incidence [Planet Rhythm - PRRUKD20041]
2020-06-28 - Pan-Pot - Awakenings Festival Online Weekender,https://www.mixesdb.com/w/2020-06-28_-_Pan-Pot_-_Awakenings_Festival_Online_Weekender,,10,042,Cleric,Luddite [Clergy - CRG019],Cleric - Luddite [Clergy - CRG019]
2020-06-28 - Pan-Pot - Awakenings Festival Online Weekender,https://www.mixesdb.com/w/2020-06-28_-_Pan-Pot_-_Awakenings_Festival_Online_Weekender,,11,047,Slam,The Rush [Soma - SOMA578D],Slam - The Rush [Soma - SOMA578D]
2020-06-28 - Pan-Pot - Awakenings Festival Online Weekender,https://www.mixesdb.com/w/2020-06-28_-_Pan-Pot_-_Awakenings_Festival_Online_Weekender,,12,051,Linkan Ray,2020 Reset [Be As One - BAOX07],Linkan Ray - 2020 Reset [Be As One - BAOX07]
2020-06-28 - Pan-Pot - Awakenings Festival Online Weekender,https://www.mixesdb.com/w/2020-06-28_-_Pan-Pot_-_Awakenings_Festival_Online_Weekender,,13,056,Pan-Pot vs. Motion Unit,My Mind (Radar Remix) [Second State - SNDST080],Pan-Pot vs. Motion Unit - My Mind (Radar Remix) [Second State - SNDST080]
2020-06-28 - Pan-Pot - Awakenings Festival Online Weekender,https://www.mixesdb.com/w/2020-06-28_-_Pan-Pot_-_Awakenings_Festival_Online_Weekender,,14,062,Mark Broom,AR-4 [Token - TOKEN93D],Mark Broom - AR-4 [Token - TOKEN93D]
2020-06-28 - Pan-Pot - Awakenings Festival Online Weekender,https://www.mixesdb.com/w/2020-06-28_-_Pan-Pot_-_Awakenings_Festival_Online_Weekender,,15,067,Secret Cinema,Zürich [Second State - SNDST077],Secret Cinema - Zürich [Second State - SNDST077]
2020-06-28 - Pan-Pot - Awakenings Festival Online Weekender,https://www.mixesdb.com/w/2020-06-28_-_Pan-Pot_-_Awakenings_Festival_Online_Weekender,,16,071,DEAS,Dark Illusion [Materia - 031],DEAS - Dark Illusion [Materia - 031]
2020-06-28 - Pan-Pot - Awakenings Festival Online Weekender,https://www.mixesdb.com/w/2020-06-28_-_Pan-Pot_-_Awakenings_Festival_Online_Weekender,,17,075,The Advent & A.Paul,Confined [Planet Rhythm - PRRUKD20041],The Advent & A.Paul - Confined [Planet Rhythm - PRRUKD20041]
2020-06-28 - Pan-Pot - Awakenings Festival Online Weekender,https://www.mixesdb.com/w/2020-06-28_-_Pan-Pot_-_Awakenings_Festival_Online_Weekender,,18,079,FJAAK,Breath [FJAAK - 006],FJAAK - Breath [FJAAK - 006]
2020-06-28 - Pan-Pot - Awakenings Festival Online Weekender,https://www.mixesdb.com/w/2020-06-28_-_Pan-Pot_-_Awakenings_Festival_Online_Weekender,,19,083,Inigo Kennedy,NGC6826 Blinking Eye (Len Faki Hardspace Remix) [LF RMX - LFRMX024],Inigo Kennedy - NGC6826 Blinking Eye (Len Faki Hardspace Remix) [LF RMX - LFRMX024]
2020-06-28 - Pan-Pot - Awakenings Festival Online Weekender,https://www.mixesdb.com/w/2020-06-28_-_Pan-Pot_-_Awakenings_Festival_Online_Weekender,,20,088,Marco Faraone,No Drama [Rekids - 155],Marco Faraone - No Drama [Rekids - 155]
2020-04-09 - Pan-Pot - 9 Essentials April 2020,https://www.mixesdb.com/w/2020-04-09_-_Pan-Pot_-_9_Essentials_April_2020,,1,00:00,Zeitgeber,One Zero Five [Stroboscopic Artefacts - SATOTEM007],Zeitgeber - One Zero Five [Stroboscopic Artefacts - SATOTEM007]
2020-04-09 - Pan-Pot - 9 Essentials April 2020,https://www.mixesdb.com/w/2020-04-09_-_Pan-Pot_-_9_Essentials_April_2020,,2,04:30,Ohm & Kvadrant,Hvidding [Æ - AE07],Ohm & Kvadrant - Hvidding [Æ - AE07]
2020-04-09 - Pan-Pot - 9 Essentials April 2020,https://www.mixesdb.com/w/2020-04-09_-_Pan-Pot_-_9_Essentials_April_2020,,3,09:30,Johannes Volk,Soldered Minds (Rebar's Hum Version) [Made Of Concrete - MOC020],Johannes Volk - Soldered Minds (Rebar's Hum Version) [Made Of Concrete - MOC020]
2020-04-09 - Pan-Pot - 9 Essentials April 2020,https://www.mixesdb.com/w/2020-04-09_-_Pan-Pot_-_9_Essentials_April_2020,,4,15:00,Eric Fetcher,Second Extension [Inpureform - IPF001],Eric Fetcher - Second Extension [Inpureform - IPF001]
2020-04-09 - Pan-Pot - 9 Essentials April 2020,https://www.mixesdb.com/w/2020-04-09_-_Pan-Pot_-_9_Essentials_April_2020,,5,18:35,Psyk,Outline [Non Series - NON040],Psyk - Outline [Non Series - NON040]
2020-04-09 - Pan-Pot - 9 Essentials April 2020,https://www.mixesdb.com/w/2020-04-09_-_Pan-Pot_-_9_Essentials_April_2020,,6,23:35,Universal,Kan [Corpus - CRPS011],Universal - Kan [Corpus - CRPS011]
2020-04-09 - Pan-Pot - 9 Essentials April 2020,https://www.mixesdb.com/w/2020-04-09_-_Pan-Pot_-_9_Essentials_April_2020,,7,27:11,Desroi,Empty Eye [Desroi - 004],Desroi - Empty Eye [Desroi - 004]
2020-04-09 - Pan-Pot - 9 Essentials April 2020,https://www.mixesdb.com/w/2020-04-09_-_Pan-Pot_-_9_Essentials_April_2020,,8,32:00,Plastic,Translated Translations Translated [Thule - THL011],Plastic - Translated Translations Translated [Thule - THL011]
2020-04-09 - Pan-Pot - 9 Essentials April 2020,https://www.mixesdb.com/w/2020-04-09_-_Pan-Pot_-_9_Essentials_April_2020,,9,36:45,Shed,Menschen Und Mauern [Ostgut Ton - OSTGUTCD47],Shed - Menschen Und Mauern [Ostgut Ton - OSTGUTCD47]
2022-01-09 - Pan-Pot - 9 Essentials January 2022,https://www.mixesdb.com/w/2022-01-09_-_Pan-Pot_-_9_Essentials_January_2022,,1,00:00,Obstructor,"Big Hat, No Cattle [Illegal Alien - IAR297]","Obstructor - Big Hat, No Cattle [Illegal Alien - IAR297]"
2022-01-09 - Pan-Pot - 9 Essentials January 2022,https://www.mixesdb.com/w/2022-01-09_-_Pan-Pot_-_9_Essentials_January_2022,,2,06:00,Wisna,Raptors [[R]3volution Uncod3d - R3UD009],Wisna - Raptors [[R]3volution Uncod3d - R3UD009]
2022-01-09 - Pan-Pot - 9 Essentials January 2022,https://www.mixesdb.com/w/2022-01-09_-_Pan-Pot_-_9_Essentials_January_2022,,3,10:10,Mathys Lenne,Zone X [Float - 057],Mathys Lenne - Zone X [Float - 057]
2022-01-09 - Pan-Pot - 9 Essentials January 2022,https://www.mixesdb.com/w/2022-01-09_-_Pan-Pot_-_9_Essentials_January_2022,,4,14:35,Renato Cohen,Pontape (Planetary Assault Systems Remix) [Suara - 439],Renato Cohen - Pontape (Planetary Assault Systems Remix) [Suara - 439]
2022-01-09 - Pan-Pot - 9 Essentials January 2022,https://www.mixesdb.com/w/2022-01-09_-_Pan-Pot_-_9_Essentials_January_2022,,5,21:15,Axel Karakasis,Endless Era [Remain - LTD143],Axel Karakasis - Endless Era [Remain - LTD143]
2022-01-09 - Pan-Pot - 9 Essentials January 2022,https://www.mixesdb.com/w/2022-01-09_-_Pan-Pot_-_9_Essentials_January_2022,,6,26:05,KLOTZ,Yoke [West Rules - WR017],KLOTZ - Yoke [West Rules - WR017]
2022-01-09 - Pan-Pot - 9 Essentials January 2022,https://www.mixesdb.com/w/2022-01-09_-_Pan-Pot_-_9_Essentials_January_2022,,7,29:30,Troy,Ego Death [Non Series - NWHITE008],Troy - Ego Death [Non Series - NWHITE008]
2022-01-09 - Pan-Pot - 9 Essentials January 2022,https://www.mixesdb.com/w/2022-01-09_-_Pan-Pot_-_9_Essentials_January_2022,,8,34:45,Alessandro Grops,Charge [Suara - SCOM046],Alessandro Grops - Charge [Suara - SCOM046]
2022-01-09 - Pan-Pot - 9 Essentials January 2022,https://www.mixesdb.com/w/2022-01-09_-_Pan-Pot_-_9_Essentials_January_2022,,9,38:20,Edwin Oosterwal,Elasticity (Alden Tyrell Remix) [Rejected - REJ097],Edwin Oosterwal - Elasticity (Alden Tyrell Remix) [Rejected - REJ097]
"2010-05-02 - Pan-Pot @ Bread & Butter, The Light Bar, London","https://www.mixesdb.com/w/2010-05-02_-_Pan-Pot_@_Bread_&_Butter,_The_Light_Bar,_London",,1,000,Mendo,Madrugada,Mendo - Madrugada
"2010-05-02 - Pan-Pot @ Bread & Butter, The Light Bar, London","https://www.mixesdb.com/w/2010-05-02_-_Pan-Pot_@_Bread_&_Butter,_The_Light_Bar,_London",,2,006,Carlo Lio,Giro Tondo,Carlo Lio - Giro Tondo
"2010-05-02 - Pan-Pot @ Bread & Butter, The Light Bar, London","https://www.mixesdb.com/w/2010-05-02_-_Pan-Pot_@_Bread_&_Butter,_The_Light_Bar,_London",,3,011,D-Nox & Beckers,Cala A Boca (Meat Katie Remix),D-Nox & Beckers - Cala A Boca (Meat Katie Remix)
"2010-05-02 - Pan-Pot @ Bread & Butter, The Light Bar, London","https://www.mixesdb.com/w/2010-05-02_-_Pan-Pot_@_Bread_&_Butter,_The_Light_Bar,_London",,4,016,Hermanez,Soms,Hermanez - Soms
"2010-05-02 - Pan-Pot @ Bread & Butter, The Light Bar, London","https://www.mixesdb.com/w/2010-05-02_-_Pan-Pot_@_Bread_&_Butter,_The_Light_Bar,_London",,5,021,Paul Harris & Alex Tepper,Terris,Paul Harris & Alex Tepper - Terris
"2010-05-02 - Pan-Pot @ Bread & Butter, The Light Bar, London","https://www.mixesdb.com/w/2010-05-02_-_Pan-Pot_@_Bread_&_Butter,_The_Light_Bar,_London",,6,027,Christian Smith,Almaviva,Christian Smith - Almaviva
"2010-05-02 - Pan-Pot @ Bread & Butter, The Light Bar, London","https://www.mixesdb.com/w/2010-05-02_-_Pan-Pot_@_Bread_&_Butter,_The_Light_Bar,_London",,7,032,Slam,Collecting Data,Slam - Collecting Data
"2010-05-02 - Pan-Pot @ Bread & Butter, The Light Bar, London","https://www.mixesdb.com/w/2010-05-02_-_Pan-Pot_@_Bread_&_Butter,_The_Light_Bar,_London",,8,038,Gabriel Rocha,Remember (Manuel De La Mare Amnesia Remix),Gabriel Rocha - Remember (Manuel De La Mare Amnesia Remix)
"2010-05-02 - Pan-Pot @ Bread & Butter, The Light Bar, London","https://www.mixesdb.com/w/2010-05-02_-_Pan-Pot_@_Bread_&_Butter,_The_Light_Bar,_London",,9,043,,?,?
"2010-05-02 - Pan-Pot @ Bread & Butter, The Light Bar, London","https://www.mixesdb.com/w/2010-05-02_-_Pan-Pot_@_Bread_&_Butter,_The_Light_Bar,_London",,10,048,And.id,Five,And.id - Five
"2010-05-02 - Pan-Pot @ Bread & Butter, The Light Bar, London","https://www.mixesdb.com/w/2010-05-02_-_Pan-Pot_@_Bread_&_Butter,_The_Light_Bar,_London",,11,051,,?,?
"2010-05-02 - Pan-Pot @ Bread & Butter, The Light Bar, London","https://www.mixesdb.com/w/2010-05-02_-_Pan-Pot_@_Bread_&_Butter,_The_Light_Bar,_London",,12,054,Pan-Pot,Confronted,Pan-Pot - Confronted
"2010-05-02 - Pan-Pot @ Bread & Butter, The Light Bar, London","https://www.mixesdb.com/w/2010-05-02_-_Pan-Pot_@_Bread_&_Butter,_The_Light_Bar,_London",,13,061,,?,?
"2010-05-02 - Pan-Pot @ Bread & Butter, The Light Bar, London","https://www.mixesdb.com/w/2010-05-02_-_Pan-Pot_@_Bread_&_Butter,_The_Light_Bar,_London",,14,066,Oliver Huntemann,37 Degrees,Oliver Huntemann - 37 Degrees
"2010-05-02 - Pan-Pot @ Bread & Butter, The Light Bar, London","https://www.mixesdb.com/w/2010-05-02_-_Pan-Pot_@_Bread_&_Butter,_The_Light_Bar,_London",,15,072,Moguai,Impereal,Moguai - Impereal
"2010-05-02 - Pan-Pot @ Bread & Butter, The Light Bar, London","https://www.mixesdb.com/w/2010-05-02_-_Pan-Pot_@_Bread_&_Butter,_The_Light_Bar,_London",,16,077,Julian Jeweil,Soda,Julian Jeweil - Soda
"2010-05-02 - Pan-Pot @ Bread & Butter, The Light Bar, London","https://www.mixesdb.com/w/2010-05-02_-_Pan-Pot_@_Bread_&_Butter,_The_Light_Bar,_London",,17,082,John Acquaviva,Dot Bomb (Gennaro Mastrantonio & Billy Johnston Remix),John Acquaviva - Dot Bomb (Gennaro Mastrantonio & Billy Johnston Remix)
"2010-05-02 - Pan-Pot @ Bread & Butter, The Light Bar, London","https://www.mixesdb.com/w/2010-05-02_-_Pan-Pot_@_Bread_&_Butter,_The_Light_Bar,_London",,18,088,Dennis Ferrer,Hey Hey (Dennis Ferrer Attention Vocal Mix),Dennis Ferrer - Hey Hey (Dennis Ferrer Attention Vocal Mix)
"2010-05-02 - Pan-Pot @ Bread & Butter, The Light Bar, London","https://www.mixesdb.com/w/2010-05-02_-_Pan-Pot_@_Bread_&_Butter,_The_Light_Bar,_London",,19,094,Deepchild,Backroom (Butch Remix),Deepchild - Backroom (Butch Remix)
"2010-05-02 - Pan-Pot @ Bread & Butter, The Light Bar, London","https://www.mixesdb.com/w/2010-05-02_-_Pan-Pot_@_Bread_&_Butter,_The_Light_Bar,_London",,20,101,Lusine Feat. Vilja Larjosto,Two Dots (Nic Fanciulli Remix),Lusine Feat. Vilja Larjosto - Two Dots (Nic Fanciulli Remix)
"2010-05-02 - Pan-Pot @ Bread & Butter, The Light Bar, London","https://www.mixesdb.com/w/2010-05-02_-_Pan-Pot_@_Bread_&_Butter,_The_Light_Bar,_London",,21,107,,?,?
"2010-05-02 - Pan-Pot @ Bread & Butter, The Light Bar, London","https://www.mixesdb.com/w/2010-05-02_-_Pan-Pot_@_Bread_&_Butter,_The_Light_Bar,_London",,22,114,Technasia,Esperance,Technasia - Esperance
"2010-05-02 - Pan-Pot @ Bread & Butter, The Light Bar, London","https://www.mixesdb.com/w/2010-05-02_-_Pan-Pot_@_Bread_&_Butter,_The_Light_Bar,_London",,23,118,,?,?
2013-01-04 - Pan-Pot - UMF Radio,https://www.mixesdb.com/w/2013-01-04_-_Pan-Pot_-_UMF_Radio,,1,00,,?,?
2013-01-04 - Pan-Pot - UMF Radio,https://www.mixesdb.com/w/2013-01-04_-_Pan-Pot_-_UMF_Radio,,2,06,Dense & Pika,31 [Hotflush - HFT 027],Dense & Pika - 31 [Hotflush - HFT 027]
2013-01-04 - Pan-Pot - UMF Radio,https://www.mixesdb.com/w/2013-01-04_-_Pan-Pot_-_UMF_Radio,,3,10,Monika Kruse,Namaste (8Colours Remix) [Terminal M - TERM 098],Monika Kruse - Namaste (8Colours Remix) [Terminal M - TERM 098]
2013-01-04 - Pan-Pot - UMF Radio,https://www.mixesdb.com/w/2013-01-04_-_Pan-Pot_-_UMF_Radio,,4,18,Harvard Bass,Plex (Dubfire Rework) [SCI & TEC Digital],Harvard Bass - Plex (Dubfire Rework) [SCI & TEC Digital]
2013-01-04 - Pan-Pot - UMF Radio,https://www.mixesdb.com/w/2013-01-04_-_Pan-Pot_-_UMF_Radio,,5,23,Marco Effe,Jellied Eels [Cocoon - CORLP 032DIGITAL-X],Marco Effe - Jellied Eels [Cocoon - CORLP 032DIGITAL-X]
2013-01-04 - Pan-Pot - UMF Radio,https://www.mixesdb.com/w/2013-01-04_-_Pan-Pot_-_UMF_Radio,,6,28,Remy Unger,Walk The Dog (Pig&Dan Remix) [Fone - FA 013],Remy Unger - Walk The Dog (Pig&Dan Remix) [Fone - FA 013]
2013-01-04 - Pan-Pot - UMF Radio,https://www.mixesdb.com/w/2013-01-04_-_Pan-Pot_-_UMF_Radio,,7,35,Pan-Pot,White Fiction [Mobilee - 105],Pan-Pot - White Fiction [Mobilee - 105]
2013-01-04 - Pan-Pot - UMF Radio,https://www.mixesdb.com/w/2013-01-04_-_Pan-Pot_-_UMF_Radio,,8,41,,?,?
2013-01-04 - Pan-Pot - UMF Radio,https://www.mixesdb.com/w/2013-01-04_-_Pan-Pot_-_UMF_Radio,,9,46,Rachel Row,Follow The Step (KiNK Beat Mix) [Pets - 025],Rachel Row - Follow The Step (KiNK Beat Mix) [Pets - 025]
2013-01-04 - Pan-Pot - UMF Radio,https://www.mixesdb.com/w/2013-01-04_-_Pan-Pot_-_UMF_Radio,,10,49,Psyk,Distane [Mote Evolver - MOTE 031D],Psyk - Distane [Mote Evolver - MOTE 031D]
2013-01-04 - Pan-Pot - UMF Radio,https://www.mixesdb.com/w/2013-01-04_-_Pan-Pot_-_UMF_Radio,,11,54,Hans Bouffmyhre,Droning [Sleaze - 076],Hans Bouffmyhre - Droning [Sleaze - 076]
2013-01-04 - Pan-Pot - UMF Radio,https://www.mixesdb.com/w/2013-01-04_-_Pan-Pot_-_UMF_Radio,,12,58,,?,?
2009-02-24 - Pan-Pot - We Want Some Summer (Mobilee Podcast 2),https://www.mixesdb.com/w/2009-02-24_-_Pan-Pot_-_We_Want_Some_Summer_(Mobilee_Podcast_2),,1,,Loco Dice,Pimp Jackson Is Talkin Now (Luciano Remix) [Desolat],Loco Dice - Pimp Jackson Is Talkin Now (Luciano Remix) [Desolat]
2009-02-24 - Pan-Pot - We Want Some Summer (Mobilee Podcast 2),https://www.mixesdb.com/w/2009-02-24_-_Pan-Pot_-_We_Want_Some_Summer_(Mobilee_Podcast_2),,2,,Gimikk,Dancing On The Stars (Paco Osuna Remix) [Remote Area],Gimikk - Dancing On The Stars (Paco Osuna Remix) [Remote Area]
2009-02-24 - Pan-Pot - We Want Some Summer (Mobilee Podcast 2),https://www.mixesdb.com/w/2009-02-24_-_Pan-Pot_-_We_Want_Some_Summer_(Mobilee_Podcast_2),,3,,Prompt,Evolve (Slam Remix) [7Noise],Prompt - Evolve (Slam Remix) [7Noise]
2009-02-24 - Pan-Pot - We Want Some Summer (Mobilee Podcast 2),https://www.mixesdb.com/w/2009-02-24_-_Pan-Pot_-_We_Want_Some_Summer_(Mobilee_Podcast_2),,4,,Dustin Zahn,Oceanside [Truesoul],Dustin Zahn - Oceanside [Truesoul]
2009-02-24 - Pan-Pot - We Want Some Summer (Mobilee Podcast 2),https://www.mixesdb.com/w/2009-02-24_-_Pan-Pot_-_We_Want_Some_Summer_(Mobilee_Podcast_2),,5,,Shlomi Aber,Namgo [Be As One],Shlomi Aber - Namgo [Be As One]
2009-02-24 - Pan-Pot - We Want Some Summer (Mobilee Podcast 2),https://www.mixesdb.com/w/2009-02-24_-_Pan-Pot_-_We_Want_Some_Summer_(Mobilee_Podcast_2),,6,,Sebastien Gazaille,Fame (D-Unity Remix) [Kult],Sebastien Gazaille - Fame (D-Unity Remix) [Kult]
2009-02-24 - Pan-Pot - We Want Some Summer (Mobilee Podcast 2),https://www.mixesdb.com/w/2009-02-24_-_Pan-Pot_-_We_Want_Some_Summer_(Mobilee_Podcast_2),,7,,Libex & Marshall,Turin Quality Clubbing [303 Lovers],Libex & Marshall - Turin Quality Clubbing [303 Lovers]
2009-02-24 - Pan-Pot - We Want Some Summer (Mobilee Podcast 2),https://www.mixesdb.com/w/2009-02-24_-_Pan-Pot_-_We_Want_Some_Summer_(Mobilee_Podcast_2),,8,,Mike Spaccavento,Nervous Man [Stereo Seven],Mike Spaccavento - Nervous Man [Stereo Seven]
2009-02-24 - Pan-Pot - We Want Some Summer (Mobilee Podcast 2),https://www.mixesdb.com/w/2009-02-24_-_Pan-Pot_-_We_Want_Some_Summer_(Mobilee_Podcast_2),,9,,Ramon Tapia,Tanzgefühl [Great Stuff],Ramon Tapia - Tanzgefühl [Great Stuff]
2009-02-24 - Pan-Pot - We Want Some Summer (Mobilee Podcast 2),https://www.mixesdb.com/w/2009-02-24_-_Pan-Pot_-_We_Want_Some_Summer_(Mobilee_Podcast_2),,10,,John Tejada,Better Days [Palette],John Tejada - Better Days [Palette]
"2017-07-21 - Pan-Pot @ Tomorrowland - Amicorum Spectaculum, Belgium","https://www.mixesdb.com/w/2017-07-21_-_Pan-Pot_@_Tomorrowland_-_Amicorum_Spectaculum,_Belgium",,1,00,,?,?
"2017-07-21 - Pan-Pot @ Tomorrowland - Amicorum Spectaculum, Belgium","https://www.mixesdb.com/w/2017-07-21_-_Pan-Pot_@_Tomorrowland_-_Amicorum_Spectaculum,_Belgium",,2,06,DurtysoxXx,Disguise [Funk'n Deep Black],DurtysoxXx - Disguise [Funk'n Deep Black]
"2017-07-21 - Pan-Pot @ Tomorrowland - Amicorum Spectaculum, Belgium","https://www.mixesdb.com/w/2017-07-21_-_Pan-Pot_@_Tomorrowland_-_Amicorum_Spectaculum,_Belgium",,3,12,,?,?
"2017-07-21 - Pan-Pot @ Tomorrowland - Amicorum Spectaculum, Belgium","https://www.mixesdb.com/w/2017-07-21_-_Pan-Pot_@_Tomorrowland_-_Amicorum_Spectaculum,_Belgium",,4,16,,?,?
"2017-07-21 - Pan-Pot @ Tomorrowland - Amicorum Spectaculum, Belgium","https://www.mixesdb.com/w/2017-07-21_-_Pan-Pot_@_Tomorrowland_-_Amicorum_Spectaculum,_Belgium",,5,21,Gary Beck,Hot Packing Slip [Bek],Gary Beck - Hot Packing Slip [Bek]
"2017-07-21 - Pan-Pot @ Tomorrowland - Amicorum Spectaculum, Belgium","https://www.mixesdb.com/w/2017-07-21_-_Pan-Pot_@_Tomorrowland_-_Amicorum_Spectaculum,_Belgium",,6,25,Andres Campo & Ramiro Lopez,Pachamama [Odd],Andres Campo & Ramiro Lopez - Pachamama [Odd]
"2017-07-21 - Pan-Pot @ Tomorrowland - Amicorum Spectaculum, Belgium","https://www.mixesdb.com/w/2017-07-21_-_Pan-Pot_@_Tomorrowland_-_Amicorum_Spectaculum,_Belgium",,7,31,Mørbeck & WYAD,Dark Stars Rising [Code Is Law],Mørbeck & WYAD - Dark Stars Rising [Code Is Law]
"2017-07-21 - Pan-Pot @ Tomorrowland - Amicorum Spectaculum, Belgium","https://www.mixesdb.com/w/2017-07-21_-_Pan-Pot_@_Tomorrowland_-_Amicorum_Spectaculum,_Belgium",,8,35,Monika Kruse Meets Pig&Dan,Boogie Man [Terminal M],Monika Kruse Meets Pig&Dan - Boogie Man [Terminal M]
"2017-07-21 - Pan-Pot @ Tomorrowland - Amicorum Spectaculum, Belgium","https://www.mixesdb.com/w/2017-07-21_-_Pan-Pot_@_Tomorrowland_-_Amicorum_Spectaculum,_Belgium",,9,40,Andres Campo & Dave Sinner,Classified [Suara],Andres Campo & Dave Sinner - Classified [Suara]
"2017-07-21 - Pan-Pot @ Tomorrowland - Amicorum Spectaculum, Belgium","https://www.mixesdb.com/w/2017-07-21_-_Pan-Pot_@_Tomorrowland_-_Amicorum_Spectaculum,_Belgium",,10,45,Petter B,Roots Pt.II [Bond],Petter B - Roots Pt.II [Bond]
"2017-07-21 - Pan-Pot @ Tomorrowland - Amicorum Spectaculum, Belgium","https://www.mixesdb.com/w/2017-07-21_-_Pan-Pot_@_Tomorrowland_-_Amicorum_Spectaculum,_Belgium",,11,51,,?,?
"2017-07-21 - Pan-Pot @ Tomorrowland - Amicorum Spectaculum, Belgium","https://www.mixesdb.com/w/2017-07-21_-_Pan-Pot_@_Tomorrowland_-_Amicorum_Spectaculum,_Belgium",,12,55,Sam Paganini Feat. Zoe,Hypnotize [Jam!],Sam Paganini Feat. Zoe - Hypnotize [Jam!]
"2017-07-21 - Pan-Pot @ Tomorrowland - Amicorum Spectaculum, Belgium","https://www.mixesdb.com/w/2017-07-21_-_Pan-Pot_@_Tomorrowland_-_Amicorum_Spectaculum,_Belgium",,13,60,Slam,Vapour [Soma],Slam - Vapour [Soma]
"2017-07-21 - Pan-Pot @ Tomorrowland - Amicorum Spectaculum, Belgium","https://www.mixesdb.com/w/2017-07-21_-_Pan-Pot_@_Tomorrowland_-_Amicorum_Spectaculum,_Belgium",,14,65,Sander van Doorn,The Rhythm [Doorn],Sander van Doorn - The Rhythm [Doorn]
"2017-07-21 - Pan-Pot @ Tomorrowland - Amicorum Spectaculum, Belgium","https://www.mixesdb.com/w/2017-07-21_-_Pan-Pot_@_Tomorrowland_-_Amicorum_Spectaculum,_Belgium",,15,70,,?,?
"2017-07-21 - Pan-Pot @ Tomorrowland - Amicorum Spectaculum, Belgium","https://www.mixesdb.com/w/2017-07-21_-_Pan-Pot_@_Tomorrowland_-_Amicorum_Spectaculum,_Belgium",,16,74,Balthazar & JackRock,Entertain Us,Balthazar & JackRock - Entertain Us
"2017-07-21 - Pan-Pot @ Tomorrowland - Amicorum Spectaculum, Belgium","https://www.mixesdb.com/w/2017-07-21_-_Pan-Pot_@_Tomorrowland_-_Amicorum_Spectaculum,_Belgium",,17,78,Andres Campo,Blocked [Odd],Andres Campo - Blocked [Odd]
"2017-07-21 - Pan-Pot @ Tomorrowland - Amicorum Spectaculum, Belgium","https://www.mixesdb.com/w/2017-07-21_-_Pan-Pot_@_Tomorrowland_-_Amicorum_Spectaculum,_Belgium",,18,82,SHDW & Obscure Shape,Gesang Der Toten Dinge (Konstantin Sibold Version) [From Another Mind],SHDW & Obscure Shape - Gesang Der Toten Dinge (Konstantin Sibold Version) [From Another Mind]
"2017-07-21 - Pan-Pot @ Tomorrowland - Amicorum Spectaculum, Belgium","https://www.mixesdb.com/w/2017-07-21_-_Pan-Pot_@_Tomorrowland_-_Amicorum_Spectaculum,_Belgium",,19,88,,?,?
"2017-07-21 - Pan-Pot @ Tomorrowland - Amicorum Spectaculum, Belgium","https://www.mixesdb.com/w/2017-07-21_-_Pan-Pot_@_Tomorrowland_-_Amicorum_Spectaculum,_Belgium",,20,92,DJ HMC,Marauder (Edit) [Lightspeed],DJ HMC - Marauder (Edit) [Lightspeed]
"2024-04-06 - Pan-Pot @ 30 Years Time Warp, Mannheim, Germany","https://www.mixesdb.com/w/2024-04-06_-_Pan-Pot_@_30_Years_Time_Warp,_Mannheim,_Germany",,1,000,,?,?
"2024-04-06 - Pan-Pot @ 30 Years Time Warp, Mannheim, Germany","https://www.mixesdb.com/w/2024-04-06_-_Pan-Pot_@_30_Years_Time_Warp,_Mannheim,_Germany",,2,007,Kaiserdisco,Error In The System,Kaiserdisco - Error In The System
"2024-04-06 - Pan-Pot @ 30 Years Time Warp, Mannheim, Germany","https://www.mixesdb.com/w/2024-04-06_-_Pan-Pot_@_30_Years_Time_Warp,_Mannheim,_Germany",,3,009,Wehbba,Nitro [Hifn],Wehbba - Nitro [Hifn]
"2024-04-06 - Pan-Pot @ 30 Years Time Warp, Mannheim, Germany","https://www.mixesdb.com/w/2024-04-06_-_Pan-Pot_@_30_Years_Time_Warp,_Mannheim,_Germany",,4,013,Lucass P,J'test Le Mic [Loud],Lucass P - J'test Le Mic [Loud]
"2024-04-06 - Pan-Pot @ 30 Years Time Warp, Mannheim, Germany","https://www.mixesdb.com/w/2024-04-06_-_Pan-Pot_@_30_Years_Time_Warp,_Mannheim,_Germany",,5,016,,?,?
"2024-04-06 - Pan-Pot @ 30 Years Time Warp, Mannheim, Germany","https://www.mixesdb.com/w/2024-04-06_-_Pan-Pot_@_30_Years_Time_Warp,_Mannheim,_Germany",,6,019,Sam Paganini,Feeling In The Air,Sam Paganini - Feeling In The Air
"2024-04-06 - Pan-Pot @ 30 Years Time Warp, Mannheim, Germany","https://www.mixesdb.com/w/2024-04-06_-_Pan-Pot_@_30_Years_Time_Warp,_Mannheim,_Germany",,7,023,Different Twins,Chapter Two (Radio Edit),Different Twins - Chapter Two (Radio Edit)
"2024-04-06 - Pan-Pot @ 30 Years Time Warp, Mannheim, Germany","https://www.mixesdb.com/w/2024-04-06_-_Pan-Pot_@_30_Years_Time_Warp,_Mannheim,_Germany",,8,027,Alessandro Grops,Sensor,Alessandro Grops - Sensor
"2024-04-06 - Pan-Pot @ 30 Years Time Warp, Mannheim, Germany","https://www.mixesdb.com/w/2024-04-06_-_Pan-Pot_@_30_Years_Time_Warp,_Mannheim,_Germany",,9,030,,?,?
"2024-04-06 - Pan-Pot @ 30 Years Time Warp, Mannheim, Germany","https://www.mixesdb.com/w/2024-04-06_-_Pan-Pot_@_30_Years_Time_Warp,_Mannheim,_Germany",,10,032,Filterheadz,Enigma,Filterheadz - Enigma
"2024-04-06 - Pan-Pot @ 30 Years Time Warp, Mannheim, Germany","https://www.mixesdb.com/w/2024-04-06_-_Pan-Pot_@_30_Years_Time_Warp,_Mannheim,_Germany",,11,034,Greg Gow,Pocket Lighter [Rspx (Rekids)],Greg Gow - Pocket Lighter [Rspx (Rekids)]
"2024-04-06 - Pan-Pot @ 30 Years Time Warp, Mannheim, Germany","https://www.mixesdb.com/w/2024-04-06_-_Pan-Pot_@_30_Years_Time_Warp,_Mannheim,_Germany",,12,038,,?,?
"2024-04-06 - Pan-Pot @ 30 Years Time Warp, Mannheim, Germany","https://www.mixesdb.com/w/2024-04-06_-_Pan-Pot_@_30_Years_Time_Warp,_Mannheim,_Germany",,13,042,EFESIAN,The Smoke [Efesian],EFESIAN - The Smoke [Efesian]
"2024-04-06 - Pan-Pot @ 30 Years Time Warp, Mannheim, Germany","https://www.mixesdb.com/w/2024-04-06_-_Pan-Pot_@_30_Years_Time_Warp,_Mannheim,_Germany",,14,046,Klaudia Gawlas,Canvas (Clubmix) [Beatdisaster],Klaudia Gawlas - Canvas (Clubmix) [Beatdisaster]
"2024-04-06 - Pan-Pot @ 30 Years Time Warp, Mannheim, Germany","https://www.mixesdb.com/w/2024-04-06_-_Pan-Pot_@_30_Years_Time_Warp,_Mannheim,_Germany",,15,050,Sam Paganini,Roll [Jam],Sam Paganini - Roll [Jam]
"2024-04-06 - Pan-Pot @ 30 Years Time Warp, Mannheim, Germany","https://www.mixesdb.com/w/2024-04-06_-_Pan-Pot_@_30_Years_Time_Warp,_Mannheim,_Germany",,16,054,Len Faki,Sexuality (My Reality) (Hardspace Mix),Len Faki - Sexuality (My Reality) (Hardspace Mix)
"2024-04-06 - Pan-Pot @ 30 Years Time Warp, Mannheim, Germany","https://www.mixesdb.com/w/2024-04-06_-_Pan-Pot_@_30_Years_Time_Warp,_Mannheim,_Germany",,17,056,,?,?
"2024-04-06 - Pan-Pot @ 30 Years Time Warp, Mannheim, Germany","https://www.mixesdb.com/w/2024-04-06_-_Pan-Pot_@_30_Years_Time_Warp,_Mannheim,_Germany",,18,060,Marco Conte,Taz 909 [Unrilis],Marco Conte - Taz 909 [Unrilis]
"2024-04-06 - Pan-Pot @ 30 Years Time Warp, Mannheim, Germany","https://www.mixesdb.com/w/2024-04-06_-_Pan-Pot_@_30_Years_Time_Warp,_Mannheim,_Germany",,19,063,Lucass P,My House [Loud],Lucass P - My House [Loud]
"2024-04-06 - Pan-Pot @ 30 Years Time Warp, Mannheim, Germany","https://www.mixesdb.com/w/2024-04-06_-_Pan-Pot_@_30_Years_Time_Warp,_Mannheim,_Germany",,20,067,Oscar Escapa,Are You Ready [Rawness],Oscar Escapa - Are You Ready [Rawness]
"2024-04-06 - Pan-Pot @ 30 Years Time Warp, Mannheim, Germany","https://www.mixesdb.com/w/2024-04-06_-_Pan-Pot_@_30_Years_Time_Warp,_Mannheim,_Germany",,21,071,Hertz,Timballe [Sway],Hertz - Timballe [Sway]
"2024-04-06 - Pan-Pot @ 30 Years Time Warp, Mannheim, Germany","https://www.mixesdb.com/w/2024-04-06_-_Pan-Pot_@_30_Years_Time_Warp,_Mannheim,_Germany",,22,074,,?,?
"2024-04-06 - Pan-Pot @ 30 Years Time Warp, Mannheim, Germany","https://www.mixesdb.com/w/2024-04-06_-_Pan-Pot_@_30_Years_Time_Warp,_Mannheim,_Germany",,23,076,Mila Journée,Gamer,Mila Journée - Gamer
"2024-04-06 - Pan-Pot @ 30 Years Time Warp, Mannheim, Germany","https://www.mixesdb.com/w/2024-04-06_-_Pan-Pot_@_30_Years_Time_Warp,_Mannheim,_Germany",,24,080,Sera J,Bodies Don't Lie [Mutual Rytm],Sera J - Bodies Don't Lie [Mutual Rytm]
"2024-04-06 - Pan-Pot @ 30 Years Time Warp, Mannheim, Germany","https://www.mixesdb.com/w/2024-04-06_-_Pan-Pot_@_30_Years_Time_Warp,_Mannheim,_Germany",,25,084,,?,?
"2024-04-06 - Pan-Pot @ 30 Years Time Warp, Mannheim, Germany","https://www.mixesdb.com/w/2024-04-06_-_Pan-Pot_@_30_Years_Time_Warp,_Mannheim,_Germany",,26,087,Alexander Kowalski,Machines Vortex,Alexander Kowalski - Machines Vortex
"2024-04-06 - Pan-Pot @ 30 Years Time Warp, Mannheim, Germany","https://www.mixesdb.com/w/2024-04-06_-_Pan-Pot_@_30_Years_Time_Warp,_Mannheim,_Germany",,27,091,Thomas Schumacher & Technohead,The Passion 2024 [Electric Ballroom],Thomas Schumacher & Technohead - The Passion 2024 [Electric Ballroom]
"2024-04-06 - Pan-Pot @ 30 Years Time Warp, Mannheim, Germany","https://www.mixesdb.com/w/2024-04-06_-_Pan-Pot_@_30_Years_Time_Warp,_Mannheim,_Germany",,28,095,Maddix Feat. Leila K,Open Sesame (Abracadabra),Maddix Feat. Leila K - Open Sesame (Abracadabra)
"2024-04-06 - Pan-Pot @ 30 Years Time Warp, Mannheim, Germany","https://www.mixesdb.com/w/2024-04-06_-_Pan-Pot_@_30_Years_Time_Warp,_Mannheim,_Germany",,29,100,DJ Plant Texture,HighSpeedLife [RAW],DJ Plant Texture - HighSpeedLife [RAW]
"2024-04-06 - Pan-Pot @ 30 Years Time Warp, Mannheim, Germany","https://www.mixesdb.com/w/2024-04-06_-_Pan-Pot_@_30_Years_Time_Warp,_Mannheim,_Germany",,30,105,,?,?
2011-09-25 - Pan-Pot - LINK Podcast 009,https://www.mixesdb.com/w/2011-09-25_-_Pan-Pot_-_LINK_Podcast_009,,1,00,Maceo Plex,Gravy Train (Nicolas Jaar Remix),Maceo Plex - Gravy Train (Nicolas Jaar Remix)
2011-09-25 - Pan-Pot - LINK Podcast 009,https://www.mixesdb.com/w/2011-09-25_-_Pan-Pot_-_LINK_Podcast_009,,2,??,DJ Hell,I Prefer Woman To Man (Andre Lodemann Remix),DJ Hell - I Prefer Woman To Man (Andre Lodemann Remix)
2011-09-25 - Pan-Pot - LINK Podcast 009,https://www.mixesdb.com/w/2011-09-25_-_Pan-Pot_-_LINK_Podcast_009,,3,11,Jonny White,Musique Noire (Jamie Jones In Out Edit),Jonny White - Musique Noire (Jamie Jones In Out Edit)
2011-09-25 - Pan-Pot - LINK Podcast 009,https://www.mixesdb.com/w/2011-09-25_-_Pan-Pot_-_LINK_Podcast_009,,4,??,The Junkies,Thug Life,The Junkies - Thug Life
2011-09-25 - Pan-Pot - LINK Podcast 009,https://www.mixesdb.com/w/2011-09-25_-_Pan-Pot_-_LINK_Podcast_009,,5,??,Shlomi Aber,Who Said That,Shlomi Aber - Who Said That
2011-09-25 - Pan-Pot - LINK Podcast 009,https://www.mixesdb.com/w/2011-09-25_-_Pan-Pot_-_LINK_Podcast_009,,6,??,S.A.S.,House Nation,S.A.S. - House Nation
2011-09-25 - Pan-Pot - LINK Podcast 009,https://www.mixesdb.com/w/2011-09-25_-_Pan-Pot_-_LINK_Podcast_009,,7,??,Tim Green,Jimmy Rave Up,Tim Green - Jimmy Rave Up
2011-09-25 - Pan-Pot - LINK Podcast 009,https://www.mixesdb.com/w/2011-09-25_-_Pan-Pot_-_LINK_Podcast_009,,8,37,Safeword Feat. Cari Golden,Gaze (Sebrok & Tassilo Remix),Safeword Feat. Cari Golden - Gaze (Sebrok & Tassilo Remix)
2011-09-25 - Pan-Pot - LINK Podcast 009,https://www.mixesdb.com/w/2011-09-25_-_Pan-Pot_-_LINK_Podcast_009,,9,??,Patrik Lindsay,Get Up And Bounce,Patrik Lindsay - Get Up And Bounce
2011-09-25 - Pan-Pot - LINK Podcast 009,https://www.mixesdb.com/w/2011-09-25_-_Pan-Pot_-_LINK_Podcast_009,,10,??,William Kouam Djoko,Hard Loving (Mihai Popovic Remix),William Kouam Djoko - Hard Loving (Mihai Popovic Remix)
2011-09-25 - Pan-Pot - LINK Podcast 009,https://www.mixesdb.com/w/2011-09-25_-_Pan-Pot_-_LINK_Podcast_009,,11,57,Trentemøller,Moan (Radio Slave Remix For K),Trentemøller - Moan (Radio Slave Remix For K)
2008-07 - Pan-Pot - Minitek Podcast - 7 Weeks,https://www.mixesdb.com/w/2008-07_-_Pan-Pot_-_Minitek_Podcast_-_7_Weeks,,1,,"The Horrorist, Miro Pajic",Gigabyte Numbers (Harry Axt Remix),"The Horrorist, Miro Pajic - Gigabyte Numbers (Harry Axt Remix)"
2008-07 - Pan-Pot - Minitek Podcast - 7 Weeks,https://www.mixesdb.com/w/2008-07_-_Pan-Pot_-_Minitek_Podcast_-_7_Weeks,,2,,Tony Rohr,Sweep The Leg,Tony Rohr - Sweep The Leg
2008-07 - Pan-Pot - Minitek Podcast - 7 Weeks,https://www.mixesdb.com/w/2008-07_-_Pan-Pot_-_Minitek_Podcast_-_7_Weeks,,3,,Leon Greenbeam,Train (Someone Else Remix),Leon Greenbeam - Train (Someone Else Remix)
2008-07 - Pan-Pot - Minitek Podcast - 7 Weeks,https://www.mixesdb.com/w/2008-07_-_Pan-Pot_-_Minitek_Podcast_-_7_Weeks,,4,,Tronco Traxx,Walk 4 Me,Tronco Traxx - Walk 4 Me
2008-07 - Pan-Pot - Minitek Podcast - 7 Weeks,https://www.mixesdb.com/w/2008-07_-_Pan-Pot_-_Minitek_Podcast_-_7_Weeks,,5,,Marcel Dettmann,Corebox,Marcel Dettmann - Corebox
2008-07 - Pan-Pot - Minitek Podcast - 7 Weeks,https://www.mixesdb.com/w/2008-07_-_Pan-Pot_-_Minitek_Podcast_-_7_Weeks,,6,,Bukador & Fishbeck,Decade,Bukador & Fishbeck - Decade
2008-07 - Pan-Pot - Minitek Podcast - 7 Weeks,https://www.mixesdb.com/w/2008-07_-_Pan-Pot_-_Minitek_Podcast_-_7_Weeks,,7,,Trnstrasse,As You Like Ist (Panorama Dub Edit),Trnstrasse - As You Like Ist (Panorama Dub Edit)
2008-07 - Pan-Pot - Minitek Podcast - 7 Weeks,https://www.mixesdb.com/w/2008-07_-_Pan-Pot_-_Minitek_Podcast_-_7_Weeks,,8,,Shonky,Time Zero (Matthias Kaden Remix),Shonky - Time Zero (Matthias Kaden Remix)
2008-07 - Pan-Pot - Minitek Podcast - 7 Weeks,https://www.mixesdb.com/w/2008-07_-_Pan-Pot_-_Minitek_Podcast_-_7_Weeks,,9,,Lemos,Who Do You Believe,Lemos - Who Do You Believe
2008-07 - Pan-Pot - Minitek Podcast - 7 Weeks,https://www.mixesdb.com/w/2008-07_-_Pan-Pot_-_Minitek_Podcast_-_7_Weeks,,10,,Asem Shama,Kabuki (Panpot Remix),Asem Shama - Kabuki (Panpot Remix)
2008-07 - Pan-Pot - Minitek Podcast - 7 Weeks,https://www.mixesdb.com/w/2008-07_-_Pan-Pot_-_Minitek_Podcast_-_7_Weeks,,11,,Axel Bartsch,You Won't Fall (Dub Version),Axel Bartsch - You Won't Fall (Dub Version)
"2018-08-11 - Pan-Pot @ Street Parade, Zurich","https://www.mixesdb.com/w/2018-08-11_-_Pan-Pot_@_Street_Parade,_Zurich",,1,000,,Intro,Intro
"2018-08-11 - Pan-Pot @ Street Parade, Zurich","https://www.mixesdb.com/w/2018-08-11_-_Pan-Pot_@_Street_Parade,_Zurich",,2,002,Veerus,Heavy [JAM - JAM007],Veerus - Heavy [JAM - JAM007]
"2018-08-11 - Pan-Pot @ Street Parade, Zurich","https://www.mixesdb.com/w/2018-08-11_-_Pan-Pot_@_Street_Parade,_Zurich",,3,005,Harvey McKay,Other Side Of The Void [Suara - SUARA330],Harvey McKay - Other Side Of The Void [Suara - SUARA330]
"2018-08-11 - Pan-Pot @ Street Parade, Zurich","https://www.mixesdb.com/w/2018-08-11_-_Pan-Pot_@_Street_Parade,_Zurich",,4,010,Paride Saraceni,Black Mamba [Redrum - REDRUM059],Paride Saraceni - Black Mamba [Redrum - REDRUM059]
"2018-08-11 - Pan-Pot @ Street Parade, Zurich","https://www.mixesdb.com/w/2018-08-11_-_Pan-Pot_@_Street_Parade,_Zurich",,5,013,Andres Campo & Ramiro Lopez,Fluor [Odd - ODD018],Andres Campo & Ramiro Lopez - Fluor [Odd - ODD018]
"2018-08-11 - Pan-Pot @ Street Parade, Zurich","https://www.mixesdb.com/w/2018-08-11_-_Pan-Pot_@_Street_Parade,_Zurich",,6,017,Chris Hirose & Hours,Patchouli [Second State Audio - SNDST051],Chris Hirose & Hours - Patchouli [Second State Audio - SNDST051]
"2018-08-11 - Pan-Pot @ Street Parade, Zurich","https://www.mixesdb.com/w/2018-08-11_-_Pan-Pot_@_Street_Parade,_Zurich",,7,022,Gary Beck,Just One More [We Are The Brave - WATB010],Gary Beck - Just One More [We Are The Brave - WATB010]
"2018-08-11 - Pan-Pot @ Street Parade, Zurich","https://www.mixesdb.com/w/2018-08-11_-_Pan-Pot_@_Street_Parade,_Zurich",,8,026,Nicolas Taboada,Action [Unrilis - UNRILIS041],Nicolas Taboada - Action [Unrilis - UNRILIS041]
"2018-08-11 - Pan-Pot @ Street Parade, Zurich","https://www.mixesdb.com/w/2018-08-11_-_Pan-Pot_@_Street_Parade,_Zurich",,9,031,Harvey McKay,LSD AND IRN BRU [Suara - Suara330],Harvey McKay - LSD AND IRN BRU [Suara - Suara330]
"2018-08-11 - Pan-Pot @ Street Parade, Zurich","https://www.mixesdb.com/w/2018-08-11_-_Pan-Pot_@_Street_Parade,_Zurich",,10,036,Assailants,Effort 8 [Obscurity Is Infinite - OII001],Assailants - Effort 8 [Obscurity Is Infinite - OII001]
"2018-08-11 - Pan-Pot @ Street Parade, Zurich","https://www.mixesdb.com/w/2018-08-11_-_Pan-Pot_@_Street_Parade,_Zurich",,11,038,DJ Hyperactive,Wide Open (Len Faki DJ-Edit) [Figure - FIGURE40],DJ Hyperactive - Wide Open (Len Faki DJ-Edit) [Figure - FIGURE40]
"2018-08-11 - Pan-Pot @ Street Parade, Zurich","https://www.mixesdb.com/w/2018-08-11_-_Pan-Pot_@_Street_Parade,_Zurich",,12,043,Giovanni Carozza,Old Contact [Bitten - BITT135],Giovanni Carozza - Old Contact [Bitten - BITT135]
"2018-08-11 - Pan-Pot @ Street Parade, Zurich","https://www.mixesdb.com/w/2018-08-11_-_Pan-Pot_@_Street_Parade,_Zurich",,13,047,Ramon Tapia,Club Pirate (Vinicius Honorio Rework) [Underground Audio - UGA076],Ramon Tapia - Club Pirate (Vinicius Honorio Rework) [Underground Audio - UGA076]
"2018-08-11 - Pan-Pot @ Street Parade, Zurich","https://www.mixesdb.com/w/2018-08-11_-_Pan-Pot_@_Street_Parade,_Zurich",,14,051,Balthazar & JackRock,Acid Kiss [Filth on Acid - FOA033],Balthazar & JackRock - Acid Kiss [Filth on Acid - FOA033]
"2018-08-11 - Pan-Pot @ Street Parade, Zurich","https://www.mixesdb.com/w/2018-08-11_-_Pan-Pot_@_Street_Parade,_Zurich",,15,056,The Prodigy,No Good (Start The Dance) [XL - XLCD114],The Prodigy - No Good (Start The Dance) [XL - XLCD114]
"2018-08-11 - Pan-Pot @ Street Parade, Zurich","https://www.mixesdb.com/w/2018-08-11_-_Pan-Pot_@_Street_Parade,_Zurich",,16,063,[ Wex 10 ],Carolo [JAM - JAM007],[ Wex 10 ] - Carolo [JAM - JAM007]
"2018-08-11 - Pan-Pot @ Street Parade, Zurich","https://www.mixesdb.com/w/2018-08-11_-_Pan-Pot_@_Street_Parade,_Zurich",,17,066,Harvey McKay,Rush [We Are The Brave - WATB021],Harvey McKay - Rush [We Are The Brave - WATB021]
"2018-08-11 - Pan-Pot @ Street Parade, Zurich","https://www.mixesdb.com/w/2018-08-11_-_Pan-Pot_@_Street_Parade,_Zurich",,18,070,Adam Beyer & Bart Skils,Your Mind [Drumcode - DC191],Adam Beyer & Bart Skils - Your Mind [Drumcode - DC191]
"2018-08-11 - Pan-Pot @ Street Parade, Zurich","https://www.mixesdb.com/w/2018-08-11_-_Pan-Pot_@_Street_Parade,_Zurich",,19,076,Eats Everything,Space Raiders [Kneaded Pains - KP33],Eats Everything - Space Raiders [Kneaded Pains - KP33]
"2018-08-11 - Pan-Pot @ Street Parade, Zurich","https://www.mixesdb.com/w/2018-08-11_-_Pan-Pot_@_Street_Parade,_Zurich",,20,080,Joyhauser,Galaxy Phase [Kraftek - KTK055],Joyhauser - Galaxy Phase [Kraftek - KTK055]
"2018-08-11 - Pan-Pot @ Street Parade, Zurich","https://www.mixesdb.com/w/2018-08-11_-_Pan-Pot_@_Street_Parade,_Zurich",,21,083,DJ Hyperactive,Music Box [4 Track  - 4TRK017],DJ Hyperactive - Music Box [4 Track  - 4TRK017]
"2018-08-11 - Pan-Pot @ Street Parade, Zurich","https://www.mixesdb.com/w/2018-08-11_-_Pan-Pot_@_Street_Parade,_Zurich",,22,086,Pan-Pot,Funke [Second State Audio - SNDST045],Pan-Pot - Funke [Second State Audio - SNDST045]
"2021-09-18 - Pan-Pot @ Extrema Outdoor, Belgium","https://www.mixesdb.com/w/2021-09-18_-_Pan-Pot_@_Extrema_Outdoor,_Belgium",,1,000,SRVD,Black On Black [Rekids],SRVD - Black On Black [Rekids]
"2021-09-18 - Pan-Pot @ Extrema Outdoor, Belgium","https://www.mixesdb.com/w/2021-09-18_-_Pan-Pot_@_Extrema_Outdoor,_Belgium",,2,005,Flug,AR02 [Rekids],Flug - AR02 [Rekids]
"2021-09-18 - Pan-Pot @ Extrema Outdoor, Belgium","https://www.mixesdb.com/w/2021-09-18_-_Pan-Pot_@_Extrema_Outdoor,_Belgium",,3,010,,?,?
"2021-09-18 - Pan-Pot @ Extrema Outdoor, Belgium","https://www.mixesdb.com/w/2021-09-18_-_Pan-Pot_@_Extrema_Outdoor,_Belgium",,4,014,A.Paul & DJ Dextro,From Beyond [Naked Lunch],A.Paul & DJ Dextro - From Beyond [Naked Lunch]
"2021-09-18 - Pan-Pot @ Extrema Outdoor, Belgium","https://www.mixesdb.com/w/2021-09-18_-_Pan-Pot_@_Extrema_Outdoor,_Belgium",,5,017,RECYCLE,Recycle #1 (Flash & Cash) [Planet Rhythm],RECYCLE - Recycle #1 (Flash & Cash) [Planet Rhythm]
"2021-09-18 - Pan-Pot @ Extrema Outdoor, Belgium","https://www.mixesdb.com/w/2021-09-18_-_Pan-Pot_@_Extrema_Outdoor,_Belgium",,6,0??,Moi Renee,Miss Honey,Moi Renee - Miss Honey
"2021-09-18 - Pan-Pot @ Extrema Outdoor, Belgium","https://www.mixesdb.com/w/2021-09-18_-_Pan-Pot_@_Extrema_Outdoor,_Belgium",,7,021,,?,?
"2021-09-18 - Pan-Pot @ Extrema Outdoor, Belgium","https://www.mixesdb.com/w/2021-09-18_-_Pan-Pot_@_Extrema_Outdoor,_Belgium",,8,024,,?,?
"2021-09-18 - Pan-Pot @ Extrema Outdoor, Belgium","https://www.mixesdb.com/w/2021-09-18_-_Pan-Pot_@_Extrema_Outdoor,_Belgium",,9,028,The Roots,Thirsty!,The Roots - Thirsty!
"2021-09-18 - Pan-Pot @ Extrema Outdoor, Belgium","https://www.mixesdb.com/w/2021-09-18_-_Pan-Pot_@_Extrema_Outdoor,_Belgium",,10,031,Elektrochemie LK,When I Rock [Bush],Elektrochemie LK - When I Rock [Bush]
"2021-09-18 - Pan-Pot @ Extrema Outdoor, Belgium","https://www.mixesdb.com/w/2021-09-18_-_Pan-Pot_@_Extrema_Outdoor,_Belgium",,11,035,DJ Dextro,Time Travel [Onh.Cet (Naked Lunch)],DJ Dextro - Time Travel [Onh.Cet (Naked Lunch)]
"2021-09-18 - Pan-Pot @ Extrema Outdoor, Belgium","https://www.mixesdb.com/w/2021-09-18_-_Pan-Pot_@_Extrema_Outdoor,_Belgium",,12,039,Luigi Madonna,Interfrequencies [Drumcode],Luigi Madonna - Interfrequencies [Drumcode]
"2021-09-18 - Pan-Pot @ Extrema Outdoor, Belgium","https://www.mixesdb.com/w/2021-09-18_-_Pan-Pot_@_Extrema_Outdoor,_Belgium",,13,043,,?,?
"2021-09-18 - Pan-Pot @ Extrema Outdoor, Belgium","https://www.mixesdb.com/w/2021-09-18_-_Pan-Pot_@_Extrema_Outdoor,_Belgium",,14,048,Mauro Picotto,Verdi [Bxr (Media Rec.)],Mauro Picotto - Verdi [Bxr (Media Rec.)]
"2021-09-18 - Pan-Pot @ Extrema Outdoor, Belgium","https://www.mixesdb.com/w/2021-09-18_-_Pan-Pot_@_Extrema_Outdoor,_Belgium",,15,054,DJ Ogi,Ruzina,DJ Ogi - Ruzina
"2021-09-18 - Pan-Pot @ Extrema Outdoor, Belgium","https://www.mixesdb.com/w/2021-09-18_-_Pan-Pot_@_Extrema_Outdoor,_Belgium",,16,058,,?,?
"2021-09-18 - Pan-Pot @ Extrema Outdoor, Belgium","https://www.mixesdb.com/w/2021-09-18_-_Pan-Pot_@_Extrema_Outdoor,_Belgium",,17,061,Marcal,Droste Effect [Rspx],Marcal - Droste Effect [Rspx]
"2021-09-18 - Pan-Pot @ Extrema Outdoor, Belgium","https://www.mixesdb.com/w/2021-09-18_-_Pan-Pot_@_Extrema_Outdoor,_Belgium",,18,066,Nez Feat. Felix Da Housecat,Lift Off [Three Six Zero (Warner Bros.)],Nez Feat. Felix Da Housecat - Lift Off [Three Six Zero (Warner Bros.)]
"2021-09-18 - Pan-Pot @ Extrema Outdoor, Belgium","https://www.mixesdb.com/w/2021-09-18_-_Pan-Pot_@_Extrema_Outdoor,_Belgium",,19,071,,?,?
"2021-09-18 - Pan-Pot @ Extrema Outdoor, Belgium","https://www.mixesdb.com/w/2021-09-18_-_Pan-Pot_@_Extrema_Outdoor,_Belgium",,20,076,Josh Wink,Higher State Of Consciousness [Strictly],Josh Wink - Higher State Of Consciousness [Strictly]
"2021-09-18 - Pan-Pot @ Extrema Outdoor, Belgium","https://www.mixesdb.com/w/2021-09-18_-_Pan-Pot_@_Extrema_Outdoor,_Belgium",,21,080,Ryan Mckay,Strange Groove [Bek],Ryan Mckay - Strange Groove [Bek]
"2021-09-18 - Pan-Pot @ Extrema Outdoor, Belgium","https://www.mixesdb.com/w/2021-09-18_-_Pan-Pot_@_Extrema_Outdoor,_Belgium",,22,084,MRD,First Love [Arts],MRD - First Love [Arts]
"2021-09-18 - Pan-Pot @ Extrema Outdoor, Belgium","https://www.mixesdb.com/w/2021-09-18_-_Pan-Pot_@_Extrema_Outdoor,_Belgium",,23,087,Ben Sims,Xotnuc [EPM],Ben Sims - Xotnuc [EPM]
"2021-09-18 - Pan-Pot @ Extrema Outdoor, Belgium","https://www.mixesdb.com/w/2021-09-18_-_Pan-Pot_@_Extrema_Outdoor,_Belgium",,24,091,,?,?
"2021-09-18 - Pan-Pot @ Extrema Outdoor, Belgium","https://www.mixesdb.com/w/2021-09-18_-_Pan-Pot_@_Extrema_Outdoor,_Belgium",,25,093,Armand Van Helden,Necessary Evil [Armed],Armand Van Helden - Necessary Evil [Armed]
"2021-09-18 - Pan-Pot @ Extrema Outdoor, Belgium","https://www.mixesdb.com/w/2021-09-18_-_Pan-Pot_@_Extrema_Outdoor,_Belgium",,26,098,Stray Beast,In Motion [Higher Ground (Mad Decent)],Stray Beast - In Motion [Higher Ground (Mad Decent)]
"2021-09-18 - Pan-Pot @ Extrema Outdoor, Belgium","https://www.mixesdb.com/w/2021-09-18_-_Pan-Pot_@_Extrema_Outdoor,_Belgium",,27,101,Ben Sims,Carnival Part 1 (Shlomi Aber Remix) [Conform],Ben Sims - Carnival Part 1 (Shlomi Aber Remix) [Conform]
"2021-09-18 - Pan-Pot @ Extrema Outdoor, Belgium","https://www.mixesdb.com/w/2021-09-18_-_Pan-Pot_@_Extrema_Outdoor,_Belgium",,28,105,Danny Corten & Youri Parker,Reactivate,Danny Corten & Youri Parker - Reactivate
"2021-09-18 - Pan-Pot @ Extrema Outdoor, Belgium","https://www.mixesdb.com/w/2021-09-18_-_Pan-Pot_@_Extrema_Outdoor,_Belgium",,29,111,Human Resource,Dominator,Human Resource - Dominator
"2021-09-18 - Pan-Pot @ Extrema Outdoor, Belgium","https://www.mixesdb.com/w/2021-09-18_-_Pan-Pot_@_Extrema_Outdoor,_Belgium",,30,114,Maceo Plex & Faithless,Insomnia 2021 (Epic Mix),Maceo Plex & Faithless - Insomnia 2021 (Epic Mix)
"2011-04-24 - Pan-Pot @ Awakenings Easter Anniversary, Gashouder, Amsterdam","https://www.mixesdb.com/w/2011-04-24_-_Pan-Pot_@_Awakenings_Easter_Anniversary,_Gashouder,_Amsterdam",,1,00,DJ T. Feat. Nick Maurer,Burning (Redshape Remix),DJ T. Feat. Nick Maurer - Burning (Redshape Remix)
"2011-04-24 - Pan-Pot @ Awakenings Easter Anniversary, Gashouder, Amsterdam","https://www.mixesdb.com/w/2011-04-24_-_Pan-Pot_@_Awakenings_Easter_Anniversary,_Gashouder,_Amsterdam",,2,02,Sian,Purple Bang (Carlo Lio Remix),Sian - Purple Bang (Carlo Lio Remix)
"2011-04-24 - Pan-Pot @ Awakenings Easter Anniversary, Gashouder, Amsterdam","https://www.mixesdb.com/w/2011-04-24_-_Pan-Pot_@_Awakenings_Easter_Anniversary,_Gashouder,_Amsterdam",,3,10,Mark Broom,Satellite (Mix One),Mark Broom - Satellite (Mix One)
"2011-04-24 - Pan-Pot @ Awakenings Easter Anniversary, Gashouder, Amsterdam","https://www.mixesdb.com/w/2011-04-24_-_Pan-Pot_@_Awakenings_Easter_Anniversary,_Gashouder,_Amsterdam",,4,14,Paul Ritch,Common Sense,Paul Ritch - Common Sense
"2011-04-24 - Pan-Pot @ Awakenings Easter Anniversary, Gashouder, Amsterdam","https://www.mixesdb.com/w/2011-04-24_-_Pan-Pot_@_Awakenings_Easter_Anniversary,_Gashouder,_Amsterdam",,5,19,Egostereo,Sex Pistols (Original Mix),Egostereo - Sex Pistols (Original Mix)
"2011-04-24 - Pan-Pot @ Awakenings Easter Anniversary, Gashouder, Amsterdam","https://www.mixesdb.com/w/2011-04-24_-_Pan-Pot_@_Awakenings_Easter_Anniversary,_Gashouder,_Amsterdam",,6,27,Marco Bailey,Purple Haze (Joseph Capriati Remix),Marco Bailey - Purple Haze (Joseph Capriati Remix)
"2011-04-24 - Pan-Pot @ Awakenings Easter Anniversary, Gashouder, Amsterdam","https://www.mixesdb.com/w/2011-04-24_-_Pan-Pot_@_Awakenings_Easter_Anniversary,_Gashouder,_Amsterdam",,7,32,Christian Smith,The Price Of Freedom,Christian Smith - The Price Of Freedom
"2011-04-24 - Pan-Pot @ Awakenings Easter Anniversary, Gashouder, Amsterdam","https://www.mixesdb.com/w/2011-04-24_-_Pan-Pot_@_Awakenings_Easter_Anniversary,_Gashouder,_Amsterdam",,8,39,,?,?
"2011-04-24 - Pan-Pot @ Awakenings Easter Anniversary, Gashouder, Amsterdam","https://www.mixesdb.com/w/2011-04-24_-_Pan-Pot_@_Awakenings_Easter_Anniversary,_Gashouder,_Amsterdam",,9,42,Pfirter,The Dub Track (Len Faki Remix),Pfirter - The Dub Track (Len Faki Remix)
"2011-04-24 - Pan-Pot @ Awakenings Easter Anniversary, Gashouder, Amsterdam","https://www.mixesdb.com/w/2011-04-24_-_Pan-Pot_@_Awakenings_Easter_Anniversary,_Gashouder,_Amsterdam",,10,51,Wehbba,Double Standards (Joseph Capriati Remix),Wehbba - Double Standards (Joseph Capriati Remix)
"2011-04-24 - Pan-Pot @ Awakenings Easter Anniversary, Gashouder, Amsterdam","https://www.mixesdb.com/w/2011-04-24_-_Pan-Pot_@_Awakenings_Easter_Anniversary,_Gashouder,_Amsterdam",,11,54,Green Velvet,Flash (The Advent & Industrialyzer Remix),Green Velvet - Flash (The Advent & Industrialyzer Remix)
"2011-04-24 - Pan-Pot @ Awakenings Easter Anniversary, Gashouder, Amsterdam","https://www.mixesdb.com/w/2011-04-24_-_Pan-Pot_@_Awakenings_Easter_Anniversary,_Gashouder,_Amsterdam",,12,59,Cirez D,Full Stop,Cirez D - Full Stop
"2013-01-17 - andhim, Pan-Pot - Mocean District 157","https://www.mixesdb.com/w/2013-01-17_-_andhim,_Pan-Pot_-_Mocean_District_157",,1,000,andhim & Super Flu,Hasoweh [Monaberry],andhim & Super Flu - Hasoweh [Monaberry]
"2013-01-17 - andhim, Pan-Pot - Mocean District 157","https://www.mixesdb.com/w/2013-01-17_-_andhim,_Pan-Pot_-_Mocean_District_157",,2,007,Jay Shepheard,Otter Bronze [Compost - CPT397-1],Jay Shepheard - Otter Bronze [Compost - CPT397-1]
"2013-01-17 - andhim, Pan-Pot - Mocean District 157","https://www.mixesdb.com/w/2013-01-17_-_andhim,_Pan-Pot_-_Mocean_District_157",,3,012,Flight Facilities Feat. Grovesnor,With You (Danny Daze 5AM Mix) [Toolroom - TOOL 162/01Z],Flight Facilities Feat. Grovesnor - With You (Danny Daze 5AM Mix) [Toolroom - TOOL 162/01Z]
"2013-01-17 - andhim, Pan-Pot - Mocean District 157","https://www.mixesdb.com/w/2013-01-17_-_andhim,_Pan-Pot_-_Mocean_District_157",,4,016,Lee M Kelsall,On The Road (Matt Fear Remix) [Hot Waves - HWCD 002],Lee M Kelsall - On The Road (Matt Fear Remix) [Hot Waves - HWCD 002]
"2013-01-17 - andhim, Pan-Pot - Mocean District 157","https://www.mixesdb.com/w/2013-01-17_-_andhim,_Pan-Pot_-_Mocean_District_157",,5,021,Black Light Smoke,Lovework (DJ T. Remix) [Get Physical - GPMDA 052],Black Light Smoke - Lovework (DJ T. Remix) [Get Physical - GPMDA 052]
"2013-01-17 - andhim, Pan-Pot - Mocean District 157","https://www.mixesdb.com/w/2013-01-17_-_andhim,_Pan-Pot_-_Mocean_District_157",,6,027,App,Inside [Kindisch],App - Inside [Kindisch]
"2013-01-17 - andhim, Pan-Pot - Mocean District 157","https://www.mixesdb.com/w/2013-01-17_-_andhim,_Pan-Pot_-_Mocean_District_157",,7,032,Audiojack Feat. Kevin Knapp,Night Watch [Gruuv - GRU 017],Audiojack Feat. Kevin Knapp - Night Watch [Gruuv - GRU 017]
"2013-01-17 - andhim, Pan-Pot - Mocean District 157","https://www.mixesdb.com/w/2013-01-17_-_andhim,_Pan-Pot_-_Mocean_District_157",,8,039,andhim & Super Flu,Scuzzlebutt [Monaberry],andhim & Super Flu - Scuzzlebutt [Monaberry]
"2013-01-17 - andhim, Pan-Pot - Mocean District 157","https://www.mixesdb.com/w/2013-01-17_-_andhim,_Pan-Pot_-_Mocean_District_157",,9,044,Theophilus London,Wine & Chocolates (andhim Remix) [Bitclap],Theophilus London - Wine & Chocolates (andhim Remix) [Bitclap]
"2013-01-17 - andhim, Pan-Pot - Mocean District 157","https://www.mixesdb.com/w/2013-01-17_-_andhim,_Pan-Pot_-_Mocean_District_157",,10,051,andhim,German Summer [Monaberry],andhim - German Summer [Monaberry]
"2013-01-17 - andhim, Pan-Pot - Mocean District 157","https://www.mixesdb.com/w/2013-01-17_-_andhim,_Pan-Pot_-_Mocean_District_157",,11,056,Jürgen Paape,Mit Dir [Kompakt Klassiks - CD2],Jürgen Paape - Mit Dir [Kompakt Klassiks - CD2]
"2013-01-17 - andhim, Pan-Pot - Mocean District 157","https://www.mixesdb.com/w/2013-01-17_-_andhim,_Pan-Pot_-_Mocean_District_157",,12,058,Manuel De La Mare & Luigi Rocca,Across The Universe [303Lovers - 303L 1229],Manuel De La Mare & Luigi Rocca - Across The Universe [303Lovers - 303L 1229]
"2013-01-17 - andhim, Pan-Pot - Mocean District 157","https://www.mixesdb.com/w/2013-01-17_-_andhim,_Pan-Pot_-_Mocean_District_157",,13,062,,?,?
"2013-01-17 - andhim, Pan-Pot - Mocean District 157","https://www.mixesdb.com/w/2013-01-17_-_andhim,_Pan-Pot_-_Mocean_District_157",,14,067,Dense & Pika,31 [Hotflush - HFT 027],Dense & Pika - 31 [Hotflush - HFT 027]
"2013-01-17 - andhim, Pan-Pot - Mocean District 157","https://www.mixesdb.com/w/2013-01-17_-_andhim,_Pan-Pot_-_Mocean_District_157",,15,072,Monika Kruse,Namaste (8Colours Remix) [Terminal M - TERM 098],Monika Kruse - Namaste (8Colours Remix) [Terminal M - TERM 098]
"2013-01-17 - andhim, Pan-Pot - Mocean District 157","https://www.mixesdb.com/w/2013-01-17_-_andhim,_Pan-Pot_-_Mocean_District_157",,16,080,Harvard Bass,Plex (Dubfire Rework) [SCI & TEC Digital],Harvard Bass - Plex (Dubfire Rework) [SCI & TEC Digital]
"2013-01-17 - andhim, Pan-Pot - Mocean District 157","https://www.mixesdb.com/w/2013-01-17_-_andhim,_Pan-Pot_-_Mocean_District_157",,17,085,Marco Effe,Jellied Eels [Cocoon - CORLP 032DIGITAL-X],Marco Effe - Jellied Eels [Cocoon - CORLP 032DIGITAL-X]
"2013-01-17 - andhim, Pan-Pot - Mocean District 157","https://www.mixesdb.com/w/2013-01-17_-_andhim,_Pan-Pot_-_Mocean_District_157",,18,089,Remy Unger,Walk The Dog (Pig&Dan Remix) [Fone - FA 013],Remy Unger - Walk The Dog (Pig&Dan Remix) [Fone - FA 013]
"2013-01-17 - andhim, Pan-Pot - Mocean District 157","https://www.mixesdb.com/w/2013-01-17_-_andhim,_Pan-Pot_-_Mocean_District_157",,19,096,Pan-Pot,White Fiction [Mobilee - 105],Pan-Pot - White Fiction [Mobilee - 105]
"2013-01-17 - andhim, Pan-Pot - Mocean District 157","https://www.mixesdb.com/w/2013-01-17_-_andhim,_Pan-Pot_-_Mocean_District_157",,20,102,,?,?
"2013-01-17 - andhim, Pan-Pot - Mocean District 157","https://www.mixesdb.com/w/2013-01-17_-_andhim,_Pan-Pot_-_Mocean_District_157",,21,107,Rachel Row,Follow The Step (KiNK Beat Mix) [Pets - 025],Rachel Row - Follow The Step (KiNK Beat Mix) [Pets - 025]
"2013-01-17 - andhim, Pan-Pot - Mocean District 157","https://www.mixesdb.com/w/2013-01-17_-_andhim,_Pan-Pot_-_Mocean_District_157",,22,111,Psyk,Distane [Mote Evolver - MOTE 031D],Psyk - Distane [Mote Evolver - MOTE 031D]
"2013-01-17 - andhim, Pan-Pot - Mocean District 157","https://www.mixesdb.com/w/2013-01-17_-_andhim,_Pan-Pot_-_Mocean_District_157",,23,116,Hans Bouffmyhre,Droning [Sleaze - 076],Hans Bouffmyhre - Droning [Sleaze - 076]
"2013-01-17 - andhim, Pan-Pot - Mocean District 157","https://www.mixesdb.com/w/2013-01-17_-_andhim,_Pan-Pot_-_Mocean_District_157",,24,120,,?,?
"2014-04-05 - Pan-Pot @ 20 Years Time Warp, Mannheim, Germany","https://www.mixesdb.com/w/2014-04-05_-_Pan-Pot_@_20_Years_Time_Warp,_Mannheim,_Germany",,1,000,Nerdjack,Kathaplexie (DJ Tool) [Kling Klong],Nerdjack - Kathaplexie (DJ Tool) [Kling Klong]
"2014-04-05 - Pan-Pot @ 20 Years Time Warp, Mannheim, Germany","https://www.mixesdb.com/w/2014-04-05_-_Pan-Pot_@_20_Years_Time_Warp,_Mannheim,_Germany",,2,003,D Deck,Secret Dumb [Agile - 032],D Deck - Secret Dumb [Agile - 032]
"2014-04-05 - Pan-Pot @ 20 Years Time Warp, Mannheim, Germany","https://www.mixesdb.com/w/2014-04-05_-_Pan-Pot_@_20_Years_Time_Warp,_Mannheim,_Germany",,3,008,WHYT NOYZ,Shift [SCI & TEC Digital],WHYT NOYZ - Shift [SCI & TEC Digital]
"2014-04-05 - Pan-Pot @ 20 Years Time Warp, Mannheim, Germany","https://www.mixesdb.com/w/2014-04-05_-_Pan-Pot_@_20_Years_Time_Warp,_Mannheim,_Germany",,4,014,The Japanese Popstars,Matter Of Time (Coyu Remix) [Bedrock - BEDTJP01D 3],The Japanese Popstars - Matter Of Time (Coyu Remix) [Bedrock - BEDTJP01D 3]
"2014-04-05 - Pan-Pot @ 20 Years Time Warp, Mannheim, Germany","https://www.mixesdb.com/w/2014-04-05_-_Pan-Pot_@_20_Years_Time_Warp,_Mannheim,_Germany",,5,019,Harvey McKay,Phone Freaker [Bedrock - BEDMIAMICD 3],Harvey McKay - Phone Freaker [Bedrock - BEDMIAMICD 3]
"2014-04-05 - Pan-Pot @ 20 Years Time Warp, Mannheim, Germany","https://www.mixesdb.com/w/2014-04-05_-_Pan-Pot_@_20_Years_Time_Warp,_Mannheim,_Germany",,6,023,Hinz & Ruhmhardt,Doch,Hinz & Ruhmhardt - Doch
"2014-04-05 - Pan-Pot @ 20 Years Time Warp, Mannheim, Germany","https://www.mixesdb.com/w/2014-04-05_-_Pan-Pot_@_20_Years_Time_Warp,_Mannheim,_Germany",,7,029,Soulik,Enjoy This Trip [Audio Elite - AE 117],Soulik - Enjoy This Trip [Audio Elite - AE 117]
"2014-04-05 - Pan-Pot @ 20 Years Time Warp, Mannheim, Germany","https://www.mixesdb.com/w/2014-04-05_-_Pan-Pot_@_20_Years_Time_Warp,_Mannheim,_Germany",,8,034,Locomatica,Rootkit (Hans Bouffmyhre Remix) [LCMTC - 029],Locomatica - Rootkit (Hans Bouffmyhre Remix) [LCMTC - 029]
"2014-04-05 - Pan-Pot @ 20 Years Time Warp, Mannheim, Germany","https://www.mixesdb.com/w/2014-04-05_-_Pan-Pot_@_20_Years_Time_Warp,_Mannheim,_Germany",,9,039,Harvey McKay,Start Running [Drumcode - DC 124],Harvey McKay - Start Running [Drumcode - DC 124]
"2014-04-05 - Pan-Pot @ 20 Years Time Warp, Mannheim, Germany","https://www.mixesdb.com/w/2014-04-05_-_Pan-Pot_@_20_Years_Time_Warp,_Mannheim,_Germany",,10,045,Enrico Sangiuliano,Eating Bloody Shit [Driving Forces Digital Series],Enrico Sangiuliano - Eating Bloody Shit [Driving Forces Digital Series]
"2014-04-05 - Pan-Pot @ 20 Years Time Warp, Mannheim, Germany","https://www.mixesdb.com/w/2014-04-05_-_Pan-Pot_@_20_Years_Time_Warp,_Mannheim,_Germany",,11,048,,?,?
"2014-04-05 - Pan-Pot @ 20 Years Time Warp, Mannheim, Germany","https://www.mixesdb.com/w/2014-04-05_-_Pan-Pot_@_20_Years_Time_Warp,_Mannheim,_Germany",,12,051,Envoy,Dark Manoeuvres (Slam Remix) [Soma - 360D],Envoy - Dark Manoeuvres (Slam Remix) [Soma - 360D]
"2014-04-05 - Pan-Pot @ 20 Years Time Warp, Mannheim, Germany","https://www.mixesdb.com/w/2014-04-05_-_Pan-Pot_@_20_Years_Time_Warp,_Mannheim,_Germany",,13,058,Green Velvet & Gary Beck,Stronger (Coyu Remix) [Relief],Green Velvet & Gary Beck - Stronger (Coyu Remix) [Relief]
"2014-04-05 - Pan-Pot @ 20 Years Time Warp, Mannheim, Germany","https://www.mixesdb.com/w/2014-04-05_-_Pan-Pot_@_20_Years_Time_Warp,_Mannheim,_Germany",,14,062,Luigi Madonna,I Believe [Drumcode - DC 122],Luigi Madonna - I Believe [Drumcode - DC 122]
"2014-04-05 - Pan-Pot @ 20 Years Time Warp, Mannheim, Germany","https://www.mixesdb.com/w/2014-04-05_-_Pan-Pot_@_20_Years_Time_Warp,_Mannheim,_Germany",,15,067,Alberto Ruiz,Room [Deeperfect],Alberto Ruiz - Room [Deeperfect]
"2014-04-05 - Pan-Pot @ 20 Years Time Warp, Mannheim, Germany","https://www.mixesdb.com/w/2014-04-05_-_Pan-Pot_@_20_Years_Time_Warp,_Mannheim,_Germany",,16,073,Alex Dolby,Paranco [Affekt - AFK 007],Alex Dolby - Paranco [Affekt - AFK 007]
"2014-04-05 - Pan-Pot @ 20 Years Time Warp, Mannheim, Germany","https://www.mixesdb.com/w/2014-04-05_-_Pan-Pot_@_20_Years_Time_Warp,_Mannheim,_Germany",,17,078,Sasha Carassi,Hungexpo [Bedrock],Sasha Carassi - Hungexpo [Bedrock]
"2014-04-05 - Pan-Pot @ 20 Years Time Warp, Mannheim, Germany","https://www.mixesdb.com/w/2014-04-05_-_Pan-Pot_@_20_Years_Time_Warp,_Mannheim,_Germany",,18,083,Sam Paganini,Shade [Driving Forces],Sam Paganini - Shade [Driving Forces]
"2014-04-05 - Pan-Pot @ 20 Years Time Warp, Mannheim, Germany","https://www.mixesdb.com/w/2014-04-05_-_Pan-Pot_@_20_Years_Time_Warp,_Mannheim,_Germany",,19,087,Hugo Bianco,Taurus [Stick],Hugo Bianco - Taurus [Stick]
"2014-04-05 - Pan-Pot @ 20 Years Time Warp, Mannheim, Germany","https://www.mixesdb.com/w/2014-04-05_-_Pan-Pot_@_20_Years_Time_Warp,_Mannheim,_Germany",,20,091,Gary Beck,Video Siren [Deeperfect - DPE 698],Gary Beck - Video Siren [Deeperfect - DPE 698]
"2014-04-05 - Pan-Pot @ 20 Years Time Warp, Mannheim, Germany","https://www.mixesdb.com/w/2014-04-05_-_Pan-Pot_@_20_Years_Time_Warp,_Mannheim,_Germany",,21,096,Marc Romboy vs Stephan Bodzin,Phobos (Pan-Pot Remix) [Systematic],Marc Romboy vs Stephan Bodzin - Phobos (Pan-Pot Remix) [Systematic]
"2014-04-05 - Pan-Pot @ 20 Years Time Warp, Mannheim, Germany","https://www.mixesdb.com/w/2014-04-05_-_Pan-Pot_@_20_Years_Time_Warp,_Mannheim,_Germany",,22,101,Len Faki & Johannes Heil,Karter Bachnabel [Figure],Len Faki & Johannes Heil - Karter Bachnabel [Figure]
"2014-04-05 - Pan-Pot @ 20 Years Time Warp, Mannheim, Germany","https://www.mixesdb.com/w/2014-04-05_-_Pan-Pot_@_20_Years_Time_Warp,_Mannheim,_Germany",,23,108,,?,?
"2018-06-14 - Pan-Pot @ Second Sate Showcase, Input Club, Barcelona","https://www.mixesdb.com/w/2018-06-14_-_Pan-Pot_@_Second_Sate_Showcase,_Input_Club,_Barcelona",,1,000,Pan-Pot,Startphase [Second State - SNDST050],Pan-Pot - Startphase [Second State - SNDST050]
"2018-06-14 - Pan-Pot @ Second Sate Showcase, Input Club, Barcelona","https://www.mixesdb.com/w/2018-06-14_-_Pan-Pot_@_Second_Sate_Showcase,_Input_Club,_Barcelona",,2,004,,?,?
"2018-06-14 - Pan-Pot @ Second Sate Showcase, Input Club, Barcelona","https://www.mixesdb.com/w/2018-06-14_-_Pan-Pot_@_Second_Sate_Showcase,_Input_Club,_Barcelona",,3,007,Deas,Plan X [Secret Room - SRR007],Deas - Plan X [Secret Room - SRR007]
"2018-06-14 - Pan-Pot @ Second Sate Showcase, Input Club, Barcelona","https://www.mixesdb.com/w/2018-06-14_-_Pan-Pot_@_Second_Sate_Showcase,_Input_Club,_Barcelona",,4,013,2pole,Atom [Tronic - TR277],2pole - Atom [Tronic - TR277]
"2018-06-14 - Pan-Pot @ Second Sate Showcase, Input Club, Barcelona","https://www.mixesdb.com/w/2018-06-14_-_Pan-Pot_@_Second_Sate_Showcase,_Input_Club,_Barcelona",,5,018,DJ Dextro,Simetrico [Hardwandler - HWR137],DJ Dextro - Simetrico [Hardwandler - HWR137]
"2018-06-14 - Pan-Pot @ Second Sate Showcase, Input Club, Barcelona","https://www.mixesdb.com/w/2018-06-14_-_Pan-Pot_@_Second_Sate_Showcase,_Input_Club,_Barcelona",,6,022,Thomas Schumacher,When I Rock (Thomas Schumacher Remix) [Arts - ARTS035],Thomas Schumacher - When I Rock (Thomas Schumacher Remix) [Arts - ARTS035]
"2018-06-14 - Pan-Pot @ Second Sate Showcase, Input Club, Barcelona","https://www.mixesdb.com/w/2018-06-14_-_Pan-Pot_@_Second_Sate_Showcase,_Input_Club,_Barcelona",,7,026,Gary Beck,Just One More [We Are The Brave - WATB010],Gary Beck - Just One More [We Are The Brave - WATB010]
"2018-06-14 - Pan-Pot @ Second Sate Showcase, Input Club, Barcelona","https://www.mixesdb.com/w/2018-06-14_-_Pan-Pot_@_Second_Sate_Showcase,_Input_Club,_Barcelona",,8,030,Alias,NRG [Drumcode - DC189],Alias - NRG [Drumcode - DC189]
"2018-06-14 - Pan-Pot @ Second Sate Showcase, Input Club, Barcelona","https://www.mixesdb.com/w/2018-06-14_-_Pan-Pot_@_Second_Sate_Showcase,_Input_Club,_Barcelona",,9,034,Florian Meindl,Hidden Populations (Flug Remix) [Flash - FLASH191],Florian Meindl - Hidden Populations (Flug Remix) [Flash - FLASH191]
"2018-06-14 - Pan-Pot @ Second Sate Showcase, Input Club, Barcelona","https://www.mixesdb.com/w/2018-06-14_-_Pan-Pot_@_Second_Sate_Showcase,_Input_Club,_Barcelona",,10,037,Cari Lekebusch & Benjamin Mull,Perception [H-Productions - HPX100],Cari Lekebusch & Benjamin Mull - Perception [H-Productions - HPX100]
"2018-06-14 - Pan-Pot @ Second Sate Showcase, Input Club, Barcelona","https://www.mixesdb.com/w/2018-06-14_-_Pan-Pot_@_Second_Sate_Showcase,_Input_Club,_Barcelona",,11,041,SHDW & Obscure Shape,Wächter der Nacht [From Another Mind - FAM005],SHDW & Obscure Shape - Wächter der Nacht [From Another Mind - FAM005]
"2018-06-14 - Pan-Pot @ Second Sate Showcase, Input Club, Barcelona","https://www.mixesdb.com/w/2018-06-14_-_Pan-Pot_@_Second_Sate_Showcase,_Input_Club,_Barcelona",,12,046,TKNO,Sanctuary (Avision Remix) [Off - OFF163],TKNO - Sanctuary (Avision Remix) [Off - OFF163]
"2018-06-14 - Pan-Pot @ Second Sate Showcase, Input Club, Barcelona","https://www.mixesdb.com/w/2018-06-14_-_Pan-Pot_@_Second_Sate_Showcase,_Input_Club,_Barcelona",,13,050,Bart Skils & Reinier Zonneveld,Snakecharmer [Filth on Acid - FOA024],Bart Skils & Reinier Zonneveld - Snakecharmer [Filth on Acid - FOA024]
"2018-06-14 - Pan-Pot @ Second Sate Showcase, Input Club, Barcelona","https://www.mixesdb.com/w/2018-06-14_-_Pan-Pot_@_Second_Sate_Showcase,_Input_Club,_Barcelona",,14,054,Balthazar & JackRock,Rave Story [Odd - ODD017],Balthazar & JackRock - Rave Story [Odd - ODD017]
"2018-06-14 - Pan-Pot @ Second Sate Showcase, Input Club, Barcelona","https://www.mixesdb.com/w/2018-06-14_-_Pan-Pot_@_Second_Sate_Showcase,_Input_Club,_Barcelona",,15,058,Setaoc Mass,Eurhythmic [SK_Eleven - SK11006],Setaoc Mass - Eurhythmic [SK_Eleven - SK11006]
"2018-06-14 - Pan-Pot @ Second Sate Showcase, Input Club, Barcelona","https://www.mixesdb.com/w/2018-06-14_-_Pan-Pot_@_Second_Sate_Showcase,_Input_Club,_Barcelona",,16,064,Markantonio & Atroxx,Octave Shift [AnalyticTrail - ANT089],Markantonio & Atroxx - Octave Shift [AnalyticTrail - ANT089]
"2018-06-14 - Pan-Pot @ Second Sate Showcase, Input Club, Barcelona","https://www.mixesdb.com/w/2018-06-14_-_Pan-Pot_@_Second_Sate_Showcase,_Input_Club,_Barcelona",,17,067,Green Velvet,Flash (The Advent & Industrialyzer Remix) [Relief - RR2041],Green Velvet - Flash (The Advent & Industrialyzer Remix) [Relief - RR2041]
"2018-06-14 - Pan-Pot @ Second Sate Showcase, Input Club, Barcelona","https://www.mixesdb.com/w/2018-06-14_-_Pan-Pot_@_Second_Sate_Showcase,_Input_Club,_Barcelona",,18,074,Flug,Rave (Coyu Raw Mix) [Suara - SUARA315],Flug - Rave (Coyu Raw Mix) [Suara - SUARA315]
"2018-06-14 - Pan-Pot @ Second Sate Showcase, Input Club, Barcelona","https://www.mixesdb.com/w/2018-06-14_-_Pan-Pot_@_Second_Sate_Showcase,_Input_Club,_Barcelona",,19,079,Diego Amura,Euphasia [Etruria Beat - ETB046],Diego Amura - Euphasia [Etruria Beat - ETB046]
"2018-06-14 - Pan-Pot @ Second Sate Showcase, Input Club, Barcelona","https://www.mixesdb.com/w/2018-06-14_-_Pan-Pot_@_Second_Sate_Showcase,_Input_Club,_Barcelona",,20,083,,?,?
"2018-06-14 - Pan-Pot @ Second Sate Showcase, Input Club, Barcelona","https://www.mixesdb.com/w/2018-06-14_-_Pan-Pot_@_Second_Sate_Showcase,_Input_Club,_Barcelona",,21,087,Marco Bailey,Acid Dragon [Materia - MATERIA012],Marco Bailey - Acid Dragon [Materia - MATERIA012]
"2018-06-14 - Pan-Pot @ Second Sate Showcase, Input Club, Barcelona","https://www.mixesdb.com/w/2018-06-14_-_Pan-Pot_@_Second_Sate_Showcase,_Input_Club,_Barcelona",,22,093,Thomas Schumacher,Embody [Noir - NMW113],Thomas Schumacher - Embody [Noir - NMW113]
"2018-06-14 - Pan-Pot @ Second Sate Showcase, Input Club, Barcelona","https://www.mixesdb.com/w/2018-06-14_-_Pan-Pot_@_Second_Sate_Showcase,_Input_Club,_Barcelona",,23,097,Keith Carnal,Rijwiel [Arts - ARTSCORE003],Keith Carnal - Rijwiel [Arts - ARTSCORE003]
"2018-06-14 - Pan-Pot @ Second Sate Showcase, Input Club, Barcelona","https://www.mixesdb.com/w/2018-06-14_-_Pan-Pot_@_Second_Sate_Showcase,_Input_Club,_Barcelona",,24,101,Pan-Pot,Funke [Second State - SNDST045],Pan-Pot - Funke [Second State - SNDST045]
"2018-06-14 - Pan-Pot @ Second Sate Showcase, Input Club, Barcelona","https://www.mixesdb.com/w/2018-06-14_-_Pan-Pot_@_Second_Sate_Showcase,_Input_Club,_Barcelona",,25,108,Gary Beck,Hold Up [BEK - BEK018],Gary Beck - Hold Up [BEK - BEK018]
"2018-06-14 - Pan-Pot @ Second Sate Showcase, Input Club, Barcelona","https://www.mixesdb.com/w/2018-06-14_-_Pan-Pot_@_Second_Sate_Showcase,_Input_Club,_Barcelona",,26,111,Adam Beyer & Bart Skils,Your Mind [Drumcode - DC191],Adam Beyer & Bart Skils - Your Mind [Drumcode - DC191]
2023-07-09 - Pan-Pot - 9 Essentials July 2023,https://www.mixesdb.com/w/2023-07-09_-_Pan-Pot_-_9_Essentials_July_2023,,1,00:00,Sebastian Mullaert,Fusion (Markus Suckut Remix),Sebastian Mullaert - Fusion (Markus Suckut Remix)
2023-07-09 - Pan-Pot - 9 Essentials July 2023,https://www.mixesdb.com/w/2023-07-09_-_Pan-Pot_-_9_Essentials_July_2023,,2,04:44,Private Press,1,Private Press - 1
2023-07-09 - Pan-Pot - 9 Essentials July 2023,https://www.mixesdb.com/w/2023-07-09_-_Pan-Pot_-_9_Essentials_July_2023,,3,08:17,Raxon,Kryptonite,Raxon - Kryptonite
2023-07-09 - Pan-Pot - 9 Essentials July 2023,https://www.mixesdb.com/w/2023-07-09_-_Pan-Pot_-_9_Essentials_July_2023,,4,12:33,Marco Faraone,Dangerous,Marco Faraone - Dangerous
2023-07-09 - Pan-Pot - 9 Essentials July 2023,https://www.mixesdb.com/w/2023-07-09_-_Pan-Pot_-_9_Essentials_July_2023,,5,17:30,Pan-Pot,Proto (Stripped Version),Pan-Pot - Proto (Stripped Version)
2023-07-09 - Pan-Pot - 9 Essentials July 2023,https://www.mixesdb.com/w/2023-07-09_-_Pan-Pot_-_9_Essentials_July_2023,,6,22:30,DJ Dextro,Broken Windows,DJ Dextro - Broken Windows
2023-07-09 - Pan-Pot - 9 Essentials July 2023,https://www.mixesdb.com/w/2023-07-09_-_Pan-Pot_-_9_Essentials_July_2023,,7,26:47,Temudo,Scars,Temudo - Scars
2023-07-09 - Pan-Pot - 9 Essentials July 2023,https://www.mixesdb.com/w/2023-07-09_-_Pan-Pot_-_9_Essentials_July_2023,,8,31:00,Vince Watson,Funk Release 5,Vince Watson - Funk Release 5
2023-07-09 - Pan-Pot - 9 Essentials July 2023,https://www.mixesdb.com/w/2023-07-09_-_Pan-Pot_-_9_Essentials_July_2023,,9,36:10,Private Press,After Request,Private Press - After Request
"2015-04-18 - Pan-Pot @ Motion, Lima, Peru","https://www.mixesdb.com/w/2015-04-18_-_Pan-Pot_@_Motion,_Lima,_Peru",,1,000:01,Loco & Jam,Complicated Exchange [Sub:merged],Loco & Jam - Complicated Exchange [Sub:merged]
"2015-04-18 - Pan-Pot @ Motion, Lima, Peru","https://www.mixesdb.com/w/2015-04-18_-_Pan-Pot_@_Motion,_Lima,_Peru",,2,006:18,Andre Winter & Hatzler,Mirage [Senso Sounds],Andre Winter & Hatzler - Mirage [Senso Sounds]
"2015-04-18 - Pan-Pot @ Motion, Lima, Peru","https://www.mixesdb.com/w/2015-04-18_-_Pan-Pot_@_Motion,_Lima,_Peru",,3,010:33,Skober,Fervor (Anti-Slam & W.E.A.P.O.N. Remix) [Funk'n Deep],Skober - Fervor (Anti-Slam & W.E.A.P.O.N. Remix) [Funk'n Deep]
"2015-04-18 - Pan-Pot @ Motion, Lima, Peru","https://www.mixesdb.com/w/2015-04-18_-_Pan-Pot_@_Motion,_Lima,_Peru",,4,016:20,,?,?
"2015-04-18 - Pan-Pot @ Motion, Lima, Peru","https://www.mixesdb.com/w/2015-04-18_-_Pan-Pot_@_Motion,_Lima,_Peru",,5,021:00,,?,?
"2015-04-18 - Pan-Pot @ Motion, Lima, Peru","https://www.mixesdb.com/w/2015-04-18_-_Pan-Pot_@_Motion,_Lima,_Peru",,6,027:18,Mars Bill,Panorama [Intacto],Mars Bill - Panorama [Intacto]
"2015-04-18 - Pan-Pot @ Motion, Lima, Peru","https://www.mixesdb.com/w/2015-04-18_-_Pan-Pot_@_Motion,_Lima,_Peru",,7,032:28,Adam Beyer,Stone Flower [Drumcode],Adam Beyer - Stone Flower [Drumcode]
"2015-04-18 - Pan-Pot @ Motion, Lima, Peru","https://www.mixesdb.com/w/2015-04-18_-_Pan-Pot_@_Motion,_Lima,_Peru",,8,037:11,Jay Lumen,Departures [100% Pure],Jay Lumen - Departures [100% Pure]
"2015-04-18 - Pan-Pot @ Motion, Lima, Peru","https://www.mixesdb.com/w/2015-04-18_-_Pan-Pot_@_Motion,_Lima,_Peru",,9,043:01,Pascal Nuzzo & Subjects,Infinite [Intacto],Pascal Nuzzo & Subjects - Infinite [Intacto]
"2015-04-18 - Pan-Pot @ Motion, Lima, Peru","https://www.mixesdb.com/w/2015-04-18_-_Pan-Pot_@_Motion,_Lima,_Peru",,10,048:18,Hinz & Ruhmhardt,Hak [Second State],Hinz & Ruhmhardt - Hak [Second State]
"2015-04-18 - Pan-Pot @ Motion, Lima, Peru","https://www.mixesdb.com/w/2015-04-18_-_Pan-Pot_@_Motion,_Lima,_Peru",,11,051:33,Alberto Ruiz,Shark,Alberto Ruiz - Shark
"2015-04-18 - Pan-Pot @ Motion, Lima, Peru","https://www.mixesdb.com/w/2015-04-18_-_Pan-Pot_@_Motion,_Lima,_Peru",,12,056:31,The Welderz,Acid & Chord,The Welderz - Acid & Chord
"2015-04-18 - Pan-Pot @ Motion, Lima, Peru","https://www.mixesdb.com/w/2015-04-18_-_Pan-Pot_@_Motion,_Lima,_Peru",,13,062:33,,?,?
"2015-04-18 - Pan-Pot @ Motion, Lima, Peru","https://www.mixesdb.com/w/2015-04-18_-_Pan-Pot_@_Motion,_Lima,_Peru",,14,067:00,Harvey McKay,Kill Switch [Drumcode],Harvey McKay - Kill Switch [Drumcode]
"2015-04-18 - Pan-Pot @ Motion, Lima, Peru","https://www.mixesdb.com/w/2015-04-18_-_Pan-Pot_@_Motion,_Lima,_Peru",,15,073:14,Oliver Koletzki,Ipuza [Stil Vor Talent],Oliver Koletzki - Ipuza [Stil Vor Talent]
"2015-04-18 - Pan-Pot @ Motion, Lima, Peru","https://www.mixesdb.com/w/2015-04-18_-_Pan-Pot_@_Motion,_Lima,_Peru",,16,078:27,,?,?
"2015-04-18 - Pan-Pot @ Motion, Lima, Peru","https://www.mixesdb.com/w/2015-04-18_-_Pan-Pot_@_Motion,_Lima,_Peru",,17,082:00,,?,?
"2015-04-18 - Pan-Pot @ Motion, Lima, Peru","https://www.mixesdb.com/w/2015-04-18_-_Pan-Pot_@_Motion,_Lima,_Peru",,18,086:42,Alan Fitzpatrick,For An Endless Night (Jel Ford Remix) [Drumcode],Alan Fitzpatrick - For An Endless Night (Jel Ford Remix) [Drumcode]
"2015-04-18 - Pan-Pot @ Motion, Lima, Peru","https://www.mixesdb.com/w/2015-04-18_-_Pan-Pot_@_Motion,_Lima,_Peru",,19,092:21,Sunju Hargun & Forrest,Palace,Sunju Hargun & Forrest - Palace
"2015-04-18 - Pan-Pot @ Motion, Lima, Peru","https://www.mixesdb.com/w/2015-04-18_-_Pan-Pot_@_Motion,_Lima,_Peru",,20,097:13,,?,?
"2015-04-18 - Pan-Pot @ Motion, Lima, Peru","https://www.mixesdb.com/w/2015-04-18_-_Pan-Pot_@_Motion,_Lima,_Peru",,21,102:20,Sam Paganini,Rave [Drumcode],Sam Paganini - Rave [Drumcode]
"2015-04-18 - Pan-Pot @ Motion, Lima, Peru","https://www.mixesdb.com/w/2015-04-18_-_Pan-Pot_@_Motion,_Lima,_Peru",,22,106:33,M.Fukuda,Crossfire Hurricane [Octopus Black Label],M.Fukuda - Crossfire Hurricane [Octopus Black Label]
"2015-04-18 - Pan-Pot @ Motion, Lima, Peru","https://www.mixesdb.com/w/2015-04-18_-_Pan-Pot_@_Motion,_Lima,_Peru",,23,112:33,Luigi Madonna,Unconditional Beauty [Drumcode],Luigi Madonna - Unconditional Beauty [Drumcode]
"2015-04-18 - Pan-Pot @ Motion, Lima, Peru","https://www.mixesdb.com/w/2015-04-18_-_Pan-Pot_@_Motion,_Lima,_Peru",,24,116:45,Christian Smith & Wehbba,Mutate (Kaiserdisco Remix) [Tronic],Christian Smith & Wehbba - Mutate (Kaiserdisco Remix) [Tronic]
"2015-04-18 - Pan-Pot @ Motion, Lima, Peru","https://www.mixesdb.com/w/2015-04-18_-_Pan-Pot_@_Motion,_Lima,_Peru",,25,122:02,,?,?
"2015-04-18 - Pan-Pot @ Motion, Lima, Peru","https://www.mixesdb.com/w/2015-04-18_-_Pan-Pot_@_Motion,_Lima,_Peru",,26,127:07,MUUI,Buett (Ray Kajioka Remix) [Paranoid Dancer],MUUI - Buett (Ray Kajioka Remix) [Paranoid Dancer]
"2015-04-18 - Pan-Pot @ Motion, Lima, Peru","https://www.mixesdb.com/w/2015-04-18_-_Pan-Pot_@_Motion,_Lima,_Peru",,27,132:40,Hinz & Ruhmhardt,Doch [Second State],Hinz & Ruhmhardt - Doch [Second State]
"2015-04-18 - Pan-Pot @ Motion, Lima, Peru","https://www.mixesdb.com/w/2015-04-18_-_Pan-Pot_@_Motion,_Lima,_Peru",,28,137:35,Matador,DaHustle [Minus],Matador - DaHustle [Minus]
"2015-04-18 - Pan-Pot @ Motion, Lima, Peru","https://www.mixesdb.com/w/2015-04-18_-_Pan-Pot_@_Motion,_Lima,_Peru",,29,143:40,,?,?
"2015-04-18 - Pan-Pot @ Motion, Lima, Peru","https://www.mixesdb.com/w/2015-04-18_-_Pan-Pot_@_Motion,_Lima,_Peru",,30,148:16,Frankyeffe,Come On [Analytic Trail],Frankyeffe - Come On [Analytic Trail]
"2015-04-18 - Pan-Pot @ Motion, Lima, Peru","https://www.mixesdb.com/w/2015-04-18_-_Pan-Pot_@_Motion,_Lima,_Peru",,31,154:23,Luigi Madonna,Singer One [Drumcode],Luigi Madonna - Singer One [Drumcode]
"2015-04-18 - Pan-Pot @ Motion, Lima, Peru","https://www.mixesdb.com/w/2015-04-18_-_Pan-Pot_@_Motion,_Lima,_Peru",,32,159:15,,?,?
"2015-04-18 - Pan-Pot @ Motion, Lima, Peru","https://www.mixesdb.com/w/2015-04-18_-_Pan-Pot_@_Motion,_Lima,_Peru",,33,164:05,Egbert,Korrelig [Gem],Egbert - Korrelig [Gem]
"2015-04-18 - Pan-Pot @ Motion, Lima, Peru","https://www.mixesdb.com/w/2015-04-18_-_Pan-Pot_@_Motion,_Lima,_Peru",,34,168:21,,?,?
"2015-04-18 - Pan-Pot @ Motion, Lima, Peru","https://www.mixesdb.com/w/2015-04-18_-_Pan-Pot_@_Motion,_Lima,_Peru",,35,174:21,Mind Against & Locked Groove,Elysium [Hotflush],Mind Against & Locked Groove - Elysium [Hotflush]
"2015-04-18 - Pan-Pot @ Motion, Lima, Peru","https://www.mixesdb.com/w/2015-04-18_-_Pan-Pot_@_Motion,_Lima,_Peru",,36,178:32,Cirez D,Ruby [Mouseville],Cirez D - Ruby [Mouseville]
"2015-04-18 - Pan-Pot @ Motion, Lima, Peru","https://www.mixesdb.com/w/2015-04-18_-_Pan-Pot_@_Motion,_Lima,_Peru",,37,183:50,Alcatraz,Giv Me Luv (Nicole Moudaber Remix) [Yoshitoshi],Alcatraz - Giv Me Luv (Nicole Moudaber Remix) [Yoshitoshi]
"2015-04-18 - Pan-Pot @ Motion, Lima, Peru","https://www.mixesdb.com/w/2015-04-18_-_Pan-Pot_@_Motion,_Lima,_Peru",,38,191:24,French Fries,Journey To Kepler (Len Faki Remix),French Fries - Journey To Kepler (Len Faki Remix)
"2015-04-18 - Pan-Pot @ Motion, Lima, Peru","https://www.mixesdb.com/w/2015-04-18_-_Pan-Pot_@_Motion,_Lima,_Peru",,39,195:30,Maceo Plex,Conjure Dreams [Drumcode],Maceo Plex - Conjure Dreams [Drumcode]
"2015-04-18 - Pan-Pot @ Motion, Lima, Peru","https://www.mixesdb.com/w/2015-04-18_-_Pan-Pot_@_Motion,_Lima,_Peru",,40,203:06,Todd Terje,Delorean Dynamite (Disco Mix) [Olsen],Todd Terje - Delorean Dynamite (Disco Mix) [Olsen]
"2015-04-18 - Pan-Pot @ Motion, Lima, Peru","https://www.mixesdb.com/w/2015-04-18_-_Pan-Pot_@_Motion,_Lima,_Peru",,41,210:20,Harvey McKay,The Cure [Drumcode],Harvey McKay - The Cure [Drumcode]
"2015-04-18 - Pan-Pot @ Motion, Lima, Peru","https://www.mixesdb.com/w/2015-04-18_-_Pan-Pot_@_Motion,_Lima,_Peru",,42,216:04,,?,?
"2015-04-18 - Pan-Pot @ Motion, Lima, Peru","https://www.mixesdb.com/w/2015-04-18_-_Pan-Pot_@_Motion,_Lima,_Peru",,43,224:55,Moderat,Bad Kingdom (DJ Koze Remix) [Monkeytown],Moderat - Bad Kingdom (DJ Koze Remix) [Monkeytown]
"2015-04-18 - Pan-Pot @ Motion, Lima, Peru","https://www.mixesdb.com/w/2015-04-18_-_Pan-Pot_@_Motion,_Lima,_Peru",,44,233:40,,?,?
2011-10-21 - Pan-Pot - Creamfields Peru Promo Mix,https://www.mixesdb.com/w/2011-10-21_-_Pan-Pot_-_Creamfields_Peru_Promo_Mix,,1,00,Oliver Huntemann,Rotten [Ideal],Oliver Huntemann - Rotten [Ideal]
2011-10-21 - Pan-Pot - Creamfields Peru Promo Mix,https://www.mixesdb.com/w/2011-10-21_-_Pan-Pot_-_Creamfields_Peru_Promo_Mix,,2,06,David Mayer,Word Is Bond [Dumb Unit],David Mayer - Word Is Bond [Dumb Unit]
2011-10-21 - Pan-Pot - Creamfields Peru Promo Mix,https://www.mixesdb.com/w/2011-10-21_-_Pan-Pot_-_Creamfields_Peru_Promo_Mix,,3,11,Nicolas Feat. Jr C.,The Motherland [Herzblut],Nicolas Feat. Jr C. - The Motherland [Herzblut]
2011-10-21 - Pan-Pot - Creamfields Peru Promo Mix,https://www.mixesdb.com/w/2011-10-21_-_Pan-Pot_-_Creamfields_Peru_Promo_Mix,,4,18,Silicone Soul,3am (Maetrik Remix) [Soma],Silicone Soul - 3am (Maetrik Remix) [Soma]
2011-10-21 - Pan-Pot - Creamfields Peru Promo Mix,https://www.mixesdb.com/w/2011-10-21_-_Pan-Pot_-_Creamfields_Peru_Promo_Mix,,5,22,Animal Trainer,Krambambuli [Stil Vor Talent],Animal Trainer - Krambambuli [Stil Vor Talent]
2011-10-21 - Pan-Pot - Creamfields Peru Promo Mix,https://www.mixesdb.com/w/2011-10-21_-_Pan-Pot_-_Creamfields_Peru_Promo_Mix,,6,28,Julien Chaptal,Garden Secrets [Intacto],Julien Chaptal - Garden Secrets [Intacto]
2011-10-21 - Pan-Pot - Creamfields Peru Promo Mix,https://www.mixesdb.com/w/2011-10-21_-_Pan-Pot_-_Creamfields_Peru_Promo_Mix,,7,33,Jon Rundell,Can't Stop [BlaBla],Jon Rundell - Can't Stop [BlaBla]
2011-10-21 - Pan-Pot - Creamfields Peru Promo Mix,https://www.mixesdb.com/w/2011-10-21_-_Pan-Pot_-_Creamfields_Peru_Promo_Mix,,8,37,Toni Rios & Andre Walter,Erasure Head [Amazing],Toni Rios & Andre Walter - Erasure Head [Amazing]
2011-10-21 - Pan-Pot - Creamfields Peru Promo Mix,https://www.mixesdb.com/w/2011-10-21_-_Pan-Pot_-_Creamfields_Peru_Promo_Mix,,9,41,DJ Anna,Obsession [Tronic],DJ Anna - Obsession [Tronic]
2011-10-21 - Pan-Pot - Creamfields Peru Promo Mix,https://www.mixesdb.com/w/2011-10-21_-_Pan-Pot_-_Creamfields_Peru_Promo_Mix,,10,44,Magda,Fixation [Items&Things],Magda - Fixation [Items&Things]
2011-10-21 - Pan-Pot - Creamfields Peru Promo Mix,https://www.mixesdb.com/w/2011-10-21_-_Pan-Pot_-_Creamfields_Peru_Promo_Mix,,11,49,Julien Jeweil,Tabasco [+8],Julien Jeweil - Tabasco [+8]
2011-10-21 - Pan-Pot - Creamfields Peru Promo Mix,https://www.mixesdb.com/w/2011-10-21_-_Pan-Pot_-_Creamfields_Peru_Promo_Mix,,12,54,Heiko Laux & Steve Rachmad,Viking [Soma],Heiko Laux & Steve Rachmad - Viking [Soma]
2011-10-21 - Pan-Pot - Creamfields Peru Promo Mix,https://www.mixesdb.com/w/2011-10-21_-_Pan-Pot_-_Creamfields_Peru_Promo_Mix,,13,60,Ida Engberg,Blue Yonder [Drumcode],Ida Engberg - Blue Yonder [Drumcode]
2011-10-21 - Pan-Pot - Creamfields Peru Promo Mix,https://www.mixesdb.com/w/2011-10-21_-_Pan-Pot_-_Creamfields_Peru_Promo_Mix,,14,65,Slam,Lifetimes (Pan-Pot Basstimes Mix) [Soma],Slam - Lifetimes (Pan-Pot Basstimes Mix) [Soma]
2011-10-21 - Pan-Pot - Creamfields Peru Promo Mix,https://www.mixesdb.com/w/2011-10-21_-_Pan-Pot_-_Creamfields_Peru_Promo_Mix,,15,71,Oliver Huntemann,The End [Ideal],Oliver Huntemann - The End [Ideal]
"2022-10-28 - Pan-Pot @ Time Warp 2D2S, Mannheim, Germany","https://www.mixesdb.com/w/2022-10-28_-_Pan-Pot_@_Time_Warp_2D2S,_Mannheim,_Germany",,1,000,Josh Wink,Mind's Eye Acapella [Drumcode],Josh Wink - Mind's Eye Acapella [Drumcode]
"2022-10-28 - Pan-Pot @ Time Warp 2D2S, Mannheim, Germany","https://www.mixesdb.com/w/2022-10-28_-_Pan-Pot_@_Time_Warp_2D2S,_Mannheim,_Germany",,2,002,The Advent,Format (Marco Faraone Remix) [Uncage],The Advent - Format (Marco Faraone Remix) [Uncage]
"2022-10-28 - Pan-Pot @ Time Warp 2D2S, Mannheim, Germany","https://www.mixesdb.com/w/2022-10-28_-_Pan-Pot_@_Time_Warp_2D2S,_Mannheim,_Germany",,3,006,Maketech,Konfusion [Electric Ballroom],Maketech - Konfusion [Electric Ballroom]
"2022-10-28 - Pan-Pot @ Time Warp 2D2S, Mannheim, Germany","https://www.mixesdb.com/w/2022-10-28_-_Pan-Pot_@_Time_Warp_2D2S,_Mannheim,_Germany",,4,010,Bart Skils,Sunshine In The Dust [Drumcode],Bart Skils - Sunshine In The Dust [Drumcode]
"2022-10-28 - Pan-Pot @ Time Warp 2D2S, Mannheim, Germany","https://www.mixesdb.com/w/2022-10-28_-_Pan-Pot_@_Time_Warp_2D2S,_Mannheim,_Germany",,5,014,Floormagnet,Space Age (Tiger Stripes Remix) [Fm],Floormagnet - Space Age (Tiger Stripes Remix) [Fm]
"2022-10-28 - Pan-Pot @ Time Warp 2D2S, Mannheim, Germany","https://www.mixesdb.com/w/2022-10-28_-_Pan-Pot_@_Time_Warp_2D2S,_Mannheim,_Germany",,6,018,Timebandit,Warehouse Psyche [Say What?],Timebandit - Warehouse Psyche [Say What?]
"2022-10-28 - Pan-Pot @ Time Warp 2D2S, Mannheim, Germany","https://www.mixesdb.com/w/2022-10-28_-_Pan-Pot_@_Time_Warp_2D2S,_Mannheim,_Germany",,7,021,Pig&Dan,Atom [Elevate],Pig&Dan - Atom [Elevate]
"2022-10-28 - Pan-Pot @ Time Warp 2D2S, Mannheim, Germany","https://www.mixesdb.com/w/2022-10-28_-_Pan-Pot_@_Time_Warp_2D2S,_Mannheim,_Germany",,8,026,Frank Biazzi,Patience [Tronic],Frank Biazzi - Patience [Tronic]
"2022-10-28 - Pan-Pot @ Time Warp 2D2S, Mannheim, Germany","https://www.mixesdb.com/w/2022-10-28_-_Pan-Pot_@_Time_Warp_2D2S,_Mannheim,_Germany",,9,029,Eli Brown,Believe [Filth On Acid],Eli Brown - Believe [Filth On Acid]
"2022-10-28 - Pan-Pot @ Time Warp 2D2S, Mannheim, Germany","https://www.mixesdb.com/w/2022-10-28_-_Pan-Pot_@_Time_Warp_2D2S,_Mannheim,_Germany",,10,035,Sisko Electrofanatik,Heavy Line [Off],Sisko Electrofanatik - Heavy Line [Off]
"2022-10-28 - Pan-Pot @ Time Warp 2D2S, Mannheim, Germany","https://www.mixesdb.com/w/2022-10-28_-_Pan-Pot_@_Time_Warp_2D2S,_Mannheim,_Germany",,11,038,DJ Dextro,Sideral (Superstrobe Remix) [Dolma],DJ Dextro - Sideral (Superstrobe Remix) [Dolma]
"2022-10-28 - Pan-Pot @ Time Warp 2D2S, Mannheim, Germany","https://www.mixesdb.com/w/2022-10-28_-_Pan-Pot_@_Time_Warp_2D2S,_Mannheim,_Germany",,12,041,Nico Cabeza,Scent Of You [Riot],Nico Cabeza - Scent Of You [Riot]
"2022-10-28 - Pan-Pot @ Time Warp 2D2S, Mannheim, Germany","https://www.mixesdb.com/w/2022-10-28_-_Pan-Pot_@_Time_Warp_2D2S,_Mannheim,_Germany",,13,045,Mark Porter,Telegraph (Thomas Schumacher Rework),Mark Porter - Telegraph (Thomas Schumacher Rework)
"2022-10-28 - Pan-Pot @ Time Warp 2D2S, Mannheim, Germany","https://www.mixesdb.com/w/2022-10-28_-_Pan-Pot_@_Time_Warp_2D2S,_Mannheim,_Germany",,14,048,Juan Trujillo,Volao (B. Riley Remix) [CMND CTRL],Juan Trujillo - Volao (B. Riley Remix) [CMND CTRL]
"2022-10-28 - Pan-Pot @ Time Warp 2D2S, Mannheim, Germany","https://www.mixesdb.com/w/2022-10-28_-_Pan-Pot_@_Time_Warp_2D2S,_Mannheim,_Germany",,15,051,The Acid Mind & Kodeloop,S.O.S. [Revised],The Acid Mind & Kodeloop - S.O.S. [Revised]
"2022-10-28 - Pan-Pot @ Time Warp 2D2S, Mannheim, Germany","https://www.mixesdb.com/w/2022-10-28_-_Pan-Pot_@_Time_Warp_2D2S,_Mannheim,_Germany",,16,055,Andres Campo & Ramiro Lopez,Homework [Odd],Andres Campo & Ramiro Lopez - Homework [Odd]
"2022-10-28 - Pan-Pot @ Time Warp 2D2S, Mannheim, Germany","https://www.mixesdb.com/w/2022-10-28_-_Pan-Pot_@_Time_Warp_2D2S,_Mannheim,_Germany",,17,059,Ramon Tapia,Bring It On Down [Say What?],Ramon Tapia - Bring It On Down [Say What?]
"2022-10-28 - Pan-Pot @ Time Warp 2D2S, Mannheim, Germany","https://www.mixesdb.com/w/2022-10-28_-_Pan-Pot_@_Time_Warp_2D2S,_Mannheim,_Germany",,18,063,,?,?
"2022-10-28 - Pan-Pot @ Time Warp 2D2S, Mannheim, Germany","https://www.mixesdb.com/w/2022-10-28_-_Pan-Pot_@_Time_Warp_2D2S,_Mannheim,_Germany",,19,067,Frank Biazzi,Confusion [Tronic],Frank Biazzi - Confusion [Tronic]
"2022-10-28 - Pan-Pot @ Time Warp 2D2S, Mannheim, Germany","https://www.mixesdb.com/w/2022-10-28_-_Pan-Pot_@_Time_Warp_2D2S,_Mannheim,_Germany",,20,072,Procombo,U Wanna [Rspx],Procombo - U Wanna [Rspx]
"2022-10-28 - Pan-Pot @ Time Warp 2D2S, Mannheim, Germany","https://www.mixesdb.com/w/2022-10-28_-_Pan-Pot_@_Time_Warp_2D2S,_Mannheim,_Germany",,21,076,Adam Beyer & Bart Skils,Your Mind (Charles D (USA) Epic Mix) [Drumcode],Adam Beyer & Bart Skils - Your Mind (Charles D (USA) Epic Mix) [Drumcode]
"2022-10-28 - Pan-Pot @ Time Warp 2D2S, Mannheim, Germany","https://www.mixesdb.com/w/2022-10-28_-_Pan-Pot_@_Time_Warp_2D2S,_Mannheim,_Germany",,22,081,Thomas Schumacher & Victor Ruiz,Wonder [Electric Ballroom],Thomas Schumacher & Victor Ruiz - Wonder [Electric Ballroom]
"2022-10-28 - Pan-Pot @ Time Warp 2D2S, Mannheim, Germany","https://www.mixesdb.com/w/2022-10-28_-_Pan-Pot_@_Time_Warp_2D2S,_Mannheim,_Germany",,23,086,Dysfaction,Karplus [KD Raw],Dysfaction - Karplus [KD Raw]
"2022-10-28 - Pan-Pot @ Time Warp 2D2S, Mannheim, Germany","https://www.mixesdb.com/w/2022-10-28_-_Pan-Pot_@_Time_Warp_2D2S,_Mannheim,_Germany",,24,090,HI-LO & DJ Deeon,Wanna Go Bang [Drumcode],HI-LO & DJ Deeon - Wanna Go Bang [Drumcode]
"2022-10-28 - Pan-Pot @ Time Warp 2D2S, Mannheim, Germany","https://www.mixesdb.com/w/2022-10-28_-_Pan-Pot_@_Time_Warp_2D2S,_Mannheim,_Germany",,25,093,Kai Anschau & Mallory N,Solarsystem (Tiger Stripes Remix) [Exe],Kai Anschau & Mallory N - Solarsystem (Tiger Stripes Remix) [Exe]
"2022-10-28 - Pan-Pot @ Time Warp 2D2S, Mannheim, Germany","https://www.mixesdb.com/w/2022-10-28_-_Pan-Pot_@_Time_Warp_2D2S,_Mannheim,_Germany",,26,098,Umek,Benozal (Regal 22 Rework) [Green Force],Umek - Benozal (Regal 22 Rework) [Green Force]
"2022-10-28 - Pan-Pot @ Time Warp 2D2S, Mannheim, Germany","https://www.mixesdb.com/w/2022-10-28_-_Pan-Pot_@_Time_Warp_2D2S,_Mannheim,_Germany",,27,104,Chicks On Speed,Kaltes Klares Wasser [Chicks On Speed],Chicks On Speed - Kaltes Klares Wasser [Chicks On Speed]
"2022-10-28 - Pan-Pot @ Time Warp 2D2S, Mannheim, Germany","https://www.mixesdb.com/w/2022-10-28_-_Pan-Pot_@_Time_Warp_2D2S,_Mannheim,_Germany",,28,108,Sisko Electrofanatik,Ametista (Tiger Stripes Extended Remix) [Terminal M],Sisko Electrofanatik - Ametista (Tiger Stripes Extended Remix) [Terminal M]
"2022-10-28 - Pan-Pot @ Time Warp 2D2S, Mannheim, Germany","https://www.mixesdb.com/w/2022-10-28_-_Pan-Pot_@_Time_Warp_2D2S,_Mannheim,_Germany",,29,113,Mik&Ale,Don't Close Your Eyes [No Response],Mik&Ale - Don't Close Your Eyes [No Response]
"2022-10-28 - Pan-Pot @ Time Warp 2D2S, Mannheim, Germany","https://www.mixesdb.com/w/2022-10-28_-_Pan-Pot_@_Time_Warp_2D2S,_Mannheim,_Germany",,30,118,Narciss,Lovechild (Love Mix),Narciss - Lovechild (Love Mix)
"2012-02-18 - Anja Schneider, Pan-Pot - Dance Under The Blue Moon","https://www.mixesdb.com/w/2012-02-18_-_Anja_Schneider,_Pan-Pot_-_Dance_Under_The_Blue_Moon",Anja Schneider,1,,Mark Fanciulli,Sacrifice,Mark Fanciulli - Sacrifice
"2012-02-18 - Anja Schneider, Pan-Pot - Dance Under The Blue Moon","https://www.mixesdb.com/w/2012-02-18_-_Anja_Schneider,_Pan-Pot_-_Dance_Under_The_Blue_Moon",Anja Schneider,2,,Hard Ton,Not Again (Marc Miroir Mix),Hard Ton - Not Again (Marc Miroir Mix)
"2012-02-18 - Anja Schneider, Pan-Pot - Dance Under The Blue Moon","https://www.mixesdb.com/w/2012-02-18_-_Anja_Schneider,_Pan-Pot_-_Dance_Under_The_Blue_Moon",Anja Schneider,3,,Chez Damier,Can You Feel It (Steve Bug Re-Edit),Chez Damier - Can You Feel It (Steve Bug Re-Edit)
"2012-02-18 - Anja Schneider, Pan-Pot - Dance Under The Blue Moon","https://www.mixesdb.com/w/2012-02-18_-_Anja_Schneider,_Pan-Pot_-_Dance_Under_The_Blue_Moon",Anja Schneider,4,,Steve Bug,A Night Like This (Octave One Remix),Steve Bug - A Night Like This (Octave One Remix)
"2012-02-18 - Anja Schneider, Pan-Pot - Dance Under The Blue Moon","https://www.mixesdb.com/w/2012-02-18_-_Anja_Schneider,_Pan-Pot_-_Dance_Under_The_Blue_Moon",Anja Schneider,5,,Crazy P,Changes (Appleblim Deep Under Remix),Crazy P - Changes (Appleblim Deep Under Remix)
"2012-02-18 - Anja Schneider, Pan-Pot - Dance Under The Blue Moon","https://www.mixesdb.com/w/2012-02-18_-_Anja_Schneider,_Pan-Pot_-_Dance_Under_The_Blue_Moon",Anja Schneider,6,,Claude VonStroke & Jaw,Le Fantome,Claude VonStroke & Jaw - Le Fantome
"2012-02-18 - Anja Schneider, Pan-Pot - Dance Under The Blue Moon","https://www.mixesdb.com/w/2012-02-18_-_Anja_Schneider,_Pan-Pot_-_Dance_Under_The_Blue_Moon",Anja Schneider,7,,DJ W!LD,Another Way (Art Department Mix),DJ W!LD - Another Way (Art Department Mix)
"2012-02-18 - Anja Schneider, Pan-Pot - Dance Under The Blue Moon","https://www.mixesdb.com/w/2012-02-18_-_Anja_Schneider,_Pan-Pot_-_Dance_Under_The_Blue_Moon",Anja Schneider,8,,Laps,Process,Laps - Process
"2012-02-18 - Anja Schneider, Pan-Pot - Dance Under The Blue Moon","https://www.mixesdb.com/w/2012-02-18_-_Anja_Schneider,_Pan-Pot_-_Dance_Under_The_Blue_Moon",Anja Schneider,9,,Daniel Dub,Wash The Dish,Daniel Dub - Wash The Dish
"2012-02-18 - Anja Schneider, Pan-Pot - Dance Under The Blue Moon","https://www.mixesdb.com/w/2012-02-18_-_Anja_Schneider,_Pan-Pot_-_Dance_Under_The_Blue_Moon",Anja Schneider,10,,The Glover,Goodies (San Proper Remix),The Glover - Goodies (San Proper Remix)
"2012-02-18 - Anja Schneider, Pan-Pot - Dance Under The Blue Moon","https://www.mixesdb.com/w/2012-02-18_-_Anja_Schneider,_Pan-Pot_-_Dance_Under_The_Blue_Moon",Anja Schneider,11,,Unknown Artist,Relax,Unknown Artist - Relax
"2012-02-18 - Anja Schneider, Pan-Pot - Dance Under The Blue Moon","https://www.mixesdb.com/w/2012-02-18_-_Anja_Schneider,_Pan-Pot_-_Dance_Under_The_Blue_Moon",Anja Schneider,12,,Pan-Pot,Gravity,Pan-Pot - Gravity
"2012-02-18 - Anja Schneider, Pan-Pot - Dance Under The Blue Moon","https://www.mixesdb.com/w/2012-02-18_-_Anja_Schneider,_Pan-Pot_-_Dance_Under_The_Blue_Moon",Anja Schneider,13,,Pan-Pot Feat. Cari Golden,No One Knows,Pan-Pot Feat. Cari Golden - No One Knows
"2012-02-18 - Anja Schneider, Pan-Pot - Dance Under The Blue Moon","https://www.mixesdb.com/w/2012-02-18_-_Anja_Schneider,_Pan-Pot_-_Dance_Under_The_Blue_Moon",Anja Schneider,14,,Pan-Pot,Face To Face,Pan-Pot - Face To Face
"2012-02-18 - Anja Schneider, Pan-Pot - Dance Under The Blue Moon","https://www.mixesdb.com/w/2012-02-18_-_Anja_Schneider,_Pan-Pot_-_Dance_Under_The_Blue_Moon",Anja Schneider,15,,Pan-Pot,Face To Face,Pan-Pot - Face To Face
"2012-02-18 - Anja Schneider, Pan-Pot - Dance Under The Blue Moon","https://www.mixesdb.com/w/2012-02-18_-_Anja_Schneider,_Pan-Pot_-_Dance_Under_The_Blue_Moon",Anja Schneider,16,,Pan-Pot,Threesixty,Pan-Pot - Threesixty
"2012-02-18 - Anja Schneider, Pan-Pot - Dance Under The Blue Moon","https://www.mixesdb.com/w/2012-02-18_-_Anja_Schneider,_Pan-Pot_-_Dance_Under_The_Blue_Moon",Anja Schneider,17,,Andre Winter,Dogma (Pan-Pot Remix) [Ideal Audio],Andre Winter - Dogma (Pan-Pot Remix) [Ideal Audio]
"2012-02-18 - Anja Schneider, Pan-Pot - Dance Under The Blue Moon","https://www.mixesdb.com/w/2012-02-18_-_Anja_Schneider,_Pan-Pot_-_Dance_Under_The_Blue_Moon",Anja Schneider,18,,Dustin Zahn & Joel Mull,Bossa Nossa (Pan-Pot Vocal Edit) [Enemy],Dustin Zahn & Joel Mull - Bossa Nossa (Pan-Pot Vocal Edit) [Enemy]
"2019-07-26 - Pan-Pot @ Tomorrowland - The Book Of Wisdom, The Return","https://www.mixesdb.com/w/2019-07-26_-_Pan-Pot_@_Tomorrowland_-_The_Book_Of_Wisdom,_The_Return",,1,000,Boy Harsher,Come Closer (Marcel Dettmann Remix) [Nude Club - NUDE008ZS],Boy Harsher - Come Closer (Marcel Dettmann Remix) [Nude Club - NUDE008ZS]
"2019-07-26 - Pan-Pot @ Tomorrowland - The Book Of Wisdom, The Return","https://www.mixesdb.com/w/2019-07-26_-_Pan-Pot_@_Tomorrowland_-_The_Book_Of_Wisdom,_The_Return",,2,002,George Makrakis,In My Mind (David Temessi Rework) [DSR - DSRD357],George Makrakis - In My Mind (David Temessi Rework) [DSR - DSRD357]
"2019-07-26 - Pan-Pot @ Tomorrowland - The Book Of Wisdom, The Return","https://www.mixesdb.com/w/2019-07-26_-_Pan-Pot_@_Tomorrowland_-_The_Book_Of_Wisdom,_The_Return",,3,006,Flug,Parallel Consciousness [Odd Even - ODDEVEN021],Flug - Parallel Consciousness [Odd Even - ODDEVEN021]
"2019-07-26 - Pan-Pot @ Tomorrowland - The Book Of Wisdom, The Return","https://www.mixesdb.com/w/2019-07-26_-_Pan-Pot_@_Tomorrowland_-_The_Book_Of_Wisdom,_The_Return",,4,009,Tauchen,K1a [Jam - JAM011],Tauchen - K1a [Jam - JAM011]
"2019-07-26 - Pan-Pot @ Tomorrowland - The Book Of Wisdom, The Return","https://www.mixesdb.com/w/2019-07-26_-_Pan-Pot_@_Tomorrowland_-_The_Book_Of_Wisdom,_The_Return",,5,012,Linkan Ray,Trip [Be As One - BAOSYN02],Linkan Ray - Trip [Be As One - BAOSYN02]
"2019-07-26 - Pan-Pot @ Tomorrowland - The Book Of Wisdom, The Return","https://www.mixesdb.com/w/2019-07-26_-_Pan-Pot_@_Tomorrowland_-_The_Book_Of_Wisdom,_The_Return",,6,017,Sara Simonit,Energy [KD Raw - KDRAW052],Sara Simonit - Energy [KD Raw - KDRAW052]
"2019-07-26 - Pan-Pot @ Tomorrowland - The Book Of Wisdom, The Return","https://www.mixesdb.com/w/2019-07-26_-_Pan-Pot_@_Tomorrowland_-_The_Book_Of_Wisdom,_The_Return",,7,021,Shlomi Aber,Communicate with Aliens [Be As One - BAO072],Shlomi Aber - Communicate with Aliens [Be As One - BAO072]
"2019-07-26 - Pan-Pot @ Tomorrowland - The Book Of Wisdom, The Return","https://www.mixesdb.com/w/2019-07-26_-_Pan-Pot_@_Tomorrowland_-_The_Book_Of_Wisdom,_The_Return",,8,026,KlangKuenstler,Jenseits [Outworld - OW002],KlangKuenstler - Jenseits [Outworld - OW002]
"2019-07-26 - Pan-Pot @ Tomorrowland - The Book Of Wisdom, The Return","https://www.mixesdb.com/w/2019-07-26_-_Pan-Pot_@_Tomorrowland_-_The_Book_Of_Wisdom,_The_Return",,9,030,Cari Lekebusch,Bats In The Bellfry [H-Productions - HPX106],Cari Lekebusch - Bats In The Bellfry [H-Productions - HPX106]
"2019-07-26 - Pan-Pot @ Tomorrowland - The Book Of Wisdom, The Return","https://www.mixesdb.com/w/2019-07-26_-_Pan-Pot_@_Tomorrowland_-_The_Book_Of_Wisdom,_The_Return",,10,035,TWR72,X-Static [Aerobik - AER004],TWR72 - X-Static [Aerobik - AER004]
"2019-07-26 - Pan-Pot @ Tomorrowland - The Book Of Wisdom, The Return","https://www.mixesdb.com/w/2019-07-26_-_Pan-Pot_@_Tomorrowland_-_The_Book_Of_Wisdom,_The_Return",,11,039,DEAS,Final Destination [Planet Rhythm - PRRUKD19010],DEAS - Final Destination [Planet Rhythm - PRRUKD19010]
"2019-07-26 - Pan-Pot @ Tomorrowland - The Book Of Wisdom, The Return","https://www.mixesdb.com/w/2019-07-26_-_Pan-Pot_@_Tomorrowland_-_The_Book_Of_Wisdom,_The_Return",,12,044,VNTM & Tahko,Rave Culture [Second State - SNDST064],VNTM & Tahko - Rave Culture [Second State - SNDST064]
"2019-07-26 - Pan-Pot @ Tomorrowland - The Book Of Wisdom, The Return","https://www.mixesdb.com/w/2019-07-26_-_Pan-Pot_@_Tomorrowland_-_The_Book_Of_Wisdom,_The_Return",,13,048,Rush Plus,"Sh,Boom [E-Missions - EMS009]","Rush Plus - Sh,Boom [E-Missions - EMS009]"
"2019-07-26 - Pan-Pot @ Tomorrowland - The Book Of Wisdom, The Return","https://www.mixesdb.com/w/2019-07-26_-_Pan-Pot_@_Tomorrowland_-_The_Book_Of_Wisdom,_The_Return",,14,054,KlangKuenstler,Dunkle Illusion [Second State - SNDST065],KlangKuenstler - Dunkle Illusion [Second State - SNDST065]
"2019-07-26 - Pan-Pot @ Tomorrowland - The Book Of Wisdom, The Return","https://www.mixesdb.com/w/2019-07-26_-_Pan-Pot_@_Tomorrowland_-_The_Book_Of_Wisdom,_The_Return",,15,059,Irregular Synth,Miles Away [Dirty Minds - DM060],Irregular Synth - Miles Away [Dirty Minds - DM060]
"2019-07-26 - Pan-Pot @ Tomorrowland - The Book Of Wisdom, The Return","https://www.mixesdb.com/w/2019-07-26_-_Pan-Pot_@_Tomorrowland_-_The_Book_Of_Wisdom,_The_Return",,16,064,Giacomo Renzi,Kamikaze [JAM - JAM012],Giacomo Renzi - Kamikaze [JAM - JAM012]
"2019-07-26 - Pan-Pot @ Tomorrowland - The Book Of Wisdom, The Return","https://www.mixesdb.com/w/2019-07-26_-_Pan-Pot_@_Tomorrowland_-_The_Book_Of_Wisdom,_The_Return",,17,069,Linkan Ray,Amok [Be As One - BAOSYN02],Linkan Ray - Amok [Be As One - BAOSYN02]
"2019-07-26 - Pan-Pot @ Tomorrowland - The Book Of Wisdom, The Return","https://www.mixesdb.com/w/2019-07-26_-_Pan-Pot_@_Tomorrowland_-_The_Book_Of_Wisdom,_The_Return",,18,074,Rudosa,Obsolescence [Moments In Time - MIT001],Rudosa - Obsolescence [Moments In Time - MIT001]
"2019-07-26 - Pan-Pot @ Tomorrowland - The Book Of Wisdom, The Return","https://www.mixesdb.com/w/2019-07-26_-_Pan-Pot_@_Tomorrowland_-_The_Book_Of_Wisdom,_The_Return",,19,079,Origin Riddim,The Sound (M. Fukuda Remix) [Eclipse - ECLR198],Origin Riddim - The Sound (M. Fukuda Remix) [Eclipse - ECLR198]
"2019-07-26 - Pan-Pot @ Tomorrowland - The Book Of Wisdom, The Return","https://www.mixesdb.com/w/2019-07-26_-_Pan-Pot_@_Tomorrowland_-_The_Book_Of_Wisdom,_The_Return",,20,084,Sara Simonit,13 Guns [Second State - SNDST071],Sara Simonit - 13 Guns [Second State - SNDST071]
"2019-07-26 - Pan-Pot @ Tomorrowland - The Book Of Wisdom, The Return","https://www.mixesdb.com/w/2019-07-26_-_Pan-Pot_@_Tomorrowland_-_The_Book_Of_Wisdom,_The_Return",,21,089,Thomas Hoffknecht,141 (Alex Bau Repaint) [Micro.Fon - MF049],Thomas Hoffknecht - 141 (Alex Bau Repaint) [Micro.Fon - MF049]
"2019-07-26 - Pan-Pot @ Tomorrowland - The Book Of Wisdom, The Return","https://www.mixesdb.com/w/2019-07-26_-_Pan-Pot_@_Tomorrowland_-_The_Book_Of_Wisdom,_The_Return",,22,094,T78,Megator [Autektone - ATK039],T78 - Megator [Autektone - ATK039]
"2019-07-26 - Pan-Pot @ Tomorrowland - The Book Of Wisdom, The Return","https://www.mixesdb.com/w/2019-07-26_-_Pan-Pot_@_Tomorrowland_-_The_Book_Of_Wisdom,_The_Return",,23,100,Rikhter,Phiom Enhah [R - Label - 4044693319823],Rikhter - Phiom Enhah [R - Label - 4044693319823]
"2019-07-26 - Pan-Pot @ Tomorrowland - The Book Of Wisdom, The Return","https://www.mixesdb.com/w/2019-07-26_-_Pan-Pot_@_Tomorrowland_-_The_Book_Of_Wisdom,_The_Return",,24,103,REMY-X,Rave Culture [Gen X - GENX004],REMY-X - Rave Culture [Gen X - GENX004]
"2019-07-26 - Pan-Pot @ Tomorrowland - The Book Of Wisdom, The Return","https://www.mixesdb.com/w/2019-07-26_-_Pan-Pot_@_Tomorrowland_-_The_Book_Of_Wisdom,_The_Return",,25,108,Moteka,Burning Eyes [Skryptom - SKRPT40],Moteka - Burning Eyes [Skryptom - SKRPT40]
"2019-07-26 - Pan-Pot @ Tomorrowland - The Book Of Wisdom, The Return","https://www.mixesdb.com/w/2019-07-26_-_Pan-Pot_@_Tomorrowland_-_The_Book_Of_Wisdom,_The_Return",,26,113,Victor Ruiz,Nimbus [Drumcode - DC205],Victor Ruiz - Nimbus [Drumcode - DC205]
"2021-04-30 - Pan-Pot @ MayDay - maydaystream, Dortmund","https://www.mixesdb.com/w/2021-04-30_-_Pan-Pot_@_MayDay_-_maydaystream,_Dortmund",,1,00,Hyperloop,In Your Mind (Reflections) (DJ Tool) [Drumcode],Hyperloop - In Your Mind (Reflections) (DJ Tool) [Drumcode]
"2021-04-30 - Pan-Pot @ MayDay - maydaystream, Dortmund","https://www.mixesdb.com/w/2021-04-30_-_Pan-Pot_@_MayDay_-_maydaystream,_Dortmund",,2,01,Wigbert,Xcelerator (Pan-Pot Remix) [Second State - SNDST088RS1],Wigbert - Xcelerator (Pan-Pot Remix) [Second State - SNDST088RS1]
"2021-04-30 - Pan-Pot @ MayDay - maydaystream, Dortmund","https://www.mixesdb.com/w/2021-04-30_-_Pan-Pot_@_MayDay_-_maydaystream,_Dortmund",,3,05,Planetary Assault Systems,Raww [Cocoon - CORLP049DIGITAL],Planetary Assault Systems - Raww [Cocoon - CORLP049DIGITAL]
"2021-04-30 - Pan-Pot @ MayDay - maydaystream, Dortmund","https://www.mixesdb.com/w/2021-04-30_-_Pan-Pot_@_MayDay_-_maydaystream,_Dortmund",,4,09,Deas,Confusion [Planet Rhythm - BAUMUZIK001],Deas - Confusion [Planet Rhythm - BAUMUZIK001]
"2021-04-30 - Pan-Pot @ MayDay - maydaystream, Dortmund","https://www.mixesdb.com/w/2021-04-30_-_Pan-Pot_@_MayDay_-_maydaystream,_Dortmund",,5,13,Truncate & Dotdat,PNQ [Truncate - TRUNCATE21],Truncate & Dotdat - PNQ [Truncate - TRUNCATE21]
"2021-04-30 - Pan-Pot @ MayDay - maydaystream, Dortmund","https://www.mixesdb.com/w/2021-04-30_-_Pan-Pot_@_MayDay_-_maydaystream,_Dortmund",,6,16,Skov Bowden,Effecter [Truncate - TRUNCATEDGTL05],Skov Bowden - Effecter [Truncate - TRUNCATEDGTL05]
"2021-04-30 - Pan-Pot @ MayDay - maydaystream, Dortmund","https://www.mixesdb.com/w/2021-04-30_-_Pan-Pot_@_MayDay_-_maydaystream,_Dortmund",,7,20,Cari Lekebusch & Orion,Tribe [H-Productions - HPX112],Cari Lekebusch & Orion - Tribe [H-Productions - HPX112]
"2021-04-30 - Pan-Pot @ MayDay - maydaystream, Dortmund","https://www.mixesdb.com/w/2021-04-30_-_Pan-Pot_@_MayDay_-_maydaystream,_Dortmund",,8,24,Planetary Assault Systems,Bang Wap [Token - TOKEN100D],Planetary Assault Systems - Bang Wap [Token - TOKEN100D]
"2021-04-30 - Pan-Pot @ MayDay - maydaystream, Dortmund","https://www.mixesdb.com/w/2021-04-30_-_Pan-Pot_@_MayDay_-_maydaystream,_Dortmund",,9,28,Gaetano Parisio & Gaetek,The Advanced Series Vol II B1 (Mark Broom Edit) [Conform - CNFR028],Gaetano Parisio & Gaetek - The Advanced Series Vol II B1 (Mark Broom Edit) [Conform - CNFR028]
"2021-04-30 - Pan-Pot @ MayDay - maydaystream, Dortmund","https://www.mixesdb.com/w/2021-04-30_-_Pan-Pot_@_MayDay_-_maydaystream,_Dortmund",,10,32,JoeFarr,Beaky [Soma - SOMA605D],JoeFarr - Beaky [Soma - SOMA605D]
"2021-04-30 - Pan-Pot @ MayDay - maydaystream, Dortmund","https://www.mixesdb.com/w/2021-04-30_-_Pan-Pot_@_MayDay_-_maydaystream,_Dortmund",,11,37,Rene Wise & Rødhåd,190205 [WSNWG - WSNWG007],Rene Wise & Rødhåd - 190205 [WSNWG - WSNWG007]
"2021-04-30 - Pan-Pot @ MayDay - maydaystream, Dortmund","https://www.mixesdb.com/w/2021-04-30_-_Pan-Pot_@_MayDay_-_maydaystream,_Dortmund",,12,41,Hertz Collision & Gene Richards Jr,Hood Thang [Truncate - TRUNCATEDGTL04],Hertz Collision & Gene Richards Jr - Hood Thang [Truncate - TRUNCATEDGTL04]
"2021-04-30 - Pan-Pot @ MayDay - maydaystream, Dortmund","https://www.mixesdb.com/w/2021-04-30_-_Pan-Pot_@_MayDay_-_maydaystream,_Dortmund",,13,45,Arthur Robert,Screening [Figure - FIGUREX25],Arthur Robert - Screening [Figure - FIGUREX25]
"2021-04-30 - Pan-Pot @ MayDay - maydaystream, Dortmund","https://www.mixesdb.com/w/2021-04-30_-_Pan-Pot_@_MayDay_-_maydaystream,_Dortmund",,14,49,Paula Cazenave,Night Curfew [GND - GNCD005],Paula Cazenave - Night Curfew [GND - GNCD005]
"2021-04-30 - Pan-Pot @ MayDay - maydaystream, Dortmund","https://www.mixesdb.com/w/2021-04-30_-_Pan-Pot_@_MayDay_-_maydaystream,_Dortmund",,15,54,Peder Mannerfelt,Year Of The Rats [Voam - VOAM006],Peder Mannerfelt - Year Of The Rats [Voam - VOAM006]
"2021-04-30 - Pan-Pot @ MayDay - maydaystream, Dortmund","https://www.mixesdb.com/w/2021-04-30_-_Pan-Pot_@_MayDay_-_maydaystream,_Dortmund",,16,58,Gianni Di Bernardo & Rian Wood,Drop Me [RXC - RXC006],Gianni Di Bernardo & Rian Wood - Drop Me [RXC - RXC006]
"2021-04-30 - Pan-Pot @ MayDay - maydaystream, Dortmund","https://www.mixesdb.com/w/2021-04-30_-_Pan-Pot_@_MayDay_-_maydaystream,_Dortmund",,17,63,PUSHMANN,Random Future [K S R - KSRDGTL010],PUSHMANN - Random Future [K S R - KSRDGTL010]
"2021-04-30 - Pan-Pot @ MayDay - maydaystream, Dortmund","https://www.mixesdb.com/w/2021-04-30_-_Pan-Pot_@_MayDay_-_maydaystream,_Dortmund",,18,67,BEC,The Truth [Second State - SNDST090],BEC - The Truth [Second State - SNDST090]
"2012-11-03 - Pan-Pot @ FLY BerMuDa Festival, Berlin","https://www.mixesdb.com/w/2012-11-03_-_Pan-Pot_@_FLY_BerMuDa_Festival,_Berlin",,1,000,,? (Special Pan-Pot BeMuDa Intro),? (Special Pan-Pot BeMuDa Intro)
"2012-11-03 - Pan-Pot @ FLY BerMuDa Festival, Berlin","https://www.mixesdb.com/w/2012-11-03_-_Pan-Pot_@_FLY_BerMuDa_Festival,_Berlin",,2,006,DJ Hyperactive,RX Tribe (Len Faki DJ Edit) [Figure - 40],DJ Hyperactive - RX Tribe (Len Faki DJ Edit) [Figure - 40]
"2012-11-03 - Pan-Pot @ FLY BerMuDa Festival, Berlin","https://www.mixesdb.com/w/2012-11-03_-_Pan-Pot_@_FLY_BerMuDa_Festival,_Berlin",,3,011,D-Nox & Beckers,Watch Me Now (Egbert Remix) [GEM - 024],D-Nox & Beckers - Watch Me Now (Egbert Remix) [GEM - 024]
"2012-11-03 - Pan-Pot @ FLY BerMuDa Festival, Berlin","https://www.mixesdb.com/w/2012-11-03_-_Pan-Pot_@_FLY_BerMuDa_Festival,_Berlin",,4,016,Cuartero,People Rocker [VIVa - 098],Cuartero - People Rocker [VIVa - 098]
"2012-11-03 - Pan-Pot @ FLY BerMuDa Festival, Berlin","https://www.mixesdb.com/w/2012-11-03_-_Pan-Pot_@_FLY_BerMuDa_Festival,_Berlin",,5,021,Timo Maas,Kick1 Kick3 (Maetrik Sexy Remix Edit) [Bedrock - BEDSTRUCTCD 2],Timo Maas - Kick1 Kick3 (Maetrik Sexy Remix Edit) [Bedrock - BEDSTRUCTCD 2]
"2012-11-03 - Pan-Pot @ FLY BerMuDa Festival, Berlin","https://www.mixesdb.com/w/2012-11-03_-_Pan-Pot_@_FLY_BerMuDa_Festival,_Berlin",,6,026,Jay Lumen,Get Ready [100% Pure - 085],Jay Lumen - Get Ready [100% Pure - 085]
"2012-11-03 - Pan-Pot @ FLY BerMuDa Festival, Berlin","https://www.mixesdb.com/w/2012-11-03_-_Pan-Pot_@_FLY_BerMuDa_Festival,_Berlin",,7,033,Pig&Dan,On Edge [Tronic - TR 092],Pig&Dan - On Edge [Tronic - TR 092]
"2012-11-03 - Pan-Pot @ FLY BerMuDa Festival, Berlin","https://www.mixesdb.com/w/2012-11-03_-_Pan-Pot_@_FLY_BerMuDa_Festival,_Berlin",,8,036,Pig&Dan,Lone Ranger (Coyu Remix) [Soma - 351D],Pig&Dan - Lone Ranger (Coyu Remix) [Soma - 351D]
"2012-11-03 - Pan-Pot @ FLY BerMuDa Festival, Berlin","https://www.mixesdb.com/w/2012-11-03_-_Pan-Pot_@_FLY_BerMuDa_Festival,_Berlin",,9,042,Anthony Attalla,Bump Dump Hump (Uto Karem Remix) [Great Stuff - GSR 162],Anthony Attalla - Bump Dump Hump (Uto Karem Remix) [Great Stuff - GSR 162]
"2012-11-03 - Pan-Pot @ FLY BerMuDa Festival, Berlin","https://www.mixesdb.com/w/2012-11-03_-_Pan-Pot_@_FLY_BerMuDa_Festival,_Berlin",,10,047,Green Velvet & Harvard Bass,Lazer Beams [Relief - RR 2057],Green Velvet & Harvard Bass - Lazer Beams [Relief - RR 2057]
"2012-11-03 - Pan-Pot @ FLY BerMuDa Festival, Berlin","https://www.mixesdb.com/w/2012-11-03_-_Pan-Pot_@_FLY_BerMuDa_Festival,_Berlin",,11,053,Alan Fitzpatrick,Skeksis [Drumcode - DC 102],Alan Fitzpatrick - Skeksis [Drumcode - DC 102]
"2012-11-03 - Pan-Pot @ FLY BerMuDa Festival, Berlin","https://www.mixesdb.com/w/2012-11-03_-_Pan-Pot_@_FLY_BerMuDa_Festival,_Berlin",,12,058,DJ Hyperactive,Wide Open (Len Faki DJ Edit) [Figure - 40],DJ Hyperactive - Wide Open (Len Faki DJ Edit) [Figure - 40]
"2012-11-03 - Pan-Pot @ FLY BerMuDa Festival, Berlin","https://www.mixesdb.com/w/2012-11-03_-_Pan-Pot_@_FLY_BerMuDa_Festival,_Berlin",,13,064,Dema & Paride Saraceni,Panic [Agile Encodings - AE 013],Dema & Paride Saraceni - Panic [Agile Encodings - AE 013]
"2012-11-03 - Pan-Pot @ FLY BerMuDa Festival, Berlin","https://www.mixesdb.com/w/2012-11-03_-_Pan-Pot_@_FLY_BerMuDa_Festival,_Berlin",,14,068,Tomaz vs Filterheadz,Sunshine (Uto Karem Remix),Tomaz vs Filterheadz - Sunshine (Uto Karem Remix)
"2012-11-03 - Pan-Pot @ FLY BerMuDa Festival, Berlin","https://www.mixesdb.com/w/2012-11-03_-_Pan-Pot_@_FLY_BerMuDa_Festival,_Berlin",,15,075,John Acquaviva & Roderick Fox,In Your Face [Definitive - DEFDIG 1212],John Acquaviva & Roderick Fox - In Your Face [Definitive - DEFDIG 1212]
"2012-11-03 - Pan-Pot @ FLY BerMuDa Festival, Berlin","https://www.mixesdb.com/w/2012-11-03_-_Pan-Pot_@_FLY_BerMuDa_Festival,_Berlin",,16,081,Pleasurekraft,The Main Ingredient (Sabb Remix) [303Lovers - 303L 1225],Pleasurekraft - The Main Ingredient (Sabb Remix) [303Lovers - 303L 1225]
"2012-11-03 - Pan-Pot @ FLY BerMuDa Festival, Berlin","https://www.mixesdb.com/w/2012-11-03_-_Pan-Pot_@_FLY_BerMuDa_Festival,_Berlin",,17,086,,?,?
"2012-11-03 - Pan-Pot @ FLY BerMuDa Festival, Berlin","https://www.mixesdb.com/w/2012-11-03_-_Pan-Pot_@_FLY_BerMuDa_Festival,_Berlin",,18,091,Kyle Geiger,Mimetic Desire (Warehouse Edit) [Cubera - CUB 002],Kyle Geiger - Mimetic Desire (Warehouse Edit) [Cubera - CUB 002]
"2012-11-03 - Pan-Pot @ FLY BerMuDa Festival, Berlin","https://www.mixesdb.com/w/2012-11-03_-_Pan-Pot_@_FLY_BerMuDa_Festival,_Berlin",,19,097,Adam Port,Black Noise [Cocoon - CORL P030],Adam Port - Black Noise [Cocoon - CORL P030]
"2012-11-03 - Pan-Pot @ FLY BerMuDa Festival, Berlin","https://www.mixesdb.com/w/2012-11-03_-_Pan-Pot_@_FLY_BerMuDa_Festival,_Berlin",,20,102,Goldie,Kemistry (Justin Martin Remake) [Dirtybird - DB 073-DJ],Goldie - Kemistry (Justin Martin Remake) [Dirtybird - DB 073-DJ]
"2012-11-03 - Pan-Pot @ FLY BerMuDa Festival, Berlin","https://www.mixesdb.com/w/2012-11-03_-_Pan-Pot_@_FLY_BerMuDa_Festival,_Berlin",,21,108,Sian,Canary In The Coalmine (Bart Skils Remix) [Octopus - OCT 41],Sian - Canary In The Coalmine (Bart Skils Remix) [Octopus - OCT 41]
"2012-11-03 - Pan-Pot @ FLY BerMuDa Festival, Berlin","https://www.mixesdb.com/w/2012-11-03_-_Pan-Pot_@_FLY_BerMuDa_Festival,_Berlin",,22,112,Winx vs Nic Fanciulli,Don't Laugh (2012 Remix) [Saved - 084],Winx vs Nic Fanciulli - Don't Laugh (2012 Remix) [Saved - 084]
"2012-11-03 - Pan-Pot @ FLY BerMuDa Festival, Berlin","https://www.mixesdb.com/w/2012-11-03_-_Pan-Pot_@_FLY_BerMuDa_Festival,_Berlin",,23,117,Stefano Noferini,Sometimes [Toolroom - TRAX 418],Stefano Noferini - Sometimes [Toolroom - TRAX 418]
"2012-11-03 - Pan-Pot @ FLY BerMuDa Festival, Berlin","https://www.mixesdb.com/w/2012-11-03_-_Pan-Pot_@_FLY_BerMuDa_Festival,_Berlin",,24,122,Tom Middleton,Penrose Steps [Ovum - OVM 226],Tom Middleton - Penrose Steps [Ovum - OVM 226]
"2012-11-03 - Pan-Pot @ FLY BerMuDa Festival, Berlin","https://www.mixesdb.com/w/2012-11-03_-_Pan-Pot_@_FLY_BerMuDa_Festival,_Berlin",,25,128,Green Velvet,Flash (The Advent & Industrialyzer Remix) [Relief - RR 2041],Green Velvet - Flash (The Advent & Industrialyzer Remix) [Relief - RR 2041]
"2012-11-03 - Pan-Pot @ FLY BerMuDa Festival, Berlin","https://www.mixesdb.com/w/2012-11-03_-_Pan-Pot_@_FLY_BerMuDa_Festival,_Berlin",,26,135,Vainqueur,Lyot (Christian Smith & Wehbba Remake),Vainqueur - Lyot (Christian Smith & Wehbba Remake)
"2012-11-03 - Pan-Pot @ FLY BerMuDa Festival, Berlin","https://www.mixesdb.com/w/2012-11-03_-_Pan-Pot_@_FLY_BerMuDa_Festival,_Berlin",,27,140,Scott Kemp,GuY (Ron Costa Remix) [Entail - ENR 002],Scott Kemp - GuY (Ron Costa Remix) [Entail - ENR 002]
"2012-11-03 - Pan-Pot @ FLY BerMuDa Festival, Berlin","https://www.mixesdb.com/w/2012-11-03_-_Pan-Pot_@_FLY_BerMuDa_Festival,_Berlin",,28,143,Luna City Express,Mr. Jack (Robags Edna Mompf Remix) [Moon Harbour - MHR 049],Luna City Express - Mr. Jack (Robags Edna Mompf Remix) [Moon Harbour - MHR 049]
"2012-11-03 - Pan-Pot @ FLY BerMuDa Festival, Berlin","https://www.mixesdb.com/w/2012-11-03_-_Pan-Pot_@_FLY_BerMuDa_Festival,_Berlin",,29,151,Pig&Dan,Below The Belt [Soma - DA 098],Pig&Dan - Below The Belt [Soma - DA 098]
"2012-11-03 - Pan-Pot @ FLY BerMuDa Festival, Berlin","https://www.mixesdb.com/w/2012-11-03_-_Pan-Pot_@_FLY_BerMuDa_Festival,_Berlin",,30,153,James Silk,Can't Wait [Exploited - BJ 05],James Silk - Can't Wait [Exploited - BJ 05]
"2012-11-03 - Pan-Pot @ FLY BerMuDa Festival, Berlin","https://www.mixesdb.com/w/2012-11-03_-_Pan-Pot_@_FLY_BerMuDa_Festival,_Berlin",,31,158,Solomun,Curesto [Leena - 016],Solomun - Curesto [Leena - 016]
"2012-11-03 - Pan-Pot @ FLY BerMuDa Festival, Berlin","https://www.mixesdb.com/w/2012-11-03_-_Pan-Pot_@_FLY_BerMuDa_Festival,_Berlin",,32,164,Patrick Chardronnet,Eve By Day [Connaisseur - CNS 001-6],Patrick Chardronnet - Eve By Day [Connaisseur - CNS 001-6]
"2012-11-03 - Pan-Pot @ FLY BerMuDa Festival, Berlin","https://www.mixesdb.com/w/2012-11-03_-_Pan-Pot_@_FLY_BerMuDa_Festival,_Berlin",,33,173,Tom Flynn,Do You Like Bass [Leena - 025],Tom Flynn - Do You Like Bass [Leena - 025]
"2012-11-03 - Pan-Pot @ FLY BerMuDa Festival, Berlin","https://www.mixesdb.com/w/2012-11-03_-_Pan-Pot_@_FLY_BerMuDa_Festival,_Berlin",,34,178,Pirupa,Party Non Stop (Vocal) [Defected],Pirupa - Party Non Stop (Vocal) [Defected]
"2012-11-03 - Pan-Pot @ FLY BerMuDa Festival, Berlin","https://www.mixesdb.com/w/2012-11-03_-_Pan-Pot_@_FLY_BerMuDa_Festival,_Berlin",,35,184,Green Velvet Feat. Russoul,Millie Vanillie [Relief - RR 2047],Green Velvet Feat. Russoul - Millie Vanillie [Relief - RR 2047]
"2012-11-03 - Pan-Pot @ FLY BerMuDa Festival, Berlin","https://www.mixesdb.com/w/2012-11-03_-_Pan-Pot_@_FLY_BerMuDa_Festival,_Berlin",,36,188,Freaks,The Creeps (Steve Bug Remix) [International Deejay Gigolo - GIGOLO 119],Freaks - The Creeps (Steve Bug Remix) [International Deejay Gigolo - GIGOLO 119]
"2012-11-03 - Pan-Pot @ FLY BerMuDa Festival, Berlin","https://www.mixesdb.com/w/2012-11-03_-_Pan-Pot_@_FLY_BerMuDa_Festival,_Berlin",,37,193,Shlomi Aber,Rear Gear [Cadenza Lab - CAL 015],Shlomi Aber - Rear Gear [Cadenza Lab - CAL 015]
"2012-11-03 - Pan-Pot @ FLY BerMuDa Festival, Berlin","https://www.mixesdb.com/w/2012-11-03_-_Pan-Pot_@_FLY_BerMuDa_Festival,_Berlin",,38,196,Olene Kadar Feat. D Low,Little Miss Dynamite (Anton Pieete Remix) [Clap Your Hands - CYH 9],Olene Kadar Feat. D Low - Little Miss Dynamite (Anton Pieete Remix) [Clap Your Hands - CYH 9]
"2012-11-03 - Pan-Pot @ FLY BerMuDa Festival, Berlin","https://www.mixesdb.com/w/2012-11-03_-_Pan-Pot_@_FLY_BerMuDa_Festival,_Berlin",,39,201,Mihalis Safras,Stranger (Wehbba Remix) [Toolroom - TRAX 427/01Z],Mihalis Safras - Stranger (Wehbba Remix) [Toolroom - TRAX 427/01Z]
"2012-11-03 - Pan-Pot @ FLY BerMuDa Festival, Berlin","https://www.mixesdb.com/w/2012-11-03_-_Pan-Pot_@_FLY_BerMuDa_Festival,_Berlin",,40,206,Oliver Huntemann,Delirium [Ideal],Oliver Huntemann - Delirium [Ideal]
"2012-11-03 - Pan-Pot @ FLY BerMuDa Festival, Berlin","https://www.mixesdb.com/w/2012-11-03_-_Pan-Pot_@_FLY_BerMuDa_Festival,_Berlin",,41,211,Pfirter,The Dub Track (Len Faki Remix) [Figure - 30],Pfirter - The Dub Track (Len Faki Remix) [Figure - 30]
"2012-11-03 - Pan-Pot @ FLY BerMuDa Festival, Berlin","https://www.mixesdb.com/w/2012-11-03_-_Pan-Pot_@_FLY_BerMuDa_Festival,_Berlin",,42,221,Candyman,Knockin Boots (David August Bootleg) [Unreleased],Candyman - Knockin Boots (David August Bootleg) [Unreleased]
"2012-11-03 - Pan-Pot @ FLY BerMuDa Festival, Berlin","https://www.mixesdb.com/w/2012-11-03_-_Pan-Pot_@_FLY_BerMuDa_Festival,_Berlin",,43,227,X-Press 2,Muzik Xpress (Eats Everything '20th Anniversary' Remix) [Skint - 252D],X-Press 2 - Muzik Xpress (Eats Everything '20th Anniversary' Remix) [Skint - 252D]
"2011-11-05 - Anja Schneider, Pan-Pot - Dance Under The Blue Moon","https://www.mixesdb.com/w/2011-11-05_-_Anja_Schneider,_Pan-Pot_-_Dance_Under_The_Blue_Moon",Anja Schneider,1,22:00,Pan-Pot,Confronted,Pan-Pot - Confronted
"2011-11-05 - Anja Schneider, Pan-Pot - Dance Under The Blue Moon","https://www.mixesdb.com/w/2011-11-05_-_Anja_Schneider,_Pan-Pot_-_Dance_Under_The_Blue_Moon",Anja Schneider,2,22:08,Wishmountain,Radio,Wishmountain - Radio
"2011-11-05 - Anja Schneider, Pan-Pot - Dance Under The Blue Moon","https://www.mixesdb.com/w/2011-11-05_-_Anja_Schneider,_Pan-Pot_-_Dance_Under_The_Blue_Moon",Anja Schneider,3,22:15,Schatrax,Mistband,Schatrax - Mistband
"2011-11-05 - Anja Schneider, Pan-Pot - Dance Under The Blue Moon","https://www.mixesdb.com/w/2011-11-05_-_Anja_Schneider,_Pan-Pot_-_Dance_Under_The_Blue_Moon",Anja Schneider,4,22:23,Slam,Lifetimes (Pan-Pot Remix),Slam - Lifetimes (Pan-Pot Remix)
"2011-11-05 - Anja Schneider, Pan-Pot - Dance Under The Blue Moon","https://www.mixesdb.com/w/2011-11-05_-_Anja_Schneider,_Pan-Pot_-_Dance_Under_The_Blue_Moon",Anja Schneider,5,22:31,Par-T-One vs INXS,I'm So Crazy,Par-T-One vs INXS - I'm So Crazy
"2011-11-05 - Anja Schneider, Pan-Pot - Dance Under The Blue Moon","https://www.mixesdb.com/w/2011-11-05_-_Anja_Schneider,_Pan-Pot_-_Dance_Under_The_Blue_Moon",Anja Schneider,6,22:40,General Midfield,Coat Noise (Dave Clarke Remix),General Midfield - Coat Noise (Dave Clarke Remix)
"2011-11-05 - Anja Schneider, Pan-Pot - Dance Under The Blue Moon","https://www.mixesdb.com/w/2011-11-05_-_Anja_Schneider,_Pan-Pot_-_Dance_Under_The_Blue_Moon",Pan-Pot,1,22:47,Maetrik,Follow,Maetrik - Follow
"2011-11-05 - Anja Schneider, Pan-Pot - Dance Under The Blue Moon","https://www.mixesdb.com/w/2011-11-05_-_Anja_Schneider,_Pan-Pot_-_Dance_Under_The_Blue_Moon",Pan-Pot,2,22:55,Nick Curly,Sun City,Nick Curly - Sun City
"2011-11-05 - Anja Schneider, Pan-Pot - Dance Under The Blue Moon","https://www.mixesdb.com/w/2011-11-05_-_Anja_Schneider,_Pan-Pot_-_Dance_Under_The_Blue_Moon",Pan-Pot,3,23:02,Christian Smith,Cabecudas,Christian Smith - Cabecudas
"2011-11-05 - Anja Schneider, Pan-Pot - Dance Under The Blue Moon","https://www.mixesdb.com/w/2011-11-05_-_Anja_Schneider,_Pan-Pot_-_Dance_Under_The_Blue_Moon",Pan-Pot,4,23:10,Alessandro Izzo,Virto (Alan Fitzpatrick Remix),Alessandro Izzo - Virto (Alan Fitzpatrick Remix)
"2011-11-05 - Anja Schneider, Pan-Pot - Dance Under The Blue Moon","https://www.mixesdb.com/w/2011-11-05_-_Anja_Schneider,_Pan-Pot_-_Dance_Under_The_Blue_Moon",Pan-Pot,5,23:16,Julian Jeweil,Tabasco,Julian Jeweil - Tabasco
"2011-11-05 - Anja Schneider, Pan-Pot - Dance Under The Blue Moon","https://www.mixesdb.com/w/2011-11-05_-_Anja_Schneider,_Pan-Pot_-_Dance_Under_The_Blue_Moon",Pan-Pot,6,23:23,Oliver Huntemann,Rotten,Oliver Huntemann - Rotten
"2011-11-05 - Anja Schneider, Pan-Pot - Dance Under The Blue Moon","https://www.mixesdb.com/w/2011-11-05_-_Anja_Schneider,_Pan-Pot_-_Dance_Under_The_Blue_Moon",Pan-Pot,7,23:30,Carlo Lio,Mike Loves The Horn,Carlo Lio - Mike Loves The Horn
"2011-11-05 - Anja Schneider, Pan-Pot - Dance Under The Blue Moon","https://www.mixesdb.com/w/2011-11-05_-_Anja_Schneider,_Pan-Pot_-_Dance_Under_The_Blue_Moon",Pan-Pot,8,23:37,Magda,Fixation,Magda - Fixation
"2011-11-05 - Anja Schneider, Pan-Pot - Dance Under The Blue Moon","https://www.mixesdb.com/w/2011-11-05_-_Anja_Schneider,_Pan-Pot_-_Dance_Under_The_Blue_Moon",Pan-Pot,9,23:44,Pan-Pot,Lifetimes (Bass Mix),Pan-Pot - Lifetimes (Bass Mix)
"2011-11-05 - Anja Schneider, Pan-Pot - Dance Under The Blue Moon","https://www.mixesdb.com/w/2011-11-05_-_Anja_Schneider,_Pan-Pot_-_Dance_Under_The_Blue_Moon",Pan-Pot,10,23:52,Cassius,The Sound Of Violence (Franco Cinelli Mix),Cassius - The Sound Of Violence (Franco Cinelli Mix)
"2023-04-01 - Pan-Pot @ Time Warp, Mannheim, Germany","https://www.mixesdb.com/w/2023-04-01_-_Pan-Pot_@_Time_Warp,_Mannheim,_Germany",,1,000,Luciid,Zerstörer [Suara],Luciid - Zerstörer [Suara]
"2023-04-01 - Pan-Pot @ Time Warp, Mannheim, Germany","https://www.mixesdb.com/w/2023-04-01_-_Pan-Pot_@_Time_Warp,_Mannheim,_Germany",,2,004,Drumsauw,Crypto [Planet Rhythm],Drumsauw - Crypto [Planet Rhythm]
"2023-04-01 - Pan-Pot @ Time Warp, Mannheim, Germany","https://www.mixesdb.com/w/2023-04-01_-_Pan-Pot_@_Time_Warp,_Mannheim,_Germany",,3,009,Len Faki,Temple [Figure],Len Faki - Temple [Figure]
"2023-04-01 - Pan-Pot @ Time Warp, Mannheim, Germany","https://www.mixesdb.com/w/2023-04-01_-_Pan-Pot_@_Time_Warp,_Mannheim,_Germany",,4,012,Wigbert,Delayed,Wigbert - Delayed
"2023-04-01 - Pan-Pot @ Time Warp, Mannheim, Germany","https://www.mixesdb.com/w/2023-04-01_-_Pan-Pot_@_Time_Warp,_Mannheim,_Germany",,5,014,Thomas Schumacher & Lilly Palmer,I Am Machine [Spannung],Thomas Schumacher & Lilly Palmer - I Am Machine [Spannung]
"2023-04-01 - Pan-Pot @ Time Warp, Mannheim, Germany","https://www.mixesdb.com/w/2023-04-01_-_Pan-Pot_@_Time_Warp,_Mannheim,_Germany",,6,019,Talismann,Matam [TALISMANN],Talismann - Matam [TALISMANN]
"2023-04-01 - Pan-Pot @ Time Warp, Mannheim, Germany","https://www.mixesdb.com/w/2023-04-01_-_Pan-Pot_@_Time_Warp,_Mannheim,_Germany",,7,021,Broken Robot,Offensive [OFF],Broken Robot - Offensive [OFF]
"2023-04-01 - Pan-Pot @ Time Warp, Mannheim, Germany","https://www.mixesdb.com/w/2023-04-01_-_Pan-Pot_@_Time_Warp,_Mannheim,_Germany",,8,025,Mike Macaluso,Final Chapter [Drumcode],Mike Macaluso - Final Chapter [Drumcode]
"2023-04-01 - Pan-Pot @ Time Warp, Mannheim, Germany","https://www.mixesdb.com/w/2023-04-01_-_Pan-Pot_@_Time_Warp,_Mannheim,_Germany",,9,030,Adam Beyer & Green Velvet,Simulator [Drumcode],Adam Beyer & Green Velvet - Simulator [Drumcode]
"2023-04-01 - Pan-Pot @ Time Warp, Mannheim, Germany","https://www.mixesdb.com/w/2023-04-01_-_Pan-Pot_@_Time_Warp,_Mannheim,_Germany",,10,034,Ramon Tapia,P.A.R.T.Y. [Say What?],Ramon Tapia - P.A.R.T.Y. [Say What?]
"2023-04-01 - Pan-Pot @ Time Warp, Mannheim, Germany","https://www.mixesdb.com/w/2023-04-01_-_Pan-Pot_@_Time_Warp,_Mannheim,_Germany",,11,037,Charlotte de Witte & Enrico Sangiuliano,Reflection [NINETOZERO],Charlotte de Witte & Enrico Sangiuliano - Reflection [NINETOZERO]
"2023-04-01 - Pan-Pot @ Time Warp, Mannheim, Germany","https://www.mixesdb.com/w/2023-04-01_-_Pan-Pot_@_Time_Warp,_Mannheim,_Germany",,12,041,Childov,Leave [JAM],Childov - Leave [JAM]
"2023-04-01 - Pan-Pot @ Time Warp, Mannheim, Germany","https://www.mixesdb.com/w/2023-04-01_-_Pan-Pot_@_Time_Warp,_Mannheim,_Germany",,13,044,Axel Karakasis,Heard Touch [Remain],Axel Karakasis - Heard Touch [Remain]
"2023-04-01 - Pan-Pot @ Time Warp, Mannheim, Germany","https://www.mixesdb.com/w/2023-04-01_-_Pan-Pot_@_Time_Warp,_Mannheim,_Germany",,14,047,Slam,Beat Control [RSPX],Slam - Beat Control [RSPX]
"2023-04-01 - Pan-Pot @ Time Warp, Mannheim, Germany","https://www.mixesdb.com/w/2023-04-01_-_Pan-Pot_@_Time_Warp,_Mannheim,_Germany",,15,050,DJ Rush,Get On Up (Dave Simon Edit) [Proper Techno Tunes],DJ Rush - Get On Up (Dave Simon Edit) [Proper Techno Tunes]
"2023-04-01 - Pan-Pot @ Time Warp, Mannheim, Germany","https://www.mixesdb.com/w/2023-04-01_-_Pan-Pot_@_Time_Warp,_Mannheim,_Germany",,16,053,Industrialyzer,Snake Whisperer [Rekids],Industrialyzer - Snake Whisperer [Rekids]
"2023-04-01 - Pan-Pot @ Time Warp, Mannheim, Germany","https://www.mixesdb.com/w/2023-04-01_-_Pan-Pot_@_Time_Warp,_Mannheim,_Germany",,17,058,Eli Brown,Make You Freak [Drumcode],Eli Brown - Make You Freak [Drumcode]
"2023-04-01 - Pan-Pot @ Time Warp, Mannheim, Germany","https://www.mixesdb.com/w/2023-04-01_-_Pan-Pot_@_Time_Warp,_Mannheim,_Germany",,18,061,Harvey McKay,Balter,Harvey McKay - Balter
"2023-04-01 - Pan-Pot @ Time Warp, Mannheim, Germany","https://www.mixesdb.com/w/2023-04-01_-_Pan-Pot_@_Time_Warp,_Mannheim,_Germany",,19,064,Frank Biazzi,Interjection [Tronic],Frank Biazzi - Interjection [Tronic]
"2023-04-01 - Pan-Pot @ Time Warp, Mannheim, Germany","https://www.mixesdb.com/w/2023-04-01_-_Pan-Pot_@_Time_Warp,_Mannheim,_Germany",,20,067,Rok,Blue Flame,Rok - Blue Flame
"2023-04-01 - Pan-Pot @ Time Warp, Mannheim, Germany","https://www.mixesdb.com/w/2023-04-01_-_Pan-Pot_@_Time_Warp,_Mannheim,_Germany",,21,071,Lowerzone,Eating Music [Odd],Lowerzone - Eating Music [Odd]
"2023-04-01 - Pan-Pot @ Time Warp, Mannheim, Germany","https://www.mixesdb.com/w/2023-04-01_-_Pan-Pot_@_Time_Warp,_Mannheim,_Germany",,22,073,Dave Angel,Glide [Rekids],Dave Angel - Glide [Rekids]
"2023-04-01 - Pan-Pot @ Time Warp, Mannheim, Germany","https://www.mixesdb.com/w/2023-04-01_-_Pan-Pot_@_Time_Warp,_Mannheim,_Germany",,23,076,Pan-Pot Feat. Hugh Betcha,PROTO [Second State],Pan-Pot Feat. Hugh Betcha - PROTO [Second State]
"2023-04-01 - Pan-Pot @ Time Warp, Mannheim, Germany","https://www.mixesdb.com/w/2023-04-01_-_Pan-Pot_@_Time_Warp,_Mannheim,_Germany",,24,079,,?,?
"2023-04-01 - Pan-Pot @ Time Warp, Mannheim, Germany","https://www.mixesdb.com/w/2023-04-01_-_Pan-Pot_@_Time_Warp,_Mannheim,_Germany",,25,083,FJAAK,Madlock [SPANDAU20],FJAAK - Madlock [SPANDAU20]
"2023-04-01 - Pan-Pot @ Time Warp, Mannheim, Germany","https://www.mixesdb.com/w/2023-04-01_-_Pan-Pot_@_Time_Warp,_Mannheim,_Germany",,26,087,Lowerzone,F-Ck This [JAM],Lowerzone - F-Ck This [JAM]
"2023-04-01 - Pan-Pot @ Time Warp, Mannheim, Germany","https://www.mixesdb.com/w/2023-04-01_-_Pan-Pot_@_Time_Warp,_Mannheim,_Germany",,27,090,Keith Carnal,Cancel Culture [Second Degree],Keith Carnal - Cancel Culture [Second Degree]
"2023-04-01 - Pan-Pot @ Time Warp, Mannheim, Germany","https://www.mixesdb.com/w/2023-04-01_-_Pan-Pot_@_Time_Warp,_Mannheim,_Germany",,28,094,Mark Porter,Your Future Is (Extended Mix) [Electric Ballroom],Mark Porter - Your Future Is (Extended Mix) [Electric Ballroom]
"2023-04-01 - Pan-Pot @ Time Warp, Mannheim, Germany","https://www.mixesdb.com/w/2023-04-01_-_Pan-Pot_@_Time_Warp,_Mannheim,_Germany",,29,098,Richie Hawtin,Minus/Orange 1 [Minus],Richie Hawtin - Minus/Orange 1 [Minus]
"2023-04-01 - Pan-Pot @ Time Warp, Mannheim, Germany","https://www.mixesdb.com/w/2023-04-01_-_Pan-Pot_@_Time_Warp,_Mannheim,_Germany",,30,101,,?,?
"2023-04-01 - Pan-Pot @ Time Warp, Mannheim, Germany","https://www.mixesdb.com/w/2023-04-01_-_Pan-Pot_@_Time_Warp,_Mannheim,_Germany",,31,104,Eats Everything,Trade (BEC Remix) [Ei8ht],Eats Everything - Trade (BEC Remix) [Ei8ht]
"2023-04-01 - Pan-Pot @ Time Warp, Mannheim, Germany","https://www.mixesdb.com/w/2023-04-01_-_Pan-Pot_@_Time_Warp,_Mannheim,_Germany",,32,107,Luigi Madonna & Roberto Capuano,Midfield [Second State Audio],Luigi Madonna & Roberto Capuano - Midfield [Second State Audio]
"2023-04-01 - Pan-Pot @ Time Warp, Mannheim, Germany","https://www.mixesdb.com/w/2023-04-01_-_Pan-Pot_@_Time_Warp,_Mannheim,_Germany",,33,111,,?,?
"2023-04-01 - Pan-Pot @ Time Warp, Mannheim, Germany","https://www.mixesdb.com/w/2023-04-01_-_Pan-Pot_@_Time_Warp,_Mannheim,_Germany",,34,115,Ben Gibson,Terminal [NewRhythmic],Ben Gibson - Terminal [NewRhythmic]
"2023-04-01 - Pan-Pot @ Time Warp, Mannheim, Germany","https://www.mixesdb.com/w/2023-04-01_-_Pan-Pot_@_Time_Warp,_Mannheim,_Germany",,35,119,Youri Parker And Danny Corten,Reactivate [Bonzai Classics],Youri Parker And Danny Corten - Reactivate [Bonzai Classics]
"2007-10-20 - Anja Schneider, Pan-Pot @ Dance Under The Blue Moon","https://www.mixesdb.com/w/2007-10-20_-_Anja_Schneider,_Pan-Pot_@_Dance_Under_The_Blue_Moon",Anja Schneider,1,,,Kabale & Liebe & Daniel Sanchez (Mumbling Yeah) [Remote Area],Kabale & Liebe & Daniel Sanchez (Mumbling Yeah) [Remote Area]
"2007-10-20 - Anja Schneider, Pan-Pot @ Dance Under The Blue Moon","https://www.mixesdb.com/w/2007-10-20_-_Anja_Schneider,_Pan-Pot_@_Dance_Under_The_Blue_Moon",Anja Schneider,2,,Anja Schneider,Mole [Mobilee],Anja Schneider - Mole [Mobilee]
"2007-10-20 - Anja Schneider, Pan-Pot @ Dance Under The Blue Moon","https://www.mixesdb.com/w/2007-10-20_-_Anja_Schneider,_Pan-Pot_@_Dance_Under_The_Blue_Moon",Anja Schneider,3,,Pan-Pot,Crank [Mobilee],Pan-Pot - Crank [Mobilee]
"2007-10-20 - Anja Schneider, Pan-Pot @ Dance Under The Blue Moon","https://www.mixesdb.com/w/2007-10-20_-_Anja_Schneider,_Pan-Pot_@_Dance_Under_The_Blue_Moon",Anja Schneider,4,,Raudive,Magnetic [Music Man],Raudive - Magnetic [Music Man]
"2007-10-20 - Anja Schneider, Pan-Pot @ Dance Under The Blue Moon","https://www.mixesdb.com/w/2007-10-20_-_Anja_Schneider,_Pan-Pot_@_Dance_Under_The_Blue_Moon",Anja Schneider,5,,Marc Antona & Anthony Collins,Sharks [Micro Fibre],Marc Antona & Anthony Collins - Sharks [Micro Fibre]
"2007-10-20 - Anja Schneider, Pan-Pot @ Dance Under The Blue Moon","https://www.mixesdb.com/w/2007-10-20_-_Anja_Schneider,_Pan-Pot_@_Dance_Under_The_Blue_Moon",Anja Schneider,6,,Catz 'n' Dogz,Searching [Leena Music 02],Catz 'n' Dogz - Searching [Leena Music 02]
"2007-10-20 - Anja Schneider, Pan-Pot @ Dance Under The Blue Moon","https://www.mixesdb.com/w/2007-10-20_-_Anja_Schneider,_Pan-Pot_@_Dance_Under_The_Blue_Moon",Anja Schneider,7,,Andreas Jornvil,Bitch Fuck,Andreas Jornvil - Bitch Fuck
"2007-10-20 - Anja Schneider, Pan-Pot @ Dance Under The Blue Moon","https://www.mixesdb.com/w/2007-10-20_-_Anja_Schneider,_Pan-Pot_@_Dance_Under_The_Blue_Moon",Anja Schneider,8,,Pan-Pot,Charly [Mobilee 030],Pan-Pot - Charly [Mobilee 030]
"2007-10-20 - Anja Schneider, Pan-Pot @ Dance Under The Blue Moon","https://www.mixesdb.com/w/2007-10-20_-_Anja_Schneider,_Pan-Pot_@_Dance_Under_The_Blue_Moon",Anja Schneider,9,,Philipp Sherburne,Lumumber Jackin [Lan Muzik],Philipp Sherburne - Lumumber Jackin [Lan Muzik]
"2007-10-20 - Anja Schneider, Pan-Pot @ Dance Under The Blue Moon","https://www.mixesdb.com/w/2007-10-20_-_Anja_Schneider,_Pan-Pot_@_Dance_Under_The_Blue_Moon",Anja Schneider,10,,Dapayk & Padberg,Black Beauty (Dapayks After Hour Edit) [Mos Ferry],Dapayk & Padberg - Black Beauty (Dapayks After Hour Edit) [Mos Ferry]
"2007-10-20 - Anja Schneider, Pan-Pot @ Dance Under The Blue Moon","https://www.mixesdb.com/w/2007-10-20_-_Anja_Schneider,_Pan-Pot_@_Dance_Under_The_Blue_Moon",Pan-Pot,1,,Pan-Pot,Ape Shall Never Kill Ape,Pan-Pot - Ape Shall Never Kill Ape
"2007-10-20 - Anja Schneider, Pan-Pot @ Dance Under The Blue Moon","https://www.mixesdb.com/w/2007-10-20_-_Anja_Schneider,_Pan-Pot_@_Dance_Under_The_Blue_Moon",Pan-Pot,2,,False,Fed On Youth,False - Fed On Youth
"2007-10-20 - Anja Schneider, Pan-Pot @ Dance Under The Blue Moon","https://www.mixesdb.com/w/2007-10-20_-_Anja_Schneider,_Pan-Pot_@_Dance_Under_The_Blue_Moon",Pan-Pot,3,,Aural Distortion,Plasma [Peter Dildo Remix],Aural Distortion - Plasma [Peter Dildo Remix]
"2007-10-20 - Anja Schneider, Pan-Pot @ Dance Under The Blue Moon","https://www.mixesdb.com/w/2007-10-20_-_Anja_Schneider,_Pan-Pot_@_Dance_Under_The_Blue_Moon",Pan-Pot,4,,The Skull,All You Booty Shakers,The Skull - All You Booty Shakers
"2007-10-20 - Anja Schneider, Pan-Pot @ Dance Under The Blue Moon","https://www.mixesdb.com/w/2007-10-20_-_Anja_Schneider,_Pan-Pot_@_Dance_Under_The_Blue_Moon",Pan-Pot,5,,Marco Carola,Feel It,Marco Carola - Feel It
"2007-10-20 - Anja Schneider, Pan-Pot @ Dance Under The Blue Moon","https://www.mixesdb.com/w/2007-10-20_-_Anja_Schneider,_Pan-Pot_@_Dance_Under_The_Blue_Moon",Pan-Pot,6,,Samuel L Session,The Stick Up [SLS Remix],Samuel L Session - The Stick Up [SLS Remix]
"2007-10-20 - Anja Schneider, Pan-Pot @ Dance Under The Blue Moon","https://www.mixesdb.com/w/2007-10-20_-_Anja_Schneider,_Pan-Pot_@_Dance_Under_The_Blue_Moon",Pan-Pot,7,,Pan-Pot,Charly,Pan-Pot - Charly
"2007-10-20 - Anja Schneider, Pan-Pot @ Dance Under The Blue Moon","https://www.mixesdb.com/w/2007-10-20_-_Anja_Schneider,_Pan-Pot_@_Dance_Under_The_Blue_Moon",Pan-Pot,8,,Adam Beyer,China Girl,Adam Beyer - China Girl
"2007-10-20 - Anja Schneider, Pan-Pot @ Dance Under The Blue Moon","https://www.mixesdb.com/w/2007-10-20_-_Anja_Schneider,_Pan-Pot_@_Dance_Under_The_Blue_Moon",Pan-Pot,9,,Wacker & Zittrich,Rough Collies [Anthony Collins Remix],Wacker & Zittrich - Rough Collies [Anthony Collins Remix]
"2007-10-20 - Anja Schneider, Pan-Pot @ Dance Under The Blue Moon","https://www.mixesdb.com/w/2007-10-20_-_Anja_Schneider,_Pan-Pot_@_Dance_Under_The_Blue_Moon",Pan-Pot,10,,Plan Tec,Espias Psiquicios [Jonas Kopp Remix],Plan Tec - Espias Psiquicios [Jonas Kopp Remix]
"2007-10-20 - Anja Schneider, Pan-Pot @ Dance Under The Blue Moon","https://www.mixesdb.com/w/2007-10-20_-_Anja_Schneider,_Pan-Pot_@_Dance_Under_The_Blue_Moon",Pan-Pot,11,,Jitzu,Cyclette [Anna Remix],Jitzu - Cyclette [Anna Remix]
"2007-10-20 - Anja Schneider, Pan-Pot @ Dance Under The Blue Moon","https://www.mixesdb.com/w/2007-10-20_-_Anja_Schneider,_Pan-Pot_@_Dance_Under_The_Blue_Moon",Pan-Pot,12,,Pheek,Orage Solaire [Tim Xavier Remix],Pheek - Orage Solaire [Tim Xavier Remix]
"2007-10-20 - Anja Schneider, Pan-Pot @ Dance Under The Blue Moon","https://www.mixesdb.com/w/2007-10-20_-_Anja_Schneider,_Pan-Pot_@_Dance_Under_The_Blue_Moon",Pan-Pot,13,,Marek Hemman,Lowdown,Marek Hemman - Lowdown
"2007-10-20 - Anja Schneider, Pan-Pot @ Dance Under The Blue Moon","https://www.mixesdb.com/w/2007-10-20_-_Anja_Schneider,_Pan-Pot_@_Dance_Under_The_Blue_Moon",Pan-Pot,14,,Mountain People,Mountain 004,Mountain People - Mountain 004
"2011-06-25 - Anja Schneider, Pan-Pot - Dance Under The Blue Moon","https://www.mixesdb.com/w/2011-06-25_-_Anja_Schneider,_Pan-Pot_-_Dance_Under_The_Blue_Moon",Anja Schneider,1,,Agaric,Who Made Up The Rules (Josh Wink Remix) [Ovum],Agaric - Who Made Up The Rules (Josh Wink Remix) [Ovum]
"2011-06-25 - Anja Schneider, Pan-Pot - Dance Under The Blue Moon","https://www.mixesdb.com/w/2011-06-25_-_Anja_Schneider,_Pan-Pot_-_Dance_Under_The_Blue_Moon",Anja Schneider,2,,Vincenzo,Seduction (Jimpster Remix) [Dessous],Vincenzo - Seduction (Jimpster Remix) [Dessous]
"2011-06-25 - Anja Schneider, Pan-Pot - Dance Under The Blue Moon","https://www.mixesdb.com/w/2011-06-25_-_Anja_Schneider,_Pan-Pot_-_Dance_Under_The_Blue_Moon",Anja Schneider,3,,Nikola Gala,Dope Beat [Rekids],Nikola Gala - Dope Beat [Rekids]
"2011-06-25 - Anja Schneider, Pan-Pot - Dance Under The Blue Moon","https://www.mixesdb.com/w/2011-06-25_-_Anja_Schneider,_Pan-Pot_-_Dance_Under_The_Blue_Moon",Anja Schneider,4,,&ME,Clamb [Saved],&ME - Clamb [Saved]
"2011-06-25 - Anja Schneider, Pan-Pot - Dance Under The Blue Moon","https://www.mixesdb.com/w/2011-06-25_-_Anja_Schneider,_Pan-Pot_-_Dance_Under_The_Blue_Moon",Anja Schneider,5,,Jamie Jones,Wiff It Yall [Get Physical],Jamie Jones - Wiff It Yall [Get Physical]
"2011-06-25 - Anja Schneider, Pan-Pot - Dance Under The Blue Moon","https://www.mixesdb.com/w/2011-06-25_-_Anja_Schneider,_Pan-Pot_-_Dance_Under_The_Blue_Moon",Anja Schneider,6,,Totally Enourmus Extinct Dinosaurs,Trouble (Jamie Jones Mix) [Parlaphone],Totally Enourmus Extinct Dinosaurs - Trouble (Jamie Jones Mix) [Parlaphone]
"2011-06-25 - Anja Schneider, Pan-Pot - Dance Under The Blue Moon","https://www.mixesdb.com/w/2011-06-25_-_Anja_Schneider,_Pan-Pot_-_Dance_Under_The_Blue_Moon",Anja Schneider,7,,Solomun,What The Funk [Get Physical],Solomun - What The Funk [Get Physical]
"2011-06-25 - Anja Schneider, Pan-Pot - Dance Under The Blue Moon","https://www.mixesdb.com/w/2011-06-25_-_Anja_Schneider,_Pan-Pot_-_Dance_Under_The_Blue_Moon",Anja Schneider,8,,Osunlade,Envision (Dixon Remix) [Innervisions],Osunlade - Envision (Dixon Remix) [Innervisions]
"2011-06-25 - Anja Schneider, Pan-Pot - Dance Under The Blue Moon","https://www.mixesdb.com/w/2011-06-25_-_Anja_Schneider,_Pan-Pot_-_Dance_Under_The_Blue_Moon",Anja Schneider,9,,Anja Schneider & And.id,Imagination [Get Physical],Anja Schneider & And.id - Imagination [Get Physical]
"2011-06-25 - Anja Schneider, Pan-Pot - Dance Under The Blue Moon","https://www.mixesdb.com/w/2011-06-25_-_Anja_Schneider,_Pan-Pot_-_Dance_Under_The_Blue_Moon",Pan-Pot,1,,dOP,Your Sex [Supplement Facts],dOP - Your Sex [Supplement Facts]
"2011-06-25 - Anja Schneider, Pan-Pot - Dance Under The Blue Moon","https://www.mixesdb.com/w/2011-06-25_-_Anja_Schneider,_Pan-Pot_-_Dance_Under_The_Blue_Moon",Pan-Pot,2,,D-Nox & Beckers,You Are Feat. Mygod [Tronic],D-Nox & Beckers - You Are Feat. Mygod [Tronic]
"2011-06-25 - Anja Schneider, Pan-Pot - Dance Under The Blue Moon","https://www.mixesdb.com/w/2011-06-25_-_Anja_Schneider,_Pan-Pot_-_Dance_Under_The_Blue_Moon",Pan-Pot,3,,"Dubfire, Huntemann",Terra [Ideal],"Dubfire, Huntemann - Terra [Ideal]"
"2011-06-25 - Anja Schneider, Pan-Pot - Dance Under The Blue Moon","https://www.mixesdb.com/w/2011-06-25_-_Anja_Schneider,_Pan-Pot_-_Dance_Under_The_Blue_Moon",Pan-Pot,4,,The Timewriter,Pasodoble (And.id Remix) [Plastic City],The Timewriter - Pasodoble (And.id Remix) [Plastic City]
"2011-06-25 - Anja Schneider, Pan-Pot - Dance Under The Blue Moon","https://www.mixesdb.com/w/2011-06-25_-_Anja_Schneider,_Pan-Pot_-_Dance_Under_The_Blue_Moon",Pan-Pot,5,,Bushwacka,Westside,Bushwacka - Westside
"2011-06-25 - Anja Schneider, Pan-Pot - Dance Under The Blue Moon","https://www.mixesdb.com/w/2011-06-25_-_Anja_Schneider,_Pan-Pot_-_Dance_Under_The_Blue_Moon",Pan-Pot,6,,Alan Fitzpatrick & Adam Beyer,Tor [Drumcode],Alan Fitzpatrick & Adam Beyer - Tor [Drumcode]
"2011-06-25 - Anja Schneider, Pan-Pot - Dance Under The Blue Moon","https://www.mixesdb.com/w/2011-06-25_-_Anja_Schneider,_Pan-Pot_-_Dance_Under_The_Blue_Moon",Pan-Pot,7,,Pär Grindvik,Sininster (Gary Beck Remix) Sinister,Pär Grindvik - Sininster (Gary Beck Remix) Sinister
"2011-06-25 - Anja Schneider, Pan-Pot - Dance Under The Blue Moon","https://www.mixesdb.com/w/2011-06-25_-_Anja_Schneider,_Pan-Pot_-_Dance_Under_The_Blue_Moon",Pan-Pot,8,,Truncate,Concentrate [Truncate],Truncate - Concentrate [Truncate]
"2013-07-19 - Carl Cox (Sands, Space), Pan-Pot (Space) - Global 539","https://www.mixesdb.com/w/2013-07-19_-_Carl_Cox_(Sands,_Space),_Pan-Pot_(Space)_-_Global_539",,1,000,Massive Attack,Unfinished Sympathy (Kamouflage Loves Fred Remix),Massive Attack - Unfinished Sympathy (Kamouflage Loves Fred Remix)
"2013-07-19 - Carl Cox (Sands, Space), Pan-Pot (Space) - Global 539","https://www.mixesdb.com/w/2013-07-19_-_Carl_Cox_(Sands,_Space),_Pan-Pot_(Space)_-_Global_539",,2,005,Mr. Fingers,Can You Feel It?,Mr. Fingers - Can You Feel It?
"2013-07-19 - Carl Cox (Sands, Space), Pan-Pot (Space) - Global 539","https://www.mixesdb.com/w/2013-07-19_-_Carl_Cox_(Sands,_Space),_Pan-Pot_(Space)_-_Global_539",,3,007,Guti,Ieuuuu [Desolat - 009],Guti - Ieuuuu [Desolat - 009]
"2013-07-19 - Carl Cox (Sands, Space), Pan-Pot (Space) - Global 539","https://www.mixesdb.com/w/2013-07-19_-_Carl_Cox_(Sands,_Space),_Pan-Pot_(Space)_-_Global_539",,4,010,Aly Us,Follow Me (Club Mix) [Strictly Rhythm - SR 1288D],Aly Us - Follow Me (Club Mix) [Strictly Rhythm - SR 1288D]
"2013-07-19 - Carl Cox (Sands, Space), Pan-Pot (Space) - Global 539","https://www.mixesdb.com/w/2013-07-19_-_Carl_Cox_(Sands,_Space),_Pan-Pot_(Space)_-_Global_539",,5,014,Sister Sledge,He's The Greatest,Sister Sledge - He's The Greatest
"2013-07-19 - Carl Cox (Sands, Space), Pan-Pot (Space) - Global 539","https://www.mixesdb.com/w/2013-07-19_-_Carl_Cox_(Sands,_Space),_Pan-Pot_(Space)_-_Global_539",,6,016,Mother,All Funked Up,Mother - All Funked Up
"2013-07-19 - Carl Cox (Sands, Space), Pan-Pot (Space) - Global 539","https://www.mixesdb.com/w/2013-07-19_-_Carl_Cox_(Sands,_Space),_Pan-Pot_(Space)_-_Global_539",,7,019,The Nightcrawlers,Push The Feeling On (Dub Of Doom),The Nightcrawlers - Push The Feeling On (Dub Of Doom)
"2013-07-19 - Carl Cox (Sands, Space), Pan-Pot (Space) - Global 539","https://www.mixesdb.com/w/2013-07-19_-_Carl_Cox_(Sands,_Space),_Pan-Pot_(Space)_-_Global_539",,8,022,Mark Fanciulli,Sacrifice,Mark Fanciulli - Sacrifice
"2013-07-19 - Carl Cox (Sands, Space), Pan-Pot (Space) - Global 539","https://www.mixesdb.com/w/2013-07-19_-_Carl_Cox_(Sands,_Space),_Pan-Pot_(Space)_-_Global_539",,9,026,Aloe Blacc,I Need A Dollar,Aloe Blacc - I Need A Dollar
"2013-07-19 - Carl Cox (Sands, Space), Pan-Pot (Space) - Global 539","https://www.mixesdb.com/w/2013-07-19_-_Carl_Cox_(Sands,_Space),_Pan-Pot_(Space)_-_Global_539",,10,028,,?,?
"2013-07-19 - Carl Cox (Sands, Space), Pan-Pot (Space) - Global 539","https://www.mixesdb.com/w/2013-07-19_-_Carl_Cox_(Sands,_Space),_Pan-Pot_(Space)_-_Global_539",,11,033,,?,?
"2013-07-19 - Carl Cox (Sands, Space), Pan-Pot (Space) - Global 539","https://www.mixesdb.com/w/2013-07-19_-_Carl_Cox_(Sands,_Space),_Pan-Pot_(Space)_-_Global_539",,12,035,Tony Dee,Nightwalk [Agile - 021],Tony Dee - Nightwalk [Agile - 021]
"2013-07-19 - Carl Cox (Sands, Space), Pan-Pot (Space) - Global 539","https://www.mixesdb.com/w/2013-07-19_-_Carl_Cox_(Sands,_Space),_Pan-Pot_(Space)_-_Global_539",,13,040,Green Velvet,Destination Unknown (Carl Craig's C2 Detroit-Chicago Unity Dub),Green Velvet - Destination Unknown (Carl Craig's C2 Detroit-Chicago Unity Dub)
"2013-07-19 - Carl Cox (Sands, Space), Pan-Pot (Space) - Global 539","https://www.mixesdb.com/w/2013-07-19_-_Carl_Cox_(Sands,_Space),_Pan-Pot_(Space)_-_Global_539",,14,047,,?,?
"2013-07-19 - Carl Cox (Sands, Space), Pan-Pot (Space) - Global 539","https://www.mixesdb.com/w/2013-07-19_-_Carl_Cox_(Sands,_Space),_Pan-Pot_(Space)_-_Global_539",,15,052,,?,?
"2013-07-19 - Carl Cox (Sands, Space), Pan-Pot (Space) - Global 539","https://www.mixesdb.com/w/2013-07-19_-_Carl_Cox_(Sands,_Space),_Pan-Pot_(Space)_-_Global_539",,16,056,Pig&Dan,On A Train Update (Christian Smith Remix) [Elevate],Pig&Dan - On A Train Update (Christian Smith Remix) [Elevate]
"2013-07-19 - Carl Cox (Sands, Space), Pan-Pot (Space) - Global 539","https://www.mixesdb.com/w/2013-07-19_-_Carl_Cox_(Sands,_Space),_Pan-Pot_(Space)_-_Global_539",,17,060,Mr. G,Lights (G's Out Dub) [Defected],Mr. G - Lights (G's Out Dub) [Defected]
"2013-07-19 - Carl Cox (Sands, Space), Pan-Pot (Space) - Global 539","https://www.mixesdb.com/w/2013-07-19_-_Carl_Cox_(Sands,_Space),_Pan-Pot_(Space)_-_Global_539",,18,065,Steve Mac,City Break [Black Rock - BLK 0001],Steve Mac - City Break [Black Rock - BLK 0001]
"2013-07-19 - Carl Cox (Sands, Space), Pan-Pot (Space) - Global 539","https://www.mixesdb.com/w/2013-07-19_-_Carl_Cox_(Sands,_Space),_Pan-Pot_(Space)_-_Global_539",,19,068,Coyu,La Rola [Suara],Coyu - La Rola [Suara]
"2013-07-19 - Carl Cox (Sands, Space), Pan-Pot (Space) - Global 539","https://www.mixesdb.com/w/2013-07-19_-_Carl_Cox_(Sands,_Space),_Pan-Pot_(Space)_-_Global_539",,20,072,Just Be,After Midnight [Intec],Just Be - After Midnight [Intec]
"2013-07-19 - Carl Cox (Sands, Space), Pan-Pot (Space) - Global 539","https://www.mixesdb.com/w/2013-07-19_-_Carl_Cox_(Sands,_Space),_Pan-Pot_(Space)_-_Global_539",,21,076,Technasia vs Mark Fanciulli,Heart Of Flesh vs The Tide (Mark Fanciulli Mashup),Technasia vs Mark Fanciulli - Heart Of Flesh vs The Tide (Mark Fanciulli Mashup)
"2013-07-19 - Carl Cox (Sands, Space), Pan-Pot (Space) - Global 539","https://www.mixesdb.com/w/2013-07-19_-_Carl_Cox_(Sands,_Space),_Pan-Pot_(Space)_-_Global_539",,22,081,Paride Saraceni,Spring Changes [Unreleased],Paride Saraceni - Spring Changes [Unreleased]
"2013-07-19 - Carl Cox (Sands, Space), Pan-Pot (Space) - Global 539","https://www.mixesdb.com/w/2013-07-19_-_Carl_Cox_(Sands,_Space),_Pan-Pot_(Space)_-_Global_539",,23,084,Tanov,Mahido (Circus Beats Version) [Cr2],Tanov - Mahido (Circus Beats Version) [Cr2]
"2013-07-19 - Carl Cox (Sands, Space), Pan-Pot (Space) - Global 539","https://www.mixesdb.com/w/2013-07-19_-_Carl_Cox_(Sands,_Space),_Pan-Pot_(Space)_-_Global_539",,24,088,"Collective Machine, Spencer K",El Roncho [KD],"Collective Machine, Spencer K - El Roncho [KD]"
"2013-07-19 - Carl Cox (Sands, Space), Pan-Pot (Space) - Global 539","https://www.mixesdb.com/w/2013-07-19_-_Carl_Cox_(Sands,_Space),_Pan-Pot_(Space)_-_Global_539",,25,091,Chris Count,The Keeper Is Jack,Chris Count - The Keeper Is Jack
"2013-07-19 - Carl Cox (Sands, Space), Pan-Pot (Space) - Global 539","https://www.mixesdb.com/w/2013-07-19_-_Carl_Cox_(Sands,_Space),_Pan-Pot_(Space)_-_Global_539",,26,095,David Glass,Gimme Some [Circus - 022],David Glass - Gimme Some [Circus - 022]
"2013-07-19 - Carl Cox (Sands, Space), Pan-Pot (Space) - Global 539","https://www.mixesdb.com/w/2013-07-19_-_Carl_Cox_(Sands,_Space),_Pan-Pot_(Space)_-_Global_539",,27,098,Giuseppe Favia,Techno Trumpet [MENNYFASANO - MFR 041],Giuseppe Favia - Techno Trumpet [MENNYFASANO - MFR 041]
"2013-07-19 - Carl Cox (Sands, Space), Pan-Pot (Space) - Global 539","https://www.mixesdb.com/w/2013-07-19_-_Carl_Cox_(Sands,_Space),_Pan-Pot_(Space)_-_Global_539",,28,100,Christian Smitih,Submission [Tronic - TR 103],Christian Smitih - Submission [Tronic - TR 103]
"2013-07-19 - Carl Cox (Sands, Space), Pan-Pot (Space) - Global 539","https://www.mixesdb.com/w/2013-07-19_-_Carl_Cox_(Sands,_Space),_Pan-Pot_(Space)_-_Global_539",,29,105,Dubbler,Bassement (Redhead Remix) [Naked Lunch],Dubbler - Bassement (Redhead Remix) [Naked Lunch]
"2013-07-19 - Carl Cox (Sands, Space), Pan-Pot (Space) - Global 539","https://www.mixesdb.com/w/2013-07-19_-_Carl_Cox_(Sands,_Space),_Pan-Pot_(Space)_-_Global_539",,30,108,M.R.T.N.,Noordwester (Steve Mulder Remix) [Refuge Digital - SGR 6015861],M.R.T.N. - Noordwester (Steve Mulder Remix) [Refuge Digital - SGR 6015861]
"2014-08-01 - Mano Le Tough, Pan-Pot, Carl Cox (Ibiza) - Global 593","https://www.mixesdb.com/w/2014-08-01_-_Mano_Le_Tough,_Pan-Pot,_Carl_Cox_(Ibiza)_-_Global_593","2014-07-15 - Mano Le Tough @ Music Is Revolution, Space, Ibiza",1,000,,Intro,Intro
"2014-08-01 - Mano Le Tough, Pan-Pot, Carl Cox (Ibiza) - Global 593","https://www.mixesdb.com/w/2014-08-01_-_Mano_Le_Tough,_Pan-Pot,_Carl_Cox_(Ibiza)_-_Global_593","2014-07-15 - Mano Le Tough @ Music Is Revolution, Space, Ibiza",2,001,Radio Slave,Don't Stop No Sleep,Radio Slave - Don't Stop No Sleep
"2014-08-01 - Mano Le Tough, Pan-Pot, Carl Cox (Ibiza) - Global 593","https://www.mixesdb.com/w/2014-08-01_-_Mano_Le_Tough,_Pan-Pot,_Carl_Cox_(Ibiza)_-_Global_593","2014-07-15 - Mano Le Tough @ Music Is Revolution, Space, Ibiza",3,006,Rekord 61,Vostok (Spencer Parker Workmix) [Konstruktiv - KONSTRUKT 007],Rekord 61 - Vostok (Spencer Parker Workmix) [Konstruktiv - KONSTRUKT 007]
"2014-08-01 - Mano Le Tough, Pan-Pot, Carl Cox (Ibiza) - Global 593","https://www.mixesdb.com/w/2014-08-01_-_Mano_Le_Tough,_Pan-Pot,_Carl_Cox_(Ibiza)_-_Global_593","2014-07-15 - Mano Le Tough @ Music Is Revolution, Space, Ibiza",4,011,Answer Code Request,The 4th Verdict [Ostgut Ton - O-TON 075],Answer Code Request - The 4th Verdict [Ostgut Ton - O-TON 075]
"2014-08-01 - Mano Le Tough, Pan-Pot, Carl Cox (Ibiza) - Global 593","https://www.mixesdb.com/w/2014-08-01_-_Mano_Le_Tough,_Pan-Pot,_Carl_Cox_(Ibiza)_-_Global_593","2014-07-15 - Mano Le Tough @ Music Is Revolution, Space, Ibiza",5,014,,?,?
"2014-08-01 - Mano Le Tough, Pan-Pot, Carl Cox (Ibiza) - Global 593","https://www.mixesdb.com/w/2014-08-01_-_Mano_Le_Tough,_Pan-Pot,_Carl_Cox_(Ibiza)_-_Global_593","2014-07-15 - Mano Le Tough @ Music Is Revolution, Space, Ibiza",6,018,Moderat,Bad Kingdom (DJ Koze Remix) [Monkeytown - MKTXTR 001],Moderat - Bad Kingdom (DJ Koze Remix) [Monkeytown - MKTXTR 001]
"2014-08-01 - Mano Le Tough, Pan-Pot, Carl Cox (Ibiza) - Global 593","https://www.mixesdb.com/w/2014-08-01_-_Mano_Le_Tough,_Pan-Pot,_Carl_Cox_(Ibiza)_-_Global_593","2014-07-15 - Mano Le Tough @ Music Is Revolution, Space, Ibiza",7,021,Barnt,Chappell [Out Soon On Hinge Finge],Barnt - Chappell [Out Soon On Hinge Finge]
"2014-08-01 - Mano Le Tough, Pan-Pot, Carl Cox (Ibiza) - Global 593","https://www.mixesdb.com/w/2014-08-01_-_Mano_Le_Tough,_Pan-Pot,_Carl_Cox_(Ibiza)_-_Global_593","2014-07-15 - Mano Le Tough @ Music Is Revolution, Space, Ibiza",8,025,Dan Croll,From Nowhere (Âme Remix) [Unreleased],Dan Croll - From Nowhere (Âme Remix) [Unreleased]
"2014-08-01 - Mano Le Tough, Pan-Pot, Carl Cox (Ibiza) - Global 593","https://www.mixesdb.com/w/2014-08-01_-_Mano_Le_Tough,_Pan-Pot,_Carl_Cox_(Ibiza)_-_Global_593","2014-07-15 - Pan-Pot @ Music Is Revolution, Space, Ibiza",1,027,Chus & Ceballos,La Colombiana (Matt Sassari Remix) [Tronic - TR 146],Chus & Ceballos - La Colombiana (Matt Sassari Remix) [Tronic - TR 146]
"2014-08-01 - Mano Le Tough, Pan-Pot, Carl Cox (Ibiza) - Global 593","https://www.mixesdb.com/w/2014-08-01_-_Mano_Le_Tough,_Pan-Pot,_Carl_Cox_(Ibiza)_-_Global_593","2014-07-15 - Pan-Pot @ Music Is Revolution, Space, Ibiza",2,030,Leonardo Gonnelli,Kluster N123 [Great Stuff - GSR 220],Leonardo Gonnelli - Kluster N123 [Great Stuff - GSR 220]
"2014-08-01 - Mano Le Tough, Pan-Pot, Carl Cox (Ibiza) - Global 593","https://www.mixesdb.com/w/2014-08-01_-_Mano_Le_Tough,_Pan-Pot,_Carl_Cox_(Ibiza)_-_Global_593","2014-07-15 - Pan-Pot @ Music Is Revolution, Space, Ibiza",3,032,"Dubfire, Miss Kittin",Exit,"Dubfire, Miss Kittin - Exit"
"2014-08-01 - Mano Le Tough, Pan-Pot, Carl Cox (Ibiza) - Global 593","https://www.mixesdb.com/w/2014-08-01_-_Mano_Le_Tough,_Pan-Pot,_Carl_Cox_(Ibiza)_-_Global_593","2014-07-15 - Pan-Pot @ Music Is Revolution, Space, Ibiza",4,034,,?,?
"2014-08-01 - Mano Le Tough, Pan-Pot, Carl Cox (Ibiza) - Global 593","https://www.mixesdb.com/w/2014-08-01_-_Mano_Le_Tough,_Pan-Pot,_Carl_Cox_(Ibiza)_-_Global_593","2014-07-15 - Pan-Pot @ Music Is Revolution, Space, Ibiza",5,042,D-Deck,Secret Dumb [Agile - 032],D-Deck - Secret Dumb [Agile - 032]
"2014-08-01 - Mano Le Tough, Pan-Pot, Carl Cox (Ibiza) - Global 593","https://www.mixesdb.com/w/2014-08-01_-_Mano_Le_Tough,_Pan-Pot,_Carl_Cox_(Ibiza)_-_Global_593","2014-07-15 - Pan-Pot @ Music Is Revolution, Space, Ibiza",6,047,Gary Beck,Hold Up [Bek - 018],Gary Beck - Hold Up [Bek - 018]
"2014-08-01 - Mano Le Tough, Pan-Pot, Carl Cox (Ibiza) - Global 593","https://www.mixesdb.com/w/2014-08-01_-_Mano_Le_Tough,_Pan-Pot,_Carl_Cox_(Ibiza)_-_Global_593","2014-07-15 - Pan-Pot @ Music Is Revolution, Space, Ibiza",7,051,The Japanese Popstars,Matter Of Time (Coyu Remix) [Bedrock - BEDTJP01D 3],The Japanese Popstars - Matter Of Time (Coyu Remix) [Bedrock - BEDTJP01D 3]
"2014-08-01 - Mano Le Tough, Pan-Pot, Carl Cox (Ibiza) - Global 593","https://www.mixesdb.com/w/2014-08-01_-_Mano_Le_Tough,_Pan-Pot,_Carl_Cox_(Ibiza)_-_Global_593","2014-0X - Carl Cox @ Music Is Revolution, Space, Ibiza",1,055,Toni Moreno & Manu Gonzalez,Old Way,Toni Moreno & Manu Gonzalez - Old Way
"2014-08-01 - Mano Le Tough, Pan-Pot, Carl Cox (Ibiza) - Global 593","https://www.mixesdb.com/w/2014-08-01_-_Mano_Le_Tough,_Pan-Pot,_Carl_Cox_(Ibiza)_-_Global_593","2014-0X - Carl Cox @ Music Is Revolution, Space, Ibiza",2,060,Claude VonStroke,Eye I Eye [Dirtybird],Claude VonStroke - Eye I Eye [Dirtybird]
"2014-08-01 - Mano Le Tough, Pan-Pot, Carl Cox (Ibiza) - Global 593","https://www.mixesdb.com/w/2014-08-01_-_Mano_Le_Tough,_Pan-Pot,_Carl_Cox_(Ibiza)_-_Global_593","2014-0X - Carl Cox @ Music Is Revolution, Space, Ibiza",3,064,,?,?
"2014-08-01 - Mano Le Tough, Pan-Pot, Carl Cox (Ibiza) - Global 593","https://www.mixesdb.com/w/2014-08-01_-_Mano_Le_Tough,_Pan-Pot,_Carl_Cox_(Ibiza)_-_Global_593","2014-0X - Carl Cox @ Music Is Revolution, Space, Ibiza",4,067,wAFF,Space InvadaZ [Cr2 - ITC2BM 002],wAFF - Space InvadaZ [Cr2 - ITC2BM 002]
"2014-08-01 - Mano Le Tough, Pan-Pot, Carl Cox (Ibiza) - Global 593","https://www.mixesdb.com/w/2014-08-01_-_Mano_Le_Tough,_Pan-Pot,_Carl_Cox_(Ibiza)_-_Global_593","2014-0X - Carl Cox @ Music Is Revolution, Space, Ibiza",5,070,Sergio Fernandez,Into The Deep [Black Flag],Sergio Fernandez - Into The Deep [Black Flag]
"2014-08-01 - Mano Le Tough, Pan-Pot, Carl Cox (Ibiza) - Global 593","https://www.mixesdb.com/w/2014-08-01_-_Mano_Le_Tough,_Pan-Pot,_Carl_Cox_(Ibiza)_-_Global_593","2014-0X - Carl Cox @ Music Is Revolution, Space, Ibiza",6,074,DAST,Architect (HUGE Remix) [Etruria Beat 018],DAST - Architect (HUGE Remix) [Etruria Beat 018]
"2014-08-01 - Mano Le Tough, Pan-Pot, Carl Cox (Ibiza) - Global 593","https://www.mixesdb.com/w/2014-08-01_-_Mano_Le_Tough,_Pan-Pot,_Carl_Cox_(Ibiza)_-_Global_593","2014-0X - Carl Cox @ Music Is Revolution, Space, Ibiza",7,079,Roach Motel,Wild Luv (DJ Pierre Wild Pitch Remix) [Get Physical],Roach Motel - Wild Luv (DJ Pierre Wild Pitch Remix) [Get Physical]
"2014-08-01 - Mano Le Tough, Pan-Pot, Carl Cox (Ibiza) - Global 593","https://www.mixesdb.com/w/2014-08-01_-_Mano_Le_Tough,_Pan-Pot,_Carl_Cox_(Ibiza)_-_Global_593","2014-0X - Carl Cox @ Music Is Revolution, Space, Ibiza",1,084,,?,?
"2014-08-01 - Mano Le Tough, Pan-Pot, Carl Cox (Ibiza) - Global 593","https://www.mixesdb.com/w/2014-08-01_-_Mano_Le_Tough,_Pan-Pot,_Carl_Cox_(Ibiza)_-_Global_593","2014-0X - Carl Cox @ Music Is Revolution, Space, Ibiza",2,086,Sergio Fernandez,Primate Instinct [Black Flag],Sergio Fernandez - Primate Instinct [Black Flag]
"2014-08-01 - Mano Le Tough, Pan-Pot, Carl Cox (Ibiza) - Global 593","https://www.mixesdb.com/w/2014-08-01_-_Mano_Le_Tough,_Pan-Pot,_Carl_Cox_(Ibiza)_-_Global_593","2014-0X - Carl Cox @ Music Is Revolution, Space, Ibiza",3,091,Hinz & Ruhmhardt,Doch [Second State - SNDST 002],Hinz & Ruhmhardt - Doch [Second State - SNDST 002]
"2014-08-01 - Mano Le Tough, Pan-Pot, Carl Cox (Ibiza) - Global 593","https://www.mixesdb.com/w/2014-08-01_-_Mano_Le_Tough,_Pan-Pot,_Carl_Cox_(Ibiza)_-_Global_593","2014-0X - Carl Cox @ Music Is Revolution, Space, Ibiza",4,096,DAST,Deep Down [Etruria Beat],DAST - Deep Down [Etruria Beat]
"2014-08-01 - Mano Le Tough, Pan-Pot, Carl Cox (Ibiza) - Global 593","https://www.mixesdb.com/w/2014-08-01_-_Mano_Le_Tough,_Pan-Pot,_Carl_Cox_(Ibiza)_-_Global_593","2014-0X - Carl Cox @ Music Is Revolution, Space, Ibiza",5,102,"Collective Machine, Marina Karamarko",The Dust,"Collective Machine, Marina Karamarko - The Dust"
"2014-08-01 - Mano Le Tough, Pan-Pot, Carl Cox (Ibiza) - Global 593","https://www.mixesdb.com/w/2014-08-01_-_Mano_Le_Tough,_Pan-Pot,_Carl_Cox_(Ibiza)_-_Global_593","2014-0X - Carl Cox @ Music Is Revolution, Space, Ibiza",6,107,,?,?
2011-03 - Pan-Pot - March Promo Mix,https://www.mixesdb.com/w/2011-03_-_Pan-Pot_-_March_Promo_Mix,,1,,Simon Garcia,Cinematique [Suplemental],Simon Garcia - Cinematique [Suplemental]
2011-03 - Pan-Pot - March Promo Mix,https://www.mixesdb.com/w/2011-03_-_Pan-Pot_-_March_Promo_Mix,,2,,Reuter,Backupinthismother [MBF],Reuter - Backupinthismother [MBF]
2011-03 - Pan-Pot - March Promo Mix,https://www.mixesdb.com/w/2011-03_-_Pan-Pot_-_March_Promo_Mix,,3,,Maetrik Feat. Kule Runner,Snorkel [Cocoon],Maetrik Feat. Kule Runner - Snorkel [Cocoon]
2011-03 - Pan-Pot - March Promo Mix,https://www.mixesdb.com/w/2011-03_-_Pan-Pot_-_March_Promo_Mix,,4,,Booka Shade,Regenerate (Pan-Pot Remix) [Get Physical],Booka Shade - Regenerate (Pan-Pot Remix) [Get Physical]
2011-03 - Pan-Pot - March Promo Mix,https://www.mixesdb.com/w/2011-03_-_Pan-Pot_-_March_Promo_Mix,,5,,Waverdancer,Monika Kruse (Pig&Dan Remix) [Terminal M],Waverdancer - Monika Kruse (Pig&Dan Remix) [Terminal M]
2011-03 - Pan-Pot - March Promo Mix,https://www.mixesdb.com/w/2011-03_-_Pan-Pot_-_March_Promo_Mix,,6,,Sebastian Weiske,Honour To Whom Honour Is Due [Bondage],Sebastian Weiske - Honour To Whom Honour Is Due [Bondage]
2011-03 - Pan-Pot - March Promo Mix,https://www.mixesdb.com/w/2011-03_-_Pan-Pot_-_March_Promo_Mix,,7,,Marc Romboy,The Overture (Egbert Remix) [Tronic],Marc Romboy - The Overture (Egbert Remix) [Tronic]
2011-03 - Pan-Pot - March Promo Mix,https://www.mixesdb.com/w/2011-03_-_Pan-Pot_-_March_Promo_Mix,,8,,Pan-Pot,Black Horse Down [Mobilee],Pan-Pot - Black Horse Down [Mobilee]
2011-03 - Pan-Pot - March Promo Mix,https://www.mixesdb.com/w/2011-03_-_Pan-Pot_-_March_Promo_Mix,,9,,Pfirter,The Dub Track (Len Faki Remix) [Driving Forces],Pfirter - The Dub Track (Len Faki Remix) [Driving Forces]
2011-03 - Pan-Pot - March Promo Mix,https://www.mixesdb.com/w/2011-03_-_Pan-Pot_-_March_Promo_Mix,,10,,Pan-Pot,Captain My Captain [Mobilee],Pan-Pot - Captain My Captain [Mobilee]
2006-07-16 - Pan Pot @ Fritz LoveRadio,https://www.mixesdb.com/w/2006-07-16_-_Pan_Pot_@_Fritz_LoveRadio,,1,,Quenum,The Four Seasons,Quenum - The Four Seasons
2006-07-16 - Pan Pot @ Fritz LoveRadio,https://www.mixesdb.com/w/2006-07-16_-_Pan_Pot_@_Fritz_LoveRadio,,2,,Franklin De Costa,Two Remain One EP,Franklin De Costa - Two Remain One EP
2006-07-16 - Pan Pot @ Fritz LoveRadio,https://www.mixesdb.com/w/2006-07-16_-_Pan_Pot_@_Fritz_LoveRadio,,3,,Dapayk,Hagen,Dapayk - Hagen
2006-07-16 - Pan Pot @ Fritz LoveRadio,https://www.mixesdb.com/w/2006-07-16_-_Pan_Pot_@_Fritz_LoveRadio,,4,,Pan-Pot,Black Widow,Pan-Pot - Black Widow
2006-07-16 - Pan Pot @ Fritz LoveRadio,https://www.mixesdb.com/w/2006-07-16_-_Pan_Pot_@_Fritz_LoveRadio,,5,,Exercise One,Debaya,Exercise One - Debaya
2006-07-16 - Pan Pot @ Fritz LoveRadio,https://www.mixesdb.com/w/2006-07-16_-_Pan_Pot_@_Fritz_LoveRadio,,6,,Cahton + Hopen,Dreaming Surfaces,Cahton + Hopen - Dreaming Surfaces
2006-07-16 - Pan Pot @ Fritz LoveRadio,https://www.mixesdb.com/w/2006-07-16_-_Pan_Pot_@_Fritz_LoveRadio,,7,,Cosmic Sandwich,Men In A Box (Chardronnet Remix),Cosmic Sandwich - Men In A Box (Chardronnet Remix)
2006-07-16 - Pan Pot @ Fritz LoveRadio,https://www.mixesdb.com/w/2006-07-16_-_Pan_Pot_@_Fritz_LoveRadio,,8,,Dario Zenker,Is Klar Rudi (Pan-Pot Remix),Dario Zenker - Is Klar Rudi (Pan-Pot Remix)
2006-07-16 - Pan Pot @ Fritz LoveRadio,https://www.mixesdb.com/w/2006-07-16_-_Pan_Pot_@_Fritz_LoveRadio,,9,,Pan-Pot,Black Dog,Pan-Pot - Black Dog
2009-12-27 - Pan-Pot - Plattenleger,https://www.mixesdb.com/w/2009-12-27_-_Pan-Pot_-_Plattenleger,,1,,Mark Henning,Moops (Agnes Remix) [Vitalik],Mark Henning - Moops (Agnes Remix) [Vitalik]
2009-12-27 - Pan-Pot - Plattenleger,https://www.mixesdb.com/w/2009-12-27_-_Pan-Pot_-_Plattenleger,,2,,Dan Berkson & James What,Ghosts [Pokerflat],Dan Berkson & James What - Ghosts [Pokerflat]
2009-12-27 - Pan-Pot - Plattenleger,https://www.mixesdb.com/w/2009-12-27_-_Pan-Pot_-_Plattenleger,,3,,Juan Sanchez,Dr. Kneep (Anton Pieete Remix),Juan Sanchez - Dr. Kneep (Anton Pieete Remix)
2009-12-27 - Pan-Pot - Plattenleger,https://www.mixesdb.com/w/2009-12-27_-_Pan-Pot_-_Plattenleger,,4,,DJ Madskillz,Surface [Bitten],DJ Madskillz - Surface [Bitten]
2009-12-27 - Pan-Pot - Plattenleger,https://www.mixesdb.com/w/2009-12-27_-_Pan-Pot_-_Plattenleger,,5,,Sebo K,Spirits [Mobilee],Sebo K - Spirits [Mobilee]
2009-12-27 - Pan-Pot - Plattenleger,https://www.mixesdb.com/w/2009-12-27_-_Pan-Pot_-_Plattenleger,,6,,"Inkfish, David West",Ghetto Feel [Tolerant],"Inkfish, David West - Ghetto Feel [Tolerant]"
2009-12-27 - Pan-Pot - Plattenleger,https://www.mixesdb.com/w/2009-12-27_-_Pan-Pot_-_Plattenleger,,7,,Erphun,Bad Sed Feat. Cari Golden (D-Nox & Beckers Remix) [8 Sided Dice],Erphun - Bad Sed Feat. Cari Golden (D-Nox & Beckers Remix) [8 Sided Dice]
2009-12-27 - Pan-Pot - Plattenleger,https://www.mixesdb.com/w/2009-12-27_-_Pan-Pot_-_Plattenleger,,8,,Marek Bois,Orange [Rrygular],Marek Bois - Orange [Rrygular]
2009-12-27 - Pan-Pot - Plattenleger,https://www.mixesdb.com/w/2009-12-27_-_Pan-Pot_-_Plattenleger,,9,,D-Unity,Space Tunnel,D-Unity - Space Tunnel
2009-12-27 - Pan-Pot - Plattenleger,https://www.mixesdb.com/w/2009-12-27_-_Pan-Pot_-_Plattenleger,,10,,Andre Winter,Dogma (Pan-Pot Remix) [Ideal],Andre Winter - Dogma (Pan-Pot Remix) [Ideal]
2007-11-26 - Pan-Pot - Rebel Butterfly Mix,https://www.mixesdb.com/w/2007-11-26_-_Pan-Pot_-_Rebel_Butterfly_Mix,,1,,Pan-Pot,Moving Spaces [Mobilee],Pan-Pot - Moving Spaces [Mobilee]
2007-11-26 - Pan-Pot - Rebel Butterfly Mix,https://www.mixesdb.com/w/2007-11-26_-_Pan-Pot_-_Rebel_Butterfly_Mix,,2,,Argenis Brito,Disconect [Cadenza],Argenis Brito - Disconect [Cadenza]
2007-11-26 - Pan-Pot - Rebel Butterfly Mix,https://www.mixesdb.com/w/2007-11-26_-_Pan-Pot_-_Rebel_Butterfly_Mix,,3,,Pfonique,Bang [Dessous],Pfonique - Bang [Dessous]
2007-11-26 - Pan-Pot - Rebel Butterfly Mix,https://www.mixesdb.com/w/2007-11-26_-_Pan-Pot_-_Rebel_Butterfly_Mix,,4,,Marc Houle,Techno Vocals [Minus],Marc Houle - Techno Vocals [Minus]
2007-11-26 - Pan-Pot - Rebel Butterfly Mix,https://www.mixesdb.com/w/2007-11-26_-_Pan-Pot_-_Rebel_Butterfly_Mix,,5,,Jitzu,Sire G [Cyclette],Jitzu - Sire G [Cyclette]
2007-11-26 - Pan-Pot - Rebel Butterfly Mix,https://www.mixesdb.com/w/2007-11-26_-_Pan-Pot_-_Rebel_Butterfly_Mix,,6,,Pan-Pot,Threesixty [Mobilee],Pan-Pot - Threesixty [Mobilee]
2007-11-26 - Pan-Pot - Rebel Butterfly Mix,https://www.mixesdb.com/w/2007-11-26_-_Pan-Pot_-_Rebel_Butterfly_Mix,,7,,Pan-Pot,Crank [Mobilee],Pan-Pot - Crank [Mobilee]
2007-11-26 - Pan-Pot - Rebel Butterfly Mix,https://www.mixesdb.com/w/2007-11-26_-_Pan-Pot_-_Rebel_Butterfly_Mix,,8,,Josh Wink,Have To Get Back,Josh Wink - Have To Get Back
2007-11-26 - Pan-Pot - Rebel Butterfly Mix,https://www.mixesdb.com/w/2007-11-26_-_Pan-Pot_-_Rebel_Butterfly_Mix,,9,,Tadeo,Caos [Cray 1 Labworks],Tadeo - Caos [Cray 1 Labworks]
2007-11-26 - Pan-Pot - Rebel Butterfly Mix,https://www.mixesdb.com/w/2007-11-26_-_Pan-Pot_-_Rebel_Butterfly_Mix,,10,,Dubfire,Rib Cage [Desolat],Dubfire - Rib Cage [Desolat]
2007-11-26 - Pan-Pot - Rebel Butterfly Mix,https://www.mixesdb.com/w/2007-11-26_-_Pan-Pot_-_Rebel_Butterfly_Mix,,11,,Pan-Pot,Charly [Mobilee],Pan-Pot - Charly [Mobilee]
2016-12-22 - Pan-Pot - Sum Mix,https://www.mixesdb.com/w/2016-12-22_-_Pan-Pot_-_Sum_Mix,,1,,Gellert,Enius,Gellert - Enius
2016-12-22 - Pan-Pot - Sum Mix,https://www.mixesdb.com/w/2016-12-22_-_Pan-Pot_-_Sum_Mix,,2,,BEC,The Devil On My Shoulder,BEC - The Devil On My Shoulder
2016-12-22 - Pan-Pot - Sum Mix,https://www.mixesdb.com/w/2016-12-22_-_Pan-Pot_-_Sum_Mix,,3,,Michael Klein,Volution,Michael Klein - Volution
2016-12-22 - Pan-Pot - Sum Mix,https://www.mixesdb.com/w/2016-12-22_-_Pan-Pot_-_Sum_Mix,,4,,Oliver Albach,NP2612,Oliver Albach - NP2612
2016-12-22 - Pan-Pot - Sum Mix,https://www.mixesdb.com/w/2016-12-22_-_Pan-Pot_-_Sum_Mix,,5,,Stephan Hinz,Onyx,Stephan Hinz - Onyx
2016-12-22 - Pan-Pot - Sum Mix,https://www.mixesdb.com/w/2016-12-22_-_Pan-Pot_-_Sum_Mix,,6,,Amelie Lens,Paralyzed,Amelie Lens - Paralyzed
2016-12-22 - Pan-Pot - Sum Mix,https://www.mixesdb.com/w/2016-12-22_-_Pan-Pot_-_Sum_Mix,,7,,The Reason Y,Interception,The Reason Y - Interception
2016-12-22 - Pan-Pot - Sum Mix,https://www.mixesdb.com/w/2016-12-22_-_Pan-Pot_-_Sum_Mix,,8,,VONDA7,Tel Aviv,VONDA7 - Tel Aviv
2016-12-22 - Pan-Pot - Sum Mix,https://www.mixesdb.com/w/2016-12-22_-_Pan-Pot_-_Sum_Mix,,9,,Frazier,Blind Spot,Frazier - Blind Spot
2016-12-22 - Pan-Pot - Sum Mix,https://www.mixesdb.com/w/2016-12-22_-_Pan-Pot_-_Sum_Mix,,10,,Reform,Late Night,Reform - Late Night
2016-12-22 - Pan-Pot - Sum Mix,https://www.mixesdb.com/w/2016-12-22_-_Pan-Pot_-_Sum_Mix,,11,,Clint Stewart,Vaults,Clint Stewart - Vaults
2011-02-12 - Pan-Pot - The Sense Of Dance,https://www.mixesdb.com/w/2011-02-12_-_Pan-Pot_-_The_Sense_Of_Dance,,1,00,Reuter,Backupinthismother (Nico Shiny Blackness Remix),Reuter - Backupinthismother (Nico Shiny Blackness Remix)
2011-02-12 - Pan-Pot - The Sense Of Dance,https://www.mixesdb.com/w/2011-02-12_-_Pan-Pot_-_The_Sense_Of_Dance,,2,05,Maetrik Feat. Kule Runner,Snorkel,Maetrik Feat. Kule Runner - Snorkel
2011-02-12 - Pan-Pot - The Sense Of Dance,https://www.mixesdb.com/w/2011-02-12_-_Pan-Pot_-_The_Sense_Of_Dance,,3,13,Booka Shade,Regenerate (Pan-Pot Remix),Booka Shade - Regenerate (Pan-Pot Remix)
2011-02-12 - Pan-Pot - The Sense Of Dance,https://www.mixesdb.com/w/2011-02-12_-_Pan-Pot_-_The_Sense_Of_Dance,,4,19,Monika Kruse,Wavedancer (Pig&Dan Remix),Monika Kruse - Wavedancer (Pig&Dan Remix)
2011-02-12 - Pan-Pot - The Sense Of Dance,https://www.mixesdb.com/w/2011-02-12_-_Pan-Pot_-_The_Sense_Of_Dance,,5,26,Sebastian Weiske,Honour To Whom Honour Is Due,Sebastian Weiske - Honour To Whom Honour Is Due
2011-02-12 - Pan-Pot - The Sense Of Dance,https://www.mixesdb.com/w/2011-02-12_-_Pan-Pot_-_The_Sense_Of_Dance,,6,29,Marc Romboy,The Overture (Egbert Remix),Marc Romboy - The Overture (Egbert Remix)
2011-02-12 - Pan-Pot - The Sense Of Dance,https://www.mixesdb.com/w/2011-02-12_-_Pan-Pot_-_The_Sense_Of_Dance,,7,36,Pan-Pot,Black Horse Down,Pan-Pot - Black Horse Down
2011-02-12 - Pan-Pot - The Sense Of Dance,https://www.mixesdb.com/w/2011-02-12_-_Pan-Pot_-_The_Sense_Of_Dance,,8,42,Pfirter,The Dub Track (Len Faki Remix),Pfirter - The Dub Track (Len Faki Remix)
2011-02-12 - Pan-Pot - The Sense Of Dance,https://www.mixesdb.com/w/2011-02-12_-_Pan-Pot_-_The_Sense_Of_Dance,,9,50,Pan-Pot Feat. Cari Golden,Captain My Captain,Pan-Pot Feat. Cari Golden - Captain My Captain
2018-05-09 - Pan-Pot - 9 Essentials,https://www.mixesdb.com/w/2018-05-09_-_Pan-Pot_-_9_Essentials,,1,00:00,Radial,Asiel [Mord - 001],Radial - Asiel [Mord - 001]
2018-05-09 - Pan-Pot - 9 Essentials,https://www.mixesdb.com/w/2018-05-09_-_Pan-Pot_-_9_Essentials,,2,06:11,Carl Cox,Your Light Shines On (Pan-Pot Remix) [Intec - ID150],Carl Cox - Your Light Shines On (Pan-Pot Remix) [Intec - ID150]
2018-05-09 - Pan-Pot - 9 Essentials,https://www.mixesdb.com/w/2018-05-09_-_Pan-Pot_-_9_Essentials,,3,13:20,Flug,Paraphonic State [Suara - SCOM031],Flug - Paraphonic State [Suara - SCOM031]
2018-05-09 - Pan-Pot - 9 Essentials,https://www.mixesdb.com/w/2018-05-09_-_Pan-Pot_-_9_Essentials,,4,17:50,Pan-Pot,Spitzer [Second State - SNDST045],Pan-Pot - Spitzer [Second State - SNDST045]
2018-05-09 - Pan-Pot - 9 Essentials,https://www.mixesdb.com/w/2018-05-09_-_Pan-Pot_-_9_Essentials,,5,25:32,Gary Beck,Pneuma [BEK Audio - BEK 030],Gary Beck - Pneuma [BEK Audio - BEK 030]
2018-05-09 - Pan-Pot - 9 Essentials,https://www.mixesdb.com/w/2018-05-09_-_Pan-Pot_-_9_Essentials,,6,30:18,Pan-Pot,Funke [Second State - SNDST045],Pan-Pot - Funke [Second State - SNDST045]
2018-05-09 - Pan-Pot - 9 Essentials,https://www.mixesdb.com/w/2018-05-09_-_Pan-Pot_-_9_Essentials,,7,36:46,Giacomo Renzi,Obsession [JAM - 005],Giacomo Renzi - Obsession [JAM - 005]
2018-05-09 - Pan-Pot - 9 Essentials,https://www.mixesdb.com/w/2018-05-09_-_Pan-Pot_-_9_Essentials,,8,42:41,Avgusto,0009 (Warehouse Edit) [FLASH - 193],Avgusto - 0009 (Warehouse Edit) [FLASH - 193]
2018-05-09 - Pan-Pot - 9 Essentials,https://www.mixesdb.com/w/2018-05-09_-_Pan-Pot_-_9_Essentials,,9,47:11,Pan-Pot,Spitzer (Petter B Remix) [Second State - SNDST045],Pan-Pot - Spitzer (Petter B Remix) [Second State - SNDST045]
2008-12-31 - Pan-Pot @ Awakenings,https://www.mixesdb.com/w/2008-12-31_-_Pan-Pot_@_Awakenings,,1,0:00:00,Steve Mac,Scatter Brain (Matt Nordstrom Mix),Steve Mac - Scatter Brain (Matt Nordstrom Mix)
2008-12-31 - Pan-Pot @ Awakenings,https://www.mixesdb.com/w/2008-12-31_-_Pan-Pot_@_Awakenings,,2,0:02:00,Karotte & Gregor Tresher,Dinamicro (Karotte By Gregor Tresher Remix),Karotte & Gregor Tresher - Dinamicro (Karotte By Gregor Tresher Remix)
2008-12-31 - Pan-Pot @ Awakenings,https://www.mixesdb.com/w/2008-12-31_-_Pan-Pot_@_Awakenings,,3,0:08:00,,?,?
2008-12-31 - Pan-Pot @ Awakenings,https://www.mixesdb.com/w/2008-12-31_-_Pan-Pot_@_Awakenings,,4,0:13:00,Format B,Edding 850,Format B - Edding 850
2008-12-31 - Pan-Pot @ Awakenings,https://www.mixesdb.com/w/2008-12-31_-_Pan-Pot_@_Awakenings,,5,0:19:30,Anthony Collins & Behnam,Mosho,Anthony Collins & Behnam - Mosho
2008-12-31 - Pan-Pot @ Awakenings,https://www.mixesdb.com/w/2008-12-31_-_Pan-Pot_@_Awakenings,,6,0:24:00,,?,?
2008-12-31 - Pan-Pot @ Awakenings,https://www.mixesdb.com/w/2008-12-31_-_Pan-Pot_@_Awakenings,,7,0:30:00,,Gennaro Mastrantonio-Night In The Jungle (Matador Mix),Gennaro Mastrantonio-Night In The Jungle (Matador Mix)
2008-12-31 - Pan-Pot @ Awakenings,https://www.mixesdb.com/w/2008-12-31_-_Pan-Pot_@_Awakenings,,8,0:36:00,,?,?
2008-12-31 - Pan-Pot @ Awakenings,https://www.mixesdb.com/w/2008-12-31_-_Pan-Pot_@_Awakenings,,9,0:41:00,,Massi Dl (Dont Remember The Name),Massi Dl (Dont Remember The Name)
2008-12-31 - Pan-Pot @ Awakenings,https://www.mixesdb.com/w/2008-12-31_-_Pan-Pot_@_Awakenings,,10,0:46:00,,?,?
2008-12-31 - Pan-Pot @ Awakenings,https://www.mixesdb.com/w/2008-12-31_-_Pan-Pot_@_Awakenings,,11,0:52:30,,?,?
2008-12-31 - Pan-Pot @ Awakenings,https://www.mixesdb.com/w/2008-12-31_-_Pan-Pot_@_Awakenings,,12,0:56:00,,?,?
2008-12-31 - Pan-Pot @ Awakenings,https://www.mixesdb.com/w/2008-12-31_-_Pan-Pot_@_Awakenings,,13,1:02:00,,?,?
2008-12-31 - Pan-Pot @ Awakenings,https://www.mixesdb.com/w/2008-12-31_-_Pan-Pot_@_Awakenings,,14,1:07:00,,?,?
2008-12-31 - Pan-Pot @ Awakenings,https://www.mixesdb.com/w/2008-12-31_-_Pan-Pot_@_Awakenings,,15,1:13:00,Radio Slave,Grindhouse (Dubfire Mix),Radio Slave - Grindhouse (Dubfire Mix)
2008-12-31 - Pan-Pot @ Awakenings,https://www.mixesdb.com/w/2008-12-31_-_Pan-Pot_@_Awakenings,,16,1:22:00,,?,?
2008-12-31 - Pan-Pot @ Awakenings,https://www.mixesdb.com/w/2008-12-31_-_Pan-Pot_@_Awakenings,,17,1:29:00,Danny Tenaglia,The Space Dance (Radio Slave E-Space Mix),Danny Tenaglia - The Space Dance (Radio Slave E-Space Mix)
2008-12-31 - Pan-Pot @ Awakenings,https://www.mixesdb.com/w/2008-12-31_-_Pan-Pot_@_Awakenings,,18,1:37:00,Daniele Papini,Church Of Nonsense,Daniele Papini - Church Of Nonsense
2008-12-31 - Pan-Pot @ Awakenings,https://www.mixesdb.com/w/2008-12-31_-_Pan-Pot_@_Awakenings,,19,1:43:00,Gary Beck,Consumed,Gary Beck - Consumed
2012-11-26 - Pan-Pot - CLR Podcast 196,https://www.mixesdb.com/w/2012-11-26_-_Pan-Pot_-_CLR_Podcast_196,,1,,Bicep & Ejeca,You [Aus],Bicep & Ejeca - You [Aus]
2012-11-26 - Pan-Pot - CLR Podcast 196,https://www.mixesdb.com/w/2012-11-26_-_Pan-Pot_-_CLR_Podcast_196,,2,,Harvey McKay & Saytek,Nothing [Soma],Harvey McKay & Saytek - Nothing [Soma]
2012-11-26 - Pan-Pot - CLR Podcast 196,https://www.mixesdb.com/w/2012-11-26_-_Pan-Pot_-_CLR_Podcast_196,,3,,Pig&Dan,Lone Ranger [Soma],Pig&Dan - Lone Ranger [Soma]
2012-11-26 - Pan-Pot - CLR Podcast 196,https://www.mixesdb.com/w/2012-11-26_-_Pan-Pot_-_CLR_Podcast_196,,4,,DKnox & Beckers,Watch Me Now (Egbert Remix) [Gem],DKnox & Beckers - Watch Me Now (Egbert Remix) [Gem]
2012-11-26 - Pan-Pot - CLR Podcast 196,https://www.mixesdb.com/w/2012-11-26_-_Pan-Pot_-_CLR_Podcast_196,,5,,Gary Beck,Before The Crash [Soma],Gary Beck - Before The Crash [Soma]
2012-11-26 - Pan-Pot - CLR Podcast 196,https://www.mixesdb.com/w/2012-11-26_-_Pan-Pot_-_CLR_Podcast_196,,6,,Alan Fitzpatrick,Skeksis [Drumcode],Alan Fitzpatrick - Skeksis [Drumcode]
2012-11-26 - Pan-Pot - CLR Podcast 196,https://www.mixesdb.com/w/2012-11-26_-_Pan-Pot_-_CLR_Podcast_196,,7,,Len Faki,RX Tribe [Figure],Len Faki - RX Tribe [Figure]
2012-11-26 - Pan-Pot - CLR Podcast 196,https://www.mixesdb.com/w/2012-11-26_-_Pan-Pot_-_CLR_Podcast_196,,8,,Reese & Santonio,How To Play Our Music [KMS],Reese & Santonio - How To Play Our Music [KMS]
2012-11-26 - Pan-Pot - CLR Podcast 196,https://www.mixesdb.com/w/2012-11-26_-_Pan-Pot_-_CLR_Podcast_196,,9,,Tom Middleton,Penrose Steps [OVUM],Tom Middleton - Penrose Steps [OVUM]
2012-11-26 - Pan-Pot - CLR Podcast 196,https://www.mixesdb.com/w/2012-11-26_-_Pan-Pot_-_CLR_Podcast_196,,10,,Lazer Beams,Green Velvet [Relief],Lazer Beams - Green Velvet [Relief]
2012-11-26 - Pan-Pot - CLR Podcast 196,https://www.mixesdb.com/w/2012-11-26_-_Pan-Pot_-_CLR_Podcast_196,,11,,Benny Rodrigues,Nostalgia [EC],Benny Rodrigues - Nostalgia [EC]
"2020-07-20 - Pan-Pot @ LAB Stream I, Germany","https://www.mixesdb.com/w/2020-07-20_-_Pan-Pot_@_LAB_Stream_I,_Germany",,1,00,Pan-Pot,Apocalyptic Horseman [Mobilee - MOBILEECD03],Pan-Pot - Apocalyptic Horseman [Mobilee - MOBILEECD03]
"2020-07-20 - Pan-Pot @ LAB Stream I, Germany","https://www.mixesdb.com/w/2020-07-20_-_Pan-Pot_@_LAB_Stream_I,_Germany",,2,06,Ray Kajioka,Glömsta Madness [Parabel - PRBL014D],Ray Kajioka - Glömsta Madness [Parabel - PRBL014D]
"2020-07-20 - Pan-Pot @ LAB Stream I, Germany","https://www.mixesdb.com/w/2020-07-20_-_Pan-Pot_@_LAB_Stream_I,_Germany",,3,14,Boston 168,Oblivion [Odd Even - ODDEVEN004],Boston 168 - Oblivion [Odd Even - ODDEVEN004]
"2020-07-20 - Pan-Pot @ LAB Stream I, Germany","https://www.mixesdb.com/w/2020-07-20_-_Pan-Pot_@_LAB_Stream_I,_Germany",,4,20,Sed Aria,Blockparty [Natura Viva Black - NATBLACK266],Sed Aria - Blockparty [Natura Viva Black - NATBLACK266]
"2020-07-20 - Pan-Pot @ LAB Stream I, Germany","https://www.mixesdb.com/w/2020-07-20_-_Pan-Pot_@_LAB_Stream_I,_Germany",,5,24,,?,?
"2020-07-20 - Pan-Pot @ LAB Stream I, Germany","https://www.mixesdb.com/w/2020-07-20_-_Pan-Pot_@_LAB_Stream_I,_Germany",,6,31,Modeā,I Want To Fly [We Are The Brave - WATBCV02],Modeā - I Want To Fly [We Are The Brave - WATBCV02]
"2020-07-20 - Pan-Pot @ LAB Stream I, Germany","https://www.mixesdb.com/w/2020-07-20_-_Pan-Pot_@_LAB_Stream_I,_Germany",,7,36,WCYA,Abstruse Two [Konsequent - KSQ075],WCYA - Abstruse Two [Konsequent - KSQ075]
"2020-07-20 - Pan-Pot @ LAB Stream I, Germany","https://www.mixesdb.com/w/2020-07-20_-_Pan-Pot_@_LAB_Stream_I,_Germany",,8,41,Dotdat,Portal [K S R - KSRDGTL007],Dotdat - Portal [K S R - KSRDGTL007]
"2020-07-20 - Pan-Pot @ LAB Stream I, Germany","https://www.mixesdb.com/w/2020-07-20_-_Pan-Pot_@_LAB_Stream_I,_Germany",,9,45,Pan-Pot,Keid [Second State - SNDST082],Pan-Pot - Keid [Second State - SNDST082]
"2020-07-20 - Pan-Pot @ LAB Stream I, Germany","https://www.mixesdb.com/w/2020-07-20_-_Pan-Pot_@_LAB_Stream_I,_Germany",,10,51,Wigbert & Pan-Pot,Xcelerator (Remix) [Second State - SNDST088RS1],Wigbert & Pan-Pot - Xcelerator (Remix) [Second State - SNDST088RS1]
"2020-07-20 - Pan-Pot @ LAB Stream I, Germany","https://www.mixesdb.com/w/2020-07-20_-_Pan-Pot_@_LAB_Stream_I,_Germany",,11,56,Pan-Pot,Planet9 [Second State - SNDST082],Pan-Pot - Planet9 [Second State - SNDST082]
"2020-07-20 - Pan-Pot @ LAB Stream I, Germany","https://www.mixesdb.com/w/2020-07-20_-_Pan-Pot_@_LAB_Stream_I,_Germany",,12,63,Justin Jay,Athens [Ovum - OVM312],Justin Jay - Athens [Ovum - OVM312]
2008-10 - Pan-Pot - Too Many Raindrops Promo Mix,https://www.mixesdb.com/w/2008-10_-_Pan-Pot_-_Too_Many_Raindrops_Promo_Mix,,1,,Butane,Wanderer,Butane - Wanderer
2008-10 - Pan-Pot - Too Many Raindrops Promo Mix,https://www.mixesdb.com/w/2008-10_-_Pan-Pot_-_Too_Many_Raindrops_Promo_Mix,,2,,Matt Nordstrom,Lucky drawis,Matt Nordstrom - Lucky drawis
2008-10 - Pan-Pot - Too Many Raindrops Promo Mix,https://www.mixesdb.com/w/2008-10_-_Pan-Pot_-_Too_Many_Raindrops_Promo_Mix,,3,,Alexi Delano,What is Control (Adultnapper Remix),Alexi Delano - What is Control (Adultnapper Remix)
2008-10 - Pan-Pot - Too Many Raindrops Promo Mix,https://www.mixesdb.com/w/2008-10_-_Pan-Pot_-_Too_Many_Raindrops_Promo_Mix,,4,,Sharam,Get Wild (Steve Angelo Remix),Sharam - Get Wild (Steve Angelo Remix)
2008-10 - Pan-Pot - Too Many Raindrops Promo Mix,https://www.mixesdb.com/w/2008-10_-_Pan-Pot_-_Too_Many_Raindrops_Promo_Mix,,5,,Gabe,Amnesia,Gabe - Amnesia
2008-10 - Pan-Pot - Too Many Raindrops Promo Mix,https://www.mixesdb.com/w/2008-10_-_Pan-Pot_-_Too_Many_Raindrops_Promo_Mix,,6,,Minilogue,It's a mice way to give feedback (Heinrichs & Hirtenfeller Remix),Minilogue - It's a mice way to give feedback (Heinrichs & Hirtenfeller Remix)
2008-10 - Pan-Pot - Too Many Raindrops Promo Mix,https://www.mixesdb.com/w/2008-10_-_Pan-Pot_-_Too_Many_Raindrops_Promo_Mix,,7,,Luca & Paul,Dinamicro (Karotte Remix),Luca & Paul - Dinamicro (Karotte Remix)
2008-10 - Pan-Pot - Too Many Raindrops Promo Mix,https://www.mixesdb.com/w/2008-10_-_Pan-Pot_-_Too_Many_Raindrops_Promo_Mix,,8,,Minilogue,Jamaica (Dubfire Remix),Minilogue - Jamaica (Dubfire Remix)
2008-10 - Pan-Pot - Too Many Raindrops Promo Mix,https://www.mixesdb.com/w/2008-10_-_Pan-Pot_-_Too_Many_Raindrops_Promo_Mix,,9,,Danny Tenaglia,The Space Dance (Radio Slave Remix),Danny Tenaglia - The Space Dance (Radio Slave Remix)
2008-10 - Pan-Pot - Too Many Raindrops Promo Mix,https://www.mixesdb.com/w/2008-10_-_Pan-Pot_-_Too_Many_Raindrops_Promo_Mix,,10,,Mark Broom,Black Russian,Mark Broom - Black Russian
2008-10 - Pan-Pot - Too Many Raindrops Promo Mix,https://www.mixesdb.com/w/2008-10_-_Pan-Pot_-_Too_Many_Raindrops_Promo_Mix,,11,,Pan-Pot,Shibuya,Pan-Pot - Shibuya
2008-10 - Pan-Pot - Too Many Raindrops Promo Mix,https://www.mixesdb.com/w/2008-10_-_Pan-Pot_-_Too_Many_Raindrops_Promo_Mix,,12,,Syncom Data,Beyond the Stars (Speedy J Remix),Syncom Data - Beyond the Stars (Speedy J Remix)
"2022-07-02 - Pan-Pot @ FuturFestival, Turin","https://www.mixesdb.com/w/2022-07-02_-_Pan-Pot_@_FuturFestival,_Turin",,1,00,Albert Zhirnov,Old Malt [Clergy],Albert Zhirnov - Old Malt [Clergy]
"2022-07-02 - Pan-Pot @ FuturFestival, Turin","https://www.mixesdb.com/w/2022-07-02_-_Pan-Pot_@_FuturFestival,_Turin",,2,02,Broken Robot,Anatis [Prospect],Broken Robot - Anatis [Prospect]
"2022-07-02 - Pan-Pot @ FuturFestival, Turin","https://www.mixesdb.com/w/2022-07-02_-_Pan-Pot_@_FuturFestival,_Turin",,3,06,Axel Karakasis,Throb [Tronic],Axel Karakasis - Throb [Tronic]
"2022-07-02 - Pan-Pot @ FuturFestival, Turin","https://www.mixesdb.com/w/2022-07-02_-_Pan-Pot_@_FuturFestival,_Turin",,4,10,,?,?
"2022-07-02 - Pan-Pot @ FuturFestival, Turin","https://www.mixesdb.com/w/2022-07-02_-_Pan-Pot_@_FuturFestival,_Turin",,5,13,,?,?
"2022-07-02 - Pan-Pot @ FuturFestival, Turin","https://www.mixesdb.com/w/2022-07-02_-_Pan-Pot_@_FuturFestival,_Turin",,6,17,Alan Fitzpatrick,Stronger [Factory 93],Alan Fitzpatrick - Stronger [Factory 93]
"2022-07-02 - Pan-Pot @ FuturFestival, Turin","https://www.mixesdb.com/w/2022-07-02_-_Pan-Pot_@_FuturFestival,_Turin",,7,21,Giacomo Renzi,Follow [Jam],Giacomo Renzi - Follow [Jam]
"2022-07-02 - Pan-Pot @ FuturFestival, Turin","https://www.mixesdb.com/w/2022-07-02_-_Pan-Pot_@_FuturFestival,_Turin",,8,26,,?,?
"2022-07-02 - Pan-Pot @ FuturFestival, Turin","https://www.mixesdb.com/w/2022-07-02_-_Pan-Pot_@_FuturFestival,_Turin",,9,??,Pan-Pot,Confronted [Mobilee],Pan-Pot - Confronted [Mobilee]
"2022-07-02 - Pan-Pot @ FuturFestival, Turin","https://www.mixesdb.com/w/2022-07-02_-_Pan-Pot_@_FuturFestival,_Turin",,10,31,FJAAK,Rough And Ready [Spandau20],FJAAK - Rough And Ready [Spandau20]
"2022-07-02 - Pan-Pot @ FuturFestival, Turin","https://www.mixesdb.com/w/2022-07-02_-_Pan-Pot_@_FuturFestival,_Turin",,11,35,Alignment,Future Dancefloor [Voxnox],Alignment - Future Dancefloor [Voxnox]
"2022-07-02 - Pan-Pot @ FuturFestival, Turin","https://www.mixesdb.com/w/2022-07-02_-_Pan-Pot_@_FuturFestival,_Turin",,12,40,Orbital,Belfast (ANNA Remix),Orbital - Belfast (ANNA Remix)
"2011-09-02 - Dennis Ruyer, Pan-Pot - Dance Department Podcast 310","https://www.mixesdb.com/w/2011-09-02_-_Dennis_Ruyer,_Pan-Pot_-_Dance_Department_Podcast_310",Dennis Ruyer,1,,Kenny Dope Feat. Josh Milan,Be Your Freak,Kenny Dope Feat. Josh Milan - Be Your Freak
"2011-09-02 - Dennis Ruyer, Pan-Pot - Dance Department Podcast 310","https://www.mixesdb.com/w/2011-09-02_-_Dennis_Ruyer,_Pan-Pot_-_Dance_Department_Podcast_310",Dennis Ruyer,2,,Love Girls,Mojito Therapy,Love Girls - Mojito Therapy
"2011-09-02 - Dennis Ruyer, Pan-Pot - Dance Department Podcast 310","https://www.mixesdb.com/w/2011-09-02_-_Dennis_Ruyer,_Pan-Pot_-_Dance_Department_Podcast_310",Dennis Ruyer,3,,Digitaline,Africa,Digitaline - Africa
"2011-09-02 - Dennis Ruyer, Pan-Pot - Dance Department Podcast 310","https://www.mixesdb.com/w/2011-09-02_-_Dennis_Ruyer,_Pan-Pot_-_Dance_Department_Podcast_310",Dennis Ruyer,4,,Gregor Tresher,Lights From The Inside (Dosem Mix),Gregor Tresher - Lights From The Inside (Dosem Mix)
"2011-09-02 - Dennis Ruyer, Pan-Pot - Dance Department Podcast 310","https://www.mixesdb.com/w/2011-09-02_-_Dennis_Ruyer,_Pan-Pot_-_Dance_Department_Podcast_310",Dennis Ruyer,5,,David Keno,Regina (Roberto Rodriguez Mix),David Keno - Regina (Roberto Rodriguez Mix)
"2011-09-02 - Dennis Ruyer, Pan-Pot - Dance Department Podcast 310","https://www.mixesdb.com/w/2011-09-02_-_Dennis_Ruyer,_Pan-Pot_-_Dance_Department_Podcast_310",Dennis Ruyer,6,,Cassius,The Sound Of Violence (Aeroplane Mix),Cassius - The Sound Of Violence (Aeroplane Mix)
"2011-09-02 - Dennis Ruyer, Pan-Pot - Dance Department Podcast 310","https://www.mixesdb.com/w/2011-09-02_-_Dennis_Ruyer,_Pan-Pot_-_Dance_Department_Podcast_310",Dennis Ruyer,1,,Classic: Pan-Pot,Charly Anja (Schneider Mix),Classic: Pan-Pot - Charly Anja (Schneider Mix)
2018-10-09 - Pan-Pot - 9 Essentials,https://www.mixesdb.com/w/2018-10-09_-_Pan-Pot_-_9_Essentials,,1,00:00,Marcel Dettmann,Error (1st Take) [Ostgut Ton - OTON114DIGITAL],Marcel Dettmann - Error (1st Take) [Ostgut Ton - OTON114DIGITAL]
2018-10-09 - Pan-Pot - 9 Essentials,https://www.mixesdb.com/w/2018-10-09_-_Pan-Pot_-_9_Essentials,,2,05:00,Bylly,Carbon (Petter B Remix) [DEAD CERT. - DEADCERT039],Bylly - Carbon (Petter B Remix) [DEAD CERT. - DEADCERT039]
2018-10-09 - Pan-Pot - 9 Essentials,https://www.mixesdb.com/w/2018-10-09_-_Pan-Pot_-_9_Essentials,,3,09:04,Robag Wruhme,Wabb Bodun [Hart & Tief - HT04],Robag Wruhme - Wabb Bodun [Hart & Tief - HT04]
2018-10-09 - Pan-Pot - 9 Essentials,https://www.mixesdb.com/w/2018-10-09_-_Pan-Pot_-_9_Essentials,,4,13:46,Linkan Ray,Planes [Be As One - BAO068],Linkan Ray - Planes [Be As One - BAO068]
2018-10-09 - Pan-Pot - 9 Essentials,https://www.mixesdb.com/w/2018-10-09_-_Pan-Pot_-_9_Essentials,,5,17:15,Gotshell,Second Today [Mord - 053],Gotshell - Second Today [Mord - 053]
2018-10-09 - Pan-Pot - 9 Essentials,https://www.mixesdb.com/w/2018-10-09_-_Pan-Pot_-_9_Essentials,,6,21:31,Mattia Trani,Collider (Donato Dozzy Remix) [UNCGAE - 008],Mattia Trani - Collider (Donato Dozzy Remix) [UNCGAE - 008]
2018-10-09 - Pan-Pot - 9 Essentials,https://www.mixesdb.com/w/2018-10-09_-_Pan-Pot_-_9_Essentials,,7,27:21,Truncate,30 (Sterac Remix) [Truncate US - TRUNCATERMX 4],Truncate - 30 (Sterac Remix) [Truncate US - TRUNCATERMX 4]
2018-10-09 - Pan-Pot - 9 Essentials,https://www.mixesdb.com/w/2018-10-09_-_Pan-Pot_-_9_Essentials,,8,32:37,Severija,"Zu Asche, Zu Staub (Pan-Pot Remix) [BMG Rights Management]","Severija - Zu Asche, Zu Staub (Pan-Pot Remix) [BMG Rights Management]"
2018-10-09 - Pan-Pot - 9 Essentials,https://www.mixesdb.com/w/2018-10-09_-_Pan-Pot_-_9_Essentials,,9,53:04,Robag Wruhme,Wuzzelbud Kk [Musik Krause - MK-CD 001],Robag Wruhme - Wuzzelbud Kk [Musik Krause - MK-CD 001]
"2011-04-20 - Pan-Pot @ Bang Bang, Berlin","https://www.mixesdb.com/w/2011-04-20_-_Pan-Pot_@_Bang_Bang,_Berlin",,1,000,Efdemin,There Will Be Singing (DJ Koze Remix),Efdemin - There Will Be Singing (DJ Koze Remix)
"2011-04-20 - Pan-Pot @ Bang Bang, Berlin","https://www.mixesdb.com/w/2011-04-20_-_Pan-Pot_@_Bang_Bang,_Berlin",,2,005,,?,?
"2011-04-20 - Pan-Pot @ Bang Bang, Berlin","https://www.mixesdb.com/w/2011-04-20_-_Pan-Pot_@_Bang_Bang,_Berlin",,3,011,Subb-An Feat. Beckford,The Lovers Night,Subb-An Feat. Beckford - The Lovers Night
"2011-04-20 - Pan-Pot @ Bang Bang, Berlin","https://www.mixesdb.com/w/2011-04-20_-_Pan-Pot_@_Bang_Bang,_Berlin",,4,017,,?,?
"2011-04-20 - Pan-Pot @ Bang Bang, Berlin","https://www.mixesdb.com/w/2011-04-20_-_Pan-Pot_@_Bang_Bang,_Berlin",,5,023,Maetrik,Crush On Me,Maetrik - Crush On Me
"2011-04-20 - Pan-Pot @ Bang Bang, Berlin","https://www.mixesdb.com/w/2011-04-20_-_Pan-Pot_@_Bang_Bang,_Berlin",,6,031,Mark Henning,Sweet Atom,Mark Henning - Sweet Atom
"2011-04-20 - Pan-Pot @ Bang Bang, Berlin","https://www.mixesdb.com/w/2011-04-20_-_Pan-Pot_@_Bang_Bang,_Berlin",,7,036,DJ Sodeyama,Miles (Nick Curly Remix),DJ Sodeyama - Miles (Nick Curly Remix)
"2011-04-20 - Pan-Pot @ Bang Bang, Berlin","https://www.mixesdb.com/w/2011-04-20_-_Pan-Pot_@_Bang_Bang,_Berlin",,8,042,Wehbba,The Speech,Wehbba - The Speech
"2011-04-20 - Pan-Pot @ Bang Bang, Berlin","https://www.mixesdb.com/w/2011-04-20_-_Pan-Pot_@_Bang_Bang,_Berlin",,9,048,,?,?
"2011-04-20 - Pan-Pot @ Bang Bang, Berlin","https://www.mixesdb.com/w/2011-04-20_-_Pan-Pot_@_Bang_Bang,_Berlin",,10,054,M A N I K,Pure Liquid,M A N I K - Pure Liquid
"2011-04-20 - Pan-Pot @ Bang Bang, Berlin","https://www.mixesdb.com/w/2011-04-20_-_Pan-Pot_@_Bang_Bang,_Berlin",,11,060,Martin Dawson & Glimpse,Runaway,Martin Dawson & Glimpse - Runaway
"2011-04-20 - Pan-Pot @ Bang Bang, Berlin","https://www.mixesdb.com/w/2011-04-20_-_Pan-Pot_@_Bang_Bang,_Berlin",,12,065,Emmanuel,Nautilus,Emmanuel - Nautilus
"2011-04-20 - Pan-Pot @ Bang Bang, Berlin","https://www.mixesdb.com/w/2011-04-20_-_Pan-Pot_@_Bang_Bang,_Berlin",,13,071,D-Nox & Beckers Feat. Leif Hatfield,My Voice (Christian Smith Remix),D-Nox & Beckers Feat. Leif Hatfield - My Voice (Christian Smith Remix)
"2011-04-20 - Pan-Pot @ Bang Bang, Berlin","https://www.mixesdb.com/w/2011-04-20_-_Pan-Pot_@_Bang_Bang,_Berlin",,14,078,Stephan Bodzin & Marc Romboy,Phobos (Pan-Pot Remix),Stephan Bodzin & Marc Romboy - Phobos (Pan-Pot Remix)
"2011-04-20 - Pan-Pot @ Bang Bang, Berlin","https://www.mixesdb.com/w/2011-04-20_-_Pan-Pot_@_Bang_Bang,_Berlin",,15,084,,?,?
"2011-04-20 - Pan-Pot @ Bang Bang, Berlin","https://www.mixesdb.com/w/2011-04-20_-_Pan-Pot_@_Bang_Bang,_Berlin",,16,088,Sam Paganini,Pleasure,Sam Paganini - Pleasure
"2011-04-20 - Pan-Pot @ Bang Bang, Berlin","https://www.mixesdb.com/w/2011-04-20_-_Pan-Pot_@_Bang_Bang,_Berlin",,17,094,Mark Broom,Satellite (Mix One),Mark Broom - Satellite (Mix One)
"2011-04-20 - Pan-Pot @ Bang Bang, Berlin","https://www.mixesdb.com/w/2011-04-20_-_Pan-Pot_@_Bang_Bang,_Berlin",,18,100,Marc Romboy,The Overture (Egbert Remix),Marc Romboy - The Overture (Egbert Remix)
"2011-04-20 - Pan-Pot @ Bang Bang, Berlin","https://www.mixesdb.com/w/2011-04-20_-_Pan-Pot_@_Bang_Bang,_Berlin",,19,106,Pan-Pot Feat. Cari Golden,Captain My Captain,Pan-Pot Feat. Cari Golden - Captain My Captain
2019-04-09 - Pan-Pot - 9 Essentials,https://www.mixesdb.com/w/2019-04-09_-_Pan-Pot_-_9_Essentials,,1,00:00,Butane & Riko Forinson,Ascension [Tenampa - TENA086],Butane & Riko Forinson - Ascension [Tenampa - TENA086]
2019-04-09 - Pan-Pot - 9 Essentials,https://www.mixesdb.com/w/2019-04-09_-_Pan-Pot_-_9_Essentials,,2,06:15,Heiko Laux,Self [Klockworks - KW24],Heiko Laux - Self [Klockworks - KW24]
2019-04-09 - Pan-Pot - 9 Essentials,https://www.mixesdb.com/w/2019-04-09_-_Pan-Pot_-_9_Essentials,,3,11:18,Jeff Rushin,Confusion [Odd Even - ODDEVEN022],Jeff Rushin - Confusion [Odd Even - ODDEVEN022]
2019-04-09 - Pan-Pot - 9 Essentials,https://www.mixesdb.com/w/2019-04-09_-_Pan-Pot_-_9_Essentials,,4,14:54,Shlomi Aber,Lost In Humanity [BPitch Control - BPC031],Shlomi Aber - Lost In Humanity [BPitch Control - BPC031]
2019-04-09 - Pan-Pot - 9 Essentials,https://www.mixesdb.com/w/2019-04-09_-_Pan-Pot_-_9_Essentials,,5,19:36,Michael Klein,Dirty Daddy (Markus Suckut Remix) [Second State - SNDST053R],Michael Klein - Dirty Daddy (Markus Suckut Remix) [Second State - SNDST053R]
2019-04-09 - Pan-Pot - 9 Essentials,https://www.mixesdb.com/w/2019-04-09_-_Pan-Pot_-_9_Essentials,,6,25:30,Pan-Pot,Kanal 7 [Second State - SNDST060],Pan-Pot - Kanal 7 [Second State - SNDST060]
2019-04-09 - Pan-Pot - 9 Essentials,https://www.mixesdb.com/w/2019-04-09_-_Pan-Pot_-_9_Essentials,,7,32:18,Pig&Dan,Plex [Drumcode - DC201],Pig&Dan - Plex [Drumcode - DC201]
2019-04-09 - Pan-Pot - 9 Essentials,https://www.mixesdb.com/w/2019-04-09_-_Pan-Pot_-_9_Essentials,,8,39:33,Viers,Dolphin Telephone [Let's Play House Wihte - LPHWHT21],Viers - Dolphin Telephone [Let's Play House Wihte - LPHWHT21]
2010-10-12 - Pan-Pot - Bodytonic Podcast 95,https://www.mixesdb.com/w/2010-10-12_-_Pan-Pot_-_Bodytonic_Podcast_95,,1,,Abe Duque & Virgina,Following My Heart (Oliver Huntemann Remix) [Process],Abe Duque & Virgina - Following My Heart (Oliver Huntemann Remix) [Process]
2010-10-12 - Pan-Pot - Bodytonic Podcast 95,https://www.mixesdb.com/w/2010-10-12_-_Pan-Pot_-_Bodytonic_Podcast_95,,2,,Slam,The Strip [Drumcode],Slam - The Strip [Drumcode]
2010-10-12 - Pan-Pot - Bodytonic Podcast 95,https://www.mixesdb.com/w/2010-10-12_-_Pan-Pot_-_Bodytonic_Podcast_95,,3,,Rino Cerrone,Simple Slide [Unrilis],Rino Cerrone - Simple Slide [Unrilis]
2010-10-12 - Pan-Pot - Bodytonic Podcast 95,https://www.mixesdb.com/w/2010-10-12_-_Pan-Pot_-_Bodytonic_Podcast_95,,4,,Nicole Moudaber,Stomp That [Intec],Nicole Moudaber - Stomp That [Intec]
2010-10-12 - Pan-Pot - Bodytonic Podcast 95,https://www.mixesdb.com/w/2010-10-12_-_Pan-Pot_-_Bodytonic_Podcast_95,,5,,MiniCoolBoyz,Lost In Lodz [Amazing],MiniCoolBoyz - Lost In Lodz [Amazing]
2010-10-12 - Pan-Pot - Bodytonic Podcast 95,https://www.mixesdb.com/w/2010-10-12_-_Pan-Pot_-_Bodytonic_Podcast_95,,6,,Ida Engberg,Owl's Nest [Truesoul],Ida Engberg - Owl's Nest [Truesoul]
2010-10-12 - Pan-Pot - Bodytonic Podcast 95,https://www.mixesdb.com/w/2010-10-12_-_Pan-Pot_-_Bodytonic_Podcast_95,,7,,Marco Effe,Kalida [Sci+Tec],Marco Effe - Kalida [Sci+Tec]
2010-10-12 - Pan-Pot - Bodytonic Podcast 95,https://www.mixesdb.com/w/2010-10-12_-_Pan-Pot_-_Bodytonic_Podcast_95,,8,,Secret Cinema,2CBright [Gem],Secret Cinema - 2CBright [Gem]
2010-10-12 - Pan-Pot - Bodytonic Podcast 95,https://www.mixesdb.com/w/2010-10-12_-_Pan-Pot_-_Bodytonic_Podcast_95,,9,,Slam,Cacophony [Drumcode],Slam - Cacophony [Drumcode]
2010-10-12 - Pan-Pot - Bodytonic Podcast 95,https://www.mixesdb.com/w/2010-10-12_-_Pan-Pot_-_Bodytonic_Podcast_95,,10,,The Advent & Industrialyzer,Schizophrenic [Advanced],The Advent & Industrialyzer - Schizophrenic [Advanced]
2010-10-12 - Pan-Pot - Bodytonic Podcast 95,https://www.mixesdb.com/w/2010-10-12_-_Pan-Pot_-_Bodytonic_Podcast_95,,11,,Dustin Zahn & Joel Mull,Bossa Nossa (Pan-Pot Remix) [Enemy],Dustin Zahn & Joel Mull - Bossa Nossa (Pan-Pot Remix) [Enemy]
2021-12-02 - Pan-Pot - Club Room 188,https://www.mixesdb.com/w/2021-12-02_-_Pan-Pot_-_Club_Room_188,,1,00,,?,?
2021-12-02 - Pan-Pot - Club Room 188,https://www.mixesdb.com/w/2021-12-02_-_Pan-Pot_-_Club_Room_188,,2,02,Other Form,Incantation For Release [Observant],Other Form - Incantation For Release [Observant]
2021-12-02 - Pan-Pot - Club Room 188,https://www.mixesdb.com/w/2021-12-02_-_Pan-Pot_-_Club_Room_188,,3,08,DJ Dextro,Sonic Stimulation [Korpus 9],DJ Dextro - Sonic Stimulation [Korpus 9]
2021-12-02 - Pan-Pot - Club Room 188,https://www.mixesdb.com/w/2021-12-02_-_Pan-Pot_-_Club_Room_188,,4,11,Nørbak,Es Wird Wieder Passieren [MORD],Nørbak - Es Wird Wieder Passieren [MORD]
2021-12-02 - Pan-Pot - Club Room 188,https://www.mixesdb.com/w/2021-12-02_-_Pan-Pot_-_Club_Room_188,,5,16,Robert Hood,Fear Not [Rekids],Robert Hood - Fear Not [Rekids]
2021-12-02 - Pan-Pot - Club Room 188,https://www.mixesdb.com/w/2021-12-02_-_Pan-Pot_-_Club_Room_188,,6,20,David Löhlein,Fascina [Rave Code],David Löhlein - Fascina [Rave Code]
2021-12-02 - Pan-Pot - Club Room 188,https://www.mixesdb.com/w/2021-12-02_-_Pan-Pot_-_Club_Room_188,,7,24,,?,?
2021-12-02 - Pan-Pot - Club Room 188,https://www.mixesdb.com/w/2021-12-02_-_Pan-Pot_-_Club_Room_188,,8,28,Truncate,First Phase,Truncate - First Phase
2021-12-02 - Pan-Pot - Club Room 188,https://www.mixesdb.com/w/2021-12-02_-_Pan-Pot_-_Club_Room_188,,9,32,Planetary Assault Systems,Devotion [Token],Planetary Assault Systems - Devotion [Token]
2021-12-02 - Pan-Pot - Club Room 188,https://www.mixesdb.com/w/2021-12-02_-_Pan-Pot_-_Club_Room_188,,10,37,DJ HMC,6 A.M. [Reflector],DJ HMC - 6 A.M. [Reflector]
2021-12-02 - Pan-Pot - Club Room 188,https://www.mixesdb.com/w/2021-12-02_-_Pan-Pot_-_Club_Room_188,,11,40,Vladimir Dubyshkin,Pigeon Epilepsy [Trip],Vladimir Dubyshkin - Pigeon Epilepsy [Trip]
2021-12-02 - Pan-Pot - Club Room 188,https://www.mixesdb.com/w/2021-12-02_-_Pan-Pot_-_Club_Room_188,,12,44,T99,Anasthasia (Chris Liebing Reactivated Remix) [Arkham],T99 - Anasthasia (Chris Liebing Reactivated Remix) [Arkham]
2021-12-02 - Pan-Pot - Club Room 188,https://www.mixesdb.com/w/2021-12-02_-_Pan-Pot_-_Club_Room_188,,13,53,Anja Schneider Feat. Sophie Hunger,Aura (Pan-Pot Remix),Anja Schneider Feat. Sophie Hunger - Aura (Pan-Pot Remix)
2021-12-02 - Pan-Pot - Club Room 188,https://www.mixesdb.com/w/2021-12-02_-_Pan-Pot_-_Club_Room_188,,14,58,Shed,Menschen Und Mauern [The Final Experiment],Shed - Menschen Und Mauern [The Final Experiment]
2019-07-09 - Pan-Pot - 9 Essentials,https://www.mixesdb.com/w/2019-07-09_-_Pan-Pot_-_9_Essentials,,1,00:10,Alexander Piers,Öpium [Sungate - SNG005D],Alexander Piers - Öpium [Sungate - SNG005D]
2019-07-09 - Pan-Pot - 9 Essentials,https://www.mixesdb.com/w/2019-07-09_-_Pan-Pot_-_9_Essentials,,2,06:11,Artificial Drm,Forgotten Tribes [Koslif - KOS002],Artificial Drm - Forgotten Tribes [Koslif - KOS002]
2019-07-09 - Pan-Pot - 9 Essentials,https://www.mixesdb.com/w/2019-07-09_-_Pan-Pot_-_9_Essentials,,3,12:06,Blawan,Careless [Ternesc - TESC005],Blawan - Careless [Ternesc - TESC005]
2019-07-09 - Pan-Pot - 9 Essentials,https://www.mixesdb.com/w/2019-07-09_-_Pan-Pot_-_9_Essentials,,4,17:11,Kodem,Vault Lines [Kodem - KDM001],Kodem - Vault Lines [Kodem - KDM001]
2019-07-09 - Pan-Pot - 9 Essentials,https://www.mixesdb.com/w/2019-07-09_-_Pan-Pot_-_9_Essentials,,5,20:51,Adriatique,Hound [Afterlife - AL027],Adriatique - Hound [Afterlife - AL027]
2019-07-09 - Pan-Pot - 9 Essentials,https://www.mixesdb.com/w/2019-07-09_-_Pan-Pot_-_9_Essentials,,6,26:10,Bias,God Of Gaps [Koslif - KOS002],Bias - God Of Gaps [Koslif - KOS002]
2019-07-09 - Pan-Pot - 9 Essentials,https://www.mixesdb.com/w/2019-07-09_-_Pan-Pot_-_9_Essentials,,7,32:56,Unbalance,Fiorina 161 [Overbalance - OVB01],Unbalance - Fiorina 161 [Overbalance - OVB01]
2019-07-09 - Pan-Pot - 9 Essentials,https://www.mixesdb.com/w/2019-07-09_-_Pan-Pot_-_9_Essentials,,8,37:17,Keith Carnal,Verbal Response [Second Degree - SEC002],Keith Carnal - Verbal Response [Second Degree - SEC002]
2019-07-09 - Pan-Pot - 9 Essentials,https://www.mixesdb.com/w/2019-07-09_-_Pan-Pot_-_9_Essentials,,9,42:11,Off The Meds,Belter [Studio Barnhus - BARN060],Off The Meds - Belter [Studio Barnhus - BARN060]
2013-03-08 - Pan-Pot - Drumcode Radio (DCR136),https://www.mixesdb.com/w/2013-03-08_-_Pan-Pot_-_Drumcode_Radio_(DCR136),,1,,Petar Dundov & Gregor Treshor,In The Woods [Music Man],Petar Dundov & Gregor Treshor - In The Woods [Music Man]
2013-03-08 - Pan-Pot - Drumcode Radio (DCR136),https://www.mixesdb.com/w/2013-03-08_-_Pan-Pot_-_Drumcode_Radio_(DCR136),,2,,Pan-Pot,Kepler (Julien Jeweill Remix) [Mobilee],Pan-Pot - Kepler (Julien Jeweill Remix) [Mobilee]
2013-03-08 - Pan-Pot - Drumcode Radio (DCR136),https://www.mixesdb.com/w/2013-03-08_-_Pan-Pot_-_Drumcode_Radio_(DCR136),,3,,Florian Meindl,Egyptiom Storm Dub Version [Flash],Florian Meindl - Egyptiom Storm Dub Version [Flash]
2013-03-08 - Pan-Pot - Drumcode Radio (DCR136),https://www.mixesdb.com/w/2013-03-08_-_Pan-Pot_-_Drumcode_Radio_(DCR136),,4,,Hans Bouffmhyre,Increase [Phobiq],Hans Bouffmhyre - Increase [Phobiq]
2013-03-08 - Pan-Pot - Drumcode Radio (DCR136),https://www.mixesdb.com/w/2013-03-08_-_Pan-Pot_-_Drumcode_Radio_(DCR136),,5,,Florian Meindl,Get Down (Pierre Delort & Remy Maurin Remix) [Flash],Florian Meindl - Get Down (Pierre Delort & Remy Maurin Remix) [Flash]
2013-03-08 - Pan-Pot - Drumcode Radio (DCR136),https://www.mixesdb.com/w/2013-03-08_-_Pan-Pot_-_Drumcode_Radio_(DCR136),,6,,Barker & Baumecker,No Body (Machinedrum Remix) [Ostgut Ton],Barker & Baumecker - No Body (Machinedrum Remix) [Ostgut Ton]
2013-03-08 - Pan-Pot - Drumcode Radio (DCR136),https://www.mixesdb.com/w/2013-03-08_-_Pan-Pot_-_Drumcode_Radio_(DCR136),,7,,Harvey McKay,Shake [Cocoon],Harvey McKay - Shake [Cocoon]
2013-03-08 - Pan-Pot - Drumcode Radio (DCR136),https://www.mixesdb.com/w/2013-03-08_-_Pan-Pot_-_Drumcode_Radio_(DCR136),,8,,Dubfire,Plex [Sci Tec Digital],Dubfire - Plex [Sci Tec Digital]
2013-03-08 - Pan-Pot - Drumcode Radio (DCR136),https://www.mixesdb.com/w/2013-03-08_-_Pan-Pot_-_Drumcode_Radio_(DCR136),,9,,Nikola Gala,Rock Steady [Octopus],Nikola Gala - Rock Steady [Octopus]
2013-03-08 - Pan-Pot - Drumcode Radio (DCR136),https://www.mixesdb.com/w/2013-03-08_-_Pan-Pot_-_Drumcode_Radio_(DCR136),,10,,Hans Bouffmhyre,Shine [Sleaze],Hans Bouffmhyre - Shine [Sleaze]
2013-03-08 - Pan-Pot - Drumcode Radio (DCR136),https://www.mixesdb.com/w/2013-03-08_-_Pan-Pot_-_Drumcode_Radio_(DCR136),,11,,Simina Grigoriu,Kokopelli (Pan-Pot Remix) [Susumu],Simina Grigoriu - Kokopelli (Pan-Pot Remix) [Susumu]
2017-06-09 - Pan-Pot - 9 Essentials,https://www.mixesdb.com/w/2017-06-09_-_Pan-Pot_-_9_Essentials,,1,00:00,Ellen Allien,Erdmond [Bpitch Control - BPC330],Ellen Allien - Erdmond [Bpitch Control - BPC330]
2017-06-09 - Pan-Pot - 9 Essentials,https://www.mixesdb.com/w/2017-06-09_-_Pan-Pot_-_9_Essentials,,2,04:44,Woo York,Uranium Echoes [Dystopian - 021],Woo York - Uranium Echoes [Dystopian - 021]
2017-06-09 - Pan-Pot - 9 Essentials,https://www.mixesdb.com/w/2017-06-09_-_Pan-Pot_-_9_Essentials,,3,10:31,Maceo Plex Feat. Swayzak,5th Dimensional Groove [Ellum - ELL041D],Maceo Plex Feat. Swayzak - 5th Dimensional Groove [Ellum - ELL041D]
2017-06-09 - Pan-Pot - 9 Essentials,https://www.mixesdb.com/w/2017-06-09_-_Pan-Pot_-_9_Essentials,,4,15:10,Markus Suckut,A1 [Exile - 006],Markus Suckut - A1 [Exile - 006]
2017-06-09 - Pan-Pot - 9 Essentials,https://www.mixesdb.com/w/2017-06-09_-_Pan-Pot_-_9_Essentials,,5,22:15,Ray Kajioka,The Ratchet [Kanzleramt - KA173],Ray Kajioka - The Ratchet [Kanzleramt - KA173]
2017-06-09 - Pan-Pot - 9 Essentials,https://www.mixesdb.com/w/2017-06-09_-_Pan-Pot_-_9_Essentials,,6,27:33,"Joel Mull, Heiko Laux",Rooter [Kanzleramt - KA174],"Joel Mull, Heiko Laux - Rooter [Kanzleramt - KA174]"
2017-06-09 - Pan-Pot - 9 Essentials,https://www.mixesdb.com/w/2017-06-09_-_Pan-Pot_-_9_Essentials,,7,32:55,Tiga & Audion,Nonstop [Turbo - 190D],Tiga & Audion - Nonstop [Turbo - 190D]
2017-06-09 - Pan-Pot - 9 Essentials,https://www.mixesdb.com/w/2017-06-09_-_Pan-Pot_-_9_Essentials,,8,36:45,Introversion,Block4 [Arts - ARTSCOLLECTIVE017],Introversion - Block4 [Arts - ARTSCOLLECTIVE017]
2017-06-09 - Pan-Pot - 9 Essentials,https://www.mixesdb.com/w/2017-06-09_-_Pan-Pot_-_9_Essentials,,9,41:46,Obscure Shape & SHDW,Gefallene Engel [REKIDS - 104],Obscure Shape & SHDW - Gefallene Engel [REKIDS - 104]
2019-11-09 - Pan-Pot - 9 Essentials,https://www.mixesdb.com/w/2019-11-09_-_Pan-Pot_-_9_Essentials,,1,00:00,KAS:ST,Lost Souls (First Half) [Flyance - FLYLP001],KAS:ST - Lost Souls (First Half) [Flyance - FLYLP001]
2019-11-09 - Pan-Pot - 9 Essentials,https://www.mixesdb.com/w/2019-11-09_-_Pan-Pot_-_9_Essentials,,2,04:35,Niko K,Moonlight Shadow [Solphet - SPM42],Niko K - Moonlight Shadow [Solphet - SPM42]
2019-11-09 - Pan-Pot - 9 Essentials,https://www.mixesdb.com/w/2019-11-09_-_Pan-Pot_-_9_Essentials,,3,09:05,Blenk,Vibration,Blenk - Vibration
2019-11-09 - Pan-Pot - 9 Essentials,https://www.mixesdb.com/w/2019-11-09_-_Pan-Pot_-_9_Essentials,,4,14:20,Ray Kajioka,Taking Action [Kanzleramt - KA 180],Ray Kajioka - Taking Action [Kanzleramt - KA 180]
2019-11-09 - Pan-Pot - 9 Essentials,https://www.mixesdb.com/w/2019-11-09_-_Pan-Pot_-_9_Essentials,,5,18:05,Thomas Hoffknecht,5050 (Petter B Remix) [STRGHTx - 006],Thomas Hoffknecht - 5050 (Petter B Remix) [STRGHTx - 006]
2019-11-09 - Pan-Pot - 9 Essentials,https://www.mixesdb.com/w/2019-11-09_-_Pan-Pot_-_9_Essentials,,6,24:10,Fabrizio Rat,Lucid Dream (Ø [Phase] Remix) [Involve - INV027],Fabrizio Rat - Lucid Dream (Ø [Phase] Remix) [Involve - INV027]
2019-11-09 - Pan-Pot - 9 Essentials,https://www.mixesdb.com/w/2019-11-09_-_Pan-Pot_-_9_Essentials,,7,29:08,Fadi Mohem,Life Cycle [Klockworks - KW27],Fadi Mohem - Life Cycle [Klockworks - KW27]
2019-11-09 - Pan-Pot - 9 Essentials,https://www.mixesdb.com/w/2019-11-09_-_Pan-Pot_-_9_Essentials,,8,33:03,Brame & Hamo,Dust (Private Press Remix) [Feel My Bicep - FMB015],Brame & Hamo - Dust (Private Press Remix) [Feel My Bicep - FMB015]
2019-11-09 - Pan-Pot - 9 Essentials,https://www.mixesdb.com/w/2019-11-09_-_Pan-Pot_-_9_Essentials,,9,38:20,KAS:ST,Lost Souls (Second Half) [Flyance - FLYLP001],KAS:ST - Lost Souls (Second Half) [Flyance - FLYLP001]
2019-11-09 - Pan-Pot - 9 Essentials,https://www.mixesdb.com/w/2019-11-09_-_Pan-Pot_-_9_Essentials,,10,40:25,Pan-Pot,Confronted (Pan-Pot Paradise Remix) [Previously Unreleased],Pan-Pot - Confronted (Pan-Pot Paradise Remix) [Previously Unreleased]
"2009-08-30 - Pan-Pot @ Heile Welt Am Rhein, Rheinpark, Duisburg","https://www.mixesdb.com/w/2009-08-30_-_Pan-Pot_@_Heile_Welt_Am_Rhein,_Rheinpark,_Duisburg",,1,00,Christian Smith & John Selway,Total Departure,Christian Smith & John Selway - Total Departure
"2009-08-30 - Pan-Pot @ Heile Welt Am Rhein, Rheinpark, Duisburg","https://www.mixesdb.com/w/2009-08-30_-_Pan-Pot_@_Heile_Welt_Am_Rhein,_Rheinpark,_Duisburg",,2,08,D-Nox & Beckers,Cala A Boca,D-Nox & Beckers - Cala A Boca
"2009-08-30 - Pan-Pot @ Heile Welt Am Rhein, Rheinpark, Duisburg","https://www.mixesdb.com/w/2009-08-30_-_Pan-Pot_@_Heile_Welt_Am_Rhein,_Rheinpark,_Duisburg",,3,14,Dubfire,Rabid,Dubfire - Rabid
"2009-08-30 - Pan-Pot @ Heile Welt Am Rhein, Rheinpark, Duisburg","https://www.mixesdb.com/w/2009-08-30_-_Pan-Pot_@_Heile_Welt_Am_Rhein,_Rheinpark,_Duisburg",,4,20,Biovoices,To The Beat (Dyno Remix),Biovoices - To The Beat (Dyno Remix)
"2009-08-30 - Pan-Pot @ Heile Welt Am Rhein, Rheinpark, Duisburg","https://www.mixesdb.com/w/2009-08-30_-_Pan-Pot_@_Heile_Welt_Am_Rhein,_Rheinpark,_Duisburg",,5,25,Nihil Young,Bye Bye My Brain (Ramon Tapia Remix),Nihil Young - Bye Bye My Brain (Ramon Tapia Remix)
"2009-08-30 - Pan-Pot @ Heile Welt Am Rhein, Rheinpark, Duisburg","https://www.mixesdb.com/w/2009-08-30_-_Pan-Pot_@_Heile_Welt_Am_Rhein,_Rheinpark,_Duisburg",,6,31,,?,?
"2009-08-30 - Pan-Pot @ Heile Welt Am Rhein, Rheinpark, Duisburg","https://www.mixesdb.com/w/2009-08-30_-_Pan-Pot_@_Heile_Welt_Am_Rhein,_Rheinpark,_Duisburg",,7,36,Daniele Papini,Hidden Source,Daniele Papini - Hidden Source
"2009-08-30 - Pan-Pot @ Heile Welt Am Rhein, Rheinpark, Duisburg","https://www.mixesdb.com/w/2009-08-30_-_Pan-Pot_@_Heile_Welt_Am_Rhein,_Rheinpark,_Duisburg",,8,42,Pan-Pot,Confronted,Pan-Pot - Confronted
"2009-08-30 - Pan-Pot @ Heile Welt Am Rhein, Rheinpark, Duisburg","https://www.mixesdb.com/w/2009-08-30_-_Pan-Pot_@_Heile_Welt_Am_Rhein,_Rheinpark,_Duisburg",,9,50,,?,?
"2009-08-30 - Pan-Pot @ Heile Welt Am Rhein, Rheinpark, Duisburg","https://www.mixesdb.com/w/2009-08-30_-_Pan-Pot_@_Heile_Welt_Am_Rhein,_Rheinpark,_Duisburg",,10,54,Dustin Zahn,Stranger (To Stability) (Len Faki Podium Mix),Dustin Zahn - Stranger (To Stability) (Len Faki Podium Mix)
"2009-08-30 - Pan-Pot @ Heile Welt Am Rhein, Rheinpark, Duisburg","https://www.mixesdb.com/w/2009-08-30_-_Pan-Pot_@_Heile_Welt_Am_Rhein,_Rheinpark,_Duisburg",,11,62,Andre Winter,Dogma (Pan-Pot Remix),Andre Winter - Dogma (Pan-Pot Remix)
"2009-08-30 - Pan-Pot @ Heile Welt Am Rhein, Rheinpark, Duisburg","https://www.mixesdb.com/w/2009-08-30_-_Pan-Pot_@_Heile_Welt_Am_Rhein,_Rheinpark,_Duisburg",,12,68,Pan-Pot,Diamond Heads,Pan-Pot - Diamond Heads
"2009-08-30 - Pan-Pot @ Heile Welt Am Rhein, Rheinpark, Duisburg","https://www.mixesdb.com/w/2009-08-30_-_Pan-Pot_@_Heile_Welt_Am_Rhein,_Rheinpark,_Duisburg",,13,74,,?,?
"2009-08-30 - Pan-Pot @ Heile Welt Am Rhein, Rheinpark, Duisburg","https://www.mixesdb.com/w/2009-08-30_-_Pan-Pot_@_Heile_Welt_Am_Rhein,_Rheinpark,_Duisburg",,14,81,Kissogram,If I Had Known This Before (Woody's Fumakilla XTC-Xpress-Mix Edit),Kissogram - If I Had Known This Before (Woody's Fumakilla XTC-Xpress-Mix Edit)
2011-03-04 - Pan-Pot - Ideal Podcast Vol.6,https://www.mixesdb.com/w/2011-03-04_-_Pan-Pot_-_Ideal_Podcast_Vol.6,,1,,Mark Henning,Cupcakes [Soma],Mark Henning - Cupcakes [Soma]
2011-03-04 - Pan-Pot - Ideal Podcast Vol.6,https://www.mixesdb.com/w/2011-03-04_-_Pan-Pot_-_Ideal_Podcast_Vol.6,,2,,M A N I K,Pure Liquid [Pokerflat],M A N I K - Pure Liquid [Pokerflat]
2011-03-04 - Pan-Pot - Ideal Podcast Vol.6,https://www.mixesdb.com/w/2011-03-04_-_Pan-Pot_-_Ideal_Podcast_Vol.6,,3,,Dustin Zahn,Ghost [Decimal],Dustin Zahn - Ghost [Decimal]
2011-03-04 - Pan-Pot - Ideal Podcast Vol.6,https://www.mixesdb.com/w/2011-03-04_-_Pan-Pot_-_Ideal_Podcast_Vol.6,,4,,Pan-Pot,Black Horse Down [Mobilee],Pan-Pot - Black Horse Down [Mobilee]
2011-03-04 - Pan-Pot - Ideal Podcast Vol.6,https://www.mixesdb.com/w/2011-03-04_-_Pan-Pot_-_Ideal_Podcast_Vol.6,,5,,Stephan Bodzin vs Marc Romboy,Miranda (Oliver Huntemann Remix) [Systematic],Stephan Bodzin vs Marc Romboy - Miranda (Oliver Huntemann Remix) [Systematic]
2011-03-04 - Pan-Pot - Ideal Podcast Vol.6,https://www.mixesdb.com/w/2011-03-04_-_Pan-Pot_-_Ideal_Podcast_Vol.6,,6,,Marc Romboy,The Overture (Egbert Remix) [Tronic],Marc Romboy - The Overture (Egbert Remix) [Tronic]
2011-03-04 - Pan-Pot - Ideal Podcast Vol.6,https://www.mixesdb.com/w/2011-03-04_-_Pan-Pot_-_Ideal_Podcast_Vol.6,,7,,Cirez D,Full Stop [Mouseville],Cirez D - Full Stop [Mouseville]
2011-03-04 - Pan-Pot - Ideal Podcast Vol.6,https://www.mixesdb.com/w/2011-03-04_-_Pan-Pot_-_Ideal_Podcast_Vol.6,,8,,Subfractal,Machine [Sound Of Acapulco],Subfractal - Machine [Sound Of Acapulco]
2011-03-04 - Pan-Pot - Ideal Podcast Vol.6,https://www.mixesdb.com/w/2011-03-04_-_Pan-Pot_-_Ideal_Podcast_Vol.6,,9,,Stephan Bodzin vs Marc Romboy,Phobos (Pan-Pot Remix) [Systematic],Stephan Bodzin vs Marc Romboy - Phobos (Pan-Pot Remix) [Systematic]
2011-03-04 - Pan-Pot - Ideal Podcast Vol.6,https://www.mixesdb.com/w/2011-03-04_-_Pan-Pot_-_Ideal_Podcast_Vol.6,,10,,Secret Cinema,Timeless Altitude (Slam Paragraph Remix) [GEM],Secret Cinema - Timeless Altitude (Slam Paragraph Remix) [GEM]
2011-03-04 - Pan-Pot - Ideal Podcast Vol.6,https://www.mixesdb.com/w/2011-03-04_-_Pan-Pot_-_Ideal_Podcast_Vol.6,,11,,Paul Kalkbrenner,Platscher [Bpitch Control],Paul Kalkbrenner - Platscher [Bpitch Control]
2018-06-09 - Pan-Pot - 9 Essentials,https://www.mixesdb.com/w/2018-06-09_-_Pan-Pot_-_9_Essentials,,1,00:00,Shlomi Aber,Echo Mission [Be As One - BAOXX01],Shlomi Aber - Echo Mission [Be As One - BAOXX01]
2018-06-09 - Pan-Pot - 9 Essentials,https://www.mixesdb.com/w/2018-06-09_-_Pan-Pot_-_9_Essentials,,2,04:07,Carlo Ruetz,Obscure [Rukus - 016],Carlo Ruetz - Obscure [Rukus - 016]
2018-06-09 - Pan-Pot - 9 Essentials,https://www.mixesdb.com/w/2018-06-09_-_Pan-Pot_-_9_Essentials,,3,09:34,Subversive,Telomere (DJ Hyperactive Remix) [VRV - 008],Subversive - Telomere (DJ Hyperactive Remix) [VRV - 008]
2018-06-09 - Pan-Pot - 9 Essentials,https://www.mixesdb.com/w/2018-06-09_-_Pan-Pot_-_9_Essentials,,4,13:06,Fabrice Lig,Black Stone (Obsidian) (Heiko Laux Remix) [Kanzleramt],Fabrice Lig - Black Stone (Obsidian) (Heiko Laux Remix) [Kanzleramt]
2018-06-09 - Pan-Pot - 9 Essentials,https://www.mixesdb.com/w/2018-06-09_-_Pan-Pot_-_9_Essentials,,5,17:40,Florian Meindl,Hidden Populations (FLUG Remix) [Flash - 191],Florian Meindl - Hidden Populations (FLUG Remix) [Flash - 191]
2018-06-09 - Pan-Pot - 9 Essentials,https://www.mixesdb.com/w/2018-06-09_-_Pan-Pot_-_9_Essentials,,6,21:21,Setaoc Mass,True Lies [SK_Eleven - SK11006],Setaoc Mass - True Lies [SK_Eleven - SK11006]
2018-06-09 - Pan-Pot - 9 Essentials,https://www.mixesdb.com/w/2018-06-09_-_Pan-Pot_-_9_Essentials,,7,27:10,Robert Hood,Low Life [M-Plant - MPM30],Robert Hood - Low Life [M-Plant - MPM30]
2018-06-09 - Pan-Pot - 9 Essentials,https://www.mixesdb.com/w/2018-06-09_-_Pan-Pot_-_9_Essentials,,8,31:12,KONTAL,Reflect [Soma - 521D],KONTAL - Reflect [Soma - 521D]
2018-06-09 - Pan-Pot - 9 Essentials,https://www.mixesdb.com/w/2018-06-09_-_Pan-Pot_-_9_Essentials,,9,35:10,Oliver Deutschmann,Nightshifted [Suara - SCOM029],Oliver Deutschmann - Nightshifted [Suara - SCOM029]
2018-11-09 - Pan-Pot - 9 Essentials,https://www.mixesdb.com/w/2018-11-09_-_Pan-Pot_-_9_Essentials,,1,00:00,Michael Klein,Boot Sequence [Second State - SNDST053],Michael Klein - Boot Sequence [Second State - SNDST053]
2018-11-09 - Pan-Pot - 9 Essentials,https://www.mixesdb.com/w/2018-11-09_-_Pan-Pot_-_9_Essentials,,2,02:57,Any Mello,Pluto [Nin92wo - NIN055],Any Mello - Pluto [Nin92wo - NIN055]
2018-11-09 - Pan-Pot - 9 Essentials,https://www.mixesdb.com/w/2018-11-09_-_Pan-Pot_-_9_Essentials,,3,07:50,Gary Beck,Isle [BEK Audio - BEKLP01],Gary Beck - Isle [BEK Audio - BEKLP01]
2018-11-09 - Pan-Pot - 9 Essentials,https://www.mixesdb.com/w/2018-11-09_-_Pan-Pot_-_9_Essentials,,4,12:58,Deepchild,Dalston Hauntology [Face To Face - FIIFD007],Deepchild - Dalston Hauntology [Face To Face - FIIFD007]
2018-11-09 - Pan-Pot - 9 Essentials,https://www.mixesdb.com/w/2018-11-09_-_Pan-Pot_-_9_Essentials,,5,16:55,CELOME,The Final Experiment (Zenker Brothers Remix) [Uncage - 009],CELOME - The Final Experiment (Zenker Brothers Remix) [Uncage - 009]
2018-11-09 - Pan-Pot - 9 Essentials,https://www.mixesdb.com/w/2018-11-09_-_Pan-Pot_-_9_Essentials,,6,23:28,WLDERZ,Algo [Skryptom - SKRPT37],WLDERZ - Algo [Skryptom - SKRPT37]
2018-11-09 - Pan-Pot - 9 Essentials,https://www.mixesdb.com/w/2018-11-09_-_Pan-Pot_-_9_Essentials,,7,28:41,Marco Bailey,Blue Floor [Materia - 018],Marco Bailey - Blue Floor [Materia - 018]
2018-11-09 - Pan-Pot - 9 Essentials,https://www.mixesdb.com/w/2018-11-09_-_Pan-Pot_-_9_Essentials,,8,34:28,Markus Suckut,Breeze [Rekids - 126],Markus Suckut - Breeze [Rekids - 126]
2018-11-09 - Pan-Pot - 9 Essentials,https://www.mixesdb.com/w/2018-11-09_-_Pan-Pot_-_9_Essentials,,9,39:58,Markus Suckut,We Will Disappear One Day [Rekids - 126],Markus Suckut - We Will Disappear One Day [Rekids - 126]
2018-09-09 - Pan-Pot - 9 Essentials,https://www.mixesdb.com/w/2018-09-09_-_Pan-Pot_-_9_Essentials,,1,00:00,Marc Houle,Lincke [Embassy One],Marc Houle - Lincke [Embassy One]
2018-09-09 - Pan-Pot - 9 Essentials,https://www.mixesdb.com/w/2018-09-09_-_Pan-Pot_-_9_Essentials,,2,05:08,Rocko Garoni,Phaseful [Second State - SNDST052],Rocko Garoni - Phaseful [Second State - SNDST052]
2018-09-09 - Pan-Pot - 9 Essentials,https://www.mixesdb.com/w/2018-09-09_-_Pan-Pot_-_9_Essentials,,3,10:01,Odd People,Fear Eyes [Say What? - SAWH061],Odd People - Fear Eyes [Say What? - SAWH061]
2018-09-09 - Pan-Pot - 9 Essentials,https://www.mixesdb.com/w/2018-09-09_-_Pan-Pot_-_9_Essentials,,4,15:30,JC Laurent,Distressed World (Oliver Deutschmann Remix) [Hidden - 040HR],JC Laurent - Distressed World (Oliver Deutschmann Remix) [Hidden - 040HR]
2018-09-09 - Pan-Pot - 9 Essentials,https://www.mixesdb.com/w/2018-09-09_-_Pan-Pot_-_9_Essentials,,5,20:25,Alex Stein,Gojira [Senso Sounds - SENSO042],Alex Stein - Gojira [Senso Sounds - SENSO042]
2018-09-09 - Pan-Pot - 9 Essentials,https://www.mixesdb.com/w/2018-09-09_-_Pan-Pot_-_9_Essentials,,6,25:14,Rocko Garoni,Tragedy [Second State - SNDST052],Rocko Garoni - Tragedy [Second State - SNDST052]
2018-09-09 - Pan-Pot - 9 Essentials,https://www.mixesdb.com/w/2018-09-09_-_Pan-Pot_-_9_Essentials,,7,29:30,Shlomi Aber,Whistler [Figure - 98],Shlomi Aber - Whistler [Figure - 98]
2018-09-09 - Pan-Pot - 9 Essentials,https://www.mixesdb.com/w/2018-09-09_-_Pan-Pot_-_9_Essentials,,8,34:23,Chris Hirose & Hours,Patchouli [Second State - SNDST051],Chris Hirose & Hours - Patchouli [Second State - SNDST051]
2018-09-09 - Pan-Pot - 9 Essentials,https://www.mixesdb.com/w/2018-09-09_-_Pan-Pot_-_9_Essentials,,9,39:50,Ignøranz,#014 [Conjoint - 007],Ignøranz - #014 [Conjoint - 007]
2018-03-09 - Pan-Pot - 9 Essentials,https://www.mixesdb.com/w/2018-03-09_-_Pan-Pot_-_9_Essentials,,1,00:00,Portable Sunsets,Believe (Dave DK Remix) [Atomnation - ATM053],Portable Sunsets - Believe (Dave DK Remix) [Atomnation - ATM053]
2018-03-09 - Pan-Pot - 9 Essentials,https://www.mixesdb.com/w/2018-03-09_-_Pan-Pot_-_9_Essentials,,2,07:44,Dubspeeka,Aakash [Senso Sounds - SENSO037],Dubspeeka - Aakash [Senso Sounds - SENSO037]
2018-03-09 - Pan-Pot - 9 Essentials,https://www.mixesdb.com/w/2018-03-09_-_Pan-Pot_-_9_Essentials,,3,11:53,Eduardo De La Calle,Proto Karma [Anemone - ANEM0034],Eduardo De La Calle - Proto Karma [Anemone - ANEM0034]
2018-03-09 - Pan-Pot - 9 Essentials,https://www.mixesdb.com/w/2018-03-09_-_Pan-Pot_-_9_Essentials,,4,17:04,Thomas Hoffknecht,Triple [Nonlinear Systems - NLS012],Thomas Hoffknecht - Triple [Nonlinear Systems - NLS012]
2018-03-09 - Pan-Pot - 9 Essentials,https://www.mixesdb.com/w/2018-03-09_-_Pan-Pot_-_9_Essentials,,5,21:41,SLV,Artefakt [Soma - 514D],SLV - Artefakt [Soma - 514D]
2018-03-09 - Pan-Pot - 9 Essentials,https://www.mixesdb.com/w/2018-03-09_-_Pan-Pot_-_9_Essentials,,6,24:49,Flug,Control [Nachtstrom Schallplatten - NST119],Flug - Control [Nachtstrom Schallplatten - NST119]
2018-03-09 - Pan-Pot - 9 Essentials,https://www.mixesdb.com/w/2018-03-09_-_Pan-Pot_-_9_Essentials,,7,29:18,ALPI,Mistaken Identity [Voight - VGT007],ALPI - Mistaken Identity [Voight - VGT007]
2018-03-09 - Pan-Pot - 9 Essentials,https://www.mixesdb.com/w/2018-03-09_-_Pan-Pot_-_9_Essentials,,8,33:33,Shlomi Aber,State Of Sorrow [Be As One - BAOXX1],Shlomi Aber - State Of Sorrow [Be As One - BAOXX1]
2018-03-09 - Pan-Pot - 9 Essentials,https://www.mixesdb.com/w/2018-03-09_-_Pan-Pot_-_9_Essentials,,9,40:03,Luna Semara,Yul Brynner [Herzblut - 054],Luna Semara - Yul Brynner [Herzblut - 054]
2018-04-09 - Pan-Pot - 9 Essentials,https://www.mixesdb.com/w/2018-04-09_-_Pan-Pot_-_9_Essentials,,1,00:00,Sinfol,Trembling (Efdemin Remix) [Anagram - 011],Sinfol - Trembling (Efdemin Remix) [Anagram - 011]
2018-04-09 - Pan-Pot - 9 Essentials,https://www.mixesdb.com/w/2018-04-09_-_Pan-Pot_-_9_Essentials,,2,05:03,747,Pangea [Aquaregia - AQR008],747 - Pangea [Aquaregia - AQR008]
2018-04-09 - Pan-Pot - 9 Essentials,https://www.mixesdb.com/w/2018-04-09_-_Pan-Pot_-_9_Essentials,,3,13:07,Deas,Velocity [Second State - SNDST042],Deas - Velocity [Second State - SNDST042]
2018-04-09 - Pan-Pot - 9 Essentials,https://www.mixesdb.com/w/2018-04-09_-_Pan-Pot_-_9_Essentials,,4,17:24,Michael Klein,Danie's Dream [Second State - SNDST043],Michael Klein - Danie's Dream [Second State - SNDST043]
2018-04-09 - Pan-Pot - 9 Essentials,https://www.mixesdb.com/w/2018-04-09_-_Pan-Pot_-_9_Essentials,,5,22:44,Patrick Chardronnet,Oxygene Part II [Second State - SNDST044],Patrick Chardronnet - Oxygene Part II [Second State - SNDST044]
2018-04-09 - Pan-Pot - 9 Essentials,https://www.mixesdb.com/w/2018-04-09_-_Pan-Pot_-_9_Essentials,,6,28:06,FBK,Set It Free [Rekids - RSPX01],FBK - Set It Free [Rekids - RSPX01]
2018-04-09 - Pan-Pot - 9 Essentials,https://www.mixesdb.com/w/2018-04-09_-_Pan-Pot_-_9_Essentials,,7,33:53,Tiger Stripes,Bang [Misfit - MRL 005],Tiger Stripes - Bang [Misfit - MRL 005]
2018-04-09 - Pan-Pot - 9 Essentials,https://www.mixesdb.com/w/2018-04-09_-_Pan-Pot_-_9_Essentials,,8,37:43,Robert Hood,Transform [Dekmantel - DKMNTL055],Robert Hood - Transform [Dekmantel - DKMNTL055]
2018-04-09 - Pan-Pot - 9 Essentials,https://www.mixesdb.com/w/2018-04-09_-_Pan-Pot_-_9_Essentials,,9,42:21,Lone,Temples [R&S - RS1803],Lone - Temples [R&S - RS1803]
2018-02-09 - Pan-Pot - 9 Essentials,https://www.mixesdb.com/w/2018-02-09_-_Pan-Pot_-_9_Essentials,,1,00:00,Versalife,Distress Calls from Pasadena [Transcedent - TRSD005A],Versalife - Distress Calls from Pasadena [Transcedent - TRSD005A]
2018-02-09 - Pan-Pot - 9 Essentials,https://www.mixesdb.com/w/2018-02-09_-_Pan-Pot_-_9_Essentials,,2,05:20,Jon Hester,Ripple Effects [Dystopian - 024],Jon Hester - Ripple Effects [Dystopian - 024]
2018-02-09 - Pan-Pot - 9 Essentials,https://www.mixesdb.com/w/2018-02-09_-_Pan-Pot_-_9_Essentials,,3,11:48,Deepbass,Stasis [Informa - 011],Deepbass - Stasis [Informa - 011]
2018-02-09 - Pan-Pot - 9 Essentials,https://www.mixesdb.com/w/2018-02-09_-_Pan-Pot_-_9_Essentials,,4,16:30,Oliver Deutschmann,Tide [Hotflush - HFT054],Oliver Deutschmann - Tide [Hotflush - HFT054]
2018-02-09 - Pan-Pot - 9 Essentials,https://www.mixesdb.com/w/2018-02-09_-_Pan-Pot_-_9_Essentials,,5,22:50,"Archivist, Fugal",Far Horizon [BleeD - 009],"Archivist, Fugal - Far Horizon [BleeD - 009]"
2018-02-09 - Pan-Pot - 9 Essentials,https://www.mixesdb.com/w/2018-02-09_-_Pan-Pot_-_9_Essentials,,6,28:40,Mathias Kaden,Nova (Athmospheric Mix) [Ovum - OVM292],Mathias Kaden - Nova (Athmospheric Mix) [Ovum - OVM292]
2018-02-09 - Pan-Pot - 9 Essentials,https://www.mixesdb.com/w/2018-02-09_-_Pan-Pot_-_9_Essentials,,7,34:06,Stephan Hinz,Panopticon [Second State - SNDST040],Stephan Hinz - Panopticon [Second State - SNDST040]
2018-02-09 - Pan-Pot - 9 Essentials,https://www.mixesdb.com/w/2018-02-09_-_Pan-Pot_-_9_Essentials,,8,38:20,Splice,Blueshift [non Series - non028],Splice - Blueshift [non Series - non028]
2018-02-09 - Pan-Pot - 9 Essentials,https://www.mixesdb.com/w/2018-02-09_-_Pan-Pot_-_9_Essentials,,9,43:17,KiNK,Strings [Clone Royal Oak - ROYAL32],KiNK - Strings [Clone Royal Oak - ROYAL32]
2017-10-09 - Pan-Pot - 9 Essentials,https://www.mixesdb.com/w/2017-10-09_-_Pan-Pot_-_9_Essentials,,1,00:00,Royer,Classe2 (Sunday Lit Reffaaax) [Mörk - MRK012],Royer - Classe2 (Sunday Lit Reffaaax) [Mörk - MRK012]
2017-10-09 - Pan-Pot - 9 Essentials,https://www.mixesdb.com/w/2017-10-09_-_Pan-Pot_-_9_Essentials,,2,04:40,Ellen Allien,Mind Journey (Skudge Remix) [Bpitch Control - BPC332],Ellen Allien - Mind Journey (Skudge Remix) [Bpitch Control - BPC332]
2017-10-09 - Pan-Pot - 9 Essentials,https://www.mixesdb.com/w/2017-10-09_-_Pan-Pot_-_9_Essentials,,3,10:13,Jason Patrick,Umbertones (Mattias Fridell Remix) [Gynoid Audio - GYNOIDD160],Jason Patrick - Umbertones (Mattias Fridell Remix) [Gynoid Audio - GYNOIDD160]
2017-10-09 - Pan-Pot - 9 Essentials,https://www.mixesdb.com/w/2017-10-09_-_Pan-Pot_-_9_Essentials,,4,14:33,Anthony Castaldo,Concept Of Infinity [Unrilis - 033],Anthony Castaldo - Concept Of Infinity [Unrilis - 033]
2017-10-09 - Pan-Pot - 9 Essentials,https://www.mixesdb.com/w/2017-10-09_-_Pan-Pot_-_9_Essentials,,5,20:35,Yan Cook,Tetra [Arts - ARTSLTD006],Yan Cook - Tetra [Arts - ARTSLTD006]
2017-10-09 - Pan-Pot - 9 Essentials,https://www.mixesdb.com/w/2017-10-09_-_Pan-Pot_-_9_Essentials,,6,25:37,Slam,Positive Education (Shlømo Remix) [Soma - SOMADA113],Slam - Positive Education (Shlømo Remix) [Soma - SOMADA113]
2017-10-09 - Pan-Pot - 9 Essentials,https://www.mixesdb.com/w/2017-10-09_-_Pan-Pot_-_9_Essentials,,7,30:55,Trevino,Plugged [Hotflush - HFCOMP011],Trevino - Plugged [Hotflush - HFCOMP011]
2017-10-09 - Pan-Pot - 9 Essentials,https://www.mixesdb.com/w/2017-10-09_-_Pan-Pot_-_9_Essentials,,8,35:57,Marco Faraone,Desert Crash [Drumcode - DC178],Marco Faraone - Desert Crash [Drumcode - DC178]
2017-10-09 - Pan-Pot - 9 Essentials,https://www.mixesdb.com/w/2017-10-09_-_Pan-Pot_-_9_Essentials,,9,41:07,Aiken,Dominance [non Series - non026],Aiken - Dominance [non Series - non026]
2018-12-09 - Pan-Pot - 9 Essentials,https://www.mixesdb.com/w/2018-12-09_-_Pan-Pot_-_9_Essentials,,1,00:00,Linkwood,Love Lost [Firecracker - FIREC013LP],Linkwood - Love Lost [Firecracker - FIREC013LP]
2018-12-09 - Pan-Pot - 9 Essentials,https://www.mixesdb.com/w/2018-12-09_-_Pan-Pot_-_9_Essentials,,2,06:09,Minilogue,Existensberättigande [Cocoon - CORCD033],Minilogue - Existensberättigande [Cocoon - CORCD033]
2018-12-09 - Pan-Pot - 9 Essentials,https://www.mixesdb.com/w/2018-12-09_-_Pan-Pot_-_9_Essentials,,3,16:03,SLV,Dreamscapes [Soma - 537D],SLV - Dreamscapes [Soma - 537D]
2018-12-09 - Pan-Pot - 9 Essentials,https://www.mixesdb.com/w/2018-12-09_-_Pan-Pot_-_9_Essentials,,4,22:39,Keith Carnal,Prospect [Affin - 145],Keith Carnal - Prospect [Affin - 145]
2018-12-09 - Pan-Pot - 9 Essentials,https://www.mixesdb.com/w/2018-12-09_-_Pan-Pot_-_9_Essentials,,5,27:29,Blicz,New Doctrine [Involve - INV021],Blicz - New Doctrine [Involve - INV021]
2018-12-09 - Pan-Pot - 9 Essentials,https://www.mixesdb.com/w/2018-12-09_-_Pan-Pot_-_9_Essentials,,6,32:59,Blawan,The Narrowing [Dynamic Reflection - 10YRDREF002],Blawan - The Narrowing [Dynamic Reflection - 10YRDREF002]
2018-12-09 - Pan-Pot - 9 Essentials,https://www.mixesdb.com/w/2018-12-09_-_Pan-Pot_-_9_Essentials,,7,38:54,Kwartz,Breakage (Exium Remix) [Pole - POLEGROUP/026],Kwartz - Breakage (Exium Remix) [Pole - POLEGROUP/026]
2018-12-09 - Pan-Pot - 9 Essentials,https://www.mixesdb.com/w/2018-12-09_-_Pan-Pot_-_9_Essentials,,8,44:08,Gecko,Just Close Your Eyes [Delirium Red - DELRED022],Gecko - Just Close Your Eyes [Delirium Red - DELRED022]
2018-12-09 - Pan-Pot - 9 Essentials,https://www.mixesdb.com/w/2018-12-09_-_Pan-Pot_-_9_Essentials,,9,49:58,The Exaltics,I.M.O.E.H. [Solar One - SOM 019],The Exaltics - I.M.O.E.H. [Solar One - SOM 019]
2018-01-09 - Pan-Pot - 9 Essentials,https://www.mixesdb.com/w/2018-01-09_-_Pan-Pot_-_9_Essentials,,1,00:00,Hugo Massien,Ghost Note [17 Steps - 017],Hugo Massien - Ghost Note [17 Steps - 017]
2018-01-09 - Pan-Pot - 9 Essentials,https://www.mixesdb.com/w/2018-01-09_-_Pan-Pot_-_9_Essentials,,2,04:42,Nocow,Disappear [Rekids - 112],Nocow - Disappear [Rekids - 112]
2018-01-09 - Pan-Pot - 9 Essentials,https://www.mixesdb.com/w/2018-01-09_-_Pan-Pot_-_9_Essentials,,3,10:24,John Arial,Musica Infinita [Traumraum - TR008],John Arial - Musica Infinita [Traumraum - TR008]
2018-01-09 - Pan-Pot - 9 Essentials,https://www.mixesdb.com/w/2018-01-09_-_Pan-Pot_-_9_Essentials,,4,15:57,Discrete Circuit,Observate [Astray - 0012],Discrete Circuit - Observate [Astray - 0012]
2018-01-09 - Pan-Pot - 9 Essentials,https://www.mixesdb.com/w/2018-01-09_-_Pan-Pot_-_9_Essentials,,5,21:08,Juan Atkins & Moritz Von Oswald Pres. Borderland,Transport (DJ Deep & Roman Poncet Rework) [Tresor - 298],Juan Atkins & Moritz Von Oswald Pres. Borderland - Transport (DJ Deep & Roman Poncet Rework) [Tresor - 298]
2018-01-09 - Pan-Pot - 9 Essentials,https://www.mixesdb.com/w/2018-01-09_-_Pan-Pot_-_9_Essentials,,6,28:14,Jerome Sydenham,On The Condition [Apotek - APT028],Jerome Sydenham - On The Condition [Apotek - APT028]
2018-01-09 - Pan-Pot - 9 Essentials,https://www.mixesdb.com/w/2018-01-09_-_Pan-Pot_-_9_Essentials,,7,33:12,Aleksi Perälä,GBBVT1337152 (Len Faki Hardspace Mix) [LF RMX - 004],Aleksi Perälä - GBBVT1337152 (Len Faki Hardspace Mix) [LF RMX - 004]
2018-01-09 - Pan-Pot - 9 Essentials,https://www.mixesdb.com/w/2018-01-09_-_Pan-Pot_-_9_Essentials,,8,37:41,Shlomi Aber,Rain Storm [Drumcode - DCLTD21],Shlomi Aber - Rain Storm [Drumcode - DCLTD21]
2018-01-09 - Pan-Pot - 9 Essentials,https://www.mixesdb.com/w/2018-01-09_-_Pan-Pot_-_9_Essentials,,9,43:57,Branko Stojanov,Kao Staklo (Skudge Remix) [Uncage - 006],Branko Stojanov - Kao Staklo (Skudge Remix) [Uncage - 006]
2017-09-09 - Pan-Pot - 9 Essentials,https://www.mixesdb.com/w/2017-09-09_-_Pan-Pot_-_9_Essentials,,1,00:00,Adv709,Particles [Anemone - ANEM0031],Adv709 - Particles [Anemone - ANEM0031]
2017-09-09 - Pan-Pot - 9 Essentials,https://www.mixesdb.com/w/2017-09-09_-_Pan-Pot_-_9_Essentials,,2,04:01,Viers,A Moment In The Machine [Dream Of Dystopia - DOD001],Viers - A Moment In The Machine [Dream Of Dystopia - DOD001]
2017-09-09 - Pan-Pot - 9 Essentials,https://www.mixesdb.com/w/2017-09-09_-_Pan-Pot_-_9_Essentials,,3,10:23,DJ Skull,Substance [Chiwax - CDJS002],DJ Skull - Substance [Chiwax - CDJS002]
2017-09-09 - Pan-Pot - 9 Essentials,https://www.mixesdb.com/w/2017-09-09_-_Pan-Pot_-_9_Essentials,,4,14:27,Truncate,Organ Trax [Be As One - BAO10YDIG],Truncate - Organ Trax [Be As One - BAO10YDIG]
2017-09-09 - Pan-Pot - 9 Essentials,https://www.mixesdb.com/w/2017-09-09_-_Pan-Pot_-_9_Essentials,,5,18:42,3KZ,Circles [Balans - 021],3KZ - Circles [Balans - 021]
2017-09-09 - Pan-Pot - 9 Essentials,https://www.mixesdb.com/w/2017-09-09_-_Pan-Pot_-_9_Essentials,,6,24:07,Destroyer,Wire Matter [Hypnotic Room - HROOM250],Destroyer - Wire Matter [Hypnotic Room - HROOM250]
2017-09-09 - Pan-Pot - 9 Essentials,https://www.mixesdb.com/w/2017-09-09_-_Pan-Pot_-_9_Essentials,,7,27:47,Jeroen Search,Mobility (Delta Funktionen Remix) [coincidence. - A35],Jeroen Search - Mobility (Delta Funktionen Remix) [coincidence. - A35]
2017-09-09 - Pan-Pot - 9 Essentials,https://www.mixesdb.com/w/2017-09-09_-_Pan-Pot_-_9_Essentials,,8,33:11,The Mover,Waves Of Live (Remastered 2017) [Planet Phuture - PP002D],The Mover - Waves Of Live (Remastered 2017) [Planet Phuture - PP002D]
2017-09-09 - Pan-Pot - 9 Essentials,https://www.mixesdb.com/w/2017-09-09_-_Pan-Pot_-_9_Essentials,,9,40:03,Maya Jane Coles,Werk [I/AM/ME],Maya Jane Coles - Werk [I/AM/ME]
2019-12-09 - Pan-Pot - 9 Essentials,https://www.mixesdb.com/w/2019-12-09_-_Pan-Pot_-_9_Essentials,,1,00:10,Benjamin Damage,Ripple [Figure - X14],Benjamin Damage - Ripple [Figure - X14]
2019-12-09 - Pan-Pot - 9 Essentials,https://www.mixesdb.com/w/2019-12-09_-_Pan-Pot_-_9_Essentials,,2,05:40,James Ruskin,Detached [Tresor - 145],James Ruskin - Detached [Tresor - 145]
2019-12-09 - Pan-Pot - 9 Essentials,https://www.mixesdb.com/w/2019-12-09_-_Pan-Pot_-_9_Essentials,,3,11:00,Tracey,SLPNGVLCN (Steve Rachmad Remix) [Dial - 77],Tracey - SLPNGVLCN (Steve Rachmad Remix) [Dial - 77]
2019-12-09 - Pan-Pot - 9 Essentials,https://www.mixesdb.com/w/2019-12-09_-_Pan-Pot_-_9_Essentials,,4,16:25,Markus Suckut,Promises [Odd Even - ODDEVEN026],Markus Suckut - Promises [Odd Even - ODDEVEN026]
2019-12-09 - Pan-Pot - 9 Essentials,https://www.mixesdb.com/w/2019-12-09_-_Pan-Pot_-_9_Essentials,,5,20:23,Mørbeck,Think In Waves [Code Is Law - CODEISLAW017],Mørbeck - Think In Waves [Code Is Law - CODEISLAW017]
2019-12-09 - Pan-Pot - 9 Essentials,https://www.mixesdb.com/w/2019-12-09_-_Pan-Pot_-_9_Essentials,,6,29:00,Marco Bruno,Neverending [Evighet - 001],Marco Bruno - Neverending [Evighet - 001]
2019-12-09 - Pan-Pot - 9 Essentials,https://www.mixesdb.com/w/2019-12-09_-_Pan-Pot_-_9_Essentials,,7,33:50,Sebastian Mullaert,Attio [Kontra - KM055],Sebastian Mullaert - Attio [Kontra - KM055]
2019-12-09 - Pan-Pot - 9 Essentials,https://www.mixesdb.com/w/2019-12-09_-_Pan-Pot_-_9_Essentials,,8,39:05,Leghau,Stars [Float - 037],Leghau - Stars [Float - 037]
2019-12-09 - Pan-Pot - 9 Essentials,https://www.mixesdb.com/w/2019-12-09_-_Pan-Pot_-_9_Essentials,,9,44:25,Bicep,Opal (Four Tet Remix) [Ninja Tune - ZENDNLS484],Bicep - Opal (Four Tet Remix) [Ninja Tune - ZENDNLS484]
2017-07-09 - Pan-Pot - 9 Essentials,https://www.mixesdb.com/w/2017-07-09_-_Pan-Pot_-_9_Essentials,,1,00:00,Maceo Plex,Sparks Of Life [Lone Romantic - LR001],Maceo Plex - Sparks Of Life [Lone Romantic - LR001]
2017-07-09 - Pan-Pot - 9 Essentials,https://www.mixesdb.com/w/2017-07-09_-_Pan-Pot_-_9_Essentials,,2,03:26,Luigi Tozzi,Binary Sunset [Hypnus - 013],Luigi Tozzi - Binary Sunset [Hypnus - 013]
2017-07-09 - Pan-Pot - 9 Essentials,https://www.mixesdb.com/w/2017-07-09_-_Pan-Pot_-_9_Essentials,,3,11:10,Qirneø,Fingerprint [Eight Or Eighty - EOE0008],Qirneø - Fingerprint [Eight Or Eighty - EOE0008]
2017-07-09 - Pan-Pot - 9 Essentials,https://www.mixesdb.com/w/2017-07-09_-_Pan-Pot_-_9_Essentials,,4,17:25,"Setaoc Mass, Matrixxman",Reckoning [Figure - 87],"Setaoc Mass, Matrixxman - Reckoning [Figure - 87]"
2017-07-09 - Pan-Pot - 9 Essentials,https://www.mixesdb.com/w/2017-07-09_-_Pan-Pot_-_9_Essentials,,5,22:20,"SHDW, Obscure Shape",Gesang Der Toten Dinge (Konstantin Siebold Remix) [From Another Mind - FAM003],"SHDW, Obscure Shape - Gesang Der Toten Dinge (Konstantin Siebold Remix) [From Another Mind - FAM003]"
2017-07-09 - Pan-Pot - 9 Essentials,https://www.mixesdb.com/w/2017-07-09_-_Pan-Pot_-_9_Essentials,,6,28:15,Glaskin,Groundwork [Hotflush - HTF056],Glaskin - Groundwork [Hotflush - HTF056]
2017-07-09 - Pan-Pot - 9 Essentials,https://www.mixesdb.com/w/2017-07-09_-_Pan-Pot_-_9_Essentials,,7,34:02,Discrete Circuit,Recursive Decent (Mark Broom Edit) [Beard Man - BMD024],Discrete Circuit - Recursive Decent (Mark Broom Edit) [Beard Man - BMD024]
2017-07-09 - Pan-Pot - 9 Essentials,https://www.mixesdb.com/w/2017-07-09_-_Pan-Pot_-_9_Essentials,,8,42:42,Raíz,Ephemeral Beings [Droid - DROIDNEG2],Raíz - Ephemeral Beings [Droid - DROIDNEG2]
2017-07-09 - Pan-Pot - 9 Essentials,https://www.mixesdb.com/w/2017-07-09_-_Pan-Pot_-_9_Essentials,,9,45:24,Christian Nielsen,Hard Times [Kompakt - KOM EX 96],Christian Nielsen - Hard Times [Kompakt - KOM EX 96]
2017-11-09 - Pan-Pot - 9 Essentials,https://www.mixesdb.com/w/2017-11-09_-_Pan-Pot_-_9_Essentials,,1,00:00,Yotam Avni,If You Still Want Me [Hotflush - HFT060],Yotam Avni - If You Still Want Me [Hotflush - HFT060]
2017-11-09 - Pan-Pot - 9 Essentials,https://www.mixesdb.com/w/2017-11-09_-_Pan-Pot_-_9_Essentials,,2,06:14,Raxon,Jungle Express [Sodai - 004],Raxon - Jungle Express [Sodai - 004]
2017-11-09 - Pan-Pot - 9 Essentials,https://www.mixesdb.com/w/2017-11-09_-_Pan-Pot_-_9_Essentials,,3,11:55,Juan Sanchez,In The Dark [Format - FR011],Juan Sanchez - In The Dark [Format - FR011]
2017-11-09 - Pan-Pot - 9 Essentials,https://www.mixesdb.com/w/2017-11-09_-_Pan-Pot_-_9_Essentials,,4,18:36,Eclept,Rhythm For Me [Diynamic - DIYFTTF10],Eclept - Rhythm For Me [Diynamic - DIYFTTF10]
2017-11-09 - Pan-Pot - 9 Essentials,https://www.mixesdb.com/w/2017-11-09_-_Pan-Pot_-_9_Essentials,,5,24:23,Heron,Dirty Work [Restructured - RES_092M],Heron - Dirty Work [Restructured - RES_092M]
2017-11-09 - Pan-Pot - 9 Essentials,https://www.mixesdb.com/w/2017-11-09_-_Pan-Pot_-_9_Essentials,,6,28:39,MZR///,EXTNDTD (Andre Kronert Drumatic) [Wall - WMSPC022],MZR/// - EXTNDTD (Andre Kronert Drumatic) [Wall - WMSPC022]
2017-11-09 - Pan-Pot - 9 Essentials,https://www.mixesdb.com/w/2017-11-09_-_Pan-Pot_-_9_Essentials,,7,33:20,Haeken,Uncertain Outcome [Mord - Mordbox002],Haeken - Uncertain Outcome [Mord - Mordbox002]
2017-11-09 - Pan-Pot - 9 Essentials,https://www.mixesdb.com/w/2017-11-09_-_Pan-Pot_-_9_Essentials,,8,36:59,BEC,Law Of Attraction [Second State - SNDST037],BEC - Law Of Attraction [Second State - SNDST037]
2017-11-09 - Pan-Pot - 9 Essentials,https://www.mixesdb.com/w/2017-11-09_-_Pan-Pot_-_9_Essentials,,9,44:04,Bicep,Glue [Ninja Tune - ZENDNL244],Bicep - Glue [Ninja Tune - ZENDNL244]
2017-12-09 - Pan-Pot - 9 Essentials,https://www.mixesdb.com/w/2017-12-09_-_Pan-Pot_-_9_Essentials,,1,00:00,Ben Buitendijk,Transcended Being [Oblique - OBQ004],Ben Buitendijk - Transcended Being [Oblique - OBQ004]
2017-12-09 - Pan-Pot - 9 Essentials,https://www.mixesdb.com/w/2017-12-09_-_Pan-Pot_-_9_Essentials,,2,09:30,Perm,03-IV [Shtum - 004],Perm - 03-IV [Shtum - 004]
2017-12-09 - Pan-Pot - 9 Essentials,https://www.mixesdb.com/w/2017-12-09_-_Pan-Pot_-_9_Essentials,,3,14:00,Kike Pravda,Orbital Motion [Senoid - 004],Kike Pravda - Orbital Motion [Senoid - 004]
2017-12-09 - Pan-Pot - 9 Essentials,https://www.mixesdb.com/w/2017-12-09_-_Pan-Pot_-_9_Essentials,,4,16:36,Oliver Deutschmann,Fokus [Voight - VGT005],Oliver Deutschmann - Fokus [Voight - VGT005]
2017-12-09 - Pan-Pot - 9 Essentials,https://www.mixesdb.com/w/2017-12-09_-_Pan-Pot_-_9_Essentials,,5,22:00,Billy Turner,Dreams Come Trouw [Turbo - TT049],Billy Turner - Dreams Come Trouw [Turbo - TT049]
2017-12-09 - Pan-Pot - 9 Essentials,https://www.mixesdb.com/w/2017-12-09_-_Pan-Pot_-_9_Essentials,,6,25:53,543FF,Balans [Æ-X - X003],543FF - Balans [Æ-X - X003]
2017-12-09 - Pan-Pot - 9 Essentials,https://www.mixesdb.com/w/2017-12-09_-_Pan-Pot_-_9_Essentials,,7,31:05,Alexi Delano,Water Colors (Persuader Remix) [Visionquest - VQ066],Alexi Delano - Water Colors (Persuader Remix) [Visionquest - VQ066]
2017-12-09 - Pan-Pot - 9 Essentials,https://www.mixesdb.com/w/2017-12-09_-_Pan-Pot_-_9_Essentials,,8,35:51,Folker Zwart,Shade 7 (Jeff Rushin Repaint) [Credo - 48],Folker Zwart - Shade 7 (Jeff Rushin Repaint) [Credo - 48]
2017-12-09 - Pan-Pot - 9 Essentials,https://www.mixesdb.com/w/2017-12-09_-_Pan-Pot_-_9_Essentials,,9,39:45,Juju & Jordash,Neon Swing [Dekmantel - DKMNTL10YEARS05],Juju & Jordash - Neon Swing [Dekmantel - DKMNTL10YEARS05]
2017-08-09 - Pan-Pot - 9 Essentials,https://www.mixesdb.com/w/2017-08-09_-_Pan-Pot_-_9_Essentials,,1,00:00,NJVK,SIMULA [Anemone - ANEM0030],NJVK - SIMULA [Anemone - ANEM0030]
2017-08-09 - Pan-Pot - 9 Essentials,https://www.mixesdb.com/w/2017-08-09_-_Pan-Pot_-_9_Essentials,,2,02:00,Luigi Tozzi,Binary Sunset [Hypnus - 013],Luigi Tozzi - Binary Sunset [Hypnus - 013]
2017-08-09 - Pan-Pot - 9 Essentials,https://www.mixesdb.com/w/2017-08-09_-_Pan-Pot_-_9_Essentials,,3,07:31,Shlomi Aber,Under Two Worlds [Figure - 88],Shlomi Aber - Under Two Worlds [Figure - 88]
2017-08-09 - Pan-Pot - 9 Essentials,https://www.mixesdb.com/w/2017-08-09_-_Pan-Pot_-_9_Essentials,,4,12:10,Cassegrain,Caracal [Arcing Seas - ARCS-04],Cassegrain - Caracal [Arcing Seas - ARCS-04]
2017-08-09 - Pan-Pot - 9 Essentials,https://www.mixesdb.com/w/2017-08-09_-_Pan-Pot_-_9_Essentials,,5,18:40,Jamie Anderson,Sequence (Ray Kajioka Remix) [On Egde Society - OES007],Jamie Anderson - Sequence (Ray Kajioka Remix) [On Egde Society - OES007]
2017-08-09 - Pan-Pot - 9 Essentials,https://www.mixesdb.com/w/2017-08-09_-_Pan-Pot_-_9_Essentials,,6,23:37,Shurko Love,The Moment (Artur Laats Remix) [Black - CAt31090],Shurko Love - The Moment (Artur Laats Remix) [Black - CAt31090]
2017-08-09 - Pan-Pot - 9 Essentials,https://www.mixesdb.com/w/2017-08-09_-_Pan-Pot_-_9_Essentials,,7,28:28,Farrago,"The World, The Flesh [Second State - SNDST032]","Farrago - The World, The Flesh [Second State - SNDST032]"
2017-08-09 - Pan-Pot - 9 Essentials,https://www.mixesdb.com/w/2017-08-09_-_Pan-Pot_-_9_Essentials,,8,34:10,Tensal,Archives G 4 [Tensal - 007],Tensal - Archives G 4 [Tensal - 007]
2017-08-09 - Pan-Pot - 9 Essentials,https://www.mixesdb.com/w/2017-08-09_-_Pan-Pot_-_9_Essentials,,9,38:40,Solitary Dancer,Transmitting To Heaven [Graded - GRD005D],Solitary Dancer - Transmitting To Heaven [Graded - GRD005D]
2019-03-09 - Pan-Pot - 9 Essentials,https://www.mixesdb.com/w/2019-03-09_-_Pan-Pot_-_9_Essentials,,1,00:00,Kaczmarek,7777 (Antigone Remix) [KCZMRK - KCZEP002],Kaczmarek - 7777 (Antigone Remix) [KCZMRK - KCZEP002]
2019-03-09 - Pan-Pot - 9 Essentials,https://www.mixesdb.com/w/2019-03-09_-_Pan-Pot_-_9_Essentials,,2,05:03,Surt,Blinding [Edit Select - 048],Surt - Blinding [Edit Select - 048]
2019-03-09 - Pan-Pot - 9 Essentials,https://www.mixesdb.com/w/2019-03-09_-_Pan-Pot_-_9_Essentials,,3,09:30,Alexskyspirit,Human Error [808 - EZE141],Alexskyspirit - Human Error [808 - EZE141]
2019-03-09 - Pan-Pot - 9 Essentials,https://www.mixesdb.com/w/2019-03-09_-_Pan-Pot_-_9_Essentials,,4,15:33,Wilderz,Melatonine,Wilderz - Melatonine
2019-03-09 - Pan-Pot - 9 Essentials,https://www.mixesdb.com/w/2019-03-09_-_Pan-Pot_-_9_Essentials,,5,19:18,Kaspiann,Loiste [Sonntag Morgen - SMR066],Kaspiann - Loiste [Sonntag Morgen - SMR066]
2019-03-09 - Pan-Pot - 9 Essentials,https://www.mixesdb.com/w/2019-03-09_-_Pan-Pot_-_9_Essentials,,6,23:42,Electric Rescue,Bund [Obverse - OBVS01],Electric Rescue - Bund [Obverse - OBVS01]
2019-03-09 - Pan-Pot - 9 Essentials,https://www.mixesdb.com/w/2019-03-09_-_Pan-Pot_-_9_Essentials,,7,29:45,Fragmentor,A Man Lost In Time [Quartz - QRZ038],Fragmentor - A Man Lost In Time [Quartz - QRZ038]
2019-03-09 - Pan-Pot - 9 Essentials,https://www.mixesdb.com/w/2019-03-09_-_Pan-Pot_-_9_Essentials,,8,35:09,Yan Cook,Mars Orbiter [Cooked - 04],Yan Cook - Mars Orbiter [Cooked - 04]
2019-03-09 - Pan-Pot - 9 Essentials,https://www.mixesdb.com/w/2019-03-09_-_Pan-Pot_-_9_Essentials,,9,39:18,Locked Groove,Soma [Hotflush - HFLP 015],Locked Groove - Soma [Hotflush - HFLP 015]
2019-06-09 - Pan-Pot - 9 Essentials,https://www.mixesdb.com/w/2019-06-09_-_Pan-Pot_-_9_Essentials,,1,00:00,Mattia Trani,Departure (Intro),Mattia Trani - Departure (Intro)
2019-06-09 - Pan-Pot - 9 Essentials,https://www.mixesdb.com/w/2019-06-09_-_Pan-Pot_-_9_Essentials,,2,03:12,Rene Wise,Windrunner [Mote Evolver - MOTE056],Rene Wise - Windrunner [Mote Evolver - MOTE056]
2019-06-09 - Pan-Pot - 9 Essentials,https://www.mixesdb.com/w/2019-06-09_-_Pan-Pot_-_9_Essentials,,3,08:45,Egbert,Music Therapy [Gem - 064],Egbert - Music Therapy [Gem - 064]
2019-06-09 - Pan-Pot - 9 Essentials,https://www.mixesdb.com/w/2019-06-09_-_Pan-Pot_-_9_Essentials,,4,13:00,Heiko Laux & Joel Mull,Centipede [Drumcode - DC204],Heiko Laux & Joel Mull - Centipede [Drumcode - DC204]
2019-06-09 - Pan-Pot - 9 Essentials,https://www.mixesdb.com/w/2019-06-09_-_Pan-Pot_-_9_Essentials,,5,17:30,Cari Lekebusch,Mind Dive [H-Productions - HPX104],Cari Lekebusch - Mind Dive [H-Productions - HPX104]
2019-06-09 - Pan-Pot - 9 Essentials,https://www.mixesdb.com/w/2019-06-09_-_Pan-Pot_-_9_Essentials,,6,23:15,The Advent & A Paul,Opposites [Patterns - ANALOGCOMP1],The Advent & A Paul - Opposites [Patterns - ANALOGCOMP1]
2019-06-09 - Pan-Pot - 9 Essentials,https://www.mixesdb.com/w/2019-06-09_-_Pan-Pot_-_9_Essentials,,7,27:33,Monoloc,Drought [Dystopian - 027],Monoloc - Drought [Dystopian - 027]
2019-06-09 - Pan-Pot - 9 Essentials,https://www.mixesdb.com/w/2019-06-09_-_Pan-Pot_-_9_Essentials,,8,32:36,Rod,Sundt,Rod - Sundt
2019-06-09 - Pan-Pot - 9 Essentials,https://www.mixesdb.com/w/2019-06-09_-_Pan-Pot_-_9_Essentials,,9,38:18,Charles Dunbar,Crossing The Abyss [TECHNO.BLACK - TNOBK021],Charles Dunbar - Crossing The Abyss [TECHNO.BLACK - TNOBK021]
2022-10-31 - Pan-Pot - Exhale Radio 029,https://www.mixesdb.com/w/2022-10-31_-_Pan-Pot_-_Exhale_Radio_029,,1,00,Rene Wise,Knock Motion [Blueprint],Rene Wise - Knock Motion [Blueprint]
2022-10-31 - Pan-Pot - Exhale Radio 029,https://www.mixesdb.com/w/2022-10-31_-_Pan-Pot_-_Exhale_Radio_029,,2,05,Son Error,Strange Man,Son Error - Strange Man
2022-10-31 - Pan-Pot - Exhale Radio 029,https://www.mixesdb.com/w/2022-10-31_-_Pan-Pot_-_Exhale_Radio_029,,3,09,Pig&Dan,Atom [Elevate],Pig&Dan - Atom [Elevate]
2022-10-31 - Pan-Pot - Exhale Radio 029,https://www.mixesdb.com/w/2022-10-31_-_Pan-Pot_-_Exhale_Radio_029,,4,15,Marcal,Bellbird [Nin92wo],Marcal - Bellbird [Nin92wo]
2022-10-31 - Pan-Pot - Exhale Radio 029,https://www.mixesdb.com/w/2022-10-31_-_Pan-Pot_-_Exhale_Radio_029,,5,17,DJ Dextro,Commodore [Second State],DJ Dextro - Commodore [Second State]
2022-10-31 - Pan-Pot - Exhale Radio 029,https://www.mixesdb.com/w/2022-10-31_-_Pan-Pot_-_Exhale_Radio_029,,6,21,Procombo,U Wanna [Rspx (Rekids)],Procombo - U Wanna [Rspx (Rekids)]
2022-10-31 - Pan-Pot - Exhale Radio 029,https://www.mixesdb.com/w/2022-10-31_-_Pan-Pot_-_Exhale_Radio_029,,7,24,Maketech,Konfusion [Electric Ballroom],Maketech - Konfusion [Electric Ballroom]
2022-10-31 - Pan-Pot - Exhale Radio 029,https://www.mixesdb.com/w/2022-10-31_-_Pan-Pot_-_Exhale_Radio_029,,8,28,Floormagnet,Space Age (Tiger Stripes Remix) [Fm],Floormagnet - Space Age (Tiger Stripes Remix) [Fm]
2022-10-31 - Pan-Pot - Exhale Radio 029,https://www.mixesdb.com/w/2022-10-31_-_Pan-Pot_-_Exhale_Radio_029,,9,33,Dangeli,Wave [Riot (It)],Dangeli - Wave [Riot (It)]
2022-10-31 - Pan-Pot - Exhale Radio 029,https://www.mixesdb.com/w/2022-10-31_-_Pan-Pot_-_Exhale_Radio_029,,10,37,Shlomi Aber,Getroit,Shlomi Aber - Getroit
2022-10-31 - Pan-Pot - Exhale Radio 029,https://www.mixesdb.com/w/2022-10-31_-_Pan-Pot_-_Exhale_Radio_029,,11,40,Ramon Tapia,Bring It On Down [Say What?],Ramon Tapia - Bring It On Down [Say What?]
2022-10-31 - Pan-Pot - Exhale Radio 029,https://www.mixesdb.com/w/2022-10-31_-_Pan-Pot_-_Exhale_Radio_029,,12,46,Mall Grab,Breathing [Looking For Trouble],Mall Grab - Breathing [Looking For Trouble]
2022-10-31 - Pan-Pot - Exhale Radio 029,https://www.mixesdb.com/w/2022-10-31_-_Pan-Pot_-_Exhale_Radio_029,,13,50,Vinicius Honorio,Give It 2 Em,Vinicius Honorio - Give It 2 Em
2022-10-31 - Pan-Pot - Exhale Radio 029,https://www.mixesdb.com/w/2022-10-31_-_Pan-Pot_-_Exhale_Radio_029,,14,54,KiNK,Five [Running Back],KiNK - Five [Running Back]
2012-10-11 - Pan-Pot - Slam Radio 002,https://www.mixesdb.com/w/2012-10-11_-_Pan-Pot_-_Slam_Radio_002,,1,,Nelski,Body Pop (Radio Slave Remix Featuring Tom Gandey) [Rising - 026],Nelski - Body Pop (Radio Slave Remix Featuring Tom Gandey) [Rising - 026]
2012-10-11 - Pan-Pot - Slam Radio 002,https://www.mixesdb.com/w/2012-10-11_-_Pan-Pot_-_Slam_Radio_002,,2,,tINI,My Shine (Carl Craig Remix) [Desolat],tINI - My Shine (Carl Craig Remix) [Desolat]
2012-10-11 - Pan-Pot - Slam Radio 002,https://www.mixesdb.com/w/2012-10-11_-_Pan-Pot_-_Slam_Radio_002,,3,,Dubspeeka,She Loves [Skeleton],Dubspeeka - She Loves [Skeleton]
2012-10-11 - Pan-Pot - Slam Radio 002,https://www.mixesdb.com/w/2012-10-11_-_Pan-Pot_-_Slam_Radio_002,,4,,Pig&Dan,Let The Show Begin [Bedrock],Pig&Dan - Let The Show Begin [Bedrock]
2012-10-11 - Pan-Pot - Slam Radio 002,https://www.mixesdb.com/w/2012-10-11_-_Pan-Pot_-_Slam_Radio_002,,5,,Ambivalent,Snowblind [Minus],Ambivalent - Snowblind [Minus]
2012-10-11 - Pan-Pot - Slam Radio 002,https://www.mixesdb.com/w/2012-10-11_-_Pan-Pot_-_Slam_Radio_002,,6,,Juan DDD,Flapping (Ende Remix) [Stickrecordings],Juan DDD - Flapping (Ende Remix) [Stickrecordings]
2012-10-11 - Pan-Pot - Slam Radio 002,https://www.mixesdb.com/w/2012-10-11_-_Pan-Pot_-_Slam_Radio_002,,7,,Gary Beck,Before The Crash [Soma],Gary Beck - Before The Crash [Soma]
2012-10-11 - Pan-Pot - Slam Radio 002,https://www.mixesdb.com/w/2012-10-11_-_Pan-Pot_-_Slam_Radio_002,,8,,Alberto Pascual,Bailando (Psyk Remix) [Analytictrail],Alberto Pascual - Bailando (Psyk Remix) [Analytictrail]
2012-10-11 - Pan-Pot - Slam Radio 002,https://www.mixesdb.com/w/2012-10-11_-_Pan-Pot_-_Slam_Radio_002,,9,,Alex Dolby,My Pamphlet (Mihalis Safras Remix) [Octopus],Alex Dolby - My Pamphlet (Mihalis Safras Remix) [Octopus]
2012-10-11 - Pan-Pot - Slam Radio 002,https://www.mixesdb.com/w/2012-10-11_-_Pan-Pot_-_Slam_Radio_002,,10,,Loco & Jam,Vesta [Unrilis],Loco & Jam - Vesta [Unrilis]
2012-10-11 - Pan-Pot - Slam Radio 002,https://www.mixesdb.com/w/2012-10-11_-_Pan-Pot_-_Slam_Radio_002,,11,,Arjun Vagale,Sleep Walking [Herzblut],Arjun Vagale - Sleep Walking [Herzblut]
2012-10-11 - Pan-Pot - Slam Radio 002,https://www.mixesdb.com/w/2012-10-11_-_Pan-Pot_-_Slam_Radio_002,,12,,Ida Engberg & Adam Beyer,The Color Out Of Space [Drumcode],Ida Engberg & Adam Beyer - The Color Out Of Space [Drumcode]
2019-08-09 - Pan-Pot - 9 Essentials,https://www.mixesdb.com/w/2019-08-09_-_Pan-Pot_-_9_Essentials,,1,00:00,Vin Sol,The Bohemian Club [Dark Entries - DE246],Vin Sol - The Bohemian Club [Dark Entries - DE246]
2019-08-09 - Pan-Pot - 9 Essentials,https://www.mixesdb.com/w/2019-08-09_-_Pan-Pot_-_9_Essentials,,2,02:22,Seroplexx,Dead Rat [Break New Soil - BNS066],Seroplexx - Dead Rat [Break New Soil - BNS066]
2019-08-09 - Pan-Pot - 9 Essentials,https://www.mixesdb.com/w/2019-08-09_-_Pan-Pot_-_9_Essentials,,3,07:51,Linkan Ray,Trip [Be As One - BAO 065],Linkan Ray - Trip [Be As One - BAO 065]
2019-08-09 - Pan-Pot - 9 Essentials,https://www.mixesdb.com/w/2019-08-09_-_Pan-Pot_-_9_Essentials,,4,12:33,Cari Lekebusch,Kappale [H-Productions - HPX106],Cari Lekebusch - Kappale [H-Productions - HPX106]
2019-08-09 - Pan-Pot - 9 Essentials,https://www.mixesdb.com/w/2019-08-09_-_Pan-Pot_-_9_Essentials,,5,18:18,Conforce,Carrier Signal [Transcendent - TRSD007],Conforce - Carrier Signal [Transcendent - TRSD007]
2019-08-09 - Pan-Pot - 9 Essentials,https://www.mixesdb.com/w/2019-08-09_-_Pan-Pot_-_9_Essentials,,6,24:30,Moteka,Burning Eyes [Skryptom - 40],Moteka - Burning Eyes [Skryptom - 40]
2019-08-09 - Pan-Pot - 9 Essentials,https://www.mixesdb.com/w/2019-08-09_-_Pan-Pot_-_9_Essentials,,7,31:45,Deas,Final Destination [Planet Rhythm - PRRUKD19010],Deas - Final Destination [Planet Rhythm - PRRUKD19010]
2019-08-09 - Pan-Pot - 9 Essentials,https://www.mixesdb.com/w/2019-08-09_-_Pan-Pot_-_9_Essentials,,8,36:30,Steve Parker,Psychedelic Therapy [Planet Rhythm - MUTED001],Steve Parker - Psychedelic Therapy [Planet Rhythm - MUTED001]
2019-08-09 - Pan-Pot - 9 Essentials,https://www.mixesdb.com/w/2019-08-09_-_Pan-Pot_-_9_Essentials,,9,42:30,Galaxy 2 Galaxy,Jupiter Jazz [Submerge - SUBCD-3029-2],Galaxy 2 Galaxy - Jupiter Jazz [Submerge - SUBCD-3029-2]
2026-06-15 - Pan-Pot - Electronic Groove Podcast (EG.1074),https://www.mixesdb.com/w/2026-06-15_-_Pan-Pot_-_Electronic_Groove_Podcast_(EG.1074),,1,,Sam Paganini,Magic In You,Sam Paganini - Magic In You
2026-06-15 - Pan-Pot - Electronic Groove Podcast (EG.1074),https://www.mixesdb.com/w/2026-06-15_-_Pan-Pot_-_Electronic_Groove_Podcast_(EG.1074),,2,,Klint,Prism,Klint - Prism
2026-06-15 - Pan-Pot - Electronic Groove Podcast (EG.1074),https://www.mixesdb.com/w/2026-06-15_-_Pan-Pot_-_Electronic_Groove_Podcast_(EG.1074),,3,,Devid Dega,?,Devid Dega - ?
2026-06-15 - Pan-Pot - Electronic Groove Podcast (EG.1074),https://www.mixesdb.com/w/2026-06-15_-_Pan-Pot_-_Electronic_Groove_Podcast_(EG.1074),,4,,Len Faki,Maschine Girl [Figure],Len Faki - Maschine Girl [Figure]
2026-06-15 - Pan-Pot - Electronic Groove Podcast (EG.1074),https://www.mixesdb.com/w/2026-06-15_-_Pan-Pot_-_Electronic_Groove_Podcast_(EG.1074),,5,,Marco V,Panther [In Charge],Marco V - Panther [In Charge]
2026-06-15 - Pan-Pot - Electronic Groove Podcast (EG.1074),https://www.mixesdb.com/w/2026-06-15_-_Pan-Pot_-_Electronic_Groove_Podcast_(EG.1074),,6,,Steve Rachmad,Moog On Acid [Music Man],Steve Rachmad - Moog On Acid [Music Man]
2026-06-15 - Pan-Pot - Electronic Groove Podcast (EG.1074),https://www.mixesdb.com/w/2026-06-15_-_Pan-Pot_-_Electronic_Groove_Podcast_(EG.1074),,7,,Vintage Culture & Mila Journée,Malabaris [Journeey],Vintage Culture & Mila Journée - Malabaris [Journeey]
2026-06-15 - Pan-Pot - Electronic Groove Podcast (EG.1074),https://www.mixesdb.com/w/2026-06-15_-_Pan-Pot_-_Electronic_Groove_Podcast_(EG.1074),,8,,Tyram,Redraft Memories,Tyram - Redraft Memories
2026-06-15 - Pan-Pot - Electronic Groove Podcast (EG.1074),https://www.mixesdb.com/w/2026-06-15_-_Pan-Pot_-_Electronic_Groove_Podcast_(EG.1074),,9,,Pan-Pot,Funke [Second State],Pan-Pot - Funke [Second State]
2026-06-15 - Pan-Pot - Electronic Groove Podcast (EG.1074),https://www.mixesdb.com/w/2026-06-15_-_Pan-Pot_-_Electronic_Groove_Podcast_(EG.1074),,10,,Ramon Tapia,Game Plan [RSPX],Ramon Tapia - Game Plan [RSPX]
2026-06-15 - Pan-Pot - Electronic Groove Podcast (EG.1074),https://www.mixesdb.com/w/2026-06-15_-_Pan-Pot_-_Electronic_Groove_Podcast_(EG.1074),,11,,Viviana Casanova,Come Back,Viviana Casanova - Come Back
2026-06-15 - Pan-Pot - Electronic Groove Podcast (EG.1074),https://www.mixesdb.com/w/2026-06-15_-_Pan-Pot_-_Electronic_Groove_Podcast_(EG.1074),,12,,Hertz,Darklove [Sway],Hertz - Darklove [Sway]
2026-06-15 - Pan-Pot - Electronic Groove Podcast (EG.1074),https://www.mixesdb.com/w/2026-06-15_-_Pan-Pot_-_Electronic_Groove_Podcast_(EG.1074),,13,,Devid Dega,?,Devid Dega - ?
2026-06-15 - Pan-Pot - Electronic Groove Podcast (EG.1074),https://www.mixesdb.com/w/2026-06-15_-_Pan-Pot_-_Electronic_Groove_Podcast_(EG.1074),,14,,The Exaltics,Parallel Reality [Repetitive Rhythm Research],The Exaltics - Parallel Reality [Repetitive Rhythm Research]
2026-06-15 - Pan-Pot - Electronic Groove Podcast (EG.1074),https://www.mixesdb.com/w/2026-06-15_-_Pan-Pot_-_Electronic_Groove_Podcast_(EG.1074),,15,,Eli Brown & Pan-Pot,Coming In Heavy [Arcane],Eli Brown & Pan-Pot - Coming In Heavy [Arcane]
2026-06-15 - Pan-Pot - Electronic Groove Podcast (EG.1074),https://www.mixesdb.com/w/2026-06-15_-_Pan-Pot_-_Electronic_Groove_Podcast_(EG.1074),,16,,Thomas Schumacher,Bigman Riddim [Electric Ballroom],Thomas Schumacher - Bigman Riddim [Electric Ballroom]
2026-06-15 - Pan-Pot - Electronic Groove Podcast (EG.1074),https://www.mixesdb.com/w/2026-06-15_-_Pan-Pot_-_Electronic_Groove_Podcast_(EG.1074),,17,,Viviana Casanova,Kilometers [Second State],Viviana Casanova - Kilometers [Second State]
2026-06-15 - Pan-Pot - Electronic Groove Podcast (EG.1074),https://www.mixesdb.com/w/2026-06-15_-_Pan-Pot_-_Electronic_Groove_Podcast_(EG.1074),,18,,Thomas Schumacher,Second Skin [Electric Ballroom],Thomas Schumacher - Second Skin [Electric Ballroom]
2026-06-15 - Pan-Pot - Electronic Groove Podcast (EG.1074),https://www.mixesdb.com/w/2026-06-15_-_Pan-Pot_-_Electronic_Groove_Podcast_(EG.1074),,19,,Sam Paganini,Ready To Rock,Sam Paganini - Ready To Rock
2026-06-15 - Pan-Pot - Electronic Groove Podcast (EG.1074),https://www.mixesdb.com/w/2026-06-15_-_Pan-Pot_-_Electronic_Groove_Podcast_(EG.1074),,20,,Gary Beck,Flight School [Bek],Gary Beck - Flight School [Bek]
2026-06-15 - Pan-Pot - Electronic Groove Podcast (EG.1074),https://www.mixesdb.com/w/2026-06-15_-_Pan-Pot_-_Electronic_Groove_Podcast_(EG.1074),,21,,Viviana Casanova,Kilometers [Second State],Viviana Casanova - Kilometers [Second State]
2026-06-15 - Pan-Pot - Electronic Groove Podcast (EG.1074),https://www.mixesdb.com/w/2026-06-15_-_Pan-Pot_-_Electronic_Groove_Podcast_(EG.1074),,22,,Dubesque,You Got My Love [Good],Dubesque - You Got My Love [Good]
2026-06-15 - Pan-Pot - Electronic Groove Podcast (EG.1074),https://www.mixesdb.com/w/2026-06-15_-_Pan-Pot_-_Electronic_Groove_Podcast_(EG.1074),,23,,Pan-Pot & Gray Cosmo,?,Pan-Pot & Gray Cosmo - ?
2026-06-15 - Pan-Pot - Electronic Groove Podcast (EG.1074),https://www.mixesdb.com/w/2026-06-15_-_Pan-Pot_-_Electronic_Groove_Podcast_(EG.1074),,24,,Green Velvet vs MEDUZA & GENESI & ESSENTIA,La La Land [Broke],Green Velvet vs MEDUZA & GENESI & ESSENTIA - La La Land [Broke]
2014-05-16 - Pan-Pot - Groove Mix,https://www.mixesdb.com/w/2014-05-16_-_Pan-Pot_-_Groove_Mix,,1,00,Gel Abril,Changing Steps [Be As One - BAODIG 009],Gel Abril - Changing Steps [Be As One - BAODIG 009]
2014-05-16 - Pan-Pot - Groove Mix,https://www.mixesdb.com/w/2014-05-16_-_Pan-Pot_-_Groove_Mix,,2,06,Josh Wink,Are You There (ROD Remix),Josh Wink - Are You There (ROD Remix)
2014-05-16 - Pan-Pot - Groove Mix,https://www.mixesdb.com/w/2014-05-16_-_Pan-Pot_-_Groove_Mix,,3,08,Konplott,Fixed [Be As One - BAO 045],Konplott - Fixed [Be As One - BAO 045]
2014-05-16 - Pan-Pot - Groove Mix,https://www.mixesdb.com/w/2014-05-16_-_Pan-Pot_-_Groove_Mix,,4,11,David Amo & Julio Navas,Squirt (Ron Costa Remix) [Great Stuff],David Amo & Julio Navas - Squirt (Ron Costa Remix) [Great Stuff]
2014-05-16 - Pan-Pot - Groove Mix,https://www.mixesdb.com/w/2014-05-16_-_Pan-Pot_-_Groove_Mix,,5,14,Mashkov & Aurum,You Are Space [Eve - 18],Mashkov & Aurum - You Are Space [Eve - 18]
2014-05-16 - Pan-Pot - Groove Mix,https://www.mixesdb.com/w/2014-05-16_-_Pan-Pot_-_Groove_Mix,,6,20,Maceo Plex,Conjure Bass [Ellum - ELL 018],Maceo Plex - Conjure Bass [Ellum - ELL 018]
2014-05-16 - Pan-Pot - Groove Mix,https://www.mixesdb.com/w/2014-05-16_-_Pan-Pot_-_Groove_Mix,,7,25,Pan Pot,Third Eye [Second State - SNDST 001],Pan Pot - Third Eye [Second State - SNDST 001]
2014-05-16 - Pan-Pot - Groove Mix,https://www.mixesdb.com/w/2014-05-16_-_Pan-Pot_-_Groove_Mix,,8,31,Tony Rohr & Layton Giordani,Careless Suggestions [Phobiq - 091D],Tony Rohr & Layton Giordani - Careless Suggestions [Phobiq - 091D]
2014-05-16 - Pan-Pot - Groove Mix,https://www.mixesdb.com/w/2014-05-16_-_Pan-Pot_-_Groove_Mix,,9,35,Pig&Dan,Purple Pods,Pig&Dan - Purple Pods
2014-05-16 - Pan-Pot - Groove Mix,https://www.mixesdb.com/w/2014-05-16_-_Pan-Pot_-_Groove_Mix,,10,41,Gary Beck,Blotch [Bek - 018],Gary Beck - Blotch [Bek - 018]
2014-05-16 - Pan-Pot - Groove Mix,https://www.mixesdb.com/w/2014-05-16_-_Pan-Pot_-_Groove_Mix,,11,44,Alberto Pascual,Doer [CLR - 076],Alberto Pascual - Doer [CLR - 076]
2014-05-16 - Pan-Pot - Groove Mix,https://www.mixesdb.com/w/2014-05-16_-_Pan-Pot_-_Groove_Mix,,12,45,Robert Hood,Untitled 1 (Taken From Moveable Parts Chapter 1) (Mark Broom Edit),Robert Hood - Untitled 1 (Taken From Moveable Parts Chapter 1) (Mark Broom Edit)
2014-05-16 - Pan-Pot - Groove Mix,https://www.mixesdb.com/w/2014-05-16_-_Pan-Pot_-_Groove_Mix,,13,47,Harvey McKay,Smoke Drunk [Intec Digital - ID 055],Harvey McKay - Smoke Drunk [Intec Digital - ID 055]
2014-05-16 - Pan-Pot - Groove Mix,https://www.mixesdb.com/w/2014-05-16_-_Pan-Pot_-_Groove_Mix,,14,51,Vince Watson,Aurelon 10 [Bedrock - BEDDIGI 46],Vince Watson - Aurelon 10 [Bedrock - BEDDIGI 46]
2015-06-03 - Pan-Pot - Sonar By Day 2015 (Promo Mix),https://www.mixesdb.com/w/2015-06-03_-_Pan-Pot_-_Sonar_By_Day_2015_(Promo_Mix),,1,00,,?,?
2015-06-03 - Pan-Pot - Sonar By Day 2015 (Promo Mix),https://www.mixesdb.com/w/2015-06-03_-_Pan-Pot_-_Sonar_By_Day_2015_(Promo_Mix),,2,05,,?,?
2015-06-03 - Pan-Pot - Sonar By Day 2015 (Promo Mix),https://www.mixesdb.com/w/2015-06-03_-_Pan-Pot_-_Sonar_By_Day_2015_(Promo_Mix),,3,09,Kydus,Transatlantic [Circus - 048],Kydus - Transatlantic [Circus - 048]
2015-06-03 - Pan-Pot - Sonar By Day 2015 (Promo Mix),https://www.mixesdb.com/w/2015-06-03_-_Pan-Pot_-_Sonar_By_Day_2015_(Promo_Mix),,4,15,Kaiserdisco Feat. Cari Golden,Electric [KD RAW 005],Kaiserdisco Feat. Cari Golden - Electric [KD RAW 005]
2015-06-03 - Pan-Pot - Sonar By Day 2015 (Promo Mix),https://www.mixesdb.com/w/2015-06-03_-_Pan-Pot_-_Sonar_By_Day_2015_(Promo_Mix),,5,21,Pan-Pot,Pina,Pan-Pot - Pina
2015-06-03 - Pan-Pot - Sonar By Day 2015 (Promo Mix),https://www.mixesdb.com/w/2015-06-03_-_Pan-Pot_-_Sonar_By_Day_2015_(Promo_Mix),,6,25,Metodi Hristov,Popcorned [Toolroom Longplayer - GU 2056 01Z],Metodi Hristov - Popcorned [Toolroom Longplayer - GU 2056 01Z]
2015-06-03 - Pan-Pot - Sonar By Day 2015 (Promo Mix),https://www.mixesdb.com/w/2015-06-03_-_Pan-Pot_-_Sonar_By_Day_2015_(Promo_Mix),,7,30,Alan Fitzpatrick & Reset Robot,Easy [Whistleblower - WBR 006],Alan Fitzpatrick & Reset Robot - Easy [Whistleblower - WBR 006]
2015-06-03 - Pan-Pot - Sonar By Day 2015 (Promo Mix),https://www.mixesdb.com/w/2015-06-03_-_Pan-Pot_-_Sonar_By_Day_2015_(Promo_Mix),,8,35,Seth Troxler,CZ,Seth Troxler - CZ
2015-06-03 - Pan-Pot - Sonar By Day 2015 (Promo Mix),https://www.mixesdb.com/w/2015-06-03_-_Pan-Pot_-_Sonar_By_Day_2015_(Promo_Mix),,9,40,Clio,Dangerous,Clio - Dangerous
2015-06-03 - Pan-Pot - Sonar By Day 2015 (Promo Mix),https://www.mixesdb.com/w/2015-06-03_-_Pan-Pot_-_Sonar_By_Day_2015_(Promo_Mix),,10,48,Skiver,Playing Games [Drumcode],Skiver - Playing Games [Drumcode]
2015-06-03 - Pan-Pot - Sonar By Day 2015 (Promo Mix),https://www.mixesdb.com/w/2015-06-03_-_Pan-Pot_-_Sonar_By_Day_2015_(Promo_Mix),,11,53,The Reason Y,Sumatra,The Reason Y - Sumatra
2015-06-03 - Pan-Pot - Sonar By Day 2015 (Promo Mix),https://www.mixesdb.com/w/2015-06-03_-_Pan-Pot_-_Sonar_By_Day_2015_(Promo_Mix),,12,58,Robag Wruhme,Volta Cobby,Robag Wruhme - Volta Cobby
"2010-01-12 - Dennis Ruyer, Pan-Pot - Dance Department Podcast 226","https://www.mixesdb.com/w/2010-01-12_-_Dennis_Ruyer,_Pan-Pot_-_Dance_Department_Podcast_226",Dennis Ruyer,1,,Larry Tee Feat. Roxy Cottontail,Let's Make Nasty (Afrojack Mix) [N.E.W.S.],Larry Tee Feat. Roxy Cottontail - Let's Make Nasty (Afrojack Mix) [N.E.W.S.]
"2010-01-12 - Dennis Ruyer, Pan-Pot - Dance Department Podcast 226","https://www.mixesdb.com/w/2010-01-12_-_Dennis_Ruyer,_Pan-Pot_-_Dance_Department_Podcast_226",Dennis Ruyer,2,,Solomun,After Rain Comes Sun (Joris Voorn Mix) [Diynamic],Solomun - After Rain Comes Sun (Joris Voorn Mix) [Diynamic]
"2010-01-12 - Dennis Ruyer, Pan-Pot - Dance Department Podcast 226","https://www.mixesdb.com/w/2010-01-12_-_Dennis_Ruyer,_Pan-Pot_-_Dance_Department_Podcast_226",Dennis Ruyer,3,,Ofrin,How Come (Daso Mix) [Manual Music],Ofrin - How Come (Daso Mix) [Manual Music]
"2010-01-12 - Dennis Ruyer, Pan-Pot - Dance Department Podcast 226","https://www.mixesdb.com/w/2010-01-12_-_Dennis_Ruyer,_Pan-Pot_-_Dance_Department_Podcast_226",Dennis Ruyer,4,,Dennis Ferrer,Sinfonia Della Notte (John Dahlback Mix) [Strictly Rhythm],Dennis Ferrer - Sinfonia Della Notte (John Dahlback Mix) [Strictly Rhythm]
"2010-01-12 - Dennis Ruyer, Pan-Pot - Dance Department Podcast 226","https://www.mixesdb.com/w/2010-01-12_-_Dennis_Ruyer,_Pan-Pot_-_Dance_Department_Podcast_226",Dennis Ruyer,5,,Sascha Braemer,Some Sweat [Dirtybird],Sascha Braemer - Some Sweat [Dirtybird]
"2010-01-12 - Dennis Ruyer, Pan-Pot - Dance Department Podcast 226","https://www.mixesdb.com/w/2010-01-12_-_Dennis_Ruyer,_Pan-Pot_-_Dance_Department_Podcast_226",Beatport WorldWideWarning,1,,N/A Feat. Rosina,Fables And Fairytales (Deniz Kurtel Mix) [Crosstown Rebels],N/A Feat. Rosina - Fables And Fairytales (Deniz Kurtel Mix) [Crosstown Rebels]
"2010-01-12 - Dennis Ruyer, Pan-Pot - Dance Department Podcast 226","https://www.mixesdb.com/w/2010-01-12_-_Dennis_Ruyer,_Pan-Pot_-_Dance_Department_Podcast_226",Pan-Pot,1,,"Jerome Pacman, David K, OTP",Out of Phase [Quartz],"Jerome Pacman, David K, OTP - Out of Phase [Quartz]"
"2010-01-12 - Dennis Ruyer, Pan-Pot - Dance Department Podcast 226","https://www.mixesdb.com/w/2010-01-12_-_Dennis_Ruyer,_Pan-Pot_-_Dance_Department_Podcast_226",Pan-Pot,2,,Gunnar Stiller,Chelios [Voltage Musique],Gunnar Stiller - Chelios [Voltage Musique]
"2010-01-12 - Dennis Ruyer, Pan-Pot - Dance Department Podcast 226","https://www.mixesdb.com/w/2010-01-12_-_Dennis_Ruyer,_Pan-Pot_-_Dance_Department_Podcast_226",Pan-Pot,3,,DJ Madskillz,Surface [Bitten],DJ Madskillz - Surface [Bitten]
"2010-01-12 - Dennis Ruyer, Pan-Pot - Dance Department Podcast 226","https://www.mixesdb.com/w/2010-01-12_-_Dennis_Ruyer,_Pan-Pot_-_Dance_Department_Podcast_226",Pan-Pot,4,,"Citizen Kain, Phuture Traxx",Cameleon (Pfirter Remix) [Neverending],"Citizen Kain, Phuture Traxx - Cameleon (Pfirter Remix) [Neverending]"
"2010-01-12 - Dennis Ruyer, Pan-Pot - Dance Department Podcast 226","https://www.mixesdb.com/w/2010-01-12_-_Dennis_Ruyer,_Pan-Pot_-_Dance_Department_Podcast_226",Pan-Pot,5,,Pascal Mollin,Elephant (Pan-Pot Remix) [Touched],Pascal Mollin - Elephant (Pan-Pot Remix) [Touched]
"2010-01-12 - Dennis Ruyer, Pan-Pot - Dance Department Podcast 226","https://www.mixesdb.com/w/2010-01-12_-_Dennis_Ruyer,_Pan-Pot_-_Dance_Department_Podcast_226",Dennis Ruyer,1,,Classic: Green Velvet,Destination Unknown [Music Man],Classic: Green Velvet - Destination Unknown [Music Man]
2010-01-07 - Pan-Pot - Clubbed Up Podcast 053,https://www.mixesdb.com/w/2010-01-07_-_Pan-Pot_-_Clubbed_Up_Podcast_053,James Burn,1,,Christian Smith & John Selway,Manfreak (Athos Remix),Christian Smith & John Selway - Manfreak (Athos Remix)
2010-01-07 - Pan-Pot - Clubbed Up Podcast 053,https://www.mixesdb.com/w/2010-01-07_-_Pan-Pot_-_Clubbed_Up_Podcast_053,James Burn,2,,Justin Drake,Gotta Let Me Know (DJ Sneak Remix),Justin Drake - Gotta Let Me Know (DJ Sneak Remix)
2010-01-07 - Pan-Pot - Clubbed Up Podcast 053,https://www.mixesdb.com/w/2010-01-07_-_Pan-Pot_-_Clubbed_Up_Podcast_053,James Burn,3,,Carlo Lio,Breakfast In Bag,Carlo Lio - Breakfast In Bag
2010-01-07 - Pan-Pot - Clubbed Up Podcast 053,https://www.mixesdb.com/w/2010-01-07_-_Pan-Pot_-_Clubbed_Up_Podcast_053,James Burn,4,,Pascal Mollin,The Elephant,Pascal Mollin - The Elephant
2010-01-07 - Pan-Pot - Clubbed Up Podcast 053,https://www.mixesdb.com/w/2010-01-07_-_Pan-Pot_-_Clubbed_Up_Podcast_053,James Burn,5,,Nice7,Scappiamo (Spektre Remix),Nice7 - Scappiamo (Spektre Remix)
2010-01-07 - Pan-Pot - Clubbed Up Podcast 053,https://www.mixesdb.com/w/2010-01-07_-_Pan-Pot_-_Clubbed_Up_Podcast_053,James Burn,6,,Roberto,Biomass,Roberto - Biomass
2010-01-07 - Pan-Pot - Clubbed Up Podcast 053,https://www.mixesdb.com/w/2010-01-07_-_Pan-Pot_-_Clubbed_Up_Podcast_053,James Burn,7,,Nic Fanciulli,Lazio (Dustin Zahn Remix),Nic Fanciulli - Lazio (Dustin Zahn Remix)
2010-01-07 - Pan-Pot - Clubbed Up Podcast 053,https://www.mixesdb.com/w/2010-01-07_-_Pan-Pot_-_Clubbed_Up_Podcast_053,James Burn,8,,Andomat 3000,Brique (Mihal Popoviciu Remix),Andomat 3000 - Brique (Mihal Popoviciu Remix)
2010-01-07 - Pan-Pot - Clubbed Up Podcast 053,https://www.mixesdb.com/w/2010-01-07_-_Pan-Pot_-_Clubbed_Up_Podcast_053,James Burn,9,,Reset Robot,Tu Cheekah,Reset Robot - Tu Cheekah
2010-01-07 - Pan-Pot - Clubbed Up Podcast 053,https://www.mixesdb.com/w/2010-01-07_-_Pan-Pot_-_Clubbed_Up_Podcast_053,James Burn,10,,Hobo,Eazy,Hobo - Eazy
2010-01-07 - Pan-Pot - Clubbed Up Podcast 053,https://www.mixesdb.com/w/2010-01-07_-_Pan-Pot_-_Clubbed_Up_Podcast_053,James Burn,11,,Broombeck,The Clapper (Dolphins Remix),Broombeck - The Clapper (Dolphins Remix)
2010-01-07 - Pan-Pot - Clubbed Up Podcast 053,https://www.mixesdb.com/w/2010-01-07_-_Pan-Pot_-_Clubbed_Up_Podcast_053,James Burn,12,,Alex & Filip,Deconstructed (Ran Shani Remix),Alex & Filip - Deconstructed (Ran Shani Remix)
2010-01-07 - Pan-Pot - Clubbed Up Podcast 053,https://www.mixesdb.com/w/2010-01-07_-_Pan-Pot_-_Clubbed_Up_Podcast_053,Pan-Pot,1,,"Jerome Pacman, David K, OTP",Out Of Phase [Quartz Rec],"Jerome Pacman, David K, OTP - Out Of Phase [Quartz Rec]"
2010-01-07 - Pan-Pot - Clubbed Up Podcast 053,https://www.mixesdb.com/w/2010-01-07_-_Pan-Pot_-_Clubbed_Up_Podcast_053,Pan-Pot,2,,Gunnar Stiller,Chelios [Voltage Musique Rec],Gunnar Stiller - Chelios [Voltage Musique Rec]
2010-01-07 - Pan-Pot - Clubbed Up Podcast 053,https://www.mixesdb.com/w/2010-01-07_-_Pan-Pot_-_Clubbed_Up_Podcast_053,Pan-Pot,3,,DJ Madskillz,Surface [Bitten],DJ Madskillz - Surface [Bitten]
2010-01-07 - Pan-Pot - Clubbed Up Podcast 053,https://www.mixesdb.com/w/2010-01-07_-_Pan-Pot_-_Clubbed_Up_Podcast_053,Pan-Pot,4,,"Citizen Kain, Phuture Traxx",Cameleon (Pfirter Remix) [Neverending Rec],"Citizen Kain, Phuture Traxx - Cameleon (Pfirter Remix) [Neverending Rec]"
2010-01-07 - Pan-Pot - Clubbed Up Podcast 053,https://www.mixesdb.com/w/2010-01-07_-_Pan-Pot_-_Clubbed_Up_Podcast_053,Pan-Pot,5,,Pascal Mollin,Elephant (Pan-Pot Remix) [Touched Rec],Pascal Mollin - Elephant (Pan-Pot Remix) [Touched Rec]
2010-01-07 - Pan-Pot - Clubbed Up Podcast 053,https://www.mixesdb.com/w/2010-01-07_-_Pan-Pot_-_Clubbed_Up_Podcast_053,Pan-Pot,6,,Gaiser,Flashed [Minus],Gaiser - Flashed [Minus]
2010-01-07 - Pan-Pot - Clubbed Up Podcast 053,https://www.mixesdb.com/w/2010-01-07_-_Pan-Pot_-_Clubbed_Up_Podcast_053,Pan-Pot,7,,Oliver Huntemann,Bloody Mary [Ideal],Oliver Huntemann - Bloody Mary [Ideal]
2010-01-07 - Pan-Pot - Clubbed Up Podcast 053,https://www.mixesdb.com/w/2010-01-07_-_Pan-Pot_-_Clubbed_Up_Podcast_053,Pan-Pot,8,,Blake Baxter,Our Luv [Disko B],Blake Baxter - Our Luv [Disko B]
2012-09-19 - Pan-Pot - DJ Weekly Podcast,https://www.mixesdb.com/w/2012-09-19_-_Pan-Pot_-_DJ_Weekly_Podcast,,1,,Hobo,Matador (Not Even Looking) [Minus],Hobo - Matador (Not Even Looking) [Minus]
2012-09-19 - Pan-Pot - DJ Weekly Podcast,https://www.mixesdb.com/w/2012-09-19_-_Pan-Pot_-_DJ_Weekly_Podcast,,2,,Mihai Popoviciu,Trading Signals [Highgrade],Mihai Popoviciu - Trading Signals [Highgrade]
2012-09-19 - Pan-Pot - DJ Weekly Podcast,https://www.mixesdb.com/w/2012-09-19_-_Pan-Pot_-_DJ_Weekly_Podcast,,3,,Julian Jeweil,The Gang [Plus8],Julian Jeweil - The Gang [Plus8]
2012-09-19 - Pan-Pot - DJ Weekly Podcast,https://www.mixesdb.com/w/2012-09-19_-_Pan-Pot_-_DJ_Weekly_Podcast,,4,,Maceo Plex,Walk Alone [Ellum],Maceo Plex - Walk Alone [Ellum]
2012-09-19 - Pan-Pot - DJ Weekly Podcast,https://www.mixesdb.com/w/2012-09-19_-_Pan-Pot_-_DJ_Weekly_Podcast,,5,,Technasia,Bastille Days [Ovum],Technasia - Bastille Days [Ovum]
2012-09-19 - Pan-Pot - DJ Weekly Podcast,https://www.mixesdb.com/w/2012-09-19_-_Pan-Pot_-_DJ_Weekly_Podcast,,6,,Dubfire,Slowburn [SCI + TEC],Dubfire - Slowburn [SCI + TEC]
2012-09-19 - Pan-Pot - DJ Weekly Podcast,https://www.mixesdb.com/w/2012-09-19_-_Pan-Pot_-_DJ_Weekly_Podcast,,7,,Romoano Alfieri,Arena Chord [Break New Soil],Romoano Alfieri - Arena Chord [Break New Soil]
2012-09-19 - Pan-Pot - DJ Weekly Podcast,https://www.mixesdb.com/w/2012-09-19_-_Pan-Pot_-_DJ_Weekly_Podcast,,8,,Sian,Canary In The Coalmine [Octupus],Sian - Canary In The Coalmine [Octupus]
2012-09-19 - Pan-Pot - DJ Weekly Podcast,https://www.mixesdb.com/w/2012-09-19_-_Pan-Pot_-_DJ_Weekly_Podcast,,9,,D-Nox & Beckers,Watch Me Now (Egbert Remix),D-Nox & Beckers - Watch Me Now (Egbert Remix)
2012-09-19 - Pan-Pot - DJ Weekly Podcast,https://www.mixesdb.com/w/2012-09-19_-_Pan-Pot_-_DJ_Weekly_Podcast,,10,,Julian Jeweil,Hey You [Plus8],Julian Jeweil - Hey You [Plus8]
2012-09-19 - Pan-Pot - DJ Weekly Podcast,https://www.mixesdb.com/w/2012-09-19_-_Pan-Pot_-_DJ_Weekly_Podcast,,11,,Heiko Laux & Diego Hostetter,Girl [Rejected],Heiko Laux & Diego Hostetter - Girl [Rejected]
2012-09-19 - Pan-Pot - DJ Weekly Podcast,https://www.mixesdb.com/w/2012-09-19_-_Pan-Pot_-_DJ_Weekly_Podcast,,12,,Terranova,Question Mark / Adam Port Mix [Kompakt],Terranova - Question Mark / Adam Port Mix [Kompakt]
"2018-07-07 - Pan-Pot @ FuturFestival, Turin","https://www.mixesdb.com/w/2018-07-07_-_Pan-Pot_@_FuturFestival,_Turin",,1,000,Ryan Mckay,Illusions [Bek - BEK032],Ryan Mckay - Illusions [Bek - BEK032]
"2018-07-07 - Pan-Pot @ FuturFestival, Turin","https://www.mixesdb.com/w/2018-07-07_-_Pan-Pot_@_FuturFestival,_Turin",,2,004,,?,?
"2018-07-07 - Pan-Pot @ FuturFestival, Turin","https://www.mixesdb.com/w/2018-07-07_-_Pan-Pot_@_FuturFestival,_Turin",,3,007,Michael Klein,Man In The Mirror [Suara - SUARA325],Michael Klein - Man In The Mirror [Suara - SUARA325]
"2018-07-07 - Pan-Pot @ FuturFestival, Turin","https://www.mixesdb.com/w/2018-07-07_-_Pan-Pot_@_FuturFestival,_Turin",,4,011,DJ Dextro,Simetrico [Hardwandler - HWR137],DJ Dextro - Simetrico [Hardwandler - HWR137]
"2018-07-07 - Pan-Pot @ FuturFestival, Turin","https://www.mixesdb.com/w/2018-07-07_-_Pan-Pot_@_FuturFestival,_Turin",,5,014,Thomas Schumacher,When I Rock [Bush - Bush1050],Thomas Schumacher - When I Rock [Bush - Bush1050]
"2018-07-07 - Pan-Pot @ FuturFestival, Turin","https://www.mixesdb.com/w/2018-07-07_-_Pan-Pot_@_FuturFestival,_Turin",,6,020,Thomas Hoffknecht,264 [Second State Audio - SNDST048],Thomas Hoffknecht - 264 [Second State Audio - SNDST048]
"2018-07-07 - Pan-Pot @ FuturFestival, Turin","https://www.mixesdb.com/w/2018-07-07_-_Pan-Pot_@_FuturFestival,_Turin",,7,024,,?,?
"2018-07-07 - Pan-Pot @ FuturFestival, Turin","https://www.mixesdb.com/w/2018-07-07_-_Pan-Pot_@_FuturFestival,_Turin",,8,029,Deas,Plan X [Secret Room - SRR007],Deas - Plan X [Secret Room - SRR007]
"2018-07-07 - Pan-Pot @ FuturFestival, Turin","https://www.mixesdb.com/w/2018-07-07_-_Pan-Pot_@_FuturFestival,_Turin",,9,035,Skream,Poison [We Are The Brave - WATB019],Skream - Poison [We Are The Brave - WATB019]
"2018-07-07 - Pan-Pot @ FuturFestival, Turin","https://www.mixesdb.com/w/2018-07-07_-_Pan-Pot_@_FuturFestival,_Turin",,10,040,Cardao,Phenomena [Quartz - QRZ034],Cardao - Phenomena [Quartz - QRZ034]
"2018-07-07 - Pan-Pot @ FuturFestival, Turin","https://www.mixesdb.com/w/2018-07-07_-_Pan-Pot_@_FuturFestival,_Turin",,11,045,Flug,Rave (Coyu Raw Mix) [Suara - SUARA315],Flug - Rave (Coyu Raw Mix) [Suara - SUARA315]
"2018-07-07 - Pan-Pot @ FuturFestival, Turin","https://www.mixesdb.com/w/2018-07-07_-_Pan-Pot_@_FuturFestival,_Turin",,12,049,Keith Carnal,Racidence [Arts - A017],Keith Carnal - Racidence [Arts - A017]
"2018-07-07 - Pan-Pot @ FuturFestival, Turin","https://www.mixesdb.com/w/2018-07-07_-_Pan-Pot_@_FuturFestival,_Turin",,13,054,Sonate,Frequency [Off - OFF169],Sonate - Frequency [Off - OFF169]
"2018-07-07 - Pan-Pot @ FuturFestival, Turin","https://www.mixesdb.com/w/2018-07-07_-_Pan-Pot_@_FuturFestival,_Turin",,14,058,SHDW & Obscure Shape,Wächter der Nacht [From Another Mind - FAM005],SHDW & Obscure Shape - Wächter der Nacht [From Another Mind - FAM005]
"2018-07-07 - Pan-Pot @ FuturFestival, Turin","https://www.mixesdb.com/w/2018-07-07_-_Pan-Pot_@_FuturFestival,_Turin",,15,062,Bart Skils & Adam Beyer,Your Mind [Drumcode - DC191],Bart Skils & Adam Beyer - Your Mind [Drumcode - DC191]
"2018-07-07 - Pan-Pot @ FuturFestival, Turin","https://www.mixesdb.com/w/2018-07-07_-_Pan-Pot_@_FuturFestival,_Turin",,16,067,Pan-Pot,Funke [Second State - SNDST045],Pan-Pot - Funke [Second State - SNDST045]
"2018-07-07 - Pan-Pot @ FuturFestival, Turin","https://www.mixesdb.com/w/2018-07-07_-_Pan-Pot_@_FuturFestival,_Turin",,17,073,Diego Amura,Euphasia [Etruria Beat - ETB046],Diego Amura - Euphasia [Etruria Beat - ETB046]
"2019-02-16 - Pan-Pot @ Shelter, Amsterdam (Live Series 035)","https://www.mixesdb.com/w/2019-02-16_-_Pan-Pot_@_Shelter,_Amsterdam_(Live_Series_035)",,1,000,FJAAK,Ether [Index Marcel Fengler - IMF10],FJAAK - Ether [Index Marcel Fengler - IMF10]
"2019-02-16 - Pan-Pot @ Shelter, Amsterdam (Live Series 035)","https://www.mixesdb.com/w/2019-02-16_-_Pan-Pot_@_Shelter,_Amsterdam_(Live_Series_035)",,2,008,,?,?
"2019-02-16 - Pan-Pot @ Shelter, Amsterdam (Live Series 035)","https://www.mixesdb.com/w/2019-02-16_-_Pan-Pot_@_Shelter,_Amsterdam_(Live_Series_035)",,3,012,Echologist,Restoration [Anemone - ANEM0042],Echologist - Restoration [Anemone - ANEM0042]
"2019-02-16 - Pan-Pot @ Shelter, Amsterdam (Live Series 035)","https://www.mixesdb.com/w/2019-02-16_-_Pan-Pot_@_Shelter,_Amsterdam_(Live_Series_035)",,4,018,Luigi Tozzi,Tender Is The Night [Non Series - NON035D],Luigi Tozzi - Tender Is The Night [Non Series - NON035D]
"2019-02-16 - Pan-Pot @ Shelter, Amsterdam (Live Series 035)","https://www.mixesdb.com/w/2019-02-16_-_Pan-Pot_@_Shelter,_Amsterdam_(Live_Series_035)",,5,023,Luigi Tozzi,Black Market [Non Series - NON035D],Luigi Tozzi - Black Market [Non Series - NON035D]
"2019-02-16 - Pan-Pot @ Shelter, Amsterdam (Live Series 035)","https://www.mixesdb.com/w/2019-02-16_-_Pan-Pot_@_Shelter,_Amsterdam_(Live_Series_035)",,6,027,,?,?
"2019-02-16 - Pan-Pot @ Shelter, Amsterdam (Live Series 035)","https://www.mixesdb.com/w/2019-02-16_-_Pan-Pot_@_Shelter,_Amsterdam_(Live_Series_035)",,7,033,Samuel L Session,Deserted [Affin - AFFIN018COMP],Samuel L Session - Deserted [Affin - AFFIN018COMP]
"2019-02-16 - Pan-Pot @ Shelter, Amsterdam (Live Series 035)","https://www.mixesdb.com/w/2019-02-16_-_Pan-Pot_@_Shelter,_Amsterdam_(Live_Series_035)",,8,036,Locked Groove,Zillion [Locked Groove - LGR005],Locked Groove - Zillion [Locked Groove - LGR005]
"2011-04-03 - Pan-Pot @ Licht & Liebe Opening, Berlin","https://www.mixesdb.com/w/2011-04-03_-_Pan-Pot_@_Licht_&_Liebe_Opening,_Berlin",,1,00,Emmanuel,Nautilus,Emmanuel - Nautilus
"2011-04-03 - Pan-Pot @ Licht & Liebe Opening, Berlin","https://www.mixesdb.com/w/2011-04-03_-_Pan-Pot_@_Licht_&_Liebe_Opening,_Berlin",,2,05,Flora Cruz,Let The Sunshine Out (Jerome Sydenham Vocal Dub),Flora Cruz - Let The Sunshine Out (Jerome Sydenham Vocal Dub)
"2011-04-03 - Pan-Pot @ Licht & Liebe Opening, Berlin","https://www.mixesdb.com/w/2011-04-03_-_Pan-Pot_@_Licht_&_Liebe_Opening,_Berlin",,3,10,Sam Paganini,Pleasure,Sam Paganini - Pleasure
"2011-04-03 - Pan-Pot @ Licht & Liebe Opening, Berlin","https://www.mixesdb.com/w/2011-04-03_-_Pan-Pot_@_Licht_&_Liebe_Opening,_Berlin",,4,15,Vincent Thomas,If I Had Known This Before,Vincent Thomas - If I Had Known This Before
"2011-04-03 - Pan-Pot @ Licht & Liebe Opening, Berlin","https://www.mixesdb.com/w/2011-04-03_-_Pan-Pot_@_Licht_&_Liebe_Opening,_Berlin",,5,22,Sebjak,Bigger,Sebjak - Bigger
"2011-04-03 - Pan-Pot @ Licht & Liebe Opening, Berlin","https://www.mixesdb.com/w/2011-04-03_-_Pan-Pot_@_Licht_&_Liebe_Opening,_Berlin",,6,26,Cirez D,Full Stop,Cirez D - Full Stop
"2011-04-03 - Pan-Pot @ Licht & Liebe Opening, Berlin","https://www.mixesdb.com/w/2011-04-03_-_Pan-Pot_@_Licht_&_Liebe_Opening,_Berlin",,7,32,Pan-Pot Feat. Cari Golden,Captain My Captain,Pan-Pot Feat. Cari Golden - Captain My Captain
"2011-04-03 - Pan-Pot @ Licht & Liebe Opening, Berlin","https://www.mixesdb.com/w/2011-04-03_-_Pan-Pot_@_Licht_&_Liebe_Opening,_Berlin",,8,38,Daniele Papini,Church Of Nonsense,Daniele Papini - Church Of Nonsense
"2011-04-03 - Pan-Pot @ Licht & Liebe Opening, Berlin","https://www.mixesdb.com/w/2011-04-03_-_Pan-Pot_@_Licht_&_Liebe_Opening,_Berlin",,9,43,Da Fresh,Once Again,Da Fresh - Once Again
"2011-04-03 - Pan-Pot @ Licht & Liebe Opening, Berlin","https://www.mixesdb.com/w/2011-04-03_-_Pan-Pot_@_Licht_&_Liebe_Opening,_Berlin",,10,48,Joris Voorn,The Secret,Joris Voorn - The Secret
"2011-04-03 - Pan-Pot @ Licht & Liebe Opening, Berlin","https://www.mixesdb.com/w/2011-04-03_-_Pan-Pot_@_Licht_&_Liebe_Opening,_Berlin",,11,55,,?,?
"2011-04-03 - Pan-Pot @ Licht & Liebe Opening, Berlin","https://www.mixesdb.com/w/2011-04-03_-_Pan-Pot_@_Licht_&_Liebe_Opening,_Berlin",,12,60,Slam Feat. Tyrone,Lifetimes (Pan-Pot Tribute To Life Remix),Slam Feat. Tyrone - Lifetimes (Pan-Pot Tribute To Life Remix)
"2011-04-03 - Pan-Pot @ Licht & Liebe Opening, Berlin","https://www.mixesdb.com/w/2011-04-03_-_Pan-Pot_@_Licht_&_Liebe_Opening,_Berlin",,13,63,Paul Kalkbrenner,Gebruenn Gebruenn (Special Berlin Calling Edit),Paul Kalkbrenner - Gebruenn Gebruenn (Special Berlin Calling Edit)
2021-07-09 - Pan-Pot - 9 Essentials July 2021,https://www.mixesdb.com/w/2021-07-09_-_Pan-Pot_-_9_Essentials_July_2021,,1,00:00,Mistake Made,Othau [Second State - SNDST092],Mistake Made - Othau [Second State - SNDST092]
2021-07-09 - Pan-Pot - 9 Essentials July 2021,https://www.mixesdb.com/w/2021-07-09_-_Pan-Pot_-_9_Essentials_July_2021,,2,03:53,Holldën,Myosotis [Second State - SNDST092],Holldën - Myosotis [Second State - SNDST092]
2021-07-09 - Pan-Pot - 9 Essentials July 2021,https://www.mixesdb.com/w/2021-07-09_-_Pan-Pot_-_9_Essentials_July_2021,,3,07:54,Tahko,Relieved [Second State - SNDST092],Tahko - Relieved [Second State - SNDST092]
2021-07-09 - Pan-Pot - 9 Essentials July 2021,https://www.mixesdb.com/w/2021-07-09_-_Pan-Pot_-_9_Essentials_July_2021,,4,11:23,Yotam Avni,Afrika Salam [Second State - SNDST092],Yotam Avni - Afrika Salam [Second State - SNDST092]
2021-07-09 - Pan-Pot - 9 Essentials July 2021,https://www.mixesdb.com/w/2021-07-09_-_Pan-Pot_-_9_Essentials_July_2021,,5,16:00,Pan-Pot,Voodoo [Second State - SNDST091],Pan-Pot - Voodoo [Second State - SNDST091]
2021-07-09 - Pan-Pot - 9 Essentials July 2021,https://www.mixesdb.com/w/2021-07-09_-_Pan-Pot_-_9_Essentials_July_2021,,6,22:25,Kai Van Dongen,Hypno 5 [Second State - SNDST092],Kai Van Dongen - Hypno 5 [Second State - SNDST092]
2021-07-09 - Pan-Pot - 9 Essentials July 2021,https://www.mixesdb.com/w/2021-07-09_-_Pan-Pot_-_9_Essentials_July_2021,,7,27:23,Giorgia Angiuli & Boston 168,Entrainment [Second State - SNDST092],Giorgia Angiuli & Boston 168 - Entrainment [Second State - SNDST092]
2021-07-09 - Pan-Pot - 9 Essentials July 2021,https://www.mixesdb.com/w/2021-07-09_-_Pan-Pot_-_9_Essentials_July_2021,,8,32:54,Pan-Pot,Signs [Second State - SNDST091],Pan-Pot - Signs [Second State - SNDST091]
2021-07-09 - Pan-Pot - 9 Essentials July 2021,https://www.mixesdb.com/w/2021-07-09_-_Pan-Pot_-_9_Essentials_July_2021,,9,38:11,Endrew,Release [Second State - SNDST092],Endrew - Release [Second State - SNDST092]
2014-07-19 - Pan-Pot @ Tomorrowland,https://www.mixesdb.com/w/2014-07-19_-_Pan-Pot_@_Tomorrowland,,1,000,Stefano Noferini & Paco Maroto,Million Units [Deeperfect],Stefano Noferini & Paco Maroto - Million Units [Deeperfect]
2014-07-19 - Pan-Pot @ Tomorrowland,https://www.mixesdb.com/w/2014-07-19_-_Pan-Pot_@_Tomorrowland,,2,005,Cari Lekebusch,Kukulcan [Sleaze],Cari Lekebusch - Kukulcan [Sleaze]
2014-07-19 - Pan-Pot @ Tomorrowland,https://www.mixesdb.com/w/2014-07-19_-_Pan-Pot_@_Tomorrowland,,3,011,Hollen,Lisdema [Bitten],Hollen - Lisdema [Bitten]
2014-07-19 - Pan-Pot @ Tomorrowland,https://www.mixesdb.com/w/2014-07-19_-_Pan-Pot_@_Tomorrowland,,4,016,Spektre,Thoughtcrime [Phobiq],Spektre - Thoughtcrime [Phobiq]
2014-07-19 - Pan-Pot @ Tomorrowland,https://www.mixesdb.com/w/2014-07-19_-_Pan-Pot_@_Tomorrowland,,5,020,Gary Beck,Hold Up [Bek - 018],Gary Beck - Hold Up [Bek - 018]
2014-07-19 - Pan-Pot @ Tomorrowland,https://www.mixesdb.com/w/2014-07-19_-_Pan-Pot_@_Tomorrowland,,6,027,Tony Rohr & Layton Giordani,Careless Suggestions [Phobiq],Tony Rohr & Layton Giordani - Careless Suggestions [Phobiq]
2014-07-19 - Pan-Pot @ Tomorrowland,https://www.mixesdb.com/w/2014-07-19_-_Pan-Pot_@_Tomorrowland,,7,028,Hinz & Ruhmhardt,Hak [Second State],Hinz & Ruhmhardt - Hak [Second State]
2014-07-19 - Pan-Pot @ Tomorrowland,https://www.mixesdb.com/w/2014-07-19_-_Pan-Pot_@_Tomorrowland,,8,033,Sasha Carassi,Old Fashioned Lover [Phobiq - 094D],Sasha Carassi - Old Fashioned Lover [Phobiq - 094D]
2014-07-19 - Pan-Pot @ Tomorrowland,https://www.mixesdb.com/w/2014-07-19_-_Pan-Pot_@_Tomorrowland,,9,037,Chus & Ceballos,La Colombiana (Matt Sassari Remix) [Tronic],Chus & Ceballos - La Colombiana (Matt Sassari Remix) [Tronic]
2014-07-19 - Pan-Pot @ Tomorrowland,https://www.mixesdb.com/w/2014-07-19_-_Pan-Pot_@_Tomorrowland,,10,042,Nicole Moudaber,I Know Where Ive Been [Drumcode - DC 127],Nicole Moudaber - I Know Where Ive Been [Drumcode - DC 127]
2014-07-19 - Pan-Pot @ Tomorrowland,https://www.mixesdb.com/w/2014-07-19_-_Pan-Pot_@_Tomorrowland,,11,047,Hugo Bianco,Eye Phone [Stick],Hugo Bianco - Eye Phone [Stick]
2014-07-19 - Pan-Pot @ Tomorrowland,https://www.mixesdb.com/w/2014-07-19_-_Pan-Pot_@_Tomorrowland,,12,054,Josh Wink,Are You There (Ben Klock Remix) [Ovum (OVM) - 242],Josh Wink - Are You There (Ben Klock Remix) [Ovum (OVM) - 242]
2014-07-19 - Pan-Pot @ Tomorrowland,https://www.mixesdb.com/w/2014-07-19_-_Pan-Pot_@_Tomorrowland,,13,059,Hinz & Ruhmhardt,Doch [Second State - SNDST 002],Hinz & Ruhmhardt - Doch [Second State - SNDST 002]
2014-07-19 - Pan-Pot @ Tomorrowland,https://www.mixesdb.com/w/2014-07-19_-_Pan-Pot_@_Tomorrowland,,14,062,Skober,Bring It To Me [Phobiq - 095D],Skober - Bring It To Me [Phobiq - 095D]
2014-07-19 - Pan-Pot @ Tomorrowland,https://www.mixesdb.com/w/2014-07-19_-_Pan-Pot_@_Tomorrowland,,15,068,Roman Poncet,Truck [Figure],Roman Poncet - Truck [Figure]
2014-07-19 - Pan-Pot @ Tomorrowland,https://www.mixesdb.com/w/2014-07-19_-_Pan-Pot_@_Tomorrowland,,16,074,Alan Fitzpatrick,Truant [Cocoon],Alan Fitzpatrick - Truant [Cocoon]
2014-07-19 - Pan-Pot @ Tomorrowland,https://www.mixesdb.com/w/2014-07-19_-_Pan-Pot_@_Tomorrowland,,17,080,LowKey & Kardinal,Vesperine [Alleanza],LowKey & Kardinal - Vesperine [Alleanza]
2014-07-19 - Pan-Pot @ Tomorrowland,https://www.mixesdb.com/w/2014-07-19_-_Pan-Pot_@_Tomorrowland,,18,084,DJ Emerson,Audiopot (Flug Remix) [Analytic Trail],DJ Emerson - Audiopot (Flug Remix) [Analytic Trail]
2014-07-19 - Pan-Pot @ Tomorrowland,https://www.mixesdb.com/w/2014-07-19_-_Pan-Pot_@_Tomorrowland,,19,090,Roberto Capuano,The Space [Drumcode - DC 129],Roberto Capuano - The Space [Drumcode - DC 129]
2014-07-19 - Pan-Pot @ Tomorrowland,https://www.mixesdb.com/w/2014-07-19_-_Pan-Pot_@_Tomorrowland,,20,097,Harvey McKay,Start Running [Drumcode],Harvey McKay - Start Running [Drumcode]
2014-07-19 - Pan-Pot @ Tomorrowland,https://www.mixesdb.com/w/2014-07-19_-_Pan-Pot_@_Tomorrowland,,21,103,The YellowHeads,Submerged [Alleanza],The YellowHeads - Submerged [Alleanza]
2014-07-19 - Pan-Pot @ Tomorrowland,https://www.mixesdb.com/w/2014-07-19_-_Pan-Pot_@_Tomorrowland,,22,107,Recondite,PSY [Innervisions - IV 50I],Recondite - PSY [Innervisions - IV 50I]
2014-07-19 - Pan-Pot @ Tomorrowland,https://www.mixesdb.com/w/2014-07-19_-_Pan-Pot_@_Tomorrowland,,23,113,Laurent Garnier,Crispy Bacon [F Communications - 137.0055.122],Laurent Garnier - Crispy Bacon [F Communications - 137.0055.122]
2014-06-12 - Pan-Pot - Industria Mix,https://www.mixesdb.com/w/2014-06-12_-_Pan-Pot_-_Industria_Mix,,1,00,Hector,Start Stop Dream,Hector - Start Stop Dream
2014-06-12 - Pan-Pot - Industria Mix,https://www.mixesdb.com/w/2014-06-12_-_Pan-Pot_-_Industria_Mix,,2,01,Francys,Crossing The White Line (Gorge Interpretation) [Bedrock - BEDCORBCD 1],Francys - Crossing The White Line (Gorge Interpretation) [Bedrock - BEDCORBCD 1]
2014-06-12 - Pan-Pot - Industria Mix,https://www.mixesdb.com/w/2014-06-12_-_Pan-Pot_-_Industria_Mix,,3,07,Jamie Jones,Moan & Groan [Crosstown Rebels - CRM 111],Jamie Jones - Moan & Groan [Crosstown Rebels - CRM 111]
2014-06-12 - Pan-Pot - Industria Mix,https://www.mixesdb.com/w/2014-06-12_-_Pan-Pot_-_Industria_Mix,,4,13,Francisco Allendes & Bimas,Spoken Magic Spell (Sable Sheep Remix) [Moan - 018],Francisco Allendes & Bimas - Spoken Magic Spell (Sable Sheep Remix) [Moan - 018]
2014-06-12 - Pan-Pot - Industria Mix,https://www.mixesdb.com/w/2014-06-12_-_Pan-Pot_-_Industria_Mix,,5,18,Eddie Niguel,Absolute [Midnight Shift - MNS 001],Eddie Niguel - Absolute [Midnight Shift - MNS 001]
2014-06-12 - Pan-Pot - Industria Mix,https://www.mixesdb.com/w/2014-06-12_-_Pan-Pot_-_Industria_Mix,,6,24,Mihai Popoviciu,Transitions (Bootleg Mix) [Toolroom - TOOL 227/02Z],Mihai Popoviciu - Transitions (Bootleg Mix) [Toolroom - TOOL 227/02Z]
2014-06-12 - Pan-Pot - Industria Mix,https://www.mixesdb.com/w/2014-06-12_-_Pan-Pot_-_Industria_Mix,,7,30,Metodi Hristov,Grab For Ya [Suara - 090],Metodi Hristov - Grab For Ya [Suara - 090]
2014-06-12 - Pan-Pot - Industria Mix,https://www.mixesdb.com/w/2014-06-12_-_Pan-Pot_-_Industria_Mix,,8,35,Edu Imbernon & Triumph,Veranoski [Bedrock - BEDDIGI 35],Edu Imbernon & Triumph - Veranoski [Bedrock - BEDDIGI 35]
2014-06-12 - Pan-Pot - Industria Mix,https://www.mixesdb.com/w/2014-06-12_-_Pan-Pot_-_Industria_Mix,,9,39,Damian Lazarus,Neverending (M.A.N.D.Y. Re-Remix) [Get Physical - GPMCD 069],Damian Lazarus - Neverending (M.A.N.D.Y. Re-Remix) [Get Physical - GPMCD 069]
2014-06-12 - Pan-Pot - Industria Mix,https://www.mixesdb.com/w/2014-06-12_-_Pan-Pot_-_Industria_Mix,,10,43,Nic Fanciulli,Wild (Lauren Lane Remix) [Saved - 087],Nic Fanciulli - Wild (Lauren Lane Remix) [Saved - 087]
2014-06-12 - Pan-Pot - Industria Mix,https://www.mixesdb.com/w/2014-06-12_-_Pan-Pot_-_Industria_Mix,,11,48,Timo Maas,Dancing For My Pleasure [My Favorite Robot - MFR 075],Timo Maas - Dancing For My Pleasure [My Favorite Robot - MFR 075]
2014-06-12 - Pan-Pot - Industria Mix,https://www.mixesdb.com/w/2014-06-12_-_Pan-Pot_-_Industria_Mix,,12,52,wAFF,BeatMakerZ [Cocoon - CORMIX 046DIGITAL-X],wAFF - BeatMakerZ [Cocoon - CORMIX 046DIGITAL-X]
2019-09-09 - Pan-Pot - 9 Essentials,https://www.mixesdb.com/w/2019-09-09_-_Pan-Pot_-_9_Essentials,,1,00:00,Rocko Garoni,Unify (Intro) [Second State - SNDST066],Rocko Garoni - Unify (Intro) [Second State - SNDST066]
2019-09-09 - Pan-Pot - 9 Essentials,https://www.mixesdb.com/w/2019-09-09_-_Pan-Pot_-_9_Essentials,,2,00:45,Uun,The Vanity Trap (Altstadt Echo Remix) [Soma - 556D],Uun - The Vanity Trap (Altstadt Echo Remix) [Soma - 556D]
2019-09-09 - Pan-Pot - 9 Essentials,https://www.mixesdb.com/w/2019-09-09_-_Pan-Pot_-_9_Essentials,,3,06:53,Camille Luciani & In Anima,Maelström [MOOD - 063],Camille Luciani & In Anima - Maelström [MOOD - 063]
2019-09-09 - Pan-Pot - 9 Essentials,https://www.mixesdb.com/w/2019-09-09_-_Pan-Pot_-_9_Essentials,,4,10:50,Rocko Garoni,Unify [Second State - SNDST066],Rocko Garoni - Unify [Second State - SNDST066]
2019-09-09 - Pan-Pot - 9 Essentials,https://www.mixesdb.com/w/2019-09-09_-_Pan-Pot_-_9_Essentials,,5,15:00,Linkan Ray,Dissonant Shapes [Be As One - BAOX04],Linkan Ray - Dissonant Shapes [Be As One - BAOX04]
2019-09-09 - Pan-Pot - 9 Essentials,https://www.mixesdb.com/w/2019-09-09_-_Pan-Pot_-_9_Essentials,,6,20:03,JX-216,Roots [True Type Tracks - TTT085],JX-216 - Roots [True Type Tracks - TTT085]
2019-09-09 - Pan-Pot - 9 Essentials,https://www.mixesdb.com/w/2019-09-09_-_Pan-Pot_-_9_Essentials,,7,25:36,Blame The Mono,Youkounkoun [voxnox - VNR038],Blame The Mono - Youkounkoun [voxnox - VNR038]
2019-09-09 - Pan-Pot - 9 Essentials,https://www.mixesdb.com/w/2019-09-09_-_Pan-Pot_-_9_Essentials,,8,31:00,Cerebral,Titan (Bastinov Remix) [NM2 - 040],Cerebral - Titan (Bastinov Remix) [NM2 - 040]
2019-09-09 - Pan-Pot - 9 Essentials,https://www.mixesdb.com/w/2019-09-09_-_Pan-Pot_-_9_Essentials,,9,35:45,DNGLS,Hooly (Len Faki Remix) [Anemone - ANEM0010],DNGLS - Hooly (Len Faki Remix) [Anemone - ANEM0010]
2019-09-09 - Pan-Pot - 9 Essentials,https://www.mixesdb.com/w/2019-09-09_-_Pan-Pot_-_9_Essentials,,10,41:11,Kosei Fukuda,Sky Clair (Claudio PRC Deep Mix) [Reiten - RTN006],Kosei Fukuda - Sky Clair (Claudio PRC Deep Mix) [Reiten - RTN006]
2019-01-09 - Pan-Pot - 9 Essentials,https://www.mixesdb.com/w/2019-01-09_-_Pan-Pot_-_9_Essentials,,1,00:00,Akenaton,Emphasis [SUB TL - SUB_tl 038],Akenaton - Emphasis [SUB TL - SUB_tl 038]
2019-01-09 - Pan-Pot - 9 Essentials,https://www.mixesdb.com/w/2019-01-09_-_Pan-Pot_-_9_Essentials,,2,03:14,Dawn Razor,Shantor (Psyk Cinematic Version) [Anemone - ANEM0041],Dawn Razor - Shantor (Psyk Cinematic Version) [Anemone - ANEM0041]
2019-01-09 - Pan-Pot - 9 Essentials,https://www.mixesdb.com/w/2019-01-09_-_Pan-Pot_-_9_Essentials,,3,07:35,Adiel & Donato Dozzy,Cavallina [Danza Tribale - DNZT005],Adiel & Donato Dozzy - Cavallina [Danza Tribale - DNZT005]
2019-01-09 - Pan-Pot - 9 Essentials,https://www.mixesdb.com/w/2019-01-09_-_Pan-Pot_-_9_Essentials,,4,13:00,Alex Dolby,Under Pressure [Teksupport - TEK002],Alex Dolby - Under Pressure [Teksupport - TEK002]
2019-01-09 - Pan-Pot - 9 Essentials,https://www.mixesdb.com/w/2019-01-09_-_Pan-Pot_-_9_Essentials,,5,19:28,Agents Of Time,Vapor Floor [Afterlife - AL021],Agents Of Time - Vapor Floor [Afterlife - AL021]
2019-01-09 - Pan-Pot - 9 Essentials,https://www.mixesdb.com/w/2019-01-09_-_Pan-Pot_-_9_Essentials,,6,23:55,Deas,Poison [Second State - SNDST055],Deas - Poison [Second State - SNDST055]
2019-01-09 - Pan-Pot - 9 Essentials,https://www.mixesdb.com/w/2019-01-09_-_Pan-Pot_-_9_Essentials,,7,29:26,Housemeister,Am Puls Der Zeit [Second State - SNDST056],Housemeister - Am Puls Der Zeit [Second State - SNDST056]
2019-01-09 - Pan-Pot - 9 Essentials,https://www.mixesdb.com/w/2019-01-09_-_Pan-Pot_-_9_Essentials,,8,33:56,Nocturnal Sunshine,Heroes [I/AM/ME],Nocturnal Sunshine - Heroes [I/AM/ME]
2019-01-09 - Pan-Pot - 9 Essentials,https://www.mixesdb.com/w/2019-01-09_-_Pan-Pot_-_9_Essentials,,9,39:00,Efdemin,Wrong Movements (Circles) [Stroboscopic Artefacts - SATOTEM003],Efdemin - Wrong Movements (Circles) [Stroboscopic Artefacts - SATOTEM003]
2019-05-09 - Pan-Pot - 9 Essentials,https://www.mixesdb.com/w/2019-05-09_-_Pan-Pot_-_9_Essentials,,1,00:00,Altstadt Echo,Nothing Can Happen [Semantica - 109],Altstadt Echo - Nothing Can Happen [Semantica - 109]
2019-05-09 - Pan-Pot - 9 Essentials,https://www.mixesdb.com/w/2019-05-09_-_Pan-Pot_-_9_Essentials,,2,04:56,Barbara Ford,Sound Of The Siren (Ryan Elliott Mix) [Anagram - 015],Barbara Ford - Sound Of The Siren (Ryan Elliott Mix) [Anagram - 015]
2019-05-09 - Pan-Pot - 9 Essentials,https://www.mixesdb.com/w/2019-05-09_-_Pan-Pot_-_9_Essentials,,3,10:17,DEAS,Morpheus [Second State - SNDST061],DEAS - Morpheus [Second State - SNDST061]
2019-05-09 - Pan-Pot - 9 Essentials,https://www.mixesdb.com/w/2019-05-09_-_Pan-Pot_-_9_Essentials,,4,14:00,Pascual,Theorem [Ovum - OVM306],Pascual - Theorem [Ovum - OVM306]
2019-05-09 - Pan-Pot - 9 Essentials,https://www.mixesdb.com/w/2019-05-09_-_Pan-Pot_-_9_Essentials,,5,19:15,Sinfol,Pull Back (Yotam Avni Remix) [Anagram - 015],Sinfol - Pull Back (Yotam Avni Remix) [Anagram - 015]
2019-05-09 - Pan-Pot - 9 Essentials,https://www.mixesdb.com/w/2019-05-09_-_Pan-Pot_-_9_Essentials,,6,24:35,Len Faki X Juxta Position,Gathering Clouds [Figure - X04],Len Faki X Juxta Position - Gathering Clouds [Figure - X04]
2019-05-09 - Pan-Pot - 9 Essentials,https://www.mixesdb.com/w/2019-05-09_-_Pan-Pot_-_9_Essentials,,7,30:24,Roll Dann,The Fist [Soma - 541D],Roll Dann - The Fist [Soma - 541D]
2019-05-09 - Pan-Pot - 9 Essentials,https://www.mixesdb.com/w/2019-05-09_-_Pan-Pot_-_9_Essentials,,8,35:04,Monki,Work It [Weapons - WPNS018],Monki - Work It [Weapons - WPNS018]
2019-05-09 - Pan-Pot - 9 Essentials,https://www.mixesdb.com/w/2019-05-09_-_Pan-Pot_-_9_Essentials,,9,40:59,Fatima Yamaha,What's A Girl To Do (Horatio & Onuc Edit) [Free Download],Fatima Yamaha - What's A Girl To Do (Horatio & Onuc Edit) [Free Download]
"2022-08-31 - Pan-Pot @ Exhale, DC10, Ibiza","https://www.mixesdb.com/w/2022-08-31_-_Pan-Pot_@_Exhale,_DC10,_Ibiza",,1,00,Loco & Jam,Detonate [Nervous],Loco & Jam - Detonate [Nervous]
"2022-08-31 - Pan-Pot @ Exhale, DC10, Ibiza","https://www.mixesdb.com/w/2022-08-31_-_Pan-Pot_@_Exhale,_DC10,_Ibiza",,2,06,,?,?
"2022-08-31 - Pan-Pot @ Exhale, DC10, Ibiza","https://www.mixesdb.com/w/2022-08-31_-_Pan-Pot_@_Exhale,_DC10,_Ibiza",,3,09,Filterheadz,Cubic [Loopglow],Filterheadz - Cubic [Loopglow]
"2022-08-31 - Pan-Pot @ Exhale, DC10, Ibiza","https://www.mixesdb.com/w/2022-08-31_-_Pan-Pot_@_Exhale,_DC10,_Ibiza",,4,13,Nicole Moudaber,What Was (Chris Liebing Remix) [Mood],Nicole Moudaber - What Was (Chris Liebing Remix) [Mood]
"2022-08-31 - Pan-Pot @ Exhale, DC10, Ibiza","https://www.mixesdb.com/w/2022-08-31_-_Pan-Pot_@_Exhale,_DC10,_Ibiza",,5,17,Wehbba,No Sleep [Drumcode],Wehbba - No Sleep [Drumcode]
"2022-08-31 - Pan-Pot @ Exhale, DC10, Ibiza","https://www.mixesdb.com/w/2022-08-31_-_Pan-Pot_@_Exhale,_DC10,_Ibiza",,6,19,M.I.T.A.,One Hour [Tronic],M.I.T.A. - One Hour [Tronic]
"2022-08-31 - Pan-Pot @ Exhale, DC10, Ibiza","https://www.mixesdb.com/w/2022-08-31_-_Pan-Pot_@_Exhale,_DC10,_Ibiza",,7,24,Christian Smith,Accelerate [Tronic],Christian Smith - Accelerate [Tronic]
"2022-08-31 - Pan-Pot @ Exhale, DC10, Ibiza","https://www.mixesdb.com/w/2022-08-31_-_Pan-Pot_@_Exhale,_DC10,_Ibiza",,8,27,KiNK,Disco Spectrum [Sofia],KiNK - Disco Spectrum [Sofia]
"2022-08-31 - Pan-Pot @ Exhale, DC10, Ibiza","https://www.mixesdb.com/w/2022-08-31_-_Pan-Pot_@_Exhale,_DC10,_Ibiza",,9,32,Alex Stein & Transcode,Control Me [Terminal M],Alex Stein & Transcode - Control Me [Terminal M]
"2022-08-31 - Pan-Pot @ Exhale, DC10, Ibiza","https://www.mixesdb.com/w/2022-08-31_-_Pan-Pot_@_Exhale,_DC10,_Ibiza",,10,36,Dysfaction,Karplus [KD Raw],Dysfaction - Karplus [KD Raw]
"2022-08-31 - Pan-Pot @ Exhale, DC10, Ibiza","https://www.mixesdb.com/w/2022-08-31_-_Pan-Pot_@_Exhale,_DC10,_Ibiza",,11,41,Sisko Electrofanatik,Heavy Line [Off],Sisko Electrofanatik - Heavy Line [Off]
"2022-08-31 - Pan-Pot @ Exhale, DC10, Ibiza","https://www.mixesdb.com/w/2022-08-31_-_Pan-Pot_@_Exhale,_DC10,_Ibiza",,12,44,Bidoben,L'Ère Du Fragment [Enemy],Bidoben - L'Ère Du Fragment [Enemy]
"2022-08-31 - Pan-Pot @ Exhale, DC10, Ibiza","https://www.mixesdb.com/w/2022-08-31_-_Pan-Pot_@_Exhale,_DC10,_Ibiza",,13,49,RSRRCT,Spaced [Set About],RSRRCT - Spaced [Set About]
"2022-08-31 - Pan-Pot @ Exhale, DC10, Ibiza","https://www.mixesdb.com/w/2022-08-31_-_Pan-Pot_@_Exhale,_DC10,_Ibiza",,14,53,Eli Brown,Welcome To My House [Trick],Eli Brown - Welcome To My House [Trick]
"2022-08-31 - Pan-Pot @ Exhale, DC10, Ibiza","https://www.mixesdb.com/w/2022-08-31_-_Pan-Pot_@_Exhale,_DC10,_Ibiza",,15,57,,?,?
"2022-08-31 - Pan-Pot @ Exhale, DC10, Ibiza","https://www.mixesdb.com/w/2022-08-31_-_Pan-Pot_@_Exhale,_DC10,_Ibiza",,16,60,,?,?
"2022-08-31 - Pan-Pot @ Exhale, DC10, Ibiza","https://www.mixesdb.com/w/2022-08-31_-_Pan-Pot_@_Exhale,_DC10,_Ibiza",,17,64,Oscar Escapa,Pump [We (R) Aw],Oscar Escapa - Pump [We (R) Aw]
"2022-08-31 - Pan-Pot @ Exhale, DC10, Ibiza","https://www.mixesdb.com/w/2022-08-31_-_Pan-Pot_@_Exhale,_DC10,_Ibiza",,18,67,Steve Rachmad,Tir Na Nog [Rotation],Steve Rachmad - Tir Na Nog [Rotation]
"2022-08-31 - Pan-Pot @ Exhale, DC10, Ibiza","https://www.mixesdb.com/w/2022-08-31_-_Pan-Pot_@_Exhale,_DC10,_Ibiza",,19,73,Andres Campo & Ramiro Lopez,Homework [Odd],Andres Campo & Ramiro Lopez - Homework [Odd]
"2022-08-31 - Pan-Pot @ Exhale, DC10, Ibiza","https://www.mixesdb.com/w/2022-08-31_-_Pan-Pot_@_Exhale,_DC10,_Ibiza",,20,77,Wishmountain,Radio (Len Faki Hardspace Mix) [Evolution Worldwide],Wishmountain - Radio (Len Faki Hardspace Mix) [Evolution Worldwide]
"2022-08-31 - Pan-Pot @ Exhale, DC10, Ibiza","https://www.mixesdb.com/w/2022-08-31_-_Pan-Pot_@_Exhale,_DC10,_Ibiza",,21,81,Shabaam,Before This [KD Raw],Shabaam - Before This [KD Raw]
"2022-08-31 - Pan-Pot @ Exhale, DC10, Ibiza","https://www.mixesdb.com/w/2022-08-31_-_Pan-Pot_@_Exhale,_DC10,_Ibiza",,22,85,Serge & Alden Tyrell,House Countdown (EPS Deng't Mix) [Clone Jack For Daze],Serge & Alden Tyrell - House Countdown (EPS Deng't Mix) [Clone Jack For Daze]
2019-10-09 - Pan-Pot - 9 Essentials,https://www.mixesdb.com/w/2019-10-09_-_Pan-Pot_-_9_Essentials,,1,00:00,"Josh Wink, Ursula Rucker",Sixth Sense (Shlomi Aber's Hidden The Dark Mix) [Ovum - OVM307],"Josh Wink, Ursula Rucker - Sixth Sense (Shlomi Aber's Hidden The Dark Mix) [Ovum - OVM307]"
2019-10-09 - Pan-Pot - 9 Essentials,https://www.mixesdb.com/w/2019-10-09_-_Pan-Pot_-_9_Essentials,,2,05:35,Woo York,Rainforest Mystery [Drumcode - DC211],Woo York - Rainforest Mystery [Drumcode - DC211]
2019-10-09 - Pan-Pot - 9 Essentials,https://www.mixesdb.com/w/2019-10-09_-_Pan-Pot_-_9_Essentials,,3,10:30,Re:Axis,Rays Of The Sun [Planet Rhythm - PRRUKD19014],Re:Axis - Rays Of The Sun [Planet Rhythm - PRRUKD19014]
2019-10-09 - Pan-Pot - 9 Essentials,https://www.mixesdb.com/w/2019-10-09_-_Pan-Pot_-_9_Essentials,,4,15:32,Dawn Razor,No One (Unbalance Remix) [Arts - X007],Dawn Razor - No One (Unbalance Remix) [Arts - X007]
2019-10-09 - Pan-Pot - 9 Essentials,https://www.mixesdb.com/w/2019-10-09_-_Pan-Pot_-_9_Essentials,,5,20:20,Dasha Rush,Infinite Warp [P-RT-L - PRTLLP001DIG],Dasha Rush - Infinite Warp [P-RT-L - PRTLLP001DIG]
2019-10-09 - Pan-Pot - 9 Essentials,https://www.mixesdb.com/w/2019-10-09_-_Pan-Pot_-_9_Essentials,,6,25:12,Ryan Elliott,Get To You [Faith Beat - 01],Ryan Elliott - Get To You [Faith Beat - 01]
2019-10-09 - Pan-Pot - 9 Essentials,https://www.mixesdb.com/w/2019-10-09_-_Pan-Pot_-_9_Essentials,,7,29:50,Oliver Deutschmann,Survive [Mote Evolver - MOTE 052D],Oliver Deutschmann - Survive [Mote Evolver - MOTE 052D]
2019-10-09 - Pan-Pot - 9 Essentials,https://www.mixesdb.com/w/2019-10-09_-_Pan-Pot_-_9_Essentials,,8,34:15,Tracey,Metamorphosis [Aus - 137D],Tracey - Metamorphosis [Aus - 137D]
2019-10-09 - Pan-Pot - 9 Essentials,https://www.mixesdb.com/w/2019-10-09_-_Pan-Pot_-_9_Essentials,,9,38:00,Dustin Zahn,Juvenoia [Enemy - 035],Dustin Zahn - Juvenoia [Enemy - 035]
2019-02-09 - Pan-Pot - 9 Essentials,https://www.mixesdb.com/w/2019-02-09_-_Pan-Pot_-_9_Essentials,,1,00:00,Fixeer,Yool Ol Kaab [Newrhythmic - NRDR091],Fixeer - Yool Ol Kaab [Newrhythmic - NRDR091]
2019-02-09 - Pan-Pot - 9 Essentials,https://www.mixesdb.com/w/2019-02-09_-_Pan-Pot_-_9_Essentials,,2,03:04,"Deepbass, Ness",Les Planes [Dynamic Reflection - 10YRDREF003],"Deepbass, Ness  - Les Planes [Dynamic Reflection - 10YRDREF003]"
2019-02-09 - Pan-Pot - 9 Essentials,https://www.mixesdb.com/w/2019-02-09_-_Pan-Pot_-_9_Essentials,,3,06:36,Ben Buitendijk,Transistor [Planet Rhythm - PRRUK109],Ben Buitendijk - Transistor [Planet Rhythm - PRRUK109]
2019-02-09 - Pan-Pot - 9 Essentials,https://www.mixesdb.com/w/2019-02-09_-_Pan-Pot_-_9_Essentials,,4,12:09,Vladimir Dubyshkin,Belissimo [Trip - TRP022],Vladimir Dubyshkin - Belissimo [Trip - TRP022]
2019-02-09 - Pan-Pot - 9 Essentials,https://www.mixesdb.com/w/2019-02-09_-_Pan-Pot_-_9_Essentials,,5,16:30,"Jerome Sydenham, Fatima Njai",Morning Star [ONE2ONE2 - 1212002],"Jerome Sydenham, Fatima Njai - Morning Star [ONE2ONE2 - 1212002]"
2019-02-09 - Pan-Pot - 9 Essentials,https://www.mixesdb.com/w/2019-02-09_-_Pan-Pot_-_9_Essentials,,6,20:42,Boston 168,909 Therapy [Bpitch - BPC339],Boston 168 - 909 Therapy [Bpitch - BPC339]
2019-02-09 - Pan-Pot - 9 Essentials,https://www.mixesdb.com/w/2019-02-09_-_Pan-Pot_-_9_Essentials,,7,26:18,Seph,Vector [Aula Magna - AMR014BP],Seph - Vector [Aula Magna - AMR014BP]
2019-02-09 - Pan-Pot - 9 Essentials,https://www.mixesdb.com/w/2019-02-09_-_Pan-Pot_-_9_Essentials,,8,31:54,P.E.A.R.L.,Infinite Stars [PoleGroup - 053],P.E.A.R.L. - Infinite Stars [PoleGroup - 053]
2019-02-09 - Pan-Pot - 9 Essentials,https://www.mixesdb.com/w/2019-02-09_-_Pan-Pot_-_9_Essentials,,9,37:21,Yan Cook,1991 [Planet Rhythm - PRRUK111],Yan Cook - 1991 [Planet Rhythm - PRRUK111]
2023-04-09 - Pan-Pot - 9 Essentials April 2023,https://www.mixesdb.com/w/2023-04-09_-_Pan-Pot_-_9_Essentials_April_2023,,1,00:00,KLINT,Arsenic,KLINT - Arsenic
2023-04-09 - Pan-Pot - 9 Essentials April 2023,https://www.mixesdb.com/w/2023-04-09_-_Pan-Pot_-_9_Essentials_April_2023,,2,05:15,Drumsauw,Cryto,Drumsauw - Cryto
2023-04-09 - Pan-Pot - 9 Essentials April 2023,https://www.mixesdb.com/w/2023-04-09_-_Pan-Pot_-_9_Essentials_April_2023,,3,10:37,Glaskin,Mike Dist9,Glaskin - Mike Dist9
2023-04-09 - Pan-Pot - 9 Essentials April 2023,https://www.mixesdb.com/w/2023-04-09_-_Pan-Pot_-_9_Essentials_April_2023,,4,14:48,NØRBAK,Nove Zero Nove,NØRBAK - Nove Zero Nove
2023-04-09 - Pan-Pot - 9 Essentials April 2023,https://www.mixesdb.com/w/2023-04-09_-_Pan-Pot_-_9_Essentials_April_2023,,5,19:06,"Ø [Phase], Disbar Vulgo",As It Is,"Ø [Phase], Disbar Vulgo - As It Is"
2023-04-09 - Pan-Pot - 9 Essentials April 2023,https://www.mixesdb.com/w/2023-04-09_-_Pan-Pot_-_9_Essentials_April_2023,,6,23:24,Talismann,Matam,Talismann - Matam
2023-04-09 - Pan-Pot - 9 Essentials April 2023,https://www.mixesdb.com/w/2023-04-09_-_Pan-Pot_-_9_Essentials_April_2023,,7,26:48,Operato,Surface Skimmer,Operato - Surface Skimmer
2023-04-09 - Pan-Pot - 9 Essentials April 2023,https://www.mixesdb.com/w/2023-04-09_-_Pan-Pot_-_9_Essentials_April_2023,,8,32:14,Ben Gibson,Terminal,Ben Gibson - Terminal
2023-04-09 - Pan-Pot - 9 Essentials April 2023,https://www.mixesdb.com/w/2023-04-09_-_Pan-Pot_-_9_Essentials_April_2023,,9,36:51,Johannes Heil,Golden Dawn,Johannes Heil - Golden Dawn
2013-06-07 - Pan-Pot - Sonar By Night 2013 (Promo Mix),https://www.mixesdb.com/w/2013-06-07_-_Pan-Pot_-_Sonar_By_Night_2013_(Promo_Mix),,1,,Booka Shade,Aery Canary,Booka Shade - Aery Canary
2013-06-07 - Pan-Pot - Sonar By Night 2013 (Promo Mix),https://www.mixesdb.com/w/2013-06-07_-_Pan-Pot_-_Sonar_By_Night_2013_(Promo_Mix),,2,,Glimpse,True South [AUS],Glimpse - True South [AUS]
2013-06-07 - Pan-Pot - Sonar By Night 2013 (Promo Mix),https://www.mixesdb.com/w/2013-06-07_-_Pan-Pot_-_Sonar_By_Night_2013_(Promo_Mix),,3,,The Dolphins,Black Ball,The Dolphins - Black Ball
2013-06-07 - Pan-Pot - Sonar By Night 2013 (Promo Mix),https://www.mixesdb.com/w/2013-06-07_-_Pan-Pot_-_Sonar_By_Night_2013_(Promo_Mix),,4,,Gaiser,Trashbend,Gaiser - Trashbend
2013-06-07 - Pan-Pot - Sonar By Night 2013 (Promo Mix),https://www.mixesdb.com/w/2013-06-07_-_Pan-Pot_-_Sonar_By_Night_2013_(Promo_Mix),,5,,Ron Costa,Fraaz,Ron Costa - Fraaz
2013-06-07 - Pan-Pot - Sonar By Night 2013 (Promo Mix),https://www.mixesdb.com/w/2013-06-07_-_Pan-Pot_-_Sonar_By_Night_2013_(Promo_Mix),,6,,Green Velvet,Destination Unknown (Carl Craig C2 Detroit Chicago Unity Dub) [Relief],Green Velvet - Destination Unknown (Carl Craig C2 Detroit Chicago Unity Dub) [Relief]
2013-06-07 - Pan-Pot - Sonar By Night 2013 (Promo Mix),https://www.mixesdb.com/w/2013-06-07_-_Pan-Pot_-_Sonar_By_Night_2013_(Promo_Mix),,7,,Pig&Dan & Mark Reeve,Bubbles [Waveform],Pig&Dan & Mark Reeve - Bubbles [Waveform]
2013-06-07 - Pan-Pot - Sonar By Night 2013 (Promo Mix),https://www.mixesdb.com/w/2013-06-07_-_Pan-Pot_-_Sonar_By_Night_2013_(Promo_Mix),,8,,Matador,51 Mexicans [Minus],Matador - 51 Mexicans [Minus]
2013-06-07 - Pan-Pot - Sonar By Night 2013 (Promo Mix),https://www.mixesdb.com/w/2013-06-07_-_Pan-Pot_-_Sonar_By_Night_2013_(Promo_Mix),,9,,George FitzGerald,Nighttide Lover (Trikk Re-Dub) [Hotflush],George FitzGerald - Nighttide Lover (Trikk Re-Dub) [Hotflush]
2013-06-07 - Pan-Pot - Sonar By Night 2013 (Promo Mix),https://www.mixesdb.com/w/2013-06-07_-_Pan-Pot_-_Sonar_By_Night_2013_(Promo_Mix),,10,,Moteka,Manhattan [Herzblut],Moteka - Manhattan [Herzblut]
2013-06-07 - Pan-Pot - Sonar By Night 2013 (Promo Mix),https://www.mixesdb.com/w/2013-06-07_-_Pan-Pot_-_Sonar_By_Night_2013_(Promo_Mix),,11,,Broombeck & Felix Kröcher,Energie [Elevate],Broombeck & Felix Kröcher - Energie [Elevate]
2013-06-07 - Pan-Pot - Sonar By Night 2013 (Promo Mix),https://www.mixesdb.com/w/2013-06-07_-_Pan-Pot_-_Sonar_By_Night_2013_(Promo_Mix),,12,,Sam Paganini,Polyester [Cocoon],Sam Paganini - Polyester [Cocoon]
2013-06-07 - Pan-Pot - Sonar By Night 2013 (Promo Mix),https://www.mixesdb.com/w/2013-06-07_-_Pan-Pot_-_Sonar_By_Night_2013_(Promo_Mix),,13,,Coyu,The Robbery [Tronic],Coyu - The Robbery [Tronic]
2013-06-07 - Pan-Pot - Sonar By Night 2013 (Promo Mix),https://www.mixesdb.com/w/2013-06-07_-_Pan-Pot_-_Sonar_By_Night_2013_(Promo_Mix),,14,,Locussolus,Berghain (Darkroom Mix),Locussolus - Berghain (Darkroom Mix)
2020-05-09 - Pan-Pot - 9 Essentials May 2020,https://www.mixesdb.com/w/2020-05-09_-_Pan-Pot_-_9_Essentials_May_2020,,1,00:00,Dubspeeka,43A33 [Odd Even - ODDEVEN029],Dubspeeka - 43A33 [Odd Even - ODDEVEN029]
2020-05-09 - Pan-Pot - 9 Essentials May 2020,https://www.mixesdb.com/w/2020-05-09_-_Pan-Pot_-_9_Essentials_May_2020,,2,06:02,Slank,Metropolis [Teksupport - TEK007],Slank - Metropolis [Teksupport - TEK007]
2020-05-09 - Pan-Pot - 9 Essentials May 2020,https://www.mixesdb.com/w/2020-05-09_-_Pan-Pot_-_9_Essentials_May_2020,,3,11:19,Samantha Togni,Whisperers (Third Wife Remix) [LSA - 002],Samantha Togni - Whisperers (Third Wife Remix) [LSA - 002]
2020-05-09 - Pan-Pot - 9 Essentials May 2020,https://www.mixesdb.com/w/2020-05-09_-_Pan-Pot_-_9_Essentials_May_2020,,4,16:28,Linkan Ray,2020 Reset [Be As One - BAOX07],Linkan Ray - 2020 Reset [Be As One - BAOX07]
2020-05-09 - Pan-Pot - 9 Essentials May 2020,https://www.mixesdb.com/w/2020-05-09_-_Pan-Pot_-_9_Essentials_May_2020,,5,21:05,Desroi,Vermillion Border [Desroi - 004],Desroi - Vermillion Border [Desroi - 004]
2020-05-09 - Pan-Pot - 9 Essentials May 2020,https://www.mixesdb.com/w/2020-05-09_-_Pan-Pot_-_9_Essentials_May_2020,,6,26:53,Michael Klein,Wenn Du Schreist [Second State - SNDST075],Michael Klein - Wenn Du Schreist [Second State - SNDST075]
2020-05-09 - Pan-Pot - 9 Essentials May 2020,https://www.mixesdb.com/w/2020-05-09_-_Pan-Pot_-_9_Essentials_May_2020,,7,31:42,Rocko Garoni,Ammoniak [Second State - SNDST074],Rocko Garoni - Ammoniak [Second State - SNDST074]
2020-05-09 - Pan-Pot - 9 Essentials May 2020,https://www.mixesdb.com/w/2020-05-09_-_Pan-Pot_-_9_Essentials_May_2020,,8,37:25,Farrago,Flavours Of Youth [Lenske - 011],Farrago - Flavours Of Youth [Lenske - 011]
2020-05-09 - Pan-Pot - 9 Essentials May 2020,https://www.mixesdb.com/w/2020-05-09_-_Pan-Pot_-_9_Essentials_May_2020,,9,43:44,Woo York,Echoes From Beyond [Afterlife - AL038],Woo York - Echoes From Beyond [Afterlife - AL038]
2021-08-09 - Pan-Pot - 9 Essentials August 2021,https://www.mixesdb.com/w/2021-08-09_-_Pan-Pot_-_9_Essentials_August_2021,,1,00:00,Youandewan,Plinge,Youandewan - Plinge
2021-08-09 - Pan-Pot - 9 Essentials August 2021,https://www.mixesdb.com/w/2021-08-09_-_Pan-Pot_-_9_Essentials_August_2021,,2,05:07,James Welsh,Sink [Phantasy Sound - PH99D],James Welsh - Sink [Phantasy Sound - PH99D]
2021-08-09 - Pan-Pot - 9 Essentials August 2021,https://www.mixesdb.com/w/2021-08-09_-_Pan-Pot_-_9_Essentials_August_2021,,3,10:45,Jackson Ryland,Stealth Mode [1432R - 018],Jackson Ryland - Stealth Mode [1432R - 018]
2021-08-09 - Pan-Pot - 9 Essentials August 2021,https://www.mixesdb.com/w/2021-08-09_-_Pan-Pot_-_9_Essentials_August_2021,,4,14:55,Rene Wise,Raptor [Mote Evolver - MOTE060],Rene Wise - Raptor [Mote Evolver - MOTE060]
2021-08-09 - Pan-Pot - 9 Essentials August 2021,https://www.mixesdb.com/w/2021-08-09_-_Pan-Pot_-_9_Essentials_August_2021,,5,18:30,"Vil, Cravo",Fuck This Dub [Klockworks - KW32],"Vil, Cravo - Fuck This Dub [Klockworks - KW32]"
2021-08-09 - Pan-Pot - 9 Essentials August 2021,https://www.mixesdb.com/w/2021-08-09_-_Pan-Pot_-_9_Essentials_August_2021,,6,23:25,Ben Sims,Xotunc [ePM - 21V],Ben Sims - Xotunc [ePM - 21V]
2021-08-09 - Pan-Pot - 9 Essentials August 2021,https://www.mixesdb.com/w/2021-08-09_-_Pan-Pot_-_9_Essentials_August_2021,,7,27:15,Marcal,Droste Effect [Rekids Special Projects - RSPX30],Marcal - Droste Effect [Rekids Special Projects - RSPX30]
2021-08-09 - Pan-Pot - 9 Essentials August 2021,https://www.mixesdb.com/w/2021-08-09_-_Pan-Pot_-_9_Essentials_August_2021,,8,31:50,Ryan McKay,Strange Groove [BEK - 045],Ryan McKay - Strange Groove [BEK - 045]
2021-08-09 - Pan-Pot - 9 Essentials August 2021,https://www.mixesdb.com/w/2021-08-09_-_Pan-Pot_-_9_Essentials_August_2021,,9,36:00,FJAAK,Candide [Spandau 20 - SPND20 006],FJAAK - Candide [Spandau 20 - SPND20 006]
2022-08-09 - Pan-Pot - 9 Essentials August 2022,https://www.mixesdb.com/w/2022-08-09_-_Pan-Pot_-_9_Essentials_August_2022,,1,00:00,Carlo Lio,I'm A Freak,Carlo Lio - I'm A Freak
2022-08-09 - Pan-Pot - 9 Essentials August 2022,https://www.mixesdb.com/w/2022-08-09_-_Pan-Pot_-_9_Essentials_August_2022,,2,04:30,Egotot,Marrast,Egotot - Marrast
2022-08-09 - Pan-Pot - 9 Essentials August 2022,https://www.mixesdb.com/w/2022-08-09_-_Pan-Pot_-_9_Essentials_August_2022,,3,09:00,Ø [Phase],Intensity Fluctuations (Setaoc Mass Remix),Ø [Phase] - Intensity Fluctuations (Setaoc Mass Remix)
2022-08-09 - Pan-Pot - 9 Essentials August 2022,https://www.mixesdb.com/w/2022-08-09_-_Pan-Pot_-_9_Essentials_August_2022,,4,13:10,Sam Paganini Feat. Zøe,Flash (Marco Faraone Remix),Sam Paganini Feat. Zøe - Flash (Marco Faraone Remix)
2022-08-09 - Pan-Pot - 9 Essentials August 2022,https://www.mixesdb.com/w/2022-08-09_-_Pan-Pot_-_9_Essentials_August_2022,,5,17:00,DJ Hyperactive,TDeluxe,DJ Hyperactive - TDeluxe
2022-08-09 - Pan-Pot - 9 Essentials August 2022,https://www.mixesdb.com/w/2022-08-09_-_Pan-Pot_-_9_Essentials_August_2022,,6,19:00,Klint,Rage,Klint - Rage
2022-08-09 - Pan-Pot - 9 Essentials August 2022,https://www.mixesdb.com/w/2022-08-09_-_Pan-Pot_-_9_Essentials_August_2022,,7,22:30,"Dense & Pika, Boombox Cartel Feat. JID",Reaper (Dense & Pika Remix),"Dense & Pika, Boombox Cartel Feat. JID - Reaper (Dense & Pika Remix)"
2022-08-09 - Pan-Pot - 9 Essentials August 2022,https://www.mixesdb.com/w/2022-08-09_-_Pan-Pot_-_9_Essentials_August_2022,,8,28:00,Joey Beltram,The Scorpion,Joey Beltram - The Scorpion
2022-08-09 - Pan-Pot - 9 Essentials August 2022,https://www.mixesdb.com/w/2022-08-09_-_Pan-Pot_-_9_Essentials_August_2022,,9,32:00,Johannes Heil,Der Tod,Johannes Heil - Der Tod
2022-09-09 - Pan-Pot - 9 Essentials September 2022,https://www.mixesdb.com/w/2022-09-09_-_Pan-Pot_-_9_Essentials_September_2022,,1,00:00,Josh Wink / Truncate,Let Go,Josh Wink / Truncate - Let Go
2022-09-09 - Pan-Pot - 9 Essentials September 2022,https://www.mixesdb.com/w/2022-09-09_-_Pan-Pot_-_9_Essentials_September_2022,,2,04:10,KLINT,Apache,KLINT - Apache
2022-09-09 - Pan-Pot - 9 Essentials September 2022,https://www.mixesdb.com/w/2022-09-09_-_Pan-Pot_-_9_Essentials_September_2022,,3,07:40,DEAS,Oval,DEAS - Oval
2022-09-09 - Pan-Pot - 9 Essentials September 2022,https://www.mixesdb.com/w/2022-09-09_-_Pan-Pot_-_9_Essentials_September_2022,,4,10:45,Cari Lekebusch,Piru,Cari Lekebusch - Piru
2022-09-09 - Pan-Pot - 9 Essentials September 2022,https://www.mixesdb.com/w/2022-09-09_-_Pan-Pot_-_9_Essentials_September_2022,,5,15:45,Circle,Argus,Circle - Argus
2022-09-09 - Pan-Pot - 9 Essentials September 2022,https://www.mixesdb.com/w/2022-09-09_-_Pan-Pot_-_9_Essentials_September_2022,,6,19:10,LUAP,Intoxication,LUAP - Intoxication
2022-09-09 - Pan-Pot - 9 Essentials September 2022,https://www.mixesdb.com/w/2022-09-09_-_Pan-Pot_-_9_Essentials_September_2022,,7,24:00,Bidoben,L'Ère Du Fragment,Bidoben - L'Ère Du Fragment
2022-09-09 - Pan-Pot - 9 Essentials September 2022,https://www.mixesdb.com/w/2022-09-09_-_Pan-Pot_-_9_Essentials_September_2022,,8,29:00,Dysfaction,Karplus,Dysfaction - Karplus
2022-09-09 - Pan-Pot - 9 Essentials September 2022,https://www.mixesdb.com/w/2022-09-09_-_Pan-Pot_-_9_Essentials_September_2022,,9,34:50,Nicole Moudaber,What Was (Chris Liebing Remix),Nicole Moudaber - What Was (Chris Liebing Remix)
2022-10-09 - Pan-Pot - 9 Essentials October 2022,https://www.mixesdb.com/w/2022-10-09_-_Pan-Pot_-_9_Essentials_October_2022,,1,00:00,Carlo Lio,Panic,Carlo Lio - Panic
2022-10-09 - Pan-Pot - 9 Essentials October 2022,https://www.mixesdb.com/w/2022-10-09_-_Pan-Pot_-_9_Essentials_October_2022,,2,05:45,Vinicius Honorio,Give It 2 Em,Vinicius Honorio - Give It 2 Em
2022-10-09 - Pan-Pot - 9 Essentials October 2022,https://www.mixesdb.com/w/2022-10-09_-_Pan-Pot_-_9_Essentials_October_2022,,3,09:30,DJ Dextro,Commodore,DJ Dextro - Commodore
2022-10-09 - Pan-Pot - 9 Essentials October 2022,https://www.mixesdb.com/w/2022-10-09_-_Pan-Pot_-_9_Essentials_October_2022,,4,13:30,Floormagnet,Space Age (Tiger Stripes Remix),Floormagnet - Space Age (Tiger Stripes Remix)
2022-10-09 - Pan-Pot - 9 Essentials October 2022,https://www.mixesdb.com/w/2022-10-09_-_Pan-Pot_-_9_Essentials_October_2022,,5,18:35,Maketech,Konfusion,Maketech - Konfusion
2022-10-09 - Pan-Pot - 9 Essentials October 2022,https://www.mixesdb.com/w/2022-10-09_-_Pan-Pot_-_9_Essentials_October_2022,,6,22:20,Ramon Tapia,Bring It On Down,Ramon Tapia - Bring It On Down
2022-10-09 - Pan-Pot - 9 Essentials October 2022,https://www.mixesdb.com/w/2022-10-09_-_Pan-Pot_-_9_Essentials_October_2022,,7,27:25,Shlomi Aber,Getroit,Shlomi Aber - Getroit
2022-10-09 - Pan-Pot - 9 Essentials October 2022,https://www.mixesdb.com/w/2022-10-09_-_Pan-Pot_-_9_Essentials_October_2022,,8,31:40,TET,Soul Control,TET - Soul Control
2022-10-09 - Pan-Pot - 9 Essentials October 2022,https://www.mixesdb.com/w/2022-10-09_-_Pan-Pot_-_9_Essentials_October_2022,,9,34:20,KiNK,Five,KiNK - Five
2022-11-09 - Pan-Pot - 9 Essentials November 2022,https://www.mixesdb.com/w/2022-11-09_-_Pan-Pot_-_9_Essentials_November_2022,,1,00:00,Mike Dehnert,Fachwerk 25,Mike Dehnert - Fachwerk 25
2022-11-09 - Pan-Pot - 9 Essentials November 2022,https://www.mixesdb.com/w/2022-11-09_-_Pan-Pot_-_9_Essentials_November_2022,,2,04:10,Markus Suckut,A Case Of Funk [SCKT - 07],Markus Suckut - A Case Of Funk [SCKT - 07]
2022-11-09 - Pan-Pot - 9 Essentials November 2022,https://www.mixesdb.com/w/2022-11-09_-_Pan-Pot_-_9_Essentials_November_2022,,3,08:40,Pig&Dan,Atom,Pig&Dan - Atom
2022-11-09 - Pan-Pot - 9 Essentials November 2022,https://www.mixesdb.com/w/2022-11-09_-_Pan-Pot_-_9_Essentials_November_2022,,4,14:55,YANT,Gas Supply,YANT - Gas Supply
2022-11-09 - Pan-Pot - 9 Essentials November 2022,https://www.mixesdb.com/w/2022-11-09_-_Pan-Pot_-_9_Essentials_November_2022,,5,18:45,MARCAL,ABL1,MARCAL - ABL1
2022-11-09 - Pan-Pot - 9 Essentials November 2022,https://www.mixesdb.com/w/2022-11-09_-_Pan-Pot_-_9_Essentials_November_2022,,6,24:30,Subradeon,Your Mission,Subradeon - Your Mission
2022-11-09 - Pan-Pot - 9 Essentials November 2022,https://www.mixesdb.com/w/2022-11-09_-_Pan-Pot_-_9_Essentials_November_2022,,7,29:30,DJ LOVE,Love Will Never Do (Mark Broom Mix),DJ LOVE - Love Will Never Do (Mark Broom Mix)
2022-11-09 - Pan-Pot - 9 Essentials November 2022,https://www.mixesdb.com/w/2022-11-09_-_Pan-Pot_-_9_Essentials_November_2022,,8,33:00,Mall Grab,Breathing,Mall Grab - Breathing
2022-11-09 - Pan-Pot - 9 Essentials November 2022,https://www.mixesdb.com/w/2022-11-09_-_Pan-Pot_-_9_Essentials_November_2022,,9,38:00,The Prodigy,Climabtize [XL],The Prodigy - Climabtize [XL]
2023-01-09 - Pan-Pot - 9 Essentials January 2023,https://www.mixesdb.com/w/2023-01-09_-_Pan-Pot_-_9_Essentials_January_2023,,1,00:00,Denham Audio & 7ip7o3,Transcendence,Denham Audio & 7ip7o3 - Transcendence
2023-01-09 - Pan-Pot - 9 Essentials January 2023,https://www.mixesdb.com/w/2023-01-09_-_Pan-Pot_-_9_Essentials_January_2023,,2,05:15,Volster,EXPOSITION A,Volster - EXPOSITION A
2023-01-09 - Pan-Pot - 9 Essentials January 2023,https://www.mixesdb.com/w/2023-01-09_-_Pan-Pot_-_9_Essentials_January_2023,,3,09:45,Industrialyzer,Snake Whisperer,Industrialyzer - Snake Whisperer
2023-01-09 - Pan-Pot - 9 Essentials January 2023,https://www.mixesdb.com/w/2023-01-09_-_Pan-Pot_-_9_Essentials_January_2023,,4,14:45,SAMA,End All,SAMA - End All
2023-01-09 - Pan-Pot - 9 Essentials January 2023,https://www.mixesdb.com/w/2023-01-09_-_Pan-Pot_-_9_Essentials_January_2023,,5,19:00,Daito,The Shining,Daito - The Shining
2023-01-09 - Pan-Pot - 9 Essentials January 2023,https://www.mixesdb.com/w/2023-01-09_-_Pan-Pot_-_9_Essentials_January_2023,,6,24:15,Childov,Leave,Childov - Leave
2023-01-09 - Pan-Pot - 9 Essentials January 2023,https://www.mixesdb.com/w/2023-01-09_-_Pan-Pot_-_9_Essentials_January_2023,,7,28:45,Keith Carnal,Cancel Culture,Keith Carnal - Cancel Culture
2023-01-09 - Pan-Pot - 9 Essentials January 2023,https://www.mixesdb.com/w/2023-01-09_-_Pan-Pot_-_9_Essentials_January_2023,,8,33:40,Audio Units,Globular Cluster,Audio Units - Globular Cluster
2023-01-09 - Pan-Pot - 9 Essentials January 2023,https://www.mixesdb.com/w/2023-01-09_-_Pan-Pot_-_9_Essentials_January_2023,,9,38:45,Kashpitzky,Another,Kashpitzky - Another
2022-12-09 - Pan-Pot - 9 Essentials December 2022,https://www.mixesdb.com/w/2022-12-09_-_Pan-Pot_-_9_Essentials_December_2022,,1,00:00,"Deetron, Soulmate",In Main [Ilian Tape],"Deetron, Soulmate - In Main [Ilian Tape]"
2022-12-09 - Pan-Pot - 9 Essentials December 2022,https://www.mixesdb.com/w/2022-12-09_-_Pan-Pot_-_9_Essentials_December_2022,,2,05:30,Dense & Pika,Shank [Uncage],Dense & Pika - Shank [Uncage]
2022-12-09 - Pan-Pot - 9 Essentials December 2022,https://www.mixesdb.com/w/2022-12-09_-_Pan-Pot_-_9_Essentials_December_2022,,3,10:15,Sev Dah,1984,Sev Dah - 1984
2022-12-09 - Pan-Pot - 9 Essentials December 2022,https://www.mixesdb.com/w/2022-12-09_-_Pan-Pot_-_9_Essentials_December_2022,,4,13:35,Vladw,Movement Twenty Six Seven [Dynamic Reflection],Vladw - Movement Twenty Six Seven [Dynamic Reflection]
2022-12-09 - Pan-Pot - 9 Essentials December 2022,https://www.mixesdb.com/w/2022-12-09_-_Pan-Pot_-_9_Essentials_December_2022,,5,18:00,Axel Karakasis,In The Queue,Axel Karakasis - In The Queue
2022-12-09 - Pan-Pot - 9 Essentials December 2022,https://www.mixesdb.com/w/2022-12-09_-_Pan-Pot_-_9_Essentials_December_2022,,6,23:55,Lowerzone,Break The Beat,Lowerzone - Break The Beat
2022-12-09 - Pan-Pot - 9 Essentials December 2022,https://www.mixesdb.com/w/2022-12-09_-_Pan-Pot_-_9_Essentials_December_2022,,7,28:55,Indio,Phoenix (E.R.P. Remix),Indio - Phoenix (E.R.P. Remix)
2022-12-09 - Pan-Pot - 9 Essentials December 2022,https://www.mixesdb.com/w/2022-12-09_-_Pan-Pot_-_9_Essentials_December_2022,,8,34:15,Octave One,Terraforming,Octave One - Terraforming
2022-12-09 - Pan-Pot - 9 Essentials December 2022,https://www.mixesdb.com/w/2022-12-09_-_Pan-Pot_-_9_Essentials_December_2022,,9,37:50,Outlander,Vamp,Outlander - Vamp
2023-05-09 - Pan-Pot - 9 Essentials May 2023,https://www.mixesdb.com/w/2023-05-09_-_Pan-Pot_-_9_Essentials_May_2023,,1,00:00,Diana Oliveira,Outcome [Discotexas],Diana Oliveira - Outcome [Discotexas]
2023-05-09 - Pan-Pot - 9 Essentials May 2023,https://www.mixesdb.com/w/2023-05-09_-_Pan-Pot_-_9_Essentials_May_2023,,2,04:58,Inigo Kennedy,Rivers Flow Far [Self Released],Inigo Kennedy - Rivers Flow Far [Self Released]
2023-05-09 - Pan-Pot - 9 Essentials May 2023,https://www.mixesdb.com/w/2023-05-09_-_Pan-Pot_-_9_Essentials_May_2023,,3,10:40,Underworld,And The Colour Red [Smith Hyde],Underworld - And The Colour Red [Smith Hyde]
2023-05-09 - Pan-Pot - 9 Essentials May 2023,https://www.mixesdb.com/w/2023-05-09_-_Pan-Pot_-_9_Essentials_May_2023,,4,13:34,Dxrvo,Depths (Linear System Remix),Dxrvo - Depths (Linear System Remix)
2023-05-09 - Pan-Pot - 9 Essentials May 2023,https://www.mixesdb.com/w/2023-05-09_-_Pan-Pot_-_9_Essentials_May_2023,,5,19:09,Jeff Rushin,Spacing In Between,Jeff Rushin - Spacing In Between
2023-05-09 - Pan-Pot - 9 Essentials May 2023,https://www.mixesdb.com/w/2023-05-09_-_Pan-Pot_-_9_Essentials_May_2023,,6,21:34,Charlotte de Witte,Mercury [KNTXT],Charlotte de Witte - Mercury [KNTXT]
2023-05-09 - Pan-Pot - 9 Essentials May 2023,https://www.mixesdb.com/w/2023-05-09_-_Pan-Pot_-_9_Essentials_May_2023,,7,27:52,Sterac aka Steve Rachmad,Teknitron [Delsin],Sterac aka Steve Rachmad - Teknitron [Delsin]
2023-05-09 - Pan-Pot - 9 Essentials May 2023,https://www.mixesdb.com/w/2023-05-09_-_Pan-Pot_-_9_Essentials_May_2023,,8,32:00,Claudio PRC,Kaikō [Delsin],Claudio PRC - Kaikō [Delsin]
2023-05-09 - Pan-Pot - 9 Essentials May 2023,https://www.mixesdb.com/w/2023-05-09_-_Pan-Pot_-_9_Essentials_May_2023,,9,36:14,Lori,Reverse Run (Efdemin Remix),Lori - Reverse Run (Efdemin Remix)
2023-06-09 - Pan-Pot - 9 Essentials June 2023,https://www.mixesdb.com/w/2023-06-09_-_Pan-Pot_-_9_Essentials_June_2023,,1,00:00,James Ruskin,Time & Place,James Ruskin - Time & Place
2023-06-09 - Pan-Pot - 9 Essentials June 2023,https://www.mixesdb.com/w/2023-06-09_-_Pan-Pot_-_9_Essentials_June_2023,,2,06:04,Depeche Mode,Ghosts Again (Chris Liebing vs Luke Slater Remix) [Columbia],Depeche Mode - Ghosts Again (Chris Liebing vs Luke Slater Remix) [Columbia]
2023-06-09 - Pan-Pot - 9 Essentials June 2023,https://www.mixesdb.com/w/2023-06-09_-_Pan-Pot_-_9_Essentials_June_2023,,3,11:19,Steve Parker,Hyperspectral [Planet Rhythm],Steve Parker - Hyperspectral [Planet Rhythm]
2023-06-09 - Pan-Pot - 9 Essentials June 2023,https://www.mixesdb.com/w/2023-06-09_-_Pan-Pot_-_9_Essentials_June_2023,,4,15:04,Kenji Hina,Club 49 [Emerald],Kenji Hina - Club 49 [Emerald]
2023-06-09 - Pan-Pot - 9 Essentials June 2023,https://www.mixesdb.com/w/2023-06-09_-_Pan-Pot_-_9_Essentials_June_2023,,5,18:41,DJ Dextro,Disruptor,DJ Dextro - Disruptor
2023-06-09 - Pan-Pot - 9 Essentials June 2023,https://www.mixesdb.com/w/2023-06-09_-_Pan-Pot_-_9_Essentials_June_2023,,6,22:39,ANNĒ,A Wonder To Behold,ANNĒ - A Wonder To Behold
2023-06-09 - Pan-Pot - 9 Essentials June 2023,https://www.mixesdb.com/w/2023-06-09_-_Pan-Pot_-_9_Essentials_June_2023,,7,27:12,Onyvaa,Don't Ever Stop [KNTXT],Onyvaa - Don't Ever Stop [KNTXT]
2023-06-09 - Pan-Pot - 9 Essentials June 2023,https://www.mixesdb.com/w/2023-06-09_-_Pan-Pot_-_9_Essentials_June_2023,,8,30:45,Robert Armani,Grid,Robert Armani - Grid
2023-06-09 - Pan-Pot - 9 Essentials June 2023,https://www.mixesdb.com/w/2023-06-09_-_Pan-Pot_-_9_Essentials_June_2023,,9,35:18,Taiko,Echo Drop [Hard],Taiko - Echo Drop [Hard]
"2019-08-10 - Pan-Pot @ Street Parade, Zurich","https://www.mixesdb.com/w/2019-08-10_-_Pan-Pot_@_Street_Parade,_Zurich",,1,00,,Intro,Intro
"2019-08-10 - Pan-Pot @ Street Parade, Zurich","https://www.mixesdb.com/w/2019-08-10_-_Pan-Pot_@_Street_Parade,_Zurich",,2,03,VNTM & Tahko,Rave Culture [Second State - SNDST064],VNTM & Tahko - Rave Culture [Second State - SNDST064]
"2019-08-10 - Pan-Pot @ Street Parade, Zurich","https://www.mixesdb.com/w/2019-08-10_-_Pan-Pot_@_Street_Parade,_Zurich",,3,08,Planetary Assault Systems,Screen (2018 Re-Edit) [Mote Evolver - MOTE055D],Planetary Assault Systems - Screen (2018 Re-Edit) [Mote Evolver - MOTE055D]
"2019-08-10 - Pan-Pot @ Street Parade, Zurich","https://www.mixesdb.com/w/2019-08-10_-_Pan-Pot_@_Street_Parade,_Zurich",,4,14,Pan-Pot,Funke [Second State - SNDST045],Pan-Pot - Funke [Second State - SNDST045]
"2019-08-10 - Pan-Pot @ Street Parade, Zurich","https://www.mixesdb.com/w/2019-08-10_-_Pan-Pot_@_Street_Parade,_Zurich",,5,18,David Carretta,Vicious Game 2018 (Mark Broom Remix) [GND - GN115],David Carretta - Vicious Game 2018 (Mark Broom Remix) [GND - GN115]
"2019-08-10 - Pan-Pot @ Street Parade, Zurich","https://www.mixesdb.com/w/2019-08-10_-_Pan-Pot_@_Street_Parade,_Zurich",,6,21,Thomas Hoffknecht,Relax [KD Raw - KDRAW034],Thomas Hoffknecht - Relax [KD Raw - KDRAW034]
"2019-08-10 - Pan-Pot @ Street Parade, Zurich","https://www.mixesdb.com/w/2019-08-10_-_Pan-Pot_@_Street_Parade,_Zurich",,7,26,,?,?
"2019-08-10 - Pan-Pot @ Street Parade, Zurich","https://www.mixesdb.com/w/2019-08-10_-_Pan-Pot_@_Street_Parade,_Zurich",,8,29,Giacomo Renzi,Kaleidoscope [JAM - JAM012],Giacomo Renzi - Kaleidoscope [JAM - JAM012]
"2019-08-10 - Pan-Pot @ Street Parade, Zurich","https://www.mixesdb.com/w/2019-08-10_-_Pan-Pot_@_Street_Parade,_Zurich",,9,35,Linkan Ray,Amok [Be As One - BAO065],Linkan Ray - Amok [Be As One - BAO065]
"2019-08-10 - Pan-Pot @ Street Parade, Zurich","https://www.mixesdb.com/w/2019-08-10_-_Pan-Pot_@_Street_Parade,_Zurich",,10,39,Sara Simonit,13 Guns [Second State - SNDST071],Sara Simonit - 13 Guns [Second State - SNDST071]
"2019-08-10 - Pan-Pot @ Street Parade, Zurich","https://www.mixesdb.com/w/2019-08-10_-_Pan-Pot_@_Street_Parade,_Zurich",,11,45,Timo Maas,Kick 1 Kick 3 (Maetrik Sexy Mix) [Rockets & Ponies - ROCK006D],Timo Maas - Kick 1 Kick 3 (Maetrik Sexy Mix) [Rockets & Ponies - ROCK006D]
"2019-08-10 - Pan-Pot @ Street Parade, Zurich","https://www.mixesdb.com/w/2019-08-10_-_Pan-Pot_@_Street_Parade,_Zurich",,12,49,Frazi.er,Escapism [Second State - SNDST064],Frazi.er - Escapism [Second State - SNDST064]
"2019-08-10 - Pan-Pot @ Street Parade, Zurich","https://www.mixesdb.com/w/2019-08-10_-_Pan-Pot_@_Street_Parade,_Zurich",,13,53,Pfirter,The Dub Track (Len Faki Remix) [Figure - FIGURE30],Pfirter - The Dub Track (Len Faki Remix) [Figure - FIGURE30]
"2019-08-10 - Pan-Pot @ Street Parade, Zurich","https://www.mixesdb.com/w/2019-08-10_-_Pan-Pot_@_Street_Parade,_Zurich",,14,61,T78,Megator [Autektone - ATK039],T78 - Megator [Autektone - ATK039]
"2019-08-10 - Pan-Pot @ Street Parade, Zurich","https://www.mixesdb.com/w/2019-08-10_-_Pan-Pot_@_Street_Parade,_Zurich",,15,67,Pig&Dan,Losing Part Of Me [Drumcode - DC201],Pig&Dan - Losing Part Of Me [Drumcode - DC201]
"2019-08-10 - Pan-Pot @ Street Parade, Zurich","https://www.mixesdb.com/w/2019-08-10_-_Pan-Pot_@_Street_Parade,_Zurich",,16,70,Giacomo Renzi,Kamikaze [JAM - JAM012],Giacomo Renzi - Kamikaze [JAM - JAM012]
"2019-08-10 - Pan-Pot @ Street Parade, Zurich","https://www.mixesdb.com/w/2019-08-10_-_Pan-Pot_@_Street_Parade,_Zurich",,17,76,Ronnie Spiteri,Talking To Nature [We Are The Brave - WATB030],Ronnie Spiteri - Talking To Nature [We Are The Brave - WATB030]
"2019-08-10 - Pan-Pot @ Street Parade, Zurich","https://www.mixesdb.com/w/2019-08-10_-_Pan-Pot_@_Street_Parade,_Zurich",,18,82,Andres Campo,Forget [ODD - ODD007],Andres Campo - Forget [ODD - ODD007]
"2019-08-10 - Pan-Pot @ Street Parade, Zurich","https://www.mixesdb.com/w/2019-08-10_-_Pan-Pot_@_Street_Parade,_Zurich",,19,86,Fairmont,Gazebo (Patrice Bäumel Remix) [Sapiens - SAPIENS020D1],Fairmont - Gazebo (Patrice Bäumel Remix) [Sapiens - SAPIENS020D1]
2022-06-09 - Pan-Pot - 9 Essentials June 2022,https://www.mixesdb.com/w/2022-06-09_-_Pan-Pot_-_9_Essentials_June_2022,,1,00:00,Julian Bracht,Apocalypse (Marcel Dettmann Remix),Julian Bracht - Apocalypse (Marcel Dettmann Remix)
2022-06-09 - Pan-Pot - 9 Essentials June 2022,https://www.mixesdb.com/w/2022-06-09_-_Pan-Pot_-_9_Essentials_June_2022,,2,05:00,Quelza,La Malsaine,Quelza - La Malsaine
2022-06-09 - Pan-Pot - 9 Essentials June 2022,https://www.mixesdb.com/w/2022-06-09_-_Pan-Pot_-_9_Essentials_June_2022,,3,09:30,Chris Liebing,Sup,Chris Liebing - Sup
2022-06-09 - Pan-Pot - 9 Essentials June 2022,https://www.mixesdb.com/w/2022-06-09_-_Pan-Pot_-_9_Essentials_June_2022,,4,15:00,Dustmite,Crusher II,Dustmite - Crusher II
2022-06-09 - Pan-Pot - 9 Essentials June 2022,https://www.mixesdb.com/w/2022-06-09_-_Pan-Pot_-_9_Essentials_June_2022,,5,19:15,Temudo,The Cat Voted Twice,Temudo - The Cat Voted Twice
2022-06-09 - Pan-Pot - 9 Essentials June 2022,https://www.mixesdb.com/w/2022-06-09_-_Pan-Pot_-_9_Essentials_June_2022,,6,22:45,Insolate,Wonderful Life (Truncate Remix),Insolate - Wonderful Life (Truncate Remix)
2022-06-09 - Pan-Pot - 9 Essentials June 2022,https://www.mixesdb.com/w/2022-06-09_-_Pan-Pot_-_9_Essentials_June_2022,,7,27:30,DEXTRO,Interlink (5AM Mix),DEXTRO - Interlink (5AM Mix)
2022-06-09 - Pan-Pot - 9 Essentials June 2022,https://www.mixesdb.com/w/2022-06-09_-_Pan-Pot_-_9_Essentials_June_2022,,8,31:35,Radar,Patrol,Radar - Patrol
2022-06-09 - Pan-Pot - 9 Essentials June 2022,https://www.mixesdb.com/w/2022-06-09_-_Pan-Pot_-_9_Essentials_June_2022,,9,35:15,The Untouchables,Grassroots,The Untouchables - Grassroots
2022-05-09 - Pan-Pot - 9 Essentials May 2022,https://www.mixesdb.com/w/2022-05-09_-_Pan-Pot_-_9_Essentials_May_2022,,1,00:00,Billy Turner,Surge [Edit Select - EDITSELECT116D],Billy Turner - Surge [Edit Select - EDITSELECT116D]
2022-05-09 - Pan-Pot - 9 Essentials May 2022,https://www.mixesdb.com/w/2022-05-09_-_Pan-Pot_-_9_Essentials_May_2022,,2,02:00,Pfirter,Tu Mirada [MindTrip - MT45],Pfirter - Tu Mirada [MindTrip - MT45]
2022-05-09 - Pan-Pot - 9 Essentials May 2022,https://www.mixesdb.com/w/2022-05-09_-_Pan-Pot_-_9_Essentials_May_2022,,3,05:30,Red Rooms,Sunbeams [Planet Rhythm - PRRUKBLK070],Red Rooms - Sunbeams [Planet Rhythm - PRRUKBLK070]
2022-05-09 - Pan-Pot - 9 Essentials May 2022,https://www.mixesdb.com/w/2022-05-09_-_Pan-Pot_-_9_Essentials_May_2022,,4,11:00,MSDMNR,Carrier [MSDMNR - 018],MSDMNR - Carrier [MSDMNR - 018]
2022-05-09 - Pan-Pot - 9 Essentials May 2022,https://www.mixesdb.com/w/2022-05-09_-_Pan-Pot_-_9_Essentials_May_2022,,5,13:40,"Bagagee Viphex13, Pierre Blanche",Delorean [MOAI Techno Live Sets - TLSR006],"Bagagee Viphex13, Pierre Blanche - Delorean [MOAI Techno Live Sets - TLSR006]"
2022-05-09 - Pan-Pot - 9 Essentials May 2022,https://www.mixesdb.com/w/2022-05-09_-_Pan-Pot_-_9_Essentials_May_2022,,6,18:20,_r00t_,Myriad [Klimaks - KR005],_r00t_ - Myriad [Klimaks - KR005]
2022-05-09 - Pan-Pot - 9 Essentials May 2022,https://www.mixesdb.com/w/2022-05-09_-_Pan-Pot_-_9_Essentials_May_2022,,7,23:00,Allan Feytor,M31 [Modularz - 59],Allan Feytor - M31 [Modularz - 59]
2022-05-09 - Pan-Pot - 9 Essentials May 2022,https://www.mixesdb.com/w/2022-05-09_-_Pan-Pot_-_9_Essentials_May_2022,,8,26:00,Spencer Parker,Droney [Work Them - WTR049],Spencer Parker - Droney [Work Them - WTR049]
2022-05-09 - Pan-Pot - 9 Essentials May 2022,https://www.mixesdb.com/w/2022-05-09_-_Pan-Pot_-_9_Essentials_May_2022,,9,31:45,Yves Deruyter,Outsiders (Marusha Remix) [Bonzai - BR 95083],Yves Deruyter - Outsiders (Marusha Remix) [Bonzai - BR 95083]
2022-07-09 - Pan-Pot - 9 Essentials July 2022,https://www.mixesdb.com/w/2022-07-09_-_Pan-Pot_-_9_Essentials_July_2022,,1,00:00,Meda,Rescue Me (Johannes Heil Trueschool Rework),Meda - Rescue Me (Johannes Heil Trueschool Rework)
2022-07-09 - Pan-Pot - 9 Essentials July 2022,https://www.mixesdb.com/w/2022-07-09_-_Pan-Pot_-_9_Essentials_July_2022,,2,06:40,KMYLE,Catharsis System,KMYLE - Catharsis System
2022-07-09 - Pan-Pot - 9 Essentials July 2022,https://www.mixesdb.com/w/2022-07-09_-_Pan-Pot_-_9_Essentials_July_2022,,3,10:59,Axel Karakasis,Throb,Axel Karakasis - Throb
2022-07-09 - Pan-Pot - 9 Essentials July 2022,https://www.mixesdb.com/w/2022-07-09_-_Pan-Pot_-_9_Essentials_July_2022,,4,15:17,INSOLATE,It Always Hurts In The End,INSOLATE - It Always Hurts In The End
2022-07-09 - Pan-Pot - 9 Essentials July 2022,https://www.mixesdb.com/w/2022-07-09_-_Pan-Pot_-_9_Essentials_July_2022,,5,20:53,Lewis Fautzi,Symptomatic (Rødhåd Remix),Lewis Fautzi - Symptomatic (Rødhåd Remix)
2022-07-09 - Pan-Pot - 9 Essentials July 2022,https://www.mixesdb.com/w/2022-07-09_-_Pan-Pot_-_9_Essentials_July_2022,,6,24:00,Albert Zhirnov,Old Malt,Albert Zhirnov - Old Malt
2022-07-09 - Pan-Pot - 9 Essentials July 2022,https://www.mixesdb.com/w/2022-07-09_-_Pan-Pot_-_9_Essentials_July_2022,,7,28:46,Indira Paganotto,Jambo,Indira Paganotto - Jambo
2022-07-09 - Pan-Pot - 9 Essentials July 2022,https://www.mixesdb.com/w/2022-07-09_-_Pan-Pot_-_9_Essentials_July_2022,,8,33:47,EXOS,Time Of Time,EXOS - Time Of Time
2022-07-09 - Pan-Pot - 9 Essentials July 2022,https://www.mixesdb.com/w/2022-07-09_-_Pan-Pot_-_9_Essentials_July_2022,,9,38:34,KiNK,Disco Spektrum,KiNK - Disco Spektrum
2023-02-09 - Pan-Pot - 9 Essentials February 2023,https://www.mixesdb.com/w/2023-02-09_-_Pan-Pot_-_9_Essentials_February_2023,,1,00:00,Ackermann,Left The Club Tipsy (Vinicius Honorio Remix),Ackermann - Left The Club Tipsy (Vinicius Honorio Remix)
2023-02-09 - Pan-Pot - 9 Essentials February 2023,https://www.mixesdb.com/w/2023-02-09_-_Pan-Pot_-_9_Essentials_February_2023,,2,04:30,Flug,Fake Tales,Flug - Fake Tales
2023-02-09 - Pan-Pot - 9 Essentials February 2023,https://www.mixesdb.com/w/2023-02-09_-_Pan-Pot_-_9_Essentials_February_2023,,3,08:00,Shlomi Aber,Rewired,Shlomi Aber - Rewired
2023-02-09 - Pan-Pot - 9 Essentials February 2023,https://www.mixesdb.com/w/2023-02-09_-_Pan-Pot_-_9_Essentials_February_2023,,4,13:00,Rosati,Lexicon,Rosati - Lexicon
2023-02-09 - Pan-Pot - 9 Essentials February 2023,https://www.mixesdb.com/w/2023-02-09_-_Pan-Pot_-_9_Essentials_February_2023,,5,17:20,Jonas Kopp,Your Mind,Jonas Kopp - Your Mind
2023-02-09 - Pan-Pot - 9 Essentials February 2023,https://www.mixesdb.com/w/2023-02-09_-_Pan-Pot_-_9_Essentials_February_2023,,6,20:50,Oscar Mulero,Asteroidal Dust,Oscar Mulero - Asteroidal Dust
2023-02-09 - Pan-Pot - 9 Essentials February 2023,https://www.mixesdb.com/w/2023-02-09_-_Pan-Pot_-_9_Essentials_February_2023,,7,23:40,Jimi Joel,Mind Print,Jimi Joel - Mind Print
2023-02-09 - Pan-Pot - 9 Essentials February 2023,https://www.mixesdb.com/w/2023-02-09_-_Pan-Pot_-_9_Essentials_February_2023,,8,29:00,Rodham / Phase,190319,Rodham / Phase - 190319
2023-02-09 - Pan-Pot - 9 Essentials February 2023,https://www.mixesdb.com/w/2023-02-09_-_Pan-Pot_-_9_Essentials_February_2023,,9,34:00,Jeff Mills & Terence Fixmer,IF,Jeff Mills & Terence Fixmer - IF
2023-03-09 - Pan-Pot - 9 Essentials March 2023,https://www.mixesdb.com/w/2023-03-09_-_Pan-Pot_-_9_Essentials_March_2023,,1,00:00,Backbone,Lost In Key,Backbone - Lost In Key
2023-03-09 - Pan-Pot - 9 Essentials March 2023,https://www.mixesdb.com/w/2023-03-09_-_Pan-Pot_-_9_Essentials_March_2023,,2,05:13,Slam,Beat Control,Slam - Beat Control
2023-03-09 - Pan-Pot - 9 Essentials March 2023,https://www.mixesdb.com/w/2023-03-09_-_Pan-Pot_-_9_Essentials_March_2023,,3,08:32,Marcal,Bionic Jungle,Marcal - Bionic Jungle
2023-03-09 - Pan-Pot - 9 Essentials March 2023,https://www.mixesdb.com/w/2023-03-09_-_Pan-Pot_-_9_Essentials_March_2023,,4,12:48,Klint,Knot Theory,Klint - Knot Theory
2023-03-09 - Pan-Pot - 9 Essentials March 2023,https://www.mixesdb.com/w/2023-03-09_-_Pan-Pot_-_9_Essentials_March_2023,,5,16:49,Chris Liebing,With Passion & Faith,Chris Liebing - With Passion & Faith
2023-03-09 - Pan-Pot - 9 Essentials March 2023,https://www.mixesdb.com/w/2023-03-09_-_Pan-Pot_-_9_Essentials_March_2023,,6,21:48,MnLR,Sonic Groove,MnLR - Sonic Groove
2023-03-09 - Pan-Pot - 9 Essentials March 2023,https://www.mixesdb.com/w/2023-03-09_-_Pan-Pot_-_9_Essentials_March_2023,,7,25:57,Dave Angel,Glide,Dave Angel - Glide
2023-03-09 - Pan-Pot - 9 Essentials March 2023,https://www.mixesdb.com/w/2023-03-09_-_Pan-Pot_-_9_Essentials_March_2023,,8,30:49,"LUAP, Tim Rausch",6Am Groove,"LUAP, Tim Rausch - 6Am Groove"
2023-03-09 - Pan-Pot - 9 Essentials March 2023,https://www.mixesdb.com/w/2023-03-09_-_Pan-Pot_-_9_Essentials_March_2023,,9,35:19,Mix Factory,Take Me Away (XTC Come Hard Mix),Mix Factory - Take Me Away (XTC Come Hard Mix)
2013-12-16 - Pan-Pot - X-Mix,https://www.mixesdb.com/w/2013-12-16_-_Pan-Pot_-_X-Mix,,1,000,Pan Pot,Rosinenbomber [Mobilee - 119],Pan Pot - Rosinenbomber [Mobilee - 119]
2013-12-16 - Pan-Pot - X-Mix,https://www.mixesdb.com/w/2013-12-16_-_Pan-Pot_-_X-Mix,,2,003,Elektrochemie,Don't Go [Get Physical - GPM 047],Elektrochemie - Don't Go [Get Physical - GPM 047]
2013-12-16 - Pan-Pot - X-Mix,https://www.mixesdb.com/w/2013-12-16_-_Pan-Pot_-_X-Mix,,3,007,Shaktibox,Shaktibox 1 1 [Fortek - FT 017D],Shaktibox - Shaktibox 1 1 [Fortek - FT 017D]
2013-12-16 - Pan-Pot - X-Mix,https://www.mixesdb.com/w/2013-12-16_-_Pan-Pot_-_X-Mix,,4,010,Matador,Schaffer [Minus - MIN 16],Matador - Schaffer [Minus - MIN 16]
2013-12-16 - Pan-Pot - X-Mix,https://www.mixesdb.com/w/2013-12-16_-_Pan-Pot_-_X-Mix,,5,015,&ME,Blitz,&ME - Blitz
2013-12-16 - Pan-Pot - X-Mix,https://www.mixesdb.com/w/2013-12-16_-_Pan-Pot_-_X-Mix,,6,021,Pan-Pot,Confronted (Martin Landsky Remix) [Mobilee - 061],Pan-Pot - Confronted (Martin Landsky Remix) [Mobilee - 061]
2013-12-16 - Pan-Pot - X-Mix,https://www.mixesdb.com/w/2013-12-16_-_Pan-Pot_-_X-Mix,,7,026,Klaus Nomi,Cold Song (DJ Hell Remix),Klaus Nomi - Cold Song (DJ Hell Remix)
2013-12-16 - Pan-Pot - X-Mix,https://www.mixesdb.com/w/2013-12-16_-_Pan-Pot_-_X-Mix,,8,030,Matador,Divas [Minus - MIN 16],Matador - Divas [Minus - MIN 16]
2013-12-16 - Pan-Pot - X-Mix,https://www.mixesdb.com/w/2013-12-16_-_Pan-Pot_-_X-Mix,,9,034,Secluded,Mercy [Soma - 380D],Secluded - Mercy [Soma - 380D]
2013-12-16 - Pan-Pot - X-Mix,https://www.mixesdb.com/w/2013-12-16_-_Pan-Pot_-_X-Mix,,10,037,Roger Sanchez,My Roots (Technasia Remix),Roger Sanchez - My Roots (Technasia Remix)
2013-12-16 - Pan-Pot - X-Mix,https://www.mixesdb.com/w/2013-12-16_-_Pan-Pot_-_X-Mix,,11,045,LFO vs Fuse,Loop [Warp - CDD 68],LFO vs Fuse - Loop [Warp - CDD 68]
2013-12-16 - Pan-Pot - X-Mix,https://www.mixesdb.com/w/2013-12-16_-_Pan-Pot_-_X-Mix,,12,050,Luigi Madonna,I Believe [Drumcode - DC 122],Luigi Madonna - I Believe [Drumcode - DC 122]
2013-12-16 - Pan-Pot - X-Mix,https://www.mixesdb.com/w/2013-12-16_-_Pan-Pot_-_X-Mix,,13,056,Greg Gow,Flood Zone [Restructured - RES 062M],Greg Gow - Flood Zone [Restructured - RES 062M]
2013-12-16 - Pan-Pot - X-Mix,https://www.mixesdb.com/w/2013-12-16_-_Pan-Pot_-_X-Mix,,14,060,Decoy Linzatti,Quibble,Decoy Linzatti - Quibble
2013-12-16 - Pan-Pot - X-Mix,https://www.mixesdb.com/w/2013-12-16_-_Pan-Pot_-_X-Mix,,15,065,Pan Pot,The Mirror [Mobilee - 119],Pan Pot - The Mirror [Mobilee - 119]
2013-12-16 - Pan-Pot - X-Mix,https://www.mixesdb.com/w/2013-12-16_-_Pan-Pot_-_X-Mix,,16,072,D-Nox & Beckers,Cala A Boca [Sprout],D-Nox & Beckers - Cala A Boca [Sprout]
2013-12-16 - Pan-Pot - X-Mix,https://www.mixesdb.com/w/2013-12-16_-_Pan-Pot_-_X-Mix,,17,076,Literon,Machine I [Fortek - FT 14],Literon - Machine I [Fortek - FT 14]
2013-12-16 - Pan-Pot - X-Mix,https://www.mixesdb.com/w/2013-12-16_-_Pan-Pot_-_X-Mix,,18,081,Tiga vs Audion,Let's Go Dancing [Bedrock - BEDATA 01CD],Tiga vs Audion - Let's Go Dancing [Bedrock - BEDATA 01CD]
2013-12-16 - Pan-Pot - X-Mix,https://www.mixesdb.com/w/2013-12-16_-_Pan-Pot_-_X-Mix,,19,088,Marco Carola,Bloody Cash [Plus 8 - 104],Marco Carola - Bloody Cash [Plus 8 - 104]
2013-12-16 - Pan-Pot - X-Mix,https://www.mixesdb.com/w/2013-12-16_-_Pan-Pot_-_X-Mix,,20,093,DJ Subsonic,Dial Up (Pig&Dan Old Skool Remix) [Brazilian House Grooves - 100265 31],DJ Subsonic - Dial Up (Pig&Dan Old Skool Remix) [Brazilian House Grooves - 100265 31]
2013-12-16 - Pan-Pot - X-Mix,https://www.mixesdb.com/w/2013-12-16_-_Pan-Pot_-_X-Mix,,21,100,Midfield General,Coatnoise (Dave Clarke Remix) [Skint - BRASSIC 071],Midfield General - Coatnoise (Dave Clarke Remix) [Skint - BRASSIC 071]
2013-12-16 - Pan-Pot - X-Mix,https://www.mixesdb.com/w/2013-12-16_-_Pan-Pot_-_X-Mix,,22,103,Johannes Heil,Paranoid Dancer (DJ Hell Remix) [Kanzleramt - KA 71],Johannes Heil - Paranoid Dancer (DJ Hell Remix) [Kanzleramt - KA 71]
2013-12-16 - Pan-Pot - X-Mix,https://www.mixesdb.com/w/2013-12-16_-_Pan-Pot_-_X-Mix,,23,106,Ten Walls,Requiem [Life And Death - LAD 013],Ten Walls - Requiem [Life And Death - LAD 013]
2013-12-16 - Pan-Pot - X-Mix,https://www.mixesdb.com/w/2013-12-16_-_Pan-Pot_-_X-Mix,,24,110,,?,?
2013-12-16 - Pan-Pot - X-Mix,https://www.mixesdb.com/w/2013-12-16_-_Pan-Pot_-_X-Mix,,25,114,Hot Since 82 vs Joe T Vannelli,The End [Ultra - UL 4627],Hot Since 82 vs Joe T Vannelli - The End [Ultra - UL 4627]
2013-12-16 - Pan-Pot - X-Mix,https://www.mixesdb.com/w/2013-12-16_-_Pan-Pot_-_X-Mix,,26,117,Stevie Wonder,Superstition (Yare Bootleg),Stevie Wonder - Superstition (Yare Bootleg)
"2007-11-16 - Pan-Pot @ Mobilee Night, Tresor, Berlin","https://www.mixesdb.com/w/2007-11-16_-_Pan-Pot_@_Mobilee_Night,_Tresor,_Berlin",,1,000,Pan-Pot,Threesixty [Mobilee - CD 003],Pan-Pot - Threesixty [Mobilee - CD 003]
"2007-11-16 - Pan-Pot @ Mobilee Night, Tresor, Berlin","https://www.mixesdb.com/w/2007-11-16_-_Pan-Pot_@_Mobilee_Night,_Tresor,_Berlin",,2,008,Ambivalent,Lowlights [Minus - 58CD],Ambivalent - Lowlights [Minus - 58CD]
"2007-11-16 - Pan-Pot @ Mobilee Night, Tresor, Berlin","https://www.mixesdb.com/w/2007-11-16_-_Pan-Pot_@_Mobilee_Night,_Tresor,_Berlin",,3,013,Daley Padley & Chris Special,Electro Is Dead (Kanio Remix) [Noir - NMC 001],Daley Padley & Chris Special - Electro Is Dead (Kanio Remix) [Noir - NMC 001]
"2007-11-16 - Pan-Pot @ Mobilee Night, Tresor, Berlin","https://www.mixesdb.com/w/2007-11-16_-_Pan-Pot_@_Mobilee_Night,_Tresor,_Berlin",,4,020,Danton Eeprom,All I Can Say (Shonky's Remix) [Freak N' Chic - FNC 23],Danton Eeprom - All I Can Say (Shonky's Remix) [Freak N' Chic - FNC 23]
"2007-11-16 - Pan-Pot @ Mobilee Night, Tresor, Berlin","https://www.mixesdb.com/w/2007-11-16_-_Pan-Pot_@_Mobilee_Night,_Tresor,_Berlin",,5,027,Dubfire,Emissions [Minus - 58CD],Dubfire - Emissions [Minus - 58CD]
"2007-11-16 - Pan-Pot @ Mobilee Night, Tresor, Berlin","https://www.mixesdb.com/w/2007-11-16_-_Pan-Pot_@_Mobilee_Night,_Tresor,_Berlin",,6,033,Soylent Green,La Forza Del Destino (Radio Slave Remix) [Rekids - 009CDD],Soylent Green - La Forza Del Destino (Radio Slave Remix) [Rekids - 009CDD]
"2007-11-16 - Pan-Pot @ Mobilee Night, Tresor, Berlin","https://www.mixesdb.com/w/2007-11-16_-_Pan-Pot_@_Mobilee_Night,_Tresor,_Berlin",,7,041,JPLS,Activatroy [Minus - M 57],JPLS - Activatroy [Minus - M 57]
"2007-11-16 - Pan-Pot @ Mobilee Night, Tresor, Berlin","https://www.mixesdb.com/w/2007-11-16_-_Pan-Pot_@_Mobilee_Night,_Tresor,_Berlin",,8,046,Len Faki,My Black Sheep (Radio Slave Remix),Len Faki - My Black Sheep (Radio Slave Remix)
"2007-11-16 - Pan-Pot @ Mobilee Night, Tresor, Berlin","https://www.mixesdb.com/w/2007-11-16_-_Pan-Pot_@_Mobilee_Night,_Tresor,_Berlin",,9,054,Shlomi Aber,Freakside,Shlomi Aber - Freakside
"2007-11-16 - Pan-Pot @ Mobilee Night, Tresor, Berlin","https://www.mixesdb.com/w/2007-11-16_-_Pan-Pot_@_Mobilee_Night,_Tresor,_Berlin",,10,060,Shlomi Aber,Sekur [Be As One - BAODIG 002],Shlomi Aber - Sekur [Be As One - BAODIG 002]
"2007-11-16 - Pan-Pot @ Mobilee Night, Tresor, Berlin","https://www.mixesdb.com/w/2007-11-16_-_Pan-Pot_@_Mobilee_Night,_Tresor,_Berlin",,11,066,Butch,On The Line (Oxia Dub) [Craft - DIG 003],Butch - On The Line (Oxia Dub) [Craft - DIG 003]
"2007-11-16 - Pan-Pot @ Mobilee Night, Tresor, Berlin","https://www.mixesdb.com/w/2007-11-16_-_Pan-Pot_@_Mobilee_Night,_Tresor,_Berlin",,12,072,Jitzu & Sire G,Cyclette [Tommy Boy - 1707499],Jitzu & Sire G - Cyclette [Tommy Boy - 1707499]
"2007-11-16 - Pan-Pot @ Mobilee Night, Tresor, Berlin","https://www.mixesdb.com/w/2007-11-16_-_Pan-Pot_@_Mobilee_Night,_Tresor,_Berlin",,13,079,Ellen Allien,Go (Marcel Dettmann Remix) [BPitch Control - BPC 160],Ellen Allien - Go (Marcel Dettmann Remix) [BPitch Control - BPC 160]
"2007-11-16 - Pan-Pot @ Mobilee Night, Tresor, Berlin","https://www.mixesdb.com/w/2007-11-16_-_Pan-Pot_@_Mobilee_Night,_Tresor,_Berlin",,14,087,M.A.N.D.Y.,Rolltypes (Jitzu & Sire G Remix) [Vekton Musik - VM-004MP3],M.A.N.D.Y. - Rolltypes (Jitzu & Sire G Remix) [Vekton Musik - VM-004MP3]
"2007-11-16 - Pan-Pot @ Mobilee Night, Tresor, Berlin","https://www.mixesdb.com/w/2007-11-16_-_Pan-Pot_@_Mobilee_Night,_Tresor,_Berlin",,15,094,Deetron Feat. DJ Bone,Life Soundtrack (Radio Slave Remix) [Music Man - MM 133D],Deetron Feat. DJ Bone - Life Soundtrack (Radio Slave Remix) [Music Man - MM 133D]
"2007-11-16 - Pan-Pot @ Mobilee Night, Tresor, Berlin","https://www.mixesdb.com/w/2007-11-16_-_Pan-Pot_@_Mobilee_Night,_Tresor,_Berlin",,16,104,Pan-Pot Feat. Hugh Betcha,Charly [Mobilee - 030],Pan-Pot Feat. Hugh Betcha - Charly [Mobilee - 030]
"2007-11-16 - Pan-Pot @ Mobilee Night, Tresor, Berlin","https://www.mixesdb.com/w/2007-11-16_-_Pan-Pot_@_Mobilee_Night,_Tresor,_Berlin",,17,112,Pan-Pot,Crank [Mobilee - CD 003],Pan-Pot - Crank [Mobilee - CD 003]
"2014-03-27 - Julio Navas, Pan-Pot - Fresco Sessions 305","https://www.mixesdb.com/w/2014-03-27_-_Julio_Navas,_Pan-Pot_-_Fresco_Sessions_305",Julio Navas,1,,Alvaro Smart,Bring The House [Lapsus],Alvaro Smart - Bring The House [Lapsus]
"2014-03-27 - Julio Navas, Pan-Pot - Fresco Sessions 305","https://www.mixesdb.com/w/2014-03-27_-_Julio_Navas,_Pan-Pot_-_Fresco_Sessions_305",Julio Navas,2,,S-Man,Dangerous Thoughts (Dub Mix),S-Man - Dangerous Thoughts (Dub Mix)
"2014-03-27 - Julio Navas, Pan-Pot - Fresco Sessions 305","https://www.mixesdb.com/w/2014-03-27_-_Julio_Navas,_Pan-Pot_-_Fresco_Sessions_305",Julio Navas,3,,Matt Sassari,Dope Safari (Natch! & Dothen Remix),Matt Sassari - Dope Safari (Natch! & Dothen Remix)
"2014-03-27 - Julio Navas, Pan-Pot - Fresco Sessions 305","https://www.mixesdb.com/w/2014-03-27_-_Julio_Navas,_Pan-Pot_-_Fresco_Sessions_305",Julio Navas,4,,Ninetoes,Escape (Tiger Stripes Remix) [Kling Klong],Ninetoes - Escape (Tiger Stripes Remix) [Kling Klong]
"2014-03-27 - Julio Navas, Pan-Pot - Fresco Sessions 305","https://www.mixesdb.com/w/2014-03-27_-_Julio_Navas,_Pan-Pot_-_Fresco_Sessions_305",Julio Navas,5,,Siwell,Wheel Of Fortune,Siwell - Wheel Of Fortune
"2014-03-27 - Julio Navas, Pan-Pot - Fresco Sessions 305","https://www.mixesdb.com/w/2014-03-27_-_Julio_Navas,_Pan-Pot_-_Fresco_Sessions_305",Julio Navas,6,,Sonny Wharton Feat. Roland Clark,I See U,Sonny Wharton Feat. Roland Clark - I See U
"2014-03-27 - Julio Navas, Pan-Pot - Fresco Sessions 305","https://www.mixesdb.com/w/2014-03-27_-_Julio_Navas,_Pan-Pot_-_Fresco_Sessions_305",Julio Navas,7,,Carlo Lio,Love Nation [Intec],Carlo Lio - Love Nation [Intec]
"2014-03-27 - Julio Navas, Pan-Pot - Fresco Sessions 305","https://www.mixesdb.com/w/2014-03-27_-_Julio_Navas,_Pan-Pot_-_Fresco_Sessions_305",Julio Navas,8,,Harvey McKay,Silk Road [Drumcode],Harvey McKay - Silk Road [Drumcode]
"2014-03-27 - Julio Navas, Pan-Pot - Fresco Sessions 305","https://www.mixesdb.com/w/2014-03-27_-_Julio_Navas,_Pan-Pot_-_Fresco_Sessions_305",Julio Navas,9,,Pig&Dan,Eagles From Space (Alt Mix) [Bulletdodge],Pig&Dan - Eagles From Space (Alt Mix) [Bulletdodge]
"2014-03-27 - Julio Navas, Pan-Pot - Fresco Sessions 305","https://www.mixesdb.com/w/2014-03-27_-_Julio_Navas,_Pan-Pot_-_Fresco_Sessions_305",Julio Navas,10,,Luigi Madonna,I Believe [Drumcode],Luigi Madonna - I Believe [Drumcode]
"2014-03-27 - Julio Navas, Pan-Pot - Fresco Sessions 305","https://www.mixesdb.com/w/2014-03-27_-_Julio_Navas,_Pan-Pot_-_Fresco_Sessions_305",Julio Navas,11,,Audion & Tiga,Let's Go Dancing (Adam Beyer Remix) [Turbo],Audion & Tiga - Let's Go Dancing (Adam Beyer Remix) [Turbo]
2014-08-22 - Pan-Pot - Drumcode Radio (DCR212),https://www.mixesdb.com/w/2014-08-22_-_Pan-Pot_-_Drumcode_Radio_(DCR212),,1,,Andre Kronert,Trip [Stockholm],Andre Kronert - Trip [Stockholm]
2014-08-22 - Pan-Pot - Drumcode Radio (DCR212),https://www.mixesdb.com/w/2014-08-22_-_Pan-Pot_-_Drumcode_Radio_(DCR212),,2,,Trus'me,I Want You (Alan Fitzpatrick Remix) [Prime Numbers],Trus'me - I Want You (Alan Fitzpatrick Remix) [Prime Numbers]
2014-08-22 - Pan-Pot - Drumcode Radio (DCR212),https://www.mixesdb.com/w/2014-08-22_-_Pan-Pot_-_Drumcode_Radio_(DCR212),,3,,Sidney Charles,Warehouse Anthem [Moda Black],Sidney Charles - Warehouse Anthem [Moda Black]
2014-08-22 - Pan-Pot - Drumcode Radio (DCR212),https://www.mixesdb.com/w/2014-08-22_-_Pan-Pot_-_Drumcode_Radio_(DCR212),,4,,Cari Lekebusch,Kukulcan [Sleaze],Cari Lekebusch - Kukulcan [Sleaze]
2014-08-22 - Pan-Pot - Drumcode Radio (DCR212),https://www.mixesdb.com/w/2014-08-22_-_Pan-Pot_-_Drumcode_Radio_(DCR212),,5,,Thomas Hessler,Perception [Index Marcel Fengler],Thomas Hessler - Perception [Index Marcel Fengler]
2014-08-22 - Pan-Pot - Drumcode Radio (DCR212),https://www.mixesdb.com/w/2014-08-22_-_Pan-Pot_-_Drumcode_Radio_(DCR212),,6,,Skiver,The Void [Relief],Skiver - The Void [Relief]
2014-08-22 - Pan-Pot - Drumcode Radio (DCR212),https://www.mixesdb.com/w/2014-08-22_-_Pan-Pot_-_Drumcode_Radio_(DCR212),,7,,[ Wex 10 ],Tv Room (Roberto Capuano Remix) [Unrilis],[ Wex 10 ] - Tv Room (Roberto Capuano Remix) [Unrilis]
2014-08-22 - Pan-Pot - Drumcode Radio (DCR212),https://www.mixesdb.com/w/2014-08-22_-_Pan-Pot_-_Drumcode_Radio_(DCR212),,8,,Ray Kajioka,Strike [En Route],Ray Kajioka - Strike [En Route]
2014-08-22 - Pan-Pot - Drumcode Radio (DCR212),https://www.mixesdb.com/w/2014-08-22_-_Pan-Pot_-_Drumcode_Radio_(DCR212),,9,,Jon Gurd,Anso [Det Sync],Jon Gurd - Anso [Det Sync]
2014-08-22 - Pan-Pot - Drumcode Radio (DCR212),https://www.mixesdb.com/w/2014-08-22_-_Pan-Pot_-_Drumcode_Radio_(DCR212),,10,,Sound Associates,Boombox (Len Faki Edit) [Figure],Sound Associates - Boombox (Len Faki Edit) [Figure]
2014-08-22 - Pan-Pot - Drumcode Radio (DCR212),https://www.mixesdb.com/w/2014-08-22_-_Pan-Pot_-_Drumcode_Radio_(DCR212),,11,,Anton Pieete,Howl (Original Mix) [Rejected],Anton Pieete - Howl (Original Mix) [Rejected]
2014-08-22 - Pan-Pot - Drumcode Radio (DCR212),https://www.mixesdb.com/w/2014-08-22_-_Pan-Pot_-_Drumcode_Radio_(DCR212),,12,,Ron Costa,Cartei Maze (Original Mix) [Potobolo],Ron Costa - Cartei Maze (Original Mix) [Potobolo]
2014-08-22 - Pan-Pot - Drumcode Radio (DCR212),https://www.mixesdb.com/w/2014-08-22_-_Pan-Pot_-_Drumcode_Radio_(DCR212),,13,,"Clint Stewart, Marceille",Look Into The Sun [Second State],"Clint Stewart, Marceille - Look Into The Sun [Second State]"
2021-09-09 - Pan-Pot - 9 Essentials September 2021,https://www.mixesdb.com/w/2021-09-09_-_Pan-Pot_-_9_Essentials_September_2021,,1,00:00,Basis Change,Asymptote [The Gods Planet - TGPEXTRA006],Basis Change - Asymptote [The Gods Planet - TGPEXTRA006]
2021-09-09 - Pan-Pot - 9 Essentials September 2021,https://www.mixesdb.com/w/2021-09-09_-_Pan-Pot_-_9_Essentials_September_2021,,2,05:30,Danny Rabbit,Connected,Danny Rabbit - Connected
2021-09-09 - Pan-Pot - 9 Essentials September 2021,https://www.mixesdb.com/w/2021-09-09_-_Pan-Pot_-_9_Essentials_September_2021,,3,09:57,Marcel Reix,Sporadic [EI8HT - 020],Marcel Reix - Sporadic [EI8HT - 020]
2021-09-09 - Pan-Pot - 9 Essentials September 2021,https://www.mixesdb.com/w/2021-09-09_-_Pan-Pot_-_9_Essentials_September_2021,,4,13:30,Heerhorst,Gateway [Revolution - RVLTN002],Heerhorst - Gateway [Revolution - RVLTN002]
2021-09-09 - Pan-Pot - 9 Essentials September 2021,https://www.mixesdb.com/w/2021-09-09_-_Pan-Pot_-_9_Essentials_September_2021,,5,18:40,Indira Paganotto,Red Ninja (Shlomi Aber Remix) [Second State - SNDST093],Indira Paganotto - Red Ninja (Shlomi Aber Remix) [Second State - SNDST093]
2021-09-09 - Pan-Pot - 9 Essentials September 2021,https://www.mixesdb.com/w/2021-09-09_-_Pan-Pot_-_9_Essentials_September_2021,,6,22:35,Pan-Pot & Konrad Kanton,Onno [Second State - SNDSTXX1],Pan-Pot & Konrad Kanton - Onno [Second State - SNDSTXX1]
2021-09-09 - Pan-Pot - 9 Essentials September 2021,https://www.mixesdb.com/w/2021-09-09_-_Pan-Pot_-_9_Essentials_September_2021,,7,27:58,Hattori Hanzo,Moravian Scientist [Oecus - OM008],Hattori Hanzo - Moravian Scientist [Oecus - OM008]
2021-09-09 - Pan-Pot - 9 Essentials September 2021,https://www.mixesdb.com/w/2021-09-09_-_Pan-Pot_-_9_Essentials_September_2021,,8,32:28,Passarella Death Squad & Perc,Temperature's Rising [Perc Trax - TPTX001],Passarella Death Squad & Perc - Temperature's Rising [Perc Trax - TPTX001]
2021-09-09 - Pan-Pot - 9 Essentials September 2021,https://www.mixesdb.com/w/2021-09-09_-_Pan-Pot_-_9_Essentials_September_2021,,9,36:12,Hemka,Da Vinci Chords [Skryptom - SKRPT059],Hemka - Da Vinci Chords [Skryptom - SKRPT059]
2021-03-09 - Pan-Pot - 9 Essentials March 2021,https://www.mixesdb.com/w/2021-03-09_-_Pan-Pot_-_9_Essentials_March_2021,,1,00:00,​Senh,Reunite [Planet Rhythm - PRRUKBLK061],​Senh - Reunite [Planet Rhythm - PRRUKBLK061]
2021-03-09 - Pan-Pot - 9 Essentials March 2021,https://www.mixesdb.com/w/2021-03-09_-_Pan-Pot_-_9_Essentials_March_2021,,2,06:10,​Kasil,Lost Society [Mind Games - MINDGAMES053],​Kasil - Lost Society [Mind Games - MINDGAMES053]
2021-03-09 - Pan-Pot - 9 Essentials March 2021,https://www.mixesdb.com/w/2021-03-09_-_Pan-Pot_-_9_Essentials_March_2021,,3,10:29,​Anders Hellberg,Where They Dream (Wunderblock Wake Up Dub) [Where They Dream - WR045],​Anders Hellberg - Where They Dream (Wunderblock Wake Up Dub) [Where They Dream - WR045]
2021-03-09 - Pan-Pot - 9 Essentials March 2021,https://www.mixesdb.com/w/2021-03-09_-_Pan-Pot_-_9_Essentials_March_2021,,4,16:21,​Ø [Phase],Intensity Fluctuations [Modwerks - MDWXLP001],​Ø [Phase] - Intensity Fluctuations [Modwerks - MDWXLP001]
2021-03-09 - Pan-Pot - 9 Essentials March 2021,https://www.mixesdb.com/w/2021-03-09_-_Pan-Pot_-_9_Essentials_March_2021,,5,20:02,​Kai Van Dongen,Affirmative [1ØPILLS MATE - 1ØPILLS013],​Kai Van Dongen - Affirmative [1ØPILLS MATE - 1ØPILLS013]
2021-03-09 - Pan-Pot - 9 Essentials March 2021,https://www.mixesdb.com/w/2021-03-09_-_Pan-Pot_-_9_Essentials_March_2021,,6,25:36,​Wigbert,Xcelerator (Pan-Pot Remix) [Second State - SNDST088R],​Wigbert - Xcelerator (Pan-Pot Remix) [Second State - SNDST088R]
2021-03-09 - Pan-Pot - 9 Essentials March 2021,https://www.mixesdb.com/w/2021-03-09_-_Pan-Pot_-_9_Essentials_March_2021,,7,29:37,Dyspal,Broken Lullaby [Skryptom - SKRPT40],Dyspal - Broken Lullaby [Skryptom - SKRPT40]
2021-03-09 - Pan-Pot - 9 Essentials March 2021,https://www.mixesdb.com/w/2021-03-09_-_Pan-Pot_-_9_Essentials_March_2021,,8,35:05,​Gary Beck,Cheeky Lemon (Petter B Remix) [BEK Audio - BEK043],​Gary Beck - Cheeky Lemon (Petter B Remix) [BEK Audio - BEK043]
2021-03-09 - Pan-Pot - 9 Essentials March 2021,https://www.mixesdb.com/w/2021-03-09_-_Pan-Pot_-_9_Essentials_March_2021,,9,39:00,​Wigbert,Focus [Second State - SNDST088],​Wigbert - Focus [Second State - SNDST088]
2020-09-09 - Pan-Pot - 9 Essentials September 2020,https://www.mixesdb.com/w/2020-09-09_-_Pan-Pot_-_9_Essentials_September_2020,,1,00:00,Amandra,Tour Karin [Affûté - AFFT007],Amandra - Tour Karin [Affûté - AFFT007]
2020-09-09 - Pan-Pot - 9 Essentials September 2020,https://www.mixesdb.com/w/2020-09-09_-_Pan-Pot_-_9_Essentials_September_2020,,2,06:02,Franz Jäger,Processed Hammer [Hayes - HYSEP18],Franz Jäger - Processed Hammer [Hayes - HYSEP18]
2020-09-09 - Pan-Pot - 9 Essentials September 2020,https://www.mixesdb.com/w/2020-09-09_-_Pan-Pot_-_9_Essentials_September_2020,,3,13:34,Kai Van Dongen,Siabasin [BLK DRP - BLKDRP012],Kai Van Dongen - Siabasin [BLK DRP - BLKDRP012]
2020-09-09 - Pan-Pot - 9 Essentials September 2020,https://www.mixesdb.com/w/2020-09-09_-_Pan-Pot_-_9_Essentials_September_2020,,4,19:23,Marcel Fengler,Skyline [Lehmann - 005],Marcel Fengler - Skyline [Lehmann - 005]
2020-09-09 - Pan-Pot - 9 Essentials September 2020,https://www.mixesdb.com/w/2020-09-09_-_Pan-Pot_-_9_Essentials_September_2020,,5,24:50,Zenker Brothers,Chi Boost [Ilian Tape - IT044],Zenker Brothers - Chi Boost [Ilian Tape - IT044]
2020-09-09 - Pan-Pot - 9 Essentials September 2020,https://www.mixesdb.com/w/2020-09-09_-_Pan-Pot_-_9_Essentials_September_2020,,6,29:49,Moses (IN),Disturbing Thoughts [Be As One - BAOX08],Moses (IN) - Disturbing Thoughts [Be As One - BAOX08]
2020-09-09 - Pan-Pot - 9 Essentials September 2020,https://www.mixesdb.com/w/2020-09-09_-_Pan-Pot_-_9_Essentials_September_2020,,7,34:58,Shlomi Aber,Orion (Pan-Pot Remix) [Second State - SNDST079],Shlomi Aber - Orion (Pan-Pot Remix) [Second State - SNDST079]
2020-09-09 - Pan-Pot - 9 Essentials September 2020,https://www.mixesdb.com/w/2020-09-09_-_Pan-Pot_-_9_Essentials_September_2020,,8,41:17,BEC,The Hedonist [BEC - 002],BEC - The Hedonist [BEC - 002]
2020-09-09 - Pan-Pot - 9 Essentials September 2020,https://www.mixesdb.com/w/2020-09-09_-_Pan-Pot_-_9_Essentials_September_2020,,9,46:10,Mani Festo,Continuum [E-Beamz - EBEAMZ036],Mani Festo - Continuum [E-Beamz - EBEAMZ036]
2022-03-09 - Pan-Pot - 9 Essentials March 2022,https://www.mixesdb.com/w/2022-03-09_-_Pan-Pot_-_9_Essentials_March_2022,,1,00:00,Rambadu,Aves [012 - 04],Rambadu - Aves [012 - 04]
2022-03-09 - Pan-Pot - 9 Essentials March 2022,https://www.mixesdb.com/w/2022-03-09_-_Pan-Pot_-_9_Essentials_March_2022,,2,05:00,"A.Paul, DJ Dextro",Clash Of Titans [Sleaze - 180],"A.Paul, DJ Dextro - Clash Of Titans [Sleaze - 180]"
2022-03-09 - Pan-Pot - 9 Essentials March 2022,https://www.mixesdb.com/w/2022-03-09_-_Pan-Pot_-_9_Essentials_March_2022,,3,10:30,Pfirter,Altered States (Alarico Remix) [MindTrip - MT43],Pfirter - Altered States (Alarico Remix) [MindTrip - MT43]
2022-03-09 - Pan-Pot - 9 Essentials March 2022,https://www.mixesdb.com/w/2022-03-09_-_Pan-Pot_-_9_Essentials_March_2022,,4,15:10,Carara,Magnetic Field [Gynoid Audio - GYNOID218],Carara - Magnetic Field [Gynoid Audio - GYNOID218]
2022-03-09 - Pan-Pot - 9 Essentials March 2022,https://www.mixesdb.com/w/2022-03-09_-_Pan-Pot_-_9_Essentials_March_2022,,5,20:00,Jokasti & Nek,Sleep Spindles [Mord - 083],Jokasti & Nek - Sleep Spindles [Mord - 083]
2022-03-09 - Pan-Pot - 9 Essentials March 2022,https://www.mixesdb.com/w/2022-03-09_-_Pan-Pot_-_9_Essentials_March_2022,,6,24:45,DEAS,Perspective [BAU MUZIK - BAUMUZIK003],DEAS - Perspective [BAU MUZIK - BAUMUZIK003]
2022-03-09 - Pan-Pot - 9 Essentials March 2022,https://www.mixesdb.com/w/2022-03-09_-_Pan-Pot_-_9_Essentials_March_2022,,7,28:00,KaioBarssalos,Rio Pequeno [Suara - 444],KaioBarssalos - Rio Pequeno [Suara - 444]
2022-03-09 - Pan-Pot - 9 Essentials March 2022,https://www.mixesdb.com/w/2022-03-09_-_Pan-Pot_-_9_Essentials_March_2022,,8,33:15,PAN-POT,Particle Fever [Second State - SNDST100],PAN-POT - Particle Fever [Second State - SNDST100]
2022-03-09 - Pan-Pot - 9 Essentials March 2022,https://www.mixesdb.com/w/2022-03-09_-_Pan-Pot_-_9_Essentials_March_2022,,9,38:40,Jeroen Search,Revised Config [Platform 22 - PLTM015],Jeroen Search - Revised Config [Platform 22 - PLTM015]
"2018-09-04 - Pan-Pot @ Resistance, Privilege, Ibiza","https://www.mixesdb.com/w/2018-09-04_-_Pan-Pot_@_Resistance,_Privilege,_Ibiza",,1,000,Pan-Pot,Exzentrisch (Shlomi Aber Remix) [Second State - SNDST050R],Pan-Pot - Exzentrisch (Shlomi Aber Remix) [Second State - SNDST050R]
"2018-09-04 - Pan-Pot @ Resistance, Privilege, Ibiza","https://www.mixesdb.com/w/2018-09-04_-_Pan-Pot_@_Resistance,_Privilege,_Ibiza",,2,003,Harvey McKay,Other Side Of The Void [Suara - SUARA330],Harvey McKay - Other Side Of The Void [Suara - SUARA330]
"2018-09-04 - Pan-Pot @ Resistance, Privilege, Ibiza","https://www.mixesdb.com/w/2018-09-04_-_Pan-Pot_@_Resistance,_Privilege,_Ibiza",,3,007,Nicolas Taboada,Action [Unrilis - UNRILIS041],Nicolas Taboada - Action [Unrilis - UNRILIS041]
"2018-09-04 - Pan-Pot @ Resistance, Privilege, Ibiza","https://www.mixesdb.com/w/2018-09-04_-_Pan-Pot_@_Resistance,_Privilege,_Ibiza",,4,013,Filterheadz,Borderline [InDeep’n’Dance - INDEEP019],Filterheadz - Borderline [InDeep’n’Dance - INDEEP019]
"2018-09-04 - Pan-Pot @ Resistance, Privilege, Ibiza","https://www.mixesdb.com/w/2018-09-04_-_Pan-Pot_@_Resistance,_Privilege,_Ibiza",,5,018,Wehbba,Mind Awake[Drumcode - DC191],Wehbba - Mind Awake[Drumcode - DC191]
"2018-09-04 - Pan-Pot @ Resistance, Privilege, Ibiza","https://www.mixesdb.com/w/2018-09-04_-_Pan-Pot_@_Resistance,_Privilege,_Ibiza",,6,022,Thomas Schumacher,Embody [Noir - NMW113],Thomas Schumacher - Embody [Noir - NMW113]
"2018-09-04 - Pan-Pot @ Resistance, Privilege, Ibiza","https://www.mixesdb.com/w/2018-09-04_-_Pan-Pot_@_Resistance,_Privilege,_Ibiza",,7,028,Frank Biazzi,Storm [Transmit - TRSMT131],Frank Biazzi - Storm [Transmit - TRSMT131]
"2018-09-04 - Pan-Pot @ Resistance, Privilege, Ibiza","https://www.mixesdb.com/w/2018-09-04_-_Pan-Pot_@_Resistance,_Privilege,_Ibiza",,8,032,DJ Dextro,1991 [DSR - DSRD382],DJ Dextro - 1991 [DSR - DSRD382]
"2018-09-04 - Pan-Pot @ Resistance, Privilege, Ibiza","https://www.mixesdb.com/w/2018-09-04_-_Pan-Pot_@_Resistance,_Privilege,_Ibiza",,9,035,,?,?
"2018-09-04 - Pan-Pot @ Resistance, Privilege, Ibiza","https://www.mixesdb.com/w/2018-09-04_-_Pan-Pot_@_Resistance,_Privilege,_Ibiza",,10,039,Cirez D,Dare U [Mouseville - MOUSE024],Cirez D - Dare U [Mouseville - MOUSE024]
"2018-09-04 - Pan-Pot @ Resistance, Privilege, Ibiza","https://www.mixesdb.com/w/2018-09-04_-_Pan-Pot_@_Resistance,_Privilege,_Ibiza",,11,045,Shlomi Aber,Penetrate The System [Figure - FIGURE98],Shlomi Aber - Penetrate The System [Figure - FIGURE98]
"2018-09-04 - Pan-Pot @ Resistance, Privilege, Ibiza","https://www.mixesdb.com/w/2018-09-04_-_Pan-Pot_@_Resistance,_Privilege,_Ibiza",,12,050,Dario Sorano,Hybrid Amp [Pitch Perfect - PITCH029],Dario Sorano - Hybrid Amp [Pitch Perfect - PITCH029]
"2018-09-04 - Pan-Pot @ Resistance, Privilege, Ibiza","https://www.mixesdb.com/w/2018-09-04_-_Pan-Pot_@_Resistance,_Privilege,_Ibiza",,13,054,Pan-Pot,Weltlinie [Second State - SNDST050],Pan-Pot - Weltlinie [Second State - SNDST050]
"2018-09-04 - Pan-Pot @ Resistance, Privilege, Ibiza","https://www.mixesdb.com/w/2018-09-04_-_Pan-Pot_@_Resistance,_Privilege,_Ibiza",,14,059,DJ Dextro,Ira [Naked Lunch - NLD418],DJ Dextro - Ira [Naked Lunch - NLD418]
"2018-09-04 - Pan-Pot @ Resistance, Privilege, Ibiza","https://www.mixesdb.com/w/2018-09-04_-_Pan-Pot_@_Resistance,_Privilege,_Ibiza",,15,064,Linus Quick & Niereich,Secrets [Second State - SNDST056],Linus Quick & Niereich - Secrets [Second State - SNDST056]
"2018-09-04 - Pan-Pot @ Resistance, Privilege, Ibiza","https://www.mixesdb.com/w/2018-09-04_-_Pan-Pot_@_Resistance,_Privilege,_Ibiza",,16,068,Diego Amura,Euphasia [Etruria Beat - ETB046],Diego Amura - Euphasia [Etruria Beat - ETB046]
"2018-09-04 - Pan-Pot @ Resistance, Privilege, Ibiza","https://www.mixesdb.com/w/2018-09-04_-_Pan-Pot_@_Resistance,_Privilege,_Ibiza",,17,072,Underworld,Born Slippy (Andrew Meller Reincarnation Mix) [Glasgow Underground - GU348],Underworld - Born Slippy (Andrew Meller Reincarnation Mix) [Glasgow Underground - GU348]
"2018-09-04 - Pan-Pot @ Resistance, Privilege, Ibiza","https://www.mixesdb.com/w/2018-09-04_-_Pan-Pot_@_Resistance,_Privilege,_Ibiza",,18,075,Harvey McKat,LSD AND IRN BRU [Suara - SUARA330],Harvey McKat - LSD AND IRN BRU [Suara - SUARA330]
"2018-09-04 - Pan-Pot @ Resistance, Privilege, Ibiza","https://www.mixesdb.com/w/2018-09-04_-_Pan-Pot_@_Resistance,_Privilege,_Ibiza",,19,080,Marco Bailey,Red Floor [Materia - MATERIA018],Marco Bailey - Red Floor [Materia - MATERIA018]
"2018-09-04 - Pan-Pot @ Resistance, Privilege, Ibiza","https://www.mixesdb.com/w/2018-09-04_-_Pan-Pot_@_Resistance,_Privilege,_Ibiza",,20,083,Laurent Garnier,Crispy Bacon [F Communications - F055],Laurent Garnier - Crispy Bacon [F Communications - F055]
2020-04-03 - Pan-Pot - Berlin Studio Broadcast,https://www.mixesdb.com/w/2020-04-03_-_Pan-Pot_-_Berlin_Studio_Broadcast,,1,000,FJAAK,Light Up [FJAAK - FJAAK006],FJAAK - Light Up [FJAAK - FJAAK006]
2020-04-03 - Pan-Pot - Berlin Studio Broadcast,https://www.mixesdb.com/w/2020-04-03_-_Pan-Pot_-_Berlin_Studio_Broadcast,,2,002,Ryan Elliott,The Move [Faith Beat - FAITHBEAT02],Ryan Elliott - The Move [Faith Beat - FAITHBEAT02]
2020-04-03 - Pan-Pot - Berlin Studio Broadcast,https://www.mixesdb.com/w/2020-04-03_-_Pan-Pot_-_Berlin_Studio_Broadcast,,3,007,,?,?
2020-04-03 - Pan-Pot - Berlin Studio Broadcast,https://www.mixesdb.com/w/2020-04-03_-_Pan-Pot_-_Berlin_Studio_Broadcast,,4,010,Dubfire,Deadbug [Drumcode - DC223],Dubfire - Deadbug [Drumcode - DC223]
2020-04-03 - Pan-Pot - Berlin Studio Broadcast,https://www.mixesdb.com/w/2020-04-03_-_Pan-Pot_-_Berlin_Studio_Broadcast,,5,016,,?,?
2020-04-03 - Pan-Pot - Berlin Studio Broadcast,https://www.mixesdb.com/w/2020-04-03_-_Pan-Pot_-_Berlin_Studio_Broadcast,,6,020,,?,?
2020-04-03 - Pan-Pot - Berlin Studio Broadcast,https://www.mixesdb.com/w/2020-04-03_-_Pan-Pot_-_Berlin_Studio_Broadcast,,7,025,FJAAK,Underdawg [FJAAK - FJAAK006],FJAAK - Underdawg [FJAAK - FJAAK006]
2020-04-03 - Pan-Pot - Berlin Studio Broadcast,https://www.mixesdb.com/w/2020-04-03_-_Pan-Pot_-_Berlin_Studio_Broadcast,,8,030,,?,?
2020-04-03 - Pan-Pot - Berlin Studio Broadcast,https://www.mixesdb.com/w/2020-04-03_-_Pan-Pot_-_Berlin_Studio_Broadcast,,9,035,Alan Fitzpatrick,Step Away (Planetary Assault Systems Remix 2) [Rekids - REKIDS150],Alan Fitzpatrick - Step Away (Planetary Assault Systems Remix 2) [Rekids - REKIDS150]
2020-04-03 - Pan-Pot - Berlin Studio Broadcast,https://www.mixesdb.com/w/2020-04-03_-_Pan-Pot_-_Berlin_Studio_Broadcast,,10,040,Florian Meindl,Acid Wars [FLASH - FLASH234],Florian Meindl - Acid Wars [FLASH - FLASH234]
2020-04-03 - Pan-Pot - Berlin Studio Broadcast,https://www.mixesdb.com/w/2020-04-03_-_Pan-Pot_-_Berlin_Studio_Broadcast,,11,045,Deas,Intentions [Planet Rhythm - PRRUKD20034],Deas - Intentions [Planet Rhythm - PRRUKD20034]
2020-04-03 - Pan-Pot - Berlin Studio Broadcast,https://www.mixesdb.com/w/2020-04-03_-_Pan-Pot_-_Berlin_Studio_Broadcast,,12,051,,?,?
2020-04-03 - Pan-Pot - Berlin Studio Broadcast,https://www.mixesdb.com/w/2020-04-03_-_Pan-Pot_-_Berlin_Studio_Broadcast,,13,056,The Advent & Industrialyzer,Terra Nosa [MB Elektronics - MBELEK046D],The Advent & Industrialyzer - Terra Nosa [MB Elektronics - MBELEK046D]
2020-04-03 - Pan-Pot - Berlin Studio Broadcast,https://www.mixesdb.com/w/2020-04-03_-_Pan-Pot_-_Berlin_Studio_Broadcast,,14,059,Dustin Zahn,Saturday Night Fever [Enemy - EVA002],Dustin Zahn - Saturday Night Fever [Enemy - EVA002]
2020-04-03 - Pan-Pot - Berlin Studio Broadcast,https://www.mixesdb.com/w/2020-04-03_-_Pan-Pot_-_Berlin_Studio_Broadcast,,15,065,KMYLE,Ora [Arts - ARTSCOLLECTIVE031],KMYLE - Ora [Arts - ARTSCOLLECTIVE031]
2020-04-03 - Pan-Pot - Berlin Studio Broadcast,https://www.mixesdb.com/w/2020-04-03_-_Pan-Pot_-_Berlin_Studio_Broadcast,,16,070,Urbano,Travel Inside Your Head [Lanthan.audio - LNTHN004],Urbano - Travel Inside Your Head [Lanthan.audio - LNTHN004]
2020-04-03 - Pan-Pot - Berlin Studio Broadcast,https://www.mixesdb.com/w/2020-04-03_-_Pan-Pot_-_Berlin_Studio_Broadcast,,17,074,,?,?
2020-04-03 - Pan-Pot - Berlin Studio Broadcast,https://www.mixesdb.com/w/2020-04-03_-_Pan-Pot_-_Berlin_Studio_Broadcast,,18,080,Deas,Contour [Planet Rhythm - PRRUKD20034],Deas - Contour [Planet Rhythm - PRRUKD20034]
2020-04-03 - Pan-Pot - Berlin Studio Broadcast,https://www.mixesdb.com/w/2020-04-03_-_Pan-Pot_-_Berlin_Studio_Broadcast,,19,085,SLV (DE),Reflected Light [Soma - SOMA537D],SLV (DE) - Reflected Light [Soma - SOMA537D]
2020-04-03 - Pan-Pot - Berlin Studio Broadcast,https://www.mixesdb.com/w/2020-04-03_-_Pan-Pot_-_Berlin_Studio_Broadcast,,20,090,,?,?
2020-04-03 - Pan-Pot - Berlin Studio Broadcast,https://www.mixesdb.com/w/2020-04-03_-_Pan-Pot_-_Berlin_Studio_Broadcast,,21,094,FJAAK,Breathe [FJAAK - FJAAK006],FJAAK - Breathe [FJAAK - FJAAK006]
2020-04-03 - Pan-Pot - Berlin Studio Broadcast,https://www.mixesdb.com/w/2020-04-03_-_Pan-Pot_-_Berlin_Studio_Broadcast,,22,096,Michael Klein,Hoisin [Second State - SNDST072],Michael Klein - Hoisin [Second State - SNDST072]
2020-04-03 - Pan-Pot - Berlin Studio Broadcast,https://www.mixesdb.com/w/2020-04-03_-_Pan-Pot_-_Berlin_Studio_Broadcast,,23,102,,?,?
2020-04-03 - Pan-Pot - Berlin Studio Broadcast,https://www.mixesdb.com/w/2020-04-03_-_Pan-Pot_-_Berlin_Studio_Broadcast,,24,107,,?,?
2020-04-03 - Pan-Pot - Berlin Studio Broadcast,https://www.mixesdb.com/w/2020-04-03_-_Pan-Pot_-_Berlin_Studio_Broadcast,,25,111,,?,?
"2020-08-03 - Pan-Pot @ LAB Stream II, Germany","https://www.mixesdb.com/w/2020-08-03_-_Pan-Pot_@_LAB_Stream_II,_Germany",,1,00,Atom,Stromlinien [Ostgut Ton - OSTGUTCD034DIGITAL],Atom - Stromlinien [Ostgut Ton - OSTGUTCD034DIGITAL]
"2020-08-03 - Pan-Pot @ LAB Stream II, Germany","https://www.mixesdb.com/w/2020-08-03_-_Pan-Pot_@_LAB_Stream_II,_Germany",,2,04,Vertical Spectrum,Oko Bez Sowy [INNSIGNN - INN015],Vertical Spectrum - Oko Bez Sowy [INNSIGNN - INN015]
"2020-08-03 - Pan-Pot @ LAB Stream II, Germany","https://www.mixesdb.com/w/2020-08-03_-_Pan-Pot_@_LAB_Stream_II,_Germany",,3,07,The Advent,Watch Out (Shlomi Aber Remix) [Conform - CNFR026],The Advent - Watch Out (Shlomi Aber Remix) [Conform - CNFR026]
"2020-08-03 - Pan-Pot @ LAB Stream II, Germany","https://www.mixesdb.com/w/2020-08-03_-_Pan-Pot_@_LAB_Stream_II,_Germany",,4,12,Dotdat,Subtrap [K S R - KSRDGTL007],Dotdat - Subtrap [K S R - KSRDGTL007]
"2020-08-03 - Pan-Pot @ LAB Stream II, Germany","https://www.mixesdb.com/w/2020-08-03_-_Pan-Pot_@_LAB_Stream_II,_Germany",,5,16,Pfirter & Grindvik,End This [Leyla - LEYLA014],Pfirter & Grindvik - End This [Leyla - LEYLA014]
"2020-08-03 - Pan-Pot @ LAB Stream II, Germany","https://www.mixesdb.com/w/2020-08-03_-_Pan-Pot_@_LAB_Stream_II,_Germany",,6,21,Vil,The Search [Be As One - BAO075],Vil - The Search [Be As One - BAO075]
"2020-08-03 - Pan-Pot @ LAB Stream II, Germany","https://www.mixesdb.com/w/2020-08-03_-_Pan-Pot_@_LAB_Stream_II,_Germany",,7,24,Gaetek,Advanced Series Vol. 1 (The Advent Remix) [Conform - CNFR026],Gaetek - Advanced Series Vol. 1 (The Advent Remix) [Conform - CNFR026]
"2020-08-03 - Pan-Pot @ LAB Stream II, Germany","https://www.mixesdb.com/w/2020-08-03_-_Pan-Pot_@_LAB_Stream_II,_Germany",,8,31,INSOLATE,Legs Day [Immaterial.Archives - IA006D],INSOLATE - Legs Day [Immaterial.Archives - IA006D]
"2020-08-03 - Pan-Pot @ LAB Stream II, Germany","https://www.mixesdb.com/w/2020-08-03_-_Pan-Pot_@_LAB_Stream_II,_Germany",,9,33,Gaetek,Advanced Series Vol. 2 (Ben Sims Hardgroove Edit) [Conform - CNFR025],Gaetek - Advanced Series Vol. 2 (Ben Sims Hardgroove Edit) [Conform - CNFR025]
"2020-08-03 - Pan-Pot @ LAB Stream II, Germany","https://www.mixesdb.com/w/2020-08-03_-_Pan-Pot_@_LAB_Stream_II,_Germany",,10,41,Selective Response,RX-93 [CRISIS OF MAN - COM004],Selective Response - RX-93 [CRISIS OF MAN - COM004]
"2020-08-03 - Pan-Pot @ LAB Stream II, Germany","https://www.mixesdb.com/w/2020-08-03_-_Pan-Pot_@_LAB_Stream_II,_Germany",,11,44,MRD Feat. Sticky Icky,Superwoman [Arts - ARTSX012],MRD Feat. Sticky Icky - Superwoman [Arts - ARTSX012]
"2020-08-03 - Pan-Pot @ LAB Stream II, Germany","https://www.mixesdb.com/w/2020-08-03_-_Pan-Pot_@_LAB_Stream_II,_Germany",,12,50,Len Faki,Rodeo (2020 Remaster) [Terminal M - TERM184],Len Faki - Rodeo (2020 Remaster) [Terminal M - TERM184]
"2020-08-03 - Pan-Pot @ LAB Stream II, Germany","https://www.mixesdb.com/w/2020-08-03_-_Pan-Pot_@_LAB_Stream_II,_Germany",,13,58,FJAAK,City Club [FJAAK - SYS01],FJAAK - City Club [FJAAK - SYS01]
"2020-08-03 - Pan-Pot @ LAB Stream II, Germany","https://www.mixesdb.com/w/2020-08-03_-_Pan-Pot_@_LAB_Stream_II,_Germany",,14,63,Re:Axis,Empty Sky [Planet Rhythm - PRRUKD20053],Re:Axis - Empty Sky [Planet Rhythm - PRRUKD20053]
2021-01-03 - Pan-Pot - Mix Mission,https://www.mixesdb.com/w/2021-01-03_-_Pan-Pot_-_Mix_Mission,,1,000,Client_03,Regression Container [Tronic - TR382],Client_03 - Regression Container [Tronic - TR382]
2021-01-03 - Pan-Pot - Mix Mission,https://www.mixesdb.com/w/2021-01-03_-_Pan-Pot_-_Mix_Mission,,2,006,Ben Buitendijk,Erosion [Oblique - OBQ010],Ben Buitendijk - Erosion [Oblique - OBQ010]
2021-01-03 - Pan-Pot - Mix Mission,https://www.mixesdb.com/w/2021-01-03_-_Pan-Pot_-_Mix_Mission,,3,011,DJ Deep,Demonstration [Tresor - TRESOR319],DJ Deep - Demonstration [Tresor - TRESOR319]
2021-01-03 - Pan-Pot - Mix Mission,https://www.mixesdb.com/w/2021-01-03_-_Pan-Pot_-_Mix_Mission,,4,014,Stef Mendesidis,Critical Ratio [Clergy - CRG022],Stef Mendesidis - Critical Ratio [Clergy - CRG022]
2021-01-03 - Pan-Pot - Mix Mission,https://www.mixesdb.com/w/2021-01-03_-_Pan-Pot_-_Mix_Mission,,5,019,Buridan,System Disarmed [We Are The Brave - WATB060],Buridan - System Disarmed [We Are The Brave - WATB060]
2021-01-03 - Pan-Pot - Mix Mission,https://www.mixesdb.com/w/2021-01-03_-_Pan-Pot_-_Mix_Mission,,6,024,Marcal,Ainozama [Rekids - RSPX22],Marcal - Ainozama [Rekids - RSPX22]
2021-01-03 - Pan-Pot - Mix Mission,https://www.mixesdb.com/w/2021-01-03_-_Pan-Pot_-_Mix_Mission,,7,029,Regent,Dreama [Planet Rhythm - PRRUKBLK057],Regent - Dreama [Planet Rhythm - PRRUKBLK057]
2021-01-03 - Pan-Pot - Mix Mission,https://www.mixesdb.com/w/2021-01-03_-_Pan-Pot_-_Mix_Mission,,8,036,Ray Kajioka,Ten Ten [Parabel - PRBL014D],Ray Kajioka - Ten Ten [Parabel - PRBL014D]
2021-01-03 - Pan-Pot - Mix Mission,https://www.mixesdb.com/w/2021-01-03_-_Pan-Pot_-_Mix_Mission,,9,041,Wice (DE),All Those Fancy Lizards [Be As One - BAOX10],Wice (DE) - All Those Fancy Lizards [Be As One - BAOX10]
2021-01-03 - Pan-Pot - Mix Mission,https://www.mixesdb.com/w/2021-01-03_-_Pan-Pot_-_Mix_Mission,,10,045,P.E.A.R.L.,We Will Not All Fall (Matrixxman Remix) [Moral Standards - MOST001],P.E.A.R.L. - We Will Not All Fall (Matrixxman Remix) [Moral Standards - MOST001]
2021-01-03 - Pan-Pot - Mix Mission,https://www.mixesdb.com/w/2021-01-03_-_Pan-Pot_-_Mix_Mission,,11,050,Ramon Tapia,Drum Control [Drumcode - DC235],Ramon Tapia - Drum Control [Drumcode - DC235]
2021-01-03 - Pan-Pot - Mix Mission,https://www.mixesdb.com/w/2021-01-03_-_Pan-Pot_-_Mix_Mission,,12,055,Kai Van Dongen,Siabasin [BLK DRP - BLKDRP012],Kai Van Dongen - Siabasin [BLK DRP - BLKDRP012]
2021-01-03 - Pan-Pot - Mix Mission,https://www.mixesdb.com/w/2021-01-03_-_Pan-Pot_-_Mix_Mission,,13,060,BEC,Downwards Spiral (Mattia Trani's Old School Remix) [BEC - 003],BEC - Downwards Spiral (Mattia Trani's Old School Remix) [BEC - 003]
2021-01-03 - Pan-Pot - Mix Mission,https://www.mixesdb.com/w/2021-01-03_-_Pan-Pot_-_Mix_Mission,,14,063,VHS,Spasm [HAYES - HYSEP19],VHS - Spasm [HAYES - HYSEP19]
2021-01-03 - Pan-Pot - Mix Mission,https://www.mixesdb.com/w/2021-01-03_-_Pan-Pot_-_Mix_Mission,,15,069,DJ Deep,Escape [Tresor - TRESOR319],DJ Deep - Escape [Tresor - TRESOR319]
2021-01-03 - Pan-Pot - Mix Mission,https://www.mixesdb.com/w/2021-01-03_-_Pan-Pot_-_Mix_Mission,,16,071,Roman Flügel,Pattern 10 [Sister Midnight - SMLP1],Roman Flügel - Pattern 10 [Sister Midnight - SMLP1]
2021-01-03 - Pan-Pot - Mix Mission,https://www.mixesdb.com/w/2021-01-03_-_Pan-Pot_-_Mix_Mission,,17,078,,?,?
2021-01-03 - Pan-Pot - Mix Mission,https://www.mixesdb.com/w/2021-01-03_-_Pan-Pot_-_Mix_Mission,,18,089,Benjamin Damage,Glavset Bubble [Figure - FIGUREX22],Benjamin Damage - Glavset Bubble [Figure - FIGUREX22]
2021-01-03 - Pan-Pot - Mix Mission,https://www.mixesdb.com/w/2021-01-03_-_Pan-Pot_-_Mix_Mission,,19,095,Temudo,Blo-Rei [OOM - OOM001],Temudo - Blo-Rei [OOM - OOM001]
2021-01-03 - Pan-Pot - Mix Mission,https://www.mixesdb.com/w/2021-01-03_-_Pan-Pot_-_Mix_Mission,,20,098,Sleeparchive,Leave [Tresor - TRESOR316],Sleeparchive - Leave [Tresor - TRESOR316]
2021-01-03 - Pan-Pot - Mix Mission,https://www.mixesdb.com/w/2021-01-03_-_Pan-Pot_-_Mix_Mission,,21,102,,?,?
2021-01-03 - Pan-Pot - Mix Mission,https://www.mixesdb.com/w/2021-01-03_-_Pan-Pot_-_Mix_Mission,,22,106,,?,?
2021-01-03 - Pan-Pot - Mix Mission,https://www.mixesdb.com/w/2021-01-03_-_Pan-Pot_-_Mix_Mission,,23,112,CJ Bolland,The Demonic Script [Tronic - TR382],CJ Bolland - The Demonic Script [Tronic - TR382]
2021-01-03 - Pan-Pot - Mix Mission,https://www.mixesdb.com/w/2021-01-03_-_Pan-Pot_-_Mix_Mission,,24,117,,?,?
2021-01-03 - Pan-Pot - Mix Mission,https://www.mixesdb.com/w/2021-01-03_-_Pan-Pot_-_Mix_Mission,,25,122,,?,?
"2017-12-31 - Pan-Pot @ HYTE NYE, Funkhaus Berlin","https://www.mixesdb.com/w/2017-12-31_-_Pan-Pot_@_HYTE_NYE,_Funkhaus_Berlin",,1,00,Jon Hester,Cypher,Jon Hester - Cypher
"2017-12-31 - Pan-Pot @ HYTE NYE, Funkhaus Berlin","https://www.mixesdb.com/w/2017-12-31_-_Pan-Pot_@_HYTE_NYE,_Funkhaus_Berlin",,2,07,Frankie Bones,Call It Techno (Carlo Lio Remix),Frankie Bones - Call It Techno (Carlo Lio Remix)
"2017-12-31 - Pan-Pot @ HYTE NYE, Funkhaus Berlin","https://www.mixesdb.com/w/2017-12-31_-_Pan-Pot_@_HYTE_NYE,_Funkhaus_Berlin",,3,12,Ilario Alicante,Leave Me,Ilario Alicante - Leave Me
"2017-12-31 - Pan-Pot @ HYTE NYE, Funkhaus Berlin","https://www.mixesdb.com/w/2017-12-31_-_Pan-Pot_@_HYTE_NYE,_Funkhaus_Berlin",,4,17,Secret Cinema,I Can Feel It Rising,Secret Cinema - I Can Feel It Rising
"2017-12-31 - Pan-Pot @ HYTE NYE, Funkhaus Berlin","https://www.mixesdb.com/w/2017-12-31_-_Pan-Pot_@_HYTE_NYE,_Funkhaus_Berlin",,5,21,Ramiro Lopez Feat. Juliet Fox,Twisted (Pleasurekraft Remix),Ramiro Lopez Feat. Juliet Fox - Twisted (Pleasurekraft Remix)
"2017-12-31 - Pan-Pot @ HYTE NYE, Funkhaus Berlin","https://www.mixesdb.com/w/2017-12-31_-_Pan-Pot_@_HYTE_NYE,_Funkhaus_Berlin",,6,25,Slam,Disconnect,Slam - Disconnect
"2017-12-31 - Pan-Pot @ HYTE NYE, Funkhaus Berlin","https://www.mixesdb.com/w/2017-12-31_-_Pan-Pot_@_HYTE_NYE,_Funkhaus_Berlin",,7,32,Keith Carnal,Sword Play,Keith Carnal - Sword Play
"2017-12-31 - Pan-Pot @ HYTE NYE, Funkhaus Berlin","https://www.mixesdb.com/w/2017-12-31_-_Pan-Pot_@_HYTE_NYE,_Funkhaus_Berlin",,8,37,Greg Gow,Forward Past (Fuse Mix),Greg Gow - Forward Past (Fuse Mix)
"2017-12-31 - Pan-Pot @ HYTE NYE, Funkhaus Berlin","https://www.mixesdb.com/w/2017-12-31_-_Pan-Pot_@_HYTE_NYE,_Funkhaus_Berlin",,9,42,Rafael Cerato,Mayday Mayday (Coyu Raw Edit),Rafael Cerato - Mayday Mayday (Coyu Raw Edit)
"2017-12-31 - Pan-Pot @ HYTE NYE, Funkhaus Berlin","https://www.mixesdb.com/w/2017-12-31_-_Pan-Pot_@_HYTE_NYE,_Funkhaus_Berlin",,10,45,Ray Kajioka,Ruderberg,Ray Kajioka - Ruderberg
"2017-12-31 - Pan-Pot @ HYTE NYE, Funkhaus Berlin","https://www.mixesdb.com/w/2017-12-31_-_Pan-Pot_@_HYTE_NYE,_Funkhaus_Berlin",,11,53,Robert Hood,I Am,Robert Hood - I Am
"2017-12-31 - Pan-Pot @ HYTE NYE, Funkhaus Berlin","https://www.mixesdb.com/w/2017-12-31_-_Pan-Pot_@_HYTE_NYE,_Funkhaus_Berlin",,12,62,Joy Kitikonti,Joy Energizer,Joy Kitikonti - Joy Energizer
"2017-12-31 - Pan-Pot @ HYTE NYE, Funkhaus Berlin","https://www.mixesdb.com/w/2017-12-31_-_Pan-Pot_@_HYTE_NYE,_Funkhaus_Berlin",,13,69,Slam & Green Velvet,Take Your Time,Slam & Green Velvet - Take Your Time
"2017-12-31 - Pan-Pot @ HYTE NYE, Funkhaus Berlin","https://www.mixesdb.com/w/2017-12-31_-_Pan-Pot_@_HYTE_NYE,_Funkhaus_Berlin",,14,75,Rebolledo,Discoteco Plexico,Rebolledo - Discoteco Plexico
"2017-12-31 - Pan-Pot @ HYTE NYE, Funkhaus Berlin","https://www.mixesdb.com/w/2017-12-31_-_Pan-Pot_@_HYTE_NYE,_Funkhaus_Berlin",,15,81,Mark Reeve,Far Away,Mark Reeve - Far Away
"2017-12-31 - Pan-Pot @ HYTE NYE, Funkhaus Berlin","https://www.mixesdb.com/w/2017-12-31_-_Pan-Pot_@_HYTE_NYE,_Funkhaus_Berlin",,16,86,Reform,Magic Land,Reform - Magic Land
2014-10-13 - Pan-Pot - Watergate 17,https://www.mixesdb.com/w/2014-10-13_-_Pan-Pot_-_Watergate_17,,1,,Pavel Petrov,Adapt [1:35],Pavel Petrov - Adapt [1:35]
2014-10-13 - Pan-Pot - Watergate 17,https://www.mixesdb.com/w/2014-10-13_-_Pan-Pot_-_Watergate_17,,2,,Radio Slave,Don't Stop No Sleep [2:06],Radio Slave - Don't Stop No Sleep [2:06]
2014-10-13 - Pan-Pot - Watergate 17,https://www.mixesdb.com/w/2014-10-13_-_Pan-Pot_-_Watergate_17,,3,,Marco Resmann,Hello Again [2:49],Marco Resmann - Hello Again [2:49]
2014-10-13 - Pan-Pot - Watergate 17,https://www.mixesdb.com/w/2014-10-13_-_Pan-Pot_-_Watergate_17,,4,,Clint Stewart,Drenched [3:21],Clint Stewart - Drenched [3:21]
2014-10-13 - Pan-Pot - Watergate 17,https://www.mixesdb.com/w/2014-10-13_-_Pan-Pot_-_Watergate_17,,5,,Shall Ocin,Lurking Wolves [4:03],Shall Ocin - Lurking Wolves [4:03]
2014-10-13 - Pan-Pot - Watergate 17,https://www.mixesdb.com/w/2014-10-13_-_Pan-Pot_-_Watergate_17,,6,,Whyt Noize,Shift [3:53],Whyt Noize - Shift [3:53]
2014-10-13 - Pan-Pot - Watergate 17,https://www.mixesdb.com/w/2014-10-13_-_Pan-Pot_-_Watergate_17,,7,,Mark Broom,Nucleus [1:33],Mark Broom - Nucleus [1:33]
2014-10-13 - Pan-Pot - Watergate 17,https://www.mixesdb.com/w/2014-10-13_-_Pan-Pot_-_Watergate_17,,8,,Darlyn Vlys,Floor 122 (Santé + Sidney Charles Warehouse Dub) [3:46],Darlyn Vlys - Floor 122 (Santé + Sidney Charles Warehouse Dub) [3:46]
2014-10-13 - Pan-Pot - Watergate 17,https://www.mixesdb.com/w/2014-10-13_-_Pan-Pot_-_Watergate_17,,9,,Pan-Pot,Substance [4:45],Pan-Pot - Substance [4:45]
2014-10-13 - Pan-Pot - Watergate 17,https://www.mixesdb.com/w/2014-10-13_-_Pan-Pot_-_Watergate_17,,10,,Alberto Pascual,Doer [2:49],Alberto Pascual - Doer [2:49]
2014-10-13 - Pan-Pot - Watergate 17,https://www.mixesdb.com/w/2014-10-13_-_Pan-Pot_-_Watergate_17,,11,,Dario Zenker,27 Northwest [4:30],Dario Zenker - 27 Northwest [4:30]
2014-10-13 - Pan-Pot - Watergate 17,https://www.mixesdb.com/w/2014-10-13_-_Pan-Pot_-_Watergate_17,,12,,Maceo Plex,Conjure Bass [5:14],Maceo Plex - Conjure Bass [5:14]
2014-10-13 - Pan-Pot - Watergate 17,https://www.mixesdb.com/w/2014-10-13_-_Pan-Pot_-_Watergate_17,,13,,Stephan Hinz,Hungry [3:51],Stephan Hinz - Hungry [3:51]
2014-10-13 - Pan-Pot - Watergate 17,https://www.mixesdb.com/w/2014-10-13_-_Pan-Pot_-_Watergate_17,,14,,Skober,Bring It To Me [6:10],Skober - Bring It To Me [6:10]
2014-10-13 - Pan-Pot - Watergate 17,https://www.mixesdb.com/w/2014-10-13_-_Pan-Pot_-_Watergate_17,,15,,Pan-Pot,Grey Matter [5:07],Pan-Pot - Grey Matter [5:07]
2014-10-13 - Pan-Pot - Watergate 17,https://www.mixesdb.com/w/2014-10-13_-_Pan-Pot_-_Watergate_17,,16,,Josh Wink,Are You There (Ben Klock Remix) [4:17],Josh Wink - Are You There (Ben Klock Remix) [4:17]
2014-10-13 - Pan-Pot - Watergate 17,https://www.mixesdb.com/w/2014-10-13_-_Pan-Pot_-_Watergate_17,,17,,Martin Eyerer,Reckless [5:22],Martin Eyerer - Reckless [5:22]
2014-10-13 - Pan-Pot - Watergate 17,https://www.mixesdb.com/w/2014-10-13_-_Pan-Pot_-_Watergate_17,,18,,Pan-Pot & Slam,Conductor [7:35],Pan-Pot & Slam - Conductor [7:35]
2014-10-13 - Pan-Pot - Watergate 17,https://www.mixesdb.com/w/2014-10-13_-_Pan-Pot_-_Watergate_17,,19,,Pan-Pot & Vincenzo,Fiction Inc [7:13],Pan-Pot & Vincenzo - Fiction Inc [7:13]
"2008-08-02 - Anja Schneider, Pan-Pot @ Dance Under The Blue Moon","https://www.mixesdb.com/w/2008-08-02_-_Anja_Schneider,_Pan-Pot_@_Dance_Under_The_Blue_Moon",,1,,Schneider & Galuzzi,Too Late To Land [Cocoon],Schneider & Galuzzi - Too Late To Land [Cocoon]
"2008-08-02 - Anja Schneider, Pan-Pot @ Dance Under The Blue Moon","https://www.mixesdb.com/w/2008-08-02_-_Anja_Schneider,_Pan-Pot_@_Dance_Under_The_Blue_Moon",,2,,Nick Curly,Happy Five [Cecille],Nick Curly - Happy Five [Cecille]
"2008-08-02 - Anja Schneider, Pan-Pot @ Dance Under The Blue Moon","https://www.mixesdb.com/w/2008-08-02_-_Anja_Schneider,_Pan-Pot_@_Dance_Under_The_Blue_Moon",,3,,Ekkohaus,Our Thing (GummiHz Remix) [Morris Audio],Ekkohaus - Our Thing (GummiHz Remix) [Morris Audio]
"2008-08-02 - Anja Schneider, Pan-Pot @ Dance Under The Blue Moon","https://www.mixesdb.com/w/2008-08-02_-_Anja_Schneider,_Pan-Pot_@_Dance_Under_The_Blue_Moon",,4,,Minilogue,Jamaica (The Mole Hispaniola Mix) [Cocoon],Minilogue - Jamaica (The Mole Hispaniola Mix) [Cocoon]
"2008-08-02 - Anja Schneider, Pan-Pot @ Dance Under The Blue Moon","https://www.mixesdb.com/w/2008-08-02_-_Anja_Schneider,_Pan-Pot_@_Dance_Under_The_Blue_Moon",,5,,Emmanuel,Lipflap [Be As One],Emmanuel - Lipflap [Be As One]
"2008-08-02 - Anja Schneider, Pan-Pot @ Dance Under The Blue Moon","https://www.mixesdb.com/w/2008-08-02_-_Anja_Schneider,_Pan-Pot_@_Dance_Under_The_Blue_Moon",,6,,Martin Buttrich,I Lost My Wallet [Cocoon],Martin Buttrich - I Lost My Wallet [Cocoon]
"2008-08-02 - Anja Schneider, Pan-Pot @ Dance Under The Blue Moon","https://www.mixesdb.com/w/2008-08-02_-_Anja_Schneider,_Pan-Pot_@_Dance_Under_The_Blue_Moon",,7,,Pan-Pot,Shibuya [True To Form],Pan-Pot - Shibuya [True To Form]
"2008-08-02 - Anja Schneider, Pan-Pot @ Dance Under The Blue Moon","https://www.mixesdb.com/w/2008-08-02_-_Anja_Schneider,_Pan-Pot_@_Dance_Under_The_Blue_Moon",Pan-Pot,1,,Function,Burn [Sent Well District],Function - Burn [Sent Well District]
"2008-08-02 - Anja Schneider, Pan-Pot @ Dance Under The Blue Moon","https://www.mixesdb.com/w/2008-08-02_-_Anja_Schneider,_Pan-Pot_@_Dance_Under_The_Blue_Moon",Pan-Pot,2,,Amir / Butch,Set If Off (Dubfire Remix) [Great Stuff],Amir / Butch - Set If Off (Dubfire Remix) [Great Stuff]
"2008-08-02 - Anja Schneider, Pan-Pot @ Dance Under The Blue Moon","https://www.mixesdb.com/w/2008-08-02_-_Anja_Schneider,_Pan-Pot_@_Dance_Under_The_Blue_Moon",Pan-Pot,3,,The Sunburst Band,Journey To The Sun [Z],The Sunburst Band - Journey To The Sun [Z]
"2008-08-02 - Anja Schneider, Pan-Pot @ Dance Under The Blue Moon","https://www.mixesdb.com/w/2008-08-02_-_Anja_Schneider,_Pan-Pot_@_Dance_Under_The_Blue_Moon",Pan-Pot,4,,Maetrik,Sex With Bass [Mothership],Maetrik - Sex With Bass [Mothership]
"2008-08-02 - Anja Schneider, Pan-Pot @ Dance Under The Blue Moon","https://www.mixesdb.com/w/2008-08-02_-_Anja_Schneider,_Pan-Pot_@_Dance_Under_The_Blue_Moon",Pan-Pot,5,,Leon Greenbean,Train (Someone Else Mix) [Minibus],Leon Greenbean - Train (Someone Else Mix) [Minibus]
"2008-08-02 - Anja Schneider, Pan-Pot @ Dance Under The Blue Moon","https://www.mixesdb.com/w/2008-08-02_-_Anja_Schneider,_Pan-Pot_@_Dance_Under_The_Blue_Moon",Pan-Pot,6,,Niederflur,Typo [Minus],Niederflur - Typo [Minus]
"2008-08-02 - Anja Schneider, Pan-Pot @ Dance Under The Blue Moon","https://www.mixesdb.com/w/2008-08-02_-_Anja_Schneider,_Pan-Pot_@_Dance_Under_The_Blue_Moon",Pan-Pot,7,,Asem Sharma,Kabuki (Pan-Pot Remix) [Highgrade],Asem Sharma - Kabuki (Pan-Pot Remix) [Highgrade]
2016-06-13 - Pan-Pot - Sonar By Night 2016 (Promo Mix),https://www.mixesdb.com/w/2016-06-13_-_Pan-Pot_-_Sonar_By_Night_2016_(Promo_Mix),,1,00,Doms & Deykers,It's You I See [3024 (3024) - 026],Doms & Deykers - It's You I See [3024 (3024) - 026]
2016-06-13 - Pan-Pot - Sonar By Night 2016 (Promo Mix),https://www.mixesdb.com/w/2016-06-13_-_Pan-Pot_-_Sonar_By_Night_2016_(Promo_Mix),,2,02,Donato Dozzy,Aurora [Spazio Disponibile - SPAZIO 002],Donato Dozzy - Aurora [Spazio Disponibile - SPAZIO 002]
2016-06-13 - Pan-Pot - Sonar By Night 2016 (Promo Mix),https://www.mixesdb.com/w/2016-06-13_-_Pan-Pot_-_Sonar_By_Night_2016_(Promo_Mix),,3,04,Scuba,Black On Black (Len Faki Goes Black Remix) [Bedrock - BEDMONT 2CD],Scuba - Black On Black (Len Faki Goes Black Remix) [Bedrock - BEDMONT 2CD]
2016-06-13 - Pan-Pot - Sonar By Night 2016 (Promo Mix),https://www.mixesdb.com/w/2016-06-13_-_Pan-Pot_-_Sonar_By_Night_2016_(Promo_Mix),,4,10,Radio Slave,Vision (Marcel Dettmann Remix) [Rekids - 090],Radio Slave - Vision (Marcel Dettmann Remix) [Rekids - 090]
2016-06-13 - Pan-Pot - Sonar By Night 2016 (Promo Mix),https://www.mixesdb.com/w/2016-06-13_-_Pan-Pot_-_Sonar_By_Night_2016_(Promo_Mix),,5,13,Madben,Tension (Slam Remix) [Astropolis],Madben - Tension (Slam Remix) [Astropolis]
2016-06-13 - Pan-Pot - Sonar By Night 2016 (Promo Mix),https://www.mixesdb.com/w/2016-06-13_-_Pan-Pot_-_Sonar_By_Night_2016_(Promo_Mix),,6,20,Heiko Laux,Dry Me (Acid Mix) [Klockworks - KW 17],Heiko Laux - Dry Me (Acid Mix) [Klockworks - KW 17]
2016-06-13 - Pan-Pot - Sonar By Night 2016 (Promo Mix),https://www.mixesdb.com/w/2016-06-13_-_Pan-Pot_-_Sonar_By_Night_2016_(Promo_Mix),,7,24,Slam,Functional [Soma - 459D],Slam - Functional [Soma - 459D]
2016-06-13 - Pan-Pot - Sonar By Night 2016 (Promo Mix),https://www.mixesdb.com/w/2016-06-13_-_Pan-Pot_-_Sonar_By_Night_2016_(Promo_Mix),,8,29,Njvk,Translazion [Anemone - ANEM 0020],Njvk - Translazion [Anemone - ANEM 0020]
2016-06-13 - Pan-Pot - Sonar By Night 2016 (Promo Mix),https://www.mixesdb.com/w/2016-06-13_-_Pan-Pot_-_Sonar_By_Night_2016_(Promo_Mix),,9,35,,?,?
2016-06-13 - Pan-Pot - Sonar By Night 2016 (Promo Mix),https://www.mixesdb.com/w/2016-06-13_-_Pan-Pot_-_Sonar_By_Night_2016_(Promo_Mix),,10,40,DJ 3000,Take Me Away (Truncate Remix) [Motech - MT 090],DJ 3000 - Take Me Away (Truncate Remix) [Motech - MT 090]
2016-06-13 - Pan-Pot - Sonar By Night 2016 (Promo Mix),https://www.mixesdb.com/w/2016-06-13_-_Pan-Pot_-_Sonar_By_Night_2016_(Promo_Mix),,11,45,Mark Broom,Sixty Six [Beard Man - BMD 017],Mark Broom - Sixty Six [Beard Man - BMD 017]
2016-06-13 - Pan-Pot - Sonar By Night 2016 (Promo Mix),https://www.mixesdb.com/w/2016-06-13_-_Pan-Pot_-_Sonar_By_Night_2016_(Promo_Mix),,12,49,Rocko Garoni & Jan Hertz,Dodo (Ray Kajioka Remix) [Sisyphon - 006],Rocko Garoni & Jan Hertz - Dodo (Ray Kajioka Remix) [Sisyphon - 006]
2016-06-13 - Pan-Pot - Sonar By Night 2016 (Promo Mix),https://www.mixesdb.com/w/2016-06-13_-_Pan-Pot_-_Sonar_By_Night_2016_(Promo_Mix),,13,53,,?,?
"2012-03-17 - Johanna Mercker, Pan-Pot @ Studio 80 Studio (DJ-Sets 009)","https://www.mixesdb.com/w/2012-03-17_-_Johanna_Mercker,_Pan-Pot_@_Studio_80_Studio_(DJ-Sets_009)",Pan-Pot,1,00,Maetrik,Particle House,Maetrik - Particle House
"2012-03-17 - Johanna Mercker, Pan-Pot @ Studio 80 Studio (DJ-Sets 009)","https://www.mixesdb.com/w/2012-03-17_-_Johanna_Mercker,_Pan-Pot_@_Studio_80_Studio_(DJ-Sets_009)",Pan-Pot,2,06,Subb-an Feat. Beckford,Take You Back [BerMuDa - 003],Subb-an Feat. Beckford - Take You Back [BerMuDa - 003]
"2012-03-17 - Johanna Mercker, Pan-Pot @ Studio 80 Studio (DJ-Sets 009)","https://www.mixesdb.com/w/2012-03-17_-_Johanna_Mercker,_Pan-Pot_@_Studio_80_Studio_(DJ-Sets_009)",Pan-Pot,3,12,Claptone,Cream [In The House - Defected],Claptone - Cream [In The House - Defected]
"2012-03-17 - Johanna Mercker, Pan-Pot @ Studio 80 Studio (DJ-Sets 009)","https://www.mixesdb.com/w/2012-03-17_-_Johanna_Mercker,_Pan-Pot_@_Studio_80_Studio_(DJ-Sets_009)",Pan-Pot,4,17,Elef,Tales Of 88 (Huxley Remix) [Murmur - MURDIGI 04],Elef - Tales Of 88 (Huxley Remix) [Murmur - MURDIGI 04]
"2012-03-17 - Johanna Mercker, Pan-Pot @ Studio 80 Studio (DJ-Sets 009)","https://www.mixesdb.com/w/2012-03-17_-_Johanna_Mercker,_Pan-Pot_@_Studio_80_Studio_(DJ-Sets_009)",Pan-Pot,5,22,Kris Wadsworth,Lime & Pink [1trax - 061],Kris Wadsworth - Lime & Pink [1trax - 061]
"2012-03-17 - Johanna Mercker, Pan-Pot @ Studio 80 Studio (DJ-Sets 009)","https://www.mixesdb.com/w/2012-03-17_-_Johanna_Mercker,_Pan-Pot_@_Studio_80_Studio_(DJ-Sets_009)",Pan-Pot,6,28,Nikola Gala,Bringin' Da Funk [Plastic City - PLAC 085-4],Nikola Gala - Bringin' Da Funk [Plastic City - PLAC 085-4]
"2012-03-17 - Johanna Mercker, Pan-Pot @ Studio 80 Studio (DJ-Sets 009)","https://www.mixesdb.com/w/2012-03-17_-_Johanna_Mercker,_Pan-Pot_@_Studio_80_Studio_(DJ-Sets_009)",Pan-Pot,7,32,Pteradactil Disco,Big Ass Biscuit [Hot Creations - HOTC 006],Pteradactil Disco - Big Ass Biscuit [Hot Creations - HOTC 006]
"2012-03-17 - Johanna Mercker, Pan-Pot @ Studio 80 Studio (DJ-Sets 009)","https://www.mixesdb.com/w/2012-03-17_-_Johanna_Mercker,_Pan-Pot_@_Studio_80_Studio_(DJ-Sets_009)",Pan-Pot,8,37,Todd Terje,Inspector Norse [Olsen - OLS 001],Todd Terje - Inspector Norse [Olsen - OLS 001]
"2012-03-17 - Johanna Mercker, Pan-Pot @ Studio 80 Studio (DJ-Sets 009)","https://www.mixesdb.com/w/2012-03-17_-_Johanna_Mercker,_Pan-Pot_@_Studio_80_Studio_(DJ-Sets_009)",Pan-Pot,9,43,Nicole Moudaber,Hair,Nicole Moudaber - Hair
"2012-03-17 - Johanna Mercker, Pan-Pot @ Studio 80 Studio (DJ-Sets 009)","https://www.mixesdb.com/w/2012-03-17_-_Johanna_Mercker,_Pan-Pot_@_Studio_80_Studio_(DJ-Sets_009)",Pan-Pot,10,47,Marco Resmann & Kiki,Beggin' For The Heat (Pan-Pot Remix) [Watergate - WGVINYL 007],Marco Resmann & Kiki - Beggin' For The Heat (Pan-Pot Remix) [Watergate - WGVINYL 007]
"2023-11-03 - Pan-Pot @ Time Warp 2D2S, Mannheim, Germany","https://www.mixesdb.com/w/2023-11-03_-_Pan-Pot_@_Time_Warp_2D2S,_Mannheim,_Germany",,1,000,,?,?
"2023-11-03 - Pan-Pot @ Time Warp 2D2S, Mannheim, Germany","https://www.mixesdb.com/w/2023-11-03_-_Pan-Pot_@_Time_Warp_2D2S,_Mannheim,_Germany",,2,002,,?,?
"2023-11-03 - Pan-Pot @ Time Warp 2D2S, Mannheim, Germany","https://www.mixesdb.com/w/2023-11-03_-_Pan-Pot_@_Time_Warp_2D2S,_Mannheim,_Germany",,3,005,Procombo,Flux Spinner [KD Raw],Procombo - Flux Spinner [KD Raw]
"2023-11-03 - Pan-Pot @ Time Warp 2D2S, Mannheim, Germany","https://www.mixesdb.com/w/2023-11-03_-_Pan-Pot_@_Time_Warp_2D2S,_Mannheim,_Germany",,4,0??,Flug,Psychopath [Mindtrip],Flug - Psychopath [Mindtrip]
"2023-11-03 - Pan-Pot @ Time Warp 2D2S, Mannheim, Germany","https://www.mixesdb.com/w/2023-11-03_-_Pan-Pot_@_Time_Warp_2D2S,_Mannheim,_Germany",,5,0??,M.I.T.A.,Raw Deal [Jam],M.I.T.A. - Raw Deal [Jam]
"2023-11-03 - Pan-Pot @ Time Warp 2D2S, Mannheim, Germany","https://www.mixesdb.com/w/2023-11-03_-_Pan-Pot_@_Time_Warp_2D2S,_Mannheim,_Germany",,6,0??,Pablo Say,Come With Me [Unrilis],Pablo Say - Come With Me [Unrilis]
"2023-11-03 - Pan-Pot @ Time Warp 2D2S, Mannheim, Germany","https://www.mixesdb.com/w/2023-11-03_-_Pan-Pot_@_Time_Warp_2D2S,_Mannheim,_Germany",,7,0??,Axel Karakasis,Bounced Back [Suara],Axel Karakasis - Bounced Back [Suara]
"2023-11-03 - Pan-Pot @ Time Warp 2D2S, Mannheim, Germany","https://www.mixesdb.com/w/2023-11-03_-_Pan-Pot_@_Time_Warp_2D2S,_Mannheim,_Germany",,8,0??,Marco Faraone,Emergency [Drumcode],Marco Faraone - Emergency [Drumcode]
"2023-11-03 - Pan-Pot @ Time Warp 2D2S, Mannheim, Germany","https://www.mixesdb.com/w/2023-11-03_-_Pan-Pot_@_Time_Warp_2D2S,_Mannheim,_Germany",,9,0??,S.O. Project,Direct Dizko [Altra Moda],S.O. Project - Direct Dizko [Altra Moda]
"2023-11-03 - Pan-Pot @ Time Warp 2D2S, Mannheim, Germany","https://www.mixesdb.com/w/2023-11-03_-_Pan-Pot_@_Time_Warp_2D2S,_Mannheim,_Germany",,10,0??,Lilly Palmer,The Violator [Spannung],Lilly Palmer - The Violator [Spannung]
"2023-11-03 - Pan-Pot @ Time Warp 2D2S, Mannheim, Germany","https://www.mixesdb.com/w/2023-11-03_-_Pan-Pot_@_Time_Warp_2D2S,_Mannheim,_Germany",,11,0??,Pan-Pot,Core [Second State],Pan-Pot - Core [Second State]
"2023-11-03 - Pan-Pot @ Time Warp 2D2S, Mannheim, Germany","https://www.mixesdb.com/w/2023-11-03_-_Pan-Pot_@_Time_Warp_2D2S,_Mannheim,_Germany",,12,040,Viers,The Club Is My House (Hardspace Mix),Viers - The Club Is My House (Hardspace Mix)
"2023-11-03 - Pan-Pot @ Time Warp 2D2S, Mannheim, Germany","https://www.mixesdb.com/w/2023-11-03_-_Pan-Pot_@_Time_Warp_2D2S,_Mannheim,_Germany",,13,045,M.I.T.A.,Wax Dreams [Elevate],M.I.T.A. - Wax Dreams [Elevate]
"2023-11-03 - Pan-Pot @ Time Warp 2D2S, Mannheim, Germany","https://www.mixesdb.com/w/2023-11-03_-_Pan-Pot_@_Time_Warp_2D2S,_Mannheim,_Germany",,14,050,Pan-Pot,Arc [Second State],Pan-Pot - Arc [Second State]
"2023-11-03 - Pan-Pot @ Time Warp 2D2S, Mannheim, Germany","https://www.mixesdb.com/w/2023-11-03_-_Pan-Pot_@_Time_Warp_2D2S,_Mannheim,_Germany",,15,053,Thomas Schumacher,When I Rock (A.D.H.S. Remix) [Electric Ballroom],Thomas Schumacher - When I Rock (A.D.H.S. Remix) [Electric Ballroom]
"2023-11-03 - Pan-Pot @ Time Warp 2D2S, Mannheim, Germany","https://www.mixesdb.com/w/2023-11-03_-_Pan-Pot_@_Time_Warp_2D2S,_Mannheim,_Germany",,16,057,Nuke,Hall Of Whispers (Gaston Zani & Carlos Perez Remix),Nuke - Hall Of Whispers (Gaston Zani & Carlos Perez Remix)
"2023-11-03 - Pan-Pot @ Time Warp 2D2S, Mannheim, Germany","https://www.mixesdb.com/w/2023-11-03_-_Pan-Pot_@_Time_Warp_2D2S,_Mannheim,_Germany",,17,061,,?,?
"2023-11-03 - Pan-Pot @ Time Warp 2D2S, Mannheim, Germany","https://www.mixesdb.com/w/2023-11-03_-_Pan-Pot_@_Time_Warp_2D2S,_Mannheim,_Germany",,18,064,Filterheadz,Back Of Beyond [Affenkäfig Red],Filterheadz - Back Of Beyond [Affenkäfig Red]
"2023-11-03 - Pan-Pot @ Time Warp 2D2S, Mannheim, Germany","https://www.mixesdb.com/w/2023-11-03_-_Pan-Pot_@_Time_Warp_2D2S,_Mannheim,_Germany",,19,069,Charlotte de Witte,Power Of Thought [KNTXT],Charlotte de Witte - Power Of Thought [KNTXT]
"2023-11-03 - Pan-Pot @ Time Warp 2D2S, Mannheim, Germany","https://www.mixesdb.com/w/2023-11-03_-_Pan-Pot_@_Time_Warp_2D2S,_Mannheim,_Germany",,20,073,Pan-Pot,Coda [Second State],Pan-Pot - Coda [Second State]
"2023-11-03 - Pan-Pot @ Time Warp 2D2S, Mannheim, Germany","https://www.mixesdb.com/w/2023-11-03_-_Pan-Pot_@_Time_Warp_2D2S,_Mannheim,_Germany",,21,079,Marcel Fengler,Unleashed,Marcel Fengler - Unleashed
"2023-11-03 - Pan-Pot @ Time Warp 2D2S, Mannheim, Germany","https://www.mixesdb.com/w/2023-11-03_-_Pan-Pot_@_Time_Warp_2D2S,_Mannheim,_Germany",,22,082,Hollen,Flash Station [Jam],Hollen - Flash Station [Jam]
"2023-11-03 - Pan-Pot @ Time Warp 2D2S, Mannheim, Germany","https://www.mixesdb.com/w/2023-11-03_-_Pan-Pot_@_Time_Warp_2D2S,_Mannheim,_Germany",,23,087,Endplate,Unreal [Warm Up],Endplate - Unreal [Warm Up]
"2023-11-03 - Pan-Pot @ Time Warp 2D2S, Mannheim, Germany","https://www.mixesdb.com/w/2023-11-03_-_Pan-Pot_@_Time_Warp_2D2S,_Mannheim,_Germany",,24,091,Alex Di Stefano,Cube [Drum Chapel],Alex Di Stefano - Cube [Drum Chapel]
"2023-11-03 - Pan-Pot @ Time Warp 2D2S, Mannheim, Germany","https://www.mixesdb.com/w/2023-11-03_-_Pan-Pot_@_Time_Warp_2D2S,_Mannheim,_Germany",,25,094,Dubesque,You Got My Love [Good],Dubesque - You Got My Love [Good]
"2023-11-03 - Pan-Pot @ Time Warp 2D2S, Mannheim, Germany","https://www.mixesdb.com/w/2023-11-03_-_Pan-Pot_@_Time_Warp_2D2S,_Mannheim,_Germany",,26,099,Pablo Say,Jungle [Unrilis],Pablo Say - Jungle [Unrilis]
"2023-11-03 - Pan-Pot @ Time Warp 2D2S, Mannheim, Germany","https://www.mixesdb.com/w/2023-11-03_-_Pan-Pot_@_Time_Warp_2D2S,_Mannheim,_Germany",,27,104,Sven Väth,Nyx (Planetary Assault Systems Remix) [Cocoon],Sven Väth - Nyx (Planetary Assault Systems Remix) [Cocoon]
"2023-11-03 - Pan-Pot @ Time Warp 2D2S, Mannheim, Germany","https://www.mixesdb.com/w/2023-11-03_-_Pan-Pot_@_Time_Warp_2D2S,_Mannheim,_Germany",,28,107,Marco Bailey & Tom Hades,Night Crawler,Marco Bailey & Tom Hades - Night Crawler
"2023-11-03 - Pan-Pot @ Time Warp 2D2S, Mannheim, Germany","https://www.mixesdb.com/w/2023-11-03_-_Pan-Pot_@_Time_Warp_2D2S,_Mannheim,_Germany",,29,109,William Kiss,Got It [Uncage],William Kiss - Got It [Uncage]
"2023-11-03 - Pan-Pot @ Time Warp 2D2S, Mannheim, Germany","https://www.mixesdb.com/w/2023-11-03_-_Pan-Pot_@_Time_Warp_2D2S,_Mannheim,_Germany",,30,113,Members Of Mayday,The Mayday Anthem (Thomas Schumacher Remix) [Electric Ballroom],Members Of Mayday - The Mayday Anthem (Thomas Schumacher Remix) [Electric Ballroom]
"2023-11-03 - Pan-Pot @ Time Warp 2D2S, Mannheim, Germany","https://www.mixesdb.com/w/2023-11-03_-_Pan-Pot_@_Time_Warp_2D2S,_Mannheim,_Germany",,31,117,Introversion,Canyonero [Index Marcel Fengler],Introversion - Canyonero [Index Marcel Fengler]
2023-08-05 - Pan-Pot @ Nature One - Where We Belong,https://www.mixesdb.com/w/2023-08-05_-_Pan-Pot_@_Nature_One_-_Where_We_Belong,,1,00,,?,?
2023-08-05 - Pan-Pot @ Nature One - Where We Belong,https://www.mixesdb.com/w/2023-08-05_-_Pan-Pot_@_Nature_One_-_Where_We_Belong,,2,02,Pan-Pot,ARC [Second State],Pan-Pot - ARC [Second State]
2023-08-05 - Pan-Pot @ Nature One - Where We Belong,https://www.mixesdb.com/w/2023-08-05_-_Pan-Pot_@_Nature_One_-_Where_We_Belong,,3,06,Ignez & Rødhåd,VERDUROUS 02 (221130.1) [WSNWG],Ignez & Rødhåd - VERDUROUS 02 (221130.1) [WSNWG]
2023-08-05 - Pan-Pot @ Nature One - Where We Belong,https://www.mixesdb.com/w/2023-08-05_-_Pan-Pot_@_Nature_One_-_Where_We_Belong,,4,10,Deas,Praxis [Baumuzik],Deas - Praxis [Baumuzik]
2023-08-05 - Pan-Pot @ Nature One - Where We Belong,https://www.mixesdb.com/w/2023-08-05_-_Pan-Pot_@_Nature_One_-_Where_We_Belong,,5,12,Pan-Pot,CORE,Pan-Pot - CORE
2023-08-05 - Pan-Pot @ Nature One - Where We Belong,https://www.mixesdb.com/w/2023-08-05_-_Pan-Pot_@_Nature_One_-_Where_We_Belong,,6,17,Teenage Mutants & Heerhorst & PETER PAHN,Dark Clouds,Teenage Mutants & Heerhorst & PETER PAHN - Dark Clouds
2023-08-05 - Pan-Pot @ Nature One - Where We Belong,https://www.mixesdb.com/w/2023-08-05_-_Pan-Pot_@_Nature_One_-_Where_We_Belong,,7,21,Slam,Recreate (Slam Rework) [Soma],Slam - Recreate (Slam Rework) [Soma]
2023-08-05 - Pan-Pot @ Nature One - Where We Belong,https://www.mixesdb.com/w/2023-08-05_-_Pan-Pot_@_Nature_One_-_Where_We_Belong,,8,24,Flug,Muted Minds [Drumcode],Flug - Muted Minds [Drumcode]
2023-08-05 - Pan-Pot @ Nature One - Where We Belong,https://www.mixesdb.com/w/2023-08-05_-_Pan-Pot_@_Nature_One_-_Where_We_Belong,,9,27,Charlotte de Witte,Overdrive [KNTXT],Charlotte de Witte - Overdrive [KNTXT]
2023-08-05 - Pan-Pot @ Nature One - Where We Belong,https://www.mixesdb.com/w/2023-08-05_-_Pan-Pot_@_Nature_One_-_Where_We_Belong,,10,31,Sam Paganini,Body Ride [JAM],Sam Paganini - Body Ride [JAM]
2023-08-05 - Pan-Pot @ Nature One - Where We Belong,https://www.mixesdb.com/w/2023-08-05_-_Pan-Pot_@_Nature_One_-_Where_We_Belong,,11,35,FJAAK,Give It To Me [Fjaak],FJAAK - Give It To Me [Fjaak]
2023-08-05 - Pan-Pot @ Nature One - Where We Belong,https://www.mixesdb.com/w/2023-08-05_-_Pan-Pot_@_Nature_One_-_Where_We_Belong,,12,38,Danny Avila & Heerhorst,The Procedure [1605],Danny Avila & Heerhorst - The Procedure [1605]
2023-08-05 - Pan-Pot @ Nature One - Where We Belong,https://www.mixesdb.com/w/2023-08-05_-_Pan-Pot_@_Nature_One_-_Where_We_Belong,,13,41,Danny Avila & Heerhorst,The Procedure (Radio Edit),Danny Avila & Heerhorst - The Procedure (Radio Edit)
2023-08-05 - Pan-Pot @ Nature One - Where We Belong,https://www.mixesdb.com/w/2023-08-05_-_Pan-Pot_@_Nature_One_-_Where_We_Belong,,14,43,Slam,Activate [Soma],Slam - Activate [Soma]
2023-08-05 - Pan-Pot @ Nature One - Where We Belong,https://www.mixesdb.com/w/2023-08-05_-_Pan-Pot_@_Nature_One_-_Where_We_Belong,,15,46,Manuel Di Martino,G1.0 [Contempo],Manuel Di Martino - G1.0 [Contempo]
2023-08-05 - Pan-Pot @ Nature One - Where We Belong,https://www.mixesdb.com/w/2023-08-05_-_Pan-Pot_@_Nature_One_-_Where_We_Belong,,16,49,Members Of Mayday,Mayday Anthem (Thomas Schumacher Remix) [Electric Ballroom],Members Of Mayday - Mayday Anthem (Thomas Schumacher Remix) [Electric Ballroom]
2023-08-05 - Pan-Pot @ Nature One - Where We Belong,https://www.mixesdb.com/w/2023-08-05_-_Pan-Pot_@_Nature_One_-_Where_We_Belong,,17,52,Spartaque,Resist [Factory 93],Spartaque - Resist [Factory 93]
2023-08-05 - Pan-Pot @ Nature One - Where We Belong,https://www.mixesdb.com/w/2023-08-05_-_Pan-Pot_@_Nature_One_-_Where_We_Belong,,18,56,Pig&Dan,Sandstorm  [Elevate],Pig&Dan - Sandstorm  [Elevate]
2023-08-05 - Pan-Pot @ Nature One - Where We Belong,https://www.mixesdb.com/w/2023-08-05_-_Pan-Pot_@_Nature_One_-_Where_We_Belong,,19,61,Pan-Pot,UTOPIA [Second State],Pan-Pot - UTOPIA [Second State]
2023-08-05 - Pan-Pot @ Nature One - Where We Belong,https://www.mixesdb.com/w/2023-08-05_-_Pan-Pot_@_Nature_One_-_Where_We_Belong,,20,65,Franck,Hear The Sound [R],Franck - Hear The Sound [R]
2023-08-05 - Pan-Pot @ Nature One - Where We Belong,https://www.mixesdb.com/w/2023-08-05_-_Pan-Pot_@_Nature_One_-_Where_We_Belong,,21,70,Coyu,Festa Demais [Suara],Coyu - Festa Demais [Suara]
2023-08-05 - Pan-Pot @ Nature One - Where We Belong,https://www.mixesdb.com/w/2023-08-05_-_Pan-Pot_@_Nature_One_-_Where_We_Belong,,22,74,SHDW & Obscure Shape,Eraser [Mutual Rytm],SHDW & Obscure Shape - Eraser [Mutual Rytm]
2023-08-05 - Pan-Pot @ Nature One - Where We Belong,https://www.mixesdb.com/w/2023-08-05_-_Pan-Pot_@_Nature_One_-_Where_We_Belong,,23,76,Pan-Pot,CODA [Second State],Pan-Pot - CODA [Second State]
2023-08-05 - Pan-Pot @ Nature One - Where We Belong,https://www.mixesdb.com/w/2023-08-05_-_Pan-Pot_@_Nature_One_-_Where_We_Belong,,24,81,Slam,Hot Knives [Paragraph],Slam - Hot Knives [Paragraph]
2023-08-05 - Pan-Pot @ Nature One - Where We Belong,https://www.mixesdb.com/w/2023-08-05_-_Pan-Pot_@_Nature_One_-_Where_We_Belong,,25,85,Pan-Pot,EVOLUTION [Second State],Pan-Pot - EVOLUTION [Second State]
2021-01-09 - Pan-Pot - 9 Essentials January 2021,https://www.mixesdb.com/w/2021-01-09_-_Pan-Pot_-_9_Essentials_January_2021,,1,00:30,​ Wice,Impulse (Day) [Be As One - BAOX10],​ Wice - Impulse (Day) [Be As One - BAOX10]
2021-01-09 - Pan-Pot - 9 Essentials January 2021,https://www.mixesdb.com/w/2021-01-09_-_Pan-Pot_-_9_Essentials_January_2021,,2,03:27,Egotot,Bright Lights At The End Of The Night [Vitus' Curse - VCVA001B],Egotot - Bright Lights At The End Of The Night [Vitus' Curse - VCVA001B]
2021-01-09 - Pan-Pot - 9 Essentials January 2021,https://www.mixesdb.com/w/2021-01-09_-_Pan-Pot_-_9_Essentials_January_2021,,3,09:06,​Allan Feytor,Portal [Second State - SNDST086],​Allan Feytor - Portal [Second State - SNDST086]
2021-01-09 - Pan-Pot - 9 Essentials January 2021,https://www.mixesdb.com/w/2021-01-09_-_Pan-Pot_-_9_Essentials_January_2021,,4,13:32,​Richard Cleber,Invasion [Second State - SNDST086],​Richard Cleber - Invasion [Second State - SNDST086]
2021-01-09 - Pan-Pot - 9 Essentials January 2021,https://www.mixesdb.com/w/2021-01-09_-_Pan-Pot_-_9_Essentials_January_2021,,5,17:55,​Chris Hirose & The Reason Y,Guilty Bliss [Second State - SNDST086],​Chris Hirose & The Reason Y - Guilty Bliss [Second State - SNDST086]
2021-01-09 - Pan-Pot - 9 Essentials January 2021,https://www.mixesdb.com/w/2021-01-09_-_Pan-Pot_-_9_Essentials_January_2021,,6,23:00,​DEAS,Switcher [Dynamic Reflection - TN046],​DEAS - Switcher [Dynamic Reflection - TN046]
2021-01-09 - Pan-Pot - 9 Essentials January 2021,https://www.mixesdb.com/w/2021-01-09_-_Pan-Pot_-_9_Essentials_January_2021,,7,27:15,​Giovanni Carozza,Ambigramma [Second State - SNDST086],​Giovanni Carozza - Ambigramma [Second State - SNDST086]
2021-01-09 - Pan-Pot - 9 Essentials January 2021,https://www.mixesdb.com/w/2021-01-09_-_Pan-Pot_-_9_Essentials_January_2021,,8,32:15,​Grindvik & Sylvie Maziarz,Utopia [Second State - SNDST087],​Grindvik & Sylvie Maziarz - Utopia [Second State - SNDST087]
2021-01-09 - Pan-Pot - 9 Essentials January 2021,https://www.mixesdb.com/w/2021-01-09_-_Pan-Pot_-_9_Essentials_January_2021,,9,36:54,​Fabrizio Lapiana,Back Home [Attic - 022],​Fabrizio Lapiana - Back Home [Attic - 022]
2020-12-09 - Pan-Pot - 9 Essentials December 2020,https://www.mixesdb.com/w/2020-12-09_-_Pan-Pot_-_9_Essentials_December_2020,,1,00:00,​ Kai Von Dongen,Siabasin [BLK DRP - 012],​ Kai Von Dongen - Siabasin [BLK DRP - 012]
2020-12-09 - Pan-Pot - 9 Essentials December 2020,https://www.mixesdb.com/w/2020-12-09_-_Pan-Pot_-_9_Essentials_December_2020,,2,06:08,​ Unbalance,Octagon [Overbalance - OVB03],​ Unbalance - Octagon [Overbalance - OVB03]
2020-12-09 - Pan-Pot - 9 Essentials December 2020,https://www.mixesdb.com/w/2020-12-09_-_Pan-Pot_-_9_Essentials_December_2020,,3,10:12,​ Subjected,Unsure [STRISCTRX - STRX011],​ Subjected - Unsure [STRISCTRX - STRX011]
2020-12-09 - Pan-Pot - 9 Essentials December 2020,https://www.mixesdb.com/w/2020-12-09_-_Pan-Pot_-_9_Essentials_December_2020,,4,16:34,​ Setaoc Mass,Driving In Circles [SK_eleven - SK11009],​ Setaoc Mass - Driving In Circles [SK_eleven - SK11009]
2020-12-09 - Pan-Pot - 9 Essentials December 2020,https://www.mixesdb.com/w/2020-12-09_-_Pan-Pot_-_9_Essentials_December_2020,,5,20:58,​ Lewis Fautzi,State Of Pressure [Soma - 589D],​ Lewis Fautzi - State Of Pressure [Soma - 589D]
2020-12-09 - Pan-Pot - 9 Essentials December 2020,https://www.mixesdb.com/w/2020-12-09_-_Pan-Pot_-_9_Essentials_December_2020,,6,25:01,​ Stef Mendesidis,Memorex [Clergy - CRG022],​ Stef Mendesidis - Memorex [Clergy - CRG022]
2020-12-09 - Pan-Pot - 9 Essentials December 2020,https://www.mixesdb.com/w/2020-12-09_-_Pan-Pot_-_9_Essentials_December_2020,,7,30:55,​ Roman Flügel,Pattern 10 [Ongaku - 028],​ Roman Flügel - Pattern 10 [Ongaku - 028]
2020-12-09 - Pan-Pot - 9 Essentials December 2020,https://www.mixesdb.com/w/2020-12-09_-_Pan-Pot_-_9_Essentials_December_2020,,8,36:51,​ P.E.A.R.L.,We Will Not All Fall (MATRiXXMAN Remix) [Moral Standards - MOST001],​ P.E.A.R.L. - We Will Not All Fall (MATRiXXMAN Remix) [Moral Standards - MOST001]
2020-12-09 - Pan-Pot - 9 Essentials December 2020,https://www.mixesdb.com/w/2020-12-09_-_Pan-Pot_-_9_Essentials_December_2020,,9,41:46,​ Photek,Sleepwalking (FaltyDL Remix) [Photek - PPRO 15VSY],​ Photek - Sleepwalking (FaltyDL Remix) [Photek - PPRO 15VSY]
2020-07-09 - Pan-Pot - 9 Essentials July 2020,https://www.mixesdb.com/w/2020-07-09_-_Pan-Pot_-_9_Essentials_July_2020,,1,00:35,Oliver Deutschmann,Gate [Made Of Concrete - MOCD016],Oliver Deutschmann - Gate [Made Of Concrete - MOCD016]
2020-07-09 - Pan-Pot - 9 Essentials July 2020,https://www.mixesdb.com/w/2020-07-09_-_Pan-Pot_-_9_Essentials_July_2020,,2,07:17,Gabriella Vergilov,High Octane [Enemy - NME 004],Gabriella Vergilov - High Octane [Enemy - NME 004]
2020-07-09 - Pan-Pot - 9 Essentials July 2020,https://www.mixesdb.com/w/2020-07-09_-_Pan-Pot_-_9_Essentials_July_2020,,3,11:52,Risa Taniguchi,Slipped My Mind [Second State - SNDST078],Risa Taniguchi - Slipped My Mind [Second State - SNDST078]
2020-07-09 - Pan-Pot - 9 Essentials July 2020,https://www.mixesdb.com/w/2020-07-09_-_Pan-Pot_-_9_Essentials_July_2020,,4,17:12,Yant,Hydro [Blackaxon - BAXN005],Yant - Hydro [Blackaxon - BAXN005]
2020-07-09 - Pan-Pot - 9 Essentials July 2020,https://www.mixesdb.com/w/2020-07-09_-_Pan-Pot_-_9_Essentials_July_2020,,5,22:18,Re:Axis,Empty Sky [Planet Rhythm - PRRUKD20053],Re:Axis - Empty Sky [Planet Rhythm - PRRUKD20053]
2020-07-09 - Pan-Pot - 9 Essentials July 2020,https://www.mixesdb.com/w/2020-07-09_-_Pan-Pot_-_9_Essentials_July_2020,,6,26:40,Fergus Sweetland,Counting The Numbers (Rene Wise Remix) [Hayes - HYSEP16],Fergus Sweetland - Counting The Numbers (Rene Wise Remix) [Hayes - HYSEP16]
2020-07-09 - Pan-Pot - 9 Essentials July 2020,https://www.mixesdb.com/w/2020-07-09_-_Pan-Pot_-_9_Essentials_July_2020,,7,32:00,Steve Parker,Trip To Saturn [Planet Rhythm - PRRUKD20056],Steve Parker - Trip To Saturn [Planet Rhythm - PRRUKD20056]
2020-07-09 - Pan-Pot - 9 Essentials July 2020,https://www.mixesdb.com/w/2020-07-09_-_Pan-Pot_-_9_Essentials_July_2020,,8,37:50,Thomas Kessler,Question Remain,Thomas Kessler - Question Remain
2020-07-09 - Pan-Pot - 9 Essentials July 2020,https://www.mixesdb.com/w/2020-07-09_-_Pan-Pot_-_9_Essentials_July_2020,,9,43:30,Yan Cook,Skyhigh [Cooked - 07],Yan Cook - Skyhigh [Cooked - 07]
2020-06-09 - Pan-Pot - 9 Essentials June 2020,https://www.mixesdb.com/w/2020-06-09_-_Pan-Pot_-_9_Essentials_June_2020,,1,00:00,Natural/Electronic.System.,Insecta [Delsin - DSR/MTS02],Natural/Electronic.System. - Insecta [Delsin - DSR/MTS02]
2020-06-09 - Pan-Pot - 9 Essentials June 2020,https://www.mixesdb.com/w/2020-06-09_-_Pan-Pot_-_9_Essentials_June_2020,,2,04:58,"Peaches, Maya Jane Coles, Nocturnal Sunshine Feat. Peaches",Possessed (Rossko's Late Night Skanking Remix) [I/AM/ME],"Peaches, Maya Jane Coles, Nocturnal Sunshine Feat. Peaches - Possessed (Rossko's Late Night Skanking Remix) [I/AM/ME]"
2020-06-09 - Pan-Pot - 9 Essentials June 2020,https://www.mixesdb.com/w/2020-06-09_-_Pan-Pot_-_9_Essentials_June_2020,,3,10:55,FJAAK,Breath [FJAAK - 006],FJAAK - Breath [FJAAK - 006]
2020-06-09 - Pan-Pot - 9 Essentials June 2020,https://www.mixesdb.com/w/2020-06-09_-_Pan-Pot_-_9_Essentials_June_2020,,4,14:38,Marco Faraone,Addiction [Rekids - 155],Marco Faraone - Addiction [Rekids - 155]
2020-06-09 - Pan-Pot - 9 Essentials June 2020,https://www.mixesdb.com/w/2020-06-09_-_Pan-Pot_-_9_Essentials_June_2020,,5,19:40,Benjamin Damage,Deep Space Transit [ARTS - COLLECTIVE032],Benjamin Damage - Deep Space Transit [ARTS - COLLECTIVE032]
2020-06-09 - Pan-Pot - 9 Essentials June 2020,https://www.mixesdb.com/w/2020-06-09_-_Pan-Pot_-_9_Essentials_June_2020,,6,25:17,Juan Sanchez,Massenzusammenstoß [Symbolism - SYMLTD00],Juan Sanchez - Massenzusammenstoß [Symbolism - SYMLTD00]
2020-06-09 - Pan-Pot - 9 Essentials June 2020,https://www.mixesdb.com/w/2020-06-09_-_Pan-Pot_-_9_Essentials_June_2020,,7,29:00,Alden Tyrell,Fundamental [Clone Basement Series - CBS026LP],Alden Tyrell - Fundamental [Clone Basement Series - CBS026LP]
2020-06-09 - Pan-Pot - 9 Essentials June 2020,https://www.mixesdb.com/w/2020-06-09_-_Pan-Pot_-_9_Essentials_June_2020,,8,33:15,Skudge,Grain [Sungate - SNG006],Skudge - Grain [Sungate - SNG006]
2020-06-09 - Pan-Pot - 9 Essentials June 2020,https://www.mixesdb.com/w/2020-06-09_-_Pan-Pot_-_9_Essentials_June_2020,,9,38:40,Artefakt,Delphic [Delsin - 143DSR],Artefakt - Delphic [Delsin - 143DSR]
2020-08-09 - Pan-Pot - 9 Essentials August 2020,https://www.mixesdb.com/w/2020-08-09_-_Pan-Pot_-_9_Essentials_August_2020,,1,00:00,Shifted,Moving Towards The Exits [Avian - AVNLP05],Shifted - Moving Towards The Exits [Avian - AVNLP05]
2020-08-09 - Pan-Pot - 9 Essentials August 2020,https://www.mixesdb.com/w/2020-08-09_-_Pan-Pot_-_9_Essentials_August_2020,,2,05:00,Arthur Robert,Kataract [Figure - X20],Arthur Robert - Kataract [Figure - X20]
2020-08-09 - Pan-Pot - 9 Essentials August 2020,https://www.mixesdb.com/w/2020-08-09_-_Pan-Pot_-_9_Essentials_August_2020,,3,10:26,Emmanuel,All Killer No Filler [ARTS - 008],Emmanuel - All Killer No Filler [ARTS - 008]
2020-08-09 - Pan-Pot - 9 Essentials August 2020,https://www.mixesdb.com/w/2020-08-09_-_Pan-Pot_-_9_Essentials_August_2020,,4,15:40,Ray Kajioka,Ten Ten [Parabel - PRBL014D],Ray Kajioka - Ten Ten [Parabel - PRBL014D]
2020-08-09 - Pan-Pot - 9 Essentials August 2020,https://www.mixesdb.com/w/2020-08-09_-_Pan-Pot_-_9_Essentials_August_2020,,5,19:55,The Advent,Watch Out (Shlomi Aber Remix) [Conform - CNFR026],The Advent - Watch Out (Shlomi Aber Remix) [Conform - CNFR026]
2020-08-09 - Pan-Pot - 9 Essentials August 2020,https://www.mixesdb.com/w/2020-08-09_-_Pan-Pot_-_9_Essentials_August_2020,,6,25:11,Dominik Vaillant,Drumtool [KD Raw - KDRAW045],Dominik Vaillant - Drumtool [KD Raw - KDRAW045]
2020-08-09 - Pan-Pot - 9 Essentials August 2020,https://www.mixesdb.com/w/2020-08-09_-_Pan-Pot_-_9_Essentials_August_2020,,7,29:05,"Flug, Sebastian Lopez",Non Stop [Trip - TRPHS001],"Flug, Sebastian Lopez - Non Stop [Trip - TRPHS001]"
2020-08-09 - Pan-Pot - 9 Essentials August 2020,https://www.mixesdb.com/w/2020-08-09_-_Pan-Pot_-_9_Essentials_August_2020,,8,36:35,FJAAK,City Club [FJAAK - SYS01],FJAAK - City Club [FJAAK - SYS01]
2020-08-09 - Pan-Pot - 9 Essentials August 2020,https://www.mixesdb.com/w/2020-08-09_-_Pan-Pot_-_9_Essentials_August_2020,,9,41:30,Amanda Mussi,Keyboard Cats (Spencer Parker Remix) [Massa - 7],Amanda Mussi - Keyboard Cats (Spencer Parker Remix) [Massa - 7]
2020-10-09 - Pan-Pot - 9 Essentials October 2020,https://www.mixesdb.com/w/2020-10-09_-_Pan-Pot_-_9_Essentials_October_2020,,1,00:00,Gabriel D'Or & Bordoy,Pressure [Illegal Alien - IAR271],Gabriel D'Or & Bordoy - Pressure [Illegal Alien - IAR271]
2020-10-09 - Pan-Pot - 9 Essentials October 2020,https://www.mixesdb.com/w/2020-10-09_-_Pan-Pot_-_9_Essentials_October_2020,,2,05:05,Stef Mendesidis,Critical Ratio [Clergy - CRG022],Stef Mendesidis - Critical Ratio [Clergy - CRG022]
2020-10-09 - Pan-Pot - 9 Essentials October 2020,https://www.mixesdb.com/w/2020-10-09_-_Pan-Pot_-_9_Essentials_October_2020,,3,10:50,Arthur Robert,Cautious [Figure - X20],Arthur Robert - Cautious [Figure - X20]
2020-10-09 - Pan-Pot - 9 Essentials October 2020,https://www.mixesdb.com/w/2020-10-09_-_Pan-Pot_-_9_Essentials_October_2020,,4,15:46,S-File,Things Have Changed (Mark Broom Remix) [GND - GN145],S-File - Things Have Changed (Mark Broom Remix) [GND - GN145]
2020-10-09 - Pan-Pot - 9 Essentials October 2020,https://www.mixesdb.com/w/2020-10-09_-_Pan-Pot_-_9_Essentials_October_2020,,5,19:10,MSDMNR,Warped Arp [MSDMNR - 012],MSDMNR - Warped Arp [MSDMNR - 012]
2020-10-09 - Pan-Pot - 9 Essentials October 2020,https://www.mixesdb.com/w/2020-10-09_-_Pan-Pot_-_9_Essentials_October_2020,,6,23:47,Tesst,Exit Where [MSDMNR - 012],Tesst - Exit Where [MSDMNR - 012]
2020-10-09 - Pan-Pot - 9 Essentials October 2020,https://www.mixesdb.com/w/2020-10-09_-_Pan-Pot_-_9_Essentials_October_2020,,7,28:16,Marcal,Ainozama [Rekids - RSPX22],Marcal - Ainozama [Rekids - RSPX22]
2020-10-09 - Pan-Pot - 9 Essentials October 2020,https://www.mixesdb.com/w/2020-10-09_-_Pan-Pot_-_9_Essentials_October_2020,,8,33:49,Shinedoe,System [MTM - 003],Shinedoe - System [MTM - 003]
2020-10-09 - Pan-Pot - 9 Essentials October 2020,https://www.mixesdb.com/w/2020-10-09_-_Pan-Pot_-_9_Essentials_October_2020,,9,36:59,Franklin De Costa,Queen Of Mars (Dario Zenker Remix) [ReSolute - Res001],Franklin De Costa - Queen Of Mars (Dario Zenker Remix) [ReSolute - Res001]
2020-11-09 - Pan-Pot - 9 Essentials November 2020,https://www.mixesdb.com/w/2020-11-09_-_Pan-Pot_-_9_Essentials_November_2020,,1,00:00,Syberian98,Skywarp Combed [Syberian - SYBRS-10],Syberian98 - Skywarp Combed [Syberian - SYBRS-10]
2020-11-09 - Pan-Pot - 9 Essentials November 2020,https://www.mixesdb.com/w/2020-11-09_-_Pan-Pot_-_9_Essentials_November_2020,,2,01:30,Progetto Tribale Feat. Donato Dozzy,Variable Mu [Danza Tribale],Progetto Tribale Feat. Donato Dozzy - Variable Mu [Danza Tribale]
2020-11-09 - Pan-Pot - 9 Essentials November 2020,https://www.mixesdb.com/w/2020-11-09_-_Pan-Pot_-_9_Essentials_November_2020,,3,07:13,Eddie Hale,Dormancy (Jon Hester Remix)  [Odd Even - ODDEVEN033],Eddie Hale - Dormancy (Jon Hester Remix)  [Odd Even - ODDEVEN033]
2020-11-09 - Pan-Pot - 9 Essentials November 2020,https://www.mixesdb.com/w/2020-11-09_-_Pan-Pot_-_9_Essentials_November_2020,,4,12:02,Petit Astronaute,Somewhere But Not Here [Bahn - 004_EP],Petit Astronaute - Somewhere But Not Here [Bahn - 004_EP]
2020-11-09 - Pan-Pot - 9 Essentials November 2020,https://www.mixesdb.com/w/2020-11-09_-_Pan-Pot_-_9_Essentials_November_2020,,5,16:38,VHS,Spasm [Hayes - HYSEP19],VHS - Spasm [Hayes - HYSEP19]
2020-11-09 - Pan-Pot - 9 Essentials November 2020,https://www.mixesdb.com/w/2020-11-09_-_Pan-Pot_-_9_Essentials_November_2020,,6,21:41,Raphael Dincsoy,Boss Bitch,Raphael Dincsoy - Boss Bitch
2020-11-09 - Pan-Pot - 9 Essentials November 2020,https://www.mixesdb.com/w/2020-11-09_-_Pan-Pot_-_9_Essentials_November_2020,,7,25:48,Glaskin,Konsumfusion [Who Whom - WH005S],Glaskin - Konsumfusion [Who Whom - WH005S]
2020-11-09 - Pan-Pot - 9 Essentials November 2020,https://www.mixesdb.com/w/2020-11-09_-_Pan-Pot_-_9_Essentials_November_2020,,8,29:10,Dotwav,Hydrozoa [KONFLKT - K020d],Dotwav - Hydrozoa [KONFLKT - K020d]
2020-11-09 - Pan-Pot - 9 Essentials November 2020,https://www.mixesdb.com/w/2020-11-09_-_Pan-Pot_-_9_Essentials_November_2020,,9,33:12,Ruhbarb,She's Flying In Black Clothes [Blocaus - BLCS008],Ruhbarb - She's Flying In Black Clothes [Blocaus - BLCS008]
"2013-12-07 - Pan-Pot @ Time Warp, Utrecht","https://www.mixesdb.com/w/2013-12-07_-_Pan-Pot_@_Time_Warp,_Utrecht",,1,000,,?,?
"2013-12-07 - Pan-Pot @ Time Warp, Utrecht","https://www.mixesdb.com/w/2013-12-07_-_Pan-Pot_@_Time_Warp,_Utrecht",,2,00?,,?,?
"2013-12-07 - Pan-Pot @ Time Warp, Utrecht","https://www.mixesdb.com/w/2013-12-07_-_Pan-Pot_@_Time_Warp,_Utrecht",,3,012,Redhead,Twilight Boy [MB Elektronics - MBE 120],Redhead - Twilight Boy [MB Elektronics - MBE 120]
"2013-12-07 - Pan-Pot @ Time Warp, Utrecht","https://www.mixesdb.com/w/2013-12-07_-_Pan-Pot_@_Time_Warp,_Utrecht",,4,017,,?,?
"2013-12-07 - Pan-Pot @ Time Warp, Utrecht","https://www.mixesdb.com/w/2013-12-07_-_Pan-Pot_@_Time_Warp,_Utrecht",,5,0??,,?,?
"2013-12-07 - Pan-Pot @ Time Warp, Utrecht","https://www.mixesdb.com/w/2013-12-07_-_Pan-Pot_@_Time_Warp,_Utrecht",,6,0??,,?,?
"2013-12-07 - Pan-Pot @ Time Warp, Utrecht","https://www.mixesdb.com/w/2013-12-07_-_Pan-Pot_@_Time_Warp,_Utrecht",,7,0??,,?,?
"2013-12-07 - Pan-Pot @ Time Warp, Utrecht","https://www.mixesdb.com/w/2013-12-07_-_Pan-Pot_@_Time_Warp,_Utrecht",,8,030,Harvey McKay,Lost [Drumcode],Harvey McKay - Lost [Drumcode]
"2013-12-07 - Pan-Pot @ Time Warp, Utrecht","https://www.mixesdb.com/w/2013-12-07_-_Pan-Pot_@_Time_Warp,_Utrecht",,9,0??,,?,?
"2013-12-07 - Pan-Pot @ Time Warp, Utrecht","https://www.mixesdb.com/w/2013-12-07_-_Pan-Pot_@_Time_Warp,_Utrecht",,10,0??,,?,?
"2013-12-07 - Pan-Pot @ Time Warp, Utrecht","https://www.mixesdb.com/w/2013-12-07_-_Pan-Pot_@_Time_Warp,_Utrecht",,11,043,Len Faki & Johannes Heil,Dirty [Figure],Len Faki & Johannes Heil - Dirty [Figure]
"2013-12-07 - Pan-Pot @ Time Warp, Utrecht","https://www.mixesdb.com/w/2013-12-07_-_Pan-Pot_@_Time_Warp,_Utrecht",,12,049,Matador,Divas [Minus],Matador - Divas [Minus]
"2013-12-07 - Pan-Pot @ Time Warp, Utrecht","https://www.mixesdb.com/w/2013-12-07_-_Pan-Pot_@_Time_Warp,_Utrecht",,13,055,Midfield General,Coatnoise (Dave Clarke Remix) [Skint - BRASSIC 071D/ 71],Midfield General - Coatnoise (Dave Clarke Remix) [Skint - BRASSIC 071D/ 71]
"2013-12-07 - Pan-Pot @ Time Warp, Utrecht","https://www.mixesdb.com/w/2013-12-07_-_Pan-Pot_@_Time_Warp,_Utrecht",,14,056,,?,?
"2013-12-07 - Pan-Pot @ Time Warp, Utrecht","https://www.mixesdb.com/w/2013-12-07_-_Pan-Pot_@_Time_Warp,_Utrecht",,15,060,Adam Beyer,Unanswered Question (Julian Jeweil Remix) [Drumcode - DC 117A],Adam Beyer - Unanswered Question (Julian Jeweil Remix) [Drumcode - DC 117A]
"2013-12-07 - Pan-Pot @ Time Warp, Utrecht","https://www.mixesdb.com/w/2013-12-07_-_Pan-Pot_@_Time_Warp,_Utrecht",,16,064,Nicole Moudaber Feat. Hosie Neal,In The Mood (Nicole Moudaber's Rework) [MOOD - 001],Nicole Moudaber Feat. Hosie Neal - In The Mood (Nicole Moudaber's Rework) [MOOD - 001]
"2013-12-07 - Pan-Pot @ Time Warp, Utrecht","https://www.mixesdb.com/w/2013-12-07_-_Pan-Pot_@_Time_Warp,_Utrecht",,17,069,,?,?
"2013-12-07 - Pan-Pot @ Time Warp, Utrecht","https://www.mixesdb.com/w/2013-12-07_-_Pan-Pot_@_Time_Warp,_Utrecht",,18,074,Harvey McKay,Cinnamon Kiss [Cocoon - COR 12108DIGITAL-X],Harvey McKay - Cinnamon Kiss [Cocoon - COR 12108DIGITAL-X]
"2013-12-07 - Pan-Pot @ Time Warp, Utrecht","https://www.mixesdb.com/w/2013-12-07_-_Pan-Pot_@_Time_Warp,_Utrecht",,19,080,Luigi Madonna,I Believe [Drumcode],Luigi Madonna - I Believe [Drumcode]
"2013-12-07 - Pan-Pot @ Time Warp, Utrecht","https://www.mixesdb.com/w/2013-12-07_-_Pan-Pot_@_Time_Warp,_Utrecht",,20,085,,?,?
"2013-12-07 - Pan-Pot @ Time Warp, Utrecht","https://www.mixesdb.com/w/2013-12-07_-_Pan-Pot_@_Time_Warp,_Utrecht",,21,093,Florian Meindl,Warehouse 92 (Vazik Remix) [Flash - 087],Florian Meindl - Warehouse 92 (Vazik Remix) [Flash - 087]
"2013-12-07 - Pan-Pot @ Time Warp, Utrecht","https://www.mixesdb.com/w/2013-12-07_-_Pan-Pot_@_Time_Warp,_Utrecht",,22,096,Four Tet,Buchla [Text - 025D],Four Tet - Buchla [Text - 025D]
"2013-12-07 - Pan-Pot @ Time Warp, Utrecht","https://www.mixesdb.com/w/2013-12-07_-_Pan-Pot_@_Time_Warp,_Utrecht",,23,100,Green Velvet,Destination Unknown (Carl Craig C2 Detroit Chicago Unity Dub) [Relief],Green Velvet - Destination Unknown (Carl Craig C2 Detroit Chicago Unity Dub) [Relief]
"2013-12-07 - Pan-Pot @ Time Warp, Utrecht","https://www.mixesdb.com/w/2013-12-07_-_Pan-Pot_@_Time_Warp,_Utrecht",,24,107,DJ Hyperactive,Wide Open (Len Faki DJ Edit) [Figure],DJ Hyperactive - Wide Open (Len Faki DJ Edit) [Figure]
2021-10-09 - Pan-Pot - 9 Essentials October 2021,https://www.mixesdb.com/w/2021-10-09_-_Pan-Pot_-_9_Essentials_October_2021,,1,00:00,Marcel Dettmann,State Of Art (Ryan Elliott Dub) [Faith Beat - FAITHBEAT-04],Marcel Dettmann - State Of Art (Ryan Elliott Dub) [Faith Beat - FAITHBEAT-04]
2021-10-09 - Pan-Pot - 9 Essentials October 2021,https://www.mixesdb.com/w/2021-10-09_-_Pan-Pot_-_9_Essentials_October_2021,,2,03:10,Alexander Johansson & Matthias Fridell,Laxunge [Symbolism - SYMDIGI011],Alexander Johansson & Matthias Fridell - Laxunge [Symbolism - SYMDIGI011]
2021-10-09 - Pan-Pot - 9 Essentials October 2021,https://www.mixesdb.com/w/2021-10-09_-_Pan-Pot_-_9_Essentials_October_2021,,3,08:30,BLEAK,Haiko [Uncage - X019],BLEAK - Haiko [Uncage - X019]
2021-10-09 - Pan-Pot - 9 Essentials October 2021,https://www.mixesdb.com/w/2021-10-09_-_Pan-Pot_-_9_Essentials_October_2021,,4,13:10,Milo Raad,Algebra [Olympian - OLY20],Milo Raad - Algebra [Olympian - OLY20]
2021-10-09 - Pan-Pot - 9 Essentials October 2021,https://www.mixesdb.com/w/2021-10-09_-_Pan-Pot_-_9_Essentials_October_2021,,5,17:15,Talisman,Extend [Talismann - 0082],Talisman - Extend [Talismann - 0082]
2021-10-09 - Pan-Pot - 9 Essentials October 2021,https://www.mixesdb.com/w/2021-10-09_-_Pan-Pot_-_9_Essentials_October_2021,,6,20:20,Temudo,To Become Invisible [Planet X - PX099],Temudo - To Become Invisible [Planet X - PX099]
2021-10-09 - Pan-Pot - 9 Essentials October 2021,https://www.mixesdb.com/w/2021-10-09_-_Pan-Pot_-_9_Essentials_October_2021,,7,26:00,Confidential Recipe,Toolkit 2 [Rekids Special Projects - RSPX31],Confidential Recipe - Toolkit 2 [Rekids Special Projects - RSPX31]
2021-10-09 - Pan-Pot - 9 Essentials October 2021,https://www.mixesdb.com/w/2021-10-09_-_Pan-Pot_-_9_Essentials_October_2021,,8,31:15,Sterac,Ghost 37 [Mote Evolver - MOTE059],Sterac - Ghost 37 [Mote Evolver - MOTE059]
2021-10-09 - Pan-Pot - 9 Essentials October 2021,https://www.mixesdb.com/w/2021-10-09_-_Pan-Pot_-_9_Essentials_October_2021,,9,37:40,Jam & Spoon,Stella [R & S - RS 92708],Jam & Spoon - Stella [R & S - RS 92708]
2021-11-09 - Pan-Pot - 9 Essentials November 2021,https://www.mixesdb.com/w/2021-11-09_-_Pan-Pot_-_9_Essentials_November_2021,,1,00:00,Other Form,Incantation For Release [Observant - OM009],Other Form - Incantation For Release [Observant - OM009]
2021-11-09 - Pan-Pot - 9 Essentials November 2021,https://www.mixesdb.com/w/2021-11-09_-_Pan-Pot_-_9_Essentials_November_2021,,2,03:45,David Löhlein,Fascina [Rave Code - RCR001],David Löhlein - Fascina [Rave Code - RCR001]
2021-11-09 - Pan-Pot - 9 Essentials November 2021,https://www.mixesdb.com/w/2021-11-09_-_Pan-Pot_-_9_Essentials_November_2021,,3,07:15,Bleak,Two Truths [Cabrera - CBR15],Bleak - Two Truths [Cabrera - CBR15]
2021-11-09 - Pan-Pot - 9 Essentials November 2021,https://www.mixesdb.com/w/2021-11-09_-_Pan-Pot_-_9_Essentials_November_2021,,4,11:50,Rene Wise,Truffles [Mote Evolver - MOTE060],Rene Wise - Truffles [Mote Evolver - MOTE060]
2021-11-09 - Pan-Pot - 9 Essentials November 2021,https://www.mixesdb.com/w/2021-11-09_-_Pan-Pot_-_9_Essentials_November_2021,,5,17:10,Dax J,East London Back Alleys (Jungle Techno Mix) [Monnom Black - MONNOM026],Dax J - East London Back Alleys (Jungle Techno Mix) [Monnom Black - MONNOM026]
2021-11-09 - Pan-Pot - 9 Essentials November 2021,https://www.mixesdb.com/w/2021-11-09_-_Pan-Pot_-_9_Essentials_November_2021,,6,21:45,Truncate,First Phase (PAS Jam 1) [Truncate - 22],Truncate - First Phase (PAS Jam 1) [Truncate - 22]
2021-11-09 - Pan-Pot - 9 Essentials November 2021,https://www.mixesdb.com/w/2021-11-09_-_Pan-Pot_-_9_Essentials_November_2021,,7,27:30,"Catz 'N Dogz, Megane Mercury",Toma [Pets - 143],"Catz 'N Dogz, Megane Mercury - Toma [Pets - 143]"
2021-11-09 - Pan-Pot - 9 Essentials November 2021,https://www.mixesdb.com/w/2021-11-09_-_Pan-Pot_-_9_Essentials_November_2021,,8,36:30,"Preza, Cali",Beware Of Those (Rework) [Uncage - X021],"Preza, Cali - Beware Of Those (Rework) [Uncage - X021]"
2021-11-09 - Pan-Pot - 9 Essentials November 2021,https://www.mixesdb.com/w/2021-11-09_-_Pan-Pot_-_9_Essentials_November_2021,,9,42:30,Grungerman,Fackeln Im Sturm [Profan - 017],Grungerman - Fackeln Im Sturm [Profan - 017]
2021-12-09 - Pan-Pot - 9 Essentials December 2021,https://www.mixesdb.com/w/2021-12-09_-_Pan-Pot_-_9_Essentials_December_2021,,1,00:00,Gabriella Vergilov,The Love Anthem (Lindsey Herbert Remix) [Northern Parallels - NP017],Gabriella Vergilov - The Love Anthem (Lindsey Herbert Remix) [Northern Parallels - NP017]
2021-12-09 - Pan-Pot - 9 Essentials December 2021,https://www.mixesdb.com/w/2021-12-09_-_Pan-Pot_-_9_Essentials_December_2021,,2,05:20,Rove Ranger,Hyperion [EarToGround - ETG029],Rove Ranger - Hyperion [EarToGround - ETG029]
2021-12-09 - Pan-Pot - 9 Essentials December 2021,https://www.mixesdb.com/w/2021-12-09_-_Pan-Pot_-_9_Essentials_December_2021,,3,11:55,ANNĒ (GR),Borders [Symbolism - SYMDIGI012],ANNĒ (GR) - Borders [Symbolism - SYMDIGI012]
2021-12-09 - Pan-Pot - 9 Essentials December 2021,https://www.mixesdb.com/w/2021-12-09_-_Pan-Pot_-_9_Essentials_December_2021,,4,17:10,Rocko Garoni,Destructive [Second State - SNDST098],Rocko Garoni - Destructive [Second State - SNDST098]
2021-12-09 - Pan-Pot - 9 Essentials December 2021,https://www.mixesdb.com/w/2021-12-09_-_Pan-Pot_-_9_Essentials_December_2021,,5,20:55,Arnaud Le Texier,Impulse [Children Of Tomorrow - COTD042],Arnaud Le Texier - Impulse [Children Of Tomorrow - COTD042]
2021-12-09 - Pan-Pot - 9 Essentials December 2021,https://www.mixesdb.com/w/2021-12-09_-_Pan-Pot_-_9_Essentials_December_2021,,6,25:40,Develope,Cowards Stay Silent [Modularz - MOD053],Develope - Cowards Stay Silent [Modularz - MOD053]
2021-12-09 - Pan-Pot - 9 Essentials December 2021,https://www.mixesdb.com/w/2021-12-09_-_Pan-Pot_-_9_Essentials_December_2021,,7,30:15,HISS,Inquisition [Enemy - NME008],HISS - Inquisition [Enemy - NME008]
2021-12-09 - Pan-Pot - 9 Essentials December 2021,https://www.mixesdb.com/w/2021-12-09_-_Pan-Pot_-_9_Essentials_December_2021,,8,34:45,Holldën,Slacker [Second State - SNDST097],Holldën - Slacker [Second State - SNDST097]
2021-12-09 - Pan-Pot - 9 Essentials December 2021,https://www.mixesdb.com/w/2021-12-09_-_Pan-Pot_-_9_Essentials_December_2021,,9,40:00,Skatebård,Agfachrome RSX II [Bordello A Parigi - BAP078],Skatebård - Agfachrome RSX II [Bordello A Parigi - BAP078]
2022-02-09 - Pan-Pot - 9 Essentials February 2022,https://www.mixesdb.com/w/2022-02-09_-_Pan-Pot_-_9_Essentials_February_2022,,1,00:00,Oscean,Spacion [Tresor - 329],Oscean - Spacion [Tresor - 329]
2022-02-09 - Pan-Pot - 9 Essentials February 2022,https://www.mixesdb.com/w/2022-02-09_-_Pan-Pot_-_9_Essentials_February_2022,,2,05:45,Marcal,Oboro [Suara - 442],Marcal - Oboro [Suara - 442]
2022-02-09 - Pan-Pot - 9 Essentials February 2022,https://www.mixesdb.com/w/2022-02-09_-_Pan-Pot_-_9_Essentials_February_2022,,3,11:35,Anfisa Letyago,Gravity (Boston 168 Remix) [N:S:DA - NSD003AD],Anfisa Letyago - Gravity (Boston 168 Remix) [N:S:DA - NSD003AD]
2022-02-09 - Pan-Pot - 9 Essentials February 2022,https://www.mixesdb.com/w/2022-02-09_-_Pan-Pot_-_9_Essentials_February_2022,,4,16:45,DJ Dextro,Galactic Voids [Suara - 445],DJ Dextro - Galactic Voids [Suara - 445]
2022-02-09 - Pan-Pot - 9 Essentials February 2022,https://www.mixesdb.com/w/2022-02-09_-_Pan-Pot_-_9_Essentials_February_2022,,5,20:30,Marcal,Enemy 9 [Suara - 442],Marcal - Enemy 9 [Suara - 442]
2022-02-09 - Pan-Pot - 9 Essentials February 2022,https://www.mixesdb.com/w/2022-02-09_-_Pan-Pot_-_9_Essentials_February_2022,,6,25:10,Rene Wise,Jungle House [Enemy - 038],Rene Wise - Jungle House [Enemy - 038]
2022-02-09 - Pan-Pot - 9 Essentials February 2022,https://www.mixesdb.com/w/2022-02-09_-_Pan-Pot_-_9_Essentials_February_2022,,7,28:15,The Lady Machine,Collide [Mote-Evolver - MOTE062],The Lady Machine - Collide [Mote-Evolver - MOTE062]
2022-02-09 - Pan-Pot - 9 Essentials February 2022,https://www.mixesdb.com/w/2022-02-09_-_Pan-Pot_-_9_Essentials_February_2022,,8,33:15,Buitrago,Gospel [GND - GN158],Buitrago - Gospel [GND - GN158]
2022-02-09 - Pan-Pot - 9 Essentials February 2022,https://www.mixesdb.com/w/2022-02-09_-_Pan-Pot_-_9_Essentials_February_2022,,9,37:40,Kashpitzky,Defensive Approach [Be As One - BAOX15],Kashpitzky - Defensive Approach [Be As One - BAOX15]
2021-02-09 - Pan-Pot - 9 Essentials February 2021,https://www.mixesdb.com/w/2021-02-09_-_Pan-Pot_-_9_Essentials_February_2021,,1,00:00,​ Malin Genie,Mastodon [Malin Genie - MGM10],​ Malin Genie - Mastodon [Malin Genie - MGM10]
2021-02-09 - Pan-Pot - 9 Essentials February 2021,https://www.mixesdb.com/w/2021-02-09_-_Pan-Pot_-_9_Essentials_February_2021,,2,06:25,​ Sterac,Universum [Afterlife - AL016],​ Sterac - Universum [Afterlife - AL016]
2021-02-09 - Pan-Pot - 9 Essentials February 2021,https://www.mixesdb.com/w/2021-02-09_-_Pan-Pot_-_9_Essentials_February_2021,,3,11:45,​ Billy Turner,Diodes [Drumcode Limited- DCLTDVA.01],​ Billy Turner - Diodes [Drumcode Limited- DCLTDVA.01]
2021-02-09 - Pan-Pot - 9 Essentials February 2021,https://www.mixesdb.com/w/2021-02-09_-_Pan-Pot_-_9_Essentials_February_2021,,4,15:40,​ Eddie Hale,Dormancy (Jon Hester Remix) [Odd Even - ODDEVEN033],​ Eddie Hale - Dormancy (Jon Hester Remix) [Odd Even - ODDEVEN033]
2021-02-09 - Pan-Pot - 9 Essentials February 2021,https://www.mixesdb.com/w/2021-02-09_-_Pan-Pot_-_9_Essentials_February_2021,,5,20:50,​ Kameliia,Itself [Overbalance - OVB04],​ Kameliia - Itself [Overbalance - OVB04]
2021-02-09 - Pan-Pot - 9 Essentials February 2021,https://www.mixesdb.com/w/2021-02-09_-_Pan-Pot_-_9_Essentials_February_2021,,6,25:34,​ Marcal,Angry Teleprinter [Rekids Special Projects - RSPX23],​ Marcal - Angry Teleprinter [Rekids Special Projects - RSPX23]
2021-02-09 - Pan-Pot - 9 Essentials February 2021,https://www.mixesdb.com/w/2021-02-09_-_Pan-Pot_-_9_Essentials_February_2021,,7,30:33,​ Petter B,Filtered Tone Sequence [Drumcode Limited- DCLTDVA.01],​ Petter B - Filtered Tone Sequence [Drumcode Limited- DCLTDVA.01]
2021-02-09 - Pan-Pot - 9 Essentials February 2021,https://www.mixesdb.com/w/2021-02-09_-_Pan-Pot_-_9_Essentials_February_2021,,8,35:23,​ Pearson Sound,Alien Mode [Hessle Audio - HES037],​ Pearson Sound - Alien Mode [Hessle Audio - HES037]
2021-02-09 - Pan-Pot - 9 Essentials February 2021,https://www.mixesdb.com/w/2021-02-09_-_Pan-Pot_-_9_Essentials_February_2021,,9,39:40,​ Truncate,Mira Mar [Truncate - 15],​ Truncate - Mira Mar [Truncate - 15]
2021-04-09 - Pan-Pot - 9 Essentials April 2021,https://www.mixesdb.com/w/2021-04-09_-_Pan-Pot_-_9_Essentials_April_2021,,1,00:00,Truncate & Dotdat,PNQ [Truncate - 21],Truncate & Dotdat - PNQ [Truncate - 21]
2021-04-09 - Pan-Pot - 9 Essentials April 2021,https://www.mixesdb.com/w/2021-04-09_-_Pan-Pot_-_9_Essentials_April_2021,,2,04:45,Ackermann,Consciousness (Marcal Remix) [UNCAGE - X010],Ackermann - Consciousness (Marcal Remix) [UNCAGE - X010]
2021-04-09 - Pan-Pot - 9 Essentials April 2021,https://www.mixesdb.com/w/2021-04-09_-_Pan-Pot_-_9_Essentials_April_2021,,3,09:33,"Oliver Rosemann, Pfirter",Beta 02 [Stockholm LTD - STHLM LTD 057],"Oliver Rosemann, Pfirter - Beta 02 [Stockholm LTD - STHLM LTD 057]"
2021-04-09 - Pan-Pot - 9 Essentials April 2021,https://www.mixesdb.com/w/2021-04-09_-_Pan-Pot_-_9_Essentials_April_2021,,4,14:45,"Patrick Siech, Sandra Mosh",Relicta [Drumcode Ltd - DCLTD23],"Patrick Siech, Sandra Mosh - Relicta [Drumcode Ltd - DCLTD23]"
2021-04-09 - Pan-Pot - 9 Essentials April 2021,https://www.mixesdb.com/w/2021-04-09_-_Pan-Pot_-_9_Essentials_April_2021,,5,20:40,Roma Zuckerman,Frequency Hole 4 [Trip - TRP036],Roma Zuckerman - Frequency Hole 4 [Trip - TRP036]
2021-04-09 - Pan-Pot - 9 Essentials April 2021,https://www.mixesdb.com/w/2021-04-09_-_Pan-Pot_-_9_Essentials_April_2021,,6,26:45,Rene Wise & Rødhåd,190204 [WSNWG - 007],Rene Wise & Rødhåd - 190204 [WSNWG - 007]
2021-04-09 - Pan-Pot - 9 Essentials April 2021,https://www.mixesdb.com/w/2021-04-09_-_Pan-Pot_-_9_Essentials_April_2021,,7,30:30,Arthur Robert,Peacekeeper [Figure - X26],Arthur Robert - Peacekeeper [Figure - X26]
2021-04-09 - Pan-Pot - 9 Essentials April 2021,https://www.mixesdb.com/w/2021-04-09_-_Pan-Pot_-_9_Essentials_April_2021,,8,36:46,AINT.S,Imagine [Pace - 002],AINT.S - Imagine [Pace - 002]
2021-04-09 - Pan-Pot - 9 Essentials April 2021,https://www.mixesdb.com/w/2021-04-09_-_Pan-Pot_-_9_Essentials_April_2021,,9,43:05,Albert Salvatierra,One In A Million [Newrhythmic - NRDR118],Albert Salvatierra - One In A Million [Newrhythmic - NRDR118]
2021-05-09 - Pan-Pot - 9 Essentials May 2021,https://www.mixesdb.com/w/2021-05-09_-_Pan-Pot_-_9_Essentials_May_2021,,1,00:00,Na Nich,Still There [Oblique - OBQ011],Na Nich - Still There [Oblique - OBQ011]
2021-05-09 - Pan-Pot - 9 Essentials May 2021,https://www.mixesdb.com/w/2021-05-09_-_Pan-Pot_-_9_Essentials_May_2021,,2,04:55,Deluka,Echoes [No Signal - NOSIGNAL001],Deluka - Echoes [No Signal - NOSIGNAL001]
2021-05-09 - Pan-Pot - 9 Essentials May 2021,https://www.mixesdb.com/w/2021-05-09_-_Pan-Pot_-_9_Essentials_May_2021,,3,08:09,VNTM,Fractual [Apparition - APP004],VNTM - Fractual [Apparition - APP004]
2021-05-09 - Pan-Pot - 9 Essentials May 2021,https://www.mixesdb.com/w/2021-05-09_-_Pan-Pot_-_9_Essentials_May_2021,,4,13:38,Deniro,Identifier (Marcel Dettmann Remix) [DGTL - 004],Deniro - Identifier (Marcel Dettmann Remix) [DGTL - 004]
2021-05-09 - Pan-Pot - 9 Essentials May 2021,https://www.mixesdb.com/w/2021-05-09_-_Pan-Pot_-_9_Essentials_May_2021,,5,17:14,Weltenstein,Tabaconas [Studio3000 - STU148],Weltenstein - Tabaconas [Studio3000 - STU148]
2021-05-09 - Pan-Pot - 9 Essentials May 2021,https://www.mixesdb.com/w/2021-05-09_-_Pan-Pot_-_9_Essentials_May_2021,,6,20:55,Confidential Recipe,See You [Rekids Special Projects - RSPX26],Confidential Recipe - See You [Rekids Special Projects - RSPX26]
2021-05-09 - Pan-Pot - 9 Essentials May 2021,https://www.mixesdb.com/w/2021-05-09_-_Pan-Pot_-_9_Essentials_May_2021,,7,25:05,Scuba X Felsen,Speed This MF Up [Hotflush - HFRMX014],Scuba X Felsen - Speed This MF Up [Hotflush - HFRMX014]
2021-05-09 - Pan-Pot - 9 Essentials May 2021,https://www.mixesdb.com/w/2021-05-09_-_Pan-Pot_-_9_Essentials_May_2021,,8,29:30,Planetary Assault Systems,Shine [Token - 100],Planetary Assault Systems - Shine [Token - 100]
2021-05-09 - Pan-Pot - 9 Essentials May 2021,https://www.mixesdb.com/w/2021-05-09_-_Pan-Pot_-_9_Essentials_May_2021,,9,33:58,Buitrago,No Signal [UNCAGE - X015],Buitrago - No Signal [UNCAGE - X015]
2021-06-09 - Pan-Pot - 9 Essentials June 2021,https://www.mixesdb.com/w/2021-06-09_-_Pan-Pot_-_9_Essentials_June_2021,,1,00:00,Confidential Recipe,See You [Rekids Special Projects - RSPX26],Confidential Recipe - See You [Rekids Special Projects - RSPX26]
2021-06-09 - Pan-Pot - 9 Essentials June 2021,https://www.mixesdb.com/w/2021-06-09_-_Pan-Pot_-_9_Essentials_June_2021,,2,04:18,"James Ruskin, Truncate",Sketch 3 [Blueprint - BP059],"James Ruskin, Truncate - Sketch 3 [Blueprint - BP059]"
2021-06-09 - Pan-Pot - 9 Essentials June 2021,https://www.mixesdb.com/w/2021-06-09_-_Pan-Pot_-_9_Essentials_June_2021,,3,08:00,Inox Traxx,Small Talk [Symbolism - SYMDIGI008],Inox Traxx - Small Talk [Symbolism - SYMDIGI008]
2021-06-09 - Pan-Pot - 9 Essentials June 2021,https://www.mixesdb.com/w/2021-06-09_-_Pan-Pot_-_9_Essentials_June_2021,,4,11:30,Talismann,Shayker [Talismann - 0081],Talismann - Shayker [Talismann - 0081]
2021-06-09 - Pan-Pot - 9 Essentials June 2021,https://www.mixesdb.com/w/2021-06-09_-_Pan-Pot_-_9_Essentials_June_2021,,5,15:00,Rene Wise,Changa [SK_Eleven - SK11X007],Rene Wise - Changa [SK_Eleven - SK11X007]
2021-06-09 - Pan-Pot - 9 Essentials June 2021,https://www.mixesdb.com/w/2021-06-09_-_Pan-Pot_-_9_Essentials_June_2021,,6,19:55,Blawan,Spooky Fingers [Ternesc - TESC008],Blawan - Spooky Fingers [Ternesc - TESC008]
2021-06-09 - Pan-Pot - 9 Essentials June 2021,https://www.mixesdb.com/w/2021-06-09_-_Pan-Pot_-_9_Essentials_June_2021,,7,24:25,LYRIC,Halving (Marcal Remix) [Room Trax - ROOM009],LYRIC - Halving (Marcal Remix) [Room Trax - ROOM009]
2021-06-09 - Pan-Pot - 9 Essentials June 2021,https://www.mixesdb.com/w/2021-06-09_-_Pan-Pot_-_9_Essentials_June_2021,,8,28:50,Planetary Assault Systems,Say It Loud [Token - 100],Planetary Assault Systems - Say It Loud [Token - 100]
2021-06-09 - Pan-Pot - 9 Essentials June 2021,https://www.mixesdb.com/w/2021-06-09_-_Pan-Pot_-_9_Essentials_June_2021,,9,33:05,Adiel,Mad [Figure - X27],Adiel - Mad [Figure - X27]
2020-08-04 - Pan-Pot - In The Mood Radio 327,https://www.mixesdb.com/w/2020-08-04_-_Pan-Pot_-_In_The_Mood_Radio_327,,1,,Damian Fisher,Building Bridges [SCI + TEC],Damian Fisher - Building Bridges [SCI + TEC]
2020-08-04 - Pan-Pot - In The Mood Radio 327,https://www.mixesdb.com/w/2020-08-04_-_Pan-Pot_-_In_The_Mood_Radio_327,,2,,Linkan Ray,2020 Reset [Be As One],Linkan Ray - 2020 Reset [Be As One]
2020-08-04 - Pan-Pot - In The Mood Radio 327,https://www.mixesdb.com/w/2020-08-04_-_Pan-Pot_-_In_The_Mood_Radio_327,,3,,Cleric,Luddite [Clergy],Cleric - Luddite [Clergy]
2020-08-04 - Pan-Pot - In The Mood Radio 327,https://www.mixesdb.com/w/2020-08-04_-_Pan-Pot_-_In_The_Mood_Radio_327,,4,,DEAS,Theory [Planet Rhythm],DEAS - Theory [Planet Rhythm]
2020-08-04 - Pan-Pot - In The Mood Radio 327,https://www.mixesdb.com/w/2020-08-04_-_Pan-Pot_-_In_The_Mood_Radio_327,,5,,Peter Van Hoesen,Chapter For The Agnostic [Peter Van Hoesen],Peter Van Hoesen - Chapter For The Agnostic [Peter Van Hoesen]
2020-08-04 - Pan-Pot - In The Mood Radio 327,https://www.mixesdb.com/w/2020-08-04_-_Pan-Pot_-_In_The_Mood_Radio_327,,6,,Rene Wise,Primal Fever [Knowledge Imprint],Rene Wise - Primal Fever [Knowledge Imprint]
2020-08-04 - Pan-Pot - In The Mood Radio 327,https://www.mixesdb.com/w/2020-08-04_-_Pan-Pot_-_In_The_Mood_Radio_327,,7,,Linkan Ray,Sharpness Of Thought [Be As One],Linkan Ray - Sharpness Of Thought [Be As One]
2020-08-04 - Pan-Pot - In The Mood Radio 327,https://www.mixesdb.com/w/2020-08-04_-_Pan-Pot_-_In_The_Mood_Radio_327,,8,,FJAAK,Rough And Ready [Spandau20],FJAAK - Rough And Ready [Spandau20]
2020-08-04 - Pan-Pot - In The Mood Radio 327,https://www.mixesdb.com/w/2020-08-04_-_Pan-Pot_-_In_The_Mood_Radio_327,,9,,Cravo,EVO.03 [Hayes],Cravo - EVO.03 [Hayes]
2020-08-04 - Pan-Pot - In The Mood Radio 327,https://www.mixesdb.com/w/2020-08-04_-_Pan-Pot_-_In_The_Mood_Radio_327,,10,,,?,?
2020-08-04 - Pan-Pot - In The Mood Radio 327,https://www.mixesdb.com/w/2020-08-04_-_Pan-Pot_-_In_The_Mood_Radio_327,,11,,KMYLE,Ora [Arts],KMYLE - Ora [Arts]
2020-08-04 - Pan-Pot - In The Mood Radio 327,https://www.mixesdb.com/w/2020-08-04_-_Pan-Pot_-_In_The_Mood_Radio_327,,12,,FJAAK,Breath [Fjaak],FJAAK - Breath [Fjaak]
2025-07-13 - Pan-Pot @ Awakenings Festival,https://www.mixesdb.com/w/2025-07-13_-_Pan-Pot_@_Awakenings_Festival,,1,00,"Linn Elisabet, Rå Feat. MIT-Y",Rave (Autonomous Zone) [Acts Of Rebellion],"Linn Elisabet, Rå Feat. MIT-Y - Rave (Autonomous Zone) [Acts Of Rebellion]"
2025-07-13 - Pan-Pot @ Awakenings Festival,https://www.mixesdb.com/w/2025-07-13_-_Pan-Pot_@_Awakenings_Festival,,2,02,Simina Grigoriu,Partners Of Destiny [Terminal M],Simina Grigoriu - Partners Of Destiny [Terminal M]
2025-07-13 - Pan-Pot @ Awakenings Festival,https://www.mixesdb.com/w/2025-07-13_-_Pan-Pot_@_Awakenings_Festival,,3,05,Hurdslenk & Vault Records,Rain [Vault],Hurdslenk & Vault Records - Rain [Vault]
2025-07-13 - Pan-Pot @ Awakenings Festival,https://www.mixesdb.com/w/2025-07-13_-_Pan-Pot_@_Awakenings_Festival,,4,08,A.D.H.S. & Thomas Schumacher,Ex Machina [Electric Ballroom],A.D.H.S. & Thomas Schumacher - Ex Machina [Electric Ballroom]
2025-07-13 - Pan-Pot @ Awakenings Festival,https://www.mixesdb.com/w/2025-07-13_-_Pan-Pot_@_Awakenings_Festival,,5,11,Adam Beyer & Julian Jeweil,Loca (Extended Mix) [Drumcode],Adam Beyer & Julian Jeweil - Loca (Extended Mix) [Drumcode]
2025-07-13 - Pan-Pot @ Awakenings Festival,https://www.mixesdb.com/w/2025-07-13_-_Pan-Pot_@_Awakenings_Festival,,6,15,Portex,Feel The Adrenaline [OFF],Portex - Feel The Adrenaline [OFF]
2025-07-13 - Pan-Pot @ Awakenings Festival,https://www.mixesdb.com/w/2025-07-13_-_Pan-Pot_@_Awakenings_Festival,,7,18,,?,?
2025-07-13 - Pan-Pot @ Awakenings Festival,https://www.mixesdb.com/w/2025-07-13_-_Pan-Pot_@_Awakenings_Festival,,8,2?,,?,?
2025-07-13 - Pan-Pot @ Awakenings Festival,https://www.mixesdb.com/w/2025-07-13_-_Pan-Pot_@_Awakenings_Festival,,9,26,Timmo,Enter The Sound (Extended Mix) [Drumcode],Timmo - Enter The Sound (Extended Mix) [Drumcode]
2025-07-13 - Pan-Pot @ Awakenings Festival,https://www.mixesdb.com/w/2025-07-13_-_Pan-Pot_@_Awakenings_Festival,,10,31,Gary Beck,Hopper (KiNK Rude Boy Mix) [Mutual Rytm],Gary Beck - Hopper (KiNK Rude Boy Mix) [Mutual Rytm]
2025-07-13 - Pan-Pot @ Awakenings Festival,https://www.mixesdb.com/w/2025-07-13_-_Pan-Pot_@_Awakenings_Festival,,11,33,Neither Nor,Harpoon [Odd],Neither Nor - Harpoon [Odd]
2025-07-13 - Pan-Pot @ Awakenings Festival,https://www.mixesdb.com/w/2025-07-13_-_Pan-Pot_@_Awakenings_Festival,,12,36,Jay Lumen,Complex [Footwork],Jay Lumen - Complex [Footwork]
2025-07-13 - Pan-Pot @ Awakenings Festival,https://www.mixesdb.com/w/2025-07-13_-_Pan-Pot_@_Awakenings_Festival,,13,40,Bak,Bipolarism [JAM],Bak - Bipolarism [JAM]
2025-07-13 - Pan-Pot @ Awakenings Festival,https://www.mixesdb.com/w/2025-07-13_-_Pan-Pot_@_Awakenings_Festival,,14,43,Annie Hill,Alignment [Turbulence],Annie Hill - Alignment [Turbulence]
2025-07-13 - Pan-Pot @ Awakenings Festival,https://www.mixesdb.com/w/2025-07-13_-_Pan-Pot_@_Awakenings_Festival,,15,47,Tommy Holohan,Subaru Impreza [Rave Selekts],Tommy Holohan - Subaru Impreza [Rave Selekts]
2025-07-13 - Pan-Pot @ Awakenings Festival,https://www.mixesdb.com/w/2025-07-13_-_Pan-Pot_@_Awakenings_Festival,,16,51,The Southern,Hands Up [Contempo],The Southern - Hands Up [Contempo]
2025-07-13 - Pan-Pot @ Awakenings Festival,https://www.mixesdb.com/w/2025-07-13_-_Pan-Pot_@_Awakenings_Festival,,17,55,Mateo!,Stay Frosty (Extended Mix) [Divergent],Mateo! - Stay Frosty (Extended Mix) [Divergent]
2025-07-13 - Pan-Pot @ Awakenings Festival,https://www.mixesdb.com/w/2025-07-13_-_Pan-Pot_@_Awakenings_Festival,,18,58,Enrico Sangiuliano,The Techno Code (Charlotte de Witte's Acid Code) [NINETOZERO],Enrico Sangiuliano - The Techno Code (Charlotte de Witte's Acid Code) [NINETOZERO]
2025-07-13 - Pan-Pot @ Awakenings Festival,https://www.mixesdb.com/w/2025-07-13_-_Pan-Pot_@_Awakenings_Festival,,19,62,Slam,Vapour [Soma],Slam - Vapour [Soma]
2025-07-13 - Pan-Pot @ Awakenings Festival,https://www.mixesdb.com/w/2025-07-13_-_Pan-Pot_@_Awakenings_Festival,,20,67,Goncalo M,God Will Not Let Me Go [Intuition Pt],Goncalo M - God Will Not Let Me Go [Intuition Pt]
2025-07-13 - Pan-Pot @ Awakenings Festival,https://www.mixesdb.com/w/2025-07-13_-_Pan-Pot_@_Awakenings_Festival,,21,71,Callum Plant,Adonis Blue [AnalyticTrail],Callum Plant - Adonis Blue [AnalyticTrail]
2025-07-13 - Pan-Pot @ Awakenings Festival,https://www.mixesdb.com/w/2025-07-13_-_Pan-Pot_@_Awakenings_Festival,,22,73,Veerus,Hold On (Veerus X Devid Dega Rework) [Le Club],Veerus - Hold On (Veerus X Devid Dega Rework) [Le Club]
2025-07-13 - Pan-Pot @ Awakenings Festival,https://www.mixesdb.com/w/2025-07-13_-_Pan-Pot_@_Awakenings_Festival,,23,76,KiNK & Raredub,You And Me [Mutual Rytm],KiNK & Raredub - You And Me [Mutual Rytm]
2025-07-13 - Pan-Pot @ Awakenings Festival,https://www.mixesdb.com/w/2025-07-13_-_Pan-Pot_@_Awakenings_Festival,,24,81,,?,?
2025-07-13 - Pan-Pot @ Awakenings Festival,https://www.mixesdb.com/w/2025-07-13_-_Pan-Pot_@_Awakenings_Festival,,25,85,Marco Bailey,Radiant Surge [MB Elektronics],Marco Bailey - Radiant Surge [MB Elektronics]
2025-07-13 - Pan-Pot @ Awakenings Festival,https://www.mixesdb.com/w/2025-07-13_-_Pan-Pot_@_Awakenings_Festival,,26,88,,?,?
"2012-03-31 - Pan-Pot @ Time Warp, Mannheim, Germany","https://www.mixesdb.com/w/2012-03-31_-_Pan-Pot_@_Time_Warp,_Mannheim,_Germany",,1,000,Martyn Feat. Spaceape,Love & Machines [Brainfeeder - BFDNL 025],Martyn Feat. Spaceape - Love & Machines [Brainfeeder - BFDNL 025]
"2012-03-31 - Pan-Pot @ Time Warp, Mannheim, Germany","https://www.mixesdb.com/w/2012-03-31_-_Pan-Pot_@_Time_Warp,_Mannheim,_Germany",,2,003,Justin James,Suck My Soul [Minus 12 - 1-13],Justin James - Suck My Soul [Minus 12 - 1-13]
"2012-03-31 - Pan-Pot @ Time Warp, Mannheim, Germany","https://www.mixesdb.com/w/2012-03-31_-_Pan-Pot_@_Time_Warp,_Mannheim,_Germany",,3,008,Just Be,"Hold On, Wait A Minute","Just Be - Hold On, Wait A Minute"
"2012-03-31 - Pan-Pot @ Time Warp, Mannheim, Germany","https://www.mixesdb.com/w/2012-03-31_-_Pan-Pot_@_Time_Warp,_Mannheim,_Germany",,4,015,,?,?
"2012-03-31 - Pan-Pot @ Time Warp, Mannheim, Germany","https://www.mixesdb.com/w/2012-03-31_-_Pan-Pot_@_Time_Warp,_Mannheim,_Germany",,5,019,Alan Fitzpatrick,Always Something For Nothing [Drumcode - DC 91],Alan Fitzpatrick - Always Something For Nothing [Drumcode - DC 91]
"2012-03-31 - Pan-Pot @ Time Warp, Mannheim, Germany","https://www.mixesdb.com/w/2012-03-31_-_Pan-Pot_@_Time_Warp,_Mannheim,_Germany",,6,025,Matador,Spooks [Minus - 117D],Matador - Spooks [Minus - 117D]
"2012-03-31 - Pan-Pot @ Time Warp, Mannheim, Germany","https://www.mixesdb.com/w/2012-03-31_-_Pan-Pot_@_Time_Warp,_Mannheim,_Germany",,7,030,Christian Smith,Get It Done [Tronic - TR 78],Christian Smith - Get It Done [Tronic - TR 78]
"2012-03-31 - Pan-Pot @ Time Warp, Mannheim, Germany","https://www.mixesdb.com/w/2012-03-31_-_Pan-Pot_@_Time_Warp,_Mannheim,_Germany",,8,035,WHYT NOYZ,Volcano [Minus 12 - 1-13],WHYT NOYZ - Volcano [Minus 12 - 1-13]
"2012-03-31 - Pan-Pot @ Time Warp, Mannheim, Germany","https://www.mixesdb.com/w/2012-03-31_-_Pan-Pot_@_Time_Warp,_Mannheim,_Germany",,9,042,Fabio Alampi,Confiara [Vibe Me - VIBE 002],Fabio Alampi - Confiara [Vibe Me - VIBE 002]
"2012-03-31 - Pan-Pot @ Time Warp, Mannheim, Germany","https://www.mixesdb.com/w/2012-03-31_-_Pan-Pot_@_Time_Warp,_Mannheim,_Germany",,10,045,,?,?
"2012-03-31 - Pan-Pot @ Time Warp, Mannheim, Germany","https://www.mixesdb.com/w/2012-03-31_-_Pan-Pot_@_Time_Warp,_Mannheim,_Germany",,11,049,Sinisa Tamamovic,Freak,Sinisa Tamamovic - Freak
"2012-03-31 - Pan-Pot @ Time Warp, Mannheim, Germany","https://www.mixesdb.com/w/2012-03-31_-_Pan-Pot_@_Time_Warp,_Mannheim,_Germany",,12,05?,,?,?
"2012-03-31 - Pan-Pot @ Time Warp, Mannheim, Germany","https://www.mixesdb.com/w/2012-03-31_-_Pan-Pot_@_Time_Warp,_Mannheim,_Germany",,13,057,Claptone,Cream [Defected],Claptone - Cream [Defected]
"2012-03-31 - Pan-Pot @ Time Warp, Mannheim, Germany","https://www.mixesdb.com/w/2012-03-31_-_Pan-Pot_@_Time_Warp,_Mannheim,_Germany",,14,063,,?,?
"2012-03-31 - Pan-Pot @ Time Warp, Mannheim, Germany","https://www.mixesdb.com/w/2012-03-31_-_Pan-Pot_@_Time_Warp,_Mannheim,_Germany",,15,068,Patrick Chardronnet,Eve By Day [Connaisseur - CNS 001-6],Patrick Chardronnet - Eve By Day [Connaisseur - CNS 001-6]
"2012-03-31 - Pan-Pot @ Time Warp, Mannheim, Germany","https://www.mixesdb.com/w/2012-03-31_-_Pan-Pot_@_Time_Warp,_Mannheim,_Germany",,16,077,Julian Jeweil,Tabasco [Plus 8 - 120],Julian Jeweil - Tabasco [Plus 8 - 120]
"2012-03-31 - Pan-Pot @ Time Warp, Mannheim, Germany","https://www.mixesdb.com/w/2012-03-31_-_Pan-Pot_@_Time_Warp,_Mannheim,_Germany",,17,084,Pan-Pot Feat. G-Tech,Gravity [Mobilee - CD 014],Pan-Pot Feat. G-Tech - Gravity [Mobilee - CD 014]
"2012-03-31 - Pan-Pot @ Time Warp, Mannheim, Germany","https://www.mixesdb.com/w/2012-03-31_-_Pan-Pot_@_Time_Warp,_Mannheim,_Germany",,18,089,Green Velvet,Flash (The Advent & Industrialyzer Remix) [Relief - RR 2041],Green Velvet - Flash (The Advent & Industrialyzer Remix) [Relief - RR 2041]
"2012-03-31 - Pan-Pot @ Time Warp, Mannheim, Germany","https://www.mixesdb.com/w/2012-03-31_-_Pan-Pot_@_Time_Warp,_Mannheim,_Germany",,19,095,Joseph Capriati,Spring Sprouts [Unrilis],Joseph Capriati - Spring Sprouts [Unrilis]
"2012-03-31 - Pan-Pot @ Time Warp, Mannheim, Germany","https://www.mixesdb.com/w/2012-03-31_-_Pan-Pot_@_Time_Warp,_Mannheim,_Germany",,20,101,Tiga,Mind Dimension 1 [Different - 451.1206.715],Tiga - Mind Dimension 1 [Different - 451.1206.715]
"2012-03-31 - Pan-Pot @ Time Warp, Mannheim, Germany","https://www.mixesdb.com/w/2012-03-31_-_Pan-Pot_@_Time_Warp,_Mannheim,_Germany",,21,106,Matador,Klay [Minus - 117D],Matador - Klay [Minus - 117D]
"2012-03-31 - Pan-Pot @ Time Warp, Mannheim, Germany","https://www.mixesdb.com/w/2012-03-31_-_Pan-Pot_@_Time_Warp,_Mannheim,_Germany",,22,111,Joris Voorn,The Secret,Joris Voorn - The Secret
2015-09-26 - Pan-Pot @ Boiler Room Berlin,https://www.mixesdb.com/w/2015-09-26_-_Pan-Pot_@_Boiler_Room_Berlin,,1,00,Pan-Pot,The Other Intro,Pan-Pot - The Other Intro
2015-09-26 - Pan-Pot @ Boiler Room Berlin,https://www.mixesdb.com/w/2015-09-26_-_Pan-Pot_@_Boiler_Room_Berlin,,2,03,Yotam Avni,This Is How [Ovum - OVM-259],Yotam Avni - This Is How [Ovum - OVM-259]
2015-09-26 - Pan-Pot @ Boiler Room Berlin,https://www.mixesdb.com/w/2015-09-26_-_Pan-Pot_@_Boiler_Room_Berlin,,3,07,Andrés Campo,Grey [Florida - FM 016],Andrés Campo - Grey [Florida - FM 016]
2015-09-26 - Pan-Pot @ Boiler Room Berlin,https://www.mixesdb.com/w/2015-09-26_-_Pan-Pot_@_Boiler_Room_Berlin,,4,12,Danny Tenaglia,Dibiza (Joseph Capriati Remix),Danny Tenaglia - Dibiza (Joseph Capriati Remix)
2015-09-26 - Pan-Pot @ Boiler Room Berlin,https://www.mixesdb.com/w/2015-09-26_-_Pan-Pot_@_Boiler_Room_Berlin,,5,16,Nina Kraviz,Ghetto Kraviz (Regal 303 Dub) [Rekids - 079],Nina Kraviz - Ghetto Kraviz (Regal 303 Dub) [Rekids - 079]
2015-09-26 - Pan-Pot @ Boiler Room Berlin,https://www.mixesdb.com/w/2015-09-26_-_Pan-Pot_@_Boiler_Room_Berlin,,6,19,Hinz & Ruhmhardt,Doch [Second State - SNDST 002],Hinz & Ruhmhardt - Doch [Second State - SNDST 002]
2015-09-26 - Pan-Pot @ Boiler Room Berlin,https://www.mixesdb.com/w/2015-09-26_-_Pan-Pot_@_Boiler_Room_Berlin,,7,23,Maceo Plex Feat. Car,Mirror Me (Dark Dub) [Kompakt Digital - 061],Maceo Plex Feat. Car - Mirror Me (Dark Dub) [Kompakt Digital - 061]
2015-09-26 - Pan-Pot @ Boiler Room Berlin,https://www.mixesdb.com/w/2015-09-26_-_Pan-Pot_@_Boiler_Room_Berlin,,8,28,Pan-Pot,Riot (Carl Cox Remix) [Second State - SNDST015],Pan-Pot - Riot (Carl Cox Remix) [Second State - SNDST015]
2015-09-26 - Pan-Pot @ Boiler Room Berlin,https://www.mixesdb.com/w/2015-09-26_-_Pan-Pot_@_Boiler_Room_Berlin,,9,34,Adam Beyer,Time Flies (Tiger Stripes Remix) [Truesoul - TRUE 1264],Adam Beyer - Time Flies (Tiger Stripes Remix) [Truesoul - TRUE 1264]
2015-09-26 - Pan-Pot @ Boiler Room Berlin,https://www.mixesdb.com/w/2015-09-26_-_Pan-Pot_@_Boiler_Room_Berlin,,10,38,Reinier Zonneveld,Trackstomp [Tronic - TR 184],Reinier Zonneveld - Trackstomp [Tronic - TR 184]
2015-09-26 - Pan-Pot @ Boiler Room Berlin,https://www.mixesdb.com/w/2015-09-26_-_Pan-Pot_@_Boiler_Room_Berlin,,11,42,Elbodrop,Free (Skober Remix) [Metodiq - 018],Elbodrop - Free (Skober Remix) [Metodiq - 018]
2015-09-26 - Pan-Pot @ Boiler Room Berlin,https://www.mixesdb.com/w/2015-09-26_-_Pan-Pot_@_Boiler_Room_Berlin,,12,47,ALX,Don't [Transmit - TRSMT 053],ALX - Don't [Transmit - TRSMT 053]
2015-09-26 - Pan-Pot @ Boiler Room Berlin,https://www.mixesdb.com/w/2015-09-26_-_Pan-Pot_@_Boiler_Room_Berlin,,13,51,Marco Faraone,Next Level (Santé Remix) [Moon Harbour - MHR 083],Marco Faraone - Next Level (Santé Remix) [Moon Harbour - MHR 083]
2015-09-26 - Pan-Pot @ Boiler Room Berlin,https://www.mixesdb.com/w/2015-09-26_-_Pan-Pot_@_Boiler_Room_Berlin,,14,54,Raumakustik,Raider [Hottrax - HXT 006],Raumakustik - Raider [Hottrax - HXT 006]
2015-09-26 - Pan-Pot @ Boiler Room Berlin,https://www.mixesdb.com/w/2015-09-26_-_Pan-Pot_@_Boiler_Room_Berlin,,15,59,Auden,Hunger (Alan Fitzpatrick Remix) [Hotflush],Auden - Hunger (Alan Fitzpatrick Remix) [Hotflush]
2015-09-26 - Pan-Pot @ Boiler Room Berlin,https://www.mixesdb.com/w/2015-09-26_-_Pan-Pot_@_Boiler_Room_Berlin,,16,??,Pan-Pot,Sleepless (Stephan Bodzin Remix),Pan-Pot - Sleepless (Stephan Bodzin Remix)
2014-02-07 - Pan-Pot - Focus On Mobilee Records (DocePulgadas),https://www.mixesdb.com/w/2014-02-07_-_Pan-Pot_-_Focus_On_Mobilee_Records_(DocePulgadas),,1,00,Steve Bug Feat. Gigi,Like It Should Be (Ribns Translucent Vox Remix) [Poker Flat - PFR 109A_DIG],Steve Bug Feat. Gigi - Like It Should Be (Ribns Translucent Vox Remix) [Poker Flat - PFR 109A_DIG]
2014-02-07 - Pan-Pot - Focus On Mobilee Records (DocePulgadas),https://www.mixesdb.com/w/2014-02-07_-_Pan-Pot_-_Focus_On_Mobilee_Records_(DocePulgadas),,2,04,Deepbass & Roman Toletski,Oddity (Mark Broom Remix) [Dark Beat],Deepbass & Roman Toletski - Oddity (Mark Broom Remix) [Dark Beat]
2014-02-07 - Pan-Pot - Focus On Mobilee Records (DocePulgadas),https://www.mixesdb.com/w/2014-02-07_-_Pan-Pot_-_Focus_On_Mobilee_Records_(DocePulgadas),,3,09,Josh Wink,Everybody To The Sun (Slam Paragraph Remix) [Soma - DA 096],Josh Wink - Everybody To The Sun (Slam Paragraph Remix) [Soma - DA 096]
2014-02-07 - Pan-Pot - Focus On Mobilee Records (DocePulgadas),https://www.mixesdb.com/w/2014-02-07_-_Pan-Pot_-_Focus_On_Mobilee_Records_(DocePulgadas),,4,14,David De Valera,Say [Club66],David De Valera - Say [Club66]
2014-02-07 - Pan-Pot - Focus On Mobilee Records (DocePulgadas),https://www.mixesdb.com/w/2014-02-07_-_Pan-Pot_-_Focus_On_Mobilee_Records_(DocePulgadas),,5,20,Gary Beck,Standing On My Foot [Sleaze - 024],Gary Beck - Standing On My Foot [Sleaze - 024]
2014-02-07 - Pan-Pot - Focus On Mobilee Records (DocePulgadas),https://www.mixesdb.com/w/2014-02-07_-_Pan-Pot_-_Focus_On_Mobilee_Records_(DocePulgadas),,6,24,Perfect Stranger,Prata Da Casa (Spektre Remix) [Organic - ORGTRPC 002],Perfect Stranger - Prata Da Casa (Spektre Remix) [Organic - ORGTRPC 002]
2014-02-07 - Pan-Pot - Focus On Mobilee Records (DocePulgadas),https://www.mixesdb.com/w/2014-02-07_-_Pan-Pot_-_Focus_On_Mobilee_Records_(DocePulgadas),,7,31,Marshall,Dr. Flute (Mark Broom Remix) [Material - 053],Marshall - Dr. Flute (Mark Broom Remix) [Material - 053]
2014-02-07 - Pan-Pot - Focus On Mobilee Records (DocePulgadas),https://www.mixesdb.com/w/2014-02-07_-_Pan-Pot_-_Focus_On_Mobilee_Records_(DocePulgadas),,8,39,Speedy J,Minimal (John Acquaviva & Olivier Giacomotto Remix) [Plus 8 - 100],Speedy J - Minimal (John Acquaviva & Olivier Giacomotto Remix) [Plus 8 - 100]
2014-02-07 - Pan-Pot - Focus On Mobilee Records (DocePulgadas),https://www.mixesdb.com/w/2014-02-07_-_Pan-Pot_-_Focus_On_Mobilee_Records_(DocePulgadas),,9,42,Peter Horrevorts,Bloody Hands (Marc Marzenit Monster Remix) [GEM - 002],Peter Horrevorts - Bloody Hands (Marc Marzenit Monster Remix) [GEM - 002]
2014-02-07 - Pan-Pot - Focus On Mobilee Records (DocePulgadas),https://www.mixesdb.com/w/2014-02-07_-_Pan-Pot_-_Focus_On_Mobilee_Records_(DocePulgadas),,10,47,Pascal Mollin,The Elephant (Pan-Pot Remix) [Recovery Tech - RTCOMP 021],Pascal Mollin - The Elephant (Pan-Pot Remix) [Recovery Tech - RTCOMP 021]
2014-02-07 - Pan-Pot - Focus On Mobilee Records (DocePulgadas),https://www.mixesdb.com/w/2014-02-07_-_Pan-Pot_-_Focus_On_Mobilee_Records_(DocePulgadas),,11,54,Adultnapper,Almost Nothing (Patrick Chardronnet Remix),Adultnapper - Almost Nothing (Patrick Chardronnet Remix)
2014-06-29 - Pan-Pot @ Awakenings Festival,https://www.mixesdb.com/w/2014-06-29_-_Pan-Pot_@_Awakenings_Festival,,1,00,Chus & Ceballos & DJ Chus & Pablo Ceballos,La Colombiana Matt Sassari Remix [Tronic],Chus & Ceballos & DJ Chus & Pablo Ceballos - La Colombiana Matt Sassari Remix [Tronic]
2014-06-29 - Pan-Pot @ Awakenings Festival,https://www.mixesdb.com/w/2014-06-29_-_Pan-Pot_@_Awakenings_Festival,,2,06,Sinisa Tamamovic,Dirty Business [SCI + TEC],Sinisa Tamamovic - Dirty Business [SCI + TEC]
2014-06-29 - Pan-Pot @ Awakenings Festival,https://www.mixesdb.com/w/2014-06-29_-_Pan-Pot_@_Awakenings_Festival,,3,12,Okain & Cuartero,Cameleon (Paul Ritch Remix) [Knee Deep In Sound],Okain & Cuartero - Cameleon (Paul Ritch Remix) [Knee Deep In Sound]
2014-06-29 - Pan-Pot @ Awakenings Festival,https://www.mixesdb.com/w/2014-06-29_-_Pan-Pot_@_Awakenings_Festival,,4,16,Frankyeffe,Yes Or Not (The Advent & Industrialyzer Remix) [Driving Forces],Frankyeffe - Yes Or Not (The Advent & Industrialyzer Remix) [Driving Forces]
2014-06-29 - Pan-Pot @ Awakenings Festival,https://www.mixesdb.com/w/2014-06-29_-_Pan-Pot_@_Awakenings_Festival,,5,21,Dario Zenker,27 Northwest [Ilian Tape - IT 021],Dario Zenker - 27 Northwest [Ilian Tape - IT 021]
2014-06-29 - Pan-Pot @ Awakenings Festival,https://www.mixesdb.com/w/2014-06-29_-_Pan-Pot_@_Awakenings_Festival,,6,25,Sasha Carassi,Old Fashioned Lover [Phobiq - 094D],Sasha Carassi - Old Fashioned Lover [Phobiq - 094D]
2014-06-29 - Pan-Pot @ Awakenings Festival,https://www.mixesdb.com/w/2014-06-29_-_Pan-Pot_@_Awakenings_Festival,,7,30,Coyu,In My Mind [Suara],Coyu - In My Mind [Suara]
2014-06-29 - Pan-Pot @ Awakenings Festival,https://www.mixesdb.com/w/2014-06-29_-_Pan-Pot_@_Awakenings_Festival,,8,34,Sian,Shame Cube (Oliver Huntemann Remix) [Octopus],Sian - Shame Cube (Oliver Huntemann Remix) [Octopus]
2014-06-29 - Pan-Pot @ Awakenings Festival,https://www.mixesdb.com/w/2014-06-29_-_Pan-Pot_@_Awakenings_Festival,,9,38,Gary Beck,Blotch [Bek - 018],Gary Beck - Blotch [Bek - 018]
2014-06-29 - Pan-Pot @ Awakenings Festival,https://www.mixesdb.com/w/2014-06-29_-_Pan-Pot_@_Awakenings_Festival,,10,42,Roberto Capuano,The Space [Drumcode],Roberto Capuano - The Space [Drumcode]
2014-06-29 - Pan-Pot @ Awakenings Festival,https://www.mixesdb.com/w/2014-06-29_-_Pan-Pot_@_Awakenings_Festival,,11,48,Skober,Bring It To Me [Phobiq - 095D],Skober - Bring It To Me [Phobiq - 095D]
2014-06-29 - Pan-Pot @ Awakenings Festival,https://www.mixesdb.com/w/2014-06-29_-_Pan-Pot_@_Awakenings_Festival,,12,55,Stephan Hinz,Hak,Stephan Hinz - Hak
2014-06-29 - Pan-Pot @ Awakenings Festival,https://www.mixesdb.com/w/2014-06-29_-_Pan-Pot_@_Awakenings_Festival,,13,60,Gary Beck,Hold Up [Bek - 018],Gary Beck - Hold Up [Bek - 018]
2014-06-29 - Pan-Pot @ Awakenings Festival,https://www.mixesdb.com/w/2014-06-29_-_Pan-Pot_@_Awakenings_Festival,,14,64,The YellowHeads,The The YellowHeads (Submerged,The YellowHeads - The The YellowHeads (Submerged
2014-06-29 - Pan-Pot @ Awakenings Festival,https://www.mixesdb.com/w/2014-06-29_-_Pan-Pot_@_Awakenings_Festival,,15,71,DJ Emerson,Audiopot (Flug Remix) [Analytic Trail],DJ Emerson - Audiopot (Flug Remix) [Analytic Trail]
2014-06-29 - Pan-Pot @ Awakenings Festival,https://www.mixesdb.com/w/2014-06-29_-_Pan-Pot_@_Awakenings_Festival,,16,75,M. Fukuda,Wrecking Ball [Octopus Black],M. Fukuda - Wrecking Ball [Octopus Black]
2014-06-29 - Pan-Pot @ Awakenings Festival,https://www.mixesdb.com/w/2014-06-29_-_Pan-Pot_@_Awakenings_Festival,,17,79,Josh Wink,Are You There (Ben Klock Remix) [Ovum (OVM) - 242],Josh Wink - Are You There (Ben Klock Remix) [Ovum (OVM) - 242]
2014-06-29 - Pan-Pot @ Awakenings Festival,https://www.mixesdb.com/w/2014-06-29_-_Pan-Pot_@_Awakenings_Festival,,18,82,Hinz & Ruhmhardt,Doch [Second State - SNDST 002],Hinz & Ruhmhardt - Doch [Second State - SNDST 002]
2014-06-29 - Pan-Pot @ Awakenings Festival,https://www.mixesdb.com/w/2014-06-29_-_Pan-Pot_@_Awakenings_Festival,,19,88,Harvey McKay,Start Running [Drumcode - DC 124],Harvey McKay - Start Running [Drumcode - DC 124]
2014-06-29 - Pan-Pot @ Awakenings Festival,https://www.mixesdb.com/w/2014-06-29_-_Pan-Pot_@_Awakenings_Festival,,20,93,The Japanese Popstars,Matter Of Time (Coyu Remix) [Bedrock - BEDTJP01D 3],The Japanese Popstars - Matter Of Time (Coyu Remix) [Bedrock - BEDTJP01D 3]
2014-06-29 - Pan-Pot @ Awakenings Festival,https://www.mixesdb.com/w/2014-06-29_-_Pan-Pot_@_Awakenings_Festival,,21,98,Laurent Garnier,Crispy Bacon [F Communications - 137.0055.122],Laurent Garnier - Crispy Bacon [F Communications - 137.0055.122]
"2016-06-25 - Pan-Pot @ Awakenings, Spaarnwoude, Amsterdam","https://www.mixesdb.com/w/2016-06-25_-_Pan-Pot_@_Awakenings,_Spaarnwoude,_Amsterdam",,1,000,Sian,In Is Out (Out Is In Mix) [Octopus],Sian - In Is Out (Out Is In Mix) [Octopus]
"2016-06-25 - Pan-Pot @ Awakenings, Spaarnwoude, Amsterdam","https://www.mixesdb.com/w/2016-06-25_-_Pan-Pot_@_Awakenings,_Spaarnwoude,_Amsterdam",,2,006,Dubfire & Oliver Huntemann,Fuego (Julian Jeweil Remix) [Ideal],Dubfire & Oliver Huntemann - Fuego (Julian Jeweil Remix) [Ideal]
"2016-06-25 - Pan-Pot @ Awakenings, Spaarnwoude, Amsterdam","https://www.mixesdb.com/w/2016-06-25_-_Pan-Pot_@_Awakenings,_Spaarnwoude,_Amsterdam",,3,009,Andres Campo,Half Life [Phobiq],Andres Campo - Half Life [Phobiq]
"2016-06-25 - Pan-Pot @ Awakenings, Spaarnwoude, Amsterdam","https://www.mixesdb.com/w/2016-06-25_-_Pan-Pot_@_Awakenings,_Spaarnwoude,_Amsterdam",,4,014,,?,?
"2016-06-25 - Pan-Pot @ Awakenings, Spaarnwoude, Amsterdam","https://www.mixesdb.com/w/2016-06-25_-_Pan-Pot_@_Awakenings,_Spaarnwoude,_Amsterdam",,5,017,Harvey McKay,Dropout [Intec],Harvey McKay - Dropout [Intec]
"2016-06-25 - Pan-Pot @ Awakenings, Spaarnwoude, Amsterdam","https://www.mixesdb.com/w/2016-06-25_-_Pan-Pot_@_Awakenings,_Spaarnwoude,_Amsterdam",,6,022,Pig&Dan,Chez Dre [Drumcode - DC 157A],Pig&Dan - Chez Dre [Drumcode - DC 157A]
"2016-06-25 - Pan-Pot @ Awakenings, Spaarnwoude, Amsterdam","https://www.mixesdb.com/w/2016-06-25_-_Pan-Pot_@_Awakenings,_Spaarnwoude,_Amsterdam",,7,026,Peter Bailey,Swept [Transmit - TRSMT 074],Peter Bailey - Swept [Transmit - TRSMT 074]
"2016-06-25 - Pan-Pot @ Awakenings, Spaarnwoude, Amsterdam","https://www.mixesdb.com/w/2016-06-25_-_Pan-Pot_@_Awakenings,_Spaarnwoude,_Amsterdam",,8,032,The Reactivitz,Rollin' [Footwork],The Reactivitz - Rollin' [Footwork]
"2016-06-25 - Pan-Pot @ Awakenings, Spaarnwoude, Amsterdam","https://www.mixesdb.com/w/2016-06-25_-_Pan-Pot_@_Awakenings,_Spaarnwoude,_Amsterdam",,9,039,Jackmaster,Bang The Box,Jackmaster - Bang The Box
"2016-06-25 - Pan-Pot @ Awakenings, Spaarnwoude, Amsterdam","https://www.mixesdb.com/w/2016-06-25_-_Pan-Pot_@_Awakenings,_Spaarnwoude,_Amsterdam",,10,041,Eliazar & Dromme,Sky,Eliazar & Dromme - Sky
"2016-06-25 - Pan-Pot @ Awakenings, Spaarnwoude, Amsterdam","https://www.mixesdb.com/w/2016-06-25_-_Pan-Pot_@_Awakenings,_Spaarnwoude,_Amsterdam",,11,047,Julian Jeweil,Eight [Form-Music - FORM 59],Julian Jeweil - Eight [Form-Music - FORM 59]
"2016-06-25 - Pan-Pot @ Awakenings, Spaarnwoude, Amsterdam","https://www.mixesdb.com/w/2016-06-25_-_Pan-Pot_@_Awakenings,_Spaarnwoude,_Amsterdam",,12,052,Maetrik,Choose Your System (Adam Beyers Choose Your Local Warehouse Remix) [Futureaudio - FACOT 001],Maetrik - Choose Your System (Adam Beyers Choose Your Local Warehouse Remix) [Futureaudio - FACOT 001]
"2016-06-25 - Pan-Pot @ Awakenings, Spaarnwoude, Amsterdam","https://www.mixesdb.com/w/2016-06-25_-_Pan-Pot_@_Awakenings,_Spaarnwoude,_Amsterdam",,13,056,Nick & Danny Chatelain,Acid (Coyu Raw Mix) [Suara - 222],Nick & Danny Chatelain - Acid (Coyu Raw Mix) [Suara - 222]
"2016-06-25 - Pan-Pot @ Awakenings, Spaarnwoude, Amsterdam","https://www.mixesdb.com/w/2016-06-25_-_Pan-Pot_@_Awakenings,_Spaarnwoude,_Amsterdam",,14,062,Reinier Zonneveld & Axan & Digital Primate,Critical Bomb,Reinier Zonneveld & Axan & Digital Primate - Critical Bomb
"2016-06-25 - Pan-Pot @ Awakenings, Spaarnwoude, Amsterdam","https://www.mixesdb.com/w/2016-06-25_-_Pan-Pot_@_Awakenings,_Spaarnwoude,_Amsterdam",,15,069,Keith Carnal,Immer [MBR - MATXL 1],Keith Carnal - Immer [MBR - MATXL 1]
"2016-06-25 - Pan-Pot @ Awakenings, Spaarnwoude, Amsterdam","https://www.mixesdb.com/w/2016-06-25_-_Pan-Pot_@_Awakenings,_Spaarnwoude,_Amsterdam",,16,074,Cirez D,In The Reds,Cirez D - In The Reds
"2016-06-25 - Pan-Pot @ Awakenings, Spaarnwoude, Amsterdam","https://www.mixesdb.com/w/2016-06-25_-_Pan-Pot_@_Awakenings,_Spaarnwoude,_Amsterdam",,17,079,Roman Poncet,Atome II [Figure - 75],Roman Poncet - Atome II [Figure - 75]
"2016-06-25 - Pan-Pot @ Awakenings, Spaarnwoude, Amsterdam","https://www.mixesdb.com/w/2016-06-25_-_Pan-Pot_@_Awakenings,_Spaarnwoude,_Amsterdam",,18,084,HMC,Marauder (Edit) [Lightspeed - LSR 013],HMC - Marauder (Edit) [Lightspeed - LSR 013]
"2016-06-25 - Pan-Pot @ Awakenings, Spaarnwoude, Amsterdam","https://www.mixesdb.com/w/2016-06-25_-_Pan-Pot_@_Awakenings,_Spaarnwoude,_Amsterdam",,19,087,,?,?
"2016-06-25 - Pan-Pot @ Awakenings, Spaarnwoude, Amsterdam","https://www.mixesdb.com/w/2016-06-25_-_Pan-Pot_@_Awakenings,_Spaarnwoude,_Amsterdam",,20,0??,,?,?
"2016-06-25 - Pan-Pot @ Awakenings, Spaarnwoude, Amsterdam","https://www.mixesdb.com/w/2016-06-25_-_Pan-Pot_@_Awakenings,_Spaarnwoude,_Amsterdam",,21,093,Lester Fitzpatrick,BS (Gary Beck Remix) [Bek - 026],Lester Fitzpatrick - BS (Gary Beck Remix) [Bek - 026]
"2016-06-25 - Pan-Pot @ Awakenings, Spaarnwoude, Amsterdam","https://www.mixesdb.com/w/2016-06-25_-_Pan-Pot_@_Awakenings,_Spaarnwoude,_Amsterdam",,22,096,Audion,Mouth To Mouth (Dense & Pika Remix) [Toolroom - TOOL 475/01Z],Audion - Mouth To Mouth (Dense & Pika Remix) [Toolroom - TOOL 475/01Z]
"2016-06-25 - Pan-Pot @ Awakenings, Spaarnwoude, Amsterdam","https://www.mixesdb.com/w/2016-06-25_-_Pan-Pot_@_Awakenings,_Spaarnwoude,_Amsterdam",,23,101,Age Of Love,The Age Of Love [Vale - MDCD 035],Age Of Love - The Age Of Love [Vale - MDCD 035]
"2019-08-24 - Pan-Pot @ Creamfields, UK","https://www.mixesdb.com/w/2019-08-24_-_Pan-Pot_@_Creamfields,_UK",,1,000,,Intro,Intro
"2019-08-24 - Pan-Pot @ Creamfields, UK","https://www.mixesdb.com/w/2019-08-24_-_Pan-Pot_@_Creamfields,_UK",,2,002,JX-216,Propulsion (Hans Bouffmyhre Remix) [Sleaze - SLEAZE152],JX-216 - Propulsion (Hans Bouffmyhre Remix) [Sleaze - SLEAZE152]
"2019-08-24 - Pan-Pot @ Creamfields, UK","https://www.mixesdb.com/w/2019-08-24_-_Pan-Pot_@_Creamfields,_UK",,3,006,Tiger Stripes,Ignition [Drumcode - DC209],Tiger Stripes - Ignition [Drumcode - DC209]
"2019-08-24 - Pan-Pot @ Creamfields, UK","https://www.mixesdb.com/w/2019-08-24_-_Pan-Pot_@_Creamfields,_UK",,4,010,Ken Ishii,Escape (Industrialyzer Remix 1) [Code - CODE16],Ken Ishii - Escape (Industrialyzer Remix 1) [Code - CODE16]
"2019-08-24 - Pan-Pot @ Creamfields, UK","https://www.mixesdb.com/w/2019-08-24_-_Pan-Pot_@_Creamfields,_UK",,5,014,Anfisa Letyago,So Good [Intec - ID184],Anfisa Letyago - So Good [Intec - ID184]
"2019-08-24 - Pan-Pot @ Creamfields, UK","https://www.mixesdb.com/w/2019-08-24_-_Pan-Pot_@_Creamfields,_UK",,6,019,Sara Simonit,Energy [KD Raw - KDRAW052],Sara Simonit - Energy [KD Raw - KDRAW052]
"2019-08-24 - Pan-Pot @ Creamfields, UK","https://www.mixesdb.com/w/2019-08-24_-_Pan-Pot_@_Creamfields,_UK",,7,023,Truncate,Utility 3 [EI8HT - EI8HT004],Truncate - Utility 3 [EI8HT - EI8HT004]
"2019-08-24 - Pan-Pot @ Creamfields, UK","https://www.mixesdb.com/w/2019-08-24_-_Pan-Pot_@_Creamfields,_UK",,8,027,Tauchen,K1A [JAM - JAM011],Tauchen - K1A [JAM - JAM011]
"2019-08-24 - Pan-Pot @ Creamfields, UK","https://www.mixesdb.com/w/2019-08-24_-_Pan-Pot_@_Creamfields,_UK",,9,031,Linkan Ray,Amok [Be As One - BAO065],Linkan Ray - Amok [Be As One - BAO065]
"2019-08-24 - Pan-Pot @ Creamfields, UK","https://www.mixesdb.com/w/2019-08-24_-_Pan-Pot_@_Creamfields,_UK",,10,035,Thomas Hoffknecht,Relax [KD Raw - KDRAW034],Thomas Hoffknecht - Relax [KD Raw - KDRAW034]
"2019-08-24 - Pan-Pot @ Creamfields, UK","https://www.mixesdb.com/w/2019-08-24_-_Pan-Pot_@_Creamfields,_UK",,11,040,Dax J,The Wonk [Monnom Black - MONNOM009],Dax J - The Wonk [Monnom Black - MONNOM009]
"2019-08-24 - Pan-Pot @ Creamfields, UK","https://www.mixesdb.com/w/2019-08-24_-_Pan-Pot_@_Creamfields,_UK",,12,044,Green Velvet,Answering Machine (Coyu Remix) [Relief - RR2204],Green Velvet - Answering Machine (Coyu Remix) [Relief - RR2204]
"2019-08-24 - Pan-Pot @ Creamfields, UK","https://www.mixesdb.com/w/2019-08-24_-_Pan-Pot_@_Creamfields,_UK",,13,048,DJ Dextro,Simetrico [Hardwandler - HWR137],DJ Dextro - Simetrico [Hardwandler - HWR137]
"2019-08-24 - Pan-Pot @ Creamfields, UK","https://www.mixesdb.com/w/2019-08-24_-_Pan-Pot_@_Creamfields,_UK",,14,051,Blame The Mono,Youkounkoun [voxnox - VNR038],Blame The Mono - Youkounkoun [voxnox - VNR038]
"2019-08-24 - Pan-Pot @ Creamfields, UK","https://www.mixesdb.com/w/2019-08-24_-_Pan-Pot_@_Creamfields,_UK",,15,056,Johnny Island,One More Night [Smaragd - SMRGD001],Johnny Island - One More Night [Smaragd - SMRGD001]
"2019-08-24 - Pan-Pot @ Creamfields, UK","https://www.mixesdb.com/w/2019-08-24_-_Pan-Pot_@_Creamfields,_UK",,16,060,DurtysoxXx & Optimuss,KL606 [Noir - DS004],DurtysoxXx & Optimuss - KL606 [Noir - DS004]
"2019-08-24 - Pan-Pot @ Creamfields, UK","https://www.mixesdb.com/w/2019-08-24_-_Pan-Pot_@_Creamfields,_UK",,17,063,T78,Megator [Autektone - ATK039],T78 - Megator [Autektone - ATK039]
"2019-08-24 - Pan-Pot @ Creamfields, UK","https://www.mixesdb.com/w/2019-08-24_-_Pan-Pot_@_Creamfields,_UK",,18,069,Perc,Look What Your Love Has Done To Me (Amelie Lens Remix) [Perc Trax - TPT085],Perc - Look What Your Love Has Done To Me (Amelie Lens Remix) [Perc Trax - TPT085]
"2019-08-24 - Pan-Pot @ Creamfields, UK","https://www.mixesdb.com/w/2019-08-24_-_Pan-Pot_@_Creamfields,_UK",,19,075,DJ Ogi,Ruzina [Compressed - COM033F8],DJ Ogi - Ruzina [Compressed - COM033F8]
"2019-08-24 - Pan-Pot @ Creamfields, UK","https://www.mixesdb.com/w/2019-08-24_-_Pan-Pot_@_Creamfields,_UK",,20,079,Gary Beck,Disgraced Loon [Bek - BEK037],Gary Beck - Disgraced Loon [Bek - BEK037]
"2019-08-24 - Pan-Pot @ Creamfields, UK","https://www.mixesdb.com/w/2019-08-24_-_Pan-Pot_@_Creamfields,_UK",,21,083,Origin Riddim,The Sound (M. Fukuda Remix) [Eclipse - ECLR198],Origin Riddim - The Sound (M. Fukuda Remix) [Eclipse - ECLR198]
"2019-08-24 - Pan-Pot @ Creamfields, UK","https://www.mixesdb.com/w/2019-08-24_-_Pan-Pot_@_Creamfields,_UK",,22,088,Atroxx,Nothing Left [AnalyticTrail - ANTLP006],Atroxx - Nothing Left [AnalyticTrail - ANTLP006]
"2019-08-24 - Pan-Pot @ Creamfields, UK","https://www.mixesdb.com/w/2019-08-24_-_Pan-Pot_@_Creamfields,_UK",,23,092,Giovanni Carozza,Spectrum [JAM - JAM013],Giovanni Carozza - Spectrum [JAM - JAM013]
"2019-08-24 - Pan-Pot @ Creamfields, UK","https://www.mixesdb.com/w/2019-08-24_-_Pan-Pot_@_Creamfields,_UK",,24,096,TWR72,X-Static [Aerobik - AER004],TWR72 - X-Static [Aerobik - AER004]
"2019-08-24 - Pan-Pot @ Creamfields, UK","https://www.mixesdb.com/w/2019-08-24_-_Pan-Pot_@_Creamfields,_UK",,25,101,,?,?
"2019-08-24 - Pan-Pot @ Creamfields, UK","https://www.mixesdb.com/w/2019-08-24_-_Pan-Pot_@_Creamfields,_UK",,26,105,CJ Bolland & The Advent,Camargue 2019 (Enrico Sangiuliano Remix) [Drumcode - DC210],CJ Bolland & The Advent - Camargue 2019 (Enrico Sangiuliano Remix) [Drumcode - DC210]
"2019-08-24 - Pan-Pot @ Creamfields, UK","https://www.mixesdb.com/w/2019-08-24_-_Pan-Pot_@_Creamfields,_UK",,27,110,Dr. Motte & Westbam,Music Is The Key (Love Parade 99) [Low Spirit Recordings - 74321693962],Dr. Motte & Westbam - Music Is The Key (Love Parade 99) [Low Spirit Recordings - 74321693962]
"2019-08-24 - Pan-Pot @ Creamfields, UK","https://www.mixesdb.com/w/2019-08-24_-_Pan-Pot_@_Creamfields,_UK",,28,114,Ronnie Spiteri,Talking To Nature [We Are The Brave - WATB030],Ronnie Spiteri - Talking To Nature [We Are The Brave - WATB030]
"2012-07-08 - Moguai, Pan-Pot - 1Live Rocker","https://www.mixesdb.com/w/2012-07-08_-_Moguai,_Pan-Pot_-_1Live_Rocker",Moguai,1,00:02,Robosonic,Worst Love,Robosonic - Worst Love
"2012-07-08 - Moguai, Pan-Pot - 1Live Rocker","https://www.mixesdb.com/w/2012-07-08_-_Moguai,_Pan-Pot_-_1Live_Rocker",Moguai,2,00:07,Slam,Lifetimes (Pan-Pot Tribute To Life Remix),Slam - Lifetimes (Pan-Pot Tribute To Life Remix)
"2012-07-08 - Moguai, Pan-Pot - 1Live Rocker","https://www.mixesdb.com/w/2012-07-08_-_Moguai,_Pan-Pot_-_1Live_Rocker",Moguai,3,00:11,Tube & Berger,Come Together,Tube & Berger - Come Together
"2012-07-08 - Moguai, Pan-Pot - 1Live Rocker","https://www.mixesdb.com/w/2012-07-08_-_Moguai,_Pan-Pot_-_1Live_Rocker",Moguai,4,00:15,Joey Negro & Jakatta,American Dream (Supernova Remix),Joey Negro & Jakatta - American Dream (Supernova Remix)
"2012-07-08 - Moguai, Pan-Pot - 1Live Rocker","https://www.mixesdb.com/w/2012-07-08_-_Moguai,_Pan-Pot_-_1Live_Rocker",Moguai,5,00:18,Otto Knows,Million Voices,Otto Knows - Million Voices
"2012-07-08 - Moguai, Pan-Pot - 1Live Rocker","https://www.mixesdb.com/w/2012-07-08_-_Moguai,_Pan-Pot_-_1Live_Rocker",Moguai,6,00:21,Format B,Piano Man (Uto Karem Remix),Format B - Piano Man (Uto Karem Remix)
"2012-07-08 - Moguai, Pan-Pot - 1Live Rocker","https://www.mixesdb.com/w/2012-07-08_-_Moguai,_Pan-Pot_-_1Live_Rocker",Moguai,7,00:25,Hitchcock,Aestival,Hitchcock - Aestival
"2012-07-08 - Moguai, Pan-Pot - 1Live Rocker","https://www.mixesdb.com/w/2012-07-08_-_Moguai,_Pan-Pot_-_1Live_Rocker",Moguai,8,00:32,Wolfgang Gartner,Flexx,Wolfgang Gartner - Flexx
"2012-07-08 - Moguai, Pan-Pot - 1Live Rocker","https://www.mixesdb.com/w/2012-07-08_-_Moguai,_Pan-Pot_-_1Live_Rocker",Moguai,9,00:38,Booka Shade vs Steve Angello vs Temper Trap,Sweet Body Language (MKC Reboot),Booka Shade vs Steve Angello vs Temper Trap - Sweet Body Language (MKC Reboot)
"2012-07-08 - Moguai, Pan-Pot - 1Live Rocker","https://www.mixesdb.com/w/2012-07-08_-_Moguai,_Pan-Pot_-_1Live_Rocker",Moguai,10,00:44,Volta Bureau,Alley Cat,Volta Bureau - Alley Cat
"2012-07-08 - Moguai, Pan-Pot - 1Live Rocker","https://www.mixesdb.com/w/2012-07-08_-_Moguai,_Pan-Pot_-_1Live_Rocker",Moguai,11,00:50,Empire Of The Sun,Walking On A Dream (Van She Tech Remix),Empire Of The Sun - Walking On A Dream (Van She Tech Remix)
"2012-07-08 - Moguai, Pan-Pot - 1Live Rocker","https://www.mixesdb.com/w/2012-07-08_-_Moguai,_Pan-Pot_-_1Live_Rocker",Moguai,12,00:56,Fritz Kalkbrenner,Was Right Been Wrong,Fritz Kalkbrenner - Was Right Been Wrong
"2012-07-08 - Moguai, Pan-Pot - 1Live Rocker","https://www.mixesdb.com/w/2012-07-08_-_Moguai,_Pan-Pot_-_1Live_Rocker",Moguai,13,,Shlomi Aber,Faced U [Be As One],Shlomi Aber - Faced U [Be As One]
"2012-07-08 - Moguai, Pan-Pot - 1Live Rocker","https://www.mixesdb.com/w/2012-07-08_-_Moguai,_Pan-Pot_-_1Live_Rocker",Moguai,14,,Kleio,Losing My Mind [Kote],Kleio - Losing My Mind [Kote]
"2012-07-08 - Moguai, Pan-Pot - 1Live Rocker","https://www.mixesdb.com/w/2012-07-08_-_Moguai,_Pan-Pot_-_1Live_Rocker",Moguai,15,,Maetrik,Particle House [Cocoon],Maetrik - Particle House [Cocoon]
"2012-07-08 - Moguai, Pan-Pot - 1Live Rocker","https://www.mixesdb.com/w/2012-07-08_-_Moguai,_Pan-Pot_-_1Live_Rocker",Moguai,16,,Audiojack Feat. Kevin Knapp,Stay Glued (FCL Weemix) [Gruuv],Audiojack Feat. Kevin Knapp - Stay Glued (FCL Weemix) [Gruuv]
"2012-07-08 - Moguai, Pan-Pot - 1Live Rocker","https://www.mixesdb.com/w/2012-07-08_-_Moguai,_Pan-Pot_-_1Live_Rocker",Moguai,17,,Claptone,Cream [Exploited],Claptone - Cream [Exploited]
"2012-07-08 - Moguai, Pan-Pot - 1Live Rocker","https://www.mixesdb.com/w/2012-07-08_-_Moguai,_Pan-Pot_-_1Live_Rocker",Moguai,18,,Pavel Petrov,Koral (Metodi Hristov Remix) [Witty Tunes],Pavel Petrov - Koral (Metodi Hristov Remix) [Witty Tunes]
"2012-07-08 - Moguai, Pan-Pot - 1Live Rocker","https://www.mixesdb.com/w/2012-07-08_-_Moguai,_Pan-Pot_-_1Live_Rocker",Moguai,19,,Macromism,Rave Nu World [Break New Soil],Macromism - Rave Nu World [Break New Soil]
"2012-07-08 - Moguai, Pan-Pot - 1Live Rocker","https://www.mixesdb.com/w/2012-07-08_-_Moguai,_Pan-Pot_-_1Live_Rocker",Moguai,20,,Extrawelt,Swallow The Leader [Cocoon],Extrawelt - Swallow The Leader [Cocoon]
"2012-07-08 - Moguai, Pan-Pot - 1Live Rocker","https://www.mixesdb.com/w/2012-07-08_-_Moguai,_Pan-Pot_-_1Live_Rocker",Moguai,21,,Alan Fitzpatrick,Always Something For Nothing [Drumcode],Alan Fitzpatrick - Always Something For Nothing [Drumcode]
"2012-07-08 - Moguai, Pan-Pot - 1Live Rocker","https://www.mixesdb.com/w/2012-07-08_-_Moguai,_Pan-Pot_-_1Live_Rocker",Moguai,22,,The Junkies,Au Jour Le Jour [Sci+tec Digital],The Junkies - Au Jour Le Jour [Sci+tec Digital]
"2012-07-08 - Moguai, Pan-Pot - 1Live Rocker","https://www.mixesdb.com/w/2012-07-08_-_Moguai,_Pan-Pot_-_1Live_Rocker",Moguai,23,,Dopplereffekt,Pornoactress [Dataphysik],Dopplereffekt - Pornoactress [Dataphysik]
"2024-07-07 - Pan-Pot @ Awakenings Summer Festival, Hilvarenbeek, NL","https://www.mixesdb.com/w/2024-07-07_-_Pan-Pot_@_Awakenings_Summer_Festival,_Hilvarenbeek,_NL",,1,00,Fhase 87,Colombia,Fhase 87 - Colombia
"2024-07-07 - Pan-Pot @ Awakenings Summer Festival, Hilvarenbeek, NL","https://www.mixesdb.com/w/2024-07-07_-_Pan-Pot_@_Awakenings_Summer_Festival,_Hilvarenbeek,_NL",,2,04,Flug,Hypenorance,Flug - Hypenorance
"2024-07-07 - Pan-Pot @ Awakenings Summer Festival, Hilvarenbeek, NL","https://www.mixesdb.com/w/2024-07-07_-_Pan-Pot_@_Awakenings_Summer_Festival,_Hilvarenbeek,_NL",,3,06,,?,?
"2024-07-07 - Pan-Pot @ Awakenings Summer Festival, Hilvarenbeek, NL","https://www.mixesdb.com/w/2024-07-07_-_Pan-Pot_@_Awakenings_Summer_Festival,_Hilvarenbeek,_NL",,4,09,Pan-Pot,PROTO (Ramon Tapia Remix) [Second State Audio],Pan-Pot - PROTO (Ramon Tapia Remix) [Second State Audio]
"2024-07-07 - Pan-Pot @ Awakenings Summer Festival, Hilvarenbeek, NL","https://www.mixesdb.com/w/2024-07-07_-_Pan-Pot_@_Awakenings_Summer_Festival,_Hilvarenbeek,_NL",,5,13,Jay Lumen,Turn The Flame [Footwork],Jay Lumen - Turn The Flame [Footwork]
"2024-07-07 - Pan-Pot @ Awakenings Summer Festival, Hilvarenbeek, NL","https://www.mixesdb.com/w/2024-07-07_-_Pan-Pot_@_Awakenings_Summer_Festival,_Hilvarenbeek,_NL",,6,17,Lars Huismann,Shimmer [Mutual Rytm],Lars Huismann - Shimmer [Mutual Rytm]
"2024-07-07 - Pan-Pot @ Awakenings Summer Festival, Hilvarenbeek, NL","https://www.mixesdb.com/w/2024-07-07_-_Pan-Pot_@_Awakenings_Summer_Festival,_Hilvarenbeek,_NL",,7,20,Charlotte de Witte,How You Move [KNTXT],Charlotte de Witte - How You Move [KNTXT]
"2024-07-07 - Pan-Pot @ Awakenings Summer Festival, Hilvarenbeek, NL","https://www.mixesdb.com/w/2024-07-07_-_Pan-Pot_@_Awakenings_Summer_Festival,_Hilvarenbeek,_NL",,8,24,,?,?
"2024-07-07 - Pan-Pot @ Awakenings Summer Festival, Hilvarenbeek, NL","https://www.mixesdb.com/w/2024-07-07_-_Pan-Pot_@_Awakenings_Summer_Festival,_Hilvarenbeek,_NL",,9,28,Cesar Almena,Porto [Code],Cesar Almena - Porto [Code]
"2024-07-07 - Pan-Pot @ Awakenings Summer Festival, Hilvarenbeek, NL","https://www.mixesdb.com/w/2024-07-07_-_Pan-Pot_@_Awakenings_Summer_Festival,_Hilvarenbeek,_NL",,10,31,Eli Brown & HI-LO,Pyramid Rave [Arcane],Eli Brown & HI-LO - Pyramid Rave [Arcane]
"2024-07-07 - Pan-Pot @ Awakenings Summer Festival, Hilvarenbeek, NL","https://www.mixesdb.com/w/2024-07-07_-_Pan-Pot_@_Awakenings_Summer_Festival,_Hilvarenbeek,_NL",,11,34,Irregular Synth,Morse Code [Carbone],Irregular Synth - Morse Code [Carbone]
"2024-07-07 - Pan-Pot @ Awakenings Summer Festival, Hilvarenbeek, NL","https://www.mixesdb.com/w/2024-07-07_-_Pan-Pot_@_Awakenings_Summer_Festival,_Hilvarenbeek,_NL",,12,38,Yan Cook,Nocturnal [Cooked],Yan Cook - Nocturnal [Cooked]
"2024-07-07 - Pan-Pot @ Awakenings Summer Festival, Hilvarenbeek, NL","https://www.mixesdb.com/w/2024-07-07_-_Pan-Pot_@_Awakenings_Summer_Festival,_Hilvarenbeek,_NL",,13,42,Balthazar & JackRock,Aria [Filth On Acid],Balthazar & JackRock - Aria [Filth On Acid]
"2024-07-07 - Pan-Pot @ Awakenings Summer Festival, Hilvarenbeek, NL","https://www.mixesdb.com/w/2024-07-07_-_Pan-Pot_@_Awakenings_Summer_Festival,_Hilvarenbeek,_NL",,14,46,Yuuta & Cherryphonic,Pornostar [The Acid Mind],Yuuta & Cherryphonic - Pornostar [The Acid Mind]
"2024-07-07 - Pan-Pot @ Awakenings Summer Festival, Hilvarenbeek, NL","https://www.mixesdb.com/w/2024-07-07_-_Pan-Pot_@_Awakenings_Summer_Festival,_Hilvarenbeek,_NL",,15,50,Balthazar & JackRock,Prana Flow [Filth On Acid],Balthazar & JackRock - Prana Flow [Filth On Acid]
"2024-07-07 - Pan-Pot @ Awakenings Summer Festival, Hilvarenbeek, NL","https://www.mixesdb.com/w/2024-07-07_-_Pan-Pot_@_Awakenings_Summer_Festival,_Hilvarenbeek,_NL",,16,54,KiNK,Pitch Down [Mutual Rytm],KiNK - Pitch Down [Mutual Rytm]
"2024-07-07 - Pan-Pot @ Awakenings Summer Festival, Hilvarenbeek, NL","https://www.mixesdb.com/w/2024-07-07_-_Pan-Pot_@_Awakenings_Summer_Festival,_Hilvarenbeek,_NL",,17,58,Marhu,Whispers Of Youth [Electric Ballroom],Marhu - Whispers Of Youth [Electric Ballroom]
"2024-07-07 - Pan-Pot @ Awakenings Summer Festival, Hilvarenbeek, NL","https://www.mixesdb.com/w/2024-07-07_-_Pan-Pot_@_Awakenings_Summer_Festival,_Hilvarenbeek,_NL",,18,64,Hans Bouffmyhre,Back Arch (Axel Karakasis Remix),Hans Bouffmyhre - Back Arch (Axel Karakasis Remix)
"2024-07-07 - Pan-Pot @ Awakenings Summer Festival, Hilvarenbeek, NL","https://www.mixesdb.com/w/2024-07-07_-_Pan-Pot_@_Awakenings_Summer_Festival,_Hilvarenbeek,_NL",,19,6?,,?,?
"2024-07-07 - Pan-Pot @ Awakenings Summer Festival, Hilvarenbeek, NL","https://www.mixesdb.com/w/2024-07-07_-_Pan-Pot_@_Awakenings_Summer_Festival,_Hilvarenbeek,_NL",,20,69,Joyhauser,Wasted (Bart Skils Remix) [Terminal M],Joyhauser - Wasted (Bart Skils Remix) [Terminal M]
"2024-07-07 - Pan-Pot @ Awakenings Summer Festival, Hilvarenbeek, NL","https://www.mixesdb.com/w/2024-07-07_-_Pan-Pot_@_Awakenings_Summer_Festival,_Hilvarenbeek,_NL",,21,73,Justice vs Simian,We Are Your Friends [Ed Banger],Justice vs Simian - We Are Your Friends [Ed Banger]
"2024-07-07 - Pan-Pot @ Awakenings Summer Festival, Hilvarenbeek, NL","https://www.mixesdb.com/w/2024-07-07_-_Pan-Pot_@_Awakenings_Summer_Festival,_Hilvarenbeek,_NL",,22,??,,?,?
"2024-07-07 - Pan-Pot @ Awakenings Summer Festival, Hilvarenbeek, NL","https://www.mixesdb.com/w/2024-07-07_-_Pan-Pot_@_Awakenings_Summer_Festival,_Hilvarenbeek,_NL",,23,??,,?,?
"2024-07-07 - Pan-Pot @ Awakenings Summer Festival, Hilvarenbeek, NL","https://www.mixesdb.com/w/2024-07-07_-_Pan-Pot_@_Awakenings_Summer_Festival,_Hilvarenbeek,_NL",,24,84,Selective Response,Carbon Copy [Void+1],Selective Response - Carbon Copy [Void+1]
"2024-07-07 - Pan-Pot @ Awakenings Summer Festival, Hilvarenbeek, NL","https://www.mixesdb.com/w/2024-07-07_-_Pan-Pot_@_Awakenings_Summer_Festival,_Hilvarenbeek,_NL",,25,87,Eric Sneo,Move On (2024 Remake) [Tronic],Eric Sneo - Move On (2024 Remake) [Tronic]
"2024-07-07 - Pan-Pot @ Awakenings Summer Festival, Hilvarenbeek, NL","https://www.mixesdb.com/w/2024-07-07_-_Pan-Pot_@_Awakenings_Summer_Festival,_Hilvarenbeek,_NL",,26,90,KiNK,Unicord [Mutual Rytm],KiNK - Unicord [Mutual Rytm]
"2023-10-21 - Pan-Pot @ Awakenings ADE Saturday, Gashouder, Amsterdam, ADE","https://www.mixesdb.com/w/2023-10-21_-_Pan-Pot_@_Awakenings_ADE_Saturday,_Gashouder,_Amsterdam,_ADE",,1,00,,?,?
"2023-10-21 - Pan-Pot @ Awakenings ADE Saturday, Gashouder, Amsterdam, ADE","https://www.mixesdb.com/w/2023-10-21_-_Pan-Pot_@_Awakenings_ADE_Saturday,_Gashouder,_Amsterdam,_ADE",,2,0?,Viers,The Club Is My House (Hardspace Mix),Viers - The Club Is My House (Hardspace Mix)
"2023-10-21 - Pan-Pot @ Awakenings ADE Saturday, Gashouder, Amsterdam, ADE","https://www.mixesdb.com/w/2023-10-21_-_Pan-Pot_@_Awakenings_ADE_Saturday,_Gashouder,_Amsterdam,_ADE",,3,07,Procombo,Flux Spinner [KD Raw],Procombo - Flux Spinner [KD Raw]
"2023-10-21 - Pan-Pot @ Awakenings ADE Saturday, Gashouder, Amsterdam, ADE","https://www.mixesdb.com/w/2023-10-21_-_Pan-Pot_@_Awakenings_ADE_Saturday,_Gashouder,_Amsterdam,_ADE",,4,09,Jay Lumen,Once Again [Footwork],Jay Lumen - Once Again [Footwork]
"2023-10-21 - Pan-Pot @ Awakenings ADE Saturday, Gashouder, Amsterdam, ADE","https://www.mixesdb.com/w/2023-10-21_-_Pan-Pot_@_Awakenings_ADE_Saturday,_Gashouder,_Amsterdam,_ADE",,5,13,M.I.T.A.,Raw Deal [Jam],M.I.T.A. - Raw Deal [Jam]
"2023-10-21 - Pan-Pot @ Awakenings ADE Saturday, Gashouder, Amsterdam, ADE","https://www.mixesdb.com/w/2023-10-21_-_Pan-Pot_@_Awakenings_ADE_Saturday,_Gashouder,_Amsterdam,_ADE",,6,16,Marco Faraone,Emergency [Drumcode],Marco Faraone - Emergency [Drumcode]
"2023-10-21 - Pan-Pot @ Awakenings ADE Saturday, Gashouder, Amsterdam, ADE","https://www.mixesdb.com/w/2023-10-21_-_Pan-Pot_@_Awakenings_ADE_Saturday,_Gashouder,_Amsterdam,_ADE",,7,20,Thomas Schumacher,When I Rock (A.D.H.S. Remix) [Electric Ballroom],Thomas Schumacher - When I Rock (A.D.H.S. Remix) [Electric Ballroom]
"2023-10-21 - Pan-Pot @ Awakenings ADE Saturday, Gashouder, Amsterdam, ADE","https://www.mixesdb.com/w/2023-10-21_-_Pan-Pot_@_Awakenings_ADE_Saturday,_Gashouder,_Amsterdam,_ADE",,8,25,Pablo Say,Jungle [Unrilis],Pablo Say - Jungle [Unrilis]
"2023-10-21 - Pan-Pot @ Awakenings ADE Saturday, Gashouder, Amsterdam, ADE","https://www.mixesdb.com/w/2023-10-21_-_Pan-Pot_@_Awakenings_ADE_Saturday,_Gashouder,_Amsterdam,_ADE",,9,30,Axel Karakasis,Bounced Back [Suara],Axel Karakasis - Bounced Back [Suara]
"2023-10-21 - Pan-Pot @ Awakenings ADE Saturday, Gashouder, Amsterdam, ADE","https://www.mixesdb.com/w/2023-10-21_-_Pan-Pot_@_Awakenings_ADE_Saturday,_Gashouder,_Amsterdam,_ADE",,10,34,Lilly Palmer,The Violator [Spannung],Lilly Palmer - The Violator [Spannung]
"2023-10-21 - Pan-Pot @ Awakenings ADE Saturday, Gashouder, Amsterdam, ADE","https://www.mixesdb.com/w/2023-10-21_-_Pan-Pot_@_Awakenings_ADE_Saturday,_Gashouder,_Amsterdam,_ADE",,11,37,Pan-Pot,Core [Second State],Pan-Pot - Core [Second State]
"2023-10-21 - Pan-Pot @ Awakenings ADE Saturday, Gashouder, Amsterdam, ADE","https://www.mixesdb.com/w/2023-10-21_-_Pan-Pot_@_Awakenings_ADE_Saturday,_Gashouder,_Amsterdam,_ADE",,12,42,Dast,Parentesi [Second State Audio],Dast - Parentesi [Second State Audio]
"2023-10-21 - Pan-Pot @ Awakenings ADE Saturday, Gashouder, Amsterdam, ADE","https://www.mixesdb.com/w/2023-10-21_-_Pan-Pot_@_Awakenings_ADE_Saturday,_Gashouder,_Amsterdam,_ADE",,13,45,Alan Fitzpatrick,Envisions [We Are The Brave],Alan Fitzpatrick - Envisions [We Are The Brave]
"2023-10-21 - Pan-Pot @ Awakenings ADE Saturday, Gashouder, Amsterdam, ADE","https://www.mixesdb.com/w/2023-10-21_-_Pan-Pot_@_Awakenings_ADE_Saturday,_Gashouder,_Amsterdam,_ADE",,14,50,Alex Di Stefano,Cube [Drum Chapel],Alex Di Stefano - Cube [Drum Chapel]
"2023-10-21 - Pan-Pot @ Awakenings ADE Saturday, Gashouder, Amsterdam, ADE","https://www.mixesdb.com/w/2023-10-21_-_Pan-Pot_@_Awakenings_ADE_Saturday,_Gashouder,_Amsterdam,_ADE",,15,53,Endplate,Unreal [Warm Up],Endplate - Unreal [Warm Up]
"2023-10-21 - Pan-Pot @ Awakenings ADE Saturday, Gashouder, Amsterdam, ADE","https://www.mixesdb.com/w/2023-10-21_-_Pan-Pot_@_Awakenings_ADE_Saturday,_Gashouder,_Amsterdam,_ADE",,16,59,Lutgens,ASMR,Lutgens - ASMR
"2023-10-21 - Pan-Pot @ Awakenings ADE Saturday, Gashouder, Amsterdam, ADE","https://www.mixesdb.com/w/2023-10-21_-_Pan-Pot_@_Awakenings_ADE_Saturday,_Gashouder,_Amsterdam,_ADE",,17,63,Charlotte de Witte,Power Of Thought [KNTXT],Charlotte de Witte - Power Of Thought [KNTXT]
"2023-10-21 - Pan-Pot @ Awakenings ADE Saturday, Gashouder, Amsterdam, ADE","https://www.mixesdb.com/w/2023-10-21_-_Pan-Pot_@_Awakenings_ADE_Saturday,_Gashouder,_Amsterdam,_ADE",,18,67,Pan-Pot,Coda [Second State],Pan-Pot - Coda [Second State]
"2023-10-21 - Pan-Pot @ Awakenings ADE Saturday, Gashouder, Amsterdam, ADE","https://www.mixesdb.com/w/2023-10-21_-_Pan-Pot_@_Awakenings_ADE_Saturday,_Gashouder,_Amsterdam,_ADE",,19,72,Axel Karakasis,Brickwork [Suara],Axel Karakasis - Brickwork [Suara]
"2023-10-21 - Pan-Pot @ Awakenings ADE Saturday, Gashouder, Amsterdam, ADE","https://www.mixesdb.com/w/2023-10-21_-_Pan-Pot_@_Awakenings_ADE_Saturday,_Gashouder,_Amsterdam,_ADE",,20,79,William Kiss,Got It,William Kiss - Got It
"2023-10-21 - Pan-Pot @ Awakenings ADE Saturday, Gashouder, Amsterdam, ADE","https://www.mixesdb.com/w/2023-10-21_-_Pan-Pot_@_Awakenings_ADE_Saturday,_Gashouder,_Amsterdam,_ADE",,21,84,Pablo Say,Come With Me [Unrilis],Pablo Say - Come With Me [Unrilis]
"2020-02-01 - Pan-Pot @ Awakenings, Klokgebouw, Eindhoven","https://www.mixesdb.com/w/2020-02-01_-_Pan-Pot_@_Awakenings,_Klokgebouw,_Eindhoven",,1,000,Eskapist,Define Us (Message Mix) [Figure - FIGUREX16],Eskapist - Define Us (Message Mix) [Figure - FIGUREX16]
"2020-02-01 - Pan-Pot @ Awakenings, Klokgebouw, Eindhoven","https://www.mixesdb.com/w/2020-02-01_-_Pan-Pot_@_Awakenings,_Klokgebouw,_Eindhoven",,2,001,Rocko Garoni,Helio [Second State - SNDST074],Rocko Garoni - Helio [Second State - SNDST074]
"2020-02-01 - Pan-Pot @ Awakenings, Klokgebouw, Eindhoven","https://www.mixesdb.com/w/2020-02-01_-_Pan-Pot_@_Awakenings,_Klokgebouw,_Eindhoven",,3,005,M.I.T.A.,Disco Lights [Elevate - ELV135],M.I.T.A. - Disco Lights [Elevate - ELV135]
"2020-02-01 - Pan-Pot @ Awakenings, Klokgebouw, Eindhoven","https://www.mixesdb.com/w/2020-02-01_-_Pan-Pot_@_Awakenings,_Klokgebouw,_Eindhoven",,4,009,Episode1,Panique [JAM - JAM017],Episode1 - Panique [JAM - JAM017]
"2020-02-01 - Pan-Pot @ Awakenings, Klokgebouw, Eindhoven","https://www.mixesdb.com/w/2020-02-01_-_Pan-Pot_@_Awakenings,_Klokgebouw,_Eindhoven",,5,013,Elad Magdasi & Mathias Weber,Magnet (Cadency Magic Monday Mix) [Front Left - FLRRMX01],Elad Magdasi & Mathias Weber - Magnet (Cadency Magic Monday Mix) [Front Left - FLRRMX01]
"2020-02-01 - Pan-Pot @ Awakenings, Klokgebouw, Eindhoven","https://www.mixesdb.com/w/2020-02-01_-_Pan-Pot_@_Awakenings,_Klokgebouw,_Eindhoven",,6,016,The Outsiders,Second [Planet Rhythm - PRRUKD20028],The Outsiders - Second [Planet Rhythm - PRRUKD20028]
"2020-02-01 - Pan-Pot @ Awakenings, Klokgebouw, Eindhoven","https://www.mixesdb.com/w/2020-02-01_-_Pan-Pot_@_Awakenings,_Klokgebouw,_Eindhoven",,7,020,Deas,Index [Second State - SNDST073],Deas - Index [Second State - SNDST073]
"2020-02-01 - Pan-Pot @ Awakenings, Klokgebouw, Eindhoven","https://www.mixesdb.com/w/2020-02-01_-_Pan-Pot_@_Awakenings,_Klokgebouw,_Eindhoven",,8,024,Audiomatiques,Function (SUDO Remix) [Unrilis - UNRILIS057],Audiomatiques - Function (SUDO Remix) [Unrilis - UNRILIS057]
"2020-02-01 - Pan-Pot @ Awakenings, Klokgebouw, Eindhoven","https://www.mixesdb.com/w/2020-02-01_-_Pan-Pot_@_Awakenings,_Klokgebouw,_Eindhoven",,9,029,Markantonio,Cento (Kaiserdisco Remix) [AnalyticTrail - ANT100],Markantonio - Cento (Kaiserdisco Remix) [AnalyticTrail - ANT100]
"2020-02-01 - Pan-Pot @ Awakenings, Klokgebouw, Eindhoven","https://www.mixesdb.com/w/2020-02-01_-_Pan-Pot_@_Awakenings,_Klokgebouw,_Eindhoven",,10,033,M.I.T.A.,Wax Dreams [Elevate - ELV135],M.I.T.A. - Wax Dreams [Elevate - ELV135]
"2020-02-01 - Pan-Pot @ Awakenings, Klokgebouw, Eindhoven","https://www.mixesdb.com/w/2020-02-01_-_Pan-Pot_@_Awakenings,_Klokgebouw,_Eindhoven",,11,038,Hertz,Recreate (Slam Rework) [Soma - SOMADA124],Hertz - Recreate (Slam Rework) [Soma - SOMADA124]
"2020-02-01 - Pan-Pot @ Awakenings, Klokgebouw, Eindhoven","https://www.mixesdb.com/w/2020-02-01_-_Pan-Pot_@_Awakenings,_Klokgebouw,_Eindhoven",,12,042,Michael Klein,Hoisin [Second State - SNDST072],Michael Klein - Hoisin [Second State - SNDST072]
"2020-02-01 - Pan-Pot @ Awakenings, Klokgebouw, Eindhoven","https://www.mixesdb.com/w/2020-02-01_-_Pan-Pot_@_Awakenings,_Klokgebouw,_Eindhoven",,13,047,Sisko Electrofanatik & Lazar,Systematik [JAM - JAM017],Sisko Electrofanatik & Lazar - Systematik [JAM - JAM017]
"2020-02-01 - Pan-Pot @ Awakenings, Klokgebouw, Eindhoven","https://www.mixesdb.com/w/2020-02-01_-_Pan-Pot_@_Awakenings,_Klokgebouw,_Eindhoven",,14,052,Marcal,Biohazard [JAM - JAM016],Marcal - Biohazard [JAM - JAM016]
"2020-02-01 - Pan-Pot @ Awakenings, Klokgebouw, Eindhoven","https://www.mixesdb.com/w/2020-02-01_-_Pan-Pot_@_Awakenings,_Klokgebouw,_Eindhoven",,15,058,Kristian Heikkila,Komplex [Say What? - SAWH093],Kristian Heikkila - Komplex [Say What? - SAWH093]
"2020-02-01 - Pan-Pot @ Awakenings, Klokgebouw, Eindhoven","https://www.mixesdb.com/w/2020-02-01_-_Pan-Pot_@_Awakenings,_Klokgebouw,_Eindhoven",,16,062,Radio Slave,Another Club (SRVD Remix) [Rekids - REKIDS145],Radio Slave - Another Club (SRVD Remix) [Rekids - REKIDS145]
"2020-02-01 - Pan-Pot @ Awakenings, Klokgebouw, Eindhoven","https://www.mixesdb.com/w/2020-02-01_-_Pan-Pot_@_Awakenings,_Klokgebouw,_Eindhoven",,17,070,,?,?
"2020-02-01 - Pan-Pot @ Awakenings, Klokgebouw, Eindhoven","https://www.mixesdb.com/w/2020-02-01_-_Pan-Pot_@_Awakenings,_Klokgebouw,_Eindhoven",,18,073,Mark Michael,Solar Storm [IAMT - IAMT187],Mark Michael - Solar Storm [IAMT - IAMT187]
"2020-02-01 - Pan-Pot @ Awakenings, Klokgebouw, Eindhoven","https://www.mixesdb.com/w/2020-02-01_-_Pan-Pot_@_Awakenings,_Klokgebouw,_Eindhoven",,19,077,Luis Miranda,Underpowa [JAM - JAM017],Luis Miranda - Underpowa [JAM - JAM017]
"2020-02-01 - Pan-Pot @ Awakenings, Klokgebouw, Eindhoven","https://www.mixesdb.com/w/2020-02-01_-_Pan-Pot_@_Awakenings,_Klokgebouw,_Eindhoven",,20,082,Avgusto,Outer Path [Etruria Beat - ETBCOMP006],Avgusto - Outer Path [Etruria Beat - ETBCOMP006]
"2020-02-01 - Pan-Pot @ Awakenings, Klokgebouw, Eindhoven","https://www.mixesdb.com/w/2020-02-01_-_Pan-Pot_@_Awakenings,_Klokgebouw,_Eindhoven",,21,088,Kloves,Key Frame [Focus - FOCUSRECORDS080],Kloves - Key Frame [Focus - FOCUSRECORDS080]
"2020-02-01 - Pan-Pot @ Awakenings, Klokgebouw, Eindhoven","https://www.mixesdb.com/w/2020-02-01_-_Pan-Pot_@_Awakenings,_Klokgebouw,_Eindhoven",,22,091,Quail & AISHA (SCO),The Fall [Soma - SOMA567D],Quail & AISHA (SCO) - The Fall [Soma - SOMA567D]
"2020-02-01 - Pan-Pot @ Awakenings, Klokgebouw, Eindhoven","https://www.mixesdb.com/w/2020-02-01_-_Pan-Pot_@_Awakenings,_Klokgebouw,_Eindhoven",,23,095,Rocko Garoni,No Border [Second State - SNDST074],Rocko Garoni - No Border [Second State - SNDST074]
"2020-02-01 - Pan-Pot @ Awakenings, Klokgebouw, Eindhoven","https://www.mixesdb.com/w/2020-02-01_-_Pan-Pot_@_Awakenings,_Klokgebouw,_Eindhoven",,24,100,Sosak,The Bams Soverign Ring [Prodigal Son - PRSON010],Sosak - The Bams Soverign Ring [Prodigal Son - PRSON010]
"2020-02-01 - Pan-Pot @ Awakenings, Klokgebouw, Eindhoven","https://www.mixesdb.com/w/2020-02-01_-_Pan-Pot_@_Awakenings,_Klokgebouw,_Eindhoven",,25,104,MOGUAI vs. Kai Tracid,DT64 [Heldeep - 190295284022],MOGUAI vs. Kai Tracid - DT64 [Heldeep - 190295284022]
"2020-02-01 - Pan-Pot @ Awakenings, Klokgebouw, Eindhoven","https://www.mixesdb.com/w/2020-02-01_-_Pan-Pot_@_Awakenings,_Klokgebouw,_Eindhoven",,26,110,Rocko Garoni,Gece [Second State - SNDST074],Rocko Garoni - Gece [Second State - SNDST074]
"2020-02-01 - Pan-Pot @ Awakenings, Klokgebouw, Eindhoven","https://www.mixesdb.com/w/2020-02-01_-_Pan-Pot_@_Awakenings,_Klokgebouw,_Eindhoven",,27,113,,?,?
"2017-04-13 - Pan-Pot @ 20 Years Awakenings, Gashouder, Amsterdam","https://www.mixesdb.com/w/2017-04-13_-_Pan-Pot_@_20_Years_Awakenings,_Gashouder,_Amsterdam",,1,000,DJ Hell,I Want You (Romina Cohn Remix),DJ Hell - I Want You (Romina Cohn Remix)
"2017-04-13 - Pan-Pot @ 20 Years Awakenings, Gashouder, Amsterdam","https://www.mixesdb.com/w/2017-04-13_-_Pan-Pot_@_20_Years_Awakenings,_Gashouder,_Amsterdam",,2,008,Hatzler,Another Life (Metodi Hristov Remix),Hatzler - Another Life (Metodi Hristov Remix)
"2017-04-13 - Pan-Pot @ 20 Years Awakenings, Gashouder, Amsterdam","https://www.mixesdb.com/w/2017-04-13_-_Pan-Pot_@_20_Years_Awakenings,_Gashouder,_Amsterdam",,3,013,Pleasurekraft,Maskara,Pleasurekraft - Maskara
"2017-04-13 - Pan-Pot @ 20 Years Awakenings, Gashouder, Amsterdam","https://www.mixesdb.com/w/2017-04-13_-_Pan-Pot_@_20_Years_Awakenings,_Gashouder,_Amsterdam",,4,018,M. Fukuda,Backtrack,M. Fukuda - Backtrack
"2017-04-13 - Pan-Pot @ 20 Years Awakenings, Gashouder, Amsterdam","https://www.mixesdb.com/w/2017-04-13_-_Pan-Pot_@_20_Years_Awakenings,_Gashouder,_Amsterdam",,5,022,Petter B,Drummer III,Petter B - Drummer III
"2017-04-13 - Pan-Pot @ 20 Years Awakenings, Gashouder, Amsterdam","https://www.mixesdb.com/w/2017-04-13_-_Pan-Pot_@_20_Years_Awakenings,_Gashouder,_Amsterdam",,6,028,Alan Fitzpatrick,Brian's Proper Dun One,Alan Fitzpatrick - Brian's Proper Dun One
"2017-04-13 - Pan-Pot @ 20 Years Awakenings, Gashouder, Amsterdam","https://www.mixesdb.com/w/2017-04-13_-_Pan-Pot_@_20_Years_Awakenings,_Gashouder,_Amsterdam",,7,033,Ilario Alicante,Times,Ilario Alicante - Times
"2017-04-13 - Pan-Pot @ 20 Years Awakenings, Gashouder, Amsterdam","https://www.mixesdb.com/w/2017-04-13_-_Pan-Pot_@_20_Years_Awakenings,_Gashouder,_Amsterdam",,8,037,Shlomi Aber,Groove Mechanism (Chris Liebing Remix),Shlomi Aber - Groove Mechanism (Chris Liebing Remix)
"2017-04-13 - Pan-Pot @ 20 Years Awakenings, Gashouder, Amsterdam","https://www.mixesdb.com/w/2017-04-13_-_Pan-Pot_@_20_Years_Awakenings,_Gashouder,_Amsterdam",,9,042,SLV,Planetary,SLV - Planetary
"2017-04-13 - Pan-Pot @ 20 Years Awakenings, Gashouder, Amsterdam","https://www.mixesdb.com/w/2017-04-13_-_Pan-Pot_@_20_Years_Awakenings,_Gashouder,_Amsterdam",,10,046,Amelie Lens,Contradiction,Amelie Lens - Contradiction
"2017-04-13 - Pan-Pot @ 20 Years Awakenings, Gashouder, Amsterdam","https://www.mixesdb.com/w/2017-04-13_-_Pan-Pot_@_20_Years_Awakenings,_Gashouder,_Amsterdam",,11,050,Clouds,Complete Control (Slam Remix),Clouds - Complete Control (Slam Remix)
"2017-04-13 - Pan-Pot @ 20 Years Awakenings, Gashouder, Amsterdam","https://www.mixesdb.com/w/2017-04-13_-_Pan-Pot_@_20_Years_Awakenings,_Gashouder,_Amsterdam",,12,056,Slam,Vapour,Slam - Vapour
"2017-04-13 - Pan-Pot @ 20 Years Awakenings, Gashouder, Amsterdam","https://www.mixesdb.com/w/2017-04-13_-_Pan-Pot_@_20_Years_Awakenings,_Gashouder,_Amsterdam",,13,061,Petter B,Roots Pt.2,Petter B - Roots Pt.2
"2017-04-13 - Pan-Pot @ 20 Years Awakenings, Gashouder, Amsterdam","https://www.mixesdb.com/w/2017-04-13_-_Pan-Pot_@_20_Years_Awakenings,_Gashouder,_Amsterdam",,14,067,Kaiserdisco & Karotte,Mauve,Kaiserdisco & Karotte - Mauve
"2017-04-13 - Pan-Pot @ 20 Years Awakenings, Gashouder, Amsterdam","https://www.mixesdb.com/w/2017-04-13_-_Pan-Pot_@_20_Years_Awakenings,_Gashouder,_Amsterdam",,15,071,Oxia,Domino (Matador Remix),Oxia - Domino (Matador Remix)
"2017-04-13 - Pan-Pot @ 20 Years Awakenings, Gashouder, Amsterdam","https://www.mixesdb.com/w/2017-04-13_-_Pan-Pot_@_20_Years_Awakenings,_Gashouder,_Amsterdam",,16,077,Sam Paganini,Skin,Sam Paganini - Skin
"2017-04-13 - Pan-Pot @ 20 Years Awakenings, Gashouder, Amsterdam","https://www.mixesdb.com/w/2017-04-13_-_Pan-Pot_@_20_Years_Awakenings,_Gashouder,_Amsterdam",,17,083,Timmo,The Maze,Timmo - The Maze
"2017-04-13 - Pan-Pot @ 20 Years Awakenings, Gashouder, Amsterdam","https://www.mixesdb.com/w/2017-04-13_-_Pan-Pot_@_20_Years_Awakenings,_Gashouder,_Amsterdam",,18,088,Tomy DeClerque,Makarona,Tomy DeClerque - Makarona
"2017-04-13 - Pan-Pot @ 20 Years Awakenings, Gashouder, Amsterdam","https://www.mixesdb.com/w/2017-04-13_-_Pan-Pot_@_20_Years_Awakenings,_Gashouder,_Amsterdam",,19,093,Raito,Rave 92,Raito - Rave 92
"2017-04-13 - Pan-Pot @ 20 Years Awakenings, Gashouder, Amsterdam","https://www.mixesdb.com/w/2017-04-13_-_Pan-Pot_@_20_Years_Awakenings,_Gashouder,_Amsterdam",,20,097,M. Fukuda,Freeze,M. Fukuda - Freeze
"2017-04-13 - Pan-Pot @ 20 Years Awakenings, Gashouder, Amsterdam","https://www.mixesdb.com/w/2017-04-13_-_Pan-Pot_@_20_Years_Awakenings,_Gashouder,_Amsterdam",,21,101,ROD,HOR,ROD - HOR
"2017-04-13 - Pan-Pot @ 20 Years Awakenings, Gashouder, Amsterdam","https://www.mixesdb.com/w/2017-04-13_-_Pan-Pot_@_20_Years_Awakenings,_Gashouder,_Amsterdam",,22,107,,?,?
"2025-08-22 - Pan-Pot @ RE/FORM Pres. Human, Los Angeles","https://www.mixesdb.com/w/2025-08-22_-_Pan-Pot_@_RE/FORM_Pres._Human,_Los_Angeles",,1,03,Pablo Say,Control The World [Kickfire],Pablo Say - Control The World [Kickfire]
"2025-08-22 - Pan-Pot @ RE/FORM Pres. Human, Los Angeles","https://www.mixesdb.com/w/2025-08-22_-_Pan-Pot_@_RE/FORM_Pres._Human,_Los_Angeles",,2,07,Endlec,In Negative,Endlec - In Negative
"2025-08-22 - Pan-Pot @ RE/FORM Pres. Human, Los Angeles","https://www.mixesdb.com/w/2025-08-22_-_Pan-Pot_@_RE/FORM_Pres._Human,_Los_Angeles",,3,11,Khabiar,It Depends On [Tronic],Khabiar - It Depends On [Tronic]
"2025-08-22 - Pan-Pot @ RE/FORM Pres. Human, Los Angeles","https://www.mixesdb.com/w/2025-08-22_-_Pan-Pot_@_RE/FORM_Pres._Human,_Los_Angeles",,4,15,Gary Beck,Scratch [Crowd],Gary Beck - Scratch [Crowd]
"2025-08-22 - Pan-Pot @ RE/FORM Pres. Human, Los Angeles","https://www.mixesdb.com/w/2025-08-22_-_Pan-Pot_@_RE/FORM_Pres._Human,_Los_Angeles",,5,18,Simone Zino,Hypnosis [Mantra],Simone Zino - Hypnosis [Mantra]
"2025-08-22 - Pan-Pot @ RE/FORM Pres. Human, Los Angeles","https://www.mixesdb.com/w/2025-08-22_-_Pan-Pot_@_RE/FORM_Pres._Human,_Los_Angeles",,6,21,Dubfire & Flug,In Trance [Artcore],Dubfire & Flug - In Trance [Artcore]
"2025-08-22 - Pan-Pot @ RE/FORM Pres. Human, Los Angeles","https://www.mixesdb.com/w/2025-08-22_-_Pan-Pot_@_RE/FORM_Pres._Human,_Los_Angeles",,7,25,Bountyhunter,Woops [Bonzai],Bountyhunter - Woops [Bonzai]
"2025-08-22 - Pan-Pot @ RE/FORM Pres. Human, Los Angeles","https://www.mixesdb.com/w/2025-08-22_-_Pan-Pot_@_RE/FORM_Pres._Human,_Los_Angeles",,8,25,Marco Faraone,Killa [Artcore],Marco Faraone - Killa [Artcore]
"2025-08-22 - Pan-Pot @ RE/FORM Pres. Human, Los Angeles","https://www.mixesdb.com/w/2025-08-22_-_Pan-Pot_@_RE/FORM_Pres._Human,_Los_Angeles",,9,29,,?,?
"2025-08-22 - Pan-Pot @ RE/FORM Pres. Human, Los Angeles","https://www.mixesdb.com/w/2025-08-22_-_Pan-Pot_@_RE/FORM_Pres._Human,_Los_Angeles",,10,33,Kaiserdisco,Assip,Kaiserdisco - Assip
"2025-08-22 - Pan-Pot @ RE/FORM Pres. Human, Los Angeles","https://www.mixesdb.com/w/2025-08-22_-_Pan-Pot_@_RE/FORM_Pres._Human,_Los_Angeles",,11,37,Human Safari,Classique,Human Safari - Classique
"2025-08-22 - Pan-Pot @ RE/FORM Pres. Human, Los Angeles","https://www.mixesdb.com/w/2025-08-22_-_Pan-Pot_@_RE/FORM_Pres._Human,_Los_Angeles",,12,41,Pan-Pot,Nightcode [Second State],Pan-Pot - Nightcode [Second State]
"2025-08-22 - Pan-Pot @ RE/FORM Pres. Human, Los Angeles","https://www.mixesdb.com/w/2025-08-22_-_Pan-Pot_@_RE/FORM_Pres._Human,_Los_Angeles",,13,45,Procombo,Upscale [CLR],Procombo - Upscale [CLR]
"2025-08-22 - Pan-Pot @ RE/FORM Pres. Human, Los Angeles","https://www.mixesdb.com/w/2025-08-22_-_Pan-Pot_@_RE/FORM_Pres._Human,_Los_Angeles",,14,48,Reinier Zonneveld & Space 92,Ravarp [Filth On Acid],Reinier Zonneveld & Space 92 - Ravarp [Filth On Acid]
"2025-08-22 - Pan-Pot @ RE/FORM Pres. Human, Los Angeles","https://www.mixesdb.com/w/2025-08-22_-_Pan-Pot_@_RE/FORM_Pres._Human,_Los_Angeles",,15,52,Jimmy Edgar,Strike (Hardspace Mix) [Ultramajic],Jimmy Edgar - Strike (Hardspace Mix) [Ultramajic]
"2025-08-22 - Pan-Pot @ RE/FORM Pres. Human, Los Angeles","https://www.mixesdb.com/w/2025-08-22_-_Pan-Pot_@_RE/FORM_Pres._Human,_Los_Angeles",,16,57,Goncalo M,God Will Not Let Me Go [Intuition],Goncalo M - God Will Not Let Me Go [Intuition]
2017-01-28 - Pan-Pot - Essential Mix,https://www.mixesdb.com/w/2017-01-28_-_Pan-Pot_-_Essential_Mix,,1,000,,Intro,Intro
2017-01-28 - Pan-Pot - Essential Mix,https://www.mixesdb.com/w/2017-01-28_-_Pan-Pot_-_Essential_Mix,,2,002,Zadig & Fluxion,Stellar Sea Of Gibarian,Zadig & Fluxion - Stellar Sea Of Gibarian
2017-01-28 - Pan-Pot - Essential Mix,https://www.mixesdb.com/w/2017-01-28_-_Pan-Pot_-_Essential_Mix,,3,00?,+ Fluxion,Tortile (Syncrophone With Tortile),+ Fluxion - Tortile (Syncrophone With Tortile)
2017-01-28 - Pan-Pot - Essential Mix,https://www.mixesdb.com/w/2017-01-28_-_Pan-Pot_-_Essential_Mix,,4,008,Markus Suckut,Untitled (B1) [Exile - 006],Markus Suckut - Untitled (B1) [Exile - 006]
2017-01-28 - Pan-Pot - Essential Mix,https://www.mixesdb.com/w/2017-01-28_-_Pan-Pot_-_Essential_Mix,,5,011,Michael Klein,In Focus (Raíz Remix) [Blkdrp],Michael Klein - In Focus (Raíz Remix) [Blkdrp]
2017-01-28 - Pan-Pot - Essential Mix,https://www.mixesdb.com/w/2017-01-28_-_Pan-Pot_-_Essential_Mix,,6,015,Charlotte de Witte,Trip (Cari Lekebusch Remix) [Off - 136],Charlotte de Witte - Trip (Cari Lekebusch Remix) [Off - 136]
2017-01-28 - Pan-Pot - Essential Mix,https://www.mixesdb.com/w/2017-01-28_-_Pan-Pot_-_Essential_Mix,,7,020,Yan Cook,Pauk [Planet Rhythm - PRRUK 106],Yan Cook - Pauk [Planet Rhythm - PRRUK 106]
2017-01-28 - Pan-Pot - Essential Mix,https://www.mixesdb.com/w/2017-01-28_-_Pan-Pot_-_Essential_Mix,,8,024,Flug,Analogical [Enemy],Flug - Analogical [Enemy]
2017-01-28 - Pan-Pot - Essential Mix,https://www.mixesdb.com/w/2017-01-28_-_Pan-Pot_-_Essential_Mix,,9,028,Sterac,Osirion [Rush Hour - RHM 022],Sterac - Osirion [Rush Hour - RHM 022]
2017-01-28 - Pan-Pot - Essential Mix,https://www.mixesdb.com/w/2017-01-28_-_Pan-Pot_-_Essential_Mix,,10,034,SLV,Connections [Soma - 480D],SLV - Connections [Soma - 480D]
2017-01-28 - Pan-Pot - Essential Mix,https://www.mixesdb.com/w/2017-01-28_-_Pan-Pot_-_Essential_Mix,,11,037,Christian Morgenstern,Ex Machina (Christian Wünsch Remix) [Konsequent],Christian Morgenstern - Ex Machina (Christian Wünsch Remix) [Konsequent]
2017-01-28 - Pan-Pot - Essential Mix,https://www.mixesdb.com/w/2017-01-28_-_Pan-Pot_-_Essential_Mix,,12,043,Ø [Phase],Blind Eye [Token - 57D],Ø [Phase] - Blind Eye [Token - 57D]
2017-01-28 - Pan-Pot - Essential Mix,https://www.mixesdb.com/w/2017-01-28_-_Pan-Pot_-_Essential_Mix,,13,047,Len Faki & Regal,Abroad [Figure - 77],Len Faki & Regal - Abroad [Figure - 77]
2017-01-28 - Pan-Pot - Essential Mix,https://www.mixesdb.com/w/2017-01-28_-_Pan-Pot_-_Essential_Mix,,14,052,Heiko Laux,Dry Me (Acid Mix) [Klockworks - KW 17],Heiko Laux - Dry Me (Acid Mix) [Klockworks - KW 17]
2017-01-28 - Pan-Pot - Essential Mix,https://www.mixesdb.com/w/2017-01-28_-_Pan-Pot_-_Essential_Mix,,15,058,Ray Kajioka,Ruderberg [Kanzleramt - KA 173],Ray Kajioka - Ruderberg [Kanzleramt - KA 173]
2017-01-28 - Pan-Pot - Essential Mix,https://www.mixesdb.com/w/2017-01-28_-_Pan-Pot_-_Essential_Mix,,16,061,Yotam Avni,Makot [Non Series - NON 025I],Yotam Avni - Makot [Non Series - NON 025I]
2017-01-28 - Pan-Pot - Essential Mix,https://www.mixesdb.com/w/2017-01-28_-_Pan-Pot_-_Essential_Mix,,17,063,Skudge,November [Indigo Aera - AERA 016.1],Skudge - November [Indigo Aera - AERA 016.1]
2017-01-28 - Pan-Pot - Essential Mix,https://www.mixesdb.com/w/2017-01-28_-_Pan-Pot_-_Essential_Mix,,18,070,Stephan Hinz,Parasol,Stephan Hinz - Parasol
2017-01-28 - Pan-Pot - Essential Mix,https://www.mixesdb.com/w/2017-01-28_-_Pan-Pot_-_Essential_Mix,,19,0??,Clint Stewart,SOTW,Clint Stewart - SOTW
2017-01-28 - Pan-Pot - Essential Mix,https://www.mixesdb.com/w/2017-01-28_-_Pan-Pot_-_Essential_Mix,,20,0??,Pan-Pot,Lose Yourself (Marcel Fengler Remix) [Second State],Pan-Pot - Lose Yourself (Marcel Fengler Remix) [Second State]
2017-01-28 - Pan-Pot - Essential Mix,https://www.mixesdb.com/w/2017-01-28_-_Pan-Pot_-_Essential_Mix,,21,082,Leftwing & Kody,Telepathy [Truesoul - TRUE 1288],Leftwing & Kody - Telepathy [Truesoul - TRUE 1288]
2017-01-28 - Pan-Pot - Essential Mix,https://www.mixesdb.com/w/2017-01-28_-_Pan-Pot_-_Essential_Mix,,22,085,SHDW & Obscure Shape,Gesang Der Toten Dinge (Konstantin Sibold Remix),SHDW & Obscure Shape - Gesang Der Toten Dinge (Konstantin Sibold Remix)
2017-01-28 - Pan-Pot - Essential Mix,https://www.mixesdb.com/w/2017-01-28_-_Pan-Pot_-_Essential_Mix,,23,091,Ray Kajioka,One After The Other [Kanzleramt - KA 173],Ray Kajioka - One After The Other [Kanzleramt - KA 173]
2017-01-28 - Pan-Pot - Essential Mix,https://www.mixesdb.com/w/2017-01-28_-_Pan-Pot_-_Essential_Mix,,24,095,Percy X,X Track (Christian Wünsch Remix) [Soma],Percy X - X Track (Christian Wünsch Remix) [Soma]
2017-01-28 - Pan-Pot - Essential Mix,https://www.mixesdb.com/w/2017-01-28_-_Pan-Pot_-_Essential_Mix,,25,???,Nick Curly,Rosario [8Bit],Nick Curly - Rosario [8Bit]
2017-01-28 - Pan-Pot - Essential Mix,https://www.mixesdb.com/w/2017-01-28_-_Pan-Pot_-_Essential_Mix,,26,104,Spiros Kaloumenos,Arithmetic [Analytic Trail],Spiros Kaloumenos - Arithmetic [Analytic Trail]
2017-01-28 - Pan-Pot - Essential Mix,https://www.mixesdb.com/w/2017-01-28_-_Pan-Pot_-_Essential_Mix,,27,109,Reset Robot,A Thousand Billion Photons [Truesoul],Reset Robot - A Thousand Billion Photons [Truesoul]
2017-01-28 - Pan-Pot - Essential Mix,https://www.mixesdb.com/w/2017-01-28_-_Pan-Pot_-_Essential_Mix,,28,115,Trevino,Eclipse [Klockworks - KW 14],Trevino - Eclipse [Klockworks - KW 14]
"2023-08-12 - Pan-Pot @ Loveland Festival, Sloterpark, Amsterdam (Loveland Legacy, LL217)","https://www.mixesdb.com/w/2023-08-12_-_Pan-Pot_@_Loveland_Festival,_Sloterpark,_Amsterdam_(Loveland_Legacy,_LL217)",,1,00,,?,?
"2023-08-12 - Pan-Pot @ Loveland Festival, Sloterpark, Amsterdam (Loveland Legacy, LL217)","https://www.mixesdb.com/w/2023-08-12_-_Pan-Pot_@_Loveland_Festival,_Sloterpark,_Amsterdam_(Loveland_Legacy,_LL217)",,2,02,Jay Lumen,Veritas [Footwork],Jay Lumen - Veritas [Footwork]
"2023-08-12 - Pan-Pot @ Loveland Festival, Sloterpark, Amsterdam (Loveland Legacy, LL217)","https://www.mixesdb.com/w/2023-08-12_-_Pan-Pot_@_Loveland_Festival,_Sloterpark,_Amsterdam_(Loveland_Legacy,_LL217)",,3,??,Slam,Activate [Soma],Slam - Activate [Soma]
"2023-08-12 - Pan-Pot @ Loveland Festival, Sloterpark, Amsterdam (Loveland Legacy, LL217)","https://www.mixesdb.com/w/2023-08-12_-_Pan-Pot_@_Loveland_Festival,_Sloterpark,_Amsterdam_(Loveland_Legacy,_LL217)",,4,??,DEAS,Praxis [Baumuzik],DEAS - Praxis [Baumuzik]
"2023-08-12 - Pan-Pot @ Loveland Festival, Sloterpark, Amsterdam (Loveland Legacy, LL217)","https://www.mixesdb.com/w/2023-08-12_-_Pan-Pot_@_Loveland_Festival,_Sloterpark,_Amsterdam_(Loveland_Legacy,_LL217)",,5,??,Mark Broom,Hardgroove 4 Life (Ben Sims Remix) [Beard Man],Mark Broom - Hardgroove 4 Life (Ben Sims Remix) [Beard Man]
"2023-08-12 - Pan-Pot @ Loveland Festival, Sloterpark, Amsterdam (Loveland Legacy, LL217)","https://www.mixesdb.com/w/2023-08-12_-_Pan-Pot_@_Loveland_Festival,_Sloterpark,_Amsterdam_(Loveland_Legacy,_LL217)",,6,??,Cherry Moon Trax,The House Of House [Bonzai],Cherry Moon Trax - The House Of House [Bonzai]
"2023-08-12 - Pan-Pot @ Loveland Festival, Sloterpark, Amsterdam (Loveland Legacy, LL217)","https://www.mixesdb.com/w/2023-08-12_-_Pan-Pot_@_Loveland_Festival,_Sloterpark,_Amsterdam_(Loveland_Legacy,_LL217)",,7,??,Rifts,Sharp Lank (Hedgehog Mix) [Spandau20],Rifts - Sharp Lank (Hedgehog Mix) [Spandau20]
"2023-08-12 - Pan-Pot @ Loveland Festival, Sloterpark, Amsterdam (Loveland Legacy, LL217)","https://www.mixesdb.com/w/2023-08-12_-_Pan-Pot_@_Loveland_Festival,_Sloterpark,_Amsterdam_(Loveland_Legacy,_LL217)",,8,25,Ramon Tapia,Circular [Tronic],Ramon Tapia - Circular [Tronic]
"2023-08-12 - Pan-Pot @ Loveland Festival, Sloterpark, Amsterdam (Loveland Legacy, LL217)","https://www.mixesdb.com/w/2023-08-12_-_Pan-Pot_@_Loveland_Festival,_Sloterpark,_Amsterdam_(Loveland_Legacy,_LL217)",,9,??,Michael Wells aka G.T.O.,Pure (Christian Smith Remix) [Tronic],Michael Wells aka G.T.O. - Pure (Christian Smith Remix) [Tronic]
"2023-08-12 - Pan-Pot @ Loveland Festival, Sloterpark, Amsterdam (Loveland Legacy, LL217)","https://www.mixesdb.com/w/2023-08-12_-_Pan-Pot_@_Loveland_Festival,_Sloterpark,_Amsterdam_(Loveland_Legacy,_LL217)",,10,32,Pan-Pot,Core [Second State],Pan-Pot - Core [Second State]
"2023-08-12 - Pan-Pot @ Loveland Festival, Sloterpark, Amsterdam (Loveland Legacy, LL217)","https://www.mixesdb.com/w/2023-08-12_-_Pan-Pot_@_Loveland_Festival,_Sloterpark,_Amsterdam_(Loveland_Legacy,_LL217)",,11,3?,Coyu,Snow In Ipanema [Suara],Coyu - Snow In Ipanema [Suara]
"2023-08-12 - Pan-Pot @ Loveland Festival, Sloterpark, Amsterdam (Loveland Legacy, LL217)","https://www.mixesdb.com/w/2023-08-12_-_Pan-Pot_@_Loveland_Festival,_Sloterpark,_Amsterdam_(Loveland_Legacy,_LL217)",,12,40,Pan-Pot,Coda [Second State],Pan-Pot - Coda [Second State]
"2023-08-12 - Pan-Pot @ Loveland Festival, Sloterpark, Amsterdam (Loveland Legacy, LL217)","https://www.mixesdb.com/w/2023-08-12_-_Pan-Pot_@_Loveland_Festival,_Sloterpark,_Amsterdam_(Loveland_Legacy,_LL217)",,13,4?,,?,?
"2023-08-12 - Pan-Pot @ Loveland Festival, Sloterpark, Amsterdam (Loveland Legacy, LL217)","https://www.mixesdb.com/w/2023-08-12_-_Pan-Pot_@_Loveland_Festival,_Sloterpark,_Amsterdam_(Loveland_Legacy,_LL217)",,14,49,Pablo Say,Come With Me [Unrilis],Pablo Say - Come With Me [Unrilis]
"2023-08-12 - Pan-Pot @ Loveland Festival, Sloterpark, Amsterdam (Loveland Legacy, LL217)","https://www.mixesdb.com/w/2023-08-12_-_Pan-Pot_@_Loveland_Festival,_Sloterpark,_Amsterdam_(Loveland_Legacy,_LL217)",,15,??,FJAAK,Give It To Me [Fjaak],FJAAK - Give It To Me [Fjaak]
"2023-08-12 - Pan-Pot @ Loveland Festival, Sloterpark, Amsterdam (Loveland Legacy, LL217)","https://www.mixesdb.com/w/2023-08-12_-_Pan-Pot_@_Loveland_Festival,_Sloterpark,_Amsterdam_(Loveland_Legacy,_LL217)",,16,58,Pan-Pot,Evolution [Second State],Pan-Pot - Evolution [Second State]
"2023-08-12 - Pan-Pot @ Loveland Festival, Sloterpark, Amsterdam (Loveland Legacy, LL217)","https://www.mixesdb.com/w/2023-08-12_-_Pan-Pot_@_Loveland_Festival,_Sloterpark,_Amsterdam_(Loveland_Legacy,_LL217)",,17,??,Klint,Knot Theory [Molecular],Klint - Knot Theory [Molecular]
"2023-08-12 - Pan-Pot @ Loveland Festival, Sloterpark, Amsterdam (Loveland Legacy, LL217)","https://www.mixesdb.com/w/2023-08-12_-_Pan-Pot_@_Loveland_Festival,_Sloterpark,_Amsterdam_(Loveland_Legacy,_LL217)",,18,??,Charlotte de Witte,Overdrive [KNTXT],Charlotte de Witte - Overdrive [KNTXT]
"2023-08-12 - Pan-Pot @ Loveland Festival, Sloterpark, Amsterdam (Loveland Legacy, LL217)","https://www.mixesdb.com/w/2023-08-12_-_Pan-Pot_@_Loveland_Festival,_Sloterpark,_Amsterdam_(Loveland_Legacy,_LL217)",,19,??,Sam Paganini,Body Ride [Jam],Sam Paganini - Body Ride [Jam]
"2023-08-12 - Pan-Pot @ Loveland Festival, Sloterpark, Amsterdam (Loveland Legacy, LL217)","https://www.mixesdb.com/w/2023-08-12_-_Pan-Pot_@_Loveland_Festival,_Sloterpark,_Amsterdam_(Loveland_Legacy,_LL217)",,20,??,Franck,Hear The Sound [R],Franck - Hear The Sound [R]
"2023-08-12 - Pan-Pot @ Loveland Festival, Sloterpark, Amsterdam (Loveland Legacy, LL217)","https://www.mixesdb.com/w/2023-08-12_-_Pan-Pot_@_Loveland_Festival,_Sloterpark,_Amsterdam_(Loveland_Legacy,_LL217)",,21,??,Spartaque,Resist [Factory 93],Spartaque - Resist [Factory 93]
"2023-08-12 - Pan-Pot @ Loveland Festival, Sloterpark, Amsterdam (Loveland Legacy, LL217)","https://www.mixesdb.com/w/2023-08-12_-_Pan-Pot_@_Loveland_Festival,_Sloterpark,_Amsterdam_(Loveland_Legacy,_LL217)",,22,??,Members Of Mayday,The Mayday Anthem (Thomas Schumacher Remix) [Electric Ballroom],Members Of Mayday - The Mayday Anthem (Thomas Schumacher Remix) [Electric Ballroom]
"2023-08-12 - Pan-Pot @ Loveland Festival, Sloterpark, Amsterdam (Loveland Legacy, LL217)","https://www.mixesdb.com/w/2023-08-12_-_Pan-Pot_@_Loveland_Festival,_Sloterpark,_Amsterdam_(Loveland_Legacy,_LL217)",,23,??,Eli Brown,Diamonds On My Mind [Polydor],Eli Brown - Diamonds On My Mind [Polydor]
"2023-08-12 - Pan-Pot @ Loveland Festival, Sloterpark, Amsterdam (Loveland Legacy, LL217)","https://www.mixesdb.com/w/2023-08-12_-_Pan-Pot_@_Loveland_Festival,_Sloterpark,_Amsterdam_(Loveland_Legacy,_LL217)",,24,??,Oscar Mulero,Flujo Fatal [Polegroup],Oscar Mulero - Flujo Fatal [Polegroup]
"2023-08-12 - Pan-Pot @ Loveland Festival, Sloterpark, Amsterdam (Loveland Legacy, LL217)","https://www.mixesdb.com/w/2023-08-12_-_Pan-Pot_@_Loveland_Festival,_Sloterpark,_Amsterdam_(Loveland_Legacy,_LL217)",,25,??,Danny Avila & Heerhorst,The Procedure [1605],Danny Avila & Heerhorst - The Procedure [1605]
"2023-08-12 - Pan-Pot @ Loveland Festival, Sloterpark, Amsterdam (Loveland Legacy, LL217)","https://www.mixesdb.com/w/2023-08-12_-_Pan-Pot_@_Loveland_Festival,_Sloterpark,_Amsterdam_(Loveland_Legacy,_LL217)",,26,??,Hertz,Recreate (Slam Rework) [Concept],Hertz - Recreate (Slam Rework) [Concept]
"2023-08-12 - Pan-Pot @ Loveland Festival, Sloterpark, Amsterdam (Loveland Legacy, LL217)","https://www.mixesdb.com/w/2023-08-12_-_Pan-Pot_@_Loveland_Festival,_Sloterpark,_Amsterdam_(Loveland_Legacy,_LL217)",,27,??,Zombie Nation,Kernkraft 400 [EPM],Zombie Nation - Kernkraft 400 [EPM]
"2023-08-12 - Pan-Pot @ Loveland Festival, Sloterpark, Amsterdam (Loveland Legacy, LL217)","https://www.mixesdb.com/w/2023-08-12_-_Pan-Pot_@_Loveland_Festival,_Sloterpark,_Amsterdam_(Loveland_Legacy,_LL217)",,28,??,,?,?
"2023-08-12 - Pan-Pot @ Loveland Festival, Sloterpark, Amsterdam (Loveland Legacy, LL217)","https://www.mixesdb.com/w/2023-08-12_-_Pan-Pot_@_Loveland_Festival,_Sloterpark,_Amsterdam_(Loveland_Legacy,_LL217)",,29,??,,?,?
"2023-08-12 - Pan-Pot @ Loveland Festival, Sloterpark, Amsterdam (Loveland Legacy, LL217)","https://www.mixesdb.com/w/2023-08-12_-_Pan-Pot_@_Loveland_Festival,_Sloterpark,_Amsterdam_(Loveland_Legacy,_LL217)",,30,??,Danny Corten & Youri Parker,Reactivate [Bonzai Classics],Danny Corten & Youri Parker - Reactivate [Bonzai Classics]
"2023-08-25 - Pan-Pot @ fabric, London","https://www.mixesdb.com/w/2023-08-25_-_Pan-Pot_@_fabric,_London",,1,002,Jay Lumen,Veritas [Footwork],Jay Lumen - Veritas [Footwork]
"2023-08-25 - Pan-Pot @ fabric, London","https://www.mixesdb.com/w/2023-08-25_-_Pan-Pot_@_fabric,_London",,2,006,Hertz,Neu [Tronic],Hertz - Neu [Tronic]
"2023-08-25 - Pan-Pot @ fabric, London","https://www.mixesdb.com/w/2023-08-25_-_Pan-Pot_@_fabric,_London",,3,010,DEAS,Praxis [Baumuzik],DEAS - Praxis [Baumuzik]
"2023-08-25 - Pan-Pot @ fabric, London","https://www.mixesdb.com/w/2023-08-25_-_Pan-Pot_@_fabric,_London",,4,013,Slam,Activate [Soma],Slam - Activate [Soma]
"2023-08-25 - Pan-Pot @ fabric, London","https://www.mixesdb.com/w/2023-08-25_-_Pan-Pot_@_fabric,_London",,5,015,Christian Smith,Polished Chrome (DJ Dextro Remix) [We Are The Brave],Christian Smith - Polished Chrome (DJ Dextro Remix) [We Are The Brave]
"2023-08-25 - Pan-Pot @ fabric, London","https://www.mixesdb.com/w/2023-08-25_-_Pan-Pot_@_fabric,_London",,6,019,Michael Klein,Dear Majesty [Blk Drp],Michael Klein - Dear Majesty [Blk Drp]
"2023-08-25 - Pan-Pot @ fabric, London","https://www.mixesdb.com/w/2023-08-25_-_Pan-Pot_@_fabric,_London",,7,023,Len Faki,Sexuality (My Reality) [Figure],Len Faki - Sexuality (My Reality) [Figure]
"2023-08-25 - Pan-Pot @ fabric, London","https://www.mixesdb.com/w/2023-08-25_-_Pan-Pot_@_fabric,_London",,8,027,M.I.T.A.,Raw Deal [Jam],M.I.T.A. - Raw Deal [Jam]
"2023-08-25 - Pan-Pot @ fabric, London","https://www.mixesdb.com/w/2023-08-25_-_Pan-Pot_@_fabric,_London",,9,030,Pan-Pot,Arc [Second State],Pan-Pot - Arc [Second State]
"2023-08-25 - Pan-Pot @ fabric, London","https://www.mixesdb.com/w/2023-08-25_-_Pan-Pot_@_fabric,_London",,10,034,Chlär,Intrinsic Drive [Mutual Rytm],Chlär - Intrinsic Drive [Mutual Rytm]
"2023-08-25 - Pan-Pot @ fabric, London","https://www.mixesdb.com/w/2023-08-25_-_Pan-Pot_@_fabric,_London",,11,038,Sam Paganini,The Beat (Aladarus Remix) [JAM],Sam Paganini - The Beat (Aladarus Remix) [JAM]
"2023-08-25 - Pan-Pot @ fabric, London","https://www.mixesdb.com/w/2023-08-25_-_Pan-Pot_@_fabric,_London",,12,041,Mark Broom & DJ Love,Ackney Mate [KD RAW],Mark Broom & DJ Love - Ackney Mate [KD RAW]
"2023-08-25 - Pan-Pot @ fabric, London","https://www.mixesdb.com/w/2023-08-25_-_Pan-Pot_@_fabric,_London",,13,046,Ramon Tapia,Organ Grinder [Tronic],Ramon Tapia - Organ Grinder [Tronic]
"2023-08-25 - Pan-Pot @ fabric, London","https://www.mixesdb.com/w/2023-08-25_-_Pan-Pot_@_fabric,_London",,14,049,Pfirter,Behaviour [Paralelo],Pfirter - Behaviour [Paralelo]
"2023-08-25 - Pan-Pot @ fabric, London","https://www.mixesdb.com/w/2023-08-25_-_Pan-Pot_@_fabric,_London",,15,0??,Tomaz vs Filterheadz,Los Hijos Del Sol (Coyu Remix) [Loopglow],Tomaz vs Filterheadz - Los Hijos Del Sol (Coyu Remix) [Loopglow]
"2023-08-25 - Pan-Pot @ fabric, London","https://www.mixesdb.com/w/2023-08-25_-_Pan-Pot_@_fabric,_London",,16,059,Hertz,Push The Throttle [Suara],Hertz - Push The Throttle [Suara]
"2023-08-25 - Pan-Pot @ fabric, London","https://www.mixesdb.com/w/2023-08-25_-_Pan-Pot_@_fabric,_London",,17,063,Rifts,Sharp Lank (Hedgehog Mix) [Spandau20],Rifts - Sharp Lank (Hedgehog Mix) [Spandau20]
"2023-08-25 - Pan-Pot @ fabric, London","https://www.mixesdb.com/w/2023-08-25_-_Pan-Pot_@_fabric,_London",,18,067,Adam Beyer,No Hate [Drumcode],Adam Beyer - No Hate [Drumcode]
"2023-08-25 - Pan-Pot @ fabric, London","https://www.mixesdb.com/w/2023-08-25_-_Pan-Pot_@_fabric,_London",,19,071,Pig&Dan,For The Music [Elevate],Pig&Dan - For The Music [Elevate]
"2023-08-25 - Pan-Pot @ fabric, London","https://www.mixesdb.com/w/2023-08-25_-_Pan-Pot_@_fabric,_London",,20,075,Manuel Di Martino,G1.0 [Contempo],Manuel Di Martino - G1.0 [Contempo]
"2023-08-25 - Pan-Pot @ fabric, London","https://www.mixesdb.com/w/2023-08-25_-_Pan-Pot_@_fabric,_London",,21,080,Ben Buitendijk,Erosion [Oblique],Ben Buitendijk - Erosion [Oblique]
"2023-08-25 - Pan-Pot @ fabric, London","https://www.mixesdb.com/w/2023-08-25_-_Pan-Pot_@_fabric,_London",,22,084,RECYCLE,Recycle #2 (Right Moment) [Planet Rhythm],RECYCLE - Recycle #2 (Right Moment) [Planet Rhythm]
"2023-08-25 - Pan-Pot @ fabric, London","https://www.mixesdb.com/w/2023-08-25_-_Pan-Pot_@_fabric,_London",,23,088,FJAAK,Give It To Me [Fjaak],FJAAK - Give It To Me [Fjaak]
"2023-08-25 - Pan-Pot @ fabric, London","https://www.mixesdb.com/w/2023-08-25_-_Pan-Pot_@_fabric,_London",,24,093,Raho,The Roller [Off],Raho - The Roller [Off]
"2023-08-25 - Pan-Pot @ fabric, London","https://www.mixesdb.com/w/2023-08-25_-_Pan-Pot_@_fabric,_London",,25,097,Len Faki,Astra [Figure],Len Faki - Astra [Figure]
"2023-08-25 - Pan-Pot @ fabric, London","https://www.mixesdb.com/w/2023-08-25_-_Pan-Pot_@_fabric,_London",,26,101,B.D.B,Boss Rhythm [Feel My Bicep],B.D.B - Boss Rhythm [Feel My Bicep]
"2023-08-25 - Pan-Pot @ fabric, London","https://www.mixesdb.com/w/2023-08-25_-_Pan-Pot_@_fabric,_London",,27,106,,?,?
"2023-08-25 - Pan-Pot @ fabric, London","https://www.mixesdb.com/w/2023-08-25_-_Pan-Pot_@_fabric,_London",,28,1??,,?,?
"2023-08-25 - Pan-Pot @ fabric, London","https://www.mixesdb.com/w/2023-08-25_-_Pan-Pot_@_fabric,_London",,29,114,Shabaam & Aladarus,Conquest Of Paradise [Uncage],Shabaam & Aladarus - Conquest Of Paradise [Uncage]
"2023-08-25 - Pan-Pot @ fabric, London","https://www.mixesdb.com/w/2023-08-25_-_Pan-Pot_@_fabric,_London",,30,119,Pan-Pot,Evolution [Second State],Pan-Pot - Evolution [Second State]
"2023-08-25 - Pan-Pot @ fabric, London","https://www.mixesdb.com/w/2023-08-25_-_Pan-Pot_@_fabric,_London",,31,122,Franck,Hear The Sound [R],Franck - Hear The Sound [R]
"2023-08-25 - Pan-Pot @ fabric, London","https://www.mixesdb.com/w/2023-08-25_-_Pan-Pot_@_fabric,_London",,32,1??,Eli Brown,Diamonds On My Mind [Polydor],Eli Brown - Diamonds On My Mind [Polydor]
"2023-08-25 - Pan-Pot @ fabric, London","https://www.mixesdb.com/w/2023-08-25_-_Pan-Pot_@_fabric,_London",,33,131,Charlotte de Witte,Overdrive [KNTXT],Charlotte de Witte - Overdrive [KNTXT]
"2023-08-25 - Pan-Pot @ fabric, London","https://www.mixesdb.com/w/2023-08-25_-_Pan-Pot_@_fabric,_London",,34,136,The Rocketman,Running [3rd Dale Universe],The Rocketman - Running [3rd Dale Universe]
"2023-08-25 - Pan-Pot @ fabric, London","https://www.mixesdb.com/w/2023-08-25_-_Pan-Pot_@_fabric,_London",,35,140,,?,?
"2023-08-25 - Pan-Pot @ fabric, London","https://www.mixesdb.com/w/2023-08-25_-_Pan-Pot_@_fabric,_London",,36,1??,,?,?
"2023-08-25 - Pan-Pot @ fabric, London","https://www.mixesdb.com/w/2023-08-25_-_Pan-Pot_@_fabric,_London",,37,1??,,?,?
"2023-08-25 - Pan-Pot @ fabric, London","https://www.mixesdb.com/w/2023-08-25_-_Pan-Pot_@_fabric,_London",,38,156,Depeche Mode,Ghosts Again (Chris Liebing vs Luke Slater Remix) [Columbia (Sony)],Depeche Mode - Ghosts Again (Chris Liebing vs Luke Slater Remix) [Columbia (Sony)]
"2023-08-25 - Pan-Pot @ fabric, London","https://www.mixesdb.com/w/2023-08-25_-_Pan-Pot_@_fabric,_London",,39,161,Vinicius Honorio,Conspiracy [Ear To Ground],Vinicius Honorio - Conspiracy [Ear To Ground]
"2023-08-25 - Pan-Pot @ fabric, London","https://www.mixesdb.com/w/2023-08-25_-_Pan-Pot_@_fabric,_London",,40,166,Planetary Assault Systems,Screen (2018 Re-Edit) [Mote-Evolver],Planetary Assault Systems - Screen (2018 Re-Edit) [Mote-Evolver]
"2023-08-25 - Pan-Pot @ fabric, London","https://www.mixesdb.com/w/2023-08-25_-_Pan-Pot_@_fabric,_London",,41,169,Mark Reeve,Don't Stop [Subvision],Mark Reeve - Don't Stop [Subvision]
"2023-08-25 - Pan-Pot @ fabric, London","https://www.mixesdb.com/w/2023-08-25_-_Pan-Pot_@_fabric,_London",,42,172,Onyvaa,Don't Ever Stop [KNTXT],Onyvaa - Don't Ever Stop [KNTXT]
"2023-08-25 - Pan-Pot @ fabric, London","https://www.mixesdb.com/w/2023-08-25_-_Pan-Pot_@_fabric,_London",,43,176,Jay Lumen,The Lost City [Footwork],Jay Lumen - The Lost City [Footwork]
2010-06-10 - Pan-Pot - Sonar By Day 2010 Mix (Mobilee Podcast 16),https://www.mixesdb.com/w/2010-06-10_-_Pan-Pot_-_Sonar_By_Day_2010_Mix_(Mobilee_Podcast_16),,1,,Pupkulies & Rebecca,Burning Boats (Masomenos Remix) [Rotary Cocktail],Pupkulies & Rebecca - Burning Boats (Masomenos Remix) [Rotary Cocktail]
2010-06-10 - Pan-Pot - Sonar By Day 2010 Mix (Mobilee Podcast 16),https://www.mixesdb.com/w/2010-06-10_-_Pan-Pot_-_Sonar_By_Day_2010_Mix_(Mobilee_Podcast_16),,2,,Dapayk,Sugar (Pan-Pot Remix) [Mo's Ferry],Dapayk - Sugar (Pan-Pot Remix) [Mo's Ferry]
2010-06-10 - Pan-Pot - Sonar By Day 2010 Mix (Mobilee Podcast 16),https://www.mixesdb.com/w/2010-06-10_-_Pan-Pot_-_Sonar_By_Day_2010_Mix_(Mobilee_Podcast_16),,3,,Son Of Raw,A Black Man In Space [Objectivity],Son Of Raw - A Black Man In Space [Objectivity]
2010-06-10 - Pan-Pot - Sonar By Day 2010 Mix (Mobilee Podcast 16),https://www.mixesdb.com/w/2010-06-10_-_Pan-Pot_-_Sonar_By_Day_2010_Mix_(Mobilee_Podcast_16),,4,,Sebrok & Tassilo,Who Stole The Soul [Paso],Sebrok & Tassilo - Who Stole The Soul [Paso]
2010-06-10 - Pan-Pot - Sonar By Day 2010 Mix (Mobilee Podcast 16),https://www.mixesdb.com/w/2010-06-10_-_Pan-Pot_-_Sonar_By_Day_2010_Mix_(Mobilee_Podcast_16),,5,,Hot Chip,I Feel Better (Florian Meindl Remix) [EMI],Hot Chip - I Feel Better (Florian Meindl Remix) [EMI]
2010-06-10 - Pan-Pot - Sonar By Day 2010 Mix (Mobilee Podcast 16),https://www.mixesdb.com/w/2010-06-10_-_Pan-Pot_-_Sonar_By_Day_2010_Mix_(Mobilee_Podcast_16),,6,,Neuroxyde & Doomwork,Time (Karotte Remix) [LoveCycle],Neuroxyde & Doomwork - Time (Karotte Remix) [LoveCycle]
2010-06-10 - Pan-Pot - Sonar By Day 2010 Mix (Mobilee Podcast 16),https://www.mixesdb.com/w/2010-06-10_-_Pan-Pot_-_Sonar_By_Day_2010_Mix_(Mobilee_Podcast_16),,7,,Harry Romero,Phuture (Joris Voorn Remix) [Ovum],Harry Romero - Phuture (Joris Voorn Remix) [Ovum]
2010-06-10 - Pan-Pot - Sonar By Day 2010 Mix (Mobilee Podcast 16),https://www.mixesdb.com/w/2010-06-10_-_Pan-Pot_-_Sonar_By_Day_2010_Mix_(Mobilee_Podcast_16),,8,,Francesco Del Garda & Alessandro Gaia,Move Your Body [Oslo],Francesco Del Garda & Alessandro Gaia - Move Your Body [Oslo]
2010-06-10 - Pan-Pot - Sonar By Day 2010 Mix (Mobilee Podcast 16),https://www.mixesdb.com/w/2010-06-10_-_Pan-Pot_-_Sonar_By_Day_2010_Mix_(Mobilee_Podcast_16),,9,,Lusine,Two Dots (Nic Fanciulli Remix) [Saved],Lusine - Two Dots (Nic Fanciulli Remix) [Saved]
2010-06-10 - Pan-Pot - Sonar By Day 2010 Mix (Mobilee Podcast 16),https://www.mixesdb.com/w/2010-06-10_-_Pan-Pot_-_Sonar_By_Day_2010_Mix_(Mobilee_Podcast_16),,10,,Sebrok & Tassilo,Feel It [Paso],Sebrok & Tassilo - Feel It [Paso]
2010-06-10 - Pan-Pot - Sonar By Day 2010 Mix (Mobilee Podcast 16),https://www.mixesdb.com/w/2010-06-10_-_Pan-Pot_-_Sonar_By_Day_2010_Mix_(Mobilee_Podcast_16),,11,,Arado & Den Isho,Preacher Man [Area Remote],Arado & Den Isho - Preacher Man [Area Remote]
2010-06-10 - Pan-Pot - Sonar By Day 2010 Mix (Mobilee Podcast 16),https://www.mixesdb.com/w/2010-06-10_-_Pan-Pot_-_Sonar_By_Day_2010_Mix_(Mobilee_Podcast_16),,12,,Omar S,Feeling You (Henrik Schwarz Remix) [Peppermint Jam],Omar S - Feeling You (Henrik Schwarz Remix) [Peppermint Jam]
"2023-08-16 - Pan-Pot @ Exhale x DC10, DC10, Ibiza (Exhale Radio 094)","https://www.mixesdb.com/w/2023-08-16_-_Pan-Pot_@_Exhale_x_DC10,_DC10,_Ibiza_(Exhale_Radio_094)",,1,00,Pan-Pot,Arc [Second State],Pan-Pot - Arc [Second State]
"2023-08-16 - Pan-Pot @ Exhale x DC10, DC10, Ibiza (Exhale Radio 094)","https://www.mixesdb.com/w/2023-08-16_-_Pan-Pot_@_Exhale_x_DC10,_DC10,_Ibiza_(Exhale_Radio_094)",,2,06,Shabaam & Aladarus,Conquest Of Paradise [Uncage],Shabaam & Aladarus - Conquest Of Paradise [Uncage]
"2023-08-16 - Pan-Pot @ Exhale x DC10, DC10, Ibiza (Exhale Radio 094)","https://www.mixesdb.com/w/2023-08-16_-_Pan-Pot_@_Exhale_x_DC10,_DC10,_Ibiza_(Exhale_Radio_094)",,3,10,DEAS,Praxis [Baumuzik],DEAS - Praxis [Baumuzik]
"2023-08-16 - Pan-Pot @ Exhale x DC10, DC10, Ibiza (Exhale Radio 094)","https://www.mixesdb.com/w/2023-08-16_-_Pan-Pot_@_Exhale_x_DC10,_DC10,_Ibiza_(Exhale_Radio_094)",,4,12,DJ Dextro,Touch Me [Uncage],DJ Dextro - Touch Me [Uncage]
"2023-08-16 - Pan-Pot @ Exhale x DC10, DC10, Ibiza (Exhale Radio 094)","https://www.mixesdb.com/w/2023-08-16_-_Pan-Pot_@_Exhale_x_DC10,_DC10,_Ibiza_(Exhale_Radio_094)",,5,16,Cherry Moon Trax,The House Of House (Thomas Schumacher Remix) [Electric Ballroom],Cherry Moon Trax - The House Of House (Thomas Schumacher Remix) [Electric Ballroom]
"2023-08-16 - Pan-Pot @ Exhale x DC10, DC10, Ibiza (Exhale Radio 094)","https://www.mixesdb.com/w/2023-08-16_-_Pan-Pot_@_Exhale_x_DC10,_DC10,_Ibiza_(Exhale_Radio_094)",,6,20,Marck D,Shake It [Uncage],Marck D - Shake It [Uncage]
"2023-08-16 - Pan-Pot @ Exhale x DC10, DC10, Ibiza (Exhale Radio 094)","https://www.mixesdb.com/w/2023-08-16_-_Pan-Pot_@_Exhale_x_DC10,_DC10,_Ibiza_(Exhale_Radio_094)",,7,23,Pablo Say,Come With Me [Unrilis],Pablo Say - Come With Me [Unrilis]
"2023-08-16 - Pan-Pot @ Exhale x DC10, DC10, Ibiza (Exhale Radio 094)","https://www.mixesdb.com/w/2023-08-16_-_Pan-Pot_@_Exhale_x_DC10,_DC10,_Ibiza_(Exhale_Radio_094)",,8,28,SHDW & Obscure Shape,Eraser [Mutual Rytm],SHDW & Obscure Shape - Eraser [Mutual Rytm]
"2023-08-16 - Pan-Pot @ Exhale x DC10, DC10, Ibiza (Exhale Radio 094)","https://www.mixesdb.com/w/2023-08-16_-_Pan-Pot_@_Exhale_x_DC10,_DC10,_Ibiza_(Exhale_Radio_094)",,9,32,Manuel Di Martino,G1.0 [Contempo],Manuel Di Martino - G1.0 [Contempo]
"2023-08-16 - Pan-Pot @ Exhale x DC10, DC10, Ibiza (Exhale Radio 094)","https://www.mixesdb.com/w/2023-08-16_-_Pan-Pot_@_Exhale_x_DC10,_DC10,_Ibiza_(Exhale_Radio_094)",,10,34,FJAAK,Give It To Me [Fjaak],FJAAK - Give It To Me [Fjaak]
"2023-08-16 - Pan-Pot @ Exhale x DC10, DC10, Ibiza (Exhale Radio 094)","https://www.mixesdb.com/w/2023-08-16_-_Pan-Pot_@_Exhale_x_DC10,_DC10,_Ibiza_(Exhale_Radio_094)",,11,39,Amazingblaze,On The Grind [KNTXT],Amazingblaze - On The Grind [KNTXT]
"2023-08-16 - Pan-Pot @ Exhale x DC10, DC10, Ibiza (Exhale Radio 094)","https://www.mixesdb.com/w/2023-08-16_-_Pan-Pot_@_Exhale_x_DC10,_DC10,_Ibiza_(Exhale_Radio_094)",,12,43,Members Of Mayday,The Mayday Anthem (Thomas Schumacher Remix) [Electric Ballroom],Members Of Mayday - The Mayday Anthem (Thomas Schumacher Remix) [Electric Ballroom]
"2023-08-16 - Pan-Pot @ Exhale x DC10, DC10, Ibiza (Exhale Radio 094)","https://www.mixesdb.com/w/2023-08-16_-_Pan-Pot_@_Exhale_x_DC10,_DC10,_Ibiza_(Exhale_Radio_094)",,13,48,Spartaque,Resist [Factory 93],Spartaque - Resist [Factory 93]
"2023-08-16 - Pan-Pot @ Exhale x DC10, DC10, Ibiza (Exhale Radio 094)","https://www.mixesdb.com/w/2023-08-16_-_Pan-Pot_@_Exhale_x_DC10,_DC10,_Ibiza_(Exhale_Radio_094)",,14,50,Rifts,Sharp Lank (Hedgehog Mix) [Spandau20],Rifts - Sharp Lank (Hedgehog Mix) [Spandau20]
"2023-08-16 - Pan-Pot @ Exhale x DC10, DC10, Ibiza (Exhale Radio 094)","https://www.mixesdb.com/w/2023-08-16_-_Pan-Pot_@_Exhale_x_DC10,_DC10,_Ibiza_(Exhale_Radio_094)",,15,55,Eli Brown,Diamonds On My Mind [Polydor],Eli Brown - Diamonds On My Mind [Polydor]
"2023-08-16 - Pan-Pot @ Exhale x DC10, DC10, Ibiza (Exhale Radio 094)","https://www.mixesdb.com/w/2023-08-16_-_Pan-Pot_@_Exhale_x_DC10,_DC10,_Ibiza_(Exhale_Radio_094)",,16,59,Coyu,Snow In Ipanema [Suara],Coyu - Snow In Ipanema [Suara]
"2023-08-16 - Pan-Pot @ Exhale x DC10, DC10, Ibiza (Exhale Radio 094)","https://www.mixesdb.com/w/2023-08-16_-_Pan-Pot_@_Exhale_x_DC10,_DC10,_Ibiza_(Exhale_Radio_094)",,17,63,Pan-Pot,Coda [Second State],Pan-Pot - Coda [Second State]
"2023-08-16 - Pan-Pot @ Exhale x DC10, DC10, Ibiza (Exhale Radio 094)","https://www.mixesdb.com/w/2023-08-16_-_Pan-Pot_@_Exhale_x_DC10,_DC10,_Ibiza_(Exhale_Radio_094)",,18,67,Charlotte de Witte,Overdrive [KNTXT],Charlotte de Witte - Overdrive [KNTXT]
"2023-08-16 - Pan-Pot @ Exhale x DC10, DC10, Ibiza (Exhale Radio 094)","https://www.mixesdb.com/w/2023-08-16_-_Pan-Pot_@_Exhale_x_DC10,_DC10,_Ibiza_(Exhale_Radio_094)",,19,71,Sam Paganini,Body Ride [Jam],Sam Paganini - Body Ride [Jam]
"2023-08-16 - Pan-Pot @ Exhale x DC10, DC10, Ibiza (Exhale Radio 094)","https://www.mixesdb.com/w/2023-08-16_-_Pan-Pot_@_Exhale_x_DC10,_DC10,_Ibiza_(Exhale_Radio_094)",,20,75,Ascii.Disko,Jawbreaker [Body Function],Ascii.Disko - Jawbreaker [Body Function]
"2023-08-16 - Pan-Pot @ Exhale x DC10, DC10, Ibiza (Exhale Radio 094)","https://www.mixesdb.com/w/2023-08-16_-_Pan-Pot_@_Exhale_x_DC10,_DC10,_Ibiza_(Exhale_Radio_094)",,21,79,,?,?
"2023-08-16 - Pan-Pot @ Exhale x DC10, DC10, Ibiza (Exhale Radio 094)","https://www.mixesdb.com/w/2023-08-16_-_Pan-Pot_@_Exhale_x_DC10,_DC10,_Ibiza_(Exhale_Radio_094)",,22,85,Capricorn,20Hz (Carl Cox Remix),Capricorn - 20Hz (Carl Cox Remix)
"2019-04-06 - Pan-Pot @ Time Warp 25, Mannheim, Germany","https://www.mixesdb.com/w/2019-04-06_-_Pan-Pot_@_Time_Warp_25,_Mannheim,_Germany",,1,000,Michael Klein,Yuzu [Cocoon - COR12166,Michael Klein - Yuzu [Cocoon - COR12166
"2019-04-06 - Pan-Pot @ Time Warp 25, Mannheim, Germany","https://www.mixesdb.com/w/2019-04-06_-_Pan-Pot_@_Time_Warp_25,_Mannheim,_Germany",,2,008,Julian Jeweil,Mars [Drumcode - DC199],Julian Jeweil - Mars [Drumcode - DC199]
"2019-04-06 - Pan-Pot @ Time Warp 25, Mannheim, Germany","https://www.mixesdb.com/w/2019-04-06_-_Pan-Pot_@_Time_Warp_25,_Mannheim,_Germany",,3,010,Ramon Tapia,Exposure [Gem - GEM063],Ramon Tapia - Exposure [Gem - GEM063]
"2019-04-06 - Pan-Pot @ Time Warp 25, Mannheim, Germany","https://www.mixesdb.com/w/2019-04-06_-_Pan-Pot_@_Time_Warp_25,_Mannheim,_Germany",,4,017,Pig&Dan,Terrax [Drumcode - DC201],Pig&Dan - Terrax [Drumcode - DC201]
"2019-04-06 - Pan-Pot @ Time Warp 25, Mannheim, Germany","https://www.mixesdb.com/w/2019-04-06_-_Pan-Pot_@_Time_Warp_25,_Mannheim,_Germany",,5,021,SRVD,The Yard Man [Rekids - REKIDS134],SRVD - The Yard Man [Rekids - REKIDS134]
"2019-04-06 - Pan-Pot @ Time Warp 25, Mannheim, Germany","https://www.mixesdb.com/w/2019-04-06_-_Pan-Pot_@_Time_Warp_25,_Mannheim,_Germany",,6,026,Gary Beck,Pneuma [Bek - BEK030],Gary Beck - Pneuma [Bek - BEK030]
"2019-04-06 - Pan-Pot @ Time Warp 25, Mannheim, Germany","https://www.mixesdb.com/w/2019-04-06_-_Pan-Pot_@_Time_Warp_25,_Mannheim,_Germany",,7,030,Loco & Jam,Bounce To The Jack [Misfit - MRL020],Loco & Jam - Bounce To The Jack [Misfit - MRL020]
"2019-04-06 - Pan-Pot @ Time Warp 25, Mannheim, Germany","https://www.mixesdb.com/w/2019-04-06_-_Pan-Pot_@_Time_Warp_25,_Mannheim,_Germany",,8,033,Thomas Schumacher,Reversal [Noir - NMW117],Thomas Schumacher - Reversal [Noir - NMW117]
"2019-04-06 - Pan-Pot @ Time Warp 25, Mannheim, Germany","https://www.mixesdb.com/w/2019-04-06_-_Pan-Pot_@_Time_Warp_25,_Mannheim,_Germany",,9,038,Robert S (PT),Morfologia [Octopus - OCT151],Robert S (PT) - Morfologia [Octopus - OCT151]
"2019-04-06 - Pan-Pot @ Time Warp 25, Mannheim, Germany","https://www.mixesdb.com/w/2019-04-06_-_Pan-Pot_@_Time_Warp_25,_Mannheim,_Germany",,10,047,Gary Beck,Playtime [Circus - CIRCUS097B],Gary Beck - Playtime [Circus - CIRCUS097B]
"2019-04-06 - Pan-Pot @ Time Warp 25, Mannheim, Germany","https://www.mixesdb.com/w/2019-04-06_-_Pan-Pot_@_Time_Warp_25,_Mannheim,_Germany",,11,051,Andre Crom,Surge [Off - OFF192],Andre Crom - Surge [Off - OFF192]
"2019-04-06 - Pan-Pot @ Time Warp 25, Mannheim, Germany","https://www.mixesdb.com/w/2019-04-06_-_Pan-Pot_@_Time_Warp_25,_Mannheim,_Germany",,12,056,Giovanni Carozza,Thermal Inertia [Codex - CODEX021],Giovanni Carozza - Thermal Inertia [Codex - CODEX021]
"2019-04-06 - Pan-Pot @ Time Warp 25, Mannheim, Germany","https://www.mixesdb.com/w/2019-04-06_-_Pan-Pot_@_Time_Warp_25,_Mannheim,_Germany",,13,061,Pig&Dan,Plex [Drumcode - DC201],Pig&Dan - Plex [Drumcode - DC201]
"2019-04-06 - Pan-Pot @ Time Warp 25, Mannheim, Germany","https://www.mixesdb.com/w/2019-04-06_-_Pan-Pot_@_Time_Warp_25,_Mannheim,_Germany",,14,066,Adam Beyer,Teach Me (Amelie Lens Main Mix) [Drumcode - DC200],Adam Beyer - Teach Me (Amelie Lens Main Mix) [Drumcode - DC200]
"2019-04-06 - Pan-Pot @ Time Warp 25, Mannheim, Germany","https://www.mixesdb.com/w/2019-04-06_-_Pan-Pot_@_Time_Warp_25,_Mannheim,_Germany",,15,070,Industrialyzer,Pulse (Second State - SNDST064],Industrialyzer - Pulse (Second State - SNDST064]
"2019-04-06 - Pan-Pot @ Time Warp 25, Mannheim, Germany","https://www.mixesdb.com/w/2019-04-06_-_Pan-Pot_@_Time_Warp_25,_Mannheim,_Germany",,16,074,Amelie Lens,Hypnotized (Joyhauser Remix) [Second State - SNDST063],Amelie Lens - Hypnotized (Joyhauser Remix) [Second State - SNDST063]
"2019-04-06 - Pan-Pot @ Time Warp 25, Mannheim, Germany","https://www.mixesdb.com/w/2019-04-06_-_Pan-Pot_@_Time_Warp_25,_Mannheim,_Germany",,17,080,Gary Beck,Gaada Stack [Bek - BEK024],Gary Beck - Gaada Stack [Bek - BEK024]
"2019-04-06 - Pan-Pot @ Time Warp 25, Mannheim, Germany","https://www.mixesdb.com/w/2019-04-06_-_Pan-Pot_@_Time_Warp_25,_Mannheim,_Germany",,18,084,Pan-Pot,Funke [Second State Audio - SNDST045],Pan-Pot - Funke [Second State Audio - SNDST045]
"2019-04-06 - Pan-Pot @ Time Warp 25, Mannheim, Germany","https://www.mixesdb.com/w/2019-04-06_-_Pan-Pot_@_Time_Warp_25,_Mannheim,_Germany",,19,089,Wehbba,Another Mistake [Drumcode - DC202],Wehbba - Another Mistake [Drumcode - DC202]
"2019-04-06 - Pan-Pot @ Time Warp 25, Mannheim, Germany","https://www.mixesdb.com/w/2019-04-06_-_Pan-Pot_@_Time_Warp_25,_Mannheim,_Germany",,20,094,Giovanni Carozza,Old Contact [Bitten - BITT135],Giovanni Carozza - Old Contact [Bitten - BITT135]
"2019-04-06 - Pan-Pot @ Time Warp 25, Mannheim, Germany","https://www.mixesdb.com/w/2019-04-06_-_Pan-Pot_@_Time_Warp_25,_Mannheim,_Germany",,21,097,Sara Simonit,Space Division [Tronic - TR313],Sara Simonit - Space Division [Tronic - TR313]
"2019-04-06 - Pan-Pot @ Time Warp 25, Mannheim, Germany","https://www.mixesdb.com/w/2019-04-06_-_Pan-Pot_@_Time_Warp_25,_Mannheim,_Germany",,22,103,Renato Cohen,90's Heat (Agent Orange Remix) [Drask - DRASK002],Renato Cohen - 90's Heat (Agent Orange Remix) [Drask - DRASK002]
"2019-04-06 - Pan-Pot @ Time Warp 25, Mannheim, Germany","https://www.mixesdb.com/w/2019-04-06_-_Pan-Pot_@_Time_Warp_25,_Mannheim,_Germany",,23,107,Uncertain,Transition (David Temessi Remix) [Off - OFF190],Uncertain - Transition (David Temessi Remix) [Off - OFF190]
"2019-04-06 - Pan-Pot @ Time Warp 25, Mannheim, Germany","https://www.mixesdb.com/w/2019-04-06_-_Pan-Pot_@_Time_Warp_25,_Mannheim,_Germany",,24,112,Coyu,Running In Circles (Coyu Raw Mix) [Suara - SUARA339],Coyu - Running In Circles (Coyu Raw Mix) [Suara - SUARA339]
"2019-04-06 - Pan-Pot @ Time Warp 25, Mannheim, Germany","https://www.mixesdb.com/w/2019-04-06_-_Pan-Pot_@_Time_Warp_25,_Mannheim,_Germany",,25,116,The Prodigy,Breathe [XL - CD190X],The Prodigy - Breathe [XL - CD190X]
2020-03-27 - Pan-Pot - Berlin Studio Broadcast,https://www.mixesdb.com/w/2020-03-27_-_Pan-Pot_-_Berlin_Studio_Broadcast,,1,000,Henrik Schwarz,Come Together [Innervisions - IV92],Henrik Schwarz - Come Together [Innervisions - IV92]
2020-03-27 - Pan-Pot - Berlin Studio Broadcast,https://www.mixesdb.com/w/2020-03-27_-_Pan-Pot_-_Berlin_Studio_Broadcast,,2,008,Scuba,Suction Reduction [Hotflush - HF054],Scuba - Suction Reduction [Hotflush - HF054]
2020-03-27 - Pan-Pot - Berlin Studio Broadcast,https://www.mixesdb.com/w/2020-03-27_-_Pan-Pot_-_Berlin_Studio_Broadcast,,3,014,Nyra,Lindan's Groove [Be As One - BAO023],Nyra - Lindan's Groove [Be As One - BAO023]
2020-03-27 - Pan-Pot - Berlin Studio Broadcast,https://www.mixesdb.com/w/2020-03-27_-_Pan-Pot_-_Berlin_Studio_Broadcast,,4,020,Ejeca,Say Nothing [Kneaded Pains - KP059],Ejeca - Say Nothing [Kneaded Pains - KP059]
2020-03-27 - Pan-Pot - Berlin Studio Broadcast,https://www.mixesdb.com/w/2020-03-27_-_Pan-Pot_-_Berlin_Studio_Broadcast,,5,025,,?,?
2020-03-27 - Pan-Pot - Berlin Studio Broadcast,https://www.mixesdb.com/w/2020-03-27_-_Pan-Pot_-_Berlin_Studio_Broadcast,,6,029,,?,?
2020-03-27 - Pan-Pot - Berlin Studio Broadcast,https://www.mixesdb.com/w/2020-03-27_-_Pan-Pot_-_Berlin_Studio_Broadcast,,7,033,Bastinov,All Through The Night [Etruria Beat - ETB058],Bastinov - All Through The Night [Etruria Beat - ETB058]
2020-03-27 - Pan-Pot - Berlin Studio Broadcast,https://www.mixesdb.com/w/2020-03-27_-_Pan-Pot_-_Berlin_Studio_Broadcast,,8,038,Florian Meindl,Jupiter Earth (2020 Edit) [FLASH - FLASH234],Florian Meindl - Jupiter Earth (2020 Edit) [FLASH - FLASH234]
2020-03-27 - Pan-Pot - Berlin Studio Broadcast,https://www.mixesdb.com/w/2020-03-27_-_Pan-Pot_-_Berlin_Studio_Broadcast,,9,043,,?,?
2020-03-27 - Pan-Pot - Berlin Studio Broadcast,https://www.mixesdb.com/w/2020-03-27_-_Pan-Pot_-_Berlin_Studio_Broadcast,,10,046,,?,?
2020-03-27 - Pan-Pot - Berlin Studio Broadcast,https://www.mixesdb.com/w/2020-03-27_-_Pan-Pot_-_Berlin_Studio_Broadcast,,11,051,FBK,I'll Sit Back (Len Faki Hardspace Mix) [Rekids - REKIDS151],FBK - I'll Sit Back (Len Faki Hardspace Mix) [Rekids - REKIDS151]
2020-03-27 - Pan-Pot - Berlin Studio Broadcast,https://www.mixesdb.com/w/2020-03-27_-_Pan-Pot_-_Berlin_Studio_Broadcast,,12,055,,?,?
2020-03-27 - Pan-Pot - Berlin Studio Broadcast,https://www.mixesdb.com/w/2020-03-27_-_Pan-Pot_-_Berlin_Studio_Broadcast,,13,059,,?,?
2020-03-27 - Pan-Pot - Berlin Studio Broadcast,https://www.mixesdb.com/w/2020-03-27_-_Pan-Pot_-_Berlin_Studio_Broadcast,,14,062,Omis (Italy),To The Beat [AnalyticTrail - ANT107],Omis (Italy) - To The Beat [AnalyticTrail - ANT107]
2020-03-27 - Pan-Pot - Berlin Studio Broadcast,https://www.mixesdb.com/w/2020-03-27_-_Pan-Pot_-_Berlin_Studio_Broadcast,,15,068,Keith Carnal,Sawmill [Arts - ARTSCORE003],Keith Carnal - Sawmill [Arts - ARTSCORE003]
2020-03-27 - Pan-Pot - Berlin Studio Broadcast,https://www.mixesdb.com/w/2020-03-27_-_Pan-Pot_-_Berlin_Studio_Broadcast,,16,073,T78,Gwildor [Avenue - AVND303],T78 - Gwildor [Avenue - AVND303]
2020-03-27 - Pan-Pot - Berlin Studio Broadcast,https://www.mixesdb.com/w/2020-03-27_-_Pan-Pot_-_Berlin_Studio_Broadcast,,17,077,Unbalance,Seven Hour War [Overbalance - OVB03],Unbalance - Seven Hour War [Overbalance - OVB03]
2020-03-27 - Pan-Pot - Berlin Studio Broadcast,https://www.mixesdb.com/w/2020-03-27_-_Pan-Pot_-_Berlin_Studio_Broadcast,,18,082,,?,?
2020-03-27 - Pan-Pot - Berlin Studio Broadcast,https://www.mixesdb.com/w/2020-03-27_-_Pan-Pot_-_Berlin_Studio_Broadcast,,19,086,Rustal,Overshadow [Gynoid - GYNOIDD190],Rustal - Overshadow [Gynoid - GYNOIDD190]
2020-03-27 - Pan-Pot - Berlin Studio Broadcast,https://www.mixesdb.com/w/2020-03-27_-_Pan-Pot_-_Berlin_Studio_Broadcast,,20,090,SHDDR,Hidden Stars [Prospect - PSR107],SHDDR - Hidden Stars [Prospect - PSR107]
2020-03-27 - Pan-Pot - Berlin Studio Broadcast,https://www.mixesdb.com/w/2020-03-27_-_Pan-Pot_-_Berlin_Studio_Broadcast,,21,094,Radio Slave,Command Z [Rekids - RSPX20],Radio Slave - Command Z [Rekids - RSPX20]
2020-03-27 - Pan-Pot - Berlin Studio Broadcast,https://www.mixesdb.com/w/2020-03-27_-_Pan-Pot_-_Berlin_Studio_Broadcast,,22,103,Alignment,Time [KNTXT - KNTXT005],Alignment - Time [KNTXT - KNTXT005]
2020-03-27 - Pan-Pot - Berlin Studio Broadcast,https://www.mixesdb.com/w/2020-03-27_-_Pan-Pot_-_Berlin_Studio_Broadcast,,23,107,Ejeca,Another Love (TWR72 Remix) [Kneaded Pains - KP059],Ejeca - Another Love (TWR72 Remix) [Kneaded Pains - KP059]
2020-03-27 - Pan-Pot - Berlin Studio Broadcast,https://www.mixesdb.com/w/2020-03-27_-_Pan-Pot_-_Berlin_Studio_Broadcast,,24,112,SHDDR,Planet 46 [Prospect - PSR107],SHDDR - Planet 46 [Prospect - PSR107]
2020-03-27 - Pan-Pot - Berlin Studio Broadcast,https://www.mixesdb.com/w/2020-03-27_-_Pan-Pot_-_Berlin_Studio_Broadcast,,25,116,,?,?
2020-03-27 - Pan-Pot - Berlin Studio Broadcast,https://www.mixesdb.com/w/2020-03-27_-_Pan-Pot_-_Berlin_Studio_Broadcast,,26,122,,?,?
2020-03-27 - Pan-Pot - Berlin Studio Broadcast,https://www.mixesdb.com/w/2020-03-27_-_Pan-Pot_-_Berlin_Studio_Broadcast,,27,127,SHDDR,Nebulae [Prospect - PSR107],SHDDR - Nebulae [Prospect - PSR107]
2020-03-27 - Pan-Pot - Berlin Studio Broadcast,https://www.mixesdb.com/w/2020-03-27_-_Pan-Pot_-_Berlin_Studio_Broadcast,,28,132,,?,?
2020-03-27 - Pan-Pot - Berlin Studio Broadcast,https://www.mixesdb.com/w/2020-03-27_-_Pan-Pot_-_Berlin_Studio_Broadcast,,29,135,David Löhlein,Exo [Gynoid - GYNOIDD180],David Löhlein - Exo [Gynoid - GYNOIDD180]
2020-03-27 - Pan-Pot - Berlin Studio Broadcast,https://www.mixesdb.com/w/2020-03-27_-_Pan-Pot_-_Berlin_Studio_Broadcast,,30,141,,?,?
2020-03-27 - Pan-Pot - Berlin Studio Broadcast,https://www.mixesdb.com/w/2020-03-27_-_Pan-Pot_-_Berlin_Studio_Broadcast,,31,147,Radio Slave,Command X [Rekids - RSPX20],Radio Slave - Command X [Rekids - RSPX20]
2020-03-27 - Pan-Pot - Berlin Studio Broadcast,https://www.mixesdb.com/w/2020-03-27_-_Pan-Pot_-_Berlin_Studio_Broadcast,,32,152,Avgusto,Outer Path [Etruria Beat - ETBCOMP006],Avgusto - Outer Path [Etruria Beat - ETBCOMP006]
2020-03-27 - Pan-Pot - Berlin Studio Broadcast,https://www.mixesdb.com/w/2020-03-27_-_Pan-Pot_-_Berlin_Studio_Broadcast,,33,157,Cleric,Angel Of Death [Clergy - CRG019],Cleric - Angel Of Death [Clergy - CRG019]
2020-03-27 - Pan-Pot - Berlin Studio Broadcast,https://www.mixesdb.com/w/2020-03-27_-_Pan-Pot_-_Berlin_Studio_Broadcast,,34,161,,?,?
2020-03-27 - Pan-Pot - Berlin Studio Broadcast,https://www.mixesdb.com/w/2020-03-27_-_Pan-Pot_-_Berlin_Studio_Broadcast,,35,166,Gary Beck,Crocodile Fears [Bek - BEK039],Gary Beck - Crocodile Fears [Bek - BEK039]
2020-03-27 - Pan-Pot - Berlin Studio Broadcast,https://www.mixesdb.com/w/2020-03-27_-_Pan-Pot_-_Berlin_Studio_Broadcast,,36,170,Aitor Ronda,The Rise Of The Phoenix [ELEVATE - ELV134],Aitor Ronda - The Rise Of The Phoenix [ELEVATE - ELV134]
2020-03-27 - Pan-Pot - Berlin Studio Broadcast,https://www.mixesdb.com/w/2020-03-27_-_Pan-Pot_-_Berlin_Studio_Broadcast,,37,177,Palms Trax,To Paradise [Dekmantel - DKMNTL065D],Palms Trax - To Paradise [Dekmantel - DKMNTL065D]
2022-07-30 - Pan-Pot @ Awakenings Summer Festival 2022,https://www.mixesdb.com/w/2022-07-30_-_Pan-Pot_@_Awakenings_Summer_Festival_2022,,1,00,Joyhauser,Crawler [Terminal M],Joyhauser - Crawler [Terminal M]
2022-07-30 - Pan-Pot @ Awakenings Summer Festival 2022,https://www.mixesdb.com/w/2022-07-30_-_Pan-Pot_@_Awakenings_Summer_Festival_2022,,2,05,Metodi Hristov & Egbert,Connect [Gem],Metodi Hristov & Egbert - Connect [Gem]
2022-07-30 - Pan-Pot @ Awakenings Summer Festival 2022,https://www.mixesdb.com/w/2022-07-30_-_Pan-Pot_@_Awakenings_Summer_Festival_2022,,3,09,Sisko Electrofanatik,Heavy Line [Off],Sisko Electrofanatik - Heavy Line [Off]
2022-07-30 - Pan-Pot @ Awakenings Summer Festival 2022,https://www.mixesdb.com/w/2022-07-30_-_Pan-Pot_@_Awakenings_Summer_Festival_2022,,4,12,Truncate,User 7 (Drumcell Remix) [CLR],Truncate - User 7 (Drumcell Remix) [CLR]
2022-07-30 - Pan-Pot @ Awakenings Summer Festival 2022,https://www.mixesdb.com/w/2022-07-30_-_Pan-Pot_@_Awakenings_Summer_Festival_2022,,5,15,Thomas Schumacher,No Rules Involved [Electric Ballroom],Thomas Schumacher - No Rules Involved [Electric Ballroom]
2022-07-30 - Pan-Pot @ Awakenings Summer Festival 2022,https://www.mixesdb.com/w/2022-07-30_-_Pan-Pot_@_Awakenings_Summer_Festival_2022,,6,19,Ø [Phase],Intensity Fluctuations (Setaoc Mass Remix) [Modwerks],Ø [Phase] - Intensity Fluctuations (Setaoc Mass Remix) [Modwerks]
2022-07-30 - Pan-Pot @ Awakenings Summer Festival 2022,https://www.mixesdb.com/w/2022-07-30_-_Pan-Pot_@_Awakenings_Summer_Festival_2022,,7,22,RSRRCT,Spaced [Set About],RSRRCT - Spaced [Set About]
2022-07-30 - Pan-Pot @ Awakenings Summer Festival 2022,https://www.mixesdb.com/w/2022-07-30_-_Pan-Pot_@_Awakenings_Summer_Festival_2022,,8,25,Joey Beltram,The Scorpion [Drumcode],Joey Beltram - The Scorpion [Drumcode]
2022-07-30 - Pan-Pot @ Awakenings Summer Festival 2022,https://www.mixesdb.com/w/2022-07-30_-_Pan-Pot_@_Awakenings_Summer_Festival_2022,,9,30,Broken Robot,Anatis [Prospect],Broken Robot - Anatis [Prospect]
2022-07-30 - Pan-Pot @ Awakenings Summer Festival 2022,https://www.mixesdb.com/w/2022-07-30_-_Pan-Pot_@_Awakenings_Summer_Festival_2022,,10,33,Raito,Rave 92 [Boysnoize],Raito - Rave 92 [Boysnoize]
2022-07-30 - Pan-Pot @ Awakenings Summer Festival 2022,https://www.mixesdb.com/w/2022-07-30_-_Pan-Pot_@_Awakenings_Summer_Festival_2022,,11,37,Andres Campo & Ramiro Lopez,Homework [Odd],Andres Campo & Ramiro Lopez - Homework [Odd]
2022-07-30 - Pan-Pot @ Awakenings Summer Festival 2022,https://www.mixesdb.com/w/2022-07-30_-_Pan-Pot_@_Awakenings_Summer_Festival_2022,,12,41,Orbital,Belfast (ANNA Remix),Orbital - Belfast (ANNA Remix)
2022-07-30 - Pan-Pot @ Awakenings Summer Festival 2022,https://www.mixesdb.com/w/2022-07-30_-_Pan-Pot_@_Awakenings_Summer_Festival_2022,,13,44,Alan Fitzpatrick,Stronger [Factory 93],Alan Fitzpatrick - Stronger [Factory 93]
2022-07-30 - Pan-Pot @ Awakenings Summer Festival 2022,https://www.mixesdb.com/w/2022-07-30_-_Pan-Pot_@_Awakenings_Summer_Festival_2022,,14,48,Pfirter,Convergence (Nørbak Remix) [Mindtrip],Pfirter - Convergence (Nørbak Remix) [Mindtrip]
2022-07-30 - Pan-Pot @ Awakenings Summer Festival 2022,https://www.mixesdb.com/w/2022-07-30_-_Pan-Pot_@_Awakenings_Summer_Festival_2022,,15,53,Gary Burrows,Chunkfunk [Off],Gary Burrows - Chunkfunk [Off]
2022-07-30 - Pan-Pot @ Awakenings Summer Festival 2022,https://www.mixesdb.com/w/2022-07-30_-_Pan-Pot_@_Awakenings_Summer_Festival_2022,,16,56,FJAAK,District 8 [Fjaak],FJAAK - District 8 [Fjaak]
2022-07-30 - Pan-Pot @ Awakenings Summer Festival 2022,https://www.mixesdb.com/w/2022-07-30_-_Pan-Pot_@_Awakenings_Summer_Festival_2022,,17,60,Frankyeffe,Trust Me [Riot (It)],Frankyeffe - Trust Me [Riot (It)]
2022-07-30 - Pan-Pot @ Awakenings Summer Festival 2022,https://www.mixesdb.com/w/2022-07-30_-_Pan-Pot_@_Awakenings_Summer_Festival_2022,,18,63,Sam Paganini Feat. ZOË,Flash (Marco Faraone Remix) [Jam],Sam Paganini Feat. ZOË - Flash (Marco Faraone Remix) [Jam]
2022-07-30 - Pan-Pot @ Awakenings Summer Festival 2022,https://www.mixesdb.com/w/2022-07-30_-_Pan-Pot_@_Awakenings_Summer_Festival_2022,,19,68,Extrawelt,Jetzt Neu: Alles Wie Früher (KMYLE Remix) [Break New Soil],Extrawelt - Jetzt Neu: Alles Wie Früher (KMYLE Remix) [Break New Soil]
2022-07-30 - Pan-Pot @ Awakenings Summer Festival 2022,https://www.mixesdb.com/w/2022-07-30_-_Pan-Pot_@_Awakenings_Summer_Festival_2022,,20,73,Eli Brown,Welcome To My House [Trick],Eli Brown - Welcome To My House [Trick]
2022-07-30 - Pan-Pot @ Awakenings Summer Festival 2022,https://www.mixesdb.com/w/2022-07-30_-_Pan-Pot_@_Awakenings_Summer_Festival_2022,,21,77,Andres Campo & Ramiro Lopez,Recycle [Odd],Andres Campo & Ramiro Lopez - Recycle [Odd]
2022-07-30 - Pan-Pot @ Awakenings Summer Festival 2022,https://www.mixesdb.com/w/2022-07-30_-_Pan-Pot_@_Awakenings_Summer_Festival_2022,,22,81,Andres Campo,Slam [Ei8ht],Andres Campo - Slam [Ei8ht]
2022-07-30 - Pan-Pot @ Awakenings Summer Festival 2022,https://www.mixesdb.com/w/2022-07-30_-_Pan-Pot_@_Awakenings_Summer_Festival_2022,,23,86,Luciid,We Hold No Love [Kneaded Pains],Luciid - We Hold No Love [Kneaded Pains]
2022-07-30 - Pan-Pot @ Awakenings Summer Festival 2022,https://www.mixesdb.com/w/2022-07-30_-_Pan-Pot_@_Awakenings_Summer_Festival_2022,,24,90,Giacomo Renzi,Follow [Jam],Giacomo Renzi - Follow [Jam]
2022-07-30 - Pan-Pot @ Awakenings Summer Festival 2022,https://www.mixesdb.com/w/2022-07-30_-_Pan-Pot_@_Awakenings_Summer_Festival_2022,,25,94,DJ Assassin,A Face In The Crowd (Intellidred Mix) [Section],DJ Assassin - A Face In The Crowd (Intellidred Mix) [Section]
2022-07-30 - Pan-Pot @ Awakenings Summer Festival 2022,https://www.mixesdb.com/w/2022-07-30_-_Pan-Pot_@_Awakenings_Summer_Festival_2022,,26,98,M.I.T.A.,A Soul From Chicago [Tronic],M.I.T.A. - A Soul From Chicago [Tronic]
2022-07-30 - Pan-Pot @ Awakenings Summer Festival 2022,https://www.mixesdb.com/w/2022-07-30_-_Pan-Pot_@_Awakenings_Summer_Festival_2022,,27,??,DJ Boring,Another Day,DJ Boring - Another Day
"2022-07-03 - Pan-Pot @ Fusion Festival, Germany","https://www.mixesdb.com/w/2022-07-03_-_Pan-Pot_@_Fusion_Festival,_Germany",,1,000,Loco & Jam,We Transform [Octopus],Loco & Jam - We Transform [Octopus]
"2022-07-03 - Pan-Pot @ Fusion Festival, Germany","https://www.mixesdb.com/w/2022-07-03_-_Pan-Pot_@_Fusion_Festival,_Germany",,2,005,MEDA,Rescue Me (Johannes Heil Trueschool Rework) [Badam],MEDA - Rescue Me (Johannes Heil Trueschool Rework) [Badam]
"2022-07-03 - Pan-Pot @ Fusion Festival, Germany","https://www.mixesdb.com/w/2022-07-03_-_Pan-Pot_@_Fusion_Festival,_Germany",,3,010,Ango Tamarin,Can You Bang [Toolroom],Ango Tamarin - Can You Bang [Toolroom]
"2022-07-03 - Pan-Pot @ Fusion Festival, Germany","https://www.mixesdb.com/w/2022-07-03_-_Pan-Pot_@_Fusion_Festival,_Germany",,4,014,Exos,Time Of Time [Figure],Exos - Time Of Time [Figure]
"2022-07-03 - Pan-Pot @ Fusion Festival, Germany","https://www.mixesdb.com/w/2022-07-03_-_Pan-Pot_@_Fusion_Festival,_Germany",,5,017,Mario Ochoa,Knock On Wood [Tronic],Mario Ochoa - Knock On Wood [Tronic]
"2022-07-03 - Pan-Pot @ Fusion Festival, Germany","https://www.mixesdb.com/w/2022-07-03_-_Pan-Pot_@_Fusion_Festival,_Germany",,6,021,KiNK,Disco Spectrum [Sofia],KiNK - Disco Spectrum [Sofia]
"2022-07-03 - Pan-Pot @ Fusion Festival, Germany","https://www.mixesdb.com/w/2022-07-03_-_Pan-Pot_@_Fusion_Festival,_Germany",,7,026,Agent Orange DJ,Work That Shhh [Tronic],Agent Orange DJ - Work That Shhh [Tronic]
"2022-07-03 - Pan-Pot @ Fusion Festival, Germany","https://www.mixesdb.com/w/2022-07-03_-_Pan-Pot_@_Fusion_Festival,_Germany",,8,029,Rohar,Blunder [Suara],Rohar - Blunder [Suara]
"2022-07-03 - Pan-Pot @ Fusion Festival, Germany","https://www.mixesdb.com/w/2022-07-03_-_Pan-Pot_@_Fusion_Festival,_Germany",,9,032,Resonances,The Cruise [Jam],Resonances - The Cruise [Jam]
"2022-07-03 - Pan-Pot @ Fusion Festival, Germany","https://www.mixesdb.com/w/2022-07-03_-_Pan-Pot_@_Fusion_Festival,_Germany",,10,036,Samuel L. Session & Van Czar,The Hymn [MB Elektronics],Samuel L. Session & Van Czar - The Hymn [MB Elektronics]
"2022-07-03 - Pan-Pot @ Fusion Festival, Germany","https://www.mixesdb.com/w/2022-07-03_-_Pan-Pot_@_Fusion_Festival,_Germany",,11,040,Confidential Recipe,BLP1 [Rspx (Rekids)],Confidential Recipe - BLP1 [Rspx (Rekids)]
"2022-07-03 - Pan-Pot @ Fusion Festival, Germany","https://www.mixesdb.com/w/2022-07-03_-_Pan-Pot_@_Fusion_Festival,_Germany",,12,043,Alden Tyrell,Fundamental,Alden Tyrell - Fundamental
"2022-07-03 - Pan-Pot @ Fusion Festival, Germany","https://www.mixesdb.com/w/2022-07-03_-_Pan-Pot_@_Fusion_Festival,_Germany",,13,046,Victor Ruiz,Jurema [Drumcode],Victor Ruiz - Jurema [Drumcode]
"2022-07-03 - Pan-Pot @ Fusion Festival, Germany","https://www.mixesdb.com/w/2022-07-03_-_Pan-Pot_@_Fusion_Festival,_Germany",,14,049,Orbital,Belfast (ANNA Remix),Orbital - Belfast (ANNA Remix)
"2022-07-03 - Pan-Pot @ Fusion Festival, Germany","https://www.mixesdb.com/w/2022-07-03_-_Pan-Pot_@_Fusion_Festival,_Germany",,15,054,Bermio,Nightcrawler [Set About],Bermio - Nightcrawler [Set About]
"2022-07-03 - Pan-Pot @ Fusion Festival, Germany","https://www.mixesdb.com/w/2022-07-03_-_Pan-Pot_@_Fusion_Festival,_Germany",,16,058,UVB,Mixtion [Mord],UVB - Mixtion [Mord]
"2022-07-03 - Pan-Pot @ Fusion Festival, Germany","https://www.mixesdb.com/w/2022-07-03_-_Pan-Pot_@_Fusion_Festival,_Germany",,17,064,,?,?
"2022-07-03 - Pan-Pot @ Fusion Festival, Germany","https://www.mixesdb.com/w/2022-07-03_-_Pan-Pot_@_Fusion_Festival,_Germany",,18,068,Jark Prongo,Movin' Thru Your System (Dave Clarke Remix) [Hooj Choons],Jark Prongo - Movin' Thru Your System (Dave Clarke Remix) [Hooj Choons]
"2022-07-03 - Pan-Pot @ Fusion Festival, Germany","https://www.mixesdb.com/w/2022-07-03_-_Pan-Pot_@_Fusion_Festival,_Germany",,19,072,Disfreq,Essa Mina [Diynamic],Disfreq - Essa Mina [Diynamic]
"2022-07-03 - Pan-Pot @ Fusion Festival, Germany","https://www.mixesdb.com/w/2022-07-03_-_Pan-Pot_@_Fusion_Festival,_Germany",,20,075,Joey Beltram,The Scorpion [Drumcode],Joey Beltram - The Scorpion [Drumcode]
"2022-07-03 - Pan-Pot @ Fusion Festival, Germany","https://www.mixesdb.com/w/2022-07-03_-_Pan-Pot_@_Fusion_Festival,_Germany",,21,080,Alan Fitzpatrick & Reset Robot,Feel The Rhythm (Marco Faraone Remix) [Uncage],Alan Fitzpatrick & Reset Robot - Feel The Rhythm (Marco Faraone Remix) [Uncage]
"2022-07-03 - Pan-Pot @ Fusion Festival, Germany","https://www.mixesdb.com/w/2022-07-03_-_Pan-Pot_@_Fusion_Festival,_Germany",,22,084,Extrawelt,Drehfehler [Kompass (Gnd)],Extrawelt - Drehfehler [Kompass (Gnd)]
"2022-07-03 - Pan-Pot @ Fusion Festival, Germany","https://www.mixesdb.com/w/2022-07-03_-_Pan-Pot_@_Fusion_Festival,_Germany",,23,086,Harvey McKay,Oberon [Second State],Harvey McKay - Oberon [Second State]
"2022-07-03 - Pan-Pot @ Fusion Festival, Germany","https://www.mixesdb.com/w/2022-07-03_-_Pan-Pot_@_Fusion_Festival,_Germany",,24,090,Mr. G,G's Riddem [Phoenix G],Mr. G - G's Riddem [Phoenix G]
"2022-07-03 - Pan-Pot @ Fusion Festival, Germany","https://www.mixesdb.com/w/2022-07-03_-_Pan-Pot_@_Fusion_Festival,_Germany",,25,095,Frankyeffe & Resonances,Yellow [EI8HT],Frankyeffe & Resonances - Yellow [EI8HT]
"2022-07-03 - Pan-Pot @ Fusion Festival, Germany","https://www.mixesdb.com/w/2022-07-03_-_Pan-Pot_@_Fusion_Festival,_Germany",,26,099,Wassermann,W.I.R. (Sven Väth Remix) [Profan],Wassermann - W.I.R. (Sven Väth Remix) [Profan]
"2022-07-03 - Pan-Pot @ Fusion Festival, Germany","https://www.mixesdb.com/w/2022-07-03_-_Pan-Pot_@_Fusion_Festival,_Germany",,27,104,Victor Ruiz,Confession [Drumcode],Victor Ruiz - Confession [Drumcode]
"2022-07-03 - Pan-Pot @ Fusion Festival, Germany","https://www.mixesdb.com/w/2022-07-03_-_Pan-Pot_@_Fusion_Festival,_Germany",,28,108,FJAAK,District 8 [Fjaak],FJAAK - District 8 [Fjaak]
"2022-07-03 - Pan-Pot @ Fusion Festival, Germany","https://www.mixesdb.com/w/2022-07-03_-_Pan-Pot_@_Fusion_Festival,_Germany",,29,113,Nuke,Kamikaze (Ben Sims Remix) [Code],Nuke - Kamikaze (Ben Sims Remix) [Code]
"2022-07-03 - Pan-Pot @ Fusion Festival, Germany","https://www.mixesdb.com/w/2022-07-03_-_Pan-Pot_@_Fusion_Festival,_Germany",,30,116,WestBam,Beatbox Rocker [Mute],WestBam - Beatbox Rocker [Mute]
"2020-02-21 - Pan-Pot @ Tell No Tales, Fat Controller, Adelaide, Australia","https://www.mixesdb.com/w/2020-02-21_-_Pan-Pot_@_Tell_No_Tales,_Fat_Controller,_Adelaide,_Australia",,1,00,BDB,Boss Rhythm [Feel My Bicep - FMB016],BDB - Boss Rhythm [Feel My Bicep - FMB016]
"2020-02-21 - Pan-Pot @ Tell No Tales, Fat Controller, Adelaide, Australia","https://www.mixesdb.com/w/2020-02-21_-_Pan-Pot_@_Tell_No_Tales,_Fat_Controller,_Adelaide,_Australia",,2,06,Mark Reeve,Fix Me [Drumcode - DC219],Mark Reeve - Fix Me [Drumcode - DC219]
"2020-02-21 - Pan-Pot @ Tell No Tales, Fat Controller, Adelaide, Australia","https://www.mixesdb.com/w/2020-02-21_-_Pan-Pot_@_Tell_No_Tales,_Fat_Controller,_Adelaide,_Australia",,3,11,Michael Klein,Hoisin [Second State - SNDST072],Michael Klein - Hoisin [Second State - SNDST072]
"2020-02-21 - Pan-Pot @ Tell No Tales, Fat Controller, Adelaide, Australia","https://www.mixesdb.com/w/2020-02-21_-_Pan-Pot_@_Tell_No_Tales,_Fat_Controller,_Adelaide,_Australia",,4,16,M.I.T.A.,Wax Dreams [Elevate - ELV135],M.I.T.A. - Wax Dreams [Elevate - ELV135]
"2020-02-21 - Pan-Pot @ Tell No Tales, Fat Controller, Adelaide, Australia","https://www.mixesdb.com/w/2020-02-21_-_Pan-Pot_@_Tell_No_Tales,_Fat_Controller,_Adelaide,_Australia",,5,21,Luis Miranda,Underpowa [JAM - JAM017],Luis Miranda - Underpowa [JAM - JAM017]
"2020-02-21 - Pan-Pot @ Tell No Tales, Fat Controller, Adelaide, Australia","https://www.mixesdb.com/w/2020-02-21_-_Pan-Pot_@_Tell_No_Tales,_Fat_Controller,_Adelaide,_Australia",,6,25,Toni Alvarez,Omicrom (DJ Dextro Remix) [Suara - SUARA383],Toni Alvarez - Omicrom (DJ Dextro Remix) [Suara - SUARA383]
"2020-02-21 - Pan-Pot @ Tell No Tales, Fat Controller, Adelaide, Australia","https://www.mixesdb.com/w/2020-02-21_-_Pan-Pot_@_Tell_No_Tales,_Fat_Controller,_Adelaide,_Australia",,7,28,Wehbba,No Sleep [Drumcode - DC220],Wehbba - No Sleep [Drumcode - DC220]
"2020-02-21 - Pan-Pot @ Tell No Tales, Fat Controller, Adelaide, Australia","https://www.mixesdb.com/w/2020-02-21_-_Pan-Pot_@_Tell_No_Tales,_Fat_Controller,_Adelaide,_Australia",,8,33,Giorgio Rusconi,Atlantis (Agent Orange Remix) [Funk'n Deep Black - FNDBLK143],Giorgio Rusconi - Atlantis (Agent Orange Remix) [Funk'n Deep Black - FNDBLK143]
"2020-02-21 - Pan-Pot @ Tell No Tales, Fat Controller, Adelaide, Australia","https://www.mixesdb.com/w/2020-02-21_-_Pan-Pot_@_Tell_No_Tales,_Fat_Controller,_Adelaide,_Australia",,9,37,BEC,"Choices, Changes [Filth On Acid - FOA075]","BEC - Choices, Changes [Filth On Acid - FOA075]"
"2020-02-21 - Pan-Pot @ Tell No Tales, Fat Controller, Adelaide, Australia","https://www.mixesdb.com/w/2020-02-21_-_Pan-Pot_@_Tell_No_Tales,_Fat_Controller,_Adelaide,_Australia",,10,41,DJ Murphy & Spuri,Fraction (DJ Dextro Remix) [Dolma - DM221],DJ Murphy & Spuri - Fraction (DJ Dextro Remix) [Dolma - DM221]
"2020-02-21 - Pan-Pot @ Tell No Tales, Fat Controller, Adelaide, Australia","https://www.mixesdb.com/w/2020-02-21_-_Pan-Pot_@_Tell_No_Tales,_Fat_Controller,_Adelaide,_Australia",,11,45,,?,?
"2020-02-21 - Pan-Pot @ Tell No Tales, Fat Controller, Adelaide, Australia","https://www.mixesdb.com/w/2020-02-21_-_Pan-Pot_@_Tell_No_Tales,_Fat_Controller,_Adelaide,_Australia",,12,48,Eric Sneo & DJ Rush,Take Me Back [Tronic - TR312],Eric Sneo & DJ Rush - Take Me Back [Tronic - TR312]
"2020-02-21 - Pan-Pot @ Tell No Tales, Fat Controller, Adelaide, Australia","https://www.mixesdb.com/w/2020-02-21_-_Pan-Pot_@_Tell_No_Tales,_Fat_Controller,_Adelaide,_Australia",,13,54,Kristian Heikkila,Komplex [Say What? - SAWH093],Kristian Heikkila - Komplex [Say What? - SAWH093]
"2020-02-21 - Pan-Pot @ Tell No Tales, Fat Controller, Adelaide, Australia","https://www.mixesdb.com/w/2020-02-21_-_Pan-Pot_@_Tell_No_Tales,_Fat_Controller,_Adelaide,_Australia",,14,58,Shed,Boom Room [Ostgut Ton - OSTGUTCD15DIGITAL],Shed - Boom Room [Ostgut Ton - OSTGUTCD15DIGITAL]
"2020-02-21 - Pan-Pot @ Tell No Tales, Fat Controller, Adelaide, Australia","https://www.mixesdb.com/w/2020-02-21_-_Pan-Pot_@_Tell_No_Tales,_Fat_Controller,_Adelaide,_Australia",,15,63,Quail & AISHA (SCO),The Fall [Soma - SOMA567D],Quail & AISHA (SCO) - The Fall [Soma - SOMA567D]
"2020-02-21 - Pan-Pot @ Tell No Tales, Fat Controller, Adelaide, Australia","https://www.mixesdb.com/w/2020-02-21_-_Pan-Pot_@_Tell_No_Tales,_Fat_Controller,_Adelaide,_Australia",,16,66,Drhamer,Multiverso [Dynamic Reflection - TN035],Drhamer - Multiverso [Dynamic Reflection - TN035]
"2020-02-21 - Pan-Pot @ Tell No Tales, Fat Controller, Adelaide, Australia","https://www.mixesdb.com/w/2020-02-21_-_Pan-Pot_@_Tell_No_Tales,_Fat_Controller,_Adelaide,_Australia",,17,71,Wehbba,Deluge [Drumcode - DC220],Wehbba - Deluge [Drumcode - DC220]
"2020-02-21 - Pan-Pot @ Tell No Tales, Fat Controller, Adelaide, Australia","https://www.mixesdb.com/w/2020-02-21_-_Pan-Pot_@_Tell_No_Tales,_Fat_Controller,_Adelaide,_Australia",,18,76,Tres Demented,Brainfreeze (Len Faki Hardspace Mix) [LF RMX - LFRMX020],Tres Demented - Brainfreeze (Len Faki Hardspace Mix) [LF RMX - LFRMX020]
"2020-02-21 - Pan-Pot @ Tell No Tales, Fat Controller, Adelaide, Australia","https://www.mixesdb.com/w/2020-02-21_-_Pan-Pot_@_Tell_No_Tales,_Fat_Controller,_Adelaide,_Australia",,19,82,Rocko Garoni,No Border [Second State - SNDST074],Rocko Garoni - No Border [Second State - SNDST074]
"2020-02-21 - Pan-Pot @ Tell No Tales, Fat Controller, Adelaide, Australia","https://www.mixesdb.com/w/2020-02-21_-_Pan-Pot_@_Tell_No_Tales,_Fat_Controller,_Adelaide,_Australia",,20,87,Pfirter & Grindvik,End This [Leyla - LEYLA014],Pfirter & Grindvik - End This [Leyla - LEYLA014]
"2020-02-21 - Pan-Pot @ Tell No Tales, Fat Controller, Adelaide, Australia","https://www.mixesdb.com/w/2020-02-21_-_Pan-Pot_@_Tell_No_Tales,_Fat_Controller,_Adelaide,_Australia",,21,90,,?,?
"2019-06-30 - Pan-Pot @ Awakenings, Spaarnwoude, Amsterdam","https://www.mixesdb.com/w/2019-06-30_-_Pan-Pot_@_Awakenings,_Spaarnwoude,_Amsterdam",,1,000,Glaskin,Ritual [YAEL Trip],Glaskin - Ritual [YAEL Trip]
"2019-06-30 - Pan-Pot @ Awakenings, Spaarnwoude, Amsterdam","https://www.mixesdb.com/w/2019-06-30_-_Pan-Pot_@_Awakenings,_Spaarnwoude,_Amsterdam",,2,006,David Carretta,Vicious Game 2018 (Mark Broom Remix) [GND - GN115],David Carretta - Vicious Game 2018 (Mark Broom Remix) [GND - GN115]
"2019-06-30 - Pan-Pot @ Awakenings, Spaarnwoude, Amsterdam","https://www.mixesdb.com/w/2019-06-30_-_Pan-Pot_@_Awakenings,_Spaarnwoude,_Amsterdam",,3,010,Thomas Hoffknecht,Robot Ride [Codex - CODEX023],Thomas Hoffknecht - Robot Ride [Codex - CODEX023]
"2019-06-30 - Pan-Pot @ Awakenings, Spaarnwoude, Amsterdam","https://www.mixesdb.com/w/2019-06-30_-_Pan-Pot_@_Awakenings,_Spaarnwoude,_Amsterdam",,4,014,Michael Klein,Bite [Second State - SNDST072],Michael Klein - Bite [Second State - SNDST072]
"2019-06-30 - Pan-Pot @ Awakenings, Spaarnwoude, Amsterdam","https://www.mixesdb.com/w/2019-06-30_-_Pan-Pot_@_Awakenings,_Spaarnwoude,_Amsterdam",,5,018,VNTM & Tahko,Rave Culture [Second State - SNDST064],VNTM & Tahko - Rave Culture [Second State - SNDST064]
"2019-06-30 - Pan-Pot @ Awakenings, Spaarnwoude, Amsterdam","https://www.mixesdb.com/w/2019-06-30_-_Pan-Pot_@_Awakenings,_Spaarnwoude,_Amsterdam",,6,022,UVB,Mixtion [Mord - MORD012],UVB - Mixtion [Mord - MORD012]
"2019-06-30 - Pan-Pot @ Awakenings, Spaarnwoude, Amsterdam","https://www.mixesdb.com/w/2019-06-30_-_Pan-Pot_@_Awakenings,_Spaarnwoude,_Amsterdam",,7,028,Victor Ruiz,Nimbus [Drumcode - DC205],Victor Ruiz - Nimbus [Drumcode - DC205]
"2019-06-30 - Pan-Pot @ Awakenings, Spaarnwoude, Amsterdam","https://www.mixesdb.com/w/2019-06-30_-_Pan-Pot_@_Awakenings,_Spaarnwoude,_Amsterdam",,8,033,Carlo Lio & Jon Rundell,Parallax [Second State - SNDST071],Carlo Lio & Jon Rundell - Parallax [Second State - SNDST071]
"2019-06-30 - Pan-Pot @ Awakenings, Spaarnwoude, Amsterdam","https://www.mixesdb.com/w/2019-06-30_-_Pan-Pot_@_Awakenings,_Spaarnwoude,_Amsterdam",,9,038,Winx,Don't Laugh (Agent Orange Rework) [Nervous - NER24707],Winx - Don't Laugh (Agent Orange Rework) [Nervous - NER24707]
"2019-06-30 - Pan-Pot @ Awakenings, Spaarnwoude, Amsterdam","https://www.mixesdb.com/w/2019-06-30_-_Pan-Pot_@_Awakenings,_Spaarnwoude,_Amsterdam",,10,042,Planetary Assault Systems,Screen (2018 Re-Edit) [Mote Evolver - MOTE055D],Planetary Assault Systems - Screen (2018 Re-Edit) [Mote Evolver - MOTE055D]
"2019-06-30 - Pan-Pot @ Awakenings, Spaarnwoude, Amsterdam","https://www.mixesdb.com/w/2019-06-30_-_Pan-Pot_@_Awakenings,_Spaarnwoude,_Amsterdam",,11,047,DJ Hyperactive,Wide Open (Len Faki DJ Edit) [Figure - FIGURE40],DJ Hyperactive - Wide Open (Len Faki DJ Edit) [Figure - FIGURE40]
"2019-06-30 - Pan-Pot @ Awakenings, Spaarnwoude, Amsterdam","https://www.mixesdb.com/w/2019-06-30_-_Pan-Pot_@_Awakenings,_Spaarnwoude,_Amsterdam",,12,052,Eats Everything,Comatose [Kneaded Pains - KP43],Eats Everything - Comatose [Kneaded Pains - KP43]
"2019-06-30 - Pan-Pot @ Awakenings, Spaarnwoude, Amsterdam","https://www.mixesdb.com/w/2019-06-30_-_Pan-Pot_@_Awakenings,_Spaarnwoude,_Amsterdam",,13,057,David Temessi & Mr. A,God Speed [Off - OFF196],David Temessi & Mr. A - God Speed [Off - OFF196]
"2019-06-30 - Pan-Pot @ Awakenings, Spaarnwoude, Amsterdam","https://www.mixesdb.com/w/2019-06-30_-_Pan-Pot_@_Awakenings,_Spaarnwoude,_Amsterdam",,14,060,Jeff Mills,The Bells [Purpose Maker - PM002],Jeff Mills - The Bells [Purpose Maker - PM002]
"2019-06-30 - Pan-Pot @ Awakenings, Spaarnwoude, Amsterdam","https://www.mixesdb.com/w/2019-06-30_-_Pan-Pot_@_Awakenings,_Spaarnwoude,_Amsterdam",,15,065,KlangKuenstler,Dunkle Illusion [Second State - SNDST065],KlangKuenstler - Dunkle Illusion [Second State - SNDST065]
"2019-06-30 - Pan-Pot @ Awakenings, Spaarnwoude, Amsterdam","https://www.mixesdb.com/w/2019-06-30_-_Pan-Pot_@_Awakenings,_Spaarnwoude,_Amsterdam",,16,069,Jark Prongo,Movin Through Your System (Dave Clarke Remix) [Hooj Choons - HOOJ072],Jark Prongo - Movin Through Your System (Dave Clarke Remix) [Hooj Choons - HOOJ072]
"2019-06-30 - Pan-Pot @ Awakenings, Spaarnwoude, Amsterdam","https://www.mixesdb.com/w/2019-06-30_-_Pan-Pot_@_Awakenings,_Spaarnwoude,_Amsterdam",,17,074,Rudosa,Let The Beat [Odd - ODD030],Rudosa - Let The Beat [Odd - ODD030]
"2019-06-30 - Pan-Pot @ Awakenings, Spaarnwoude, Amsterdam","https://www.mixesdb.com/w/2019-06-30_-_Pan-Pot_@_Awakenings,_Spaarnwoude,_Amsterdam",,18,078,TWR72,X-Static [Aerobik - AER004],TWR72 - X-Static [Aerobik - AER004]
"2019-06-30 - Pan-Pot @ Awakenings, Spaarnwoude, Amsterdam","https://www.mixesdb.com/w/2019-06-30_-_Pan-Pot_@_Awakenings,_Spaarnwoude,_Amsterdam",,19,082,Industrialyzer,Moonstone [Second State - SNDST067],Industrialyzer - Moonstone [Second State - SNDST067]
"2019-06-30 - Pan-Pot @ Awakenings, Spaarnwoude, Amsterdam","https://www.mixesdb.com/w/2019-06-30_-_Pan-Pot_@_Awakenings,_Spaarnwoude,_Amsterdam",,20,087,Vainqueur,Lyot (Maurizio Remix) [Tresor - 827670742869],Vainqueur - Lyot (Maurizio Remix) [Tresor - 827670742869]
"2019-06-30 - Pan-Pot @ Awakenings, Spaarnwoude, Amsterdam","https://www.mixesdb.com/w/2019-06-30_-_Pan-Pot_@_Awakenings,_Spaarnwoude,_Amsterdam",,21,093,BEC,Three Words [Second State - SNDST064],BEC - Three Words [Second State - SNDST064]
"2019-06-30 - Pan-Pot @ Awakenings, Spaarnwoude, Amsterdam","https://www.mixesdb.com/w/2019-06-30_-_Pan-Pot_@_Awakenings,_Spaarnwoude,_Amsterdam",,22,098,,?,?
"2019-06-30 - Pan-Pot @ Awakenings, Spaarnwoude, Amsterdam","https://www.mixesdb.com/w/2019-06-30_-_Pan-Pot_@_Awakenings,_Spaarnwoude,_Amsterdam",,23,103,DurtysoxXx & Optimuss,KL606 [Noir - DS004],DurtysoxXx & Optimuss - KL606 [Noir - DS004]
"2019-06-30 - Pan-Pot @ Awakenings, Spaarnwoude, Amsterdam","https://www.mixesdb.com/w/2019-06-30_-_Pan-Pot_@_Awakenings,_Spaarnwoude,_Amsterdam",,24,107,Pfirter,The Dub Track (Len Faki Remix) [Figure - FIGURE30],Pfirter - The Dub Track (Len Faki Remix) [Figure - FIGURE30]
"2019-06-30 - Pan-Pot @ Awakenings, Spaarnwoude, Amsterdam","https://www.mixesdb.com/w/2019-06-30_-_Pan-Pot_@_Awakenings,_Spaarnwoude,_Amsterdam",,25,112,Rudosa,Obsolescence [Moments In Time - MIT001],Rudosa - Obsolescence [Moments In Time - MIT001]
2022-04-09 - Pan-Pot - 9 Essentials April 2022 (5 Year Anniversary),https://www.mixesdb.com/w/2022-04-09_-_Pan-Pot_-_9_Essentials_April_2022_(5_Year_Anniversary),,1,00:00,Drummer B,Nectar Collector (Marco Faraone Warehouse Mix) [Uncage - X027],Drummer B - Nectar Collector (Marco Faraone Warehouse Mix) [Uncage - X027]
2022-04-09 - Pan-Pot - 9 Essentials April 2022 (5 Year Anniversary),https://www.mixesdb.com/w/2022-04-09_-_Pan-Pot_-_9_Essentials_April_2022_(5_Year_Anniversary),,2,05:55,Adam Beyer,Dirty Lagoon [Drumcode - DC256],Adam Beyer - Dirty Lagoon [Drumcode - DC256]
2022-04-09 - Pan-Pot - 9 Essentials April 2022 (5 Year Anniversary),https://www.mixesdb.com/w/2022-04-09_-_Pan-Pot_-_9_Essentials_April_2022_(5_Year_Anniversary),,3,11:00,David Bean,Paranoid [IAMT RAW - IAMTRAW021],David Bean - Paranoid [IAMT RAW - IAMTRAW021]
2022-04-09 - Pan-Pot - 9 Essentials April 2022 (5 Year Anniversary),https://www.mixesdb.com/w/2022-04-09_-_Pan-Pot_-_9_Essentials_April_2022_(5_Year_Anniversary),,4,15:55,Pfirter,Convergence (Nørbak Remix) [MindTrip - MT43],Pfirter - Convergence (Nørbak Remix) [MindTrip - MT43]
2022-04-09 - Pan-Pot - 9 Essentials April 2022 (5 Year Anniversary),https://www.mixesdb.com/w/2022-04-09_-_Pan-Pot_-_9_Essentials_April_2022_(5_Year_Anniversary),,5,19:45,Border One,Cyclone [Token - 105],Border One - Cyclone [Token - 105]
2022-04-09 - Pan-Pot - 9 Essentials April 2022 (5 Year Anniversary),https://www.mixesdb.com/w/2022-04-09_-_Pan-Pot_-_9_Essentials_April_2022_(5_Year_Anniversary),,6,23:50,Harvey McKay,Organism [Uncage - X029],Harvey McKay - Organism [Uncage - X029]
2022-04-09 - Pan-Pot - 9 Essentials April 2022 (5 Year Anniversary),https://www.mixesdb.com/w/2022-04-09_-_Pan-Pot_-_9_Essentials_April_2022_(5_Year_Anniversary),,7,26:05,Arthur Robert,Safety [OECUS - OCSDGTL005],Arthur Robert - Safety [OECUS - OCSDGTL005]
2022-04-09 - Pan-Pot - 9 Essentials April 2022 (5 Year Anniversary),https://www.mixesdb.com/w/2022-04-09_-_Pan-Pot_-_9_Essentials_April_2022_(5_Year_Anniversary),,8,32:30,Radio Slave,Stay Out All Night (Carl Cox Remix) [Rekids - 197],Radio Slave - Stay Out All Night (Carl Cox Remix) [Rekids - 197]
2022-04-09 - Pan-Pot - 9 Essentials April 2022 (5 Year Anniversary),https://www.mixesdb.com/w/2022-04-09_-_Pan-Pot_-_9_Essentials_April_2022_(5_Year_Anniversary),,9,37:50,Rebūke vs Storm,Storm 2022 (Extended) [Ministry Of Sound],Rebūke vs Storm - Storm 2022 (Extended) [Ministry Of Sound]
"2025-03-01 - Pan-Pot @ Human, Knockdown Center, NYC","https://www.mixesdb.com/w/2025-03-01_-_Pan-Pot_@_Human,_Knockdown_Center,_NYC",,1,000,Introversion,Laeddis [ARTS],Introversion - Laeddis [ARTS]
"2025-03-01 - Pan-Pot @ Human, Knockdown Center, NYC","https://www.mixesdb.com/w/2025-03-01_-_Pan-Pot_@_Human,_Knockdown_Center,_NYC",,2,006,Drunken Kong,Take The Bass [Tronic],Drunken Kong - Take The Bass [Tronic]
"2025-03-01 - Pan-Pot @ Human, Knockdown Center, NYC","https://www.mixesdb.com/w/2025-03-01_-_Pan-Pot_@_Human,_Knockdown_Center,_NYC",,3,010,Devid Dega,The Connection [JAM],Devid Dega - The Connection [JAM]
"2025-03-01 - Pan-Pot @ Human, Knockdown Center, NYC","https://www.mixesdb.com/w/2025-03-01_-_Pan-Pot_@_Human,_Knockdown_Center,_NYC",,4,013,Marco Faraone,Enigma [DCLTD],Marco Faraone - Enigma [DCLTD]
"2025-03-01 - Pan-Pot @ Human, Knockdown Center, NYC","https://www.mixesdb.com/w/2025-03-01_-_Pan-Pot_@_Human,_Knockdown_Center,_NYC",,5,018,Pablo Say,Anomaly [Codex],Pablo Say - Anomaly [Codex]
"2025-03-01 - Pan-Pot @ Human, Knockdown Center, NYC","https://www.mixesdb.com/w/2025-03-01_-_Pan-Pot_@_Human,_Knockdown_Center,_NYC",,6,022,Ignez & Rødhåd,VERMILLION 03 [220208:2],Ignez & Rødhåd - VERMILLION 03 [220208:2]
"2025-03-01 - Pan-Pot @ Human, Knockdown Center, NYC","https://www.mixesdb.com/w/2025-03-01_-_Pan-Pot_@_Human,_Knockdown_Center,_NYC",,7,027,Mark Reeve & KLØSET,Seconds [MOOD],Mark Reeve & KLØSET - Seconds [MOOD]
"2025-03-01 - Pan-Pot @ Human, Knockdown Center, NYC","https://www.mixesdb.com/w/2025-03-01_-_Pan-Pot_@_Human,_Knockdown_Center,_NYC",,8,030,Carlo Lio & Nathan Barato,Future [Wiggle Room],Carlo Lio & Nathan Barato - Future [Wiggle Room]
"2025-03-01 - Pan-Pot @ Human, Knockdown Center, NYC","https://www.mixesdb.com/w/2025-03-01_-_Pan-Pot_@_Human,_Knockdown_Center,_NYC",,9,035,Man With No Shadow,Fireee [Unrilis],Man With No Shadow - Fireee [Unrilis]
"2025-03-01 - Pan-Pot @ Human, Knockdown Center, NYC","https://www.mixesdb.com/w/2025-03-01_-_Pan-Pot_@_Human,_Knockdown_Center,_NYC",,10,038,Arjun Vagale,Give Your Love [Transmit],Arjun Vagale - Give Your Love [Transmit]
"2025-03-01 - Pan-Pot @ Human, Knockdown Center, NYC","https://www.mixesdb.com/w/2025-03-01_-_Pan-Pot_@_Human,_Knockdown_Center,_NYC",,11,043,KiNK & FJAAK,Overbridge [SPANDAU20],KiNK & FJAAK - Overbridge [SPANDAU20]
"2025-03-01 - Pan-Pot @ Human, Knockdown Center, NYC","https://www.mixesdb.com/w/2025-03-01_-_Pan-Pot_@_Human,_Knockdown_Center,_NYC",,12,047,Hertz Collision & Programma 101,Concrete Skin [Clergy],Hertz Collision & Programma 101 - Concrete Skin [Clergy]
"2025-03-01 - Pan-Pot @ Human, Knockdown Center, NYC","https://www.mixesdb.com/w/2025-03-01_-_Pan-Pot_@_Human,_Knockdown_Center,_NYC",,13,050,Dajusch,Move [SPANDAU20],Dajusch - Move [SPANDAU20]
"2025-03-01 - Pan-Pot @ Human, Knockdown Center, NYC","https://www.mixesdb.com/w/2025-03-01_-_Pan-Pot_@_Human,_Knockdown_Center,_NYC",,14,053,Balthazar & JackRock,Neon Echo (Extended Mix) [Drumcode],Balthazar & JackRock - Neon Echo (Extended Mix) [Drumcode]
"2025-03-01 - Pan-Pot @ Human, Knockdown Center, NYC","https://www.mixesdb.com/w/2025-03-01_-_Pan-Pot_@_Human,_Knockdown_Center,_NYC",,15,058,Andres Campo,Nuit Blanche [DCLTD],Andres Campo - Nuit Blanche [DCLTD]
"2025-03-01 - Pan-Pot @ Human, Knockdown Center, NYC","https://www.mixesdb.com/w/2025-03-01_-_Pan-Pot_@_Human,_Knockdown_Center,_NYC",,16,061,,?,?
"2025-03-01 - Pan-Pot @ Human, Knockdown Center, NYC","https://www.mixesdb.com/w/2025-03-01_-_Pan-Pot_@_Human,_Knockdown_Center,_NYC",,17,066,Luis Miranda,Saturation [AnalyticTrail],Luis Miranda - Saturation [AnalyticTrail]
"2025-03-01 - Pan-Pot @ Human, Knockdown Center, NYC","https://www.mixesdb.com/w/2025-03-01_-_Pan-Pot_@_Human,_Knockdown_Center,_NYC",,18,070,Hollen & Simina Grigoriu,Wrong Or Right [Kuukou],Hollen & Simina Grigoriu - Wrong Or Right [Kuukou]
"2025-03-01 - Pan-Pot @ Human, Knockdown Center, NYC","https://www.mixesdb.com/w/2025-03-01_-_Pan-Pot_@_Human,_Knockdown_Center,_NYC",,19,074,Jancen,Vertex [Drawner],Jancen - Vertex [Drawner]
"2025-03-01 - Pan-Pot @ Human, Knockdown Center, NYC","https://www.mixesdb.com/w/2025-03-01_-_Pan-Pot_@_Human,_Knockdown_Center,_NYC",,20,079,Oscar Escapa Feat. Joanna Dark,It's My Life [DCLTD],Oscar Escapa Feat. Joanna Dark - It's My Life [DCLTD]
"2025-03-01 - Pan-Pot @ Human, Knockdown Center, NYC","https://www.mixesdb.com/w/2025-03-01_-_Pan-Pot_@_Human,_Knockdown_Center,_NYC",,21,082,Callum Plant,Adonis Blue [AnalyticTrail],Callum Plant - Adonis Blue [AnalyticTrail]
"2025-03-01 - Pan-Pot @ Human, Knockdown Center, NYC","https://www.mixesdb.com/w/2025-03-01_-_Pan-Pot_@_Human,_Knockdown_Center,_NYC",,22,085,,?,?
"2025-03-01 - Pan-Pot @ Human, Knockdown Center, NYC","https://www.mixesdb.com/w/2025-03-01_-_Pan-Pot_@_Human,_Knockdown_Center,_NYC",,23,089,Marco Bailey,Nightshade [Materia],Marco Bailey - Nightshade [Materia]
"2025-03-01 - Pan-Pot @ Human, Knockdown Center, NYC","https://www.mixesdb.com/w/2025-03-01_-_Pan-Pot_@_Human,_Knockdown_Center,_NYC",,24,093,Marco Faraone,Convert The Energy [DCLTD],Marco Faraone - Convert The Energy [DCLTD]
"2025-03-01 - Pan-Pot @ Human, Knockdown Center, NYC","https://www.mixesdb.com/w/2025-03-01_-_Pan-Pot_@_Human,_Knockdown_Center,_NYC",,25,097,DJ One Finger,One Finger (DJ Dextro Re-Edit 2024) [Missile],DJ One Finger - One Finger (DJ Dextro Re-Edit 2024) [Missile]
"2025-03-01 - Pan-Pot @ Human, Knockdown Center, NYC","https://www.mixesdb.com/w/2025-03-01_-_Pan-Pot_@_Human,_Knockdown_Center,_NYC",,26,102,Pig&Dan & Lupe Fuentes,Surrender [Elevate],Pig&Dan & Lupe Fuentes - Surrender [Elevate]
"2025-03-01 - Pan-Pot @ Human, Knockdown Center, NYC","https://www.mixesdb.com/w/2025-03-01_-_Pan-Pot_@_Human,_Knockdown_Center,_NYC",,27,105,Konstantin Sibold,The Arrival [Drumcode],Konstantin Sibold - The Arrival [Drumcode]
"2025-03-01 - Pan-Pot @ Human, Knockdown Center, NYC","https://www.mixesdb.com/w/2025-03-01_-_Pan-Pot_@_Human,_Knockdown_Center,_NYC",,28,110,KiNK & Raredub,Time To Change [Mutual Rytm],KiNK & Raredub - Time To Change [Mutual Rytm]
"2025-03-01 - Pan-Pot @ Human, Knockdown Center, NYC","https://www.mixesdb.com/w/2025-03-01_-_Pan-Pot_@_Human,_Knockdown_Center,_NYC",,29,114,Introversion,Dreamcore [Mitsubasa],Introversion - Dreamcore [Mitsubasa]
"2025-03-01 - Pan-Pot @ Human, Knockdown Center, NYC","https://www.mixesdb.com/w/2025-03-01_-_Pan-Pot_@_Human,_Knockdown_Center,_NYC",,30,118,Bjørnson,Mindflash [Moving Colours],Bjørnson - Mindflash [Moving Colours]
"2025-03-01 - Pan-Pot @ Human, Knockdown Center, NYC","https://www.mixesdb.com/w/2025-03-01_-_Pan-Pot_@_Human,_Knockdown_Center,_NYC",,31,122,Pan-Pot,PROTO (Ramon Tapia Remix) [Second State Audio],Pan-Pot - PROTO (Ramon Tapia Remix) [Second State Audio]
"2025-03-01 - Pan-Pot @ Human, Knockdown Center, NYC","https://www.mixesdb.com/w/2025-03-01_-_Pan-Pot_@_Human,_Knockdown_Center,_NYC",,32,126,RAYO (ITA),Fight [Black Falcon],RAYO (ITA) - Fight [Black Falcon]
"2025-03-01 - Pan-Pot @ Human, Knockdown Center, NYC","https://www.mixesdb.com/w/2025-03-01_-_Pan-Pot_@_Human,_Knockdown_Center,_NYC",,33,129,Luis Miranda,I Can't Hear Shit [X Erie],Luis Miranda - I Can't Hear Shit [X Erie]
"2025-03-01 - Pan-Pot @ Human, Knockdown Center, NYC","https://www.mixesdb.com/w/2025-03-01_-_Pan-Pot_@_Human,_Knockdown_Center,_NYC",,34,133,Kevin Saunderson Pres. Inner City,Good Life (Pan-Pot Edit) [KMS (Armada)],Kevin Saunderson Pres. Inner City - Good Life (Pan-Pot Edit) [KMS (Armada)]
"2025-03-01 - Pan-Pot @ Human, Knockdown Center, NYC","https://www.mixesdb.com/w/2025-03-01_-_Pan-Pot_@_Human,_Knockdown_Center,_NYC",,35,139,Coyu,Samba Sessions 2 [Suara],Coyu - Samba Sessions 2 [Suara]
"2025-03-01 - Pan-Pot @ Human, Knockdown Center, NYC","https://www.mixesdb.com/w/2025-03-01_-_Pan-Pot_@_Human,_Knockdown_Center,_NYC",,36,143,HI-LO & Chocolate Puma,WTFU (Chocolate Puma House Mix) [HILOMATIK],HI-LO & Chocolate Puma - WTFU (Chocolate Puma House Mix) [HILOMATIK]
"2025-03-01 - Pan-Pot @ Human, Knockdown Center, NYC","https://www.mixesdb.com/w/2025-03-01_-_Pan-Pot_@_Human,_Knockdown_Center,_NYC",,37,145,Timmo,Enter The Sound (Extended Mix) [Drumcode],Timmo - Enter The Sound (Extended Mix) [Drumcode]
"2025-03-01 - Pan-Pot @ Human, Knockdown Center, NYC","https://www.mixesdb.com/w/2025-03-01_-_Pan-Pot_@_Human,_Knockdown_Center,_NYC",,38,150,Kashpitzky,Silver Ball (Ø [Phase) Remix) - Be As One],Kashpitzky - Silver Ball (Ø [Phase) Remix) - Be As One]
"2025-03-01 - Pan-Pot @ Human, Knockdown Center, NYC","https://www.mixesdb.com/w/2025-03-01_-_Pan-Pot_@_Human,_Knockdown_Center,_NYC",,39,152,Rudy Ripani,Out Of The Tunnel [Prospect],Rudy Ripani - Out Of The Tunnel [Prospect]
"2025-03-01 - Pan-Pot @ Human, Knockdown Center, NYC","https://www.mixesdb.com/w/2025-03-01_-_Pan-Pot_@_Human,_Knockdown_Center,_NYC",,40,156,Pan-Pot,Coda [Second State],Pan-Pot - Coda [Second State]
"2025-03-01 - Pan-Pot @ Human, Knockdown Center, NYC","https://www.mixesdb.com/w/2025-03-01_-_Pan-Pot_@_Human,_Knockdown_Center,_NYC",,41,161,Pan-Pot,AERO (Extended Warehouse Mix) [Second State Audio],Pan-Pot - AERO (Extended Warehouse Mix) [Second State Audio]
"2025-03-01 - Pan-Pot @ Human, Knockdown Center, NYC","https://www.mixesdb.com/w/2025-03-01_-_Pan-Pot_@_Human,_Knockdown_Center,_NYC",,42,165,Marc Romboy,The Overture,Marc Romboy - The Overture
"2025-03-01 - Pan-Pot @ Human, Knockdown Center, NYC","https://www.mixesdb.com/w/2025-03-01_-_Pan-Pot_@_Human,_Knockdown_Center,_NYC",,43,172,Spazio 1976,Spazio 1976 (Rejve Mix) [Great Nights],Spazio 1976 - Spazio 1976 (Rejve Mix) [Great Nights]
"2025-03-01 - Pan-Pot @ Human, Knockdown Center, NYC","https://www.mixesdb.com/w/2025-03-01_-_Pan-Pot_@_Human,_Knockdown_Center,_NYC",,44,176,Justice vs Simian,We Are Your Friends [Ed Banger],Justice vs Simian - We Are Your Friends [Ed Banger]
"2025-03-01 - Pan-Pot @ Human, Knockdown Center, NYC","https://www.mixesdb.com/w/2025-03-01_-_Pan-Pot_@_Human,_Knockdown_Center,_NYC",,45,1??,Pan-Pot,Confronted [Mobilee],Pan-Pot - Confronted [Mobilee]
"2025-03-01 - Pan-Pot @ Human, Knockdown Center, NYC","https://www.mixesdb.com/w/2025-03-01_-_Pan-Pot_@_Human,_Knockdown_Center,_NYC",,46,183,Konstantin Sibold Feat. KAF3R,Lost In Space [Drumcode],Konstantin Sibold Feat. KAF3R - Lost In Space [Drumcode]
"2013-09-06 - Pan-Pot @ Music ON Pre-Party, Café del Mar, Ibiza","https://www.mixesdb.com/w/2013-09-06_-_Pan-Pot_@_Music_ON_Pre-Party,_Caf%C3%A9_del_Mar,_Ibiza",,1,00,Claptone,No Eyes (Kyodai Remix),Claptone - No Eyes (Kyodai Remix)
"2013-09-06 - Pan-Pot @ Music ON Pre-Party, Café del Mar, Ibiza","https://www.mixesdb.com/w/2013-09-06_-_Pan-Pot_@_Music_ON_Pre-Party,_Caf%C3%A9_del_Mar,_Ibiza",,2,04,Dale Howard,Slot 47 [NM2],Dale Howard - Slot 47 [NM2]
"2013-09-06 - Pan-Pot @ Music ON Pre-Party, Café del Mar, Ibiza","https://www.mixesdb.com/w/2013-09-06_-_Pan-Pot_@_Music_ON_Pre-Party,_Caf%C3%A9_del_Mar,_Ibiza",,3,09,David Herrero,The Frogman [Blackflag],David Herrero - The Frogman [Blackflag]
"2013-09-06 - Pan-Pot @ Music ON Pre-Party, Café del Mar, Ibiza","https://www.mixesdb.com/w/2013-09-06_-_Pan-Pot_@_Music_ON_Pre-Party,_Caf%C3%A9_del_Mar,_Ibiza",,4,14,Davide Squillace & Guti,The Other Side Of Hustler [This And That - TNT 004],Davide Squillace & Guti - The Other Side Of Hustler [This And That - TNT 004]
"2013-09-06 - Pan-Pot @ Music ON Pre-Party, Café del Mar, Ibiza","https://www.mixesdb.com/w/2013-09-06_-_Pan-Pot_@_Music_ON_Pre-Party,_Caf%C3%A9_del_Mar,_Ibiza",,5,18,Darlyn Vlys,Stag Party [Mo's Ferry - MFP 065],Darlyn Vlys - Stag Party [Mo's Ferry - MFP 065]
"2013-09-06 - Pan-Pot @ Music ON Pre-Party, Café del Mar, Ibiza","https://www.mixesdb.com/w/2013-09-06_-_Pan-Pot_@_Music_ON_Pre-Party,_Caf%C3%A9_del_Mar,_Ibiza",,6,21,Paolo Rocco,People Say [Defected],Paolo Rocco - People Say [Defected]
"2013-09-06 - Pan-Pot @ Music ON Pre-Party, Café del Mar, Ibiza","https://www.mixesdb.com/w/2013-09-06_-_Pan-Pot_@_Music_ON_Pre-Party,_Caf%C3%A9_del_Mar,_Ibiza",,7,26,Nathan Barato,Under Dirt,Nathan Barato - Under Dirt
"2013-09-06 - Pan-Pot @ Music ON Pre-Party, Café del Mar, Ibiza","https://www.mixesdb.com/w/2013-09-06_-_Pan-Pot_@_Music_ON_Pre-Party,_Caf%C3%A9_del_Mar,_Ibiza",,8,32,,?,?
"2013-09-06 - Pan-Pot @ Music ON Pre-Party, Café del Mar, Ibiza","https://www.mixesdb.com/w/2013-09-06_-_Pan-Pot_@_Music_ON_Pre-Party,_Caf%C3%A9_del_Mar,_Ibiza",,9,37,Christian Smith & Wehbba,Make U Move [Tronic],Christian Smith & Wehbba - Make U Move [Tronic]
"2013-09-06 - Pan-Pot @ Music ON Pre-Party, Café del Mar, Ibiza","https://www.mixesdb.com/w/2013-09-06_-_Pan-Pot_@_Music_ON_Pre-Party,_Caf%C3%A9_del_Mar,_Ibiza",,10,42,Mr. G,Playerz [Phoenix G - PG 047],Mr. G - Playerz [Phoenix G - PG 047]
"2013-09-06 - Pan-Pot @ Music ON Pre-Party, Café del Mar, Ibiza","https://www.mixesdb.com/w/2013-09-06_-_Pan-Pot_@_Music_ON_Pre-Party,_Caf%C3%A9_del_Mar,_Ibiza",,11,47,Dosem,Abstral (Coyu Remix) [Tronic - TR 115],Dosem - Abstral (Coyu Remix) [Tronic - TR 115]
"2013-09-06 - Pan-Pot @ Music ON Pre-Party, Café del Mar, Ibiza","https://www.mixesdb.com/w/2013-09-06_-_Pan-Pot_@_Music_ON_Pre-Party,_Caf%C3%A9_del_Mar,_Ibiza",,12,51,Nic Fanciulli,Wild (Lauren Lane Remix) [Saved - 087],Nic Fanciulli - Wild (Lauren Lane Remix) [Saved - 087]
"2013-09-06 - Pan-Pot @ Music ON Pre-Party, Café del Mar, Ibiza","https://www.mixesdb.com/w/2013-09-06_-_Pan-Pot_@_Music_ON_Pre-Party,_Caf%C3%A9_del_Mar,_Ibiza",,13,55,Dansson & Marlon Hoffstadt,Shake That [Ffrrparlophone],Dansson & Marlon Hoffstadt - Shake That [Ffrrparlophone]
"2013-09-06 - Pan-Pot @ Music ON Pre-Party, Café del Mar, Ibiza","https://www.mixesdb.com/w/2013-09-06_-_Pan-Pot_@_Music_ON_Pre-Party,_Caf%C3%A9_del_Mar,_Ibiza",,14,55,Nate Dogg Feat. Eve,Get Up,Nate Dogg Feat. Eve - Get Up
"2013-09-06 - Pan-Pot @ Music ON Pre-Party, Café del Mar, Ibiza","https://www.mixesdb.com/w/2013-09-06_-_Pan-Pot_@_Music_ON_Pre-Party,_Caf%C3%A9_del_Mar,_Ibiza",,15,61,,?,?
"2013-09-06 - Pan-Pot @ Music ON Pre-Party, Café del Mar, Ibiza","https://www.mixesdb.com/w/2013-09-06_-_Pan-Pot_@_Music_ON_Pre-Party,_Caf%C3%A9_del_Mar,_Ibiza",,16,66,George Morel,Let's Groove (Coyu Remix) [Get Physical - GPM 238],George Morel - Let's Groove (Coyu Remix) [Get Physical - GPM 238]
"2013-09-06 - Pan-Pot @ Music ON Pre-Party, Café del Mar, Ibiza","https://www.mixesdb.com/w/2013-09-06_-_Pan-Pot_@_Music_ON_Pre-Party,_Caf%C3%A9_del_Mar,_Ibiza",,17,70,Benny Rodrigues,Future (Nic Fanciulli Remix) [EC - 096D],Benny Rodrigues - Future (Nic Fanciulli Remix) [EC - 096D]
"2013-09-06 - Pan-Pot @ Music ON Pre-Party, Café del Mar, Ibiza","https://www.mixesdb.com/w/2013-09-06_-_Pan-Pot_@_Music_ON_Pre-Party,_Caf%C3%A9_del_Mar,_Ibiza",,18,74,Inner City,Good Life (Ian O'Donovan Remix) [KMS - 128],Inner City - Good Life (Ian O'Donovan Remix) [KMS - 128]
"2013-09-06 - Pan-Pot @ Music ON Pre-Party, Café del Mar, Ibiza","https://www.mixesdb.com/w/2013-09-06_-_Pan-Pot_@_Music_ON_Pre-Party,_Caf%C3%A9_del_Mar,_Ibiza",,19,80,Maceo Plex,Under The Sheets [Defected],Maceo Plex - Under The Sheets [Defected]
"2017-06-24 - Pan-Pot @ Awakenings, Spaarnwoude, Amsterdam","https://www.mixesdb.com/w/2017-06-24_-_Pan-Pot_@_Awakenings,_Spaarnwoude,_Amsterdam",,1,000,Perc Feat. Gazelle Twin,Look What Your Love Has Done To Me [Perc Trax - TPTCD 008],Perc Feat. Gazelle Twin - Look What Your Love Has Done To Me [Perc Trax - TPTCD 008]
"2017-06-24 - Pan-Pot @ Awakenings, Spaarnwoude, Amsterdam","https://www.mixesdb.com/w/2017-06-24_-_Pan-Pot_@_Awakenings,_Spaarnwoude,_Amsterdam",,2,003,Alex Rubino,Dacks [Phobiq],Alex Rubino - Dacks [Phobiq]
"2017-06-24 - Pan-Pot @ Awakenings, Spaarnwoude, Amsterdam","https://www.mixesdb.com/w/2017-06-24_-_Pan-Pot_@_Awakenings,_Spaarnwoude,_Amsterdam",,3,007,Durtysoxxx,Disguise [Funk'n Deep Black - FNDBL 001],Durtysoxxx - Disguise [Funk'n Deep Black - FNDBL 001]
"2017-06-24 - Pan-Pot @ Awakenings, Spaarnwoude, Amsterdam","https://www.mixesdb.com/w/2017-06-24_-_Pan-Pot_@_Awakenings,_Spaarnwoude,_Amsterdam",,4,012,Alias,The Truth [Drumcode - DC 175],Alias - The Truth [Drumcode - DC 175]
"2017-06-24 - Pan-Pot @ Awakenings, Spaarnwoude, Amsterdam","https://www.mixesdb.com/w/2017-06-24_-_Pan-Pot_@_Awakenings,_Spaarnwoude,_Amsterdam",,5,016,Petter B,Tool 01 [Bond - 002],Petter B - Tool 01 [Bond - 002]
"2017-06-24 - Pan-Pot @ Awakenings, Spaarnwoude, Amsterdam","https://www.mixesdb.com/w/2017-06-24_-_Pan-Pot_@_Awakenings,_Spaarnwoude,_Amsterdam",,6,022,Andres Campo,Blocked [Odd - 004],Andres Campo - Blocked [Odd - 004]
"2017-06-24 - Pan-Pot @ Awakenings, Spaarnwoude, Amsterdam","https://www.mixesdb.com/w/2017-06-24_-_Pan-Pot_@_Awakenings,_Spaarnwoude,_Amsterdam",,7,025,Niereich,Red Storm [100% Pure - PUREDV 074],Niereich - Red Storm [100% Pure - PUREDV 074]
"2017-06-24 - Pan-Pot @ Awakenings, Spaarnwoude, Amsterdam","https://www.mixesdb.com/w/2017-06-24_-_Pan-Pot_@_Awakenings,_Spaarnwoude,_Amsterdam",,8,030,Dast,Last Dancer [Elevate - ELV 72],Dast - Last Dancer [Elevate - ELV 72]
"2017-06-24 - Pan-Pot @ Awakenings, Spaarnwoude, Amsterdam","https://www.mixesdb.com/w/2017-06-24_-_Pan-Pot_@_Awakenings,_Spaarnwoude,_Amsterdam",,9,036,Gabriel D'Or & Bordoy,Black Voyage (Live Version) [Selected - STD 194],Gabriel D'Or & Bordoy - Black Voyage (Live Version) [Selected - STD 194]
"2017-06-24 - Pan-Pot @ Awakenings, Spaarnwoude, Amsterdam","https://www.mixesdb.com/w/2017-06-24_-_Pan-Pot_@_Awakenings,_Spaarnwoude,_Amsterdam",,10,040,Ramiro Lopez Feat. Juliet Fox,Come Closer [Drumcode - DC 174],Ramiro Lopez Feat. Juliet Fox - Come Closer [Drumcode - DC 174]
"2017-06-24 - Pan-Pot @ Awakenings, Spaarnwoude, Amsterdam","https://www.mixesdb.com/w/2017-06-24_-_Pan-Pot_@_Awakenings,_Spaarnwoude,_Amsterdam",,11,044,Petter B,Roots (Pt 2) [Bond - 007],Petter B - Roots (Pt 2) [Bond - 007]
"2017-06-24 - Pan-Pot @ Awakenings, Spaarnwoude, Amsterdam","https://www.mixesdb.com/w/2017-06-24_-_Pan-Pot_@_Awakenings,_Spaarnwoude,_Amsterdam",,12,049,Slam,Vapour [Soma],Slam - Vapour [Soma]
"2017-06-24 - Pan-Pot @ Awakenings, Spaarnwoude, Amsterdam","https://www.mixesdb.com/w/2017-06-24_-_Pan-Pot_@_Awakenings,_Spaarnwoude,_Amsterdam",,13,056,A Sagittariun,The Pathway (MATRiXXMAN Remix) [Hypercolour - HYPE 063],A Sagittariun - The Pathway (MATRiXXMAN Remix) [Hypercolour - HYPE 063]
"2017-06-24 - Pan-Pot @ Awakenings, Spaarnwoude, Amsterdam","https://www.mixesdb.com/w/2017-06-24_-_Pan-Pot_@_Awakenings,_Spaarnwoude,_Amsterdam",,14,060,Slam & Mr. V,Take You There [Soma - 454D],Slam & Mr. V - Take You There [Soma - 454D]
"2017-06-24 - Pan-Pot @ Awakenings, Spaarnwoude, Amsterdam","https://www.mixesdb.com/w/2017-06-24_-_Pan-Pot_@_Awakenings,_Spaarnwoude,_Amsterdam",,15,064,HMC,Marauder (Edit) [Lightspeed - LSR 013],HMC - Marauder (Edit) [Lightspeed - LSR 013]
"2017-06-24 - Pan-Pot @ Awakenings, Spaarnwoude, Amsterdam","https://www.mixesdb.com/w/2017-06-24_-_Pan-Pot_@_Awakenings,_Spaarnwoude,_Amsterdam",,16,070,Atze Ton,Freedom [Technodrome - 10102312],Atze Ton - Freedom [Technodrome - 10102312]
"2017-06-24 - Pan-Pot @ Awakenings, Spaarnwoude, Amsterdam","https://www.mixesdb.com/w/2017-06-24_-_Pan-Pot_@_Awakenings,_Spaarnwoude,_Amsterdam",,17,072,Victor Vera,Pressure (Dani Sbert Remix) [Unity],Victor Vera - Pressure (Dani Sbert Remix) [Unity]
"2017-06-24 - Pan-Pot @ Awakenings, Spaarnwoude, Amsterdam","https://www.mixesdb.com/w/2017-06-24_-_Pan-Pot_@_Awakenings,_Spaarnwoude,_Amsterdam",,18,074,Alias,Dream Taker [Drumcode - DC 175],Alias - Dream Taker [Drumcode - DC 175]
"2017-06-24 - Pan-Pot @ Awakenings, Spaarnwoude, Amsterdam","https://www.mixesdb.com/w/2017-06-24_-_Pan-Pot_@_Awakenings,_Spaarnwoude,_Amsterdam",,19,078,Green Velvet,Flash (The Advent & Industrialyzer Remix) [Relief - RR 2041],Green Velvet - Flash (The Advent & Industrialyzer Remix) [Relief - RR 2041]
"2017-06-24 - Pan-Pot @ Awakenings, Spaarnwoude, Amsterdam","https://www.mixesdb.com/w/2017-06-24_-_Pan-Pot_@_Awakenings,_Spaarnwoude,_Amsterdam",,20,084,Raito,Rave 92 [Boysnoize - BNR 163],Raito - Rave 92 [Boysnoize - BNR 163]
"2017-06-24 - Pan-Pot @ Awakenings, Spaarnwoude, Amsterdam","https://www.mixesdb.com/w/2017-06-24_-_Pan-Pot_@_Awakenings,_Spaarnwoude,_Amsterdam",,21,088,The YellowHeads,7 Lives,The YellowHeads - 7 Lives
"2017-06-24 - Pan-Pot @ Awakenings, Spaarnwoude, Amsterdam","https://www.mixesdb.com/w/2017-06-24_-_Pan-Pot_@_Awakenings,_Spaarnwoude,_Amsterdam",,22,093,Dast,Sitting In The Sun [Elevate - ELV 72],Dast - Sitting In The Sun [Elevate - ELV 72]
"2017-06-24 - Pan-Pot @ Awakenings, Spaarnwoude, Amsterdam","https://www.mixesdb.com/w/2017-06-24_-_Pan-Pot_@_Awakenings,_Spaarnwoude,_Amsterdam",,23,098,Steve Mulder,Underground [Odd - 005],Steve Mulder - Underground [Odd - 005]
"2017-06-24 - Pan-Pot @ Awakenings, Spaarnwoude, Amsterdam","https://www.mixesdb.com/w/2017-06-24_-_Pan-Pot_@_Awakenings,_Spaarnwoude,_Amsterdam",,24,104,Sander van Doorn,The Rhythm (Extended Mix) [Doorn - 286APR],Sander van Doorn - The Rhythm (Extended Mix) [Doorn - 286APR]
"2017-06-24 - Pan-Pot @ Awakenings, Spaarnwoude, Amsterdam","https://www.mixesdb.com/w/2017-06-24_-_Pan-Pot_@_Awakenings,_Spaarnwoude,_Amsterdam",,25,109,Arjun Vagale,Acid Test [Second State Audio - SNDST 032],Arjun Vagale - Acid Test [Second State Audio - SNDST 032]
"2017-06-24 - Pan-Pot @ Awakenings, Spaarnwoude, Amsterdam","https://www.mixesdb.com/w/2017-06-24_-_Pan-Pot_@_Awakenings,_Spaarnwoude,_Amsterdam",,26,113,,?,?
"2017-06-24 - Pan-Pot @ Awakenings, Spaarnwoude, Amsterdam","https://www.mixesdb.com/w/2017-06-24_-_Pan-Pot_@_Awakenings,_Spaarnwoude,_Amsterdam",,27,117,Inner City,Big Fun 2017 (Piqué & Darksiight Remix) [KMS],Inner City - Big Fun 2017 (Piqué & Darksiight Remix) [KMS]
"2025-04-05 - Pan-Pot @ Time Warp, Mannheim, Germany","https://www.mixesdb.com/w/2025-04-05_-_Pan-Pot_@_Time_Warp,_Mannheim,_Germany",,1,002,Petter B,Before The After [Bond],Petter B - Before The After [Bond]
"2025-04-05 - Pan-Pot @ Time Warp, Mannheim, Germany","https://www.mixesdb.com/w/2025-04-05_-_Pan-Pot_@_Time_Warp,_Mannheim,_Germany",,2,005,Drunken Kong,Take The Bass [Tronic],Drunken Kong - Take The Bass [Tronic]
"2025-04-05 - Pan-Pot @ Time Warp, Mannheim, Germany","https://www.mixesdb.com/w/2025-04-05_-_Pan-Pot_@_Time_Warp,_Mannheim,_Germany",,3,009,Hollen & Simina Grigoriu,Wrong Or Right [Kuukou],Hollen & Simina Grigoriu - Wrong Or Right [Kuukou]
"2025-04-05 - Pan-Pot @ Time Warp, Mannheim, Germany","https://www.mixesdb.com/w/2025-04-05_-_Pan-Pot_@_Time_Warp,_Mannheim,_Germany",,4,012,Ignez & Rødhåd,VERMILLION 03 [220208:2],Ignez & Rødhåd - VERMILLION 03 [220208:2]
"2025-04-05 - Pan-Pot @ Time Warp, Mannheim, Germany","https://www.mixesdb.com/w/2025-04-05_-_Pan-Pot_@_Time_Warp,_Mannheim,_Germany",,5,017,Nino Blink,Chemicals [Night Light],Nino Blink - Chemicals [Night Light]
"2025-04-05 - Pan-Pot @ Time Warp, Mannheim, Germany","https://www.mixesdb.com/w/2025-04-05_-_Pan-Pot_@_Time_Warp,_Mannheim,_Germany",,6,020,Luis Miranda,Saturation [AnalyticTrail],Luis Miranda - Saturation [AnalyticTrail]
"2025-04-05 - Pan-Pot @ Time Warp, Mannheim, Germany","https://www.mixesdb.com/w/2025-04-05_-_Pan-Pot_@_Time_Warp,_Mannheim,_Germany",,7,024,Annie Hill,Alignment [Turbulence],Annie Hill - Alignment [Turbulence]
"2025-04-05 - Pan-Pot @ Time Warp, Mannheim, Germany","https://www.mixesdb.com/w/2025-04-05_-_Pan-Pot_@_Time_Warp,_Mannheim,_Germany",,8,028,DJ Dextro,Element One [Mutual Rytm],DJ Dextro - Element One [Mutual Rytm]
"2025-04-05 - Pan-Pot @ Time Warp, Mannheim, Germany","https://www.mixesdb.com/w/2025-04-05_-_Pan-Pot_@_Time_Warp,_Mannheim,_Germany",,9,0??,,?,?
"2025-04-05 - Pan-Pot @ Time Warp, Mannheim, Germany","https://www.mixesdb.com/w/2025-04-05_-_Pan-Pot_@_Time_Warp,_Mannheim,_Germany",,10,033,Mik&Ale,Reborn [JAM],Mik&Ale - Reborn [JAM]
"2025-04-05 - Pan-Pot @ Time Warp, Mannheim, Germany","https://www.mixesdb.com/w/2025-04-05_-_Pan-Pot_@_Time_Warp,_Mannheim,_Germany",,11,037,Slam,Beat On The Drum [Soma],Slam - Beat On The Drum [Soma]
"2025-04-05 - Pan-Pot @ Time Warp, Mannheim, Germany","https://www.mixesdb.com/w/2025-04-05_-_Pan-Pot_@_Time_Warp,_Mannheim,_Germany",,12,040,Marco Faraone,Open Your Eyes [DCLTD],Marco Faraone - Open Your Eyes [DCLTD]
"2025-04-05 - Pan-Pot @ Time Warp, Mannheim, Germany","https://www.mixesdb.com/w/2025-04-05_-_Pan-Pot_@_Time_Warp,_Mannheim,_Germany",,13,044,Portex,Feel The Adrenaline [OFF],Portex - Feel The Adrenaline [OFF]
"2025-04-05 - Pan-Pot @ Time Warp, Mannheim, Germany","https://www.mixesdb.com/w/2025-04-05_-_Pan-Pot_@_Time_Warp,_Mannheim,_Germany",,14,048,Jancen,Vertex [Drawner],Jancen - Vertex [Drawner]
"2025-04-05 - Pan-Pot @ Time Warp, Mannheim, Germany","https://www.mixesdb.com/w/2025-04-05_-_Pan-Pot_@_Time_Warp,_Mannheim,_Germany",,15,052,Benjamin Di Bora,Attracted To Me [Kraftek],Benjamin Di Bora - Attracted To Me [Kraftek]
"2025-04-05 - Pan-Pot @ Time Warp, Mannheim, Germany","https://www.mixesdb.com/w/2025-04-05_-_Pan-Pot_@_Time_Warp,_Mannheim,_Germany",,16,055,Pan-Pot,AERO (Extended Warehouse Mix) [Second State Audio],Pan-Pot - AERO (Extended Warehouse Mix) [Second State Audio]
"2025-04-05 - Pan-Pot @ Time Warp, Mannheim, Germany","https://www.mixesdb.com/w/2025-04-05_-_Pan-Pot_@_Time_Warp,_Mannheim,_Germany",,17,059,KiNK & Raredub,Time To Change [Mutual Rytm],KiNK & Raredub - Time To Change [Mutual Rytm]
"2025-04-05 - Pan-Pot @ Time Warp, Mannheim, Germany","https://www.mixesdb.com/w/2025-04-05_-_Pan-Pot_@_Time_Warp,_Mannheim,_Germany",,18,0??,DJ One Finger,One Finger (DJ Dextro Re-Edit 2024) [Missile],DJ One Finger - One Finger (DJ Dextro Re-Edit 2024) [Missile]
"2025-04-05 - Pan-Pot @ Time Warp, Mannheim, Germany","https://www.mixesdb.com/w/2025-04-05_-_Pan-Pot_@_Time_Warp,_Mannheim,_Germany",,19,066,Space 92 & Charles D,The Bouncer [Drumcode],Space 92 & Charles D - The Bouncer [Drumcode]
"2025-04-05 - Pan-Pot @ Time Warp, Mannheim, Germany","https://www.mixesdb.com/w/2025-04-05_-_Pan-Pot_@_Time_Warp,_Mannheim,_Germany",,20,070,KiNK & FJAAK,Overbridge [SPANDAU],KiNK & FJAAK - Overbridge [SPANDAU]
"2025-04-05 - Pan-Pot @ Time Warp, Mannheim, Germany","https://www.mixesdb.com/w/2025-04-05_-_Pan-Pot_@_Time_Warp,_Mannheim,_Germany",,21,073,Wehbba,BRAIN CONFUSION [HIFN],Wehbba - BRAIN CONFUSION [HIFN]
"2025-04-05 - Pan-Pot @ Time Warp, Mannheim, Germany","https://www.mixesdb.com/w/2025-04-05_-_Pan-Pot_@_Time_Warp,_Mannheim,_Germany",,22,077,,?,?
"2025-04-05 - Pan-Pot @ Time Warp, Mannheim, Germany","https://www.mixesdb.com/w/2025-04-05_-_Pan-Pot_@_Time_Warp,_Mannheim,_Germany",,23,081,Pablo Say,Anomaly [Codex],Pablo Say - Anomaly [Codex]
"2025-04-05 - Pan-Pot @ Time Warp, Mannheim, Germany","https://www.mixesdb.com/w/2025-04-05_-_Pan-Pot_@_Time_Warp,_Mannheim,_Germany",,24,086,The Southern,Particle [CLR],The Southern - Particle [CLR]
"2025-04-05 - Pan-Pot @ Time Warp, Mannheim, Germany","https://www.mixesdb.com/w/2025-04-05_-_Pan-Pot_@_Time_Warp,_Mannheim,_Germany",,25,088,Jens Mueller,Off To The River [DSR Digital],Jens Mueller - Off To The River [DSR Digital]
"2025-04-05 - Pan-Pot @ Time Warp, Mannheim, Germany","https://www.mixesdb.com/w/2025-04-05_-_Pan-Pot_@_Time_Warp,_Mannheim,_Germany",,26,092,Luis Miranda,I Can't Hear Shit [X Erie],Luis Miranda - I Can't Hear Shit [X Erie]
"2025-04-05 - Pan-Pot @ Time Warp, Mannheim, Germany","https://www.mixesdb.com/w/2025-04-05_-_Pan-Pot_@_Time_Warp,_Mannheim,_Germany",,27,096,Inner City & Simone Zino,Good Life (Extended Mix) [Kontor],Inner City & Simone Zino - Good Life (Extended Mix) [Kontor]
"2025-04-05 - Pan-Pot @ Time Warp, Mannheim, Germany","https://www.mixesdb.com/w/2025-04-05_-_Pan-Pot_@_Time_Warp,_Mannheim,_Germany",,28,099,Oxia,Bouni [Tronic Soundz],Oxia - Bouni [Tronic Soundz]
"2025-04-05 - Pan-Pot @ Time Warp, Mannheim, Germany","https://www.mixesdb.com/w/2025-04-05_-_Pan-Pot_@_Time_Warp,_Mannheim,_Germany",,29,104,Axel Karakasis,Unleashes [Remain],Axel Karakasis - Unleashes [Remain]
"2025-04-05 - Pan-Pot @ Time Warp, Mannheim, Germany","https://www.mixesdb.com/w/2025-04-05_-_Pan-Pot_@_Time_Warp,_Mannheim,_Germany",,30,107,Marco Bailey,Radiant Surge [MB Elektronics],Marco Bailey - Radiant Surge [MB Elektronics]
"2025-04-05 - Pan-Pot @ Time Warp, Mannheim, Germany","https://www.mixesdb.com/w/2025-04-05_-_Pan-Pot_@_Time_Warp,_Mannheim,_Germany",,31,110,Veerus,Hold On (Veerus X Devid Dega Rework) [Le Club],Veerus - Hold On (Veerus X Devid Dega Rework) [Le Club]
"2025-04-05 - Pan-Pot @ Time Warp, Mannheim, Germany","https://www.mixesdb.com/w/2025-04-05_-_Pan-Pot_@_Time_Warp,_Mannheim,_Germany",,32,113,Marco Faraone,Enigma [DCLTD],Marco Faraone - Enigma [DCLTD]
"2025-04-05 - Pan-Pot @ Time Warp, Mannheim, Germany","https://www.mixesdb.com/w/2025-04-05_-_Pan-Pot_@_Time_Warp,_Mannheim,_Germany",,33,117,Pan-Pot,OPERA (Street Parade Anthem) (Club Mix) [Second State Audio],Pan-Pot - OPERA (Street Parade Anthem) (Club Mix) [Second State Audio]
2020-04-13 - Pan-Pot - Berlin Studio Broadcast,https://www.mixesdb.com/w/2020-04-13_-_Pan-Pot_-_Berlin_Studio_Broadcast,,1,000,Earth Trax,Fade Away [Shall Not Fade - SNFLP003],Earth Trax - Fade Away [Shall Not Fade - SNFLP003]
2020-04-13 - Pan-Pot - Berlin Studio Broadcast,https://www.mixesdb.com/w/2020-04-13_-_Pan-Pot_-_Berlin_Studio_Broadcast,,2,006,Zeta Reticula,12 Parsecs [Mechatronica - MTRON013],Zeta Reticula - 12 Parsecs [Mechatronica - MTRON013]
2020-04-13 - Pan-Pot - Berlin Studio Broadcast,https://www.mixesdb.com/w/2020-04-13_-_Pan-Pot_-_Berlin_Studio_Broadcast,,3,011,Grammar Of Movement,Plastic Games [Lobster Theremin - LTUNDR08],Grammar Of Movement - Plastic Games [Lobster Theremin - LTUNDR08]
2020-04-13 - Pan-Pot - Berlin Studio Broadcast,https://www.mixesdb.com/w/2020-04-13_-_Pan-Pot_-_Berlin_Studio_Broadcast,,4,014,Nocturnal Sunshine,Meant To Be [K7 - K7295DTM],Nocturnal Sunshine - Meant To Be [K7 - K7295DTM]
2020-04-13 - Pan-Pot - Berlin Studio Broadcast,https://www.mixesdb.com/w/2020-04-13_-_Pan-Pot_-_Berlin_Studio_Broadcast,,5,020,Christian Smith & Wehbba,Living In A Vacuum (Zeta Reticula Remix) [Tronic - TR288],Christian Smith & Wehbba - Living In A Vacuum (Zeta Reticula Remix) [Tronic - TR288]
2020-04-13 - Pan-Pot - Berlin Studio Broadcast,https://www.mixesdb.com/w/2020-04-13_-_Pan-Pot_-_Berlin_Studio_Broadcast,,6,026,Zeta Reticula,Formation Of Life [Mechatronica - MTRON013],Zeta Reticula - Formation Of Life [Mechatronica - MTRON013]
2020-04-13 - Pan-Pot - Berlin Studio Broadcast,https://www.mixesdb.com/w/2020-04-13_-_Pan-Pot_-_Berlin_Studio_Broadcast,,7,031,Francois X,Intersection [Out Of Place - OOP004],Francois X - Intersection [Out Of Place - OOP004]
2020-04-13 - Pan-Pot - Berlin Studio Broadcast,https://www.mixesdb.com/w/2020-04-13_-_Pan-Pot_-_Berlin_Studio_Broadcast,,8,036,Angioma,Reverberate [AnalyticTrail - ANT108],Angioma - Reverberate [AnalyticTrail - ANT108]
2020-04-13 - Pan-Pot - Berlin Studio Broadcast,https://www.mixesdb.com/w/2020-04-13_-_Pan-Pot_-_Berlin_Studio_Broadcast,,9,041,M.I.T.A.,Never Hold Back [Codex - CODEX063],M.I.T.A. - Never Hold Back [Codex - CODEX063]
2020-04-13 - Pan-Pot - Berlin Studio Broadcast,https://www.mixesdb.com/w/2020-04-13_-_Pan-Pot_-_Berlin_Studio_Broadcast,,10,047,Dnio,Stranger Woman [ELEVATE - ELV140],Dnio - Stranger Woman [ELEVATE - ELV140]
2020-04-13 - Pan-Pot - Berlin Studio Broadcast,https://www.mixesdb.com/w/2020-04-13_-_Pan-Pot_-_Berlin_Studio_Broadcast,,11,050,,?,?
2020-04-13 - Pan-Pot - Berlin Studio Broadcast,https://www.mixesdb.com/w/2020-04-13_-_Pan-Pot_-_Berlin_Studio_Broadcast,,12,057,Under Black Helmet,Mute (Moerbeck Remix) [Code Is Law - CODEISLAW019],Under Black Helmet - Mute (Moerbeck Remix) [Code Is Law - CODEISLAW019]
2020-04-13 - Pan-Pot - Berlin Studio Broadcast,https://www.mixesdb.com/w/2020-04-13_-_Pan-Pot_-_Berlin_Studio_Broadcast,,13,063,Brothers Black,Justify [Bade - BADE014],Brothers Black - Justify [Bade - BADE014]
2020-04-13 - Pan-Pot - Berlin Studio Broadcast,https://www.mixesdb.com/w/2020-04-13_-_Pan-Pot_-_Berlin_Studio_Broadcast,,14,068,M.I.T.A.,Excelsior [Codex - CODEX063],M.I.T.A. - Excelsior [Codex - CODEX063]
2020-04-13 - Pan-Pot - Berlin Studio Broadcast,https://www.mixesdb.com/w/2020-04-13_-_Pan-Pot_-_Berlin_Studio_Broadcast,,15,074,A Thousand Details,Don Pesino (Wind Scythe Version) [ATD - ATD003],A Thousand Details - Don Pesino (Wind Scythe Version) [ATD - ATD003]
2020-04-13 - Pan-Pot - Berlin Studio Broadcast,https://www.mixesdb.com/w/2020-04-13_-_Pan-Pot_-_Berlin_Studio_Broadcast,,16,080,Essor,First The Kick [Taub - TAUB024],Essor - First The Kick [Taub - TAUB024]
2020-04-13 - Pan-Pot - Berlin Studio Broadcast,https://www.mixesdb.com/w/2020-04-13_-_Pan-Pot_-_Berlin_Studio_Broadcast,,17,087,D.Dan,Take It Easy [Lobster Theremin - LT065],D.Dan - Take It Easy [Lobster Theremin - LT065]
2020-04-13 - Pan-Pot - Berlin Studio Broadcast,https://www.mixesdb.com/w/2020-04-13_-_Pan-Pot_-_Berlin_Studio_Broadcast,,18,092,David Löhlein,Altai (Rene Wise Remix) [Vision Ekstase - VERMX001],David Löhlein - Altai (Rene Wise Remix) [Vision Ekstase - VERMX001]
2020-04-13 - Pan-Pot - Berlin Studio Broadcast,https://www.mixesdb.com/w/2020-04-13_-_Pan-Pot_-_Berlin_Studio_Broadcast,,19,097,Nuke,Hidden Clicks (Truncate Remix) [Code - CODE18],Nuke - Hidden Clicks (Truncate Remix) [Code - CODE18]
2020-04-13 - Pan-Pot - Berlin Studio Broadcast,https://www.mixesdb.com/w/2020-04-13_-_Pan-Pot_-_Berlin_Studio_Broadcast,,20,101,Cleric,Luddite [Clergy - CRG019],Cleric - Luddite [Clergy - CRG019]
2020-04-13 - Pan-Pot - Berlin Studio Broadcast,https://www.mixesdb.com/w/2020-04-13_-_Pan-Pot_-_Berlin_Studio_Broadcast,,21,106,M.I.T.A.,Purpose [Codex - CODEX063],M.I.T.A. - Purpose [Codex - CODEX063]
2020-04-13 - Pan-Pot - Berlin Studio Broadcast,https://www.mixesdb.com/w/2020-04-13_-_Pan-Pot_-_Berlin_Studio_Broadcast,,22,111,Hans Bouffmyhre,Electric Warning [Suara - SUARA392],Hans Bouffmyhre - Electric Warning [Suara - SUARA392]
2020-04-13 - Pan-Pot - Berlin Studio Broadcast,https://www.mixesdb.com/w/2020-04-13_-_Pan-Pot_-_Berlin_Studio_Broadcast,,23,115,Mike Davis (DE),Beyond The Zero 3 [Brenda - BRENDA012],Mike Davis (DE) - Beyond The Zero 3 [Brenda - BRENDA012]
2020-04-13 - Pan-Pot - Berlin Studio Broadcast,https://www.mixesdb.com/w/2020-04-13_-_Pan-Pot_-_Berlin_Studio_Broadcast,,24,121,Daniel Boon,Acid Men [IAMT - IAMT202],Daniel Boon - Acid Men [IAMT - IAMT202]
2020-04-13 - Pan-Pot - Berlin Studio Broadcast,https://www.mixesdb.com/w/2020-04-13_-_Pan-Pot_-_Berlin_Studio_Broadcast,,25,125,Michael Klein,Inspiration (YUADA Remix) [BLK DRP - BLKDRP009],Michael Klein - Inspiration (YUADA Remix) [BLK DRP - BLKDRP009]
2020-04-13 - Pan-Pot - Berlin Studio Broadcast,https://www.mixesdb.com/w/2020-04-13_-_Pan-Pot_-_Berlin_Studio_Broadcast,,26,130,Dnio,Generations [ELEVATE - ELV140],Dnio - Generations [ELEVATE - ELV140]
2020-04-13 - Pan-Pot - Berlin Studio Broadcast,https://www.mixesdb.com/w/2020-04-13_-_Pan-Pot_-_Berlin_Studio_Broadcast,,27,134,Bauernfeind,Gilead [Live From Earth Klub - LFEK007D],Bauernfeind - Gilead [Live From Earth Klub - LFEK007D]
2020-04-13 - Pan-Pot - Berlin Studio Broadcast,https://www.mixesdb.com/w/2020-04-13_-_Pan-Pot_-_Berlin_Studio_Broadcast,,28,141,Ashee,Techno Face [Life And Death - LAD049D],Ashee - Techno Face [Life And Death - LAD049D]
2020-04-13 - Pan-Pot - Berlin Studio Broadcast,https://www.mixesdb.com/w/2020-04-13_-_Pan-Pot_-_Berlin_Studio_Broadcast,,29,146,Angioma,Ostenious [AnalyticTrail - ANT108],Angioma - Ostenious [AnalyticTrail - ANT108]
2020-04-13 - Pan-Pot - Berlin Studio Broadcast,https://www.mixesdb.com/w/2020-04-13_-_Pan-Pot_-_Berlin_Studio_Broadcast,,30,151,Robots With No Soul,Still I Rise [Kneaded Pains - KPLP06],Robots With No Soul - Still I Rise [Kneaded Pains - KPLP06]
"2018-03-31 - Pan-Pot @ Awakenings Easter Special, Gashouder, Amsterdam","https://www.mixesdb.com/w/2018-03-31_-_Pan-Pot_@_Awakenings_Easter_Special,_Gashouder,_Amsterdam",,1,000,,?,?
"2018-03-31 - Pan-Pot @ Awakenings Easter Special, Gashouder, Amsterdam","https://www.mixesdb.com/w/2018-03-31_-_Pan-Pot_@_Awakenings_Easter_Special,_Gashouder,_Amsterdam",,2,001,Stephan Hinz,As The Universe Glows [Suara - 305],Stephan Hinz - As The Universe Glows [Suara - 305]
"2018-03-31 - Pan-Pot @ Awakenings Easter Special, Gashouder, Amsterdam","https://www.mixesdb.com/w/2018-03-31_-_Pan-Pot_@_Awakenings_Easter_Special,_Gashouder,_Amsterdam",,3,007,Thomas Hoffknecht,Triple [Nonlinear Systems - NLS012],Thomas Hoffknecht - Triple [Nonlinear Systems - NLS012]
"2018-03-31 - Pan-Pot @ Awakenings Easter Special, Gashouder, Amsterdam","https://www.mixesdb.com/w/2018-03-31_-_Pan-Pot_@_Awakenings_Easter_Special,_Gashouder,_Amsterdam",,4,012,Bart Skils & Reinier Zonneveld,Snakecharmer [Filth On Acid - FOA024],Bart Skils & Reinier Zonneveld - Snakecharmer [Filth On Acid - FOA024]
"2018-03-31 - Pan-Pot @ Awakenings Easter Special, Gashouder, Amsterdam","https://www.mixesdb.com/w/2018-03-31_-_Pan-Pot_@_Awakenings_Easter_Special,_Gashouder,_Amsterdam",,5,016,DEAS,Velocity [Second State - SNDST042],DEAS - Velocity [Second State - SNDST042]
"2018-03-31 - Pan-Pot @ Awakenings Easter Special, Gashouder, Amsterdam","https://www.mixesdb.com/w/2018-03-31_-_Pan-Pot_@_Awakenings_Easter_Special,_Gashouder,_Amsterdam",,6,019,Giacomo Renzi,Obsession [JAM - 005],Giacomo Renzi - Obsession [JAM - 005]
"2018-03-31 - Pan-Pot @ Awakenings Easter Special, Gashouder, Amsterdam","https://www.mixesdb.com/w/2018-03-31_-_Pan-Pot_@_Awakenings_Easter_Special,_Gashouder,_Amsterdam",,7,025,Roel Salemink,Empresa (DEAS Remix) [Gynoid - D161],Roel Salemink - Empresa (DEAS Remix) [Gynoid - D161]
"2018-03-31 - Pan-Pot @ Awakenings Easter Special, Gashouder, Amsterdam","https://www.mixesdb.com/w/2018-03-31_-_Pan-Pot_@_Awakenings_Easter_Special,_Gashouder,_Amsterdam",,8,029,Developer,Lost Moments (Len Faki Hardspace Mix) [LFRMX - 006],Developer - Lost Moments (Len Faki Hardspace Mix) [LFRMX - 006]
"2018-03-31 - Pan-Pot @ Awakenings Easter Special, Gashouder, Amsterdam","https://www.mixesdb.com/w/2018-03-31_-_Pan-Pot_@_Awakenings_Easter_Special,_Gashouder,_Amsterdam",,9,032,Sebastian Groth,Snow Leopard (Gary Burrows Remix) [Eclipse - ECLR136],Sebastian Groth - Snow Leopard (Gary Burrows Remix) [Eclipse - ECLR136]
"2018-03-31 - Pan-Pot @ Awakenings Easter Special, Gashouder, Amsterdam","https://www.mixesdb.com/w/2018-03-31_-_Pan-Pot_@_Awakenings_Easter_Special,_Gashouder,_Amsterdam",,10,038,Vitalic,La Rock 01 [International Deejay Gigolo - Gigolo 69],Vitalic - La Rock 01 [International Deejay Gigolo - Gigolo 69]
"2018-03-31 - Pan-Pot @ Awakenings Easter Special, Gashouder, Amsterdam","https://www.mixesdb.com/w/2018-03-31_-_Pan-Pot_@_Awakenings_Easter_Special,_Gashouder,_Amsterdam",,11,042,Emmanuel Top,This Is Cocaine (Regal Remix) [Filth On Acid - FOA020],Emmanuel Top - This Is Cocaine (Regal Remix) [Filth On Acid - FOA020]
"2018-03-31 - Pan-Pot @ Awakenings Easter Special, Gashouder, Amsterdam","https://www.mixesdb.com/w/2018-03-31_-_Pan-Pot_@_Awakenings_Easter_Special,_Gashouder,_Amsterdam",,12,048,Ignacio Arfeli,Love Disorder (Gaston Zani Remix) [Transmit - TRSMT119],Ignacio Arfeli - Love Disorder (Gaston Zani Remix) [Transmit - TRSMT119]
"2018-03-31 - Pan-Pot @ Awakenings Easter Special, Gashouder, Amsterdam","https://www.mixesdb.com/w/2018-03-31_-_Pan-Pot_@_Awakenings_Easter_Special,_Gashouder,_Amsterdam",,13,054,,?,?
"2018-03-31 - Pan-Pot @ Awakenings Easter Special, Gashouder, Amsterdam","https://www.mixesdb.com/w/2018-03-31_-_Pan-Pot_@_Awakenings_Easter_Special,_Gashouder,_Amsterdam",,14,058,Egbert,Zaag [Mindshake - 049],Egbert - Zaag [Mindshake - 049]
"2018-03-31 - Pan-Pot @ Awakenings Easter Special, Gashouder, Amsterdam","https://www.mixesdb.com/w/2018-03-31_-_Pan-Pot_@_Awakenings_Easter_Special,_Gashouder,_Amsterdam",,15,063,Petter B,Roots Part2 [BOND - 007],Petter B - Roots Part2 [BOND - 007]
"2018-03-31 - Pan-Pot @ Awakenings Easter Special, Gashouder, Amsterdam","https://www.mixesdb.com/w/2018-03-31_-_Pan-Pot_@_Awakenings_Easter_Special,_Gashouder,_Amsterdam",,16,067,Slam & Green Velvet,Take Your Time [Soma - 505D],Slam & Green Velvet - Take Your Time [Soma - 505D]
"2018-03-31 - Pan-Pot @ Awakenings Easter Special, Gashouder, Amsterdam","https://www.mixesdb.com/w/2018-03-31_-_Pan-Pot_@_Awakenings_Easter_Special,_Gashouder,_Amsterdam",,17,072,,?,?
"2018-03-31 - Pan-Pot @ Awakenings Easter Special, Gashouder, Amsterdam","https://www.mixesdb.com/w/2018-03-31_-_Pan-Pot_@_Awakenings_Easter_Special,_Gashouder,_Amsterdam",,18,078,The Advent,Matter (Mark Broom Remix) [Geushky - GKY004],The Advent - Matter (Mark Broom Remix) [Geushky - GKY004]
"2018-03-31 - Pan-Pot @ Awakenings Easter Special, Gashouder, Amsterdam","https://www.mixesdb.com/w/2018-03-31_-_Pan-Pot_@_Awakenings_Easter_Special,_Gashouder,_Amsterdam",,19,083,ANNA,Hidden Beauties [Kompakt - EX101D],ANNA - Hidden Beauties [Kompakt - EX101D]
"2018-03-31 - Pan-Pot @ Awakenings Easter Special, Gashouder, Amsterdam","https://www.mixesdb.com/w/2018-03-31_-_Pan-Pot_@_Awakenings_Easter_Special,_Gashouder,_Amsterdam",,20,089,,?,?
"2018-03-31 - Pan-Pot @ Awakenings Easter Special, Gashouder, Amsterdam","https://www.mixesdb.com/w/2018-03-31_-_Pan-Pot_@_Awakenings_Easter_Special,_Gashouder,_Amsterdam",,21,095,Joy Kitikonti,Joyenergizer (Phisical Mix) [BXR - 1124],Joy Kitikonti - Joyenergizer (Phisical Mix) [BXR - 1124]
"2018-03-31 - Pan-Pot @ Awakenings Easter Special, Gashouder, Amsterdam","https://www.mixesdb.com/w/2018-03-31_-_Pan-Pot_@_Awakenings_Easter_Special,_Gashouder,_Amsterdam",,22,101,Jark Prongo,Movin Thru Your System (Dave Clarke Remix) [Hooj Tunes - HOOJ72],Jark Prongo - Movin Thru Your System (Dave Clarke Remix) [Hooj Tunes - HOOJ72]
"2018-03-31 - Pan-Pot @ Awakenings Easter Special, Gashouder, Amsterdam","https://www.mixesdb.com/w/2018-03-31_-_Pan-Pot_@_Awakenings_Easter_Special,_Gashouder,_Amsterdam",,23,105,Thomas Hoffknecht,Woodpecker [Micro.Fon - MF62],Thomas Hoffknecht - Woodpecker [Micro.Fon - MF62]
"2018-03-31 - Pan-Pot @ Awakenings Easter Special, Gashouder, Amsterdam","https://www.mixesdb.com/w/2018-03-31_-_Pan-Pot_@_Awakenings_Easter_Special,_Gashouder,_Amsterdam",,24,108,Toni Alvarez & Miguel Do Reis,Pump Up The Swag (M. Fukuda Remix) [Eclipse - ECLR099],Toni Alvarez & Miguel Do Reis - Pump Up The Swag (M. Fukuda Remix) [Eclipse - ECLR099]
"2018-03-31 - Pan-Pot @ Awakenings Easter Special, Gashouder, Amsterdam","https://www.mixesdb.com/w/2018-03-31_-_Pan-Pot_@_Awakenings_Easter_Special,_Gashouder,_Amsterdam",,25,114,Underworld,Born Slippy [TVT - 8731-2],Underworld - Born Slippy [TVT - 8731-2]
"2018-03-31 - Pan-Pot @ Awakenings Easter Special, Gashouder, Amsterdam","https://www.mixesdb.com/w/2018-03-31_-_Pan-Pot_@_Awakenings_Easter_Special,_Gashouder,_Amsterdam",,26,118,The Prodigy,Breathe [XL - LP 121],The Prodigy - Breathe [XL - LP 121]
"2013-06-13 - Pan-Pot @ Mobilee Pool Session, Fact Music Pool Series, Sonar","https://www.mixesdb.com/w/2013-06-13_-_Pan-Pot_@_Mobilee_Pool_Session,_Fact_Music_Pool_Series,_Sonar",,1,00,D-Nox & Beckers,The Cave [Suara - 085],D-Nox & Beckers - The Cave [Suara - 085]
"2013-06-13 - Pan-Pot @ Mobilee Pool Session, Fact Music Pool Series, Sonar","https://www.mixesdb.com/w/2013-06-13_-_Pan-Pot_@_Mobilee_Pool_Session,_Fact_Music_Pool_Series,_Sonar",,2,07,Tom Flynn,Shelter [8 Bit - 068],Tom Flynn - Shelter [8 Bit - 068]
"2013-06-13 - Pan-Pot @ Mobilee Pool Session, Fact Music Pool Series, Sonar","https://www.mixesdb.com/w/2013-06-13_-_Pan-Pot_@_Mobilee_Pool_Session,_Fact_Music_Pool_Series,_Sonar",,3,11,Serge & Tyrell,House Countdown (EPS Deng't Mix) [Clone Jack For Daze - CJFD 15],Serge & Tyrell - House Countdown (EPS Deng't Mix) [Clone Jack For Daze - CJFD 15]
"2013-06-13 - Pan-Pot @ Mobilee Pool Session, Fact Music Pool Series, Sonar","https://www.mixesdb.com/w/2013-06-13_-_Pan-Pot_@_Mobilee_Pool_Session,_Fact_Music_Pool_Series,_Sonar",,4,16,Mathias Kaden,Propeller [Desolat],Mathias Kaden - Propeller [Desolat]
"2013-06-13 - Pan-Pot @ Mobilee Pool Session, Fact Music Pool Series, Sonar","https://www.mixesdb.com/w/2013-06-13_-_Pan-Pot_@_Mobilee_Pool_Session,_Fact_Music_Pool_Series,_Sonar",,5,22,Nic Fanciulli,Wild (Lauren Lane Remix) [Saved - 087],Nic Fanciulli - Wild (Lauren Lane Remix) [Saved - 087]
"2013-06-13 - Pan-Pot @ Mobilee Pool Session, Fact Music Pool Series, Sonar","https://www.mixesdb.com/w/2013-06-13_-_Pan-Pot_@_Mobilee_Pool_Session,_Fact_Music_Pool_Series,_Sonar",,6,26,Ali Love Feat. Kali,Emperor (Maceo Plex Last Disco Remix) [Crosstown Rebels - CRM 108],Ali Love Feat. Kali - Emperor (Maceo Plex Last Disco Remix) [Crosstown Rebels - CRM 108]
"2013-06-13 - Pan-Pot @ Mobilee Pool Session, Fact Music Pool Series, Sonar","https://www.mixesdb.com/w/2013-06-13_-_Pan-Pot_@_Mobilee_Pool_Session,_Fact_Music_Pool_Series,_Sonar",,7,31,Sono,Keep Control (H.O.S.H. Mix),Sono - Keep Control (H.O.S.H. Mix)
"2013-06-13 - Pan-Pot @ Mobilee Pool Session, Fact Music Pool Series, Sonar","https://www.mixesdb.com/w/2013-06-13_-_Pan-Pot_@_Mobilee_Pool_Session,_Fact_Music_Pool_Series,_Sonar",,8,38,Julien Chaptal,Eat Ya Foe [Saved - 093],Julien Chaptal - Eat Ya Foe [Saved - 093]
"2013-06-13 - Pan-Pot @ Mobilee Pool Session, Fact Music Pool Series, Sonar","https://www.mixesdb.com/w/2013-06-13_-_Pan-Pot_@_Mobilee_Pool_Session,_Fact_Music_Pool_Series,_Sonar",,9,43,Mario Ochoa,Lockdown [100% Pure - PUREDV 022],Mario Ochoa - Lockdown [100% Pure - PUREDV 022]
"2013-06-13 - Pan-Pot @ Mobilee Pool Session, Fact Music Pool Series, Sonar","https://www.mixesdb.com/w/2013-06-13_-_Pan-Pot_@_Mobilee_Pool_Session,_Fact_Music_Pool_Series,_Sonar",,10,49,Green Velvet,Destination Unknown (C2 Detroit-Chicago Unity Dub),Green Velvet - Destination Unknown (C2 Detroit-Chicago Unity Dub)
"2013-06-13 - Pan-Pot @ Mobilee Pool Session, Fact Music Pool Series, Sonar","https://www.mixesdb.com/w/2013-06-13_-_Pan-Pot_@_Mobilee_Pool_Session,_Fact_Music_Pool_Series,_Sonar",,11,56,Rachel Row,Follow The Step (KiNK Beat Mix) [Defected],Rachel Row - Follow The Step (KiNK Beat Mix) [Defected]
"2018-07-04 - Pan-Pot @ Output, NYC","https://www.mixesdb.com/w/2018-07-04_-_Pan-Pot_@_Output,_NYC",,1,000,Pan-Pot,Startphase [Second State - SNDST050],Pan-Pot - Startphase [Second State - SNDST050]
"2018-07-04 - Pan-Pot @ Output, NYC","https://www.mixesdb.com/w/2018-07-04_-_Pan-Pot_@_Output,_NYC",,2,004,,?,?
"2018-07-04 - Pan-Pot @ Output, NYC","https://www.mixesdb.com/w/2018-07-04_-_Pan-Pot_@_Output,_NYC",,3,008,Flug,Take It Easy [Suara - SUARA309],Flug - Take It Easy [Suara - SUARA309]
"2018-07-04 - Pan-Pot @ Output, NYC","https://www.mixesdb.com/w/2018-07-04_-_Pan-Pot_@_Output,_NYC",,4,012,Confidns,6 Sekunden [Second State - SNDST048],Confidns - 6 Sekunden [Second State - SNDST048]
"2018-07-04 - Pan-Pot @ Output, NYC","https://www.mixesdb.com/w/2018-07-04_-_Pan-Pot_@_Output,_NYC",,5,016,Avision,Free Your Mind [Matter - MAT014],Avision - Free Your Mind [Matter - MAT014]
"2018-07-04 - Pan-Pot @ Output, NYC","https://www.mixesdb.com/w/2018-07-04_-_Pan-Pot_@_Output,_NYC",,6,022,Cardao,Phenomena [Quartz - QRZ034],Cardao - Phenomena [Quartz - QRZ034]
"2018-07-04 - Pan-Pot @ Output, NYC","https://www.mixesdb.com/w/2018-07-04_-_Pan-Pot_@_Output,_NYC",,7,027,Charlotte de Witte,Silence [novamute - BINOMU183],Charlotte de Witte - Silence [novamute - BINOMU183]
"2018-07-04 - Pan-Pot @ Output, NYC","https://www.mixesdb.com/w/2018-07-04_-_Pan-Pot_@_Output,_NYC",,8,031,Setaoc Mass,Eurhythmic [SK_Eleven - SK11006],Setaoc Mass - Eurhythmic [SK_Eleven - SK11006]
"2018-07-04 - Pan-Pot @ Output, NYC","https://www.mixesdb.com/w/2018-07-04_-_Pan-Pot_@_Output,_NYC",,9,035,Sudo,Neu [Gem - GEM055],Sudo - Neu [Gem - GEM055]
"2018-07-04 - Pan-Pot @ Output, NYC","https://www.mixesdb.com/w/2018-07-04_-_Pan-Pot_@_Output,_NYC",,10,040,Cleric,Phantom Limb [Soma - SOMA518D],Cleric - Phantom Limb [Soma - SOMA518D]
"2018-07-04 - Pan-Pot @ Output, NYC","https://www.mixesdb.com/w/2018-07-04_-_Pan-Pot_@_Output,_NYC",,11,044,BEC,Sines & Breaks 03 [Voight - VGT008],BEC - Sines & Breaks 03 [Voight - VGT008]
"2018-07-04 - Pan-Pot @ Output, NYC","https://www.mixesdb.com/w/2018-07-04_-_Pan-Pot_@_Output,_NYC",,12,049,Charlotte de Witte,The Healer [novamute - BINOMU183],Charlotte de Witte - The Healer [novamute - BINOMU183]
"2018-07-04 - Pan-Pot @ Output, NYC","https://www.mixesdb.com/w/2018-07-04_-_Pan-Pot_@_Output,_NYC",,13,055,Andre Crom,Mind Control [Sleaze (UK) - SLEAZE142],Andre Crom - Mind Control [Sleaze (UK) - SLEAZE142]
"2018-07-04 - Pan-Pot @ Output, NYC","https://www.mixesdb.com/w/2018-07-04_-_Pan-Pot_@_Output,_NYC",,14,060,Cleric & Dax J,The Triangle [Clergy - CRG005],Cleric & Dax J - The Triangle [Clergy - CRG005]
"2018-07-04 - Pan-Pot @ Output, NYC","https://www.mixesdb.com/w/2018-07-04_-_Pan-Pot_@_Output,_NYC",,15,064,Kontal,Parallel [Soma - SOMA521D],Kontal - Parallel [Soma - SOMA521D]
"2018-07-04 - Pan-Pot @ Output, NYC","https://www.mixesdb.com/w/2018-07-04_-_Pan-Pot_@_Output,_NYC",,16,068,Setaoc Mass,True Lies [SK_Eleven - SK11006],Setaoc Mass - True Lies [SK_Eleven - SK11006]
"2018-07-04 - Pan-Pot @ Output, NYC","https://www.mixesdb.com/w/2018-07-04_-_Pan-Pot_@_Output,_NYC",,17,073,Odyssee Of Noises,Firedance (The Night) (Len Faki Hardspace Mix) [LF RMX - LFRMX008],Odyssee Of Noises - Firedance (The Night) (Len Faki Hardspace Mix) [LF RMX - LFRMX008]
"2018-07-04 - Pan-Pot @ Output, NYC","https://www.mixesdb.com/w/2018-07-04_-_Pan-Pot_@_Output,_NYC",,18,078,Cassegrain,Caracal [Arcing Seas - ARCS04],Cassegrain - Caracal [Arcing Seas - ARCS04]
"2018-07-04 - Pan-Pot @ Output, NYC","https://www.mixesdb.com/w/2018-07-04_-_Pan-Pot_@_Output,_NYC",,19,084,Wehbba,Mind Awake [Drumcode - DC192],Wehbba - Mind Awake [Drumcode - DC192]
"2018-07-04 - Pan-Pot @ Output, NYC","https://www.mixesdb.com/w/2018-07-04_-_Pan-Pot_@_Output,_NYC",,20,086,Jeroen Search,Reduced External Awareness [Dynamic Reflection - DREF034],Jeroen Search - Reduced External Awareness [Dynamic Reflection - DREF034]
"2018-07-04 - Pan-Pot @ Output, NYC","https://www.mixesdb.com/w/2018-07-04_-_Pan-Pot_@_Output,_NYC",,21,091,Wehbba,Catarse [Drumcode - DC192],Wehbba - Catarse [Drumcode - DC192]
"2018-07-04 - Pan-Pot @ Output, NYC","https://www.mixesdb.com/w/2018-07-04_-_Pan-Pot_@_Output,_NYC",,22,095,Takaaki Itoh,Wisher [Mord - 047],Takaaki Itoh - Wisher [Mord - 047]
"2018-07-04 - Pan-Pot @ Output, NYC","https://www.mixesdb.com/w/2018-07-04_-_Pan-Pot_@_Output,_NYC",,23,101,Wehbba,Process [Drumcode - DC192],Wehbba - Process [Drumcode - DC192]
"2018-07-04 - Pan-Pot @ Output, NYC","https://www.mixesdb.com/w/2018-07-04_-_Pan-Pot_@_Output,_NYC",,24,105,Deas -Plan X [Secret Room,SRR007],Deas -Plan X [Secret Room - SRR007]
"2018-07-04 - Pan-Pot @ Output, NYC","https://www.mixesdb.com/w/2018-07-04_-_Pan-Pot_@_Output,_NYC",,25,110,Fjaak,Keep The Funk [FJAAK - FJAAK003],Fjaak - Keep The Funk [FJAAK - FJAAK003]
"2018-07-04 - Pan-Pot @ Output, NYC","https://www.mixesdb.com/w/2018-07-04_-_Pan-Pot_@_Output,_NYC",,26,115,Keith Carnal,Racidence [Arts - A017],Keith Carnal - Racidence [Arts - A017]
"2018-07-04 - Pan-Pot @ Output, NYC","https://www.mixesdb.com/w/2018-07-04_-_Pan-Pot_@_Output,_NYC",,27,119,Drumcomplex,Atomic [Off - OFF171],Drumcomplex - Atomic [Off - OFF171]
"2018-07-04 - Pan-Pot @ Output, NYC","https://www.mixesdb.com/w/2018-07-04_-_Pan-Pot_@_Output,_NYC",,28,124,Mark Broom,Nucleus (Raiz Remix) [Gynoid Audio - GYNOID017],Mark Broom - Nucleus (Raiz Remix) [Gynoid Audio - GYNOID017]
"2018-07-04 - Pan-Pot @ Output, NYC","https://www.mixesdb.com/w/2018-07-04_-_Pan-Pot_@_Output,_NYC",,29,128,,?,?
"2018-07-04 - Pan-Pot @ Output, NYC","https://www.mixesdb.com/w/2018-07-04_-_Pan-Pot_@_Output,_NYC",,30,133,,?,?
"2018-07-04 - Pan-Pot @ Output, NYC","https://www.mixesdb.com/w/2018-07-04_-_Pan-Pot_@_Output,_NYC",,31,137,Glaskin,Paralysis [Hotflush - HFT066],Glaskin - Paralysis [Hotflush - HFT066]
"2018-07-04 - Pan-Pot @ Output, NYC","https://www.mixesdb.com/w/2018-07-04_-_Pan-Pot_@_Output,_NYC",,32,141,Oliver Way,Lucky Dip (Barrow Boy Remix) [ePM - EPM62D],Oliver Way - Lucky Dip (Barrow Boy Remix) [ePM - EPM62D]
"2018-07-04 - Pan-Pot @ Output, NYC","https://www.mixesdb.com/w/2018-07-04_-_Pan-Pot_@_Output,_NYC",,33,145,TKNO,Sanctuary (Avision Remix) [Off - OFF163],TKNO - Sanctuary (Avision Remix) [Off - OFF163]
"2018-07-04 - Pan-Pot @ Output, NYC","https://www.mixesdb.com/w/2018-07-04_-_Pan-Pot_@_Output,_NYC",,34,149,The YellowHeads,Dungeons (Alex Bau Remix) [Reload Black - RBL001],The YellowHeads - Dungeons (Alex Bau Remix) [Reload Black - RBL001]
"2018-07-04 - Pan-Pot @ Output, NYC","https://www.mixesdb.com/w/2018-07-04_-_Pan-Pot_@_Output,_NYC",,35,154,Flug,Rave (Coyu Raw Mix) [Suara - SUARA315],Flug - Rave (Coyu Raw Mix) [Suara - SUARA315]
"2018-07-04 - Pan-Pot @ Output, NYC","https://www.mixesdb.com/w/2018-07-04_-_Pan-Pot_@_Output,_NYC",,36,159,Camea,JAK U (Matrixxman Self Love Mix) [Neverwhere - NVR004D],Camea - JAK U (Matrixxman Self Love Mix) [Neverwhere - NVR004D]
"2018-07-04 - Pan-Pot @ Output, NYC","https://www.mixesdb.com/w/2018-07-04_-_Pan-Pot_@_Output,_NYC",,37,164,,?,?
"2018-07-04 - Pan-Pot @ Output, NYC","https://www.mixesdb.com/w/2018-07-04_-_Pan-Pot_@_Output,_NYC",,38,169,Robert Hood,Low Life [M-Plant - MPM30],Robert Hood - Low Life [M-Plant - MPM30]
"2018-07-04 - Pan-Pot @ Output, NYC","https://www.mixesdb.com/w/2018-07-04_-_Pan-Pot_@_Output,_NYC",,39,172,Missing Channel,Onslaught (Fjaak Remix) [FJAAK - FJAAK002],Missing Channel - Onslaught (Fjaak Remix) [FJAAK - FJAAK002]
"2018-07-04 - Pan-Pot @ Output, NYC","https://www.mixesdb.com/w/2018-07-04_-_Pan-Pot_@_Output,_NYC",,40,177,DJ Dextro,Simetrico [Hardwandler - HWR137],DJ Dextro - Simetrico [Hardwandler - HWR137]
"2018-07-04 - Pan-Pot @ Output, NYC","https://www.mixesdb.com/w/2018-07-04_-_Pan-Pot_@_Output,_NYC",,41,181,Superstrobe,Glitch [Phobiq - PHOBIQ0186D],Superstrobe - Glitch [Phobiq - PHOBIQ0186D]
"2018-07-04 - Pan-Pot @ Output, NYC","https://www.mixesdb.com/w/2018-07-04_-_Pan-Pot_@_Output,_NYC",,42,184,747,Pangea [Aquaregia - AQR008],747 - Pangea [Aquaregia - AQR008]
"2018-07-04 - Pan-Pot @ Output, NYC","https://www.mixesdb.com/w/2018-07-04_-_Pan-Pot_@_Output,_NYC",,43,191,Christian Smith & John Selway,Snake (Jam El Mar Remix) [Tronic - TR288],Christian Smith & John Selway - Snake (Jam El Mar Remix) [Tronic - TR288]
"2018-07-04 - Pan-Pot @ Output, NYC","https://www.mixesdb.com/w/2018-07-04_-_Pan-Pot_@_Output,_NYC",,44,196,Oliver Deutschmann,Fokus [Voight - VGT005],Oliver Deutschmann - Fokus [Voight - VGT005]
"2018-07-04 - Pan-Pot @ Output, NYC","https://www.mixesdb.com/w/2018-07-04_-_Pan-Pot_@_Output,_NYC",,45,200,Pan-Pot,Funke [Second State - SNDST045],Pan-Pot - Funke [Second State - SNDST045]
"2018-07-04 - Pan-Pot @ Output, NYC","https://www.mixesdb.com/w/2018-07-04_-_Pan-Pot_@_Output,_NYC",,46,206,DJ Deep,New Horizon (Roman Poncet 'Steps' Remix) [Deeply Rooted - DRH054],DJ Deep - New Horizon (Roman Poncet 'Steps' Remix) [Deeply Rooted - DRH054]
"2018-07-04 - Pan-Pot @ Output, NYC","https://www.mixesdb.com/w/2018-07-04_-_Pan-Pot_@_Output,_NYC",,47,210,2pole,Atom [Tronic - TR277],2pole - Atom [Tronic - TR277]
"2018-07-04 - Pan-Pot @ Output, NYC","https://www.mixesdb.com/w/2018-07-04_-_Pan-Pot_@_Output,_NYC",,48,215,Cleric,Moxie [Soma - SOMA503D],Cleric - Moxie [Soma - SOMA503D]
"2018-07-04 - Pan-Pot @ Output, NYC","https://www.mixesdb.com/w/2018-07-04_-_Pan-Pot_@_Output,_NYC",,49,219,,?,?
"2018-07-04 - Pan-Pot @ Output, NYC","https://www.mixesdb.com/w/2018-07-04_-_Pan-Pot_@_Output,_NYC",,50,223,Spiros Kaloumenos,Stellar Evolution [Alleanza - ALLE107],Spiros Kaloumenos - Stellar Evolution [Alleanza - ALLE107]
"2018-07-04 - Pan-Pot @ Output, NYC","https://www.mixesdb.com/w/2018-07-04_-_Pan-Pot_@_Output,_NYC",,51,227,Christian Smith & John Selway,Living In A Vacuum (Zeta Reticula Remix) [Tronic - TR288],Christian Smith & John Selway - Living In A Vacuum (Zeta Reticula Remix) [Tronic - TR288]
"2018-07-04 - Pan-Pot @ Output, NYC","https://www.mixesdb.com/w/2018-07-04_-_Pan-Pot_@_Output,_NYC",,52,235,Dirty Channels & Bugsy Feat. Amina,Alone (Pezzner Remix - Josh Wink Rethink Dub) [Ovum - OVM223],Dirty Channels & Bugsy Feat. Amina - Alone (Pezzner Remix - Josh Wink Rethink Dub) [Ovum - OVM223]
"2018-07-04 - Pan-Pot @ Output, NYC","https://www.mixesdb.com/w/2018-07-04_-_Pan-Pot_@_Output,_NYC",,53,241,Clint Stewart Feat. Tone Of Arc,Warpaint (Acapella) [Second State - SNDST003],Clint Stewart Feat. Tone Of Arc - Warpaint (Acapella) [Second State - SNDST003]
"2017-04-01 - Pan-Pot @ Time Warp, Mannheim, Germany","https://www.mixesdb.com/w/2017-04-01_-_Pan-Pot_@_Time_Warp,_Mannheim,_Germany",,1,000,Shelley Johannson,Like That [Octopus Black - OCTBLK 040],Shelley Johannson - Like That [Octopus Black - OCTBLK 040]
"2017-04-01 - Pan-Pot @ Time Warp, Mannheim, Germany","https://www.mixesdb.com/w/2017-04-01_-_Pan-Pot_@_Time_Warp,_Mannheim,_Germany",,2,002,Adana Twins,Uncompromising [Diynamic - DIYFTTF 08],Adana Twins - Uncompromising [Diynamic - DIYFTTF 08]
"2017-04-01 - Pan-Pot @ Time Warp, Mannheim, Germany","https://www.mixesdb.com/w/2017-04-01_-_Pan-Pot_@_Time_Warp,_Mannheim,_Germany",,3,005,,?,?
"2017-04-01 - Pan-Pot @ Time Warp, Mannheim, Germany","https://www.mixesdb.com/w/2017-04-01_-_Pan-Pot_@_Time_Warp,_Mannheim,_Germany",,4,012,M Fukuda,Backtrack [Octopus Black - OCTBLK 042],M Fukuda - Backtrack [Octopus Black - OCTBLK 042]
"2017-04-01 - Pan-Pot @ Time Warp, Mannheim, Germany","https://www.mixesdb.com/w/2017-04-01_-_Pan-Pot_@_Time_Warp,_Mannheim,_Germany",,5,015,Christian Smith,Initiate Sequence (Julian Jeweil Remix) [Tronic - TR 229],Christian Smith - Initiate Sequence (Julian Jeweil Remix) [Tronic - TR 229]
"2017-04-01 - Pan-Pot @ Time Warp, Mannheim, Germany","https://www.mixesdb.com/w/2017-04-01_-_Pan-Pot_@_Time_Warp,_Mannheim,_Germany",,6,020,Etai Tarazi,Love Her [Elevate - ELV 68],Etai Tarazi - Love Her [Elevate - ELV 68]
"2017-04-01 - Pan-Pot @ Time Warp, Mannheim, Germany","https://www.mixesdb.com/w/2017-04-01_-_Pan-Pot_@_Time_Warp,_Mannheim,_Germany",,7,024,Ilario Alicante,Times [Drumcode],Ilario Alicante - Times [Drumcode]
"2017-04-01 - Pan-Pot @ Time Warp, Mannheim, Germany","https://www.mixesdb.com/w/2017-04-01_-_Pan-Pot_@_Time_Warp,_Mannheim,_Germany",,8,029,M. Fukuda,Another One [Octopus Black],M. Fukuda - Another One [Octopus Black]
"2017-04-01 - Pan-Pot @ Time Warp, Mannheim, Germany","https://www.mixesdb.com/w/2017-04-01_-_Pan-Pot_@_Time_Warp,_Mannheim,_Germany",,9,033,Jeff Rushin,Wondering [ARTS],Jeff Rushin - Wondering [ARTS]
"2017-04-01 - Pan-Pot @ Time Warp, Mannheim, Germany","https://www.mixesdb.com/w/2017-04-01_-_Pan-Pot_@_Time_Warp,_Mannheim,_Germany",,10,037,Sam Paganini,Skin [JAM],Sam Paganini - Skin [JAM]
"2017-04-01 - Pan-Pot @ Time Warp, Mannheim, Germany","https://www.mixesdb.com/w/2017-04-01_-_Pan-Pot_@_Time_Warp,_Mannheim,_Germany",,11,042,Petter B,Tool 01 [Bond - 002],Petter B - Tool 01 [Bond - 002]
"2017-04-01 - Pan-Pot @ Time Warp, Mannheim, Germany","https://www.mixesdb.com/w/2017-04-01_-_Pan-Pot_@_Time_Warp,_Mannheim,_Germany",,12,048,Metodi Hristov,Helicopter [Octopus Black - OCTBLK 041],Metodi Hristov - Helicopter [Octopus Black - OCTBLK 041]
"2017-04-01 - Pan-Pot @ Time Warp, Mannheim, Germany","https://www.mixesdb.com/w/2017-04-01_-_Pan-Pot_@_Time_Warp,_Mannheim,_Germany",,13,052,Sam Paganini,Desire [JAM - 001],Sam Paganini - Desire [JAM - 001]
"2017-04-01 - Pan-Pot @ Time Warp, Mannheim, Germany","https://www.mixesdb.com/w/2017-04-01_-_Pan-Pot_@_Time_Warp,_Mannheim,_Germany",,14,057,Balthazar & JackRock,Liquify [Phobiq],Balthazar & JackRock - Liquify [Phobiq]
"2017-04-01 - Pan-Pot @ Time Warp, Mannheim, Germany","https://www.mixesdb.com/w/2017-04-01_-_Pan-Pot_@_Time_Warp,_Mannheim,_Germany",,15,062,D-Deck,Dakar [Alleanza],D-Deck - Dakar [Alleanza]
"2017-04-01 - Pan-Pot @ Time Warp, Mannheim, Germany","https://www.mixesdb.com/w/2017-04-01_-_Pan-Pot_@_Time_Warp,_Mannheim,_Germany",,16,068,,?,?
"2017-04-01 - Pan-Pot @ Time Warp, Mannheim, Germany","https://www.mixesdb.com/w/2017-04-01_-_Pan-Pot_@_Time_Warp,_Mannheim,_Germany",,17,073,Ray Kajioka,Ruderberg [Kanzleramt - KA 173],Ray Kajioka - Ruderberg [Kanzleramt - KA 173]
"2017-04-01 - Pan-Pot @ Time Warp, Mannheim, Germany","https://www.mixesdb.com/w/2017-04-01_-_Pan-Pot_@_Time_Warp,_Mannheim,_Germany",,18,077,Etai Tarazi,Relax [Elevate - ELV 68],Etai Tarazi - Relax [Elevate - ELV 68]
"2017-04-01 - Pan-Pot @ Time Warp, Mannheim, Germany","https://www.mixesdb.com/w/2017-04-01_-_Pan-Pot_@_Time_Warp,_Mannheim,_Germany",,19,082,Petter B,Roots (Pt 2) [Bond - 007],Petter B - Roots (Pt 2) [Bond - 007]
"2017-04-01 - Pan-Pot @ Time Warp, Mannheim, Germany","https://www.mixesdb.com/w/2017-04-01_-_Pan-Pot_@_Time_Warp,_Mannheim,_Germany",,20,088,Slam,Vapour [Soma],Slam - Vapour [Soma]
"2017-04-01 - Pan-Pot @ Time Warp, Mannheim, Germany","https://www.mixesdb.com/w/2017-04-01_-_Pan-Pot_@_Time_Warp,_Mannheim,_Germany",,21,093,SLV,Planetary [Soma - 480D],SLV - Planetary [Soma - 480D]
"2017-04-01 - Pan-Pot @ Time Warp, Mannheim, Germany","https://www.mixesdb.com/w/2017-04-01_-_Pan-Pot_@_Time_Warp,_Mannheim,_Germany",,22,098,DJ T-1000,Distorter (Ray Kajioka Remix) [AYCB],DJ T-1000 - Distorter (Ray Kajioka Remix) [AYCB]
"2017-04-01 - Pan-Pot @ Time Warp, Mannheim, Germany","https://www.mixesdb.com/w/2017-04-01_-_Pan-Pot_@_Time_Warp,_Mannheim,_Germany",,23,101,Charles Fenckler,Raven [Soma - 479D],Charles Fenckler - Raven [Soma - 479D]
"2017-04-01 - Pan-Pot @ Time Warp, Mannheim, Germany","https://www.mixesdb.com/w/2017-04-01_-_Pan-Pot_@_Time_Warp,_Mannheim,_Germany",,24,106,Amelie Lens,Contradiction [Second State Audio - SNDST 029],Amelie Lens - Contradiction [Second State Audio - SNDST 029]
"2017-04-01 - Pan-Pot @ Time Warp, Mannheim, Germany","https://www.mixesdb.com/w/2017-04-01_-_Pan-Pot_@_Time_Warp,_Mannheim,_Germany",,25,111,Patrick Chardronnet,Oxygene Part II [Second State Audio],Patrick Chardronnet - Oxygene Part II [Second State Audio]
"2017-04-01 - Pan-Pot @ Time Warp, Mannheim, Germany","https://www.mixesdb.com/w/2017-04-01_-_Pan-Pot_@_Time_Warp,_Mannheim,_Germany",,26,115,,?,?
"2025-10-18 - Pan-Pot @ Fridas Pier, Stuttgart, Germany (Drumcode Radio, DCR795)","https://www.mixesdb.com/w/2025-10-18_-_Pan-Pot_@_Fridas_Pier,_Stuttgart,_Germany_(Drumcode_Radio,_DCR795)",,1,001,Marco V,Loxia [Be Yourself Music],Marco V - Loxia [Be Yourself Music]
"2025-10-18 - Pan-Pot @ Fridas Pier, Stuttgart, Germany (Drumcode Radio, DCR795)","https://www.mixesdb.com/w/2025-10-18_-_Pan-Pot_@_Fridas_Pier,_Stuttgart,_Germany_(Drumcode_Radio,_DCR795)",,2,006,,?,?
"2025-10-18 - Pan-Pot @ Fridas Pier, Stuttgart, Germany (Drumcode Radio, DCR795)","https://www.mixesdb.com/w/2025-10-18_-_Pan-Pot_@_Fridas_Pier,_Stuttgart,_Germany_(Drumcode_Radio,_DCR795)",,3,011,Pan-Pot,Nightcode (Extended Mix) [Second State Audio],Pan-Pot - Nightcode (Extended Mix) [Second State Audio]
"2025-10-18 - Pan-Pot @ Fridas Pier, Stuttgart, Germany (Drumcode Radio, DCR795)","https://www.mixesdb.com/w/2025-10-18_-_Pan-Pot_@_Fridas_Pier,_Stuttgart,_Germany_(Drumcode_Radio,_DCR795)",,4,015,Bailey Ibbs,Manic Room [Frenzy],Bailey Ibbs - Manic Room [Frenzy]
"2025-10-18 - Pan-Pot @ Fridas Pier, Stuttgart, Germany (Drumcode Radio, DCR795)","https://www.mixesdb.com/w/2025-10-18_-_Pan-Pot_@_Fridas_Pier,_Stuttgart,_Germany_(Drumcode_Radio,_DCR795)",,5,020,Audio State,Awake [Klangtrauma],Audio State - Awake [Klangtrauma]
"2025-10-18 - Pan-Pot @ Fridas Pier, Stuttgart, Germany (Drumcode Radio, DCR795)","https://www.mixesdb.com/w/2025-10-18_-_Pan-Pot_@_Fridas_Pier,_Stuttgart,_Germany_(Drumcode_Radio,_DCR795)",,6,023,Simone Zino,Momentum [JAM],Simone Zino - Momentum [JAM]
"2025-10-18 - Pan-Pot @ Fridas Pier, Stuttgart, Germany (Drumcode Radio, DCR795)","https://www.mixesdb.com/w/2025-10-18_-_Pan-Pot_@_Fridas_Pier,_Stuttgart,_Germany_(Drumcode_Radio,_DCR795)",,7,027,Frank Biazzi,Don't Stop! [Tronic],Frank Biazzi - Don't Stop! [Tronic]
"2025-10-18 - Pan-Pot @ Fridas Pier, Stuttgart, Germany (Drumcode Radio, DCR795)","https://www.mixesdb.com/w/2025-10-18_-_Pan-Pot_@_Fridas_Pier,_Stuttgart,_Germany_(Drumcode_Radio,_DCR795)",,8,030,ADRIANNA,Never Never Land (Extended Mix) [Temple House Music],ADRIANNA - Never Never Land (Extended Mix) [Temple House Music]
"2025-10-18 - Pan-Pot @ Fridas Pier, Stuttgart, Germany (Drumcode Radio, DCR795)","https://www.mixesdb.com/w/2025-10-18_-_Pan-Pot_@_Fridas_Pier,_Stuttgart,_Germany_(Drumcode_Radio,_DCR795)",,9,034,Outlander,Vamp (Adam Beyer Edit),Outlander - Vamp (Adam Beyer Edit)
"2025-10-18 - Pan-Pot @ Fridas Pier, Stuttgart, Germany (Drumcode Radio, DCR795)","https://www.mixesdb.com/w/2025-10-18_-_Pan-Pot_@_Fridas_Pier,_Stuttgart,_Germany_(Drumcode_Radio,_DCR795)",,10,039,Gary Beck,French System [CROWD],Gary Beck - French System [CROWD]
"2025-10-18 - Pan-Pot @ Fridas Pier, Stuttgart, Germany (Drumcode Radio, DCR795)","https://www.mixesdb.com/w/2025-10-18_-_Pan-Pot_@_Fridas_Pier,_Stuttgart,_Germany_(Drumcode_Radio,_DCR795)",,11,044,Pan-Pot,Kaltstrom (Extended Mix) [Second State Audio],Pan-Pot - Kaltstrom (Extended Mix) [Second State Audio]
"2025-10-18 - Pan-Pot @ Fridas Pier, Stuttgart, Germany (Drumcode Radio, DCR795)","https://www.mixesdb.com/w/2025-10-18_-_Pan-Pot_@_Fridas_Pier,_Stuttgart,_Germany_(Drumcode_Radio,_DCR795)",,12,048,SHDW & Obscure Shape,Dancer In The Dark [Mutual Rytm],SHDW & Obscure Shape - Dancer In The Dark [Mutual Rytm]
"2025-10-18 - Pan-Pot @ Fridas Pier, Stuttgart, Germany (Drumcode Radio, DCR795)","https://www.mixesdb.com/w/2025-10-18_-_Pan-Pot_@_Fridas_Pier,_Stuttgart,_Germany_(Drumcode_Radio,_DCR795)",,13,052,DJ Rush,Get On Up (Thomas Schumacher Remix) [Electric Ballroom],DJ Rush - Get On Up (Thomas Schumacher Remix) [Electric Ballroom]
"2025-10-18 - Pan-Pot @ Fridas Pier, Stuttgart, Germany (Drumcode Radio, DCR795)","https://www.mixesdb.com/w/2025-10-18_-_Pan-Pot_@_Fridas_Pier,_Stuttgart,_Germany_(Drumcode_Radio,_DCR795)",,14,055,Kaufmann & BRONCHO,Broncho's Sandman [Drumcode],Kaufmann & BRONCHO - Broncho's Sandman [Drumcode]
"2025-10-18 - Pan-Pot @ Fridas Pier, Stuttgart, Germany (Drumcode Radio, DCR795)","https://www.mixesdb.com/w/2025-10-18_-_Pan-Pot_@_Fridas_Pier,_Stuttgart,_Germany_(Drumcode_Radio,_DCR795)",,15,061,Gray Cosmo,Excess [JAM],Gray Cosmo - Excess [JAM]
"2025-10-18 - Pan-Pot @ Fridas Pier, Stuttgart, Germany (Drumcode Radio, DCR795)","https://www.mixesdb.com/w/2025-10-18_-_Pan-Pot_@_Fridas_Pier,_Stuttgart,_Germany_(Drumcode_Radio,_DCR795)",,16,065,,?,?
"2025-10-18 - Pan-Pot @ Fridas Pier, Stuttgart, Germany (Drumcode Radio, DCR795)","https://www.mixesdb.com/w/2025-10-18_-_Pan-Pot_@_Fridas_Pier,_Stuttgart,_Germany_(Drumcode_Radio,_DCR795)",,17,0??,,?,?
"2025-10-18 - Pan-Pot @ Fridas Pier, Stuttgart, Germany (Drumcode Radio, DCR795)","https://www.mixesdb.com/w/2025-10-18_-_Pan-Pot_@_Fridas_Pier,_Stuttgart,_Germany_(Drumcode_Radio,_DCR795)",,18,074,Ray Kajioka & Heiko Laux,Wrecking [Kanzleramt],Ray Kajioka & Heiko Laux - Wrecking [Kanzleramt]
"2025-10-18 - Pan-Pot @ Fridas Pier, Stuttgart, Germany (Drumcode Radio, DCR795)","https://www.mixesdb.com/w/2025-10-18_-_Pan-Pot_@_Fridas_Pier,_Stuttgart,_Germany_(Drumcode_Radio,_DCR795)",,19,078,,?,?
"2025-10-18 - Pan-Pot @ Fridas Pier, Stuttgart, Germany (Drumcode Radio, DCR795)","https://www.mixesdb.com/w/2025-10-18_-_Pan-Pot_@_Fridas_Pier,_Stuttgart,_Germany_(Drumcode_Radio,_DCR795)",,20,083,Hertz,Fat Fingers [Sway],Hertz - Fat Fingers [Sway]
"2025-10-18 - Pan-Pot @ Fridas Pier, Stuttgart, Germany (Drumcode Radio, DCR795)","https://www.mixesdb.com/w/2025-10-18_-_Pan-Pot_@_Fridas_Pier,_Stuttgart,_Germany_(Drumcode_Radio,_DCR795)",,21,087,Ken Ishii,Autopilot [RSPX],Ken Ishii - Autopilot [RSPX]
"2025-10-18 - Pan-Pot @ Fridas Pier, Stuttgart, Germany (Drumcode Radio, DCR795)","https://www.mixesdb.com/w/2025-10-18_-_Pan-Pot_@_Fridas_Pier,_Stuttgart,_Germany_(Drumcode_Radio,_DCR795)",,22,093,Jimmy Edgar,Strike (Hardspace Mix) [Hardspace],Jimmy Edgar - Strike (Hardspace Mix) [Hardspace]
"2025-10-18 - Pan-Pot @ Fridas Pier, Stuttgart, Germany (Drumcode Radio, DCR795)","https://www.mixesdb.com/w/2025-10-18_-_Pan-Pot_@_Fridas_Pier,_Stuttgart,_Germany_(Drumcode_Radio,_DCR795)",,23,097,Adam Beyer & Julian Jeweil,Loca [Drumcode],Adam Beyer & Julian Jeweil - Loca [Drumcode]
"2025-10-18 - Pan-Pot @ Fridas Pier, Stuttgart, Germany (Drumcode Radio, DCR795)","https://www.mixesdb.com/w/2025-10-18_-_Pan-Pot_@_Fridas_Pier,_Stuttgart,_Germany_(Drumcode_Radio,_DCR795)",,24,100,,?,?
"2025-10-18 - Pan-Pot @ Fridas Pier, Stuttgart, Germany (Drumcode Radio, DCR795)","https://www.mixesdb.com/w/2025-10-18_-_Pan-Pot_@_Fridas_Pier,_Stuttgart,_Germany_(Drumcode_Radio,_DCR795)",,25,104,Frank Biazzi,Fusion [Tronic],Frank Biazzi - Fusion [Tronic]
"2025-10-18 - Pan-Pot @ Fridas Pier, Stuttgart, Germany (Drumcode Radio, DCR795)","https://www.mixesdb.com/w/2025-10-18_-_Pan-Pot_@_Fridas_Pier,_Stuttgart,_Germany_(Drumcode_Radio,_DCR795)",,26,106,Marshall Jefferson & Bart Skils,Sweet Harmony (Extended Mix) [Helix],Marshall Jefferson & Bart Skils - Sweet Harmony (Extended Mix) [Helix]
"2025-10-18 - Pan-Pot @ Fridas Pier, Stuttgart, Germany (Drumcode Radio, DCR795)","https://www.mixesdb.com/w/2025-10-18_-_Pan-Pot_@_Fridas_Pier,_Stuttgart,_Germany_(Drumcode_Radio,_DCR795)",,27,111,,?,?
"2025-10-18 - Pan-Pot @ Fridas Pier, Stuttgart, Germany (Drumcode Radio, DCR795)","https://www.mixesdb.com/w/2025-10-18_-_Pan-Pot_@_Fridas_Pier,_Stuttgart,_Germany_(Drumcode_Radio,_DCR795)",,28,114,Michelle Sparks,Mindweave (Chicago Loop Remix) [Tronic],Michelle Sparks - Mindweave (Chicago Loop Remix) [Tronic]
"2025-10-18 - Pan-Pot @ Fridas Pier, Stuttgart, Germany (Drumcode Radio, DCR795)","https://www.mixesdb.com/w/2025-10-18_-_Pan-Pot_@_Fridas_Pier,_Stuttgart,_Germany_(Drumcode_Radio,_DCR795)",,29,119,The Prodigy,Breathe [XL],The Prodigy - Breathe [XL]
"2025-10-18 - Pan-Pot @ Fridas Pier, Stuttgart, Germany (Drumcode Radio, DCR795)","https://www.mixesdb.com/w/2025-10-18_-_Pan-Pot_@_Fridas_Pier,_Stuttgart,_Germany_(Drumcode_Radio,_DCR795)",,30,122,Pan-Pot,AERO (Warehouse Mix) [Second State Audio],Pan-Pot - AERO (Warehouse Mix) [Second State Audio]
"2025-10-18 - Pan-Pot @ Fridas Pier, Stuttgart, Germany (Drumcode Radio, DCR795)","https://www.mixesdb.com/w/2025-10-18_-_Pan-Pot_@_Fridas_Pier,_Stuttgart,_Germany_(Drumcode_Radio,_DCR795)",,31,126,"HI-LO, Oliver Heldens",REESE (Extended Mix) [Drumcode],"HI-LO, Oliver Heldens - REESE (Extended Mix) [Drumcode]"
"2018-08-02 - Pan-Pot @ Untold Festival, Cluj-Napoca, Romania","https://www.mixesdb.com/w/2018-08-02_-_Pan-Pot_@_Untold_Festival,_Cluj-Napoca,_Romania",,1,000,Ellen Allien,Call Me (Emmanuel Top Remix) [BPitch Control - BPC332],Ellen Allien - Call Me (Emmanuel Top Remix) [BPitch Control - BPC332]
"2018-08-02 - Pan-Pot @ Untold Festival, Cluj-Napoca, Romania","https://www.mixesdb.com/w/2018-08-02_-_Pan-Pot_@_Untold_Festival,_Cluj-Napoca,_Romania",,2,003,[ Wex 10 ],Ictus [Odd - ODD019],[ Wex 10 ] - Ictus [Odd - ODD019]
"2018-08-02 - Pan-Pot @ Untold Festival, Cluj-Napoca, Romania","https://www.mixesdb.com/w/2018-08-02_-_Pan-Pot_@_Untold_Festival,_Cluj-Napoca,_Romania",,3,007,Nicolas Taboada,Action [Unrilis - UNRILIS041],Nicolas Taboada - Action [Unrilis - UNRILIS041]
"2018-08-02 - Pan-Pot @ Untold Festival, Cluj-Napoca, Romania","https://www.mixesdb.com/w/2018-08-02_-_Pan-Pot_@_Untold_Festival,_Cluj-Napoca,_Romania",,4,012,Blicz,New Doctrine [Involve - INV021],Blicz - New Doctrine [Involve - INV021]
"2018-08-02 - Pan-Pot @ Untold Festival, Cluj-Napoca, Romania","https://www.mixesdb.com/w/2018-08-02_-_Pan-Pot_@_Untold_Festival,_Cluj-Napoca,_Romania",,5,016,Marco Bailey,Acid Dragon [Materia - MATERIA012],Marco Bailey - Acid Dragon [Materia - MATERIA012]
"2018-08-02 - Pan-Pot @ Untold Festival, Cluj-Napoca, Romania","https://www.mixesdb.com/w/2018-08-02_-_Pan-Pot_@_Untold_Festival,_Cluj-Napoca,_Romania",,6,019,Harvey McKay,Other Side Of The Void [Suara - SUARA330],Harvey McKay - Other Side Of The Void [Suara - SUARA330]
"2018-08-02 - Pan-Pot @ Untold Festival, Cluj-Napoca, Romania","https://www.mixesdb.com/w/2018-08-02_-_Pan-Pot_@_Untold_Festival,_Cluj-Napoca,_Romania",,7,024,Giovanni Carozza,Old Contact [Bitten - BITT135],Giovanni Carozza - Old Contact [Bitten - BITT135]
"2018-08-02 - Pan-Pot @ Untold Festival, Cluj-Napoca, Romania","https://www.mixesdb.com/w/2018-08-02_-_Pan-Pot_@_Untold_Festival,_Cluj-Napoca,_Romania",,8,029,Flug,Rejected (Sam Paganini Remix) [JAM - JAM006],Flug - Rejected (Sam Paganini Remix) [JAM - JAM006]
"2018-08-02 - Pan-Pot @ Untold Festival, Cluj-Napoca, Romania","https://www.mixesdb.com/w/2018-08-02_-_Pan-Pot_@_Untold_Festival,_Cluj-Napoca,_Romania",,9,033,Wehbba,Mind Awake [Drumcode - DC192],Wehbba - Mind Awake [Drumcode - DC192]
"2018-08-02 - Pan-Pot @ Untold Festival, Cluj-Napoca, Romania","https://www.mixesdb.com/w/2018-08-02_-_Pan-Pot_@_Untold_Festival,_Cluj-Napoca,_Romania",,10,038,Metodi Hristov & Gallya,Time [Octopus - OCT136],Metodi Hristov & Gallya - Time [Octopus - OCT136]
"2018-08-02 - Pan-Pot @ Untold Festival, Cluj-Napoca, Romania","https://www.mixesdb.com/w/2018-08-02_-_Pan-Pot_@_Untold_Festival,_Cluj-Napoca,_Romania",,11,042,Ryan Mckay,Illusions [Bek - 032],Ryan Mckay - Illusions [Bek - 032]
"2018-08-02 - Pan-Pot @ Untold Festival, Cluj-Napoca, Romania","https://www.mixesdb.com/w/2018-08-02_-_Pan-Pot_@_Untold_Festival,_Cluj-Napoca,_Romania",,12,047,Pan-Pot,Weltlinie [Second State Audio - SNDST050],Pan-Pot - Weltlinie [Second State Audio - SNDST050]
"2018-08-02 - Pan-Pot @ Untold Festival, Cluj-Napoca, Romania","https://www.mixesdb.com/w/2018-08-02_-_Pan-Pot_@_Untold_Festival,_Cluj-Napoca,_Romania",,13,052,Blicz,Jungle Alert [Involve - INV021],Blicz - Jungle Alert [Involve - INV021]
"2018-08-02 - Pan-Pot @ Untold Festival, Cluj-Napoca, Romania","https://www.mixesdb.com/w/2018-08-02_-_Pan-Pot_@_Untold_Festival,_Cluj-Napoca,_Romania",,14,057,Shlomi Aber,Penetrate The System [Figure - FIGURE98],Shlomi Aber - Penetrate The System [Figure - FIGURE98]
"2018-08-02 - Pan-Pot @ Untold Festival, Cluj-Napoca, Romania","https://www.mixesdb.com/w/2018-08-02_-_Pan-Pot_@_Untold_Festival,_Cluj-Napoca,_Romania",,15,063,Flug,13D (Pfirter Remix) [Driving Forces - 9120042330123],Flug - 13D (Pfirter Remix) [Driving Forces - 9120042330123]
"2018-08-02 - Pan-Pot @ Untold Festival, Cluj-Napoca, Romania","https://www.mixesdb.com/w/2018-08-02_-_Pan-Pot_@_Untold_Festival,_Cluj-Napoca,_Romania",,16,066,Flug,M32 [JAM - JAM006],Flug - M32 [JAM - JAM006]
"2018-08-02 - Pan-Pot @ Untold Festival, Cluj-Napoca, Romania","https://www.mixesdb.com/w/2018-08-02_-_Pan-Pot_@_Untold_Festival,_Cluj-Napoca,_Romania",,17,070,Speedy J,Klave [Rekids - REKIDS044],Speedy J - Klave [Rekids - REKIDS044]
"2018-08-02 - Pan-Pot @ Untold Festival, Cluj-Napoca, Romania","https://www.mixesdb.com/w/2018-08-02_-_Pan-Pot_@_Untold_Festival,_Cluj-Napoca,_Romania",,18,076,Assailants,Effort 8 [Obscurity Is Infinite - OII001],Assailants - Effort 8 [Obscurity Is Infinite - OII001]
"2018-08-02 - Pan-Pot @ Untold Festival, Cluj-Napoca, Romania","https://www.mixesdb.com/w/2018-08-02_-_Pan-Pot_@_Untold_Festival,_Cluj-Napoca,_Romania",,19,082,Joyhauser,Tribunal [Phobiq - phobiq0179D],Joyhauser - Tribunal [Phobiq - phobiq0179D]
"2018-08-02 - Pan-Pot @ Untold Festival, Cluj-Napoca, Romania","https://www.mixesdb.com/w/2018-08-02_-_Pan-Pot_@_Untold_Festival,_Cluj-Napoca,_Romania",,20,087,[ Wex 10 ],Jc2204 [Odd - ODD019],[ Wex 10 ] - Jc2204 [Odd - ODD019]
"2018-08-02 - Pan-Pot @ Untold Festival, Cluj-Napoca, Romania","https://www.mixesdb.com/w/2018-08-02_-_Pan-Pot_@_Untold_Festival,_Cluj-Napoca,_Romania",,21,094,Flug,Rave (Coyu Raw Mix) [Suara - SUARA315],Flug - Rave (Coyu Raw Mix) [Suara - SUARA315]
"2018-08-02 - Pan-Pot @ Untold Festival, Cluj-Napoca, Romania","https://www.mixesdb.com/w/2018-08-02_-_Pan-Pot_@_Untold_Festival,_Cluj-Napoca,_Romania",,22,098,Pan-Pot,Funke [Second State Audio - SNDST045],Pan-Pot - Funke [Second State Audio - SNDST045]
"2018-08-02 - Pan-Pot @ Untold Festival, Cluj-Napoca, Romania","https://www.mixesdb.com/w/2018-08-02_-_Pan-Pot_@_Untold_Festival,_Cluj-Napoca,_Romania",,23,104,Balthazar & Jackrock,If There Is No Tomorrow [Filth on Acid - FOA033],Balthazar & Jackrock - If There Is No Tomorrow [Filth on Acid - FOA033]
"2018-08-02 - Pan-Pot @ Untold Festival, Cluj-Napoca, Romania","https://www.mixesdb.com/w/2018-08-02_-_Pan-Pot_@_Untold_Festival,_Cluj-Napoca,_Romania",,24,110,Nikola Gala,Sandworm B [On Edge Society - OES010],Nikola Gala - Sandworm B [On Edge Society - OES010]
"2018-08-02 - Pan-Pot @ Untold Festival, Cluj-Napoca, Romania","https://www.mixesdb.com/w/2018-08-02_-_Pan-Pot_@_Untold_Festival,_Cluj-Napoca,_Romania",,25,115,Speedy J,EDLX Tool [CLR - CLR24],Speedy J - EDLX Tool [CLR - CLR24]
"2018-08-02 - Pan-Pot @ Untold Festival, Cluj-Napoca, Romania","https://www.mixesdb.com/w/2018-08-02_-_Pan-Pot_@_Untold_Festival,_Cluj-Napoca,_Romania",,26,121,[ Wex 10 ],Best Friend [Odd - ODD019],[ Wex 10 ] - Best Friend [Odd - ODD019]
"2018-08-02 - Pan-Pot @ Untold Festival, Cluj-Napoca, Romania","https://www.mixesdb.com/w/2018-08-02_-_Pan-Pot_@_Untold_Festival,_Cluj-Napoca,_Romania",,27,126,KlangKuenstler,Continuum [Second State - SNDST056],KlangKuenstler - Continuum [Second State - SNDST056]
"2018-08-02 - Pan-Pot @ Untold Festival, Cluj-Napoca, Romania","https://www.mixesdb.com/w/2018-08-02_-_Pan-Pot_@_Untold_Festival,_Cluj-Napoca,_Romania",,28,131,Andres Campo,Rola [Second State Audio - SNDST049],Andres Campo - Rola [Second State Audio - SNDST049]
"2018-08-02 - Pan-Pot @ Untold Festival, Cluj-Napoca, Romania","https://www.mixesdb.com/w/2018-08-02_-_Pan-Pot_@_Untold_Festival,_Cluj-Napoca,_Romania",,29,136,Ryan Mckay,Deception [Bek - BEK032],Ryan Mckay - Deception [Bek - BEK032]
"2018-08-02 - Pan-Pot @ Untold Festival, Cluj-Napoca, Romania","https://www.mixesdb.com/w/2018-08-02_-_Pan-Pot_@_Untold_Festival,_Cluj-Napoca,_Romania",,30,142,Missing Channel (Robert Hood & Claude Young),Onslaught (FJAAK Remix) [FJAAK - FJAAK002],Missing Channel (Robert Hood & Claude Young) - Onslaught (FJAAK Remix) [FJAAK - FJAAK002]
"2018-08-02 - Pan-Pot @ Untold Festival, Cluj-Napoca, Romania","https://www.mixesdb.com/w/2018-08-02_-_Pan-Pot_@_Untold_Festival,_Cluj-Napoca,_Romania",,31,150,Julie McDermott,Don't Go (Gerd Janson Re-Work) [Cr2 - ITC2873],Julie McDermott - Don't Go (Gerd Janson Re-Work) [Cr2 - ITC2873]
"2023-11-17 - Pan-Pot @ Time Warp, Brooklyn Navy Yard, New York City","https://www.mixesdb.com/w/2023-11-17_-_Pan-Pot_@_Time_Warp,_Brooklyn_Navy_Yard,_New_York_City",,1,002,Flug,Psychopath,Flug - Psychopath
"2023-11-17 - Pan-Pot @ Time Warp, Brooklyn Navy Yard, New York City","https://www.mixesdb.com/w/2023-11-17_-_Pan-Pot_@_Time_Warp,_Brooklyn_Navy_Yard,_New_York_City",,2,005,Procombo,Flux Spinner [KD RAW],Procombo - Flux Spinner [KD RAW]
"2023-11-17 - Pan-Pot @ Time Warp, Brooklyn Navy Yard, New York City","https://www.mixesdb.com/w/2023-11-17_-_Pan-Pot_@_Time_Warp,_Brooklyn_Navy_Yard,_New_York_City",,3,008,Pan-Pot,CODA,Pan-Pot - CODA
"2023-11-17 - Pan-Pot @ Time Warp, Brooklyn Navy Yard, New York City","https://www.mixesdb.com/w/2023-11-17_-_Pan-Pot_@_Time_Warp,_Brooklyn_Navy_Yard,_New_York_City",,4,013,Procombo,False Authority,Procombo - False Authority
"2023-11-17 - Pan-Pot @ Time Warp, Brooklyn Navy Yard, New York City","https://www.mixesdb.com/w/2023-11-17_-_Pan-Pot_@_Time_Warp,_Brooklyn_Navy_Yard,_New_York_City",,5,017,Chlär,Dopamine Rush [Mutual Rytm],Chlär - Dopamine Rush [Mutual Rytm]
"2023-11-17 - Pan-Pot @ Time Warp, Brooklyn Navy Yard, New York City","https://www.mixesdb.com/w/2023-11-17_-_Pan-Pot_@_Time_Warp,_Brooklyn_Navy_Yard,_New_York_City",,6,020,Elisa Bee,Devotion,Elisa Bee - Devotion
"2023-11-17 - Pan-Pot @ Time Warp, Brooklyn Navy Yard, New York City","https://www.mixesdb.com/w/2023-11-17_-_Pan-Pot_@_Time_Warp,_Brooklyn_Navy_Yard,_New_York_City",,7,023,,?,?
"2023-11-17 - Pan-Pot @ Time Warp, Brooklyn Navy Yard, New York City","https://www.mixesdb.com/w/2023-11-17_-_Pan-Pot_@_Time_Warp,_Brooklyn_Navy_Yard,_New_York_City",,8,026,Alberto Tolo,Trick To Save Money,Alberto Tolo - Trick To Save Money
"2023-11-17 - Pan-Pot @ Time Warp, Brooklyn Navy Yard, New York City","https://www.mixesdb.com/w/2023-11-17_-_Pan-Pot_@_Time_Warp,_Brooklyn_Navy_Yard,_New_York_City",,9,028,Michael Klein,Time Warp,Michael Klein - Time Warp
"2023-11-17 - Pan-Pot @ Time Warp, Brooklyn Navy Yard, New York City","https://www.mixesdb.com/w/2023-11-17_-_Pan-Pot_@_Time_Warp,_Brooklyn_Navy_Yard,_New_York_City",,10,033,Christian Smith,Sleeptalker (Victor Ruiz Remix),Christian Smith - Sleeptalker (Victor Ruiz Remix)
"2023-11-17 - Pan-Pot @ Time Warp, Brooklyn Navy Yard, New York City","https://www.mixesdb.com/w/2023-11-17_-_Pan-Pot_@_Time_Warp,_Brooklyn_Navy_Yard,_New_York_City",,11,036,M.I.T.A.,Raw Deal [JAM],M.I.T.A. - Raw Deal [JAM]
"2023-11-17 - Pan-Pot @ Time Warp, Brooklyn Navy Yard, New York City","https://www.mixesdb.com/w/2023-11-17_-_Pan-Pot_@_Time_Warp,_Brooklyn_Navy_Yard,_New_York_City",,12,040,Cherrymoon Trax & Thomas Schumacher,The House Of House (1994 Remix By Thomas Schumacher),Cherrymoon Trax & Thomas Schumacher - The House Of House (1994 Remix By Thomas Schumacher)
"2023-11-17 - Pan-Pot @ Time Warp, Brooklyn Navy Yard, New York City","https://www.mixesdb.com/w/2023-11-17_-_Pan-Pot_@_Time_Warp,_Brooklyn_Navy_Yard,_New_York_City",,13,044,Drumcomplex & Frank Sonic,Direct Dizko,Drumcomplex & Frank Sonic - Direct Dizko
"2023-11-17 - Pan-Pot @ Time Warp, Brooklyn Navy Yard, New York City","https://www.mixesdb.com/w/2023-11-17_-_Pan-Pot_@_Time_Warp,_Brooklyn_Navy_Yard,_New_York_City",,14,047,,?,?
"2023-11-17 - Pan-Pot @ Time Warp, Brooklyn Navy Yard, New York City","https://www.mixesdb.com/w/2023-11-17_-_Pan-Pot_@_Time_Warp,_Brooklyn_Navy_Yard,_New_York_City",,15,051,Gabriella Vergilov,TranceDans [Seclusion],Gabriella Vergilov - TranceDans [Seclusion]
"2023-11-17 - Pan-Pot @ Time Warp, Brooklyn Navy Yard, New York City","https://www.mixesdb.com/w/2023-11-17_-_Pan-Pot_@_Time_Warp,_Brooklyn_Navy_Yard,_New_York_City",,16,057,E110101,Hardgroove03 [E],E110101 - Hardgroove03 [E]
"2023-11-17 - Pan-Pot @ Time Warp, Brooklyn Navy Yard, New York City","https://www.mixesdb.com/w/2023-11-17_-_Pan-Pot_@_Time_Warp,_Brooklyn_Navy_Yard,_New_York_City",,17,059,X CLUB.,Sitting Ducks,X CLUB. - Sitting Ducks
"2023-11-17 - Pan-Pot @ Time Warp, Brooklyn Navy Yard, New York City","https://www.mixesdb.com/w/2023-11-17_-_Pan-Pot_@_Time_Warp,_Brooklyn_Navy_Yard,_New_York_City",,18,064,Pablo Say,Come With Me [Unrilis],Pablo Say - Come With Me [Unrilis]
"2023-11-17 - Pan-Pot @ Time Warp, Brooklyn Navy Yard, New York City","https://www.mixesdb.com/w/2023-11-17_-_Pan-Pot_@_Time_Warp,_Brooklyn_Navy_Yard,_New_York_City",,19,068,Pan-Pot,CORE,Pan-Pot - CORE
"2023-11-17 - Pan-Pot @ Time Warp, Brooklyn Navy Yard, New York City","https://www.mixesdb.com/w/2023-11-17_-_Pan-Pot_@_Time_Warp,_Brooklyn_Navy_Yard,_New_York_City",,20,075,Thomas Schumacher,When I Rock (A.D.H.S. Remix),Thomas Schumacher - When I Rock (A.D.H.S. Remix)
"2023-11-17 - Pan-Pot @ Time Warp, Brooklyn Navy Yard, New York City","https://www.mixesdb.com/w/2023-11-17_-_Pan-Pot_@_Time_Warp,_Brooklyn_Navy_Yard,_New_York_City",,21,080,Alex Di Stefano,Cube (Extended Mix),Alex Di Stefano - Cube (Extended Mix)
"2023-11-17 - Pan-Pot @ Time Warp, Brooklyn Navy Yard, New York City","https://www.mixesdb.com/w/2023-11-17_-_Pan-Pot_@_Time_Warp,_Brooklyn_Navy_Yard,_New_York_City",,22,083,Elli Acula,BFF,Elli Acula - BFF
"2023-11-17 - Pan-Pot @ Time Warp, Brooklyn Navy Yard, New York City","https://www.mixesdb.com/w/2023-11-17_-_Pan-Pot_@_Time_Warp,_Brooklyn_Navy_Yard,_New_York_City",,23,089,Clouds,Get With It,Clouds - Get With It
"2023-11-17 - Pan-Pot @ Time Warp, Brooklyn Navy Yard, New York City","https://www.mixesdb.com/w/2023-11-17_-_Pan-Pot_@_Time_Warp,_Brooklyn_Navy_Yard,_New_York_City",,24,091,Axel Karakasis,Bounced Back [Suara],Axel Karakasis - Bounced Back [Suara]
"2023-11-17 - Pan-Pot @ Time Warp, Brooklyn Navy Yard, New York City","https://www.mixesdb.com/w/2023-11-17_-_Pan-Pot_@_Time_Warp,_Brooklyn_Navy_Yard,_New_York_City",,25,095,Lilly Palmer,The Violator [Spannung],Lilly Palmer - The Violator [Spannung]
"2023-11-17 - Pan-Pot @ Time Warp, Brooklyn Navy Yard, New York City","https://www.mixesdb.com/w/2023-11-17_-_Pan-Pot_@_Time_Warp,_Brooklyn_Navy_Yard,_New_York_City",,26,098,William Kiss,Got It,William Kiss - Got It
"2023-11-17 - Pan-Pot @ Time Warp, Brooklyn Navy Yard, New York City","https://www.mixesdb.com/w/2023-11-17_-_Pan-Pot_@_Time_Warp,_Brooklyn_Navy_Yard,_New_York_City",,27,104,Marco Faraone,Emergency [Drumcode],Marco Faraone - Emergency [Drumcode]
"2023-11-17 - Pan-Pot @ Time Warp, Brooklyn Navy Yard, New York City","https://www.mixesdb.com/w/2023-11-17_-_Pan-Pot_@_Time_Warp,_Brooklyn_Navy_Yard,_New_York_City",,28,107,Dubesque,You Got My Love [All We Have Is Now],Dubesque - You Got My Love [All We Have Is Now]
"2023-11-17 - Pan-Pot @ Time Warp, Brooklyn Navy Yard, New York City","https://www.mixesdb.com/w/2023-11-17_-_Pan-Pot_@_Time_Warp,_Brooklyn_Navy_Yard,_New_York_City",,29,111,E110101,Hardgroove08 [E],E110101 - Hardgroove08 [E]
"2023-11-17 - Pan-Pot @ Time Warp, Brooklyn Navy Yard, New York City","https://www.mixesdb.com/w/2023-11-17_-_Pan-Pot_@_Time_Warp,_Brooklyn_Navy_Yard,_New_York_City",,30,115,Introversion,Canyonero,Introversion - Canyonero
"2022-08-13 - Pan-Pot @ Loveland Festival, Sloterpark, Amsterdam (Loveland Legacy, LL182)","https://www.mixesdb.com/w/2022-08-13_-_Pan-Pot_@_Loveland_Festival,_Sloterpark,_Amsterdam_(Loveland_Legacy,_LL182)",,1,000,Erso,Send The Signal [Prospect],Erso - Send The Signal [Prospect]
"2022-08-13 - Pan-Pot @ Loveland Festival, Sloterpark, Amsterdam (Loveland Legacy, LL182)","https://www.mixesdb.com/w/2022-08-13_-_Pan-Pot_@_Loveland_Festival,_Sloterpark,_Amsterdam_(Loveland_Legacy,_LL182)",,2,000,Joyhauser,Crawler [Terminal M],Joyhauser - Crawler [Terminal M]
"2022-08-13 - Pan-Pot @ Loveland Festival, Sloterpark, Amsterdam (Loveland Legacy, LL182)","https://www.mixesdb.com/w/2022-08-13_-_Pan-Pot_@_Loveland_Festival,_Sloterpark,_Amsterdam_(Loveland_Legacy,_LL182)",,3,007,MEDA,Rescue Me (Johannes Heil Trueschool Rework) [Badam],MEDA - Rescue Me (Johannes Heil Trueschool Rework) [Badam]
"2022-08-13 - Pan-Pot @ Loveland Festival, Sloterpark, Amsterdam (Loveland Legacy, LL182)","https://www.mixesdb.com/w/2022-08-13_-_Pan-Pot_@_Loveland_Festival,_Sloterpark,_Amsterdam_(Loveland_Legacy,_LL182)",,4,012,Shlomi Aber,Fxxk The Policy [Be As One],Shlomi Aber - Fxxk The Policy [Be As One]
"2022-08-13 - Pan-Pot @ Loveland Festival, Sloterpark, Amsterdam (Loveland Legacy, LL182)","https://www.mixesdb.com/w/2022-08-13_-_Pan-Pot_@_Loveland_Festival,_Sloterpark,_Amsterdam_(Loveland_Legacy,_LL182)",,5,016,Axel Karakasis,Throb [Tronic],Axel Karakasis - Throb [Tronic]
"2022-08-13 - Pan-Pot @ Loveland Festival, Sloterpark, Amsterdam (Loveland Legacy, LL182)","https://www.mixesdb.com/w/2022-08-13_-_Pan-Pot_@_Loveland_Festival,_Sloterpark,_Amsterdam_(Loveland_Legacy,_LL182)",,6,019,RSRRCT,Spaced [Set About],RSRRCT - Spaced [Set About]
"2022-08-13 - Pan-Pot @ Loveland Festival, Sloterpark, Amsterdam (Loveland Legacy, LL182)","https://www.mixesdb.com/w/2022-08-13_-_Pan-Pot_@_Loveland_Festival,_Sloterpark,_Amsterdam_(Loveland_Legacy,_LL182)",,7,023,Truncate,User 7 (Drumcell Remix) [CLR],Truncate - User 7 (Drumcell Remix) [CLR]
"2022-08-13 - Pan-Pot @ Loveland Festival, Sloterpark, Amsterdam (Loveland Legacy, LL182)","https://www.mixesdb.com/w/2022-08-13_-_Pan-Pot_@_Loveland_Festival,_Sloterpark,_Amsterdam_(Loveland_Legacy,_LL182)",,8,026,Pablo Say,Value Of Madness [Arcane],Pablo Say - Value Of Madness [Arcane]
"2022-08-13 - Pan-Pot @ Loveland Festival, Sloterpark, Amsterdam (Loveland Legacy, LL182)","https://www.mixesdb.com/w/2022-08-13_-_Pan-Pot_@_Loveland_Festival,_Sloterpark,_Amsterdam_(Loveland_Legacy,_LL182)",,9,030,Raito,Rave 92 [Boysnoize],Raito - Rave 92 [Boysnoize]
"2022-08-13 - Pan-Pot @ Loveland Festival, Sloterpark, Amsterdam (Loveland Legacy, LL182)","https://www.mixesdb.com/w/2022-08-13_-_Pan-Pot_@_Loveland_Festival,_Sloterpark,_Amsterdam_(Loveland_Legacy,_LL182)",,10,033,Christian Smith,Accelerate [Tronic],Christian Smith - Accelerate [Tronic]
"2022-08-13 - Pan-Pot @ Loveland Festival, Sloterpark, Amsterdam (Loveland Legacy, LL182)","https://www.mixesdb.com/w/2022-08-13_-_Pan-Pot_@_Loveland_Festival,_Sloterpark,_Amsterdam_(Loveland_Legacy,_LL182)",,11,036,,?,?
"2022-08-13 - Pan-Pot @ Loveland Festival, Sloterpark, Amsterdam (Loveland Legacy, LL182)","https://www.mixesdb.com/w/2022-08-13_-_Pan-Pot_@_Loveland_Festival,_Sloterpark,_Amsterdam_(Loveland_Legacy,_LL182)",,12,040,Oscar Escapa,Pump [We (R) Aw],Oscar Escapa - Pump [We (R) Aw]
"2022-08-13 - Pan-Pot @ Loveland Festival, Sloterpark, Amsterdam (Loveland Legacy, LL182)","https://www.mixesdb.com/w/2022-08-13_-_Pan-Pot_@_Loveland_Festival,_Sloterpark,_Amsterdam_(Loveland_Legacy,_LL182)",,13,044,Pfirter,Convergence (Nørbak Remix) [Mindtrip],Pfirter - Convergence (Nørbak Remix) [Mindtrip]
"2022-08-13 - Pan-Pot @ Loveland Festival, Sloterpark, Amsterdam (Loveland Legacy, LL182)","https://www.mixesdb.com/w/2022-08-13_-_Pan-Pot_@_Loveland_Festival,_Sloterpark,_Amsterdam_(Loveland_Legacy,_LL182)",,14,048,,?,?
"2022-08-13 - Pan-Pot @ Loveland Festival, Sloterpark, Amsterdam (Loveland Legacy, LL182)","https://www.mixesdb.com/w/2022-08-13_-_Pan-Pot_@_Loveland_Festival,_Sloterpark,_Amsterdam_(Loveland_Legacy,_LL182)",,15,051,Sam Paganini Feat. ZOË,Flash (Marco Faraone Remix) [Jam],Sam Paganini Feat. ZOË - Flash (Marco Faraone Remix) [Jam]
"2022-08-13 - Pan-Pot @ Loveland Festival, Sloterpark, Amsterdam (Loveland Legacy, LL182)","https://www.mixesdb.com/w/2022-08-13_-_Pan-Pot_@_Loveland_Festival,_Sloterpark,_Amsterdam_(Loveland_Legacy,_LL182)",,16,056,,?,?
"2022-08-13 - Pan-Pot @ Loveland Festival, Sloterpark, Amsterdam (Loveland Legacy, LL182)","https://www.mixesdb.com/w/2022-08-13_-_Pan-Pot_@_Loveland_Festival,_Sloterpark,_Amsterdam_(Loveland_Legacy,_LL182)",,17,060,Andres Campo,Slam [Ei8ht],Andres Campo - Slam [Ei8ht]
"2022-08-13 - Pan-Pot @ Loveland Festival, Sloterpark, Amsterdam (Loveland Legacy, LL182)","https://www.mixesdb.com/w/2022-08-13_-_Pan-Pot_@_Loveland_Festival,_Sloterpark,_Amsterdam_(Loveland_Legacy,_LL182)",,18,064,,?,?
"2022-08-13 - Pan-Pot @ Loveland Festival, Sloterpark, Amsterdam (Loveland Legacy, LL182)","https://www.mixesdb.com/w/2022-08-13_-_Pan-Pot_@_Loveland_Festival,_Sloterpark,_Amsterdam_(Loveland_Legacy,_LL182)",,19,069,Eli Brown,Welcome To My House [Trick],Eli Brown - Welcome To My House [Trick]
"2022-08-13 - Pan-Pot @ Loveland Festival, Sloterpark, Amsterdam (Loveland Legacy, LL182)","https://www.mixesdb.com/w/2022-08-13_-_Pan-Pot_@_Loveland_Festival,_Sloterpark,_Amsterdam_(Loveland_Legacy,_LL182)",,20,073,Andres Campo & Ramiro Lopez,Recycle [Odd],Andres Campo & Ramiro Lopez - Recycle [Odd]
"2022-08-13 - Pan-Pot @ Loveland Festival, Sloterpark, Amsterdam (Loveland Legacy, LL182)","https://www.mixesdb.com/w/2022-08-13_-_Pan-Pot_@_Loveland_Festival,_Sloterpark,_Amsterdam_(Loveland_Legacy,_LL182)",,21,077,Sam Paganini,Rave (Adam Beyer & Layton Giordani Remix) [Drumcode],Sam Paganini - Rave (Adam Beyer & Layton Giordani Remix) [Drumcode]
"2022-08-13 - Pan-Pot @ Loveland Festival, Sloterpark, Amsterdam (Loveland Legacy, LL182)","https://www.mixesdb.com/w/2022-08-13_-_Pan-Pot_@_Loveland_Festival,_Sloterpark,_Amsterdam_(Loveland_Legacy,_LL182)",,22,082,,?,?
"2022-08-13 - Pan-Pot @ Loveland Festival, Sloterpark, Amsterdam (Loveland Legacy, LL182)","https://www.mixesdb.com/w/2022-08-13_-_Pan-Pot_@_Loveland_Festival,_Sloterpark,_Amsterdam_(Loveland_Legacy,_LL182)",,23,086,FJAAK,District 8 [Fjaak],FJAAK - District 8 [Fjaak]
"2022-08-13 - Pan-Pot @ Loveland Festival, Sloterpark, Amsterdam (Loveland Legacy, LL182)","https://www.mixesdb.com/w/2022-08-13_-_Pan-Pot_@_Loveland_Festival,_Sloterpark,_Amsterdam_(Loveland_Legacy,_LL182)",,24,089,Alan Fitzpatrick,Stronger [Factory 93],Alan Fitzpatrick - Stronger [Factory 93]
"2022-08-13 - Pan-Pot @ Loveland Festival, Sloterpark, Amsterdam (Loveland Legacy, LL182)","https://www.mixesdb.com/w/2022-08-13_-_Pan-Pot_@_Loveland_Festival,_Sloterpark,_Amsterdam_(Loveland_Legacy,_LL182)",,25,094,DJ Assassin,A Face In The Crowd (Intellidred Mix) [Section],DJ Assassin - A Face In The Crowd (Intellidred Mix) [Section]
"2022-08-13 - Pan-Pot @ Loveland Festival, Sloterpark, Amsterdam (Loveland Legacy, LL182)","https://www.mixesdb.com/w/2022-08-13_-_Pan-Pot_@_Loveland_Festival,_Sloterpark,_Amsterdam_(Loveland_Legacy,_LL182)",,26,099,,?,?
"2022-08-13 - Pan-Pot @ Loveland Festival, Sloterpark, Amsterdam (Loveland Legacy, LL182)","https://www.mixesdb.com/w/2022-08-13_-_Pan-Pot_@_Loveland_Festival,_Sloterpark,_Amsterdam_(Loveland_Legacy,_LL182)",,27,103,Giacomo Renzi,Follow [Jam],Giacomo Renzi - Follow [Jam]
"2022-08-13 - Pan-Pot @ Loveland Festival, Sloterpark, Amsterdam (Loveland Legacy, LL182)","https://www.mixesdb.com/w/2022-08-13_-_Pan-Pot_@_Loveland_Festival,_Sloterpark,_Amsterdam_(Loveland_Legacy,_LL182)",,28,106,Andres Campo & Ramiro Lopez,Homework [Odd],Andres Campo & Ramiro Lopez - Homework [Odd]
"2022-08-13 - Pan-Pot @ Loveland Festival, Sloterpark, Amsterdam (Loveland Legacy, LL182)","https://www.mixesdb.com/w/2022-08-13_-_Pan-Pot_@_Loveland_Festival,_Sloterpark,_Amsterdam_(Loveland_Legacy,_LL182)",,29,110,CJ Bolland & The Advent,Camargue 2019 (Enrico Sangiuliano Remix) [Drumcode],CJ Bolland & The Advent - Camargue 2019 (Enrico Sangiuliano Remix) [Drumcode]
"2022-08-13 - Pan-Pot @ Loveland Festival, Sloterpark, Amsterdam (Loveland Legacy, LL182)","https://www.mixesdb.com/w/2022-08-13_-_Pan-Pot_@_Loveland_Festival,_Sloterpark,_Amsterdam_(Loveland_Legacy,_LL182)",,30,113,Frankyeffe,Trust Me [Riot (It)],Frankyeffe - Trust Me [Riot (It)]
"2022-08-13 - Pan-Pot @ Loveland Festival, Sloterpark, Amsterdam (Loveland Legacy, LL182)","https://www.mixesdb.com/w/2022-08-13_-_Pan-Pot_@_Loveland_Festival,_Sloterpark,_Amsterdam_(Loveland_Legacy,_LL182)",,31,117,Green Velvet,Flash (The Advent & Industrialyzer Remix) [Relief],Green Velvet - Flash (The Advent & Industrialyzer Remix) [Relief]
"2017-09-11 - Pan-Pot @ Cercle, Musée de l'Air et de l'Espace, Le Bourget, France","https://www.mixesdb.com/w/2017-09-11_-_Pan-Pot_@_Cercle,_Mus%C3%A9e_de_l'Air_et_de_l'Espace,_Le_Bourget,_France",,1,00,The Rares,Mystery [Phobiq],The Rares - Mystery [Phobiq]
"2017-09-11 - Pan-Pot @ Cercle, Musée de l'Air et de l'Espace, Le Bourget, France","https://www.mixesdb.com/w/2017-09-11_-_Pan-Pot_@_Cercle,_Mus%C3%A9e_de_l'Air_et_de_l'Espace,_Le_Bourget,_France",,2,06,Anthony Castaldo,Concept Of Infinity [Unrilis],Anthony Castaldo - Concept Of Infinity [Unrilis]
"2017-09-11 - Pan-Pot @ Cercle, Musée de l'Air et de l'Espace, Le Bourget, France","https://www.mixesdb.com/w/2017-09-11_-_Pan-Pot_@_Cercle,_Mus%C3%A9e_de_l'Air_et_de_l'Espace,_Le_Bourget,_France",,3,11,Sam Paganini,Elevator [Jam],Sam Paganini - Elevator [Jam]
"2017-09-11 - Pan-Pot @ Cercle, Musée de l'Air et de l'Espace, Le Bourget, France","https://www.mixesdb.com/w/2017-09-11_-_Pan-Pot_@_Cercle,_Mus%C3%A9e_de_l'Air_et_de_l'Espace,_Le_Bourget,_France",,4,16,Timmo,Muzik [Drumcode],Timmo - Muzik [Drumcode]
"2017-09-11 - Pan-Pot @ Cercle, Musée de l'Air et de l'Espace, Le Bourget, France","https://www.mixesdb.com/w/2017-09-11_-_Pan-Pot_@_Cercle,_Mus%C3%A9e_de_l'Air_et_de_l'Espace,_Le_Bourget,_France",,5,19,Niereich,Agerola Positano (Roel Salemink Remix) [Translucent],Niereich - Agerola Positano (Roel Salemink Remix) [Translucent]
"2017-09-11 - Pan-Pot @ Cercle, Musée de l'Air et de l'Espace, Le Bourget, France","https://www.mixesdb.com/w/2017-09-11_-_Pan-Pot_@_Cercle,_Mus%C3%A9e_de_l'Air_et_de_l'Espace,_Le_Bourget,_France",,6,25,Yan Cook,Tetra [Arts],Yan Cook - Tetra [Arts]
"2017-09-11 - Pan-Pot @ Cercle, Musée de l'Air et de l'Espace, Le Bourget, France","https://www.mixesdb.com/w/2017-09-11_-_Pan-Pot_@_Cercle,_Mus%C3%A9e_de_l'Air_et_de_l'Espace,_Le_Bourget,_France",,7,29,Arjun Vagale Feat. Juliet Fox,Radiate [Odd],Arjun Vagale Feat. Juliet Fox - Radiate [Odd]
"2017-09-11 - Pan-Pot @ Cercle, Musée de l'Air et de l'Espace, Le Bourget, France","https://www.mixesdb.com/w/2017-09-11_-_Pan-Pot_@_Cercle,_Mus%C3%A9e_de_l'Air_et_de_l'Espace,_Le_Bourget,_France",,8,33,Slam,Positive Education (Shlømo Remix) [Soma],Slam - Positive Education (Shlømo Remix) [Soma]
"2017-09-11 - Pan-Pot @ Cercle, Musée de l'Air et de l'Espace, Le Bourget, France","https://www.mixesdb.com/w/2017-09-11_-_Pan-Pot_@_Cercle,_Mus%C3%A9e_de_l'Air_et_de_l'Espace,_Le_Bourget,_France",,9,36,Amelie Lens,Stay With Me (Perc Remix) [Second State],Amelie Lens - Stay With Me (Perc Remix) [Second State]
"2017-09-11 - Pan-Pot @ Cercle, Musée de l'Air et de l'Espace, Le Bourget, France","https://www.mixesdb.com/w/2017-09-11_-_Pan-Pot_@_Cercle,_Mus%C3%A9e_de_l'Air_et_de_l'Espace,_Le_Bourget,_France",,10,41,Wehbba,Glasswerk [Drumcode],Wehbba - Glasswerk [Drumcode]
"2017-09-11 - Pan-Pot @ Cercle, Musée de l'Air et de l'Espace, Le Bourget, France","https://www.mixesdb.com/w/2017-09-11_-_Pan-Pot_@_Cercle,_Mus%C3%A9e_de_l'Air_et_de_l'Espace,_Le_Bourget,_France",,11,46,Adapter,Kaioken [Hydrozoa],Adapter - Kaioken [Hydrozoa]
"2017-09-11 - Pan-Pot @ Cercle, Musée de l'Air et de l'Espace, Le Bourget, France","https://www.mixesdb.com/w/2017-09-11_-_Pan-Pot_@_Cercle,_Mus%C3%A9e_de_l'Air_et_de_l'Espace,_Le_Bourget,_France",,12,50,Luigi Madonna & Roberto Capuano,Midfield [Second State],Luigi Madonna & Roberto Capuano - Midfield [Second State]
"2017-09-11 - Pan-Pot @ Cercle, Musée de l'Air et de l'Espace, Le Bourget, France","https://www.mixesdb.com/w/2017-09-11_-_Pan-Pot_@_Cercle,_Mus%C3%A9e_de_l'Air_et_de_l'Espace,_Le_Bourget,_France",,13,55,Sam Paganini,Komet [Jam],Sam Paganini - Komet [Jam]
"2017-09-11 - Pan-Pot @ Cercle, Musée de l'Air et de l'Espace, Le Bourget, France","https://www.mixesdb.com/w/2017-09-11_-_Pan-Pot_@_Cercle,_Mus%C3%A9e_de_l'Air_et_de_l'Espace,_Le_Bourget,_France",,14,59,Brian Sanhaji,Tachocline,Brian Sanhaji - Tachocline
"2017-09-11 - Pan-Pot @ Cercle, Musée de l'Air et de l'Espace, Le Bourget, France","https://www.mixesdb.com/w/2017-09-11_-_Pan-Pot_@_Cercle,_Mus%C3%A9e_de_l'Air_et_de_l'Espace,_Le_Bourget,_France",,15,64,,?,?
"2017-09-11 - Pan-Pot @ Cercle, Musée de l'Air et de l'Espace, Le Bourget, France","https://www.mixesdb.com/w/2017-09-11_-_Pan-Pot_@_Cercle,_Mus%C3%A9e_de_l'Air_et_de_l'Espace,_Le_Bourget,_France",,16,68,Julian Jeweil,Space [Drumcode],Julian Jeweil - Space [Drumcode]
"2017-09-11 - Pan-Pot @ Cercle, Musée de l'Air et de l'Espace, Le Bourget, France","https://www.mixesdb.com/w/2017-09-11_-_Pan-Pot_@_Cercle,_Mus%C3%A9e_de_l'Air_et_de_l'Espace,_Le_Bourget,_France",,17,74,Frank Biazzi,Distraction [Matter+],Frank Biazzi - Distraction [Matter+]
"2017-09-11 - Pan-Pot @ Cercle, Musée de l'Air et de l'Espace, Le Bourget, France","https://www.mixesdb.com/w/2017-09-11_-_Pan-Pot_@_Cercle,_Mus%C3%A9e_de_l'Air_et_de_l'Espace,_Le_Bourget,_France",,18,78,Harvey McKay,Black Dolphin [Drumcode],Harvey McKay - Black Dolphin [Drumcode]
"2017-09-11 - Pan-Pot @ Cercle, Musée de l'Air et de l'Espace, Le Bourget, France","https://www.mixesdb.com/w/2017-09-11_-_Pan-Pot_@_Cercle,_Mus%C3%A9e_de_l'Air_et_de_l'Espace,_Le_Bourget,_France",,19,82,Reform,Magic Land [Second State],Reform - Magic Land [Second State]
"2017-09-11 - Pan-Pot @ Cercle, Musée de l'Air et de l'Espace, Le Bourget, France","https://www.mixesdb.com/w/2017-09-11_-_Pan-Pot_@_Cercle,_Mus%C3%A9e_de_l'Air_et_de_l'Espace,_Le_Bourget,_France",,20,87,Rebolledo,Discótico Pléxico (Maceo Plex Remix) [Hippie Dance],Rebolledo - Discótico Pléxico (Maceo Plex Remix) [Hippie Dance]
"2025-02-28 - Pan-Pot @ Stereo, Montreal","https://www.mixesdb.com/w/2025-02-28_-_Pan-Pot_@_Stereo,_Montreal",,1,000,Intro & Nacho Sotomayor & Francisco Sotomayor,Enter [Absolut Ambient],Intro & Nacho Sotomayor & Francisco Sotomayor - Enter [Absolut Ambient]
"2025-02-28 - Pan-Pot @ Stereo, Montreal","https://www.mixesdb.com/w/2025-02-28_-_Pan-Pot_@_Stereo,_Montreal",,2,002,Khas,Born On A Monday,Khas - Born On A Monday
"2025-02-28 - Pan-Pot @ Stereo, Montreal","https://www.mixesdb.com/w/2025-02-28_-_Pan-Pot_@_Stereo,_Montreal",,3,006,KUSS,Stay Like This [RAW.],KUSS - Stay Like This [RAW.]
"2025-02-28 - Pan-Pot @ Stereo, Montreal","https://www.mixesdb.com/w/2025-02-28_-_Pan-Pot_@_Stereo,_Montreal",,4,009,Kuss,Stay Like This [RAW.],Kuss - Stay Like This [RAW.]
"2025-02-28 - Pan-Pot @ Stereo, Montreal","https://www.mixesdb.com/w/2025-02-28_-_Pan-Pot_@_Stereo,_Montreal",,5,012,,?,?
"2025-02-28 - Pan-Pot @ Stereo, Montreal","https://www.mixesdb.com/w/2025-02-28_-_Pan-Pot_@_Stereo,_Montreal",,6,017,Adv709,Pl-Ktr [Anenome],Adv709 - Pl-Ktr [Anenome]
"2025-02-28 - Pan-Pot @ Stereo, Montreal","https://www.mixesdb.com/w/2025-02-28_-_Pan-Pot_@_Stereo,_Montreal",,7,020,Ignez & Rødhåd,VERMILLION 03 [220208.2],Ignez & Rødhåd - VERMILLION 03 [220208.2]
"2025-02-28 - Pan-Pot @ Stereo, Montreal","https://www.mixesdb.com/w/2025-02-28_-_Pan-Pot_@_Stereo,_Montreal",,8,025,Hertz Collision & Programma 101,Concrete Skin [Clergy],Hertz Collision & Programma 101 - Concrete Skin [Clergy]
"2025-02-28 - Pan-Pot @ Stereo, Montreal","https://www.mixesdb.com/w/2025-02-28_-_Pan-Pot_@_Stereo,_Montreal",,9,029,Fractious,Hyper Loop [KD RAW],Fractious - Hyper Loop [KD RAW]
"2025-02-28 - Pan-Pot @ Stereo, Montreal","https://www.mixesdb.com/w/2025-02-28_-_Pan-Pot_@_Stereo,_Montreal",,10,032,,?,?
"2025-02-28 - Pan-Pot @ Stereo, Montreal","https://www.mixesdb.com/w/2025-02-28_-_Pan-Pot_@_Stereo,_Montreal",,11,036,Andres Campo,Nuit Blanche [DCLTD],Andres Campo - Nuit Blanche [DCLTD]
"2025-02-28 - Pan-Pot @ Stereo, Montreal","https://www.mixesdb.com/w/2025-02-28_-_Pan-Pot_@_Stereo,_Montreal",,12,040,,?,?
"2025-02-28 - Pan-Pot @ Stereo, Montreal","https://www.mixesdb.com/w/2025-02-28_-_Pan-Pot_@_Stereo,_Montreal",,13,044,,?,?
"2025-02-28 - Pan-Pot @ Stereo, Montreal","https://www.mixesdb.com/w/2025-02-28_-_Pan-Pot_@_Stereo,_Montreal",,14,048,Kate Hex Feat. TiaNova,Hypnopompia [EXTIMA],Kate Hex Feat. TiaNova - Hypnopompia [EXTIMA]
"2025-02-28 - Pan-Pot @ Stereo, Montreal","https://www.mixesdb.com/w/2025-02-28_-_Pan-Pot_@_Stereo,_Montreal",,15,053,Marco Faraone,Open Your Eyes [DCLTD],Marco Faraone - Open Your Eyes [DCLTD]
"2025-02-28 - Pan-Pot @ Stereo, Montreal","https://www.mixesdb.com/w/2025-02-28_-_Pan-Pot_@_Stereo,_Montreal",,16,057,,?,?
"2025-02-28 - Pan-Pot @ Stereo, Montreal","https://www.mixesdb.com/w/2025-02-28_-_Pan-Pot_@_Stereo,_Montreal",,17,061,Luis Miranda,Saturation [AnalyticTrail],Luis Miranda - Saturation [AnalyticTrail]
"2025-02-28 - Pan-Pot @ Stereo, Montreal","https://www.mixesdb.com/w/2025-02-28_-_Pan-Pot_@_Stereo,_Montreal",,18,065,Hertz & Wehbba,Serendipitous Connection [Sway],Hertz & Wehbba - Serendipitous Connection [Sway]
"2025-02-28 - Pan-Pot @ Stereo, Montreal","https://www.mixesdb.com/w/2025-02-28_-_Pan-Pot_@_Stereo,_Montreal",,19,069,,?,?
"2025-02-28 - Pan-Pot @ Stereo, Montreal","https://www.mixesdb.com/w/2025-02-28_-_Pan-Pot_@_Stereo,_Montreal",,20,074,,?,?
"2025-02-28 - Pan-Pot @ Stereo, Montreal","https://www.mixesdb.com/w/2025-02-28_-_Pan-Pot_@_Stereo,_Montreal",,21,079,Klint,1990s Arcade [KOWBOI],Klint - 1990s Arcade [KOWBOI]
"2025-02-28 - Pan-Pot @ Stereo, Montreal","https://www.mixesdb.com/w/2025-02-28_-_Pan-Pot_@_Stereo,_Montreal",,22,083,Mython,Mola [Grab The Groove],Mython - Mola [Grab The Groove]
"2025-02-28 - Pan-Pot @ Stereo, Montreal","https://www.mixesdb.com/w/2025-02-28_-_Pan-Pot_@_Stereo,_Montreal",,23,085,Callum Plant,Adonis Blue [AnalyticTrail],Callum Plant - Adonis Blue [AnalyticTrail]
"2025-02-28 - Pan-Pot @ Stereo, Montreal","https://www.mixesdb.com/w/2025-02-28_-_Pan-Pot_@_Stereo,_Montreal",,24,089,Mark Reeve & KLØSET,Seconds [MOOD],Mark Reeve & KLØSET - Seconds [MOOD]
"2025-02-28 - Pan-Pot @ Stereo, Montreal","https://www.mixesdb.com/w/2025-02-28_-_Pan-Pot_@_Stereo,_Montreal",,25,093,Marco Bailey,Nightshade [Materia],Marco Bailey - Nightshade [Materia]
"2025-02-28 - Pan-Pot @ Stereo, Montreal","https://www.mixesdb.com/w/2025-02-28_-_Pan-Pot_@_Stereo,_Montreal",,26,097,Louis The 4th,She's From Manchester [Planet Rhythm],Louis The 4th - She's From Manchester [Planet Rhythm]
"2025-02-28 - Pan-Pot @ Stereo, Montreal","https://www.mixesdb.com/w/2025-02-28_-_Pan-Pot_@_Stereo,_Montreal",,27,100,MATRiXXMAN,Boss Loop V69 [Fuse Imprint],MATRiXXMAN - Boss Loop V69 [Fuse Imprint]
"2025-02-28 - Pan-Pot @ Stereo, Montreal","https://www.mixesdb.com/w/2025-02-28_-_Pan-Pot_@_Stereo,_Montreal",,28,103,,?,?
"2025-02-28 - Pan-Pot @ Stereo, Montreal","https://www.mixesdb.com/w/2025-02-28_-_Pan-Pot_@_Stereo,_Montreal",,29,107,,?,?
"2025-02-28 - Pan-Pot @ Stereo, Montreal","https://www.mixesdb.com/w/2025-02-28_-_Pan-Pot_@_Stereo,_Montreal",,30,111,,?,?
"2025-02-28 - Pan-Pot @ Stereo, Montreal","https://www.mixesdb.com/w/2025-02-28_-_Pan-Pot_@_Stereo,_Montreal",,31,115,Ferhat Albayrak,I Crown You [Jeton],Ferhat Albayrak - I Crown You [Jeton]
"2025-02-28 - Pan-Pot @ Stereo, Montreal","https://www.mixesdb.com/w/2025-02-28_-_Pan-Pot_@_Stereo,_Montreal",,32,119,Eric Cloutier,PBG001 [Palinoia],Eric Cloutier - PBG001 [Palinoia]
"2025-02-28 - Pan-Pot @ Stereo, Montreal","https://www.mixesdb.com/w/2025-02-28_-_Pan-Pot_@_Stereo,_Montreal",,33,123,Andres Campo,Ligne Jaune [DCLTD],Andres Campo - Ligne Jaune [DCLTD]
"2025-02-28 - Pan-Pot @ Stereo, Montreal","https://www.mixesdb.com/w/2025-02-28_-_Pan-Pot_@_Stereo,_Montreal",,34,126,,?,?
"2025-02-28 - Pan-Pot @ Stereo, Montreal","https://www.mixesdb.com/w/2025-02-28_-_Pan-Pot_@_Stereo,_Montreal",,35,129,Marco Faraone,Enigma [DCLTD],Marco Faraone - Enigma [DCLTD]
"2025-02-28 - Pan-Pot @ Stereo, Montreal","https://www.mixesdb.com/w/2025-02-28_-_Pan-Pot_@_Stereo,_Montreal",,36,134,,?,?
"2025-02-28 - Pan-Pot @ Stereo, Montreal","https://www.mixesdb.com/w/2025-02-28_-_Pan-Pot_@_Stereo,_Montreal",,37,138,,?,?
"2025-02-28 - Pan-Pot @ Stereo, Montreal","https://www.mixesdb.com/w/2025-02-28_-_Pan-Pot_@_Stereo,_Montreal",,38,143,Dictent Vroom,Decreased Reality [Planet Rhythm],Dictent Vroom - Decreased Reality [Planet Rhythm]
"2025-02-28 - Pan-Pot @ Stereo, Montreal","https://www.mixesdb.com/w/2025-02-28_-_Pan-Pot_@_Stereo,_Montreal",,39,147,,?,?
"2025-02-28 - Pan-Pot @ Stereo, Montreal","https://www.mixesdb.com/w/2025-02-28_-_Pan-Pot_@_Stereo,_Montreal",,40,152,,?,?
"2025-02-28 - Pan-Pot @ Stereo, Montreal","https://www.mixesdb.com/w/2025-02-28_-_Pan-Pot_@_Stereo,_Montreal",,41,157,Lewis Fautzi,Unprincipled,Lewis Fautzi - Unprincipled
"2025-02-28 - Pan-Pot @ Stereo, Montreal","https://www.mixesdb.com/w/2025-02-28_-_Pan-Pot_@_Stereo,_Montreal",,42,159,Hertz & Wehbba,Ink [Sway],Hertz & Wehbba - Ink [Sway]
"2025-02-28 - Pan-Pot @ Stereo, Montreal","https://www.mixesdb.com/w/2025-02-28_-_Pan-Pot_@_Stereo,_Montreal",,43,164,Glaskin,Blushed Blue [Mutual Rytm],Glaskin - Blushed Blue [Mutual Rytm]
"2025-02-28 - Pan-Pot @ Stereo, Montreal","https://www.mixesdb.com/w/2025-02-28_-_Pan-Pot_@_Stereo,_Montreal",,44,169,Man With No Shadow,Fireee [Unrilis],Man With No Shadow - Fireee [Unrilis]
"2025-02-28 - Pan-Pot @ Stereo, Montreal","https://www.mixesdb.com/w/2025-02-28_-_Pan-Pot_@_Stereo,_Montreal",,45,173,Klint,Horus & Seth [Planet Rhythm],Klint - Horus & Seth [Planet Rhythm]
"2025-02-28 - Pan-Pot @ Stereo, Montreal","https://www.mixesdb.com/w/2025-02-28_-_Pan-Pot_@_Stereo,_Montreal",,46,177,Josh Heywood,Transition Tool [Beaufort Beats],Josh Heywood - Transition Tool [Beaufort Beats]
"2025-02-28 - Pan-Pot @ Stereo, Montreal","https://www.mixesdb.com/w/2025-02-28_-_Pan-Pot_@_Stereo,_Montreal",,47,180,Luis Miranda,I Can't Hear Shit [X Erie],Luis Miranda - I Can't Hear Shit [X Erie]
"2025-02-28 - Pan-Pot @ Stereo, Montreal","https://www.mixesdb.com/w/2025-02-28_-_Pan-Pot_@_Stereo,_Montreal",,48,184,Devid Dega,The Connection [JAM],Devid Dega - The Connection [JAM]
"2025-02-28 - Pan-Pot @ Stereo, Montreal","https://www.mixesdb.com/w/2025-02-28_-_Pan-Pot_@_Stereo,_Montreal",,49,188,The Southern,Particle [CLR],The Southern - Particle [CLR]
"2025-02-28 - Pan-Pot @ Stereo, Montreal","https://www.mixesdb.com/w/2025-02-28_-_Pan-Pot_@_Stereo,_Montreal",,50,192,KiNK & Raredub,Time To Change [Mutual Rytm],KiNK & Raredub - Time To Change [Mutual Rytm]
"2025-02-28 - Pan-Pot @ Stereo, Montreal","https://www.mixesdb.com/w/2025-02-28_-_Pan-Pot_@_Stereo,_Montreal",,51,196,Hertz & Wehbba,Serendipitous Connection [Sway],Hertz & Wehbba - Serendipitous Connection [Sway]
"2025-02-28 - Pan-Pot @ Stereo, Montreal","https://www.mixesdb.com/w/2025-02-28_-_Pan-Pot_@_Stereo,_Montreal",,52,200,Hollen & Simina Grigoriu,Wrong Or Right [Kuukou],Hollen & Simina Grigoriu - Wrong Or Right [Kuukou]
"2025-02-28 - Pan-Pot @ Stereo, Montreal","https://www.mixesdb.com/w/2025-02-28_-_Pan-Pot_@_Stereo,_Montreal",,53,205,,?,?
"2025-02-28 - Pan-Pot @ Stereo, Montreal","https://www.mixesdb.com/w/2025-02-28_-_Pan-Pot_@_Stereo,_Montreal",,54,209,,?,?
"2025-02-28 - Pan-Pot @ Stereo, Montreal","https://www.mixesdb.com/w/2025-02-28_-_Pan-Pot_@_Stereo,_Montreal",,55,213,Uväll & Rødhåd,KINVA 02 [240206],Uväll & Rødhåd - KINVA 02 [240206]
"2025-02-28 - Pan-Pot @ Stereo, Montreal","https://www.mixesdb.com/w/2025-02-28_-_Pan-Pot_@_Stereo,_Montreal",,56,217,Alarico,Drops Of You [Mutual Rytm],Alarico - Drops Of You [Mutual Rytm]
"2025-02-28 - Pan-Pot @ Stereo, Montreal","https://www.mixesdb.com/w/2025-02-28_-_Pan-Pot_@_Stereo,_Montreal",,57,220,Introversion,Dreamcore [Mitsubasa],Introversion - Dreamcore [Mitsubasa]
"2025-02-28 - Pan-Pot @ Stereo, Montreal","https://www.mixesdb.com/w/2025-02-28_-_Pan-Pot_@_Stereo,_Montreal",,58,225,Oscar Escapa Feat. Joanna Dark,It's My Life [DCLTD],Oscar Escapa Feat. Joanna Dark - It's My Life [DCLTD]
"2025-02-28 - Pan-Pot @ Stereo, Montreal","https://www.mixesdb.com/w/2025-02-28_-_Pan-Pot_@_Stereo,_Montreal",,59,229,,?,?
"2025-02-28 - Pan-Pot @ Stereo, Montreal","https://www.mixesdb.com/w/2025-02-28_-_Pan-Pot_@_Stereo,_Montreal",,60,234,Malek Ales,Plump [Facts],Malek Ales - Plump [Facts]
"2025-02-28 - Pan-Pot @ Stereo, Montreal","https://www.mixesdb.com/w/2025-02-28_-_Pan-Pot_@_Stereo,_Montreal",,61,238,Jancen,Annealing [Rhythm Werk],Jancen - Annealing [Rhythm Werk]
"2025-02-28 - Pan-Pot @ Stereo, Montreal","https://www.mixesdb.com/w/2025-02-28_-_Pan-Pot_@_Stereo,_Montreal",,62,242,Pan-Pot & Konrad Kanton,Onno [Second State Audio],Pan-Pot & Konrad Kanton - Onno [Second State Audio]
"2025-02-28 - Pan-Pot @ Stereo, Montreal","https://www.mixesdb.com/w/2025-02-28_-_Pan-Pot_@_Stereo,_Montreal",,63,247,James Ruskin,Detached,James Ruskin - Detached
"2012-06-15 - Pan-Pot @ Mobilee Rooftop Session Day 1, Hotel Diagonal, Sonar","https://www.mixesdb.com/w/2012-06-15_-_Pan-Pot_@_Mobilee_Rooftop_Session_Day_1,_Hotel_Diagonal,_Sonar",Part 1,1,00,Adam Lavelle,Tinnitus [RBL008],Adam Lavelle - Tinnitus [RBL008]
"2012-06-15 - Pan-Pot @ Mobilee Rooftop Session Day 1, Hotel Diagonal, Sonar","https://www.mixesdb.com/w/2012-06-15_-_Pan-Pot_@_Mobilee_Rooftop_Session_Day_1,_Hotel_Diagonal,_Sonar",Part 1,2,05,Pink Lunch,My House,Pink Lunch - My House
"2012-06-15 - Pan-Pot @ Mobilee Rooftop Session Day 1, Hotel Diagonal, Sonar","https://www.mixesdb.com/w/2012-06-15_-_Pan-Pot_@_Mobilee_Rooftop_Session_Day_1,_Hotel_Diagonal,_Sonar",Part 1,3,11,Mark Fanciulli,Sacrifice [Saved],Mark Fanciulli - Sacrifice [Saved]
"2012-06-15 - Pan-Pot @ Mobilee Rooftop Session Day 1, Hotel Diagonal, Sonar","https://www.mixesdb.com/w/2012-06-15_-_Pan-Pot_@_Mobilee_Rooftop_Session_Day_1,_Hotel_Diagonal,_Sonar",Part 1,4,17,Technasia,Heart Of Flesh [Cadenza],Technasia - Heart Of Flesh [Cadenza]
"2012-06-15 - Pan-Pot @ Mobilee Rooftop Session Day 1, Hotel Diagonal, Sonar","https://www.mixesdb.com/w/2012-06-15_-_Pan-Pot_@_Mobilee_Rooftop_Session_Day_1,_Hotel_Diagonal,_Sonar",Part 1,5,21,Pirupa,Party Non Stop [Desolat],Pirupa - Party Non Stop [Desolat]
"2012-06-15 - Pan-Pot @ Mobilee Rooftop Session Day 1, Hotel Diagonal, Sonar","https://www.mixesdb.com/w/2012-06-15_-_Pan-Pot_@_Mobilee_Rooftop_Session_Day_1,_Hotel_Diagonal,_Sonar",Part 1,6,27,Nic Fanciulli,Movin On [Rejected],Nic Fanciulli - Movin On [Rejected]
"2012-06-15 - Pan-Pot @ Mobilee Rooftop Session Day 1, Hotel Diagonal, Sonar","https://www.mixesdb.com/w/2012-06-15_-_Pan-Pot_@_Mobilee_Rooftop_Session_Day_1,_Hotel_Diagonal,_Sonar",Part 1,7,32,Cajmere,Percolator (Jamie Jones Vault Mix),Cajmere - Percolator (Jamie Jones Vault Mix)
"2012-06-15 - Pan-Pot @ Mobilee Rooftop Session Day 1, Hotel Diagonal, Sonar","https://www.mixesdb.com/w/2012-06-15_-_Pan-Pot_@_Mobilee_Rooftop_Session_Day_1,_Hotel_Diagonal,_Sonar",Part 1,8,36,Marlon D,Jesus Creates Sound,Marlon D - Jesus Creates Sound
"2012-06-15 - Pan-Pot @ Mobilee Rooftop Session Day 1, Hotel Diagonal, Sonar","https://www.mixesdb.com/w/2012-06-15_-_Pan-Pot_@_Mobilee_Rooftop_Session_Day_1,_Hotel_Diagonal,_Sonar",Part 1,9,41,,?,?
"2012-06-15 - Pan-Pot @ Mobilee Rooftop Session Day 1, Hotel Diagonal, Sonar","https://www.mixesdb.com/w/2012-06-15_-_Pan-Pot_@_Mobilee_Rooftop_Session_Day_1,_Hotel_Diagonal,_Sonar",Part 1,10,46,Christian Smith,NYC [PURE079],Christian Smith - NYC [PURE079]
"2012-06-15 - Pan-Pot @ Mobilee Rooftop Session Day 1, Hotel Diagonal, Sonar","https://www.mixesdb.com/w/2012-06-15_-_Pan-Pot_@_Mobilee_Rooftop_Session_Day_1,_Hotel_Diagonal,_Sonar",Part 2,1,00,Maceo Plex,Deez Nuts,Maceo Plex - Deez Nuts
"2012-06-15 - Pan-Pot @ Mobilee Rooftop Session Day 1, Hotel Diagonal, Sonar","https://www.mixesdb.com/w/2012-06-15_-_Pan-Pot_@_Mobilee_Rooftop_Session_Day_1,_Hotel_Diagonal,_Sonar",Part 2,2,03,Christian Smith,Indulge Me,Christian Smith - Indulge Me
"2012-06-15 - Pan-Pot @ Mobilee Rooftop Session Day 1, Hotel Diagonal, Sonar","https://www.mixesdb.com/w/2012-06-15_-_Pan-Pot_@_Mobilee_Rooftop_Session_Day_1,_Hotel_Diagonal,_Sonar",Part 2,3,09,Nebraska,This Is The Way,Nebraska - This Is The Way
"2012-06-15 - Pan-Pot @ Mobilee Rooftop Session Day 1, Hotel Diagonal, Sonar","https://www.mixesdb.com/w/2012-06-15_-_Pan-Pot_@_Mobilee_Rooftop_Session_Day_1,_Hotel_Diagonal,_Sonar",Part 2,4,15,Sebo K,Mr. Duke,Sebo K - Mr. Duke
"2012-06-15 - Pan-Pot @ Mobilee Rooftop Session Day 1, Hotel Diagonal, Sonar","https://www.mixesdb.com/w/2012-06-15_-_Pan-Pot_@_Mobilee_Rooftop_Session_Day_1,_Hotel_Diagonal,_Sonar",Part 2,5,22,The Dirtbombs,Shari Vari,The Dirtbombs - Shari Vari
"2012-06-15 - Pan-Pot @ Mobilee Rooftop Session Day 1, Hotel Diagonal, Sonar","https://www.mixesdb.com/w/2012-06-15_-_Pan-Pot_@_Mobilee_Rooftop_Session_Day_1,_Hotel_Diagonal,_Sonar",Part 2,6,25,,?,?
"2012-06-15 - Pan-Pot @ Mobilee Rooftop Session Day 1, Hotel Diagonal, Sonar","https://www.mixesdb.com/w/2012-06-15_-_Pan-Pot_@_Mobilee_Rooftop_Session_Day_1,_Hotel_Diagonal,_Sonar",Part 2,7,30,Loko,Scarlet House [Soulman],Loko - Scarlet House [Soulman]
"2012-06-15 - Pan-Pot @ Mobilee Rooftop Session Day 1, Hotel Diagonal, Sonar","https://www.mixesdb.com/w/2012-06-15_-_Pan-Pot_@_Mobilee_Rooftop_Session_Day_1,_Hotel_Diagonal,_Sonar",Part 2,8,35,Green Velvet,La La Land,Green Velvet - La La Land
"2012-06-15 - Pan-Pot @ Mobilee Rooftop Session Day 1, Hotel Diagonal, Sonar","https://www.mixesdb.com/w/2012-06-15_-_Pan-Pot_@_Mobilee_Rooftop_Session_Day_1,_Hotel_Diagonal,_Sonar",Part 2,9,40,Tiga,Mind Dimension 2,Tiga - Mind Dimension 2
"2012-06-15 - Pan-Pot @ Mobilee Rooftop Session Day 1, Hotel Diagonal, Sonar","https://www.mixesdb.com/w/2012-06-15_-_Pan-Pot_@_Mobilee_Rooftop_Session_Day_1,_Hotel_Diagonal,_Sonar",Part 2,10,46,Solomun,Talk To The Hand,Solomun - Talk To The Hand
"2012-06-15 - Pan-Pot @ Mobilee Rooftop Session Day 1, Hotel Diagonal, Sonar","https://www.mixesdb.com/w/2012-06-15_-_Pan-Pot_@_Mobilee_Rooftop_Session_Day_1,_Hotel_Diagonal,_Sonar",Part 2,11,50,Freaks,The Creeps,Freaks - The Creeps
"2012-06-15 - Pan-Pot @ Mobilee Rooftop Session Day 1, Hotel Diagonal, Sonar","https://www.mixesdb.com/w/2012-06-15_-_Pan-Pot_@_Mobilee_Rooftop_Session_Day_1,_Hotel_Diagonal,_Sonar",Part 2,12,56,Geeeman,Bang't,Geeeman - Bang't
"2012-06-15 - Pan-Pot @ Mobilee Rooftop Session Day 1, Hotel Diagonal, Sonar","https://www.mixesdb.com/w/2012-06-15_-_Pan-Pot_@_Mobilee_Rooftop_Session_Day_1,_Hotel_Diagonal,_Sonar",Part 2,13,62,,?,?
"2012-06-15 - Pan-Pot @ Mobilee Rooftop Session Day 1, Hotel Diagonal, Sonar","https://www.mixesdb.com/w/2012-06-15_-_Pan-Pot_@_Mobilee_Rooftop_Session_Day_1,_Hotel_Diagonal,_Sonar",Part 2,14,68,Cut Copy,Need You Now (Carl Craig Remix),Cut Copy - Need You Now (Carl Craig Remix)
"2012-06-15 - Pan-Pot @ Mobilee Rooftop Session Day 1, Hotel Diagonal, Sonar","https://www.mixesdb.com/w/2012-06-15_-_Pan-Pot_@_Mobilee_Rooftop_Session_Day_1,_Hotel_Diagonal,_Sonar",Part 2,15,72,Ol Dirty Bastard Feat. Kelis,Got Your Money (Rich Travali Remix),Ol Dirty Bastard Feat. Kelis - Got Your Money (Rich Travali Remix)
"2012-06-15 - Pan-Pot @ Mobilee Rooftop Session Day 1, Hotel Diagonal, Sonar","https://www.mixesdb.com/w/2012-06-15_-_Pan-Pot_@_Mobilee_Rooftop_Session_Day_1,_Hotel_Diagonal,_Sonar",Part 2,16,78,,?,?
"2012-06-15 - Pan-Pot @ Mobilee Rooftop Session Day 1, Hotel Diagonal, Sonar","https://www.mixesdb.com/w/2012-06-15_-_Pan-Pot_@_Mobilee_Rooftop_Session_Day_1,_Hotel_Diagonal,_Sonar",Part 2,17,82,,?,?
"2012-06-15 - Pan-Pot @ Mobilee Rooftop Session Day 1, Hotel Diagonal, Sonar","https://www.mixesdb.com/w/2012-06-15_-_Pan-Pot_@_Mobilee_Rooftop_Session_Day_1,_Hotel_Diagonal,_Sonar",Part 3,1,00,,?,?
"2012-06-15 - Pan-Pot @ Mobilee Rooftop Session Day 1, Hotel Diagonal, Sonar","https://www.mixesdb.com/w/2012-06-15_-_Pan-Pot_@_Mobilee_Rooftop_Session_Day_1,_Hotel_Diagonal,_Sonar",Part 3,2,01,Green Velvet & Russoul,Millie Vanillie [Relief],Green Velvet & Russoul - Millie Vanillie [Relief]
"2012-06-15 - Pan-Pot @ Mobilee Rooftop Session Day 1, Hotel Diagonal, Sonar","https://www.mixesdb.com/w/2012-06-15_-_Pan-Pot_@_Mobilee_Rooftop_Session_Day_1,_Hotel_Diagonal,_Sonar",Part 3,3,05,,?,?
"2012-06-15 - Pan-Pot @ Mobilee Rooftop Session Day 1, Hotel Diagonal, Sonar","https://www.mixesdb.com/w/2012-06-15_-_Pan-Pot_@_Mobilee_Rooftop_Session_Day_1,_Hotel_Diagonal,_Sonar",Part 3,4,11,Maceo Plex,Under The Sheets,Maceo Plex - Under The Sheets
"2012-06-15 - Pan-Pot @ Mobilee Rooftop Session Day 1, Hotel Diagonal, Sonar","https://www.mixesdb.com/w/2012-06-15_-_Pan-Pot_@_Mobilee_Rooftop_Session_Day_1,_Hotel_Diagonal,_Sonar",Part 3,5,16,Tom Trago,Use Me Again (Carl Craig Rework),Tom Trago - Use Me Again (Carl Craig Rework)
"2012-06-15 - Pan-Pot @ Mobilee Rooftop Session Day 1, Hotel Diagonal, Sonar","https://www.mixesdb.com/w/2012-06-15_-_Pan-Pot_@_Mobilee_Rooftop_Session_Day_1,_Hotel_Diagonal,_Sonar",Part 3,6,23,Bibio,Lovers Carvings (Catz 'N Dogz Re-Edit),Bibio - Lovers Carvings (Catz 'N Dogz Re-Edit)
"2016-04-02 - Pan-Pot @ Time Warp, Mannheim, Germany","https://www.mixesdb.com/w/2016-04-02_-_Pan-Pot_@_Time_Warp,_Mannheim,_Germany",b@TV,1,000,Egbert,Untitled,Egbert - Untitled
"2016-04-02 - Pan-Pot @ Time Warp, Mannheim, Germany","https://www.mixesdb.com/w/2016-04-02_-_Pan-Pot_@_Time_Warp,_Mannheim,_Germany",b@TV,2,008,Roel Salemink & Drumcomplex,Reconstruction,Roel Salemink & Drumcomplex - Reconstruction
"2016-04-02 - Pan-Pot @ Time Warp, Mannheim, Germany","https://www.mixesdb.com/w/2016-04-02_-_Pan-Pot_@_Time_Warp,_Mannheim,_Germany",b@TV,3,013,Kaiserdisco,Freedom [100% Pure - PUREDV 066],Kaiserdisco - Freedom [100% Pure - PUREDV 066]
"2016-04-02 - Pan-Pot @ Time Warp, Mannheim, Germany","https://www.mixesdb.com/w/2016-04-02_-_Pan-Pot_@_Time_Warp,_Mannheim,_Germany",b@TV,4,017,Raffaele Rizzi,B52,Raffaele Rizzi - B52
"2016-04-02 - Pan-Pot @ Time Warp, Mannheim, Germany","https://www.mixesdb.com/w/2016-04-02_-_Pan-Pot_@_Time_Warp,_Mannheim,_Germany",b@TV,5,022,Harvey McKay,The Mad Drummer [Drumcode - DC 152],Harvey McKay - The Mad Drummer [Drumcode - DC 152]
"2016-04-02 - Pan-Pot @ Time Warp, Mannheim, Germany","https://www.mixesdb.com/w/2016-04-02_-_Pan-Pot_@_Time_Warp,_Mannheim,_Germany",b@TV,6,027,Charles Fenckler,Frozen Room [Soma - 450D],Charles Fenckler - Frozen Room [Soma - 450D]
"2016-04-02 - Pan-Pot @ Time Warp, Mannheim, Germany","https://www.mixesdb.com/w/2016-04-02_-_Pan-Pot_@_Time_Warp,_Mannheim,_Germany",b@TV,7,032,Mark Reeve,Run Back [Drumcode - DC 151],Mark Reeve - Run Back [Drumcode - DC 151]
"2016-04-02 - Pan-Pot @ Time Warp, Mannheim, Germany","https://www.mixesdb.com/w/2016-04-02_-_Pan-Pot_@_Time_Warp,_Mannheim,_Germany",b@TV,8,036,Sasha Carassi,Echoes (Skober Remix) [Phobiq - 0128D],Sasha Carassi - Echoes (Skober Remix) [Phobiq - 0128D]
"2016-04-02 - Pan-Pot @ Time Warp, Mannheim, Germany","https://www.mixesdb.com/w/2016-04-02_-_Pan-Pot_@_Time_Warp,_Mannheim,_Germany",b@TV,9,041,Arjun Vagale,Give Your Love [Transmit - TRSMT 035],Arjun Vagale - Give Your Love [Transmit - TRSMT 035]
"2016-04-02 - Pan-Pot @ Time Warp, Mannheim, Germany","https://www.mixesdb.com/w/2016-04-02_-_Pan-Pot_@_Time_Warp,_Mannheim,_Germany",b@TV,10,046,Marco Faraone,Boost [Drumcode - DC 154],Marco Faraone - Boost [Drumcode - DC 154]
"2016-04-02 - Pan-Pot @ Time Warp, Mannheim, Germany","https://www.mixesdb.com/w/2016-04-02_-_Pan-Pot_@_Time_Warp,_Mannheim,_Germany",b@TV,11,051,Roman Poncet,Atome II [Figure - 75],Roman Poncet - Atome II [Figure - 75]
"2016-04-02 - Pan-Pot @ Time Warp, Mannheim, Germany","https://www.mixesdb.com/w/2016-04-02_-_Pan-Pot_@_Time_Warp,_Mannheim,_Germany",b@TV,12,055,The YellowHeads,The Beginning (Cari Lekebusch Remix) [Reload Black - RBL 021],The YellowHeads - The Beginning (Cari Lekebusch Remix) [Reload Black - RBL 021]
"2016-04-02 - Pan-Pot @ Time Warp, Mannheim, Germany","https://www.mixesdb.com/w/2016-04-02_-_Pan-Pot_@_Time_Warp,_Mannheim,_Germany",b@TV,13,060,Dax J,The Wonk [Monnom Black - MONNOM 009],Dax J - The Wonk [Monnom Black - MONNOM 009]
"2016-04-02 - Pan-Pot @ Time Warp, Mannheim, Germany","https://www.mixesdb.com/w/2016-04-02_-_Pan-Pot_@_Time_Warp,_Mannheim,_Germany",b@TV,14,064,The Advent & Spiriakos,Everybody [Phobiq],The Advent & Spiriakos - Everybody [Phobiq]
"2016-04-02 - Pan-Pot @ Time Warp, Mannheim, Germany","https://www.mixesdb.com/w/2016-04-02_-_Pan-Pot_@_Time_Warp,_Mannheim,_Germany",b@TV,15,069,Gary Beck,Before The Crash [Soma - 344D],Gary Beck - Before The Crash [Soma - 344D]
"2016-04-02 - Pan-Pot @ Time Warp, Mannheim, Germany","https://www.mixesdb.com/w/2016-04-02_-_Pan-Pot_@_Time_Warp,_Mannheim,_Germany",b@TV,16,075,Tiga,Planet E (Dense/Pika Remix) [Counter - COUNTDNL 085P],Tiga - Planet E (Dense/Pika Remix) [Counter - COUNTDNL 085P]
"2016-04-02 - Pan-Pot @ Time Warp, Mannheim, Germany","https://www.mixesdb.com/w/2016-04-02_-_Pan-Pot_@_Time_Warp,_Mannheim,_Germany",b@TV,17,082,Vitalic,La Rock 01,Vitalic - La Rock 01
"2016-04-02 - Pan-Pot @ Time Warp, Mannheim, Germany","https://www.mixesdb.com/w/2016-04-02_-_Pan-Pot_@_Time_Warp,_Mannheim,_Germany",b@TV,18,088,Martin Eyrerer,Intimacy (Stephan Hinz Remix),Martin Eyrerer - Intimacy (Stephan Hinz Remix)
"2016-04-02 - Pan-Pot @ Time Warp, Mannheim, Germany","https://www.mixesdb.com/w/2016-04-02_-_Pan-Pot_@_Time_Warp,_Mannheim,_Germany",b@TV,19,093,Ilario Alicante,Zenith [Soma - 453D],Ilario Alicante - Zenith [Soma - 453D]
"2016-04-02 - Pan-Pot @ Time Warp, Mannheim, Germany","https://www.mixesdb.com/w/2016-04-02_-_Pan-Pot_@_Time_Warp,_Mannheim,_Germany",b@TV,20,099,Jay Lumen,Old Machines [Footwork - FW 002],Jay Lumen - Old Machines [Footwork - FW 002]
"2016-04-02 - Pan-Pot @ Time Warp, Mannheim, Germany","https://www.mixesdb.com/w/2016-04-02_-_Pan-Pot_@_Time_Warp,_Mannheim,_Germany",b@TV,21,105,Alan Fitzpatrick,Skeksis [Drumcode - DC 102],Alan Fitzpatrick - Skeksis [Drumcode - DC 102]
"2016-04-02 - Pan-Pot @ Time Warp, Mannheim, Germany","https://www.mixesdb.com/w/2016-04-02_-_Pan-Pot_@_Time_Warp,_Mannheim,_Germany",b@TV,22,111,Timmo,Playing With Shadows [Break New Soil],Timmo - Playing With Shadows [Break New Soil]
"2016-04-02 - Pan-Pot @ Time Warp, Mannheim, Germany","https://www.mixesdb.com/w/2016-04-02_-_Pan-Pot_@_Time_Warp,_Mannheim,_Germany",b@TV,23,117,Reform,The Clear Path [Etruria Beat - ETB 025],Reform - The Clear Path [Etruria Beat - ETB 025]
"2016-04-02 - Pan-Pot @ Time Warp, Mannheim, Germany","https://www.mixesdb.com/w/2016-04-02_-_Pan-Pot_@_Time_Warp,_Mannheim,_Germany",Sunshine Live,1,00,Dax J,The Wonk [Monnom Black - MONNOM 009],Dax J - The Wonk [Monnom Black - MONNOM 009]
"2016-04-02 - Pan-Pot @ Time Warp, Mannheim, Germany","https://www.mixesdb.com/w/2016-04-02_-_Pan-Pot_@_Time_Warp,_Mannheim,_Germany",Sunshine Live,2,04,The Advent & Spiriakos,Everybody [Phobiq],The Advent & Spiriakos - Everybody [Phobiq]
"2016-04-02 - Pan-Pot @ Time Warp, Mannheim, Germany","https://www.mixesdb.com/w/2016-04-02_-_Pan-Pot_@_Time_Warp,_Mannheim,_Germany",Sunshine Live,3,09,Gary Beck,Before The Crash [Soma - 344D],Gary Beck - Before The Crash [Soma - 344D]
"2016-04-02 - Pan-Pot @ Time Warp, Mannheim, Germany","https://www.mixesdb.com/w/2016-04-02_-_Pan-Pot_@_Time_Warp,_Mannheim,_Germany",Sunshine Live,4,15,Tiga,Planet E (Dense/Pika Remix) [Counter - COUNTDNL 085P],Tiga - Planet E (Dense/Pika Remix) [Counter - COUNTDNL 085P]
"2016-04-02 - Pan-Pot @ Time Warp, Mannheim, Germany","https://www.mixesdb.com/w/2016-04-02_-_Pan-Pot_@_Time_Warp,_Mannheim,_Germany",Sunshine Live,5,22,Vitalic,La Rock 01,Vitalic - La Rock 01
"2016-04-02 - Pan-Pot @ Time Warp, Mannheim, Germany","https://www.mixesdb.com/w/2016-04-02_-_Pan-Pot_@_Time_Warp,_Mannheim,_Germany",Sunshine Live,6,27,Martin Eyrerer,Intimacy (Stephan Hinz Remix),Martin Eyrerer - Intimacy (Stephan Hinz Remix)
"2016-04-02 - Pan-Pot @ Time Warp, Mannheim, Germany","https://www.mixesdb.com/w/2016-04-02_-_Pan-Pot_@_Time_Warp,_Mannheim,_Germany",Sunshine Live,7,33,Ilario Alicante,Zenith [Soma - 453D],Ilario Alicante - Zenith [Soma - 453D]
"2016-04-02 - Pan-Pot @ Time Warp, Mannheim, Germany","https://www.mixesdb.com/w/2016-04-02_-_Pan-Pot_@_Time_Warp,_Mannheim,_Germany",Sunshine Live,8,39,Jay Lumen,Old Machines [Footwork - FW 002],Jay Lumen - Old Machines [Footwork - FW 002]
"2016-04-02 - Pan-Pot @ Time Warp, Mannheim, Germany","https://www.mixesdb.com/w/2016-04-02_-_Pan-Pot_@_Time_Warp,_Mannheim,_Germany",Sunshine Live,9,45,Alan Fitzpatrick,Skeksis [Drumcode - DC 102],Alan Fitzpatrick - Skeksis [Drumcode - DC 102]
"2016-04-02 - Pan-Pot @ Time Warp, Mannheim, Germany","https://www.mixesdb.com/w/2016-04-02_-_Pan-Pot_@_Time_Warp,_Mannheim,_Germany",Sunshine Live,10,51,Timmo,Playing With Shadows [Break New Soil],Timmo - Playing With Shadows [Break New Soil]
"2016-04-02 - Pan-Pot @ Time Warp, Mannheim, Germany","https://www.mixesdb.com/w/2016-04-02_-_Pan-Pot_@_Time_Warp,_Mannheim,_Germany",Sunshine Live,11,57,Reform,The Clear Path [Etruria Beat - ETB 025],Reform - The Clear Path [Etruria Beat - ETB 025]
"2016-08-03 - Pan-Pot @ HYTE, Amnesia, Ibiza","https://www.mixesdb.com/w/2016-08-03_-_Pan-Pot_@_HYTE,_Amnesia,_Ibiza",,1,000,Hugo Barritt,Kismet,Hugo Barritt - Kismet
"2016-08-03 - Pan-Pot @ HYTE, Amnesia, Ibiza","https://www.mixesdb.com/w/2016-08-03_-_Pan-Pot_@_HYTE,_Amnesia,_Ibiza",,2,004,Miguel Puente,Enki (Hyenah African Techno Dub) [Akbal],Miguel Puente - Enki (Hyenah African Techno Dub) [Akbal]
"2016-08-03 - Pan-Pot @ HYTE, Amnesia, Ibiza","https://www.mixesdb.com/w/2016-08-03_-_Pan-Pot_@_HYTE,_Amnesia,_Ibiza",,3,013,Oxia & Nicolas Masseyeff,Complicity [Diversions],Oxia & Nicolas Masseyeff - Complicity [Diversions]
"2016-08-03 - Pan-Pot @ HYTE, Amnesia, Ibiza","https://www.mixesdb.com/w/2016-08-03_-_Pan-Pot_@_HYTE,_Amnesia,_Ibiza",,4,014,Mirco Caruso,Sale El Sol [Hive],Mirco Caruso - Sale El Sol [Hive]
"2016-08-03 - Pan-Pot @ HYTE, Amnesia, Ibiza","https://www.mixesdb.com/w/2016-08-03_-_Pan-Pot_@_HYTE,_Amnesia,_Ibiza",,5,019,Dennis Cruz,Fuck [Nervous],Dennis Cruz - Fuck [Nervous]
"2016-08-03 - Pan-Pot @ HYTE, Amnesia, Ibiza","https://www.mixesdb.com/w/2016-08-03_-_Pan-Pot_@_HYTE,_Amnesia,_Ibiza",,6,023,Joe Red,Lux [303lovers],Joe Red - Lux [303lovers]
"2016-08-03 - Pan-Pot @ HYTE, Amnesia, Ibiza","https://www.mixesdb.com/w/2016-08-03_-_Pan-Pot_@_HYTE,_Amnesia,_Ibiza",,7,034,Riva Starr,Dippin' Side (Joseph Capriati Remix) [Hot Creations],Riva Starr - Dippin' Side (Joseph Capriati Remix) [Hot Creations]
"2016-08-03 - Pan-Pot @ HYTE, Amnesia, Ibiza","https://www.mixesdb.com/w/2016-08-03_-_Pan-Pot_@_HYTE,_Amnesia,_Ibiza",,8,038,Dennis Cruz,Slamming [Deeperfect],Dennis Cruz - Slamming [Deeperfect]
"2016-08-03 - Pan-Pot @ HYTE, Amnesia, Ibiza","https://www.mixesdb.com/w/2016-08-03_-_Pan-Pot_@_HYTE,_Amnesia,_Ibiza",,9,042,Darius Syrossian & Doorly,Gravity Check [Wow!],Darius Syrossian & Doorly - Gravity Check [Wow!]
"2016-08-03 - Pan-Pot @ HYTE, Amnesia, Ibiza","https://www.mixesdb.com/w/2016-08-03_-_Pan-Pot_@_HYTE,_Amnesia,_Ibiza",,10,046,Natch! & Dothen,Supaman [Deeperfect],Natch! & Dothen - Supaman [Deeperfect]
"2016-08-03 - Pan-Pot @ HYTE, Amnesia, Ibiza","https://www.mixesdb.com/w/2016-08-03_-_Pan-Pot_@_HYTE,_Amnesia,_Ibiza",,11,050,Patrick Topping,Taking Libz [Hot Creations],Patrick Topping - Taking Libz [Hot Creations]
"2016-08-03 - Pan-Pot @ HYTE, Amnesia, Ibiza","https://www.mixesdb.com/w/2016-08-03_-_Pan-Pot_@_HYTE,_Amnesia,_Ibiza",,12,054,Gene Farris & Nathan Barato,We Like The Deep [Relief],Gene Farris & Nathan Barato - We Like The Deep [Relief]
"2016-08-03 - Pan-Pot @ HYTE, Amnesia, Ibiza","https://www.mixesdb.com/w/2016-08-03_-_Pan-Pot_@_HYTE,_Amnesia,_Ibiza",,13,062,Juan M & Lu George & Mr. Doxx,Arpia,Juan M & Lu George & Mr. Doxx - Arpia
"2016-08-03 - Pan-Pot @ HYTE, Amnesia, Ibiza","https://www.mixesdb.com/w/2016-08-03_-_Pan-Pot_@_HYTE,_Amnesia,_Ibiza",,14,064,Ki Creighton,Thunder [8Bit],Ki Creighton - Thunder [8Bit]
"2016-08-03 - Pan-Pot @ HYTE, Amnesia, Ibiza","https://www.mixesdb.com/w/2016-08-03_-_Pan-Pot_@_HYTE,_Amnesia,_Ibiza",,15,070,Fabian Argomedo,Carolina,Fabian Argomedo - Carolina
"2016-08-03 - Pan-Pot @ HYTE, Amnesia, Ibiza","https://www.mixesdb.com/w/2016-08-03_-_Pan-Pot_@_HYTE,_Amnesia,_Ibiza",,16,0??,,?,?
"2016-08-03 - Pan-Pot @ HYTE, Amnesia, Ibiza","https://www.mixesdb.com/w/2016-08-03_-_Pan-Pot_@_HYTE,_Amnesia,_Ibiza",,17,088,Rich Wakley,Rendezvous (Nathan Barato Remix) [Incorrect],Rich Wakley - Rendezvous (Nathan Barato Remix) [Incorrect]
"2016-08-03 - Pan-Pot @ HYTE, Amnesia, Ibiza","https://www.mixesdb.com/w/2016-08-03_-_Pan-Pot_@_HYTE,_Amnesia,_Ibiza",,18,094,Cuartero,It Stops [Hot Creations],Cuartero - It Stops [Hot Creations]
"2016-08-03 - Pan-Pot @ HYTE, Amnesia, Ibiza","https://www.mixesdb.com/w/2016-08-03_-_Pan-Pot_@_HYTE,_Amnesia,_Ibiza",,19,099,Green Velvet,Flash (Latmun Remix) [Relief],Green Velvet - Flash (Latmun Remix) [Relief]
"2016-08-03 - Pan-Pot @ HYTE, Amnesia, Ibiza","https://www.mixesdb.com/w/2016-08-03_-_Pan-Pot_@_HYTE,_Amnesia,_Ibiza",,20,103,Whitesquare,Folded Reality [20:20 Vision],Whitesquare - Folded Reality [20:20 Vision]
"2016-08-03 - Pan-Pot @ HYTE, Amnesia, Ibiza","https://www.mixesdb.com/w/2016-08-03_-_Pan-Pot_@_HYTE,_Amnesia,_Ibiza",,21,109,Mat.Joe,Nonstop Nonsense [Hottrax],Mat.Joe - Nonstop Nonsense [Hottrax]
"2016-08-03 - Pan-Pot @ HYTE, Amnesia, Ibiza","https://www.mixesdb.com/w/2016-08-03_-_Pan-Pot_@_HYTE,_Amnesia,_Ibiza",,22,119,Ki Creighton,Stab In The Dark (Paul C & Paolo Martini Remix) [Under No Illusion],Ki Creighton - Stab In The Dark (Paul C & Paolo Martini Remix) [Under No Illusion]
"2016-08-03 - Pan-Pot @ HYTE, Amnesia, Ibiza","https://www.mixesdb.com/w/2016-08-03_-_Pan-Pot_@_HYTE,_Amnesia,_Ibiza",,23,141,Eric Sneo,Move On [Tronic],Eric Sneo - Move On [Tronic]
"2016-08-03 - Pan-Pot @ HYTE, Amnesia, Ibiza","https://www.mixesdb.com/w/2016-08-03_-_Pan-Pot_@_HYTE,_Amnesia,_Ibiza",,24,147,Nicolas Masseyeff,No More Time (Gabriel Ananda Remix) [Herzblut],Nicolas Masseyeff - No More Time (Gabriel Ananda Remix) [Herzblut]
"2016-08-03 - Pan-Pot @ HYTE, Amnesia, Ibiza","https://www.mixesdb.com/w/2016-08-03_-_Pan-Pot_@_HYTE,_Amnesia,_Ibiza",,25,150,Olene Kadar Feat. D-Low,Little Miss Dynamite (Anton Pieete Remix),Olene Kadar Feat. D-Low - Little Miss Dynamite (Anton Pieete Remix)
"2016-08-03 - Pan-Pot @ HYTE, Amnesia, Ibiza","https://www.mixesdb.com/w/2016-08-03_-_Pan-Pot_@_HYTE,_Amnesia,_Ibiza",,26,155,Raffa FL,How We Do [Criminal Hype],Raffa FL - How We Do [Criminal Hype]
"2016-08-03 - Pan-Pot @ HYTE, Amnesia, Ibiza","https://www.mixesdb.com/w/2016-08-03_-_Pan-Pot_@_HYTE,_Amnesia,_Ibiza",,27,160,Pele & Shawnecy,Better For My Brain [Snatch!],Pele & Shawnecy - Better For My Brain [Snatch!]
"2016-08-03 - Pan-Pot @ HYTE, Amnesia, Ibiza","https://www.mixesdb.com/w/2016-08-03_-_Pan-Pot_@_HYTE,_Amnesia,_Ibiza",,28,165,Cristoph,Genesis [Truesoul],Cristoph - Genesis [Truesoul]
"2016-08-03 - Pan-Pot @ HYTE, Amnesia, Ibiza","https://www.mixesdb.com/w/2016-08-03_-_Pan-Pot_@_HYTE,_Amnesia,_Ibiza",,29,171,Tiger Stripes,A Feeling [Drumcode],Tiger Stripes - A Feeling [Drumcode]
"2016-08-03 - Pan-Pot @ HYTE, Amnesia, Ibiza","https://www.mixesdb.com/w/2016-08-03_-_Pan-Pot_@_HYTE,_Amnesia,_Ibiza",,30,176,Nick & Danny Chatelain,Acid (Coyu Raw Mix) [Suara],Nick & Danny Chatelain - Acid (Coyu Raw Mix) [Suara]
"2016-08-03 - Pan-Pot @ HYTE, Amnesia, Ibiza","https://www.mixesdb.com/w/2016-08-03_-_Pan-Pot_@_HYTE,_Amnesia,_Ibiza",,31,182,Paul Nazca,Terhphas,Paul Nazca - Terhphas
"2016-08-03 - Pan-Pot @ HYTE, Amnesia, Ibiza","https://www.mixesdb.com/w/2016-08-03_-_Pan-Pot_@_HYTE,_Amnesia,_Ibiza",,32,188,Hinz & Ruhmhardt,Doch [Second State],Hinz & Ruhmhardt - Doch [Second State]
"2016-08-03 - Pan-Pot @ HYTE, Amnesia, Ibiza","https://www.mixesdb.com/w/2016-08-03_-_Pan-Pot_@_HYTE,_Amnesia,_Ibiza",,33,192,Gregor Tresher,Goliath [Bedrock],Gregor Tresher - Goliath [Bedrock]
"2016-08-03 - Pan-Pot @ HYTE, Amnesia, Ibiza","https://www.mixesdb.com/w/2016-08-03_-_Pan-Pot_@_HYTE,_Amnesia,_Ibiza",,34,197,Mark Vidovik,The Reflection (Unrelease Pan-Pot Mix) [Blu],Mark Vidovik - The Reflection (Unrelease Pan-Pot Mix) [Blu]
"2016-08-03 - Pan-Pot @ HYTE, Amnesia, Ibiza","https://www.mixesdb.com/w/2016-08-03_-_Pan-Pot_@_HYTE,_Amnesia,_Ibiza",,35,204,Bart Skils,Voodoo Child [Drumcode],Bart Skils - Voodoo Child [Drumcode]
"2016-08-03 - Pan-Pot @ HYTE, Amnesia, Ibiza","https://www.mixesdb.com/w/2016-08-03_-_Pan-Pot_@_HYTE,_Amnesia,_Ibiza",,36,211,Drunken Kong,Future Heights [Tronic],Drunken Kong - Future Heights [Tronic]
"2016-08-03 - Pan-Pot @ HYTE, Amnesia, Ibiza","https://www.mixesdb.com/w/2016-08-03_-_Pan-Pot_@_HYTE,_Amnesia,_Ibiza",,37,216,Sidney Charles,I Need You [Truesoul],Sidney Charles - I Need You [Truesoul]
"2016-08-03 - Pan-Pot @ HYTE, Amnesia, Ibiza","https://www.mixesdb.com/w/2016-08-03_-_Pan-Pot_@_HYTE,_Amnesia,_Ibiza",,38,220,Tom Flynn,Do You Like Bass [Leena (Mobilee)],Tom Flynn - Do You Like Bass [Leena (Mobilee)]
"2016-08-03 - Pan-Pot @ HYTE, Amnesia, Ibiza","https://www.mixesdb.com/w/2016-08-03_-_Pan-Pot_@_HYTE,_Amnesia,_Ibiza",,39,236,Green Velvet,Flash (Eats Everything Remix) [Relief],Green Velvet - Flash (Eats Everything Remix) [Relief]
"2016-08-03 - Pan-Pot @ HYTE, Amnesia, Ibiza","https://www.mixesdb.com/w/2016-08-03_-_Pan-Pot_@_HYTE,_Amnesia,_Ibiza",,40,240,Raumakustik,Raider [Hottrax],Raumakustik - Raider [Hottrax]
"2016-08-03 - Pan-Pot @ HYTE, Amnesia, Ibiza","https://www.mixesdb.com/w/2016-08-03_-_Pan-Pot_@_HYTE,_Amnesia,_Ibiza",,41,241,Frank Biazzi,Lost [Tronic],Frank Biazzi - Lost [Tronic]
"2016-08-03 - Pan-Pot @ HYTE, Amnesia, Ibiza","https://www.mixesdb.com/w/2016-08-03_-_Pan-Pot_@_HYTE,_Amnesia,_Ibiza",,42,249,Johannes Heil,By Night (Part Three) [Odd Even],Johannes Heil - By Night (Part Three) [Odd Even]
"2016-08-03 - Pan-Pot @ HYTE, Amnesia, Ibiza","https://www.mixesdb.com/w/2016-08-03_-_Pan-Pot_@_HYTE,_Amnesia,_Ibiza",,43,257,Paride Saraceni,Carry You Away [Truesoul],Paride Saraceni - Carry You Away [Truesoul]
"2016-08-03 - Pan-Pot @ HYTE, Amnesia, Ibiza","https://www.mixesdb.com/w/2016-08-03_-_Pan-Pot_@_HYTE,_Amnesia,_Ibiza",,44,262,Maceo Plex Feat. C.A.R,Mirror Me (Dark Dub) [Kompakt],Maceo Plex Feat. C.A.R - Mirror Me (Dark Dub) [Kompakt]
"2016-08-03 - Pan-Pot @ HYTE, Amnesia, Ibiza","https://www.mixesdb.com/w/2016-08-03_-_Pan-Pot_@_HYTE,_Amnesia,_Ibiza",,45,271,Drunken Kong,Variables [Tronic],Drunken Kong - Variables [Tronic]
"2016-08-03 - Pan-Pot @ HYTE, Amnesia, Ibiza","https://www.mixesdb.com/w/2016-08-03_-_Pan-Pot_@_HYTE,_Amnesia,_Ibiza",,46,275,The YellowHeads,Conquerors [Reload Black],The YellowHeads - Conquerors [Reload Black]
"2016-08-03 - Pan-Pot @ HYTE, Amnesia, Ibiza","https://www.mixesdb.com/w/2016-08-03_-_Pan-Pot_@_HYTE,_Amnesia,_Ibiza",,47,2??,,?,?
"2016-08-03 - Pan-Pot @ HYTE, Amnesia, Ibiza","https://www.mixesdb.com/w/2016-08-03_-_Pan-Pot_@_HYTE,_Amnesia,_Ibiza",,48,286,Stefano Noferini,PJ 89 [1605],Stefano Noferini - PJ 89 [1605]
"2016-08-03 - Pan-Pot @ HYTE, Amnesia, Ibiza","https://www.mixesdb.com/w/2016-08-03_-_Pan-Pot_@_HYTE,_Amnesia,_Ibiza",,49,2??,,?,?
"2016-08-03 - Pan-Pot @ HYTE, Amnesia, Ibiza","https://www.mixesdb.com/w/2016-08-03_-_Pan-Pot_@_HYTE,_Amnesia,_Ibiza",,50,2??,,?,?
"2016-08-03 - Pan-Pot @ HYTE, Amnesia, Ibiza","https://www.mixesdb.com/w/2016-08-03_-_Pan-Pot_@_HYTE,_Amnesia,_Ibiza",,51,291,Sumatra,The Reason Y,Sumatra - The Reason Y
"2016-08-03 - Pan-Pot @ HYTE, Amnesia, Ibiza","https://www.mixesdb.com/w/2016-08-03_-_Pan-Pot_@_HYTE,_Amnesia,_Ibiza",,52,300,Desrets,Cyclic,Desrets - Cyclic
"2016-08-03 - Pan-Pot @ HYTE, Amnesia, Ibiza","https://www.mixesdb.com/w/2016-08-03_-_Pan-Pot_@_HYTE,_Amnesia,_Ibiza",,53,3??,,?,?
"2016-08-03 - Pan-Pot @ HYTE, Amnesia, Ibiza","https://www.mixesdb.com/w/2016-08-03_-_Pan-Pot_@_HYTE,_Amnesia,_Ibiza",,54,3??,,?,?
"2016-08-03 - Pan-Pot @ HYTE, Amnesia, Ibiza","https://www.mixesdb.com/w/2016-08-03_-_Pan-Pot_@_HYTE,_Amnesia,_Ibiza",,55,3??,,?,?
"2016-08-03 - Pan-Pot @ HYTE, Amnesia, Ibiza","https://www.mixesdb.com/w/2016-08-03_-_Pan-Pot_@_HYTE,_Amnesia,_Ibiza",,56,3??,,?,?
"2016-08-03 - Pan-Pot @ HYTE, Amnesia, Ibiza","https://www.mixesdb.com/w/2016-08-03_-_Pan-Pot_@_HYTE,_Amnesia,_Ibiza",,57,3??,,?,?
"2016-08-03 - Pan-Pot @ HYTE, Amnesia, Ibiza","https://www.mixesdb.com/w/2016-08-03_-_Pan-Pot_@_HYTE,_Amnesia,_Ibiza",,58,3??,,?,?
"2016-08-03 - Pan-Pot @ HYTE, Amnesia, Ibiza","https://www.mixesdb.com/w/2016-08-03_-_Pan-Pot_@_HYTE,_Amnesia,_Ibiza",,59,3??,,?,?
"2016-08-03 - Pan-Pot @ HYTE, Amnesia, Ibiza","https://www.mixesdb.com/w/2016-08-03_-_Pan-Pot_@_HYTE,_Amnesia,_Ibiza",,60,3??,,?,?
"2016-08-03 - Pan-Pot @ HYTE, Amnesia, Ibiza","https://www.mixesdb.com/w/2016-08-03_-_Pan-Pot_@_HYTE,_Amnesia,_Ibiza",,61,3??,,?,?
"2016-08-03 - Pan-Pot @ HYTE, Amnesia, Ibiza","https://www.mixesdb.com/w/2016-08-03_-_Pan-Pot_@_HYTE,_Amnesia,_Ibiza",,62,3??,,?,?
"2016-08-03 - Pan-Pot @ HYTE, Amnesia, Ibiza","https://www.mixesdb.com/w/2016-08-03_-_Pan-Pot_@_HYTE,_Amnesia,_Ibiza",,63,3??,,?,?
"2016-08-03 - Pan-Pot @ HYTE, Amnesia, Ibiza","https://www.mixesdb.com/w/2016-08-03_-_Pan-Pot_@_HYTE,_Amnesia,_Ibiza",,64,3??,,?,?
"2016-08-03 - Pan-Pot @ HYTE, Amnesia, Ibiza","https://www.mixesdb.com/w/2016-08-03_-_Pan-Pot_@_HYTE,_Amnesia,_Ibiza",,65,3??,,?,?
"2016-08-03 - Pan-Pot @ HYTE, Amnesia, Ibiza","https://www.mixesdb.com/w/2016-08-03_-_Pan-Pot_@_HYTE,_Amnesia,_Ibiza",,66,317,Dosem & Prok & Fitch,Doors [Suara],Dosem & Prok & Fitch - Doors [Suara]
"2016-08-03 - Pan-Pot @ HYTE, Amnesia, Ibiza","https://www.mixesdb.com/w/2016-08-03_-_Pan-Pot_@_HYTE,_Amnesia,_Ibiza",,67,3??,,?,?
"2016-08-03 - Pan-Pot @ HYTE, Amnesia, Ibiza","https://www.mixesdb.com/w/2016-08-03_-_Pan-Pot_@_HYTE,_Amnesia,_Ibiza",,68,3??,,?,?
"2016-08-03 - Pan-Pot @ HYTE, Amnesia, Ibiza","https://www.mixesdb.com/w/2016-08-03_-_Pan-Pot_@_HYTE,_Amnesia,_Ibiza",,69,336,Audiojack & Kevin Knapp,Vibrate [Hot Creations],Audiojack & Kevin Knapp - Vibrate [Hot Creations]
"2016-08-03 - Pan-Pot @ HYTE, Amnesia, Ibiza","https://www.mixesdb.com/w/2016-08-03_-_Pan-Pot_@_HYTE,_Amnesia,_Ibiza",,70,3??,,?,?
"2016-08-03 - Pan-Pot @ HYTE, Amnesia, Ibiza","https://www.mixesdb.com/w/2016-08-03_-_Pan-Pot_@_HYTE,_Amnesia,_Ibiza",,71,3??,,?,?
"2016-08-03 - Pan-Pot @ HYTE, Amnesia, Ibiza","https://www.mixesdb.com/w/2016-08-03_-_Pan-Pot_@_HYTE,_Amnesia,_Ibiza",,72,3??,,?,?
"2016-08-03 - Pan-Pot @ HYTE, Amnesia, Ibiza","https://www.mixesdb.com/w/2016-08-03_-_Pan-Pot_@_HYTE,_Amnesia,_Ibiza",,73,321,Martin Eyerer Feat. Princess Superstar,Intimacy (Stephan Hinz Remix) [Kling Klong],Martin Eyerer Feat. Princess Superstar - Intimacy (Stephan Hinz Remix) [Kling Klong]
"2016-08-03 - Pan-Pot @ HYTE, Amnesia, Ibiza","https://www.mixesdb.com/w/2016-08-03_-_Pan-Pot_@_HYTE,_Amnesia,_Ibiza",,74,3??,,?,?
"2016-08-03 - Pan-Pot @ HYTE, Amnesia, Ibiza","https://www.mixesdb.com/w/2016-08-03_-_Pan-Pot_@_HYTE,_Amnesia,_Ibiza",,75,342,Dubfire & Oliver Huntemann,Fuego (Julian Jeweil Remix) [Ideal],Dubfire & Oliver Huntemann - Fuego (Julian Jeweil Remix) [Ideal]
"2016-08-03 - Pan-Pot @ HYTE, Amnesia, Ibiza","https://www.mixesdb.com/w/2016-08-03_-_Pan-Pot_@_HYTE,_Amnesia,_Ibiza",,76,347,Gary Beck,Barefoot Sunday [Bek],Gary Beck - Barefoot Sunday [Bek]
"2016-08-03 - Pan-Pot @ HYTE, Amnesia, Ibiza","https://www.mixesdb.com/w/2016-08-03_-_Pan-Pot_@_HYTE,_Amnesia,_Ibiza",,77,368,Zoo Brazil,Slob (Nick Curly Remix) [SCI + TEC],Zoo Brazil - Slob (Nick Curly Remix) [SCI + TEC]
"2016-08-03 - Pan-Pot @ HYTE, Amnesia, Ibiza","https://www.mixesdb.com/w/2016-08-03_-_Pan-Pot_@_HYTE,_Amnesia,_Ibiza",,78,383,Age Of Love,The Age Of Love (Jam & Spoon Sign Of Time Remix) [Diki],Age Of Love - The Age Of Love (Jam & Spoon Sign Of Time Remix) [Diki]
"2016-08-03 - Pan-Pot @ HYTE, Amnesia, Ibiza","https://www.mixesdb.com/w/2016-08-03_-_Pan-Pot_@_HYTE,_Amnesia,_Ibiza",,79,363,Ricardo Villalobos,Easy Lee [Playhouse],Ricardo Villalobos - Easy Lee [Playhouse]
"2016-08-03 - Pan-Pot @ HYTE, Amnesia, Ibiza","https://www.mixesdb.com/w/2016-08-03_-_Pan-Pot_@_HYTE,_Amnesia,_Ibiza",,80,3??,,?,?
"2016-08-03 - Pan-Pot @ HYTE, Amnesia, Ibiza","https://www.mixesdb.com/w/2016-08-03_-_Pan-Pot_@_HYTE,_Amnesia,_Ibiza",,81,396,Par-T-One,I'm So Crazy [Credence],Par-T-One - I'm So Crazy [Credence]
"2019-08-19 - Pan-Pot @ Sonus Festival, Papaya, Croatia","https://www.mixesdb.com/w/2019-08-19_-_Pan-Pot_@_Sonus_Festival,_Papaya,_Croatia",,1,000,Carlo Ruetz,Ordinary House (Wigbert Remix) [Deeperfect - DPE973],Carlo Ruetz - Ordinary House (Wigbert Remix) [Deeperfect - DPE973]
"2019-08-19 - Pan-Pot @ Sonus Festival, Papaya, Croatia","https://www.mixesdb.com/w/2019-08-19_-_Pan-Pot_@_Sonus_Festival,_Papaya,_Croatia",,2,004,Carlo Lio,Still High [Rawthentic - RWM018],Carlo Lio - Still High [Rawthentic - RWM018]
"2019-08-19 - Pan-Pot @ Sonus Festival, Papaya, Croatia","https://www.mixesdb.com/w/2019-08-19_-_Pan-Pot_@_Sonus_Festival,_Papaya,_Croatia",,3,008,,?,?
"2019-08-19 - Pan-Pot @ Sonus Festival, Papaya, Croatia","https://www.mixesdb.com/w/2019-08-19_-_Pan-Pot_@_Sonus_Festival,_Papaya,_Croatia",,4,013,Tiger Stripes,Ignition [Drumcode - DC209],Tiger Stripes - Ignition [Drumcode - DC209]
"2019-08-19 - Pan-Pot @ Sonus Festival, Papaya, Croatia","https://www.mixesdb.com/w/2019-08-19_-_Pan-Pot_@_Sonus_Festival,_Papaya,_Croatia",,5,017,VNTM & Tahko,Rave Culture [Second State - SNDST064],VNTM & Tahko - Rave Culture [Second State - SNDST064]
"2019-08-19 - Pan-Pot @ Sonus Festival, Papaya, Croatia","https://www.mixesdb.com/w/2019-08-19_-_Pan-Pot_@_Sonus_Festival,_Papaya,_Croatia",,6,022,Industrialyzer,Daily Nova [Second State - SNDST067],Industrialyzer - Daily Nova [Second State - SNDST067]
"2019-08-19 - Pan-Pot @ Sonus Festival, Papaya, Croatia","https://www.mixesdb.com/w/2019-08-19_-_Pan-Pot_@_Sonus_Festival,_Papaya,_Croatia",,7,026,Raito & T78,Can You See [Intec - ID168],Raito & T78 - Can You See [Intec - ID168]
"2019-08-19 - Pan-Pot @ Sonus Festival, Papaya, Croatia","https://www.mixesdb.com/w/2019-08-19_-_Pan-Pot_@_Sonus_Festival,_Papaya,_Croatia",,8,030,Ryan Elliott,Get To You [Faith Beat - FAITHBEAT01],Ryan Elliott - Get To You [Faith Beat - FAITHBEAT01]
"2019-08-19 - Pan-Pot @ Sonus Festival, Papaya, Croatia","https://www.mixesdb.com/w/2019-08-19_-_Pan-Pot_@_Sonus_Festival,_Papaya,_Croatia",,9,034,Frazi.er,Escapism [Second State Audio - SNDST064],Frazi.er - Escapism [Second State Audio - SNDST064]
"2019-08-19 - Pan-Pot @ Sonus Festival, Papaya, Croatia","https://www.mixesdb.com/w/2019-08-19_-_Pan-Pot_@_Sonus_Festival,_Papaya,_Croatia",,10,039,Roberto Capuano,Vertigo [Drumcode - DC109],Roberto Capuano - Vertigo [Drumcode - DC109]
"2019-08-19 - Pan-Pot @ Sonus Festival, Papaya, Croatia","https://www.mixesdb.com/w/2019-08-19_-_Pan-Pot_@_Sonus_Festival,_Papaya,_Croatia",,11,044,Green Velvet,Answering Machine (Coyu Remix) [Relief - RR2204],Green Velvet - Answering Machine (Coyu Remix) [Relief - RR2204]
"2019-08-19 - Pan-Pot @ Sonus Festival, Papaya, Croatia","https://www.mixesdb.com/w/2019-08-19_-_Pan-Pot_@_Sonus_Festival,_Papaya,_Croatia",,12,048,Luigi Madonna,Unconditional Beauty [Drumcode - DC135],Luigi Madonna - Unconditional Beauty [Drumcode - DC135]
"2019-08-19 - Pan-Pot @ Sonus Festival, Papaya, Croatia","https://www.mixesdb.com/w/2019-08-19_-_Pan-Pot_@_Sonus_Festival,_Papaya,_Croatia",,13,052,George Morel,Let's Groove (Coyu Remix) [Get Physical - GPM238],George Morel - Let's Groove (Coyu Remix) [Get Physical - GPM238]
"2019-08-19 - Pan-Pot @ Sonus Festival, Papaya, Croatia","https://www.mixesdb.com/w/2019-08-19_-_Pan-Pot_@_Sonus_Festival,_Papaya,_Croatia",,14,057,Gary Beck,Pneuma [Bek - BEK030],Gary Beck - Pneuma [Bek - BEK030]
"2019-08-19 - Pan-Pot @ Sonus Festival, Papaya, Croatia","https://www.mixesdb.com/w/2019-08-19_-_Pan-Pot_@_Sonus_Festival,_Papaya,_Croatia",,15,061,Rudosa,Let The Beat [ODD - ODD030],Rudosa - Let The Beat [ODD - ODD030]
"2019-08-19 - Pan-Pot @ Sonus Festival, Papaya, Croatia","https://www.mixesdb.com/w/2019-08-19_-_Pan-Pot_@_Sonus_Festival,_Papaya,_Croatia",,16,064,Maceo Plex Feat. C.A.R,Mirror Me (Dark Dub) [Kompakt - KOMPAKTDIGITAL061],Maceo Plex Feat. C.A.R - Mirror Me (Dark Dub) [Kompakt - KOMPAKTDIGITAL061]
"2019-08-19 - Pan-Pot @ Sonus Festival, Papaya, Croatia","https://www.mixesdb.com/w/2019-08-19_-_Pan-Pot_@_Sonus_Festival,_Papaya,_Croatia",,17,070,CJ Bolland & The Advent,Camargue 2019 (Enrico Sangiuliano Remix) [Drumcode - DC210],CJ Bolland & The Advent - Camargue 2019 (Enrico Sangiuliano Remix) [Drumcode - DC210]
"2019-08-19 - Pan-Pot @ Sonus Festival, Papaya, Croatia","https://www.mixesdb.com/w/2019-08-19_-_Pan-Pot_@_Sonus_Festival,_Papaya,_Croatia",,18,075,,?,?
"2019-08-19 - Pan-Pot @ Sonus Festival, Papaya, Croatia","https://www.mixesdb.com/w/2019-08-19_-_Pan-Pot_@_Sonus_Festival,_Papaya,_Croatia",,19,081,Thomas Hoffknecht,Relax [KD Raw - KDRAW034],Thomas Hoffknecht - Relax [KD Raw - KDRAW034]
"2019-08-19 - Pan-Pot @ Sonus Festival, Papaya, Croatia","https://www.mixesdb.com/w/2019-08-19_-_Pan-Pot_@_Sonus_Festival,_Papaya,_Croatia",,20,085,Ronnie Spiteri,Talking To Nature [We Are The Brave - WATB030],Ronnie Spiteri - Talking To Nature [We Are The Brave - WATB030]
"2019-08-19 - Pan-Pot @ Sonus Festival, Papaya, Croatia","https://www.mixesdb.com/w/2019-08-19_-_Pan-Pot_@_Sonus_Festival,_Papaya,_Croatia",,21,091,Eats Everything,Comatose [Kneaded Pains - KP43],Eats Everything - Comatose [Kneaded Pains - KP43]
"2019-08-19 - Pan-Pot @ Sonus Festival, Papaya, Croatia","https://www.mixesdb.com/w/2019-08-19_-_Pan-Pot_@_Sonus_Festival,_Papaya,_Croatia",,22,095,Sara Simonit,Womp [Transmit - TRSMT145],Sara Simonit - Womp [Transmit - TRSMT145]
"2019-08-19 - Pan-Pot @ Sonus Festival, Papaya, Croatia","https://www.mixesdb.com/w/2019-08-19_-_Pan-Pot_@_Sonus_Festival,_Papaya,_Croatia",,23,100,Tiger Stripes,Until The Early Light [Drumcode - DC209],Tiger Stripes - Until The Early Light [Drumcode - DC209]
"2019-08-19 - Pan-Pot @ Sonus Festival, Papaya, Croatia","https://www.mixesdb.com/w/2019-08-19_-_Pan-Pot_@_Sonus_Festival,_Papaya,_Croatia",,24,103,Gary Beck,Bone Jacked [Bek - BEKLP01],Gary Beck - Bone Jacked [Bek - BEKLP01]
"2019-08-19 - Pan-Pot @ Sonus Festival, Papaya, Croatia","https://www.mixesdb.com/w/2019-08-19_-_Pan-Pot_@_Sonus_Festival,_Papaya,_Croatia",,25,107,Gary Beck,Disgraced Loon [Bek - BEK037],Gary Beck - Disgraced Loon [Bek - BEK037]
"2019-08-19 - Pan-Pot @ Sonus Festival, Papaya, Croatia","https://www.mixesdb.com/w/2019-08-19_-_Pan-Pot_@_Sonus_Festival,_Papaya,_Croatia",,26,111,KiNK,I Remember (303 Version) [Running Back - RB81D],KiNK - I Remember (303 Version) [Running Back - RB81D]
"2019-08-19 - Pan-Pot @ Sonus Festival, Papaya, Croatia","https://www.mixesdb.com/w/2019-08-19_-_Pan-Pot_@_Sonus_Festival,_Papaya,_Croatia",,27,117,Ken Ishii,Escape (Industrialyzer Remix I) [Code - CODE16],Ken Ishii - Escape (Industrialyzer Remix I) [Code - CODE16]
"2019-08-19 - Pan-Pot @ Sonus Festival, Papaya, Croatia","https://www.mixesdb.com/w/2019-08-19_-_Pan-Pot_@_Sonus_Festival,_Papaya,_Croatia",,28,121,Len Faki & Regal,Abroad [Figure - FIGURE77],Len Faki & Regal - Abroad [Figure - FIGURE77]
"2019-08-19 - Pan-Pot @ Sonus Festival, Papaya, Croatia","https://www.mixesdb.com/w/2019-08-19_-_Pan-Pot_@_Sonus_Festival,_Papaya,_Croatia",,29,126,,?,?
"2019-08-19 - Pan-Pot @ Sonus Festival, Papaya, Croatia","https://www.mixesdb.com/w/2019-08-19_-_Pan-Pot_@_Sonus_Festival,_Papaya,_Croatia",,30,131,Nina Kraviz,Ghetto Kraviz (Regal 303 Remix) [Rekids - REKIDS079],Nina Kraviz - Ghetto Kraviz (Regal 303 Remix) [Rekids - REKIDS079]
"2019-08-19 - Pan-Pot @ Sonus Festival, Papaya, Croatia","https://www.mixesdb.com/w/2019-08-19_-_Pan-Pot_@_Sonus_Festival,_Papaya,_Croatia",,31,135,David Temessi & Marco Ginelli,London 909 [EXE - EXE008],David Temessi & Marco Ginelli - London 909 [EXE - EXE008]
"2019-08-19 - Pan-Pot @ Sonus Festival, Papaya, Croatia","https://www.mixesdb.com/w/2019-08-19_-_Pan-Pot_@_Sonus_Festival,_Papaya,_Croatia",,32,140,Truncate,Utility 3 [EI8HT - EI8HT004],Truncate - Utility 3 [EI8HT - EI8HT004]
"2019-08-19 - Pan-Pot @ Sonus Festival, Papaya, Croatia","https://www.mixesdb.com/w/2019-08-19_-_Pan-Pot_@_Sonus_Festival,_Papaya,_Croatia",,33,143,TWR72,X-Static [Aerobik - AER004],TWR72 - X-Static [Aerobik - AER004]
"2019-08-19 - Pan-Pot @ Sonus Festival, Papaya, Croatia","https://www.mixesdb.com/w/2019-08-19_-_Pan-Pot_@_Sonus_Festival,_Papaya,_Croatia",,34,148,Gary Beck,Before The Crash [Soma - SOMA344D],Gary Beck - Before The Crash [Soma - SOMA344D]
"2019-08-19 - Pan-Pot @ Sonus Festival, Papaya, Croatia","https://www.mixesdb.com/w/2019-08-19_-_Pan-Pot_@_Sonus_Festival,_Papaya,_Croatia",,35,153,C.Y.B.,Now (Drumcomplex Remix) [Studio3000 - STU096],C.Y.B. - Now (Drumcomplex Remix) [Studio3000 - STU096]
"2019-08-19 - Pan-Pot @ Sonus Festival, Papaya, Croatia","https://www.mixesdb.com/w/2019-08-19_-_Pan-Pot_@_Sonus_Festival,_Papaya,_Croatia",,36,157,Fairmont & Patrice Bäumel,Gazebo (Patrice Bäumel Remix) [Sapiens - SAPIENS020D1],Fairmont & Patrice Bäumel - Gazebo (Patrice Bäumel Remix) [Sapiens - SAPIENS020D1]
"2019-08-19 - Pan-Pot @ Sonus Festival, Papaya, Croatia","https://www.mixesdb.com/w/2019-08-19_-_Pan-Pot_@_Sonus_Festival,_Papaya,_Croatia",,37,163,Andres Campo,Forget [Odd - ODD028],Andres Campo - Forget [Odd - ODD028]
"2019-08-19 - Pan-Pot @ Sonus Festival, Papaya, Croatia","https://www.mixesdb.com/w/2019-08-19_-_Pan-Pot_@_Sonus_Festival,_Papaya,_Croatia",,38,167,Bart Skils,Lost Boys [Drumcode - DC143],Bart Skils - Lost Boys [Drumcode - DC143]
"2019-08-19 - Pan-Pot @ Sonus Festival, Papaya, Croatia","https://www.mixesdb.com/w/2019-08-19_-_Pan-Pot_@_Sonus_Festival,_Papaya,_Croatia",,39,172,Sam Paganini,Gravity [JAM - JAM003],Sam Paganini - Gravity [JAM - JAM003]
"2018-04-07 - Pan-Pot @ Time Warp, Mannheim, Germany","https://www.mixesdb.com/w/2018-04-07_-_Pan-Pot_@_Time_Warp,_Mannheim,_Germany",ARTE,1,000,Ellen Allien,Call Me (Emmanuel Top Remix) [BPitch Control],Ellen Allien - Call Me (Emmanuel Top Remix) [BPitch Control]
"2018-04-07 - Pan-Pot @ Time Warp, Mannheim, Germany","https://www.mixesdb.com/w/2018-04-07_-_Pan-Pot_@_Time_Warp,_Mannheim,_Germany",ARTE,2,004,Hyperloop,In Your Mind [Drumcode],Hyperloop - In Your Mind [Drumcode]
"2018-04-07 - Pan-Pot @ Time Warp, Mannheim, Germany","https://www.mixesdb.com/w/2018-04-07_-_Pan-Pot_@_Time_Warp,_Mannheim,_Germany",ARTE,3,008,,?,?
"2018-04-07 - Pan-Pot @ Time Warp, Mannheim, Germany","https://www.mixesdb.com/w/2018-04-07_-_Pan-Pot_@_Time_Warp,_Mannheim,_Germany",ARTE,4,010,Deas,Velocity [Second State Audio],Deas - Velocity [Second State Audio]
"2018-04-07 - Pan-Pot @ Time Warp, Mannheim, Germany","https://www.mixesdb.com/w/2018-04-07_-_Pan-Pot_@_Time_Warp,_Mannheim,_Germany",ARTE,5,012,Veerus,Fact [Octopus],Veerus - Fact [Octopus]
"2018-04-07 - Pan-Pot @ Time Warp, Mannheim, Germany","https://www.mixesdb.com/w/2018-04-07_-_Pan-Pot_@_Time_Warp,_Mannheim,_Germany",ARTE,6,016,,?,?
"2018-04-07 - Pan-Pot @ Time Warp, Mannheim, Germany","https://www.mixesdb.com/w/2018-04-07_-_Pan-Pot_@_Time_Warp,_Mannheim,_Germany",ARTE,7,018,Thomas Hoffknecht,Triple [Nonlinear Systems],Thomas Hoffknecht - Triple [Nonlinear Systems]
"2018-04-07 - Pan-Pot @ Time Warp, Mannheim, Germany","https://www.mixesdb.com/w/2018-04-07_-_Pan-Pot_@_Time_Warp,_Mannheim,_Germany",ARTE,8,019,,?,?
"2018-04-07 - Pan-Pot @ Time Warp, Mannheim, Germany","https://www.mixesdb.com/w/2018-04-07_-_Pan-Pot_@_Time_Warp,_Mannheim,_Germany",ARTE,9,023,Developer,Lost Moments (Len Faki Hardspace Mix) - (LF Remix),Developer - Lost Moments (Len Faki Hardspace Mix) - (LF Remix)
"2018-04-07 - Pan-Pot @ Time Warp, Mannheim, Germany","https://www.mixesdb.com/w/2018-04-07_-_Pan-Pot_@_Time_Warp,_Mannheim,_Germany",ARTE,10,023,Emmanuel Top,This Is Cocaine (Regal Remix) [Filth On Acid],Emmanuel Top - This Is Cocaine (Regal Remix) [Filth On Acid]
"2018-04-07 - Pan-Pot @ Time Warp, Mannheim, Germany","https://www.mixesdb.com/w/2018-04-07_-_Pan-Pot_@_Time_Warp,_Mannheim,_Germany",ARTE,11,030,Sebastian Groth,Snow Leopard (Gary Burrows Remix) [Eclipse],Sebastian Groth - Snow Leopard (Gary Burrows Remix) [Eclipse]
"2018-04-07 - Pan-Pot @ Time Warp, Mannheim, Germany","https://www.mixesdb.com/w/2018-04-07_-_Pan-Pot_@_Time_Warp,_Mannheim,_Germany",ARTE,12,035,Egbert,Zaag [Mindshake],Egbert - Zaag [Mindshake]
"2018-04-07 - Pan-Pot @ Time Warp, Mannheim, Germany","https://www.mixesdb.com/w/2018-04-07_-_Pan-Pot_@_Time_Warp,_Mannheim,_Germany",ARTE,13,040,Jay Lumen,Balance [Octopus],Jay Lumen - Balance [Octopus]
"2018-04-07 - Pan-Pot @ Time Warp, Mannheim, Germany","https://www.mixesdb.com/w/2018-04-07_-_Pan-Pot_@_Time_Warp,_Mannheim,_Germany",ARTE,14,045,Paul Ritch,Inside The Hidden Room [Quartz - QRZ 033],Paul Ritch - Inside The Hidden Room [Quartz - QRZ 033]
"2018-04-07 - Pan-Pot @ Time Warp, Mannheim, Germany","https://www.mixesdb.com/w/2018-04-07_-_Pan-Pot_@_Time_Warp,_Mannheim,_Germany",ARTE,15,047,Paul Ritch,Inside The Hidden Room [Quartz],Paul Ritch - Inside The Hidden Room [Quartz]
"2018-04-07 - Pan-Pot @ Time Warp, Mannheim, Germany","https://www.mixesdb.com/w/2018-04-07_-_Pan-Pot_@_Time_Warp,_Mannheim,_Germany",ARTE,16,052,,?,?
"2018-04-07 - Pan-Pot @ Time Warp, Mannheim, Germany","https://www.mixesdb.com/w/2018-04-07_-_Pan-Pot_@_Time_Warp,_Mannheim,_Germany",ARTE,17,056,Patrick Chardronnet,Oxygene Part II [Second State Audio],Patrick Chardronnet - Oxygene Part II [Second State Audio]
"2018-04-07 - Pan-Pot @ Time Warp, Mannheim, Germany","https://www.mixesdb.com/w/2018-04-07_-_Pan-Pot_@_Time_Warp,_Mannheim,_Germany",ARTE,18,062,Speedy J,Edlx Tool [CLR],Speedy J - Edlx Tool [CLR]
"2018-04-07 - Pan-Pot @ Time Warp, Mannheim, Germany","https://www.mixesdb.com/w/2018-04-07_-_Pan-Pot_@_Time_Warp,_Mannheim,_Germany",ARTE,19,065,,?,?
"2018-04-07 - Pan-Pot @ Time Warp, Mannheim, Germany","https://www.mixesdb.com/w/2018-04-07_-_Pan-Pot_@_Time_Warp,_Mannheim,_Germany",ARTE,20,067,Gary Beck,Just One More [We Are The Brave],Gary Beck - Just One More [We Are The Brave]
"2018-04-07 - Pan-Pot @ Time Warp, Mannheim, Germany","https://www.mixesdb.com/w/2018-04-07_-_Pan-Pot_@_Time_Warp,_Mannheim,_Germany",ARTE,21,069,,?,?
"2018-04-07 - Pan-Pot @ Time Warp, Mannheim, Germany","https://www.mixesdb.com/w/2018-04-07_-_Pan-Pot_@_Time_Warp,_Mannheim,_Germany",ARTE,22,076,Joy Kitikonti,Joyenergizer (Phisical Mix) [Media],Joy Kitikonti - Joyenergizer (Phisical Mix) [Media]
"2018-04-07 - Pan-Pot @ Time Warp, Mannheim, Germany","https://www.mixesdb.com/w/2018-04-07_-_Pan-Pot_@_Time_Warp,_Mannheim,_Germany",ARTE,23,080,AVGUSTO,Hidden Visitors [Flash],AVGUSTO - Hidden Visitors [Flash]
"2018-04-07 - Pan-Pot @ Time Warp, Mannheim, Germany","https://www.mixesdb.com/w/2018-04-07_-_Pan-Pot_@_Time_Warp,_Mannheim,_Germany",ARTE,24,085,Roel Salemink,Empresa (DEAS Remix) [Gynoid],Roel Salemink - Empresa (DEAS Remix) [Gynoid]
"2018-04-07 - Pan-Pot @ Time Warp, Mannheim, Germany","https://www.mixesdb.com/w/2018-04-07_-_Pan-Pot_@_Time_Warp,_Mannheim,_Germany",ARTE,25,087,,?,?
"2018-04-07 - Pan-Pot @ Time Warp, Mannheim, Germany","https://www.mixesdb.com/w/2018-04-07_-_Pan-Pot_@_Time_Warp,_Mannheim,_Germany",ARTE,26,094,T78,Fisto (Extended Mix) [Autektone],T78 - Fisto (Extended Mix) [Autektone]
"2018-04-07 - Pan-Pot @ Time Warp, Mannheim, Germany","https://www.mixesdb.com/w/2018-04-07_-_Pan-Pot_@_Time_Warp,_Mannheim,_Germany",ARTE,27,101,Ignacio Arfeli,Love Disorder Gaston Zani Remix [Transmit],Ignacio Arfeli - Love Disorder Gaston Zani Remix [Transmit]
"2018-04-07 - Pan-Pot @ Time Warp, Mannheim, Germany","https://www.mixesdb.com/w/2018-04-07_-_Pan-Pot_@_Time_Warp,_Mannheim,_Germany",ARTE,28,105,,?,?
"2018-04-07 - Pan-Pot @ Time Warp, Mannheim, Germany","https://www.mixesdb.com/w/2018-04-07_-_Pan-Pot_@_Time_Warp,_Mannheim,_Germany",ARTE,29,111,Bart Skils & Reinier Zonneveld,Snakecharmer [Filth On Acid],Bart Skils & Reinier Zonneveld - Snakecharmer [Filth On Acid]
"2018-04-07 - Pan-Pot @ Time Warp, Mannheim, Germany","https://www.mixesdb.com/w/2018-04-07_-_Pan-Pot_@_Time_Warp,_Mannheim,_Germany",ARTE,30,116,Rebolledo,Discótico Pléxico (Maceo Plex Remix) [Hippie Dance],Rebolledo - Discótico Pléxico (Maceo Plex Remix) [Hippie Dance]
"2018-04-07 - Pan-Pot @ Time Warp, Mannheim, Germany","https://www.mixesdb.com/w/2018-04-07_-_Pan-Pot_@_Time_Warp,_Mannheim,_Germany",ARTE,31,119,,?,?
"2018-04-07 - Pan-Pot @ Time Warp, Mannheim, Germany","https://www.mixesdb.com/w/2018-04-07_-_Pan-Pot_@_Time_Warp,_Mannheim,_Germany",Version 2,1,000,Ellen Allien,Call Me (Emmanuel Top Remix) [BPitch Control],Ellen Allien - Call Me (Emmanuel Top Remix) [BPitch Control]
"2018-04-07 - Pan-Pot @ Time Warp, Mannheim, Germany","https://www.mixesdb.com/w/2018-04-07_-_Pan-Pot_@_Time_Warp,_Mannheim,_Germany",Version 2,2,003,,?,?
"2018-04-07 - Pan-Pot @ Time Warp, Mannheim, Germany","https://www.mixesdb.com/w/2018-04-07_-_Pan-Pot_@_Time_Warp,_Mannheim,_Germany",Version 2,3,004,Hyperloop,In Your Mind [Drumcode],Hyperloop - In Your Mind [Drumcode]
"2018-04-07 - Pan-Pot @ Time Warp, Mannheim, Germany","https://www.mixesdb.com/w/2018-04-07_-_Pan-Pot_@_Time_Warp,_Mannheim,_Germany",Version 2,4,008,Deas,Velocity [Second State Audio],Deas - Velocity [Second State Audio]
"2018-04-07 - Pan-Pot @ Time Warp, Mannheim, Germany","https://www.mixesdb.com/w/2018-04-07_-_Pan-Pot_@_Time_Warp,_Mannheim,_Germany",Version 2,5,012,Veerus,Fact [Octopus],Veerus - Fact [Octopus]
"2018-04-07 - Pan-Pot @ Time Warp, Mannheim, Germany","https://www.mixesdb.com/w/2018-04-07_-_Pan-Pot_@_Time_Warp,_Mannheim,_Germany",Version 2,6,016,Thomas Hoffknecht,Triple [Nonlinear Systems],Thomas Hoffknecht - Triple [Nonlinear Systems]
"2018-04-07 - Pan-Pot @ Time Warp, Mannheim, Germany","https://www.mixesdb.com/w/2018-04-07_-_Pan-Pot_@_Time_Warp,_Mannheim,_Germany",Version 2,7,019,Developer,Lost Moments (Len Faki Hardspace Mix) - (LF Remix),Developer - Lost Moments (Len Faki Hardspace Mix) - (LF Remix)
"2018-04-07 - Pan-Pot @ Time Warp, Mannheim, Germany","https://www.mixesdb.com/w/2018-04-07_-_Pan-Pot_@_Time_Warp,_Mannheim,_Germany",Version 2,8,023,Emmanuel Top,This Is Cocaine (Regal Remix) [Filth On Acid],Emmanuel Top - This Is Cocaine (Regal Remix) [Filth On Acid]
"2018-04-07 - Pan-Pot @ Time Warp, Mannheim, Germany","https://www.mixesdb.com/w/2018-04-07_-_Pan-Pot_@_Time_Warp,_Mannheim,_Germany",Version 2,9,030,Sebastian Groth,Snow Leopard (Gary Burrows Remix) [Eclipse],Sebastian Groth - Snow Leopard (Gary Burrows Remix) [Eclipse]
"2018-04-07 - Pan-Pot @ Time Warp, Mannheim, Germany","https://www.mixesdb.com/w/2018-04-07_-_Pan-Pot_@_Time_Warp,_Mannheim,_Germany",Version 2,10,036,Egbert,Zaag [Mindshake],Egbert - Zaag [Mindshake]
"2018-04-07 - Pan-Pot @ Time Warp, Mannheim, Germany","https://www.mixesdb.com/w/2018-04-07_-_Pan-Pot_@_Time_Warp,_Mannheim,_Germany",Version 2,11,038,Jay Lumen,Balance [Octopus],Jay Lumen - Balance [Octopus]
"2018-04-07 - Pan-Pot @ Time Warp, Mannheim, Germany","https://www.mixesdb.com/w/2018-04-07_-_Pan-Pot_@_Time_Warp,_Mannheim,_Germany",Version 2,12,045,Paul Ritch,Inside The Hidden Room [Quartz - QRZ 033],Paul Ritch - Inside The Hidden Room [Quartz - QRZ 033]
"2018-04-07 - Pan-Pot @ Time Warp, Mannheim, Germany","https://www.mixesdb.com/w/2018-04-07_-_Pan-Pot_@_Time_Warp,_Mannheim,_Germany",Version 2,13,052,,?,?
"2018-04-07 - Pan-Pot @ Time Warp, Mannheim, Germany","https://www.mixesdb.com/w/2018-04-07_-_Pan-Pot_@_Time_Warp,_Mannheim,_Germany",Version 2,14,056,Patrick Chardronnet,Oxygene Part II [Second State Audio],Patrick Chardronnet - Oxygene Part II [Second State Audio]
"2018-04-07 - Pan-Pot @ Time Warp, Mannheim, Germany","https://www.mixesdb.com/w/2018-04-07_-_Pan-Pot_@_Time_Warp,_Mannheim,_Germany",Version 2,15,060,Speedy J,EDLX Tool [CL],Speedy J - EDLX Tool [CL]
"2018-04-07 - Pan-Pot @ Time Warp, Mannheim, Germany","https://www.mixesdb.com/w/2018-04-07_-_Pan-Pot_@_Time_Warp,_Mannheim,_Germany",Version 2,16,065,Gary Beck,Just One More [We Are The Brave - WATB 010],Gary Beck - Just One More [We Are The Brave - WATB 010]
"2018-04-07 - Pan-Pot @ Time Warp, Mannheim, Germany","https://www.mixesdb.com/w/2018-04-07_-_Pan-Pot_@_Time_Warp,_Mannheim,_Germany",Version 2,17,069,,?,?
"2018-04-07 - Pan-Pot @ Time Warp, Mannheim, Germany","https://www.mixesdb.com/w/2018-04-07_-_Pan-Pot_@_Time_Warp,_Mannheim,_Germany",Version 2,18,075,Joy Kitikonti,Joyenergizer (Phisical Mix) [Media],Joy Kitikonti - Joyenergizer (Phisical Mix) [Media]
"2018-04-07 - Pan-Pot @ Time Warp, Mannheim, Germany","https://www.mixesdb.com/w/2018-04-07_-_Pan-Pot_@_Time_Warp,_Mannheim,_Germany",Version 2,19,080,AVGUSTO,Hidden Visitors [Flash],AVGUSTO - Hidden Visitors [Flash]
"2018-04-07 - Pan-Pot @ Time Warp, Mannheim, Germany","https://www.mixesdb.com/w/2018-04-07_-_Pan-Pot_@_Time_Warp,_Mannheim,_Germany",Version 2,20,085,Roel Salemink,Empresa (DEAS Remix) [Gynoid],Roel Salemink - Empresa (DEAS Remix) [Gynoid]
"2018-04-07 - Pan-Pot @ Time Warp, Mannheim, Germany","https://www.mixesdb.com/w/2018-04-07_-_Pan-Pot_@_Time_Warp,_Mannheim,_Germany",Version 2,21,087,,?,?
"2018-04-07 - Pan-Pot @ Time Warp, Mannheim, Germany","https://www.mixesdb.com/w/2018-04-07_-_Pan-Pot_@_Time_Warp,_Mannheim,_Germany",Version 2,22,094,T78,Fisto (Extended Mix) [Autektone],T78 - Fisto (Extended Mix) [Autektone]
"2018-04-07 - Pan-Pot @ Time Warp, Mannheim, Germany","https://www.mixesdb.com/w/2018-04-07_-_Pan-Pot_@_Time_Warp,_Mannheim,_Germany",Version 2,23,101,Ignacio Arfeli,Love Disorder Gaston Zani Remix [Transmit],Ignacio Arfeli - Love Disorder Gaston Zani Remix [Transmit]
"2018-04-07 - Pan-Pot @ Time Warp, Mannheim, Germany","https://www.mixesdb.com/w/2018-04-07_-_Pan-Pot_@_Time_Warp,_Mannheim,_Germany",Version 2,24,105,,?,?
"2018-04-07 - Pan-Pot @ Time Warp, Mannheim, Germany","https://www.mixesdb.com/w/2018-04-07_-_Pan-Pot_@_Time_Warp,_Mannheim,_Germany",Version 2,25,111,Bart Skils & Reinier Zonneveld,Snakecharmer [Filth On Acid],Bart Skils & Reinier Zonneveld - Snakecharmer [Filth On Acid]
"2018-04-07 - Pan-Pot @ Time Warp, Mannheim, Germany","https://www.mixesdb.com/w/2018-04-07_-_Pan-Pot_@_Time_Warp,_Mannheim,_Germany",Version 2,26,116,Rebolledo,Discótico Pléxico (Maceo Plex Remix) [Hippie Dance],Rebolledo - Discótico Pléxico (Maceo Plex Remix) [Hippie Dance]
"2018-04-07 - Pan-Pot @ Time Warp, Mannheim, Germany","https://www.mixesdb.com/w/2018-04-07_-_Pan-Pot_@_Time_Warp,_Mannheim,_Germany",Version 2,27,119,,?,?
"2013-04-06 - Pan-Pot @ Time Warp, Mannheim, Germany","https://www.mixesdb.com/w/2013-04-06_-_Pan-Pot_@_Time_Warp,_Mannheim,_Germany",Version 1,1,000,,?,?
"2013-04-06 - Pan-Pot @ Time Warp, Mannheim, Germany","https://www.mixesdb.com/w/2013-04-06_-_Pan-Pot_@_Time_Warp,_Mannheim,_Germany",Version 1,2,003,Wehbba,Eggshell [Tronic],Wehbba - Eggshell [Tronic]
"2013-04-06 - Pan-Pot @ Time Warp, Mannheim, Germany","https://www.mixesdb.com/w/2013-04-06_-_Pan-Pot_@_Time_Warp,_Mannheim,_Germany",Version 1,3,007,Envoy,Dark Manoeuvres (Slam Remix) [Soma],Envoy - Dark Manoeuvres (Slam Remix) [Soma]
"2013-04-06 - Pan-Pot @ Time Warp, Mannheim, Germany","https://www.mixesdb.com/w/2013-04-06_-_Pan-Pot_@_Time_Warp,_Mannheim,_Germany",Version 1,4,014,Nikola Gala,Rock Steady [Octopus],Nikola Gala - Rock Steady [Octopus]
"2013-04-06 - Pan-Pot @ Time Warp, Mannheim, Germany","https://www.mixesdb.com/w/2013-04-06_-_Pan-Pot_@_Time_Warp,_Mannheim,_Germany",Version 1,5,018,Roberto Capuano,Vertigo [Drumcode],Roberto Capuano - Vertigo [Drumcode]
"2013-04-06 - Pan-Pot @ Time Warp, Mannheim, Germany","https://www.mixesdb.com/w/2013-04-06_-_Pan-Pot_@_Time_Warp,_Mannheim,_Germany",Version 1,6,023,Loco & Jam,Titus [Analytic Trail],Loco & Jam - Titus [Analytic Trail]
"2013-04-06 - Pan-Pot @ Time Warp, Mannheim, Germany","https://www.mixesdb.com/w/2013-04-06_-_Pan-Pot_@_Time_Warp,_Mannheim,_Germany",Version 1,7,028,Mario Ochoa,Lockdown [100% Pure - PUREDV 022],Mario Ochoa - Lockdown [100% Pure - PUREDV 022]
"2013-04-06 - Pan-Pot @ Time Warp, Mannheim, Germany","https://www.mixesdb.com/w/2013-04-06_-_Pan-Pot_@_Time_Warp,_Mannheim,_Germany",Version 1,8,035,Sam Paganini,Fire In My Arms [JAM],Sam Paganini - Fire In My Arms [JAM]
"2013-04-06 - Pan-Pot @ Time Warp, Mannheim, Germany","https://www.mixesdb.com/w/2013-04-06_-_Pan-Pot_@_Time_Warp,_Mannheim,_Germany",Version 1,9,039,Tomaz Feat. Filterheadz,Sunshine (Uto Karem Remix) [1605],Tomaz Feat. Filterheadz - Sunshine (Uto Karem Remix) [1605]
"2013-04-06 - Pan-Pot @ Time Warp, Mannheim, Germany","https://www.mixesdb.com/w/2013-04-06_-_Pan-Pot_@_Time_Warp,_Mannheim,_Germany",Version 1,10,045,Luigi Madonna,New World (Joseph Capriati Remix) [Analytic Trail],Luigi Madonna - New World (Joseph Capriati Remix) [Analytic Trail]
"2013-04-06 - Pan-Pot @ Time Warp, Mannheim, Germany","https://www.mixesdb.com/w/2013-04-06_-_Pan-Pot_@_Time_Warp,_Mannheim,_Germany",Version 1,11,047,Mark Broom,T-Bone [BEK],Mark Broom - T-Bone [BEK]
"2013-04-06 - Pan-Pot @ Time Warp, Mannheim, Germany","https://www.mixesdb.com/w/2013-04-06_-_Pan-Pot_@_Time_Warp,_Mannheim,_Germany",Version 1,12,053,Pan-Pot,Mental Rush [Mobilee],Pan-Pot - Mental Rush [Mobilee]
"2013-04-06 - Pan-Pot @ Time Warp, Mannheim, Germany","https://www.mixesdb.com/w/2013-04-06_-_Pan-Pot_@_Time_Warp,_Mannheim,_Germany",Version 1,13,057,Harvard Bass,Plex (Dubfire Rework) [SCI + TEC],Harvard Bass - Plex (Dubfire Rework) [SCI + TEC]
"2013-04-06 - Pan-Pot @ Time Warp, Mannheim, Germany","https://www.mixesdb.com/w/2013-04-06_-_Pan-Pot_@_Time_Warp,_Mannheim,_Germany",Version 1,14,065,Pig&Dan,Savage [Elevate],Pig&Dan - Savage [Elevate]
"2013-04-06 - Pan-Pot @ Time Warp, Mannheim, Germany","https://www.mixesdb.com/w/2013-04-06_-_Pan-Pot_@_Time_Warp,_Mannheim,_Germany",Version 1,15,070,Timo Maas,Kick1 Kick3 (Maetrik Remix) [Rockets & Ponies],Timo Maas - Kick1 Kick3 (Maetrik Remix) [Rockets & Ponies]
"2013-04-06 - Pan-Pot @ Time Warp, Mannheim, Germany","https://www.mixesdb.com/w/2013-04-06_-_Pan-Pot_@_Time_Warp,_Mannheim,_Germany",Version 1,16,075,Felix Da Housecat,Sinner Winner (Green Velvet Remix) [No Shame],Felix Da Housecat - Sinner Winner (Green Velvet Remix) [No Shame]
"2013-04-06 - Pan-Pot @ Time Warp, Mannheim, Germany","https://www.mixesdb.com/w/2013-04-06_-_Pan-Pot_@_Time_Warp,_Mannheim,_Germany",Version 1,17,079,,?,?
"2013-04-06 - Pan-Pot @ Time Warp, Mannheim, Germany","https://www.mixesdb.com/w/2013-04-06_-_Pan-Pot_@_Time_Warp,_Mannheim,_Germany",Version 1,18,086,Maetrik,The Reason [Cocoon],Maetrik - The Reason [Cocoon]
"2013-04-06 - Pan-Pot @ Time Warp, Mannheim, Germany","https://www.mixesdb.com/w/2013-04-06_-_Pan-Pot_@_Time_Warp,_Mannheim,_Germany",Version 1,19,091,DJ Hyperactive,Wide Open (Len Faki DjEdit) [Figure],DJ Hyperactive - Wide Open (Len Faki DjEdit) [Figure]
"2013-04-06 - Pan-Pot @ Time Warp, Mannheim, Germany","https://www.mixesdb.com/w/2013-04-06_-_Pan-Pot_@_Time_Warp,_Mannheim,_Germany",Version 1,20,096,Roderick Fox & John Acquaviva,In Your Face [Definitive],Roderick Fox & John Acquaviva - In Your Face [Definitive]
"2013-04-06 - Pan-Pot @ Time Warp, Mannheim, Germany","https://www.mixesdb.com/w/2013-04-06_-_Pan-Pot_@_Time_Warp,_Mannheim,_Germany",Version 1,21,101,,?,?
"2013-04-06 - Pan-Pot @ Time Warp, Mannheim, Germany","https://www.mixesdb.com/w/2013-04-06_-_Pan-Pot_@_Time_Warp,_Mannheim,_Germany",Version 1,22,107,Candy Man,Knockin' Boots [Thump (TH1)],Candy Man - Knockin' Boots [Thump (TH1)]
"2013-04-06 - Pan-Pot @ Time Warp, Mannheim, Germany","https://www.mixesdb.com/w/2013-04-06_-_Pan-Pot_@_Time_Warp,_Mannheim,_Germany",Version 2,1,00,Wehbba,Eggshell,Wehbba - Eggshell
"2013-04-06 - Pan-Pot @ Time Warp, Mannheim, Germany","https://www.mixesdb.com/w/2013-04-06_-_Pan-Pot_@_Time_Warp,_Mannheim,_Germany",Version 2,2,03,Envoy,Dark Manoeuvres (Slam Remix) [Soma - 360D],Envoy - Dark Manoeuvres (Slam Remix) [Soma - 360D]
"2013-04-06 - Pan-Pot @ Time Warp, Mannheim, Germany","https://www.mixesdb.com/w/2013-04-06_-_Pan-Pot_@_Time_Warp,_Mannheim,_Germany",Version 2,3,07,Nikola Gala,Rock Steady [Octopus],Nikola Gala - Rock Steady [Octopus]
"2013-04-06 - Pan-Pot @ Time Warp, Mannheim, Germany","https://www.mixesdb.com/w/2013-04-06_-_Pan-Pot_@_Time_Warp,_Mannheim,_Germany",Version 2,4,11,Roberto Capuano,Vertigo,Roberto Capuano - Vertigo
"2013-04-06 - Pan-Pot @ Time Warp, Mannheim, Germany","https://www.mixesdb.com/w/2013-04-06_-_Pan-Pot_@_Time_Warp,_Mannheim,_Germany",Version 2,5,17,Loco & Jam,Titus [Analytic Trail],Loco & Jam - Titus [Analytic Trail]
"2013-04-06 - Pan-Pot @ Time Warp, Mannheim, Germany","https://www.mixesdb.com/w/2013-04-06_-_Pan-Pot_@_Time_Warp,_Mannheim,_Germany",Version 2,6,22,Mario Ochoa,Lockdown [100% Pure - PUREDV 022],Mario Ochoa - Lockdown [100% Pure - PUREDV 022]
"2013-04-06 - Pan-Pot @ Time Warp, Mannheim, Germany","https://www.mixesdb.com/w/2013-04-06_-_Pan-Pot_@_Time_Warp,_Mannheim,_Germany",Version 2,7,28,Sam Paganini,Fire In My Arms [Cocoon - COR 12102DIGITAL-X],Sam Paganini - Fire In My Arms [Cocoon - COR 12102DIGITAL-X]
"2013-04-06 - Pan-Pot @ Time Warp, Mannheim, Germany","https://www.mixesdb.com/w/2013-04-06_-_Pan-Pot_@_Time_Warp,_Mannheim,_Germany",Version 2,8,32,Tomaz Feat. Filterheadz,Sunshine (Uto Karem Remix) [1605],Tomaz Feat. Filterheadz - Sunshine (Uto Karem Remix) [1605]
"2013-04-06 - Pan-Pot @ Time Warp, Mannheim, Germany","https://www.mixesdb.com/w/2013-04-06_-_Pan-Pot_@_Time_Warp,_Mannheim,_Germany",Version 2,9,38,Luigi Madonna,New World (Joseph Capriati Remix) [Analytic Trail],Luigi Madonna - New World (Joseph Capriati Remix) [Analytic Trail]
"2013-04-06 - Pan-Pot @ Time Warp, Mannheim, Germany","https://www.mixesdb.com/w/2013-04-06_-_Pan-Pot_@_Time_Warp,_Mannheim,_Germany",Version 2,10,41,Mark Broom,T-Bone [BEK],Mark Broom - T-Bone [BEK]
"2013-04-06 - Pan-Pot @ Time Warp, Mannheim, Germany","https://www.mixesdb.com/w/2013-04-06_-_Pan-Pot_@_Time_Warp,_Mannheim,_Germany",Version 2,11,46,Pan-Pot,Mental Rush [Mobilee - 105],Pan-Pot - Mental Rush [Mobilee - 105]
"2013-04-06 - Pan-Pot @ Time Warp, Mannheim, Germany","https://www.mixesdb.com/w/2013-04-06_-_Pan-Pot_@_Time_Warp,_Mannheim,_Germany",Version 2,12,49,Harvard Bass,Plex [Teenage Riot - RIOT 019],Harvard Bass - Plex [Teenage Riot - RIOT 019]
"2013-04-06 - Pan-Pot @ Time Warp, Mannheim, Germany","https://www.mixesdb.com/w/2013-04-06_-_Pan-Pot_@_Time_Warp,_Mannheim,_Germany",Version 2,13,52,Pig&Dan,Savage [Elevate],Pig&Dan - Savage [Elevate]
"2013-04-06 - Pan-Pot @ Time Warp, Mannheim, Germany","https://www.mixesdb.com/w/2013-04-06_-_Pan-Pot_@_Time_Warp,_Mannheim,_Germany",Version 2,14,56,Timo Maas,Kick 1 Kick 3 (Maetrik Sexy Mix),Timo Maas - Kick 1 Kick 3 (Maetrik Sexy Mix)
"2013-04-06 - Pan-Pot @ Time Warp, Mannheim, Germany","https://www.mixesdb.com/w/2013-04-06_-_Pan-Pot_@_Time_Warp,_Mannheim,_Germany",Version 2,15,61,Felix Da Housecat,Sinner Winner (Green Velvet Remix),Felix Da Housecat - Sinner Winner (Green Velvet Remix)
"2013-04-06 - Pan-Pot @ Time Warp, Mannheim, Germany","https://www.mixesdb.com/w/2013-04-06_-_Pan-Pot_@_Time_Warp,_Mannheim,_Germany",Version 2,16,67,,?,?
"2013-04-06 - Pan-Pot @ Time Warp, Mannheim, Germany","https://www.mixesdb.com/w/2013-04-06_-_Pan-Pot_@_Time_Warp,_Mannheim,_Germany",Version 2,17,72,Maetrik,The Reason [Black Hole - BH CD 96],Maetrik - The Reason [Black Hole - BH CD 96]
"2013-04-06 - Pan-Pot @ Time Warp, Mannheim, Germany","https://www.mixesdb.com/w/2013-04-06_-_Pan-Pot_@_Time_Warp,_Mannheim,_Germany",Version 2,18,77,DJ Hyperactive,Wide Open (Len Faki DJ-Edit),DJ Hyperactive - Wide Open (Len Faki DJ-Edit)
"2013-04-06 - Pan-Pot @ Time Warp, Mannheim, Germany","https://www.mixesdb.com/w/2013-04-06_-_Pan-Pot_@_Time_Warp,_Mannheim,_Germany",Version 2,19,82,John Acquaviva Pres. Roderick Fox,In Your Face [Definitive - DEFDIG 1212],John Acquaviva Pres. Roderick Fox - In Your Face [Definitive - DEFDIG 1212]
"2013-04-06 - Pan-Pot @ Time Warp, Mannheim, Germany","https://www.mixesdb.com/w/2013-04-06_-_Pan-Pot_@_Time_Warp,_Mannheim,_Germany",Version 2,20,89,Candyman,Knockin Boots (David August Bootleg),Candyman - Knockin Boots (David August Bootleg)
"2013-04-06 - Pan-Pot @ Time Warp, Mannheim, Germany","https://www.mixesdb.com/w/2013-04-06_-_Pan-Pot_@_Time_Warp,_Mannheim,_Germany",Version 3,1,000,,?,?
"2013-04-06 - Pan-Pot @ Time Warp, Mannheim, Germany","https://www.mixesdb.com/w/2013-04-06_-_Pan-Pot_@_Time_Warp,_Mannheim,_Germany",Version 3,2,005,Wehbba,Eggshell [Tronic],Wehbba - Eggshell [Tronic]
"2013-04-06 - Pan-Pot @ Time Warp, Mannheim, Germany","https://www.mixesdb.com/w/2013-04-06_-_Pan-Pot_@_Time_Warp,_Mannheim,_Germany",Version 3,3,007,Envoy,Dark Manoeuvres (Slam Remix) [Soma],Envoy - Dark Manoeuvres (Slam Remix) [Soma]
"2013-04-06 - Pan-Pot @ Time Warp, Mannheim, Germany","https://www.mixesdb.com/w/2013-04-06_-_Pan-Pot_@_Time_Warp,_Mannheim,_Germany",Version 3,4,014,Nikola Gala,Rock Steady [Octopus],Nikola Gala - Rock Steady [Octopus]
"2013-04-06 - Pan-Pot @ Time Warp, Mannheim, Germany","https://www.mixesdb.com/w/2013-04-06_-_Pan-Pot_@_Time_Warp,_Mannheim,_Germany",Version 3,5,018,Roberto Capuano,Vertigo [Drumcode],Roberto Capuano - Vertigo [Drumcode]
"2013-04-06 - Pan-Pot @ Time Warp, Mannheim, Germany","https://www.mixesdb.com/w/2013-04-06_-_Pan-Pot_@_Time_Warp,_Mannheim,_Germany",Version 3,6,023,Loco & Jam,Titus [Analytic Trail],Loco & Jam - Titus [Analytic Trail]
"2013-04-06 - Pan-Pot @ Time Warp, Mannheim, Germany","https://www.mixesdb.com/w/2013-04-06_-_Pan-Pot_@_Time_Warp,_Mannheim,_Germany",Version 3,7,028,Mario Ochoa,Lockdown [100% Pure - PUREDV 022],Mario Ochoa - Lockdown [100% Pure - PUREDV 022]
"2013-04-06 - Pan-Pot @ Time Warp, Mannheim, Germany","https://www.mixesdb.com/w/2013-04-06_-_Pan-Pot_@_Time_Warp,_Mannheim,_Germany",Version 3,8,035,Sam Paganini,Fire In My Arms [JAM],Sam Paganini - Fire In My Arms [JAM]
"2013-04-06 - Pan-Pot @ Time Warp, Mannheim, Germany","https://www.mixesdb.com/w/2013-04-06_-_Pan-Pot_@_Time_Warp,_Mannheim,_Germany",Version 3,9,038,Tomaz Feat. Filterheadz,Sunshine (Uto Karem Remix) [1605],Tomaz Feat. Filterheadz - Sunshine (Uto Karem Remix) [1605]
"2013-04-06 - Pan-Pot @ Time Warp, Mannheim, Germany","https://www.mixesdb.com/w/2013-04-06_-_Pan-Pot_@_Time_Warp,_Mannheim,_Germany",Version 3,10,045,Luigi Madonna,New World (Joseph Capriati Remix) [Analytic Trail],Luigi Madonna - New World (Joseph Capriati Remix) [Analytic Trail]
"2013-04-06 - Pan-Pot @ Time Warp, Mannheim, Germany","https://www.mixesdb.com/w/2013-04-06_-_Pan-Pot_@_Time_Warp,_Mannheim,_Germany",Version 3,11,047,Mark Broom,T-Bone [BEK],Mark Broom - T-Bone [BEK]
"2013-04-06 - Pan-Pot @ Time Warp, Mannheim, Germany","https://www.mixesdb.com/w/2013-04-06_-_Pan-Pot_@_Time_Warp,_Mannheim,_Germany",Version 3,12,053,Pan-Pot,Mental Rush [Mobilee - 105],Pan-Pot - Mental Rush [Mobilee - 105]
"2013-04-06 - Pan-Pot @ Time Warp, Mannheim, Germany","https://www.mixesdb.com/w/2013-04-06_-_Pan-Pot_@_Time_Warp,_Mannheim,_Germany",Version 3,13,057,Harvard Bass,Plex (Dubfire Rework) [SCI + TEC],Harvard Bass - Plex (Dubfire Rework) [SCI + TEC]
"2013-04-06 - Pan-Pot @ Time Warp, Mannheim, Germany","https://www.mixesdb.com/w/2013-04-06_-_Pan-Pot_@_Time_Warp,_Mannheim,_Germany",Version 3,14,064,Pig&Dan,Savage [Elevate],Pig&Dan - Savage [Elevate]
"2013-04-06 - Pan-Pot @ Time Warp, Mannheim, Germany","https://www.mixesdb.com/w/2013-04-06_-_Pan-Pot_@_Time_Warp,_Mannheim,_Germany",Version 3,15,070,Timo Maas,Kick1 Kick3 (Maetrik Remix) [Rockets & Ponies],Timo Maas - Kick1 Kick3 (Maetrik Remix) [Rockets & Ponies]
"2013-04-06 - Pan-Pot @ Time Warp, Mannheim, Germany","https://www.mixesdb.com/w/2013-04-06_-_Pan-Pot_@_Time_Warp,_Mannheim,_Germany",Version 3,16,075,Felix Da Housecat,Sinner Winner (Green Velvet Remix) [No Shame],Felix Da Housecat - Sinner Winner (Green Velvet Remix) [No Shame]
"2013-04-06 - Pan-Pot @ Time Warp, Mannheim, Germany","https://www.mixesdb.com/w/2013-04-06_-_Pan-Pot_@_Time_Warp,_Mannheim,_Germany",Version 3,17,079,,?,?
"2013-04-06 - Pan-Pot @ Time Warp, Mannheim, Germany","https://www.mixesdb.com/w/2013-04-06_-_Pan-Pot_@_Time_Warp,_Mannheim,_Germany",Version 3,18,086,Maetrik,The Reason [Cocoon],Maetrik - The Reason [Cocoon]
"2013-04-06 - Pan-Pot @ Time Warp, Mannheim, Germany","https://www.mixesdb.com/w/2013-04-06_-_Pan-Pot_@_Time_Warp,_Mannheim,_Germany",Version 3,19,091,DJ Hyperactive,Wide Open (Len Faki DjEdit) [Figure],DJ Hyperactive - Wide Open (Len Faki DjEdit) [Figure]
"2013-04-06 - Pan-Pot @ Time Warp, Mannheim, Germany","https://www.mixesdb.com/w/2013-04-06_-_Pan-Pot_@_Time_Warp,_Mannheim,_Germany",Version 3,20,096,John Acquaviva Pres. Roderick Fox,In Your Face [Definitive - DEFDIG 1212],John Acquaviva Pres. Roderick Fox - In Your Face [Definitive - DEFDIG 1212]
"2013-04-06 - Pan-Pot @ Time Warp, Mannheim, Germany","https://www.mixesdb.com/w/2013-04-06_-_Pan-Pot_@_Time_Warp,_Mannheim,_Germany",Version 3,21,101,,?,?
"2013-04-06 - Pan-Pot @ Time Warp, Mannheim, Germany","https://www.mixesdb.com/w/2013-04-06_-_Pan-Pot_@_Time_Warp,_Mannheim,_Germany",Version 3,22,107,Candy Man,Knockin' Boots [Thump (TH1)],Candy Man - Knockin' Boots [Thump (TH1)]
"2020-06-12 - Pan-Pot - Boat Ride, Berlin","https://www.mixesdb.com/w/2020-06-12_-_Pan-Pot_-_Boat_Ride,_Berlin",,1,000,Distant Echoes & Gianni Denitto,Faction 200 [Jazz-O-Tech - JOT013],Distant Echoes & Gianni Denitto - Faction 200 [Jazz-O-Tech - JOT013]
"2020-06-12 - Pan-Pot - Boat Ride, Berlin","https://www.mixesdb.com/w/2020-06-12_-_Pan-Pot_-_Boat_Ride,_Berlin",,2,005,nthng,Spirit Of Ecstasy [Lobster Theremin - LT066],nthng - Spirit Of Ecstasy [Lobster Theremin - LT066]
"2020-06-12 - Pan-Pot - Boat Ride, Berlin","https://www.mixesdb.com/w/2020-06-12_-_Pan-Pot_-_Boat_Ride,_Berlin",,3,011,Ian O'Donovan,Stratus [When We Dip XYZ - 016],Ian O'Donovan - Stratus [When We Dip XYZ - 016]
"2020-06-12 - Pan-Pot - Boat Ride, Berlin","https://www.mixesdb.com/w/2020-06-12_-_Pan-Pot_-_Boat_Ride,_Berlin",,4,016,Nocturnal Sunshine & Maya Jane Coles Feat. Peaches,Possessed (Rossko Late Night Skanking Remix) [I/AM/ME (BMG) - 4050538609745],Nocturnal Sunshine & Maya Jane Coles Feat. Peaches - Possessed (Rossko Late Night Skanking Remix) [I/AM/ME (BMG) - 4050538609745]
"2020-06-12 - Pan-Pot - Boat Ride, Berlin","https://www.mixesdb.com/w/2020-06-12_-_Pan-Pot_-_Boat_Ride,_Berlin",,5,022,Jos & ELI & Magit Cacoon,Tropical Heart [Second State - SNDST077],Jos & ELI & Magit Cacoon - Tropical Heart [Second State - SNDST077]
"2020-06-12 - Pan-Pot - Boat Ride, Berlin","https://www.mixesdb.com/w/2020-06-12_-_Pan-Pot_-_Boat_Ride,_Berlin",,6,028,Ryan Elliott,The Move [Faith Beat - FAITHBEAT02],Ryan Elliott - The Move [Faith Beat - FAITHBEAT02]
"2020-06-12 - Pan-Pot - Boat Ride, Berlin","https://www.mixesdb.com/w/2020-06-12_-_Pan-Pot_-_Boat_Ride,_Berlin",,7,032,Cirez D,Valborg [Mouseville - MOUSE025],Cirez D - Valborg [Mouseville - MOUSE025]
"2020-06-12 - Pan-Pot - Boat Ride, Berlin","https://www.mixesdb.com/w/2020-06-12_-_Pan-Pot_-_Boat_Ride,_Berlin",,8,037,FJAAK,Breath [FJAAK - FJAAK006],FJAAK - Breath [FJAAK - FJAAK006]
"2020-06-12 - Pan-Pot - Boat Ride, Berlin","https://www.mixesdb.com/w/2020-06-12_-_Pan-Pot_-_Boat_Ride,_Berlin",,9,042,Ray Kajioka,Ten Ten [Parabel - PRBL014D],Ray Kajioka - Ten Ten [Parabel - PRBL014D]
"2020-06-12 - Pan-Pot - Boat Ride, Berlin","https://www.mixesdb.com/w/2020-06-12_-_Pan-Pot_-_Boat_Ride,_Berlin",,10,046,Stef Mendesidis,Senzo [Klockworks - KW23],Stef Mendesidis - Senzo [Klockworks - KW23]
"2020-06-12 - Pan-Pot - Boat Ride, Berlin","https://www.mixesdb.com/w/2020-06-12_-_Pan-Pot_-_Boat_Ride,_Berlin",,11,051,Sed Aria,Blockparty [Natura Viva Black - NATBLACK266],Sed Aria - Blockparty [Natura Viva Black - NATBLACK266]
"2020-06-12 - Pan-Pot - Boat Ride, Berlin","https://www.mixesdb.com/w/2020-06-12_-_Pan-Pot_-_Boat_Ride,_Berlin",,12,056,Linkan Ray,2020 Reset [Be As One - BAOX07],Linkan Ray - 2020 Reset [Be As One - BAOX07]
"2020-06-12 - Pan-Pot - Boat Ride, Berlin","https://www.mixesdb.com/w/2020-06-12_-_Pan-Pot_-_Boat_Ride,_Berlin",,13,062,K.A.L.I.L. & Cam Harris,Disorder [Second State - Second State - SNDST076],K.A.L.I.L. & Cam Harris - Disorder [Second State - Second State - SNDST076]
"2020-06-12 - Pan-Pot - Boat Ride, Berlin","https://www.mixesdb.com/w/2020-06-12_-_Pan-Pot_-_Boat_Ride,_Berlin",,14,067,Mark Broom,AR-4 [Token - TOKEN93D],Mark Broom - AR-4 [Token - TOKEN93D]
"2020-06-12 - Pan-Pot - Boat Ride, Berlin","https://www.mixesdb.com/w/2020-06-12_-_Pan-Pot_-_Boat_Ride,_Berlin",,15,073,Ray Kajioka,SEM Jam [Parabel - PRBL014D],Ray Kajioka - SEM Jam [Parabel - PRBL014D]
"2020-06-12 - Pan-Pot - Boat Ride, Berlin","https://www.mixesdb.com/w/2020-06-12_-_Pan-Pot_-_Boat_Ride,_Berlin",,16,076,The Amazing,Qu'est-ce Que Vous Voulez? [Hot Tracks - SHT34961],The Amazing - Qu'est-ce Que Vous Voulez? [Hot Tracks - SHT34961]
"2020-06-12 - Pan-Pot - Boat Ride, Berlin","https://www.mixesdb.com/w/2020-06-12_-_Pan-Pot_-_Boat_Ride,_Berlin",,17,084,Elad Magdasi,Free Your Mind [Front Left - FLR07],Elad Magdasi - Free Your Mind [Front Left - FLR07]
"2020-06-12 - Pan-Pot - Boat Ride, Berlin","https://www.mixesdb.com/w/2020-06-12_-_Pan-Pot_-_Boat_Ride,_Berlin",,18,088,M.I.T.A.,Wax Dreams [Elevate - ELV135],M.I.T.A. - Wax Dreams [Elevate - ELV135]
"2020-06-12 - Pan-Pot - Boat Ride, Berlin","https://www.mixesdb.com/w/2020-06-12_-_Pan-Pot_-_Boat_Ride,_Berlin",,19,095,Michael Klein,Superstition (Boxia Remix) [BLK DRP - BLKDRP010],Michael Klein - Superstition (Boxia Remix) [BLK DRP - BLKDRP010]
"2020-06-12 - Pan-Pot - Boat Ride, Berlin","https://www.mixesdb.com/w/2020-06-12_-_Pan-Pot_-_Boat_Ride,_Berlin",,20,099,Shed,Boom Room [Ostgut Ton - OSTGUTCD15DIGITAL],Shed - Boom Room [Ostgut Ton - OSTGUTCD15DIGITAL]
"2020-06-12 - Pan-Pot - Boat Ride, Berlin","https://www.mixesdb.com/w/2020-06-12_-_Pan-Pot_-_Boat_Ride,_Berlin",,21,105,Elad Magdasi,Teleport [Front Left - FLR07],Elad Magdasi - Teleport [Front Left - FLR07]
"2020-06-12 - Pan-Pot - Boat Ride, Berlin","https://www.mixesdb.com/w/2020-06-12_-_Pan-Pot_-_Boat_Ride,_Berlin",,22,110,Marco Faraone,No Drama [Rekids - REKIDS155],Marco Faraone - No Drama [Rekids - REKIDS155]
"2020-06-12 - Pan-Pot - Boat Ride, Berlin","https://www.mixesdb.com/w/2020-06-12_-_Pan-Pot_-_Boat_Ride,_Berlin",,23,115,Secret Cinema,Zürich [Second State - SNDST077],Secret Cinema - Zürich [Second State - SNDST077]
"2020-06-12 - Pan-Pot - Boat Ride, Berlin","https://www.mixesdb.com/w/2020-06-12_-_Pan-Pot_-_Boat_Ride,_Berlin",,24,118,Damian Fisher,Building Bridges [SCI+TEC - TEC219],Damian Fisher - Building Bridges [SCI+TEC - TEC219]
"2020-06-12 - Pan-Pot - Boat Ride, Berlin","https://www.mixesdb.com/w/2020-06-12_-_Pan-Pot_-_Boat_Ride,_Berlin",,25,124,Humano,Death (Len Faki Hardspace Mix) [LF RMX - LFRMX024],Humano - Death (Len Faki Hardspace Mix) [LF RMX - LFRMX024]
"2020-06-12 - Pan-Pot - Boat Ride, Berlin","https://www.mixesdb.com/w/2020-06-12_-_Pan-Pot_-_Boat_Ride,_Berlin",,26,128,Under Black Helmet,Mute (Farrago Remix) [Code Is Law - CODEISLAW019],Under Black Helmet - Mute (Farrago Remix) [Code Is Law - CODEISLAW019]
"2020-06-12 - Pan-Pot - Boat Ride, Berlin","https://www.mixesdb.com/w/2020-06-12_-_Pan-Pot_-_Boat_Ride,_Berlin",,27,134,The Advent & A.Paul,Confined [Planet Rhythm - PRRUKD20041],The Advent & A.Paul - Confined [Planet Rhythm - PRRUKD20041]
"2020-06-12 - Pan-Pot - Boat Ride, Berlin","https://www.mixesdb.com/w/2020-06-12_-_Pan-Pot_-_Boat_Ride,_Berlin",,28,139,Rene Wise,Primal Fever [Knowledge Imprint - KI008D],Rene Wise - Primal Fever [Knowledge Imprint - KI008D]
"2020-06-12 - Pan-Pot - Boat Ride, Berlin","https://www.mixesdb.com/w/2020-06-12_-_Pan-Pot_-_Boat_Ride,_Berlin",,29,144,Sustention,Sun [KONFLKT - K019D],Sustention - Sun [KONFLKT - K019D]
"2020-06-12 - Pan-Pot - Boat Ride, Berlin","https://www.mixesdb.com/w/2020-06-12_-_Pan-Pot_-_Boat_Ride,_Berlin",,30,149,Cravo,EVO.03 [Hayes - HYSEP12],Cravo - EVO.03 [Hayes - HYSEP12]
"2020-06-12 - Pan-Pot - Boat Ride, Berlin","https://www.mixesdb.com/w/2020-06-12_-_Pan-Pot_-_Boat_Ride,_Berlin",,31,155,A.Paul,Incidence [Planet Rhythm - PRRUKD20041],A.Paul - Incidence [Planet Rhythm - PRRUKD20041]
"2020-06-12 - Pan-Pot - Boat Ride, Berlin","https://www.mixesdb.com/w/2020-06-12_-_Pan-Pot_-_Boat_Ride,_Berlin",,32,158,Sterac,Osirion [Rush Hour - RHM022],Sterac - Osirion [Rush Hour - RHM022]
"2020-06-12 - Pan-Pot - Boat Ride, Berlin","https://www.mixesdb.com/w/2020-06-12_-_Pan-Pot_-_Boat_Ride,_Berlin",,33,166,Inigo Kennedy,NGC6826 Blinking Eye (Len Faki Hardspace Remix) [LF RMX - LFRMX024],Inigo Kennedy - NGC6826 Blinking Eye (Len Faki Hardspace Remix) [LF RMX - LFRMX024]
"2020-06-12 - Pan-Pot - Boat Ride, Berlin","https://www.mixesdb.com/w/2020-06-12_-_Pan-Pot_-_Boat_Ride,_Berlin",,34,169,Mark Broom,Hear Me [Rekids - REKIDS153],Mark Broom - Hear Me [Rekids - REKIDS153]
"2020-06-12 - Pan-Pot - Boat Ride, Berlin","https://www.mixesdb.com/w/2020-06-12_-_Pan-Pot_-_Boat_Ride,_Berlin",,35,172,Duss,Kevin The Second [Second State - SNDST077],Duss - Kevin The Second [Second State - SNDST077]
"2020-06-12 - Pan-Pot - Boat Ride, Berlin","https://www.mixesdb.com/w/2020-06-12_-_Pan-Pot_-_Boat_Ride,_Berlin",,36,175,Tronco Traxx,Walk 4 Me [Henry Street - HS515],Tronco Traxx - Walk 4 Me [Henry Street - HS515]
"2020-06-12 - Pan-Pot - Boat Ride, Berlin","https://www.mixesdb.com/w/2020-06-12_-_Pan-Pot_-_Boat_Ride,_Berlin",,37,180,Angioma,Reverberate [AnalyticTrail - ANT108],Angioma - Reverberate [AnalyticTrail - ANT108]
"2020-06-12 - Pan-Pot - Boat Ride, Berlin","https://www.mixesdb.com/w/2020-06-12_-_Pan-Pot_-_Boat_Ride,_Berlin",,38,185,Bleur & MB1,Humans [Second State - SNDST077],Bleur & MB1 - Humans [Second State - SNDST077]
"2020-06-12 - Pan-Pot - Boat Ride, Berlin","https://www.mixesdb.com/w/2020-06-12_-_Pan-Pot_-_Boat_Ride,_Berlin",,39,188,Kaiser,Bring Me So High [K S R - KSR004],Kaiser - Bring Me So High [K S R - KSR004]
"2020-06-12 - Pan-Pot - Boat Ride, Berlin","https://www.mixesdb.com/w/2020-06-12_-_Pan-Pot_-_Boat_Ride,_Berlin",,40,194,Callum Plant,Prelude (4X4 Mix) [Gynoid - GYNOIDD182],Callum Plant - Prelude (4X4 Mix) [Gynoid - GYNOIDD182]
"2020-06-12 - Pan-Pot - Boat Ride, Berlin","https://www.mixesdb.com/w/2020-06-12_-_Pan-Pot_-_Boat_Ride,_Berlin",,41,198,Toni Alvarez,Genotonorm [Planet Rhythm - PRRUKBLK053],Toni Alvarez - Genotonorm [Planet Rhythm - PRRUKBLK053]
"2020-06-12 - Pan-Pot - Boat Ride, Berlin","https://www.mixesdb.com/w/2020-06-12_-_Pan-Pot_-_Boat_Ride,_Berlin",,42,203,Matrixxman,Hong Kong (Night) [Planet X - PX003],Matrixxman - Hong Kong (Night) [Planet X - PX003]
"2020-06-12 - Pan-Pot - Boat Ride, Berlin","https://www.mixesdb.com/w/2020-06-12_-_Pan-Pot_-_Boat_Ride,_Berlin",,43,207,Bart Skils,Tropical Heat [Drumcode - DC226],Bart Skils - Tropical Heat [Drumcode - DC226]
"2020-06-12 - Pan-Pot - Boat Ride, Berlin","https://www.mixesdb.com/w/2020-06-12_-_Pan-Pot_-_Boat_Ride,_Berlin",,44,212,Paul Kalkbrenner,Der Buhold [Paul Kalkbrenner - PKM005],Paul Kalkbrenner - Der Buhold [Paul Kalkbrenner - PKM005]
"2020-06-12 - Pan-Pot - Boat Ride, Berlin","https://www.mixesdb.com/w/2020-06-12_-_Pan-Pot_-_Boat_Ride,_Berlin",,45,216,Vladw,Ira [VLADW - VLADW002],Vladw - Ira [VLADW - VLADW002]
"2020-06-12 - Pan-Pot - Boat Ride, Berlin","https://www.mixesdb.com/w/2020-06-12_-_Pan-Pot_-_Boat_Ride,_Berlin",,46,220,Deas,Dark Illusion [Materia - MATERIA031],Deas - Dark Illusion [Materia - MATERIA031]
"2020-06-12 - Pan-Pot - Boat Ride, Berlin","https://www.mixesdb.com/w/2020-06-12_-_Pan-Pot_-_Boat_Ride,_Berlin",,47,226,MRD,First Love [Arts - ARTSX012],MRD - First Love [Arts - ARTSX012]
"2020-06-12 - Pan-Pot - Boat Ride, Berlin","https://www.mixesdb.com/w/2020-06-12_-_Pan-Pot_-_Boat_Ride,_Berlin",,48,230,Troy,Surge [Klockworks - KW29],Troy - Surge [Klockworks - KW29]
"2020-06-12 - Pan-Pot - Boat Ride, Berlin","https://www.mixesdb.com/w/2020-06-12_-_Pan-Pot_-_Boat_Ride,_Berlin",,49,236,Arthur Robert,Fragrant [Figure - FIGUREX19],Arthur Robert - Fragrant [Figure - FIGUREX19]
"2020-06-12 - Pan-Pot - Boat Ride, Berlin","https://www.mixesdb.com/w/2020-06-12_-_Pan-Pot_-_Boat_Ride,_Berlin",,50,239,Ion Ludwig,Polarized Colors [Lick My Deck - LMD013],Ion Ludwig - Polarized Colors [Lick My Deck - LMD013]
"2020-06-12 - Pan-Pot - Boat Ride, Berlin","https://www.mixesdb.com/w/2020-06-12_-_Pan-Pot_-_Boat_Ride,_Berlin",,51,244,David Lohlein,Altai (Rene Wise Remix) [Vision Ekstase - VERMX001],David Lohlein - Altai (Rene Wise Remix) [Vision Ekstase - VERMX001]
"2020-06-12 - Pan-Pot - Boat Ride, Berlin","https://www.mixesdb.com/w/2020-06-12_-_Pan-Pot_-_Boat_Ride,_Berlin",,52,249,Age Of Love,The Age Of Love (Marco V Remix) [Reset Records - RS004],Age Of Love - The Age Of Love (Marco V Remix) [Reset Records - RS004]
"2020-06-12 - Pan-Pot - Boat Ride, Berlin","https://www.mixesdb.com/w/2020-06-12_-_Pan-Pot_-_Boat_Ride,_Berlin",,53,255,Brothers Black,Bloodhound [Bade - BADE014],Brothers Black - Bloodhound [Bade - BADE014]
"2020-06-12 - Pan-Pot - Boat Ride, Berlin","https://www.mixesdb.com/w/2020-06-12_-_Pan-Pot_-_Boat_Ride,_Berlin",,54,259,Shlomi Aber,Under Two Worlds [Figure - FIGURE88],Shlomi Aber - Under Two Worlds [Figure - FIGURE88]
"2020-06-12 - Pan-Pot - Boat Ride, Berlin","https://www.mixesdb.com/w/2020-06-12_-_Pan-Pot_-_Boat_Ride,_Berlin",,55,266,Trevino,Eclipse - Klockworks - KW14],Trevino - Eclipse - Klockworks - KW14]
"2020-06-12 - Pan-Pot - Boat Ride, Berlin","https://www.mixesdb.com/w/2020-06-12_-_Pan-Pot_-_Boat_Ride,_Berlin",,56,271,Pan-Pot,Lose Yourself (Marcel Fengler Remix) [Second State - SNDST023],Pan-Pot - Lose Yourself (Marcel Fengler Remix) [Second State - SNDST023]
"2020-06-12 - Pan-Pot - Boat Ride, Berlin","https://www.mixesdb.com/w/2020-06-12_-_Pan-Pot_-_Boat_Ride,_Berlin",,57,276,Ian O'Donovan,Nightdrive [When We Dip XYZ - 016],Ian O'Donovan - Nightdrive [When We Dip XYZ - 016]
"2020-06-12 - Pan-Pot - Boat Ride, Berlin","https://www.mixesdb.com/w/2020-06-12_-_Pan-Pot_-_Boat_Ride,_Berlin",,58,279,Ray Kajioka,The Ratchet [Kanzleramt - 4050486975312],Ray Kajioka - The Ratchet [Kanzleramt - 4050486975312]
"2020-06-12 - Pan-Pot - Boat Ride, Berlin","https://www.mixesdb.com/w/2020-06-12_-_Pan-Pot_-_Boat_Ride,_Berlin",,59,284,Elad Magdasi,Let's Go [Front Left - FLR07],Elad Magdasi - Let's Go [Front Left - FLR07]
"2020-06-12 - Pan-Pot - Boat Ride, Berlin","https://www.mixesdb.com/w/2020-06-12_-_Pan-Pot_-_Boat_Ride,_Berlin",,60,290,Leon Vynehall,It's Just (House Of Dupree) [3024 - 3024024D],Leon Vynehall - It's Just (House Of Dupree) [3024 - 3024024D]
"2020-06-12 - Pan-Pot - Boat Ride, Berlin","https://www.mixesdb.com/w/2020-06-12_-_Pan-Pot_-_Boat_Ride,_Berlin",,61,298,Pachanga Boys,Time [Hippie Dance - HIPPIEDANCE02],Pachanga Boys - Time [Hippie Dance - HIPPIEDANCE02]
"2020-06-12 - Pan-Pot - Boat Ride, Berlin","https://www.mixesdb.com/w/2020-06-12_-_Pan-Pot_-_Boat_Ride,_Berlin",,62,309,Akabu,Another World (Andre Lodemann Remix) [Z - ZEDD12124R],Akabu - Another World (Andre Lodemann Remix) [Z - ZEDD12124R]
"2016-06-05 - Feder, The Avener, Pan-Pot, Format:B - 1Live DJ Session (Ibiza Special)","https://www.mixesdb.com/w/2016-06-05_-_Feder,_The_Avener,_Pan-Pot,_Format:B_-_1Live_DJ_Session_(Ibiza_Special)",Moguai,1,00:00,EDX,Roadkill (EDXs Ibiza Sunrise Remix),EDX - Roadkill (EDXs Ibiza Sunrise Remix)
"2016-06-05 - Feder, The Avener, Pan-Pot, Format:B - 1Live DJ Session (Ibiza Special)","https://www.mixesdb.com/w/2016-06-05_-_Feder,_The_Avener,_Pan-Pot,_Format:B_-_1Live_DJ_Session_(Ibiza_Special)",Moguai,2,00:05,Niko The Kid,Easy Street,Niko The Kid - Easy Street
"2016-06-05 - Feder, The Avener, Pan-Pot, Format:B - 1Live DJ Session (Ibiza Special)","https://www.mixesdb.com/w/2016-06-05_-_Feder,_The_Avener,_Pan-Pot,_Format:B_-_1Live_DJ_Session_(Ibiza_Special)",Moguai,3,00:09,MOGUAI Feat. Tom Cane,You'll See Me (Extended Mix),MOGUAI Feat. Tom Cane - You'll See Me (Extended Mix)
"2016-06-05 - Feder, The Avener, Pan-Pot, Format:B - 1Live DJ Session (Ibiza Special)","https://www.mixesdb.com/w/2016-06-05_-_Feder,_The_Avener,_Pan-Pot,_Format:B_-_1Live_DJ_Session_(Ibiza_Special)",Moguai,4,00:13,Djerem,I'm In Love (Tom Swoon Remix),Djerem - I'm In Love (Tom Swoon Remix)
"2016-06-05 - Feder, The Avener, Pan-Pot, Format:B - 1Live DJ Session (Ibiza Special)","https://www.mixesdb.com/w/2016-06-05_-_Feder,_The_Avener,_Pan-Pot,_Format:B_-_1Live_DJ_Session_(Ibiza_Special)",Moguai,5,00:16,?,You're Not Alone,? - You're Not Alone
"2016-06-05 - Feder, The Avener, Pan-Pot, Format:B - 1Live DJ Session (Ibiza Special)","https://www.mixesdb.com/w/2016-06-05_-_Feder,_The_Avener,_Pan-Pot,_Format:B_-_1Live_DJ_Session_(Ibiza_Special)",Moguai,6,00:19,Don Diablo Feat. DYU,Drifter,Don Diablo Feat. DYU - Drifter
"2016-06-05 - Feder, The Avener, Pan-Pot, Format:B - 1Live DJ Session (Ibiza Special)","https://www.mixesdb.com/w/2016-06-05_-_Feder,_The_Avener,_Pan-Pot,_Format:B_-_1Live_DJ_Session_(Ibiza_Special)",Moguai,7,00:22,Teamworx & Corey James & Kobi The Alien Feat. Kobi The Alien,Make The Crowd Go (Vocal Mix),Teamworx & Corey James & Kobi The Alien Feat. Kobi The Alien - Make The Crowd Go (Vocal Mix)
"2016-06-05 - Feder, The Avener, Pan-Pot, Format:B - 1Live DJ Session (Ibiza Special)","https://www.mixesdb.com/w/2016-06-05_-_Feder,_The_Avener,_Pan-Pot,_Format:B_-_1Live_DJ_Session_(Ibiza_Special)",Moguai,8,00:25,"Nari, Milani & Hiisak",Camino Del Sol (Extended Mix),"Nari, Milani & Hiisak - Camino Del Sol (Extended Mix)"
"2016-06-05 - Feder, The Avener, Pan-Pot, Format:B - 1Live DJ Session (Ibiza Special)","https://www.mixesdb.com/w/2016-06-05_-_Feder,_The_Avener,_Pan-Pot,_Format:B_-_1Live_DJ_Session_(Ibiza_Special)",Moguai,9,00:28,Bojac,Six Million,Bojac - Six Million
"2016-06-05 - Feder, The Avener, Pan-Pot, Format:B - 1Live DJ Session (Ibiza Special)","https://www.mixesdb.com/w/2016-06-05_-_Feder,_The_Avener,_Pan-Pot,_Format:B_-_1Live_DJ_Session_(Ibiza_Special)",Moguai,10,00:30,Alesso & Nico Vinz,I Wanna Know (Alesso & Deniz Koyu Remix),Alesso & Nico Vinz - I Wanna Know (Alesso & Deniz Koyu Remix)
"2016-06-05 - Feder, The Avener, Pan-Pot, Format:B - 1Live DJ Session (Ibiza Special)","https://www.mixesdb.com/w/2016-06-05_-_Feder,_The_Avener,_Pan-Pot,_Format:B_-_1Live_DJ_Session_(Ibiza_Special)",Moguai,11,00:35,Quintino X Cheat Codes,Can't Fight It,Quintino X Cheat Codes - Can't Fight It
"2016-06-05 - Feder, The Avener, Pan-Pot, Format:B - 1Live DJ Session (Ibiza Special)","https://www.mixesdb.com/w/2016-06-05_-_Feder,_The_Avener,_Pan-Pot,_Format:B_-_1Live_DJ_Session_(Ibiza_Special)",Moguai,12,00:39,Tom Tyger,Delano,Tom Tyger - Delano
"2016-06-05 - Feder, The Avener, Pan-Pot, Format:B - 1Live DJ Session (Ibiza Special)","https://www.mixesdb.com/w/2016-06-05_-_Feder,_The_Avener,_Pan-Pot,_Format:B_-_1Live_DJ_Session_(Ibiza_Special)",Moguai,13,00:43,Mark Knight,Voulez-Who?,Mark Knight - Voulez-Who?
"2016-06-05 - Feder, The Avener, Pan-Pot, Format:B - 1Live DJ Session (Ibiza Special)","https://www.mixesdb.com/w/2016-06-05_-_Feder,_The_Avener,_Pan-Pot,_Format:B_-_1Live_DJ_Session_(Ibiza_Special)",Moguai,14,00:48,Khrebto,Hongkong,Khrebto - Hongkong
"2016-06-05 - Feder, The Avener, Pan-Pot, Format:B - 1Live DJ Session (Ibiza Special)","https://www.mixesdb.com/w/2016-06-05_-_Feder,_The_Avener,_Pan-Pot,_Format:B_-_1Live_DJ_Session_(Ibiza_Special)",Moguai,15,00:51,Elephante Feat. Bishøp,Closer (Virtu Remix),Elephante Feat. Bishøp - Closer (Virtu Remix)
"2016-06-05 - Feder, The Avener, Pan-Pot, Format:B - 1Live DJ Session (Ibiza Special)","https://www.mixesdb.com/w/2016-06-05_-_Feder,_The_Avener,_Pan-Pot,_Format:B_-_1Live_DJ_Session_(Ibiza_Special)",Moguai,16,00:56,Skrillex & Wiwek,Killa (Slushii Remix),Skrillex & Wiwek - Killa (Slushii Remix)
"2016-06-05 - Feder, The Avener, Pan-Pot, Format:B - 1Live DJ Session (Ibiza Special)","https://www.mixesdb.com/w/2016-06-05_-_Feder,_The_Avener,_Pan-Pot,_Format:B_-_1Live_DJ_Session_(Ibiza_Special)",Moguai,17,00:57,Dillon Francis,Need You,Dillon Francis - Need You
"2016-06-05 - Feder, The Avener, Pan-Pot, Format:B - 1Live DJ Session (Ibiza Special)","https://www.mixesdb.com/w/2016-06-05_-_Feder,_The_Avener,_Pan-Pot,_Format:B_-_1Live_DJ_Session_(Ibiza_Special)",Format<nowiki>:</nowiki>B,1,02:00,CamelPhat,Make'Em Dance,CamelPhat - Make'Em Dance
"2016-06-05 - Feder, The Avener, Pan-Pot, Format:B - 1Live DJ Session (Ibiza Special)","https://www.mixesdb.com/w/2016-06-05_-_Feder,_The_Avener,_Pan-Pot,_Format:B_-_1Live_DJ_Session_(Ibiza_Special)",Format<nowiki>:</nowiki>B,2,02:03,KlangKuenstler,Back To Old School,KlangKuenstler - Back To Old School
"2016-06-05 - Feder, The Avener, Pan-Pot, Format:B - 1Live DJ Session (Ibiza Special)","https://www.mixesdb.com/w/2016-06-05_-_Feder,_The_Avener,_Pan-Pot,_Format:B_-_1Live_DJ_Session_(Ibiza_Special)",Format<nowiki>:</nowiki>B,3,02:06,Raumakustik,Panther (Format:B Remix),Raumakustik - Panther (Format:B Remix)
"2016-06-05 - Feder, The Avener, Pan-Pot, Format:B - 1Live DJ Session (Ibiza Special)","https://www.mixesdb.com/w/2016-06-05_-_Feder,_The_Avener,_Pan-Pot,_Format:B_-_1Live_DJ_Session_(Ibiza_Special)",Format<nowiki>:</nowiki>B,4,02:09,Javi Colors,Stompin',Javi Colors - Stompin'
"2016-06-05 - Feder, The Avener, Pan-Pot, Format:B - 1Live DJ Session (Ibiza Special)","https://www.mixesdb.com/w/2016-06-05_-_Feder,_The_Avener,_Pan-Pot,_Format:B_-_1Live_DJ_Session_(Ibiza_Special)",Format<nowiki>:</nowiki>B,5,02:12,Solardo,Acid (Leftwing & Kody Remix),Solardo - Acid (Leftwing & Kody Remix)
"2016-06-05 - Feder, The Avener, Pan-Pot, Format:B - 1Live DJ Session (Ibiza Special)","https://www.mixesdb.com/w/2016-06-05_-_Feder,_The_Avener,_Pan-Pot,_Format:B_-_1Live_DJ_Session_(Ibiza_Special)",Format<nowiki>:</nowiki>B,6,02:15,Apollo 84,First House Records,Apollo 84 - First House Records
"2016-06-05 - Feder, The Avener, Pan-Pot, Format:B - 1Live DJ Session (Ibiza Special)","https://www.mixesdb.com/w/2016-06-05_-_Feder,_The_Avener,_Pan-Pot,_Format:B_-_1Live_DJ_Session_(Ibiza_Special)",Format<nowiki>:</nowiki>B,7,02:18,Bontan,33 45 (Jhonsson Remix),Bontan - 33 45 (Jhonsson Remix)
"2016-06-05 - Feder, The Avener, Pan-Pot, Format:B - 1Live DJ Session (Ibiza Special)","https://www.mixesdb.com/w/2016-06-05_-_Feder,_The_Avener,_Pan-Pot,_Format:B_-_1Live_DJ_Session_(Ibiza_Special)",Format<nowiki>:</nowiki>B,8,02:21,Marco Cogotzi,Just Freak It (Mr. Jefferson Remix),Marco Cogotzi - Just Freak It (Mr. Jefferson Remix)
"2016-06-05 - Feder, The Avener, Pan-Pot, Format:B - 1Live DJ Session (Ibiza Special)","https://www.mixesdb.com/w/2016-06-05_-_Feder,_The_Avener,_Pan-Pot,_Format:B_-_1Live_DJ_Session_(Ibiza_Special)",Format<nowiki>:</nowiki>B,9,02:24,Wade,Retrojack,Wade - Retrojack
"2016-06-05 - Feder, The Avener, Pan-Pot, Format:B - 1Live DJ Session (Ibiza Special)","https://www.mixesdb.com/w/2016-06-05_-_Feder,_The_Avener,_Pan-Pot,_Format:B_-_1Live_DJ_Session_(Ibiza_Special)",Format<nowiki>:</nowiki>B,10,02:27,Apollo 84,Like This (Di Chiara Brothers Remix),Apollo 84 - Like This (Di Chiara Brothers Remix)
"2016-06-05 - Feder, The Avener, Pan-Pot, Format:B - 1Live DJ Session (Ibiza Special)","https://www.mixesdb.com/w/2016-06-05_-_Feder,_The_Avener,_Pan-Pot,_Format:B_-_1Live_DJ_Session_(Ibiza_Special)",Format<nowiki>:</nowiki>B,11,02:30,Solardo,Open Your Mind,Solardo - Open Your Mind
"2016-06-05 - Feder, The Avener, Pan-Pot, Format:B - 1Live DJ Session (Ibiza Special)","https://www.mixesdb.com/w/2016-06-05_-_Feder,_The_Avener,_Pan-Pot,_Format:B_-_1Live_DJ_Session_(Ibiza_Special)",Format<nowiki>:</nowiki>B,12,02:33,Hosse,Do It,Hosse - Do It
"2016-06-05 - Feder, The Avener, Pan-Pot, Format:B - 1Live DJ Session (Ibiza Special)","https://www.mixesdb.com/w/2016-06-05_-_Feder,_The_Avener,_Pan-Pot,_Format:B_-_1Live_DJ_Session_(Ibiza_Special)",Format<nowiki>:</nowiki>B,13,02:36,Yass,Get Some (David Penn Remix),Yass - Get Some (David Penn Remix)
"2016-06-05 - Feder, The Avener, Pan-Pot, Format:B - 1Live DJ Session (Ibiza Special)","https://www.mixesdb.com/w/2016-06-05_-_Feder,_The_Avener,_Pan-Pot,_Format:B_-_1Live_DJ_Session_(Ibiza_Special)",Format<nowiki>:</nowiki>B,14,02:39,Moonbootica,Above Your Trouble,Moonbootica - Above Your Trouble
"2016-06-05 - Feder, The Avener, Pan-Pot, Format:B - 1Live DJ Session (Ibiza Special)","https://www.mixesdb.com/w/2016-06-05_-_Feder,_The_Avener,_Pan-Pot,_Format:B_-_1Live_DJ_Session_(Ibiza_Special)",Format<nowiki>:</nowiki>B,15,02:42,Latmun,123-Wow!,Latmun - 123-Wow!
"2016-06-05 - Feder, The Avener, Pan-Pot, Format:B - 1Live DJ Session (Ibiza Special)","https://www.mixesdb.com/w/2016-06-05_-_Feder,_The_Avener,_Pan-Pot,_Format:B_-_1Live_DJ_Session_(Ibiza_Special)",Format<nowiki>:</nowiki>B,16,02:45,Sonny Fodera,Don't Touch Me When I Am Dancing,Sonny Fodera - Don't Touch Me When I Am Dancing
"2016-06-05 - Feder, The Avener, Pan-Pot, Format:B - 1Live DJ Session (Ibiza Special)","https://www.mixesdb.com/w/2016-06-05_-_Feder,_The_Avener,_Pan-Pot,_Format:B_-_1Live_DJ_Session_(Ibiza_Special)",Format<nowiki>:</nowiki>B,17,02:48,Detlef,Kinky Tail,Detlef - Kinky Tail
"2016-06-05 - Feder, The Avener, Pan-Pot, Format:B - 1Live DJ Session (Ibiza Special)","https://www.mixesdb.com/w/2016-06-05_-_Feder,_The_Avener,_Pan-Pot,_Format:B_-_1Live_DJ_Session_(Ibiza_Special)",Format<nowiki>:</nowiki>B,18,02:51,Latmun,Quantum,Latmun - Quantum
"2016-06-05 - Feder, The Avener, Pan-Pot, Format:B - 1Live DJ Session (Ibiza Special)","https://www.mixesdb.com/w/2016-06-05_-_Feder,_The_Avener,_Pan-Pot,_Format:B_-_1Live_DJ_Session_(Ibiza_Special)",Format<nowiki>:</nowiki>B,19,02:54,Dorade,Jackmac,Dorade - Jackmac
"2016-06-05 - Feder, The Avener, Pan-Pot, Format:B - 1Live DJ Session (Ibiza Special)","https://www.mixesdb.com/w/2016-06-05_-_Feder,_The_Avener,_Pan-Pot,_Format:B_-_1Live_DJ_Session_(Ibiza_Special)",Format<nowiki>:</nowiki>B,20,02:57,Majesty,Second Win (Latmun Remix),Majesty - Second Win (Latmun Remix)
"2025-05-01 - Pan-Pot @ Human, Sommergarten, Cassiopeia, Berlin","https://www.mixesdb.com/w/2025-05-01_-_Pan-Pot_@_Human,_Sommergarten,_Cassiopeia,_Berlin",,1,000,Greg Gow,Pocket Lighter,Greg Gow - Pocket Lighter
"2025-05-01 - Pan-Pot @ Human, Sommergarten, Cassiopeia, Berlin","https://www.mixesdb.com/w/2025-05-01_-_Pan-Pot_@_Human,_Sommergarten,_Cassiopeia,_Berlin",,2,004,Len Faki,BTX1 [Ostgut],Len Faki - BTX1 [Ostgut]
"2025-05-01 - Pan-Pot @ Human, Sommergarten, Cassiopeia, Berlin","https://www.mixesdb.com/w/2025-05-01_-_Pan-Pot_@_Human,_Sommergarten,_Cassiopeia,_Berlin",,3,009,Pan-Pot & Konrad Kanton,Onno [Second State Audio],Pan-Pot & Konrad Kanton - Onno [Second State Audio]
"2025-05-01 - Pan-Pot @ Human, Sommergarten, Cassiopeia, Berlin","https://www.mixesdb.com/w/2025-05-01_-_Pan-Pot_@_Human,_Sommergarten,_Cassiopeia,_Berlin",,4,014,William Kiss,Got It,William Kiss - Got It
"2025-05-01 - Pan-Pot @ Human, Sommergarten, Cassiopeia, Berlin","https://www.mixesdb.com/w/2025-05-01_-_Pan-Pot_@_Human,_Sommergarten,_Cassiopeia,_Berlin",,5,020,Mona Chrome,Give Me One [Ratis],Mona Chrome - Give Me One [Ratis]
"2025-05-01 - Pan-Pot @ Human, Sommergarten, Cassiopeia, Berlin","https://www.mixesdb.com/w/2025-05-01_-_Pan-Pot_@_Human,_Sommergarten,_Cassiopeia,_Berlin",,6,024,Gregor Tresher,The Kraken [Break New Soil],Gregor Tresher - The Kraken [Break New Soil]
"2025-05-01 - Pan-Pot @ Human, Sommergarten, Cassiopeia, Berlin","https://www.mixesdb.com/w/2025-05-01_-_Pan-Pot_@_Human,_Sommergarten,_Cassiopeia,_Berlin",,7,029,Man With No Shadow,Fireee [Unrilis],Man With No Shadow - Fireee [Unrilis]
"2025-05-01 - Pan-Pot @ Human, Sommergarten, Cassiopeia, Berlin","https://www.mixesdb.com/w/2025-05-01_-_Pan-Pot_@_Human,_Sommergarten,_Cassiopeia,_Berlin",,8,033,Gregor Tresher,Goliath [Break New Soil],Gregor Tresher - Goliath [Break New Soil]
"2025-05-01 - Pan-Pot @ Human, Sommergarten, Cassiopeia, Berlin","https://www.mixesdb.com/w/2025-05-01_-_Pan-Pot_@_Human,_Sommergarten,_Cassiopeia,_Berlin",,9,038,Man With No Shadow,Fireee [Unrilis],Man With No Shadow - Fireee [Unrilis]
"2025-05-01 - Pan-Pot @ Human, Sommergarten, Cassiopeia, Berlin","https://www.mixesdb.com/w/2025-05-01_-_Pan-Pot_@_Human,_Sommergarten,_Cassiopeia,_Berlin",,10,0??,Gregor Tresher,Goliath [Bedrock],Gregor Tresher - Goliath [Bedrock]
"2025-05-01 - Pan-Pot @ Human, Sommergarten, Cassiopeia, Berlin","https://www.mixesdb.com/w/2025-05-01_-_Pan-Pot_@_Human,_Sommergarten,_Cassiopeia,_Berlin",,11,0??,,?,?
"2025-05-01 - Pan-Pot @ Human, Sommergarten, Cassiopeia, Berlin","https://www.mixesdb.com/w/2025-05-01_-_Pan-Pot_@_Human,_Sommergarten,_Cassiopeia,_Berlin",,12,0??,,?,?
"2025-05-01 - Pan-Pot @ Human, Sommergarten, Cassiopeia, Berlin","https://www.mixesdb.com/w/2025-05-01_-_Pan-Pot_@_Human,_Sommergarten,_Cassiopeia,_Berlin",,13,046,Pig&Dan,Plex [Drumcode],Pig&Dan - Plex [Drumcode]
"2025-05-01 - Pan-Pot @ Human, Sommergarten, Cassiopeia, Berlin","https://www.mixesdb.com/w/2025-05-01_-_Pan-Pot_@_Human,_Sommergarten,_Cassiopeia,_Berlin",,14,051,Christian Nielsen,Family [Spectrum],Christian Nielsen - Family [Spectrum]
"2025-05-01 - Pan-Pot @ Human, Sommergarten, Cassiopeia, Berlin","https://www.mixesdb.com/w/2025-05-01_-_Pan-Pot_@_Human,_Sommergarten,_Cassiopeia,_Berlin",,15,055,Slam,Wave Expansions [Soma],Slam - Wave Expansions [Soma]
"2025-05-01 - Pan-Pot @ Human, Sommergarten, Cassiopeia, Berlin","https://www.mixesdb.com/w/2025-05-01_-_Pan-Pot_@_Human,_Sommergarten,_Cassiopeia,_Berlin",,16,060,Callum Plant,Adonis Blue [AnalyticTrail],Callum Plant - Adonis Blue [AnalyticTrail]
"2025-05-01 - Pan-Pot @ Human, Sommergarten, Cassiopeia, Berlin","https://www.mixesdb.com/w/2025-05-01_-_Pan-Pot_@_Human,_Sommergarten,_Cassiopeia,_Berlin",,17,063,OFF / GRID,Protect Ya Deck [Self Reflektion],OFF / GRID - Protect Ya Deck [Self Reflektion]
"2025-05-01 - Pan-Pot @ Human, Sommergarten, Cassiopeia, Berlin","https://www.mixesdb.com/w/2025-05-01_-_Pan-Pot_@_Human,_Sommergarten,_Cassiopeia,_Berlin",,18,067,Kulage,Crypt [Tonic],Kulage - Crypt [Tonic]
"2025-05-01 - Pan-Pot @ Human, Sommergarten, Cassiopeia, Berlin","https://www.mixesdb.com/w/2025-05-01_-_Pan-Pot_@_Human,_Sommergarten,_Cassiopeia,_Berlin",,19,071,Drumsauw,Crypto [Planet Rhythm],Drumsauw - Crypto [Planet Rhythm]
"2025-05-01 - Pan-Pot @ Human, Sommergarten, Cassiopeia, Berlin","https://www.mixesdb.com/w/2025-05-01_-_Pan-Pot_@_Human,_Sommergarten,_Cassiopeia,_Berlin",,20,075,Kate Hex Feat. TiaNova,Hypnopompia [EXTIMA],Kate Hex Feat. TiaNova - Hypnopompia [EXTIMA]
"2025-05-01 - Pan-Pot @ Human, Sommergarten, Cassiopeia, Berlin","https://www.mixesdb.com/w/2025-05-01_-_Pan-Pot_@_Human,_Sommergarten,_Cassiopeia,_Berlin",,21,079,Industrialyzer,Snake Whisperer [Rekids],Industrialyzer - Snake Whisperer [Rekids]
"2025-05-01 - Pan-Pot @ Human, Sommergarten, Cassiopeia, Berlin","https://www.mixesdb.com/w/2025-05-01_-_Pan-Pot_@_Human,_Sommergarten,_Cassiopeia,_Berlin",,22,085,Jacopo Susini,Head Me [JAM],Jacopo Susini - Head Me [JAM]
"2025-05-01 - Pan-Pot @ Human, Sommergarten, Cassiopeia, Berlin","https://www.mixesdb.com/w/2025-05-01_-_Pan-Pot_@_Human,_Sommergarten,_Cassiopeia,_Berlin",,23,088,Dave Angel,Glide [Rekids],Dave Angel - Glide [Rekids]
"2025-05-01 - Pan-Pot @ Human, Sommergarten, Cassiopeia, Berlin","https://www.mixesdb.com/w/2025-05-01_-_Pan-Pot_@_Human,_Sommergarten,_Cassiopeia,_Berlin",,24,092,Mathias Kaden,Piano Bomb! [Uncage],Mathias Kaden - Piano Bomb! [Uncage]
"2025-05-01 - Pan-Pot @ Human, Sommergarten, Cassiopeia, Berlin","https://www.mixesdb.com/w/2025-05-01_-_Pan-Pot_@_Human,_Sommergarten,_Cassiopeia,_Berlin",,25,097,Bart Skils & Reinier Zonneveld,Snakecharmer,Bart Skils & Reinier Zonneveld - Snakecharmer
"2025-05-01 - Pan-Pot @ Human, Sommergarten, Cassiopeia, Berlin","https://www.mixesdb.com/w/2025-05-01_-_Pan-Pot_@_Human,_Sommergarten,_Cassiopeia,_Berlin",,26,101,HI-LO & Chocolate Puma,WTFU (Chocolate Puma House Mix) [HILOMATIK],HI-LO & Chocolate Puma - WTFU (Chocolate Puma House Mix) [HILOMATIK]
"2025-05-01 - Pan-Pot @ Human, Sommergarten, Cassiopeia, Berlin","https://www.mixesdb.com/w/2025-05-01_-_Pan-Pot_@_Human,_Sommergarten,_Cassiopeia,_Berlin",,27,104,Childov,Leave [JAM],Childov - Leave [JAM]
"2025-05-01 - Pan-Pot @ Human, Sommergarten, Cassiopeia, Berlin","https://www.mixesdb.com/w/2025-05-01_-_Pan-Pot_@_Human,_Sommergarten,_Cassiopeia,_Berlin",,28,107,Timmo,Enter The Sound (Extended Mix) [Drumcode],Timmo - Enter The Sound (Extended Mix) [Drumcode]
"2025-05-01 - Pan-Pot @ Human, Sommergarten, Cassiopeia, Berlin","https://www.mixesdb.com/w/2025-05-01_-_Pan-Pot_@_Human,_Sommergarten,_Cassiopeia,_Berlin",,29,111,,?,?
"2025-05-01 - Pan-Pot @ Human, Sommergarten, Cassiopeia, Berlin","https://www.mixesdb.com/w/2025-05-01_-_Pan-Pot_@_Human,_Sommergarten,_Cassiopeia,_Berlin",,30,1??,Marcal,Bionic Jungle [ENEMY],Marcal - Bionic Jungle [ENEMY]
"2025-05-01 - Pan-Pot @ Human, Sommergarten, Cassiopeia, Berlin","https://www.mixesdb.com/w/2025-05-01_-_Pan-Pot_@_Human,_Sommergarten,_Cassiopeia,_Berlin",,31,1??,,?,?
"2025-05-01 - Pan-Pot @ Human, Sommergarten, Cassiopeia, Berlin","https://www.mixesdb.com/w/2025-05-01_-_Pan-Pot_@_Human,_Sommergarten,_Cassiopeia,_Berlin",,32,123,Pablo Say,I Lost My Mind [Pure Black],Pablo Say - I Lost My Mind [Pure Black]
"2025-05-01 - Pan-Pot @ Human, Sommergarten, Cassiopeia, Berlin","https://www.mixesdb.com/w/2025-05-01_-_Pan-Pot_@_Human,_Sommergarten,_Cassiopeia,_Berlin",,33,128,DJ ONE FINGER,ONE FINGER [The Saifam Srl],DJ ONE FINGER - ONE FINGER [The Saifam Srl]
"2025-05-01 - Pan-Pot @ Human, Sommergarten, Cassiopeia, Berlin","https://www.mixesdb.com/w/2025-05-01_-_Pan-Pot_@_Human,_Sommergarten,_Cassiopeia,_Berlin",,34,130,Russian Roulette,I Believe (Hardspace Mix),Russian Roulette - I Believe (Hardspace Mix)
"2025-05-01 - Pan-Pot @ Human, Sommergarten, Cassiopeia, Berlin","https://www.mixesdb.com/w/2025-05-01_-_Pan-Pot_@_Human,_Sommergarten,_Cassiopeia,_Berlin",,35,136,Slam,Beat Control [RSPX],Slam - Beat Control [RSPX]
"2025-05-01 - Pan-Pot @ Human, Sommergarten, Cassiopeia, Berlin","https://www.mixesdb.com/w/2025-05-01_-_Pan-Pot_@_Human,_Sommergarten,_Cassiopeia,_Berlin",,36,139,,?,?
"2025-05-01 - Pan-Pot @ Human, Sommergarten, Cassiopeia, Berlin","https://www.mixesdb.com/w/2025-05-01_-_Pan-Pot_@_Human,_Sommergarten,_Cassiopeia,_Berlin",,37,1??,Len Faki & Johannes Heil,Karter Bachnabel [Figure],Len Faki & Johannes Heil - Karter Bachnabel [Figure]
"2025-05-01 - Pan-Pot @ Human, Sommergarten, Cassiopeia, Berlin","https://www.mixesdb.com/w/2025-05-01_-_Pan-Pot_@_Human,_Sommergarten,_Cassiopeia,_Berlin",,38,148,KiNK & Raredub,Time To Change [Mutual Rytm],KiNK & Raredub - Time To Change [Mutual Rytm]
"2025-05-01 - Pan-Pot @ Human, Sommergarten, Cassiopeia, Berlin","https://www.mixesdb.com/w/2025-05-01_-_Pan-Pot_@_Human,_Sommergarten,_Cassiopeia,_Berlin",,39,151,Planetary Assault Systems,In From The Night (Adam Beyer & Wehbba Rework) [Mote-Evolver],Planetary Assault Systems - In From The Night (Adam Beyer & Wehbba Rework) [Mote-Evolver]
"2025-05-01 - Pan-Pot @ Human, Sommergarten, Cassiopeia, Berlin","https://www.mixesdb.com/w/2025-05-01_-_Pan-Pot_@_Human,_Sommergarten,_Cassiopeia,_Berlin",,40,1??,,?,?
"2025-05-01 - Pan-Pot @ Human, Sommergarten, Cassiopeia, Berlin","https://www.mixesdb.com/w/2025-05-01_-_Pan-Pot_@_Human,_Sommergarten,_Cassiopeia,_Berlin",,41,163,Hertz,Scatter [Tronic],Hertz - Scatter [Tronic]
"2025-05-01 - Pan-Pot @ Human, Sommergarten, Cassiopeia, Berlin","https://www.mixesdb.com/w/2025-05-01_-_Pan-Pot_@_Human,_Sommergarten,_Cassiopeia,_Berlin",,42,167,Konstantin Sibold,The Arrival [Drumcode],Konstantin Sibold - The Arrival [Drumcode]
"2025-05-01 - Pan-Pot @ Human, Sommergarten, Cassiopeia, Berlin","https://www.mixesdb.com/w/2025-05-01_-_Pan-Pot_@_Human,_Sommergarten,_Cassiopeia,_Berlin",,43,171,Benjamin Di Bora,Attracted To Me [Kraftek],Benjamin Di Bora - Attracted To Me [Kraftek]
"2025-05-01 - Pan-Pot @ Human, Sommergarten, Cassiopeia, Berlin","https://www.mixesdb.com/w/2025-05-01_-_Pan-Pot_@_Human,_Sommergarten,_Cassiopeia,_Berlin",,44,176,Grooveyard,Mary Go Wild! (Franky Rizardo Remix) [Spinnin'],Grooveyard - Mary Go Wild! (Franky Rizardo Remix) [Spinnin']
"2025-05-01 - Pan-Pot @ Human, Sommergarten, Cassiopeia, Berlin","https://www.mixesdb.com/w/2025-05-01_-_Pan-Pot_@_Human,_Sommergarten,_Cassiopeia,_Berlin",,45,180,Pablo Say,Outta Space [Arcane],Pablo Say - Outta Space [Arcane]
"2025-05-01 - Pan-Pot @ Human, Sommergarten, Cassiopeia, Berlin","https://www.mixesdb.com/w/2025-05-01_-_Pan-Pot_@_Human,_Sommergarten,_Cassiopeia,_Berlin",,46,184,Gregor Tresher & Josh Wink,Distant Observer [PIAS électronique],Gregor Tresher & Josh Wink - Distant Observer [PIAS électronique]
"2025-05-01 - Pan-Pot @ Human, Sommergarten, Cassiopeia, Berlin","https://www.mixesdb.com/w/2025-05-01_-_Pan-Pot_@_Human,_Sommergarten,_Cassiopeia,_Berlin",,47,188,Drunken Kong,Give It To Me [Arcane],Drunken Kong - Give It To Me [Arcane]
"2025-05-01 - Pan-Pot @ Human, Sommergarten, Cassiopeia, Berlin","https://www.mixesdb.com/w/2025-05-01_-_Pan-Pot_@_Human,_Sommergarten,_Cassiopeia,_Berlin",,48,191,Jancen,Vertex [Drawner],Jancen - Vertex [Drawner]
"2025-05-01 - Pan-Pot @ Human, Sommergarten, Cassiopeia, Berlin","https://www.mixesdb.com/w/2025-05-01_-_Pan-Pot_@_Human,_Sommergarten,_Cassiopeia,_Berlin",,49,197,Portex,Feel The Adrenaline [OFF],Portex - Feel The Adrenaline [OFF]
"2025-05-01 - Pan-Pot @ Human, Sommergarten, Cassiopeia, Berlin","https://www.mixesdb.com/w/2025-05-01_-_Pan-Pot_@_Human,_Sommergarten,_Cassiopeia,_Berlin",,50,202,Mik&Ale,Reborn [JAM],Mik&Ale - Reborn [JAM]
"2025-05-01 - Pan-Pot @ Human, Sommergarten, Cassiopeia, Berlin","https://www.mixesdb.com/w/2025-05-01_-_Pan-Pot_@_Human,_Sommergarten,_Cassiopeia,_Berlin",,51,205,,?,?
"2025-05-01 - Pan-Pot @ Human, Sommergarten, Cassiopeia, Berlin","https://www.mixesdb.com/w/2025-05-01_-_Pan-Pot_@_Human,_Sommergarten,_Cassiopeia,_Berlin",,52,209,Envoy,Dark Manoeuvres (Slam Remix) [Soma],Envoy - Dark Manoeuvres (Slam Remix) [Soma]
"2025-05-01 - Pan-Pot @ Human, Sommergarten, Cassiopeia, Berlin","https://www.mixesdb.com/w/2025-05-01_-_Pan-Pot_@_Human,_Sommergarten,_Cassiopeia,_Berlin",,53,214,LUSU,RISE [HILOMATIK],LUSU - RISE [HILOMATIK]
"2025-05-01 - Pan-Pot @ Human, Sommergarten, Cassiopeia, Berlin","https://www.mixesdb.com/w/2025-05-01_-_Pan-Pot_@_Human,_Sommergarten,_Cassiopeia,_Berlin",,54,217,Drunken Kong,Take The Bass [Tronic],Drunken Kong - Take The Bass [Tronic]
"2025-05-01 - Pan-Pot @ Human, Sommergarten, Cassiopeia, Berlin","https://www.mixesdb.com/w/2025-05-01_-_Pan-Pot_@_Human,_Sommergarten,_Cassiopeia,_Berlin",,55,2??,,?,?
"2025-05-01 - Pan-Pot @ Human, Sommergarten, Cassiopeia, Berlin","https://www.mixesdb.com/w/2025-05-01_-_Pan-Pot_@_Human,_Sommergarten,_Cassiopeia,_Berlin",,56,226,DJ Hyperactive,Wide Open (Len Faki DjEdit) [Figure],DJ Hyperactive - Wide Open (Len Faki DjEdit) [Figure]
"2025-05-01 - Pan-Pot @ Human, Sommergarten, Cassiopeia, Berlin","https://www.mixesdb.com/w/2025-05-01_-_Pan-Pot_@_Human,_Sommergarten,_Cassiopeia,_Berlin",,57,232,Kaiserdisco,Escape (Extended Mix) [Drumcode],Kaiserdisco - Escape (Extended Mix) [Drumcode]
"2025-05-01 - Pan-Pot @ Human, Sommergarten, Cassiopeia, Berlin","https://www.mixesdb.com/w/2025-05-01_-_Pan-Pot_@_Human,_Sommergarten,_Cassiopeia,_Berlin",,58,237,Johannes Heil,Paranoid Dancer (DJ Hell Remix) [Kanzleramt],Johannes Heil - Paranoid Dancer (DJ Hell Remix) [Kanzleramt]
"2025-05-01 - Pan-Pot @ Human, Sommergarten, Cassiopeia, Berlin","https://www.mixesdb.com/w/2025-05-01_-_Pan-Pot_@_Human,_Sommergarten,_Cassiopeia,_Berlin",,59,241,Pablo Say,Anomaly [Codex],Pablo Say - Anomaly [Codex]
"2025-05-01 - Pan-Pot @ Human, Sommergarten, Cassiopeia, Berlin","https://www.mixesdb.com/w/2025-05-01_-_Pan-Pot_@_Human,_Sommergarten,_Cassiopeia,_Berlin",,60,245,Pig&Dan,For The Music (Edit) [Elevate],Pig&Dan - For The Music (Edit) [Elevate]
"2025-05-01 - Pan-Pot @ Human, Sommergarten, Cassiopeia, Berlin","https://www.mixesdb.com/w/2025-05-01_-_Pan-Pot_@_Human,_Sommergarten,_Cassiopeia,_Berlin",,61,249,Drumsauw,All Day [JAM],Drumsauw - All Day [JAM]
"2025-05-01 - Pan-Pot @ Human, Sommergarten, Cassiopeia, Berlin","https://www.mixesdb.com/w/2025-05-01_-_Pan-Pot_@_Human,_Sommergarten,_Cassiopeia,_Berlin",,62,254,Ray Kajioka,One After The Other [Kanzleramt],Ray Kajioka - One After The Other [Kanzleramt]
"2025-05-01 - Pan-Pot @ Human, Sommergarten, Cassiopeia, Berlin","https://www.mixesdb.com/w/2025-05-01_-_Pan-Pot_@_Human,_Sommergarten,_Cassiopeia,_Berlin",,63,258,,?,?
"2025-05-01 - Pan-Pot @ Human, Sommergarten, Cassiopeia, Berlin","https://www.mixesdb.com/w/2025-05-01_-_Pan-Pot_@_Human,_Sommergarten,_Cassiopeia,_Berlin",,64,263,Planetary Assault Systems,Devotion (Truncate Remix) [Token],Planetary Assault Systems - Devotion (Truncate Remix) [Token]
"2025-05-01 - Pan-Pot @ Human, Sommergarten, Cassiopeia, Berlin","https://www.mixesdb.com/w/2025-05-01_-_Pan-Pot_@_Human,_Sommergarten,_Cassiopeia,_Berlin",,65,266,Depeche Mode,Enjoy The Silence (Reprise),Depeche Mode - Enjoy The Silence (Reprise)
"2025-05-01 - Pan-Pot @ Human, Sommergarten, Cassiopeia, Berlin","https://www.mixesdb.com/w/2025-05-01_-_Pan-Pot_@_Human,_Sommergarten,_Cassiopeia,_Berlin",,66,270,Charlotte de Witte,The Realm [KNTXT],Charlotte de Witte - The Realm [KNTXT]
"2025-05-01 - Pan-Pot @ Human, Sommergarten, Cassiopeia, Berlin","https://www.mixesdb.com/w/2025-05-01_-_Pan-Pot_@_Human,_Sommergarten,_Cassiopeia,_Berlin",,67,275,Simone Zino,Hypnosis [Mantra IT],Simone Zino - Hypnosis [Mantra IT]
"2025-05-01 - Pan-Pot @ Human, Sommergarten, Cassiopeia, Berlin","https://www.mixesdb.com/w/2025-05-01_-_Pan-Pot_@_Human,_Sommergarten,_Cassiopeia,_Berlin",,68,279,Ignez & Rødhåd,VERMILLION 03 [220208:2],Ignez & Rødhåd - VERMILLION 03 [220208:2]
"2025-05-01 - Pan-Pot @ Human, Sommergarten, Cassiopeia, Berlin","https://www.mixesdb.com/w/2025-05-01_-_Pan-Pot_@_Human,_Sommergarten,_Cassiopeia,_Berlin",,69,283,Deas,Geeks On Hubbard [ARTS],Deas - Geeks On Hubbard [ARTS]
"2025-05-01 - Pan-Pot @ Human, Sommergarten, Cassiopeia, Berlin","https://www.mixesdb.com/w/2025-05-01_-_Pan-Pot_@_Human,_Sommergarten,_Cassiopeia,_Berlin",,70,287,Risa Taniguchi,Wakes From Coma [CLR],Risa Taniguchi - Wakes From Coma [CLR]
"2025-05-01 - Pan-Pot @ Human, Sommergarten, Cassiopeia, Berlin","https://www.mixesdb.com/w/2025-05-01_-_Pan-Pot_@_Human,_Sommergarten,_Cassiopeia,_Berlin",,71,290,,?,?
"2025-05-01 - Pan-Pot @ Human, Sommergarten, Cassiopeia, Berlin","https://www.mixesdb.com/w/2025-05-01_-_Pan-Pot_@_Human,_Sommergarten,_Cassiopeia,_Berlin",,72,293,Sam Paganini,Walk On [JAM],Sam Paganini - Walk On [JAM]
"2025-05-01 - Pan-Pot @ Human, Sommergarten, Cassiopeia, Berlin","https://www.mixesdb.com/w/2025-05-01_-_Pan-Pot_@_Human,_Sommergarten,_Cassiopeia,_Berlin",,73,296,Diego Amura,Euphasia [Etruria Beat],Diego Amura - Euphasia [Etruria Beat]
"2025-05-01 - Pan-Pot @ Human, Sommergarten, Cassiopeia, Berlin","https://www.mixesdb.com/w/2025-05-01_-_Pan-Pot_@_Human,_Sommergarten,_Cassiopeia,_Berlin",,74,299,,?,?
"2025-05-01 - Pan-Pot @ Human, Sommergarten, Cassiopeia, Berlin","https://www.mixesdb.com/w/2025-05-01_-_Pan-Pot_@_Human,_Sommergarten,_Cassiopeia,_Berlin",,75,303,Emmanuel Top,Turkish Bazar (Chris Liebing Remake) [CLR],Emmanuel Top - Turkish Bazar (Chris Liebing Remake) [CLR]
"2025-05-01 - Pan-Pot @ Human, Sommergarten, Cassiopeia, Berlin","https://www.mixesdb.com/w/2025-05-01_-_Pan-Pot_@_Human,_Sommergarten,_Cassiopeia,_Berlin",,76,309,,?,?
"2025-05-01 - Pan-Pot @ Human, Sommergarten, Cassiopeia, Berlin","https://www.mixesdb.com/w/2025-05-01_-_Pan-Pot_@_Human,_Sommergarten,_Cassiopeia,_Berlin",,77,314,MUUI,Muui (Buett (Ray Kajioka Remix) [Paranoid Dancer],MUUI - Muui (Buett (Ray Kajioka Remix) [Paranoid Dancer]
"2025-05-01 - Pan-Pot @ Human, Sommergarten, Cassiopeia, Berlin","https://www.mixesdb.com/w/2025-05-01_-_Pan-Pot_@_Human,_Sommergarten,_Cassiopeia,_Berlin",,78,318,Jancen,Annealing [Rhythm Werk],Jancen - Annealing [Rhythm Werk]
"2025-05-01 - Pan-Pot @ Human, Sommergarten, Cassiopeia, Berlin","https://www.mixesdb.com/w/2025-05-01_-_Pan-Pot_@_Human,_Sommergarten,_Cassiopeia,_Berlin",,79,323,Klaudia Gawlas,Canvas (Clubmix),Klaudia Gawlas - Canvas (Clubmix)
"2025-05-01 - Pan-Pot @ Human, Sommergarten, Cassiopeia, Berlin","https://www.mixesdb.com/w/2025-05-01_-_Pan-Pot_@_Human,_Sommergarten,_Cassiopeia,_Berlin",,80,328,Josh Wink,Higher State Of Consciousness (Adana Twins Remix Two),Josh Wink - Higher State Of Consciousness (Adana Twins Remix Two)
"2025-05-01 - Pan-Pot @ Human, Sommergarten, Cassiopeia, Berlin","https://www.mixesdb.com/w/2025-05-01_-_Pan-Pot_@_Human,_Sommergarten,_Cassiopeia,_Berlin",,81,332,Marc Romboy & Blake Baxter,Muzik (KiNK Remix),Marc Romboy & Blake Baxter - Muzik (KiNK Remix)
"2025-05-01 - Pan-Pot @ Human, Sommergarten, Cassiopeia, Berlin","https://www.mixesdb.com/w/2025-05-01_-_Pan-Pot_@_Human,_Sommergarten,_Cassiopeia,_Berlin",,82,336,Ronnie Spiteri,It's Gonna Be [Bitonal],Ronnie Spiteri - It's Gonna Be [Bitonal]
"2025-05-01 - Pan-Pot @ Human, Sommergarten, Cassiopeia, Berlin","https://www.mixesdb.com/w/2025-05-01_-_Pan-Pot_@_Human,_Sommergarten,_Cassiopeia,_Berlin",,83,341,Stephan Bodzin & Marc Romboy,The Alchemist (Marc Romboy Remix) [Systematic],Stephan Bodzin & Marc Romboy - The Alchemist (Marc Romboy Remix) [Systematic]
"2025-05-01 - Pan-Pot @ Human, Sommergarten, Cassiopeia, Berlin","https://www.mixesdb.com/w/2025-05-01_-_Pan-Pot_@_Human,_Sommergarten,_Cassiopeia,_Berlin",,84,346,Marc Romboy,The Overture,Marc Romboy - The Overture
"2025-05-01 - Pan-Pot @ Human, Sommergarten, Cassiopeia, Berlin","https://www.mixesdb.com/w/2025-05-01_-_Pan-Pot_@_Human,_Sommergarten,_Cassiopeia,_Berlin",,85,352,Marco Faraone,Enigma [DCLTD],Marco Faraone - Enigma [DCLTD]
"2025-05-01 - Pan-Pot @ Human, Sommergarten, Cassiopeia, Berlin","https://www.mixesdb.com/w/2025-05-01_-_Pan-Pot_@_Human,_Sommergarten,_Cassiopeia,_Berlin",,86,357,ABBA,Gimme! Gimme! Gimme! (A Man After Midnight) [Polydor],ABBA - Gimme! Gimme! Gimme! (A Man After Midnight) [Polydor]
"2021-10-17 - Pan-Pot @ 10HRS x Loveland, Warehouse Houthavens, Amsterdam, ADE (Loveland Legacy, LL185)","https://www.mixesdb.com/w/2021-10-17_-_Pan-Pot_@_10HRS_x_Loveland,_Warehouse_Houthavens,_Amsterdam,_ADE_(Loveland_Legacy,_LL185)",Version 1,1,,Jerome Sydenham & Fatima Njai,The Fresh End [Kraftmatic],Jerome Sydenham & Fatima Njai - The Fresh End [Kraftmatic]
"2021-10-17 - Pan-Pot @ 10HRS x Loveland, Warehouse Houthavens, Amsterdam, ADE (Loveland Legacy, LL185)","https://www.mixesdb.com/w/2021-10-17_-_Pan-Pot_@_10HRS_x_Loveland,_Warehouse_Houthavens,_Amsterdam,_ADE_(Loveland_Legacy,_LL185)",Version 1,2,,Mihai Popoviciu,Tomorrow [Cyclic],Mihai Popoviciu - Tomorrow [Cyclic]
"2021-10-17 - Pan-Pot @ 10HRS x Loveland, Warehouse Houthavens, Amsterdam, ADE (Loveland Legacy, LL185)","https://www.mixesdb.com/w/2021-10-17_-_Pan-Pot_@_10HRS_x_Loveland,_Warehouse_Houthavens,_Amsterdam,_ADE_(Loveland_Legacy,_LL185)",Version 1,3,,Ramon Bedoya,Alma Negra [Avenue],Ramon Bedoya - Alma Negra [Avenue]
"2021-10-17 - Pan-Pot @ 10HRS x Loveland, Warehouse Houthavens, Amsterdam, ADE (Loveland Legacy, LL185)","https://www.mixesdb.com/w/2021-10-17_-_Pan-Pot_@_10HRS_x_Loveland,_Warehouse_Houthavens,_Amsterdam,_ADE_(Loveland_Legacy,_LL185)",Version 1,4,,Stefan Weise,Paradrum (Branch) [Métier],Stefan Weise - Paradrum (Branch) [Métier]
"2021-10-17 - Pan-Pot @ 10HRS x Loveland, Warehouse Houthavens, Amsterdam, ADE (Loveland Legacy, LL185)","https://www.mixesdb.com/w/2021-10-17_-_Pan-Pot_@_10HRS_x_Loveland,_Warehouse_Houthavens,_Amsterdam,_ADE_(Loveland_Legacy,_LL185)",Version 1,5,,Youandewan,Pinger [Eclipser Chaser],Youandewan - Pinger [Eclipser Chaser]
"2021-10-17 - Pan-Pot @ 10HRS x Loveland, Warehouse Houthavens, Amsterdam, ADE (Loveland Legacy, LL185)","https://www.mixesdb.com/w/2021-10-17_-_Pan-Pot_@_10HRS_x_Loveland,_Warehouse_Houthavens,_Amsterdam,_ADE_(Loveland_Legacy,_LL185)",Version 1,6,,Audiojack,Missing [Gruuv],Audiojack - Missing [Gruuv]
"2021-10-17 - Pan-Pot @ 10HRS x Loveland, Warehouse Houthavens, Amsterdam, ADE (Loveland Legacy, LL185)","https://www.mixesdb.com/w/2021-10-17_-_Pan-Pot_@_10HRS_x_Loveland,_Warehouse_Houthavens,_Amsterdam,_ADE_(Loveland_Legacy,_LL185)",Version 1,7,,,?,?
"2021-10-17 - Pan-Pot @ 10HRS x Loveland, Warehouse Houthavens, Amsterdam, ADE (Loveland Legacy, LL185)","https://www.mixesdb.com/w/2021-10-17_-_Pan-Pot_@_10HRS_x_Loveland,_Warehouse_Houthavens,_Amsterdam,_ADE_(Loveland_Legacy,_LL185)",Version 1,8,,Luke Solomon,Stop The Riot (PBR Streetgang Remix) [Classic],Luke Solomon - Stop The Riot (PBR Streetgang Remix) [Classic]
"2021-10-17 - Pan-Pot @ 10HRS x Loveland, Warehouse Houthavens, Amsterdam, ADE (Loveland Legacy, LL185)","https://www.mixesdb.com/w/2021-10-17_-_Pan-Pot_@_10HRS_x_Loveland,_Warehouse_Houthavens,_Amsterdam,_ADE_(Loveland_Legacy,_LL185)",Version 1,9,,Ron Costa,Parega,Ron Costa - Parega
"2021-10-17 - Pan-Pot @ 10HRS x Loveland, Warehouse Houthavens, Amsterdam, ADE (Loveland Legacy, LL185)","https://www.mixesdb.com/w/2021-10-17_-_Pan-Pot_@_10HRS_x_Loveland,_Warehouse_Houthavens,_Amsterdam,_ADE_(Loveland_Legacy,_LL185)",Version 1,10,,Heartthrob,Stop Lorraine (No One's Gunna Stop Mix) [Play It Say It],Heartthrob - Stop Lorraine (No One's Gunna Stop Mix) [Play It Say It]
"2021-10-17 - Pan-Pot @ 10HRS x Loveland, Warehouse Houthavens, Amsterdam, ADE (Loveland Legacy, LL185)","https://www.mixesdb.com/w/2021-10-17_-_Pan-Pot_@_10HRS_x_Loveland,_Warehouse_Houthavens,_Amsterdam,_ADE_(Loveland_Legacy,_LL185)",Version 1,11,,DJ Assassin,A Face In The Crowd (Chris Simmonds Remix) [Global Underground],DJ Assassin - A Face In The Crowd (Chris Simmonds Remix) [Global Underground]
"2021-10-17 - Pan-Pot @ 10HRS x Loveland, Warehouse Houthavens, Amsterdam, ADE (Loveland Legacy, LL185)","https://www.mixesdb.com/w/2021-10-17_-_Pan-Pot_@_10HRS_x_Loveland,_Warehouse_Houthavens,_Amsterdam,_ADE_(Loveland_Legacy,_LL185)",Version 1,12,,Alex Virgo & Benjamin Groove,Night Train [Pomme Frite],Alex Virgo & Benjamin Groove - Night Train [Pomme Frite]
"2021-10-17 - Pan-Pot @ 10HRS x Loveland, Warehouse Houthavens, Amsterdam, ADE (Loveland Legacy, LL185)","https://www.mixesdb.com/w/2021-10-17_-_Pan-Pot_@_10HRS_x_Loveland,_Warehouse_Houthavens,_Amsterdam,_ADE_(Loveland_Legacy,_LL185)",Version 1,13,,Enzo Siragusa,Flexin [Fuse London],Enzo Siragusa - Flexin [Fuse London]
"2021-10-17 - Pan-Pot @ 10HRS x Loveland, Warehouse Houthavens, Amsterdam, ADE (Loveland Legacy, LL185)","https://www.mixesdb.com/w/2021-10-17_-_Pan-Pot_@_10HRS_x_Loveland,_Warehouse_Houthavens,_Amsterdam,_ADE_(Loveland_Legacy,_LL185)",Version 1,14,,Matrefakt,Reasons [Abandon Silence],Matrefakt - Reasons [Abandon Silence]
"2021-10-17 - Pan-Pot @ 10HRS x Loveland, Warehouse Houthavens, Amsterdam, ADE (Loveland Legacy, LL185)","https://www.mixesdb.com/w/2021-10-17_-_Pan-Pot_@_10HRS_x_Loveland,_Warehouse_Houthavens,_Amsterdam,_ADE_(Loveland_Legacy,_LL185)",Version 1,15,,Cinthie,Infinity [803 Crystal Grooves],Cinthie - Infinity [803 Crystal Grooves]
"2021-10-17 - Pan-Pot @ 10HRS x Loveland, Warehouse Houthavens, Amsterdam, ADE (Loveland Legacy, LL185)","https://www.mixesdb.com/w/2021-10-17_-_Pan-Pot_@_10HRS_x_Loveland,_Warehouse_Houthavens,_Amsterdam,_ADE_(Loveland_Legacy,_LL185)",Version 1,16,,Shinedoe,System,Shinedoe - System
"2021-10-17 - Pan-Pot @ 10HRS x Loveland, Warehouse Houthavens, Amsterdam, ADE (Loveland Legacy, LL185)","https://www.mixesdb.com/w/2021-10-17_-_Pan-Pot_@_10HRS_x_Loveland,_Warehouse_Houthavens,_Amsterdam,_ADE_(Loveland_Legacy,_LL185)",Version 1,17,,Green Velvet,La La Land (Matt Sassari Remix) [Credence],Green Velvet - La La Land (Matt Sassari Remix) [Credence]
"2021-10-17 - Pan-Pot @ 10HRS x Loveland, Warehouse Houthavens, Amsterdam, ADE (Loveland Legacy, LL185)","https://www.mixesdb.com/w/2021-10-17_-_Pan-Pot_@_10HRS_x_Loveland,_Warehouse_Houthavens,_Amsterdam,_ADE_(Loveland_Legacy,_LL185)",Version 1,18,,Gary Beck,Morticians Rave [Bek],Gary Beck - Morticians Rave [Bek]
"2021-10-17 - Pan-Pot @ 10HRS x Loveland, Warehouse Houthavens, Amsterdam, ADE (Loveland Legacy, LL185)","https://www.mixesdb.com/w/2021-10-17_-_Pan-Pot_@_10HRS_x_Loveland,_Warehouse_Houthavens,_Amsterdam,_ADE_(Loveland_Legacy,_LL185)",Version 1,19,,Mark Broom,Heart [Rekids],Mark Broom - Heart [Rekids]
"2021-10-17 - Pan-Pot @ 10HRS x Loveland, Warehouse Houthavens, Amsterdam, ADE (Loveland Legacy, LL185)","https://www.mixesdb.com/w/2021-10-17_-_Pan-Pot_@_10HRS_x_Loveland,_Warehouse_Houthavens,_Amsterdam,_ADE_(Loveland_Legacy,_LL185)",Version 1,20,,Carlo Lio,Still High [Rawthentic],Carlo Lio - Still High [Rawthentic]
"2021-10-17 - Pan-Pot @ 10HRS x Loveland, Warehouse Houthavens, Amsterdam, ADE (Loveland Legacy, LL185)","https://www.mixesdb.com/w/2021-10-17_-_Pan-Pot_@_10HRS_x_Loveland,_Warehouse_Houthavens,_Amsterdam,_ADE_(Loveland_Legacy,_LL185)",Version 1,21,,Robert Hood,Fear Not [Rekids],Robert Hood - Fear Not [Rekids]
"2021-10-17 - Pan-Pot @ 10HRS x Loveland, Warehouse Houthavens, Amsterdam, ADE (Loveland Legacy, LL185)","https://www.mixesdb.com/w/2021-10-17_-_Pan-Pot_@_10HRS_x_Loveland,_Warehouse_Houthavens,_Amsterdam,_ADE_(Loveland_Legacy,_LL185)",Version 1,22,,Truncate,Our Bodies [Ei8ht],Truncate - Our Bodies [Ei8ht]
"2021-10-17 - Pan-Pot @ 10HRS x Loveland, Warehouse Houthavens, Amsterdam, ADE (Loveland Legacy, LL185)","https://www.mixesdb.com/w/2021-10-17_-_Pan-Pot_@_10HRS_x_Loveland,_Warehouse_Houthavens,_Amsterdam,_ADE_(Loveland_Legacy,_LL185)",Version 1,23,,Cari Lekebusch,Vogelscheuche [Apriori],Cari Lekebusch - Vogelscheuche [Apriori]
"2021-10-17 - Pan-Pot @ 10HRS x Loveland, Warehouse Houthavens, Amsterdam, ADE (Loveland Legacy, LL185)","https://www.mixesdb.com/w/2021-10-17_-_Pan-Pot_@_10HRS_x_Loveland,_Warehouse_Houthavens,_Amsterdam,_ADE_(Loveland_Legacy,_LL185)",Version 1,24,,,?,?
"2021-10-17 - Pan-Pot @ 10HRS x Loveland, Warehouse Houthavens, Amsterdam, ADE (Loveland Legacy, LL185)","https://www.mixesdb.com/w/2021-10-17_-_Pan-Pot_@_10HRS_x_Loveland,_Warehouse_Houthavens,_Amsterdam,_ADE_(Loveland_Legacy,_LL185)",Version 1,25,,Skream,Dunnn [Rukus],Skream - Dunnn [Rukus]
"2021-10-17 - Pan-Pot @ 10HRS x Loveland, Warehouse Houthavens, Amsterdam, ADE (Loveland Legacy, LL185)","https://www.mixesdb.com/w/2021-10-17_-_Pan-Pot_@_10HRS_x_Loveland,_Warehouse_Houthavens,_Amsterdam,_ADE_(Loveland_Legacy,_LL185)",Version 1,26,,Shannon,Let The Music Play (Alan Fitzpatrick 6AM Terrace Mix) [Atlantic (Warner Music)],Shannon - Let The Music Play (Alan Fitzpatrick 6AM Terrace Mix) [Atlantic (Warner Music)]
"2021-10-17 - Pan-Pot @ 10HRS x Loveland, Warehouse Houthavens, Amsterdam, ADE (Loveland Legacy, LL185)","https://www.mixesdb.com/w/2021-10-17_-_Pan-Pot_@_10HRS_x_Loveland,_Warehouse_Houthavens,_Amsterdam,_ADE_(Loveland_Legacy,_LL185)",Version 1,27,,,?,?
"2021-10-17 - Pan-Pot @ 10HRS x Loveland, Warehouse Houthavens, Amsterdam, ADE (Loveland Legacy, LL185)","https://www.mixesdb.com/w/2021-10-17_-_Pan-Pot_@_10HRS_x_Loveland,_Warehouse_Houthavens,_Amsterdam,_ADE_(Loveland_Legacy,_LL185)",Version 1,28,,Carlo Lio,Trippy Bizz [Ei8ht],Carlo Lio - Trippy Bizz [Ei8ht]
"2021-10-17 - Pan-Pot @ 10HRS x Loveland, Warehouse Houthavens, Amsterdam, ADE (Loveland Legacy, LL185)","https://www.mixesdb.com/w/2021-10-17_-_Pan-Pot_@_10HRS_x_Loveland,_Warehouse_Houthavens,_Amsterdam,_ADE_(Loveland_Legacy,_LL185)",Version 1,29,,Tiger Stripes,Body Trip [Truesoul],Tiger Stripes - Body Trip [Truesoul]
"2021-10-17 - Pan-Pot @ 10HRS x Loveland, Warehouse Houthavens, Amsterdam, ADE (Loveland Legacy, LL185)","https://www.mixesdb.com/w/2021-10-17_-_Pan-Pot_@_10HRS_x_Loveland,_Warehouse_Houthavens,_Amsterdam,_ADE_(Loveland_Legacy,_LL185)",Version 1,30,,,?,?
"2021-10-17 - Pan-Pot @ 10HRS x Loveland, Warehouse Houthavens, Amsterdam, ADE (Loveland Legacy, LL185)","https://www.mixesdb.com/w/2021-10-17_-_Pan-Pot_@_10HRS_x_Loveland,_Warehouse_Houthavens,_Amsterdam,_ADE_(Loveland_Legacy,_LL185)",Version 1,31,,Rene Wise,Pleasure Note [Sk_Eleven],Rene Wise - Pleasure Note [Sk_Eleven]
"2021-10-17 - Pan-Pot @ 10HRS x Loveland, Warehouse Houthavens, Amsterdam, ADE (Loveland Legacy, LL185)","https://www.mixesdb.com/w/2021-10-17_-_Pan-Pot_@_10HRS_x_Loveland,_Warehouse_Houthavens,_Amsterdam,_ADE_(Loveland_Legacy,_LL185)",Version 1,32,,Extrawelt,Jetzt Neu: Alles Wie Früher [Break New Soil],Extrawelt - Jetzt Neu: Alles Wie Früher [Break New Soil]
"2021-10-17 - Pan-Pot @ 10HRS x Loveland, Warehouse Houthavens, Amsterdam, ADE (Loveland Legacy, LL185)","https://www.mixesdb.com/w/2021-10-17_-_Pan-Pot_@_10HRS_x_Loveland,_Warehouse_Houthavens,_Amsterdam,_ADE_(Loveland_Legacy,_LL185)",Version 1,33,,Marcal,Angry Teleprinter [Rekids],Marcal - Angry Teleprinter [Rekids]
"2021-10-17 - Pan-Pot @ 10HRS x Loveland, Warehouse Houthavens, Amsterdam, ADE (Loveland Legacy, LL185)","https://www.mixesdb.com/w/2021-10-17_-_Pan-Pot_@_10HRS_x_Loveland,_Warehouse_Houthavens,_Amsterdam,_ADE_(Loveland_Legacy,_LL185)",Version 1,34,,Kenny Dope,Jam The Mace [Essential Media],Kenny Dope - Jam The Mace [Essential Media]
"2021-10-17 - Pan-Pot @ 10HRS x Loveland, Warehouse Houthavens, Amsterdam, ADE (Loveland Legacy, LL185)","https://www.mixesdb.com/w/2021-10-17_-_Pan-Pot_@_10HRS_x_Loveland,_Warehouse_Houthavens,_Amsterdam,_ADE_(Loveland_Legacy,_LL185)",Version 1,35,,Christian Smith,The Future Is Ours [Tronic],Christian Smith - The Future Is Ours [Tronic]
"2021-10-17 - Pan-Pot @ 10HRS x Loveland, Warehouse Houthavens, Amsterdam, ADE (Loveland Legacy, LL185)","https://www.mixesdb.com/w/2021-10-17_-_Pan-Pot_@_10HRS_x_Loveland,_Warehouse_Houthavens,_Amsterdam,_ADE_(Loveland_Legacy,_LL185)",Version 1,36,,DEAS,Confusion [Planet Rhythm],DEAS - Confusion [Planet Rhythm]
"2021-10-17 - Pan-Pot @ 10HRS x Loveland, Warehouse Houthavens, Amsterdam, ADE (Loveland Legacy, LL185)","https://www.mixesdb.com/w/2021-10-17_-_Pan-Pot_@_10HRS_x_Loveland,_Warehouse_Houthavens,_Amsterdam,_ADE_(Loveland_Legacy,_LL185)",Version 1,37,,Secret Cinema,Zürich [Second State],Secret Cinema - Zürich [Second State]
"2021-10-17 - Pan-Pot @ 10HRS x Loveland, Warehouse Houthavens, Amsterdam, ADE (Loveland Legacy, LL185)","https://www.mixesdb.com/w/2021-10-17_-_Pan-Pot_@_10HRS_x_Loveland,_Warehouse_Houthavens,_Amsterdam,_ADE_(Loveland_Legacy,_LL185)",Version 1,38,,DJ Dextro,Time Travel [Onh.Cet (Naked Lunch)],DJ Dextro - Time Travel [Onh.Cet (Naked Lunch)]
"2021-10-17 - Pan-Pot @ 10HRS x Loveland, Warehouse Houthavens, Amsterdam, ADE (Loveland Legacy, LL185)","https://www.mixesdb.com/w/2021-10-17_-_Pan-Pot_@_10HRS_x_Loveland,_Warehouse_Houthavens,_Amsterdam,_ADE_(Loveland_Legacy,_LL185)",Version 1,39,,Flug & Sebastian Lopez,The Piano [Uncage],Flug & Sebastian Lopez - The Piano [Uncage]
"2021-10-17 - Pan-Pot @ 10HRS x Loveland, Warehouse Houthavens, Amsterdam, ADE (Loveland Legacy, LL185)","https://www.mixesdb.com/w/2021-10-17_-_Pan-Pot_@_10HRS_x_Loveland,_Warehouse_Houthavens,_Amsterdam,_ADE_(Loveland_Legacy,_LL185)",Version 1,40,,Frankie Bones,Call It Techno (Carlo Lio Remix) [Intec],Frankie Bones - Call It Techno (Carlo Lio Remix) [Intec]
"2021-10-17 - Pan-Pot @ 10HRS x Loveland, Warehouse Houthavens, Amsterdam, ADE (Loveland Legacy, LL185)","https://www.mixesdb.com/w/2021-10-17_-_Pan-Pot_@_10HRS_x_Loveland,_Warehouse_Houthavens,_Amsterdam,_ADE_(Loveland_Legacy,_LL185)",Version 1,41,,,?,?
"2021-10-17 - Pan-Pot @ 10HRS x Loveland, Warehouse Houthavens, Amsterdam, ADE (Loveland Legacy, LL185)","https://www.mixesdb.com/w/2021-10-17_-_Pan-Pot_@_10HRS_x_Loveland,_Warehouse_Houthavens,_Amsterdam,_ADE_(Loveland_Legacy,_LL185)",Version 1,42,,Hertz Collision & Gene Richards Jr,Hood Thang [Truncate],Hertz Collision & Gene Richards Jr - Hood Thang [Truncate]
"2021-10-17 - Pan-Pot @ 10HRS x Loveland, Warehouse Houthavens, Amsterdam, ADE (Loveland Legacy, LL185)","https://www.mixesdb.com/w/2021-10-17_-_Pan-Pot_@_10HRS_x_Loveland,_Warehouse_Houthavens,_Amsterdam,_ADE_(Loveland_Legacy,_LL185)",Version 1,43,,William Arist,B-One [Bek],William Arist - B-One [Bek]
"2021-10-17 - Pan-Pot @ 10HRS x Loveland, Warehouse Houthavens, Amsterdam, ADE (Loveland Legacy, LL185)","https://www.mixesdb.com/w/2021-10-17_-_Pan-Pot_@_10HRS_x_Loveland,_Warehouse_Houthavens,_Amsterdam,_ADE_(Loveland_Legacy,_LL185)",Version 1,44,,Dhyan Møller,Megadon (Heiko Laux Remix) [Kanzleramt],Dhyan Møller - Megadon (Heiko Laux Remix) [Kanzleramt]
"2021-10-17 - Pan-Pot @ 10HRS x Loveland, Warehouse Houthavens, Amsterdam, ADE (Loveland Legacy, LL185)","https://www.mixesdb.com/w/2021-10-17_-_Pan-Pot_@_10HRS_x_Loveland,_Warehouse_Houthavens,_Amsterdam,_ADE_(Loveland_Legacy,_LL185)",Version 1,45,,Michael Klein,Nokaut [Second State],Michael Klein - Nokaut [Second State]
"2021-10-17 - Pan-Pot @ 10HRS x Loveland, Warehouse Houthavens, Amsterdam, ADE (Loveland Legacy, LL185)","https://www.mixesdb.com/w/2021-10-17_-_Pan-Pot_@_10HRS_x_Loveland,_Warehouse_Houthavens,_Amsterdam,_ADE_(Loveland_Legacy,_LL185)",Version 1,46,,,?,?
"2021-10-17 - Pan-Pot @ 10HRS x Loveland, Warehouse Houthavens, Amsterdam, ADE (Loveland Legacy, LL185)","https://www.mixesdb.com/w/2021-10-17_-_Pan-Pot_@_10HRS_x_Loveland,_Warehouse_Houthavens,_Amsterdam,_ADE_(Loveland_Legacy,_LL185)",Version 1,47,,,?,?
"2021-10-17 - Pan-Pot @ 10HRS x Loveland, Warehouse Houthavens, Amsterdam, ADE (Loveland Legacy, LL185)","https://www.mixesdb.com/w/2021-10-17_-_Pan-Pot_@_10HRS_x_Loveland,_Warehouse_Houthavens,_Amsterdam,_ADE_(Loveland_Legacy,_LL185)",Version 1,48,,Hertz,Recreate (Slam Rework) [Concept],Hertz - Recreate (Slam Rework) [Concept]
"2021-10-17 - Pan-Pot @ 10HRS x Loveland, Warehouse Houthavens, Amsterdam, ADE (Loveland Legacy, LL185)","https://www.mixesdb.com/w/2021-10-17_-_Pan-Pot_@_10HRS_x_Loveland,_Warehouse_Houthavens,_Amsterdam,_ADE_(Loveland_Legacy,_LL185)",Version 1,49,,,?,?
"2021-10-17 - Pan-Pot @ 10HRS x Loveland, Warehouse Houthavens, Amsterdam, ADE (Loveland Legacy, LL185)","https://www.mixesdb.com/w/2021-10-17_-_Pan-Pot_@_10HRS_x_Loveland,_Warehouse_Houthavens,_Amsterdam,_ADE_(Loveland_Legacy,_LL185)",Version 1,50,,,?,?
"2021-10-17 - Pan-Pot @ 10HRS x Loveland, Warehouse Houthavens, Amsterdam, ADE (Loveland Legacy, LL185)","https://www.mixesdb.com/w/2021-10-17_-_Pan-Pot_@_10HRS_x_Loveland,_Warehouse_Houthavens,_Amsterdam,_ADE_(Loveland_Legacy,_LL185)",Version 1,51,,,?,?
"2021-10-17 - Pan-Pot @ 10HRS x Loveland, Warehouse Houthavens, Amsterdam, ADE (Loveland Legacy, LL185)","https://www.mixesdb.com/w/2021-10-17_-_Pan-Pot_@_10HRS_x_Loveland,_Warehouse_Houthavens,_Amsterdam,_ADE_(Loveland_Legacy,_LL185)",Version 1,52,,,?,?
"2021-10-17 - Pan-Pot @ 10HRS x Loveland, Warehouse Houthavens, Amsterdam, ADE (Loveland Legacy, LL185)","https://www.mixesdb.com/w/2021-10-17_-_Pan-Pot_@_10HRS_x_Loveland,_Warehouse_Houthavens,_Amsterdam,_ADE_(Loveland_Legacy,_LL185)",Version 1,53,,Charlotte de Witte,Asura [KNTXT],Charlotte de Witte - Asura [KNTXT]
"2021-10-17 - Pan-Pot @ 10HRS x Loveland, Warehouse Houthavens, Amsterdam, ADE (Loveland Legacy, LL185)","https://www.mixesdb.com/w/2021-10-17_-_Pan-Pot_@_10HRS_x_Loveland,_Warehouse_Houthavens,_Amsterdam,_ADE_(Loveland_Legacy,_LL185)",Version 1,54,,,?,?
"2021-10-17 - Pan-Pot @ 10HRS x Loveland, Warehouse Houthavens, Amsterdam, ADE (Loveland Legacy, LL185)","https://www.mixesdb.com/w/2021-10-17_-_Pan-Pot_@_10HRS_x_Loveland,_Warehouse_Houthavens,_Amsterdam,_ADE_(Loveland_Legacy,_LL185)",Version 1,55,,James Ruskin,Detached [Tresor],James Ruskin - Detached [Tresor]
"2021-10-17 - Pan-Pot @ 10HRS x Loveland, Warehouse Houthavens, Amsterdam, ADE (Loveland Legacy, LL185)","https://www.mixesdb.com/w/2021-10-17_-_Pan-Pot_@_10HRS_x_Loveland,_Warehouse_Houthavens,_Amsterdam,_ADE_(Loveland_Legacy,_LL185)",Version 1,56,,,?,?
"2021-10-17 - Pan-Pot @ 10HRS x Loveland, Warehouse Houthavens, Amsterdam, ADE (Loveland Legacy, LL185)","https://www.mixesdb.com/w/2021-10-17_-_Pan-Pot_@_10HRS_x_Loveland,_Warehouse_Houthavens,_Amsterdam,_ADE_(Loveland_Legacy,_LL185)",Version 1,57,,,?,?
"2021-10-17 - Pan-Pot @ 10HRS x Loveland, Warehouse Houthavens, Amsterdam, ADE (Loveland Legacy, LL185)","https://www.mixesdb.com/w/2021-10-17_-_Pan-Pot_@_10HRS_x_Loveland,_Warehouse_Houthavens,_Amsterdam,_ADE_(Loveland_Legacy,_LL185)",Version 1,58,,Pan-Pot & Konrad Kanton,Onno [Second State],Pan-Pot & Konrad Kanton - Onno [Second State]
"2021-10-17 - Pan-Pot @ 10HRS x Loveland, Warehouse Houthavens, Amsterdam, ADE (Loveland Legacy, LL185)","https://www.mixesdb.com/w/2021-10-17_-_Pan-Pot_@_10HRS_x_Loveland,_Warehouse_Houthavens,_Amsterdam,_ADE_(Loveland_Legacy,_LL185)",Version 1,59,,,?,?
"2021-10-17 - Pan-Pot @ 10HRS x Loveland, Warehouse Houthavens, Amsterdam, ADE (Loveland Legacy, LL185)","https://www.mixesdb.com/w/2021-10-17_-_Pan-Pot_@_10HRS_x_Loveland,_Warehouse_Houthavens,_Amsterdam,_ADE_(Loveland_Legacy,_LL185)",Version 1,60,,Floorplan,Never Grow Old (Mark Broom Dubplate Mix) [M-Plant],Floorplan - Never Grow Old (Mark Broom Dubplate Mix) [M-Plant]
"2021-10-17 - Pan-Pot @ 10HRS x Loveland, Warehouse Houthavens, Amsterdam, ADE (Loveland Legacy, LL185)","https://www.mixesdb.com/w/2021-10-17_-_Pan-Pot_@_10HRS_x_Loveland,_Warehouse_Houthavens,_Amsterdam,_ADE_(Loveland_Legacy,_LL185)",Version 1,61,,,?,?
"2021-10-17 - Pan-Pot @ 10HRS x Loveland, Warehouse Houthavens, Amsterdam, ADE (Loveland Legacy, LL185)","https://www.mixesdb.com/w/2021-10-17_-_Pan-Pot_@_10HRS_x_Loveland,_Warehouse_Houthavens,_Amsterdam,_ADE_(Loveland_Legacy,_LL185)",Version 1,62,,,?,?
"2021-10-17 - Pan-Pot @ 10HRS x Loveland, Warehouse Houthavens, Amsterdam, ADE (Loveland Legacy, LL185)","https://www.mixesdb.com/w/2021-10-17_-_Pan-Pot_@_10HRS_x_Loveland,_Warehouse_Houthavens,_Amsterdam,_ADE_(Loveland_Legacy,_LL185)",Version 1,63,,Truncate,First Phase [Truncate],Truncate - First Phase [Truncate]
"2021-10-17 - Pan-Pot @ 10HRS x Loveland, Warehouse Houthavens, Amsterdam, ADE (Loveland Legacy, LL185)","https://www.mixesdb.com/w/2021-10-17_-_Pan-Pot_@_10HRS_x_Loveland,_Warehouse_Houthavens,_Amsterdam,_ADE_(Loveland_Legacy,_LL185)",Version 1,64,,Josh Wink,Higher State Of Consciousness (Adana Twins Remix Two) [Strictly Rhythm],Josh Wink - Higher State Of Consciousness (Adana Twins Remix Two) [Strictly Rhythm]
"2021-10-17 - Pan-Pot @ 10HRS x Loveland, Warehouse Houthavens, Amsterdam, ADE (Loveland Legacy, LL185)","https://www.mixesdb.com/w/2021-10-17_-_Pan-Pot_@_10HRS_x_Loveland,_Warehouse_Houthavens,_Amsterdam,_ADE_(Loveland_Legacy,_LL185)",Version 1,65,,Lilly Palmer,Temptation [Spannung],Lilly Palmer - Temptation [Spannung]
"2021-10-17 - Pan-Pot @ 10HRS x Loveland, Warehouse Houthavens, Amsterdam, ADE (Loveland Legacy, LL185)","https://www.mixesdb.com/w/2021-10-17_-_Pan-Pot_@_10HRS_x_Loveland,_Warehouse_Houthavens,_Amsterdam,_ADE_(Loveland_Legacy,_LL185)",Version 1,66,,A.Paul & DJ Dextro,From Beyond [Naked Lunch],A.Paul & DJ Dextro - From Beyond [Naked Lunch]
"2021-10-17 - Pan-Pot @ 10HRS x Loveland, Warehouse Houthavens, Amsterdam, ADE (Loveland Legacy, LL185)","https://www.mixesdb.com/w/2021-10-17_-_Pan-Pot_@_10HRS_x_Loveland,_Warehouse_Houthavens,_Amsterdam,_ADE_(Loveland_Legacy,_LL185)",Version 1,67,,RECYCLE,Recycle #1 (Flash & Cash) [Planet Rhythm],RECYCLE - Recycle #1 (Flash & Cash) [Planet Rhythm]
"2021-10-17 - Pan-Pot @ 10HRS x Loveland, Warehouse Houthavens, Amsterdam, ADE (Loveland Legacy, LL185)","https://www.mixesdb.com/w/2021-10-17_-_Pan-Pot_@_10HRS_x_Loveland,_Warehouse_Houthavens,_Amsterdam,_ADE_(Loveland_Legacy,_LL185)",Version 1,68,,Dr. Motte & WestBam,Music Is The Key (Love Parade 99) [Low Spirit],Dr. Motte & WestBam - Music Is The Key (Love Parade 99) [Low Spirit]
"2021-10-17 - Pan-Pot @ 10HRS x Loveland, Warehouse Houthavens, Amsterdam, ADE (Loveland Legacy, LL185)","https://www.mixesdb.com/w/2021-10-17_-_Pan-Pot_@_10HRS_x_Loveland,_Warehouse_Houthavens,_Amsterdam,_ADE_(Loveland_Legacy,_LL185)",Version 1,69,,Mihalis Safras,Love Away (Mark Broom Remix) [Relief],Mihalis Safras - Love Away (Mark Broom Remix) [Relief]
"2021-10-17 - Pan-Pot @ 10HRS x Loveland, Warehouse Houthavens, Amsterdam, ADE (Loveland Legacy, LL185)","https://www.mixesdb.com/w/2021-10-17_-_Pan-Pot_@_10HRS_x_Loveland,_Warehouse_Houthavens,_Amsterdam,_ADE_(Loveland_Legacy,_LL185)",Version 1,70,,Sian,Scorpion [Manta],Sian - Scorpion [Manta]
"2021-10-17 - Pan-Pot @ 10HRS x Loveland, Warehouse Houthavens, Amsterdam, ADE (Loveland Legacy, LL185)","https://www.mixesdb.com/w/2021-10-17_-_Pan-Pot_@_10HRS_x_Loveland,_Warehouse_Houthavens,_Amsterdam,_ADE_(Loveland_Legacy,_LL185)",Version 1,71,,Paula Cazenave,Night Curfew [Gnd],Paula Cazenave - Night Curfew [Gnd]
"2021-10-17 - Pan-Pot @ 10HRS x Loveland, Warehouse Houthavens, Amsterdam, ADE (Loveland Legacy, LL185)","https://www.mixesdb.com/w/2021-10-17_-_Pan-Pot_@_10HRS_x_Loveland,_Warehouse_Houthavens,_Amsterdam,_ADE_(Loveland_Legacy,_LL185)",Version 1,72,,MATRiXXMAN,Hong Kong (Night) [Planet X],MATRiXXMAN - Hong Kong (Night) [Planet X]
"2021-10-17 - Pan-Pot @ 10HRS x Loveland, Warehouse Houthavens, Amsterdam, ADE (Loveland Legacy, LL185)","https://www.mixesdb.com/w/2021-10-17_-_Pan-Pot_@_10HRS_x_Loveland,_Warehouse_Houthavens,_Amsterdam,_ADE_(Loveland_Legacy,_LL185)",Version 1,73,,Luigi Madonna,Interfrequencies [Drumcode],Luigi Madonna - Interfrequencies [Drumcode]
"2021-10-17 - Pan-Pot @ 10HRS x Loveland, Warehouse Houthavens, Amsterdam, ADE (Loveland Legacy, LL185)","https://www.mixesdb.com/w/2021-10-17_-_Pan-Pot_@_10HRS_x_Loveland,_Warehouse_Houthavens,_Amsterdam,_ADE_(Loveland_Legacy,_LL185)",Version 1,74,,MUUI,Buett (Ray Kajioka Remix) [Paranoid Dancer],MUUI - Buett (Ray Kajioka Remix) [Paranoid Dancer]
"2021-10-17 - Pan-Pot @ 10HRS x Loveland, Warehouse Houthavens, Amsterdam, ADE (Loveland Legacy, LL185)","https://www.mixesdb.com/w/2021-10-17_-_Pan-Pot_@_10HRS_x_Loveland,_Warehouse_Houthavens,_Amsterdam,_ADE_(Loveland_Legacy,_LL185)",Version 1,75,,RECYCLE,Recycle #2 (Right Moment) [Planet Rhythm],RECYCLE - Recycle #2 (Right Moment) [Planet Rhythm]
"2021-10-17 - Pan-Pot @ 10HRS x Loveland, Warehouse Houthavens, Amsterdam, ADE (Loveland Legacy, LL185)","https://www.mixesdb.com/w/2021-10-17_-_Pan-Pot_@_10HRS_x_Loveland,_Warehouse_Houthavens,_Amsterdam,_ADE_(Loveland_Legacy,_LL185)",Version 1,76,,,?,?
"2021-10-17 - Pan-Pot @ 10HRS x Loveland, Warehouse Houthavens, Amsterdam, ADE (Loveland Legacy, LL185)","https://www.mixesdb.com/w/2021-10-17_-_Pan-Pot_@_10HRS_x_Loveland,_Warehouse_Houthavens,_Amsterdam,_ADE_(Loveland_Legacy,_LL185)",Version 1,77,,Dast,Apogeo [Unrilis],Dast - Apogeo [Unrilis]
"2021-10-17 - Pan-Pot @ 10HRS x Loveland, Warehouse Houthavens, Amsterdam, ADE (Loveland Legacy, LL185)","https://www.mixesdb.com/w/2021-10-17_-_Pan-Pot_@_10HRS_x_Loveland,_Warehouse_Houthavens,_Amsterdam,_ADE_(Loveland_Legacy,_LL185)",Version 1,78,,Jeff Mills,The Bells [Purpose Maker],Jeff Mills - The Bells [Purpose Maker]
"2021-10-17 - Pan-Pot @ 10HRS x Loveland, Warehouse Houthavens, Amsterdam, ADE (Loveland Legacy, LL185)","https://www.mixesdb.com/w/2021-10-17_-_Pan-Pot_@_10HRS_x_Loveland,_Warehouse_Houthavens,_Amsterdam,_ADE_(Loveland_Legacy,_LL185)",Version 1,79,,Vladimir Dubyshkin,Pigeon Epilepsy [Trip],Vladimir Dubyshkin - Pigeon Epilepsy [Trip]
"2021-10-17 - Pan-Pot @ 10HRS x Loveland, Warehouse Houthavens, Amsterdam, ADE (Loveland Legacy, LL185)","https://www.mixesdb.com/w/2021-10-17_-_Pan-Pot_@_10HRS_x_Loveland,_Warehouse_Houthavens,_Amsterdam,_ADE_(Loveland_Legacy,_LL185)",Version 1,80,,Ilario Alicante,Cocoon [Cocoon],Ilario Alicante - Cocoon [Cocoon]
"2021-10-17 - Pan-Pot @ 10HRS x Loveland, Warehouse Houthavens, Amsterdam, ADE (Loveland Legacy, LL185)","https://www.mixesdb.com/w/2021-10-17_-_Pan-Pot_@_10HRS_x_Loveland,_Warehouse_Houthavens,_Amsterdam,_ADE_(Loveland_Legacy,_LL185)",Version 1,81,,Thomas Schumacher,Reversal [Noir],Thomas Schumacher - Reversal [Noir]
"2021-10-17 - Pan-Pot @ 10HRS x Loveland, Warehouse Houthavens, Amsterdam, ADE (Loveland Legacy, LL185)","https://www.mixesdb.com/w/2021-10-17_-_Pan-Pot_@_10HRS_x_Loveland,_Warehouse_Houthavens,_Amsterdam,_ADE_(Loveland_Legacy,_LL185)",Version 1,82,,CJ Bolland & The Advent,Camargue 2019 (Maceo Plex Remix) [Drumcode],CJ Bolland & The Advent - Camargue 2019 (Maceo Plex Remix) [Drumcode]
"2021-10-17 - Pan-Pot @ 10HRS x Loveland, Warehouse Houthavens, Amsterdam, ADE (Loveland Legacy, LL185)","https://www.mixesdb.com/w/2021-10-17_-_Pan-Pot_@_10HRS_x_Loveland,_Warehouse_Houthavens,_Amsterdam,_ADE_(Loveland_Legacy,_LL185)",Version 1,83,,Exium,Erosion 1,Exium - Erosion 1
"2021-10-17 - Pan-Pot @ 10HRS x Loveland, Warehouse Houthavens, Amsterdam, ADE (Loveland Legacy, LL185)","https://www.mixesdb.com/w/2021-10-17_-_Pan-Pot_@_10HRS_x_Loveland,_Warehouse_Houthavens,_Amsterdam,_ADE_(Loveland_Legacy,_LL185)",Version 1,84,,KMYLE,Catharsis System [Kmyle],KMYLE - Catharsis System [Kmyle]
"2021-10-17 - Pan-Pot @ 10HRS x Loveland, Warehouse Houthavens, Amsterdam, ADE (Loveland Legacy, LL185)","https://www.mixesdb.com/w/2021-10-17_-_Pan-Pot_@_10HRS_x_Loveland,_Warehouse_Houthavens,_Amsterdam,_ADE_(Loveland_Legacy,_LL185)",Version 1,85,,Cardao,Abstract (A.Paul & DJ Dextro Remix) [Dolma Red],Cardao - Abstract (A.Paul & DJ Dextro Remix) [Dolma Red]
"2021-10-17 - Pan-Pot @ 10HRS x Loveland, Warehouse Houthavens, Amsterdam, ADE (Loveland Legacy, LL185)","https://www.mixesdb.com/w/2021-10-17_-_Pan-Pot_@_10HRS_x_Loveland,_Warehouse_Houthavens,_Amsterdam,_ADE_(Loveland_Legacy,_LL185)",Version 1,86,,Parano,"Step Inside, Love [Codec]","Parano - Step Inside, Love [Codec]"
"2021-10-17 - Pan-Pot @ 10HRS x Loveland, Warehouse Houthavens, Amsterdam, ADE (Loveland Legacy, LL185)","https://www.mixesdb.com/w/2021-10-17_-_Pan-Pot_@_10HRS_x_Loveland,_Warehouse_Houthavens,_Amsterdam,_ADE_(Loveland_Legacy,_LL185)",Version 1,87,,Renato Cohen,Pontape (2013 Remake) [Drumcode],Renato Cohen - Pontape (2013 Remake) [Drumcode]
"2021-10-17 - Pan-Pot @ 10HRS x Loveland, Warehouse Houthavens, Amsterdam, ADE (Loveland Legacy, LL185)","https://www.mixesdb.com/w/2021-10-17_-_Pan-Pot_@_10HRS_x_Loveland,_Warehouse_Houthavens,_Amsterdam,_ADE_(Loveland_Legacy,_LL185)",Version 1,88,,DJ Ogi,Ruzina [Technodrome],DJ Ogi - Ruzina [Technodrome]
"2021-10-17 - Pan-Pot @ 10HRS x Loveland, Warehouse Houthavens, Amsterdam, ADE (Loveland Legacy, LL185)","https://www.mixesdb.com/w/2021-10-17_-_Pan-Pot_@_10HRS_x_Loveland,_Warehouse_Houthavens,_Amsterdam,_ADE_(Loveland_Legacy,_LL185)",Version 1,89,,Digital Express,The Club [X-Trax],Digital Express - The Club [X-Trax]
"2021-10-17 - Pan-Pot @ 10HRS x Loveland, Warehouse Houthavens, Amsterdam, ADE (Loveland Legacy, LL185)","https://www.mixesdb.com/w/2021-10-17_-_Pan-Pot_@_10HRS_x_Loveland,_Warehouse_Houthavens,_Amsterdam,_ADE_(Loveland_Legacy,_LL185)",Version 1,90,,Green Velvet,Flash (The Advent & Industrialyzer Remix) [Relief],Green Velvet - Flash (The Advent & Industrialyzer Remix) [Relief]
"2021-10-17 - Pan-Pot @ 10HRS x Loveland, Warehouse Houthavens, Amsterdam, ADE (Loveland Legacy, LL185)","https://www.mixesdb.com/w/2021-10-17_-_Pan-Pot_@_10HRS_x_Loveland,_Warehouse_Houthavens,_Amsterdam,_ADE_(Loveland_Legacy,_LL185)",Version 1,91,,Pan-Pot & Thomas Hoffknecht,Crawler [Strghtx],Pan-Pot & Thomas Hoffknecht - Crawler [Strghtx]
"2021-10-17 - Pan-Pot @ 10HRS x Loveland, Warehouse Houthavens, Amsterdam, ADE (Loveland Legacy, LL185)","https://www.mixesdb.com/w/2021-10-17_-_Pan-Pot_@_10HRS_x_Loveland,_Warehouse_Houthavens,_Amsterdam,_ADE_(Loveland_Legacy,_LL185)",Version 1,92,,Milo Raad,Algebra [Olympian],Milo Raad - Algebra [Olympian]
"2021-10-17 - Pan-Pot @ 10HRS x Loveland, Warehouse Houthavens, Amsterdam, ADE (Loveland Legacy, LL185)","https://www.mixesdb.com/w/2021-10-17_-_Pan-Pot_@_10HRS_x_Loveland,_Warehouse_Houthavens,_Amsterdam,_ADE_(Loveland_Legacy,_LL185)",Version 1,93,,Rainer Weichhold & Namito,Hick (Pan-Pot Remix) [Ubersee],Rainer Weichhold & Namito - Hick (Pan-Pot Remix) [Ubersee]
"2021-10-17 - Pan-Pot @ 10HRS x Loveland, Warehouse Houthavens, Amsterdam, ADE (Loveland Legacy, LL185)","https://www.mixesdb.com/w/2021-10-17_-_Pan-Pot_@_10HRS_x_Loveland,_Warehouse_Houthavens,_Amsterdam,_ADE_(Loveland_Legacy,_LL185)",Version 1,94,,Callum Plant,Prelude (4X4 Mix) [Gynoid],Callum Plant - Prelude (4X4 Mix) [Gynoid]
"2021-10-17 - Pan-Pot @ 10HRS x Loveland, Warehouse Houthavens, Amsterdam, ADE (Loveland Legacy, LL185)","https://www.mixesdb.com/w/2021-10-17_-_Pan-Pot_@_10HRS_x_Loveland,_Warehouse_Houthavens,_Amsterdam,_ADE_(Loveland_Legacy,_LL185)",Version 1,95,,Tibasko,Icaro [Another Rhythm],Tibasko - Icaro [Another Rhythm]
"2021-10-17 - Pan-Pot @ 10HRS x Loveland, Warehouse Houthavens, Amsterdam, ADE (Loveland Legacy, LL185)","https://www.mixesdb.com/w/2021-10-17_-_Pan-Pot_@_10HRS_x_Loveland,_Warehouse_Houthavens,_Amsterdam,_ADE_(Loveland_Legacy,_LL185)",Version 1,96,,Eric Sneo & DJ Rush,Take Me Back [Tronic],Eric Sneo & DJ Rush - Take Me Back [Tronic]
"2021-10-17 - Pan-Pot @ 10HRS x Loveland, Warehouse Houthavens, Amsterdam, ADE (Loveland Legacy, LL185)","https://www.mixesdb.com/w/2021-10-17_-_Pan-Pot_@_10HRS_x_Loveland,_Warehouse_Houthavens,_Amsterdam,_ADE_(Loveland_Legacy,_LL185)",Version 1,97,,Mauro Picotto,Verdi [Bxr (Media Rec.)],Mauro Picotto - Verdi [Bxr (Media Rec.)]
"2021-10-17 - Pan-Pot @ 10HRS x Loveland, Warehouse Houthavens, Amsterdam, ADE (Loveland Legacy, LL185)","https://www.mixesdb.com/w/2021-10-17_-_Pan-Pot_@_10HRS_x_Loveland,_Warehouse_Houthavens,_Amsterdam,_ADE_(Loveland_Legacy,_LL185)",Version 1,98,,,?,?
"2021-10-17 - Pan-Pot @ 10HRS x Loveland, Warehouse Houthavens, Amsterdam, ADE (Loveland Legacy, LL185)","https://www.mixesdb.com/w/2021-10-17_-_Pan-Pot_@_10HRS_x_Loveland,_Warehouse_Houthavens,_Amsterdam,_ADE_(Loveland_Legacy,_LL185)",Version 1,99,,Adam Beyer & Bart Skils,Your Mind [Drumcode],Adam Beyer & Bart Skils - Your Mind [Drumcode]
"2021-10-17 - Pan-Pot @ 10HRS x Loveland, Warehouse Houthavens, Amsterdam, ADE (Loveland Legacy, LL185)","https://www.mixesdb.com/w/2021-10-17_-_Pan-Pot_@_10HRS_x_Loveland,_Warehouse_Houthavens,_Amsterdam,_ADE_(Loveland_Legacy,_LL185)",Version 1,100,,,?,?
"2021-10-17 - Pan-Pot @ 10HRS x Loveland, Warehouse Houthavens, Amsterdam, ADE (Loveland Legacy, LL185)","https://www.mixesdb.com/w/2021-10-17_-_Pan-Pot_@_10HRS_x_Loveland,_Warehouse_Houthavens,_Amsterdam,_ADE_(Loveland_Legacy,_LL185)",Version 1,101,,Lim Nylon,Impulsive Behaviour [Iamt],Lim Nylon - Impulsive Behaviour [Iamt]
"2021-10-17 - Pan-Pot @ 10HRS x Loveland, Warehouse Houthavens, Amsterdam, ADE (Loveland Legacy, LL185)","https://www.mixesdb.com/w/2021-10-17_-_Pan-Pot_@_10HRS_x_Loveland,_Warehouse_Houthavens,_Amsterdam,_ADE_(Loveland_Legacy,_LL185)",Version 1,102,,Maarten de Jong,X2 [Who's Afraid Of 138 (Armada)],Maarten de Jong - X2 [Who's Afraid Of 138 (Armada)]
"2021-10-17 - Pan-Pot @ 10HRS x Loveland, Warehouse Houthavens, Amsterdam, ADE (Loveland Legacy, LL185)","https://www.mixesdb.com/w/2021-10-17_-_Pan-Pot_@_10HRS_x_Loveland,_Warehouse_Houthavens,_Amsterdam,_ADE_(Loveland_Legacy,_LL185)",Version 1,103,,Max Walder,Compressor [Terminal M],Max Walder - Compressor [Terminal M]
"2021-10-17 - Pan-Pot @ 10HRS x Loveland, Warehouse Houthavens, Amsterdam, ADE (Loveland Legacy, LL185)","https://www.mixesdb.com/w/2021-10-17_-_Pan-Pot_@_10HRS_x_Loveland,_Warehouse_Houthavens,_Amsterdam,_ADE_(Loveland_Legacy,_LL185)",Version 1,104,,Norman Nodge,The Raid [Spandau20],Norman Nodge - The Raid [Spandau20]
"2021-10-17 - Pan-Pot @ 10HRS x Loveland, Warehouse Houthavens, Amsterdam, ADE (Loveland Legacy, LL185)","https://www.mixesdb.com/w/2021-10-17_-_Pan-Pot_@_10HRS_x_Loveland,_Warehouse_Houthavens,_Amsterdam,_ADE_(Loveland_Legacy,_LL185)",Version 1,105,,Benjamin Damage,Deep Space Transit [Arts],Benjamin Damage - Deep Space Transit [Arts]
"2021-10-17 - Pan-Pot @ 10HRS x Loveland, Warehouse Houthavens, Amsterdam, ADE (Loveland Legacy, LL185)","https://www.mixesdb.com/w/2021-10-17_-_Pan-Pot_@_10HRS_x_Loveland,_Warehouse_Houthavens,_Amsterdam,_ADE_(Loveland_Legacy,_LL185)",Version 1,106,,Keith Carnal,Any Given Name [Arts],Keith Carnal - Any Given Name [Arts]
"2021-10-17 - Pan-Pot @ 10HRS x Loveland, Warehouse Houthavens, Amsterdam, ADE (Loveland Legacy, LL185)","https://www.mixesdb.com/w/2021-10-17_-_Pan-Pot_@_10HRS_x_Loveland,_Warehouse_Houthavens,_Amsterdam,_ADE_(Loveland_Legacy,_LL185)",Version 1,107,,Resonances,Chorded,Resonances - Chorded
"2021-10-17 - Pan-Pot @ 10HRS x Loveland, Warehouse Houthavens, Amsterdam, ADE (Loveland Legacy, LL185)","https://www.mixesdb.com/w/2021-10-17_-_Pan-Pot_@_10HRS_x_Loveland,_Warehouse_Houthavens,_Amsterdam,_ADE_(Loveland_Legacy,_LL185)",Version 1,108,,Fadi Mohem & Rødhåd,210407.2 [Wsnwg],Fadi Mohem & Rødhåd - 210407.2 [Wsnwg]
"2021-10-17 - Pan-Pot @ 10HRS x Loveland, Warehouse Houthavens, Amsterdam, ADE (Loveland Legacy, LL185)","https://www.mixesdb.com/w/2021-10-17_-_Pan-Pot_@_10HRS_x_Loveland,_Warehouse_Houthavens,_Amsterdam,_ADE_(Loveland_Legacy,_LL185)",Version 1,109,,Alex Stein & Transcode,Control Me [Terminal M],Alex Stein & Transcode - Control Me [Terminal M]
"2021-10-17 - Pan-Pot @ 10HRS x Loveland, Warehouse Houthavens, Amsterdam, ADE (Loveland Legacy, LL185)","https://www.mixesdb.com/w/2021-10-17_-_Pan-Pot_@_10HRS_x_Loveland,_Warehouse_Houthavens,_Amsterdam,_ADE_(Loveland_Legacy,_LL185)",Version 1,110,,SRVD,Black On Black [Rekids],SRVD - Black On Black [Rekids]
"2021-10-17 - Pan-Pot @ 10HRS x Loveland, Warehouse Houthavens, Amsterdam, ADE (Loveland Legacy, LL185)","https://www.mixesdb.com/w/2021-10-17_-_Pan-Pot_@_10HRS_x_Loveland,_Warehouse_Houthavens,_Amsterdam,_ADE_(Loveland_Legacy,_LL185)",Version 1,111,,,?,?
"2021-10-17 - Pan-Pot @ 10HRS x Loveland, Warehouse Houthavens, Amsterdam, ADE (Loveland Legacy, LL185)","https://www.mixesdb.com/w/2021-10-17_-_Pan-Pot_@_10HRS_x_Loveland,_Warehouse_Houthavens,_Amsterdam,_ADE_(Loveland_Legacy,_LL185)",Version 1,112,,Marco Bailey & Sigvard,Meteorite Impact [Materia],Marco Bailey & Sigvard - Meteorite Impact [Materia]
"2021-10-17 - Pan-Pot @ 10HRS x Loveland, Warehouse Houthavens, Amsterdam, ADE (Loveland Legacy, LL185)","https://www.mixesdb.com/w/2021-10-17_-_Pan-Pot_@_10HRS_x_Loveland,_Warehouse_Houthavens,_Amsterdam,_ADE_(Loveland_Legacy,_LL185)",Version 1,113,,Lowerzone,The Voice In My Head,Lowerzone - The Voice In My Head
"2021-10-17 - Pan-Pot @ 10HRS x Loveland, Warehouse Houthavens, Amsterdam, ADE (Loveland Legacy, LL185)","https://www.mixesdb.com/w/2021-10-17_-_Pan-Pot_@_10HRS_x_Loveland,_Warehouse_Houthavens,_Amsterdam,_ADE_(Loveland_Legacy,_LL185)",Version 1,114,,,?,?
"2021-10-17 - Pan-Pot @ 10HRS x Loveland, Warehouse Houthavens, Amsterdam, ADE (Loveland Legacy, LL185)","https://www.mixesdb.com/w/2021-10-17_-_Pan-Pot_@_10HRS_x_Loveland,_Warehouse_Houthavens,_Amsterdam,_ADE_(Loveland_Legacy,_LL185)",Version 1,115,,,?,?
"2021-10-17 - Pan-Pot @ 10HRS x Loveland, Warehouse Houthavens, Amsterdam, ADE (Loveland Legacy, LL185)","https://www.mixesdb.com/w/2021-10-17_-_Pan-Pot_@_10HRS_x_Loveland,_Warehouse_Houthavens,_Amsterdam,_ADE_(Loveland_Legacy,_LL185)",Version 1,116,,Danny Corten & Youri Parker,Reactivate [Bonzai Classics],Danny Corten & Youri Parker - Reactivate [Bonzai Classics]
"2021-10-17 - Pan-Pot @ 10HRS x Loveland, Warehouse Houthavens, Amsterdam, ADE (Loveland Legacy, LL185)","https://www.mixesdb.com/w/2021-10-17_-_Pan-Pot_@_10HRS_x_Loveland,_Warehouse_Houthavens,_Amsterdam,_ADE_(Loveland_Legacy,_LL185)",Version 1,117,,Vitalic,La Rock 01 [International Deejay Gigolo],Vitalic - La Rock 01 [International Deejay Gigolo]
"2021-10-17 - Pan-Pot @ 10HRS x Loveland, Warehouse Houthavens, Amsterdam, ADE (Loveland Legacy, LL185)","https://www.mixesdb.com/w/2021-10-17_-_Pan-Pot_@_10HRS_x_Loveland,_Warehouse_Houthavens,_Amsterdam,_ADE_(Loveland_Legacy,_LL185)",Version 1,118,,Richie Hawtin,Acid King,Richie Hawtin - Acid King
"2021-10-17 - Pan-Pot @ 10HRS x Loveland, Warehouse Houthavens, Amsterdam, ADE (Loveland Legacy, LL185)","https://www.mixesdb.com/w/2021-10-17_-_Pan-Pot_@_10HRS_x_Loveland,_Warehouse_Houthavens,_Amsterdam,_ADE_(Loveland_Legacy,_LL185)",Version 1,119,,The Prodigy,No Good (Start The Dance) (Thomas Schumacher Edit) [XL],The Prodigy - No Good (Start The Dance) (Thomas Schumacher Edit) [XL]
"2021-10-17 - Pan-Pot @ 10HRS x Loveland, Warehouse Houthavens, Amsterdam, ADE (Loveland Legacy, LL185)","https://www.mixesdb.com/w/2021-10-17_-_Pan-Pot_@_10HRS_x_Loveland,_Warehouse_Houthavens,_Amsterdam,_ADE_(Loveland_Legacy,_LL185)",Version 1,120,,Laurent Garnier & Chambray,Feelin' Good [Rekids],Laurent Garnier & Chambray - Feelin' Good [Rekids]
"2021-10-17 - Pan-Pot @ 10HRS x Loveland, Warehouse Houthavens, Amsterdam, ADE (Loveland Legacy, LL185)","https://www.mixesdb.com/w/2021-10-17_-_Pan-Pot_@_10HRS_x_Loveland,_Warehouse_Houthavens,_Amsterdam,_ADE_(Loveland_Legacy,_LL185)",Version 1,121,,,?,?
"2021-10-17 - Pan-Pot @ 10HRS x Loveland, Warehouse Houthavens, Amsterdam, ADE (Loveland Legacy, LL185)","https://www.mixesdb.com/w/2021-10-17_-_Pan-Pot_@_10HRS_x_Loveland,_Warehouse_Houthavens,_Amsterdam,_ADE_(Loveland_Legacy,_LL185)",Version 1,122,,Pan-Pot & Motion Unit,My Mind (Radar Remix) [Second State],Pan-Pot & Motion Unit - My Mind (Radar Remix) [Second State]
"2021-10-17 - Pan-Pot @ 10HRS x Loveland, Warehouse Houthavens, Amsterdam, ADE (Loveland Legacy, LL185)","https://www.mixesdb.com/w/2021-10-17_-_Pan-Pot_@_10HRS_x_Loveland,_Warehouse_Houthavens,_Amsterdam,_ADE_(Loveland_Legacy,_LL185)",Version 1,123,,,?,?
"2021-10-17 - Pan-Pot @ 10HRS x Loveland, Warehouse Houthavens, Amsterdam, ADE (Loveland Legacy, LL185)","https://www.mixesdb.com/w/2021-10-17_-_Pan-Pot_@_10HRS_x_Loveland,_Warehouse_Houthavens,_Amsterdam,_ADE_(Loveland_Legacy,_LL185)",Version 1,124,,Maceo Plex & Faithless,Insomnia 2021 (Epic Mix),Maceo Plex & Faithless - Insomnia 2021 (Epic Mix)
"2021-10-17 - Pan-Pot @ 10HRS x Loveland, Warehouse Houthavens, Amsterdam, ADE (Loveland Legacy, LL185)","https://www.mixesdb.com/w/2021-10-17_-_Pan-Pot_@_10HRS_x_Loveland,_Warehouse_Houthavens,_Amsterdam,_ADE_(Loveland_Legacy,_LL185)",Version 1,125,,Nico Moreno,Techno Crari [Insolent Rave],Nico Moreno - Techno Crari [Insolent Rave]
"2010-01-16 - Dr Hoffmann, Xpansul - Blind Spot 038","https://www.mixesdb.com/w/2010-01-16_-_Dr_Hoffmann,_Xpansul_-_Blind_Spot_038",Dr Hoffmann,1,,Lunatics Of Sound,Come Inside (Nick Theos Digi Tech Mix) [Quanza],Lunatics Of Sound - Come Inside (Nick Theos Digi Tech Mix) [Quanza]
"2010-01-16 - Dr Hoffmann, Xpansul - Blind Spot 038","https://www.mixesdb.com/w/2010-01-16_-_Dr_Hoffmann,_Xpansul_-_Blind_Spot_038",Dr Hoffmann,2,,Sasha Carassi,Polychromatic (Brian Sanhaji Remix) [Phobiq],Sasha Carassi - Polychromatic (Brian Sanhaji Remix) [Phobiq]
"2010-01-16 - Dr Hoffmann, Xpansul - Blind Spot 038","https://www.mixesdb.com/w/2010-01-16_-_Dr_Hoffmann,_Xpansul_-_Blind_Spot_038",Dr Hoffmann,3,,M0h,People Dream (Pfirter Remix) [Ground Factory],M0h - People Dream (Pfirter Remix) [Ground Factory]
"2010-01-16 - Dr Hoffmann, Xpansul - Blind Spot 038","https://www.mixesdb.com/w/2010-01-16_-_Dr_Hoffmann,_Xpansul_-_Blind_Spot_038",Dr Hoffmann,4,,Audio Injection,Way I Am (Monoloc Remix) [Droid Digital],Audio Injection - Way I Am (Monoloc Remix) [Droid Digital]
"2010-01-16 - Dr Hoffmann, Xpansul - Blind Spot 038","https://www.mixesdb.com/w/2010-01-16_-_Dr_Hoffmann,_Xpansul_-_Blind_Spot_038",Dr Hoffmann,5,,Pascal Mollin,The Elephant (Pan-Pot Remix) [Touched],Pascal Mollin - The Elephant (Pan-Pot Remix) [Touched]
"2010-01-16 - Dr Hoffmann, Xpansul - Blind Spot 038","https://www.mixesdb.com/w/2010-01-16_-_Dr_Hoffmann,_Xpansul_-_Blind_Spot_038",Dr Hoffmann,6,,Virgil Enzinger,Form Of The Formless (Sutter Cane & Mark Domine Remix) [Driving Forces],Virgil Enzinger - Form Of The Formless (Sutter Cane & Mark Domine Remix) [Driving Forces]
"2010-01-16 - Dr Hoffmann, Xpansul - Blind Spot 038","https://www.mixesdb.com/w/2010-01-16_-_Dr_Hoffmann,_Xpansul_-_Blind_Spot_038",Dr Hoffmann,7,,Dubfire,Rabid (Edit Select Remix) [(Sci+Tec)],Dubfire - Rabid (Edit Select Remix) [(Sci+Tec)]
"2010-01-16 - Dr Hoffmann, Xpansul - Blind Spot 038","https://www.mixesdb.com/w/2010-01-16_-_Dr_Hoffmann,_Xpansul_-_Blind_Spot_038",Dr Hoffmann,8,,Virgil Enzinger & Alessio Mereu,Hydrant (Der Hunt),Virgil Enzinger & Alessio Mereu - Hydrant (Der Hunt)
"2010-01-16 - Dr Hoffmann, Xpansul - Blind Spot 038","https://www.mixesdb.com/w/2010-01-16_-_Dr_Hoffmann,_Xpansul_-_Blind_Spot_038",Dr Hoffmann,9,,Christian Smith & Gabe,Fidelidada [Tronic],Christian Smith & Gabe - Fidelidada [Tronic]
"2010-01-16 - Dr Hoffmann, Xpansul - Blind Spot 038","https://www.mixesdb.com/w/2010-01-16_-_Dr_Hoffmann,_Xpansul_-_Blind_Spot_038",Dr Hoffmann,10,,Dandi & Ugo,Come On Over [Italo Business],Dandi & Ugo - Come On Over [Italo Business]
"2010-01-16 - Dr Hoffmann, Xpansul - Blind Spot 038","https://www.mixesdb.com/w/2010-01-16_-_Dr_Hoffmann,_Xpansul_-_Blind_Spot_038",Dr Hoffmann,11,,Marco Nastic,Roll The Dice [82],Marco Nastic - Roll The Dice [82]
"2010-01-16 - Dr Hoffmann, Xpansul - Blind Spot 038","https://www.mixesdb.com/w/2010-01-16_-_Dr_Hoffmann,_Xpansul_-_Blind_Spot_038",Dr Hoffmann,12,,Toktok,12_34 PM [Toktok],Toktok - 12_34 PM [Toktok]
"2010-01-16 - Dr Hoffmann, Xpansul - Blind Spot 038","https://www.mixesdb.com/w/2010-01-16_-_Dr_Hoffmann,_Xpansul_-_Blind_Spot_038",Xpansul,1,,Adam Beyer,Remaining III (Joseph Capriati Code Mix) [Drumcode],Adam Beyer - Remaining III (Joseph Capriati Code Mix) [Drumcode]
"2010-01-16 - Dr Hoffmann, Xpansul - Blind Spot 038","https://www.mixesdb.com/w/2010-01-16_-_Dr_Hoffmann,_Xpansul_-_Blind_Spot_038",Xpansul,2,,Backspin Boys,Hd2000XP [True Type Tracks (Forthcoming)],Backspin Boys - Hd2000XP [True Type Tracks (Forthcoming)]
"2010-01-16 - Dr Hoffmann, Xpansul - Blind Spot 038","https://www.mixesdb.com/w/2010-01-16_-_Dr_Hoffmann,_Xpansul_-_Blind_Spot_038",Xpansul,3,,Remute,Blaeserli (Deepgroove & Jaime Anderson Remix) [Remute],Remute - Blaeserli (Deepgroove & Jaime Anderson Remix) [Remute]
"2010-01-16 - Dr Hoffmann, Xpansul - Blind Spot 038","https://www.mixesdb.com/w/2010-01-16_-_Dr_Hoffmann,_Xpansul_-_Blind_Spot_038",Xpansul,4,,Information Ghetto,How To Build A Brain (Xpansul Remix) [Stolen Moments],Information Ghetto - How To Build A Brain (Xpansul Remix) [Stolen Moments]
"2010-01-16 - Dr Hoffmann, Xpansul - Blind Spot 038","https://www.mixesdb.com/w/2010-01-16_-_Dr_Hoffmann,_Xpansul_-_Blind_Spot_038",Xpansul,5,,Xpansul & Daweed,If Only I Had A Brain [True Type Tracks (Forthcoming)],Xpansul & Daweed - If Only I Had A Brain [True Type Tracks (Forthcoming)]
"2010-01-16 - Dr Hoffmann, Xpansul - Blind Spot 038","https://www.mixesdb.com/w/2010-01-16_-_Dr_Hoffmann,_Xpansul_-_Blind_Spot_038",Xpansul,6,,Pär Grindvik & Staffan Linzatti,Lights Up On (Man Of Science. Man Of Faith Version) [Stockholm Ltd],Pär Grindvik & Staffan Linzatti - Lights Up On (Man Of Science. Man Of Faith Version) [Stockholm Ltd]
"2010-01-16 - Dr Hoffmann, Xpansul - Blind Spot 038","https://www.mixesdb.com/w/2010-01-16_-_Dr_Hoffmann,_Xpansul_-_Blind_Spot_038",Xpansul,7,,Heron,Revolt (Bryan Zent's Blaqbloq Version) [Limikola],Heron - Revolt (Bryan Zent's Blaqbloq Version) [Limikola]
"2010-01-16 - Dr Hoffmann, Xpansul - Blind Spot 038","https://www.mixesdb.com/w/2010-01-16_-_Dr_Hoffmann,_Xpansul_-_Blind_Spot_038",Xpansul,8,,Xpansul & Daweed,Wind & Snow [True Type Tracks (Forthcoming)],Xpansul & Daweed - Wind & Snow [True Type Tracks (Forthcoming)]
"2010-01-16 - Dr Hoffmann, Xpansul - Blind Spot 038","https://www.mixesdb.com/w/2010-01-16_-_Dr_Hoffmann,_Xpansul_-_Blind_Spot_038",Xpansul,9,,Cari Lekebusch,Spindizzy [Mote Evolver],Cari Lekebusch - Spindizzy [Mote Evolver]
"2010-01-16 - Dr Hoffmann, Xpansul - Blind Spot 038","https://www.mixesdb.com/w/2010-01-16_-_Dr_Hoffmann,_Xpansul_-_Blind_Spot_038",Xpansul,10,,Alex Under,Doornroosje [Minibus],Alex Under - Doornroosje [Minibus]
"2010-01-16 - Dr Hoffmann, Xpansul - Blind Spot 038","https://www.mixesdb.com/w/2010-01-16_-_Dr_Hoffmann,_Xpansul_-_Blind_Spot_038",Xpansul,11,,Alan Fitzpatrick,Face Of Rejection [Drumcode],Alan Fitzpatrick - Face Of Rejection [Drumcode]
"2010-01-16 - Dr Hoffmann, Xpansul - Blind Spot 038","https://www.mixesdb.com/w/2010-01-16_-_Dr_Hoffmann,_Xpansul_-_Blind_Spot_038",Xpansul,12,,Ben Clock,Goodly Sin Feat. Elif Bicer (Robert Hood Remix) [Ostgut],Ben Clock - Goodly Sin Feat. Elif Bicer (Robert Hood Remix) [Ostgut]
"2010-01-16 - Dr Hoffmann, Xpansul - Blind Spot 038","https://www.mixesdb.com/w/2010-01-16_-_Dr_Hoffmann,_Xpansul_-_Blind_Spot_038",Xpansul,13,,Haine Et Dout,14:00 Pm (Xpansul Remix) [Clock Up],Haine Et Dout - 14:00 Pm (Xpansul Remix) [Clock Up]
"2010-01-16 - Dr Hoffmann, Xpansul - Blind Spot 038","https://www.mixesdb.com/w/2010-01-16_-_Dr_Hoffmann,_Xpansul_-_Blind_Spot_038",Xpansul,14,,Alessio Mereu & Virgil Enzinger,Power Of The One [True Type Tracks],Alessio Mereu & Virgil Enzinger - Power Of The One [True Type Tracks]
"2010-01-16 - Dr Hoffmann, Xpansul - Blind Spot 038","https://www.mixesdb.com/w/2010-01-16_-_Dr_Hoffmann,_Xpansul_-_Blind_Spot_038",Xpansul,15,,HD Substance,Move My Body (Leandro Gamez Remix) [Atlas 2000],HD Substance - Move My Body (Leandro Gamez Remix) [Atlas 2000]
"2010-01-16 - Dr Hoffmann, Xpansul - Blind Spot 038","https://www.mixesdb.com/w/2010-01-16_-_Dr_Hoffmann,_Xpansul_-_Blind_Spot_038",Xpansul,16,,Creeping Wave,Airy Function [Synewave],Creeping Wave - Airy Function [Synewave]
"2010-01-16 - Dr Hoffmann, Xpansul - Blind Spot 038","https://www.mixesdb.com/w/2010-01-16_-_Dr_Hoffmann,_Xpansul_-_Blind_Spot_038",Xpansul,17,,Tadeo,Everlasting [Cyclical Tracks],Tadeo - Everlasting [Cyclical Tracks]
"2010-01-16 - Dr Hoffmann, Xpansul - Blind Spot 038","https://www.mixesdb.com/w/2010-01-16_-_Dr_Hoffmann,_Xpansul_-_Blind_Spot_038",Xpansul,18,,Xpansul,Vuelva Usted Mañana [Perc Trax],Xpansul - Vuelva Usted Mañana [Perc Trax]
"2010-01-16 - Dr Hoffmann, Xpansul - Blind Spot 038","https://www.mixesdb.com/w/2010-01-16_-_Dr_Hoffmann,_Xpansul_-_Blind_Spot_038",Xpansul,19,,Ortin Cam,Felt Part 1 [Mote Evolver],Ortin Cam - Felt Part 1 [Mote Evolver]
"2010-01-16 - Dr Hoffmann, Xpansul - Blind Spot 038","https://www.mixesdb.com/w/2010-01-16_-_Dr_Hoffmann,_Xpansul_-_Blind_Spot_038",Xpansul,20,,Alessio Mereu & Virgil Enzinger,Kamun [True Type Tracks],Alessio Mereu & Virgil Enzinger - Kamun [True Type Tracks]
