mix_title,mix_url,part,position,timestamp,artist,title,raw
"1995 - Robert Hood - Love Parade Special, Kiss FM","https://www.mixesdb.com/w/1995_-_Robert_Hood_-_Love_Parade_Special,_Kiss_FM",Part 1,1,000:00,Robert Hood,Moveable Parts Chapter 1 Untitled 2,Robert Hood - Moveable Parts Chapter 1 Untitled 2
"1995 - Robert Hood - Love Parade Special, Kiss FM","https://www.mixesdb.com/w/1995_-_Robert_Hood_-_Love_Parade_Special,_Kiss_FM",Part 1,2,001:50,Robert Hood,Ride,Robert Hood - Ride
"1995 - Robert Hood - Love Parade Special, Kiss FM","https://www.mixesdb.com/w/1995_-_Robert_Hood_-_Love_Parade_Special,_Kiss_FM",Part 1,3,004:04,The Memory Foundation,M-P 303 B2,The Memory Foundation - M-P 303 B2
"1995 - Robert Hood - Love Parade Special, Kiss FM","https://www.mixesdb.com/w/1995_-_Robert_Hood_-_Love_Parade_Special,_Kiss_FM",Part 1,4,006:50,iO,T.T.,iO - T.T.
"1995 - Robert Hood - Love Parade Special, Kiss FM","https://www.mixesdb.com/w/1995_-_Robert_Hood_-_Love_Parade_Special,_Kiss_FM",Part 1,5,009:30,Robert Hood,Protein Valve 2,Robert Hood - Protein Valve 2
"1995 - Robert Hood - Love Parade Special, Kiss FM","https://www.mixesdb.com/w/1995_-_Robert_Hood_-_Love_Parade_Special,_Kiss_FM",Part 1,6,012:18,,?,?
"1995 - Robert Hood - Love Parade Special, Kiss FM","https://www.mixesdb.com/w/1995_-_Robert_Hood_-_Love_Parade_Special,_Kiss_FM",Part 1,7,013:57,Joey Beltram,Ten Four,Joey Beltram - Ten Four
"1995 - Robert Hood - Love Parade Special, Kiss FM","https://www.mixesdb.com/w/1995_-_Robert_Hood_-_Love_Parade_Special,_Kiss_FM",Part 1,8,017:30,Robert Hood,Untitled Scetch,Robert Hood - Untitled Scetch
"1995 - Robert Hood - Love Parade Special, Kiss FM","https://www.mixesdb.com/w/1995_-_Robert_Hood_-_Love_Parade_Special,_Kiss_FM",Part 1,9,019:95,Robert Hood,The Pace,Robert Hood - The Pace
"1995 - Robert Hood - Love Parade Special, Kiss FM","https://www.mixesdb.com/w/1995_-_Robert_Hood_-_Love_Parade_Special,_Kiss_FM",Part 1,10,022:27,Jeff Mills,DNA,Jeff Mills - DNA
"1995 - Robert Hood - Love Parade Special, Kiss FM","https://www.mixesdb.com/w/1995_-_Robert_Hood_-_Love_Parade_Special,_Kiss_FM",Part 1,11,024:40,3 Phase,Der Klang Der Familie (F.U.S.E. Mix),3 Phase - Der Klang Der Familie (F.U.S.E. Mix)
"1995 - Robert Hood - Love Parade Special, Kiss FM","https://www.mixesdb.com/w/1995_-_Robert_Hood_-_Love_Parade_Special,_Kiss_FM",Part 1,12,027:52,Robert Hood,Parade,Robert Hood - Parade
"1995 - Robert Hood - Love Parade Special, Kiss FM","https://www.mixesdb.com/w/1995_-_Robert_Hood_-_Love_Parade_Special,_Kiss_FM",Part 1,13,028:48,,Roy Davis Jr. ‎– Heart Attack (ID Remix),Roy Davis Jr. ‎– Heart Attack (ID Remix)
"1995 - Robert Hood - Love Parade Special, Kiss FM","https://www.mixesdb.com/w/1995_-_Robert_Hood_-_Love_Parade_Special,_Kiss_FM",Part 1,14,032:23,Rhythim Is Rhythim,Drama,Rhythim Is Rhythim - Drama
"1995 - Robert Hood - Love Parade Special, Kiss FM","https://www.mixesdb.com/w/1995_-_Robert_Hood_-_Love_Parade_Special,_Kiss_FM",Part 1,15,035:13,Maurizio,M4 B2,Maurizio - M4 B2
"1995 - Robert Hood - Love Parade Special, Kiss FM","https://www.mixesdb.com/w/1995_-_Robert_Hood_-_Love_Parade_Special,_Kiss_FM",Part 1,16,038:41,,?,?
"1995 - Robert Hood - Love Parade Special, Kiss FM","https://www.mixesdb.com/w/1995_-_Robert_Hood_-_Love_Parade_Special,_Kiss_FM",Part 2,1,042:21,H&M,Sleepchamber,H&M - Sleepchamber
"1995 - Robert Hood - Love Parade Special, Kiss FM","https://www.mixesdb.com/w/1995_-_Robert_Hood_-_Love_Parade_Special,_Kiss_FM",Part 2,2,044:27,,?,?
"1995 - Robert Hood - Love Parade Special, Kiss FM","https://www.mixesdb.com/w/1995_-_Robert_Hood_-_Love_Parade_Special,_Kiss_FM",Part 2,3,047:23,Peter Presta,C'mon Baby (Hard Acid Mix),Peter Presta - C'mon Baby (Hard Acid Mix)
"1995 - Robert Hood - Love Parade Special, Kiss FM","https://www.mixesdb.com/w/1995_-_Robert_Hood_-_Love_Parade_Special,_Kiss_FM",Part 2,4,061:54,Zzino,Accelerate,Zzino - Accelerate
2010-02-16 - Robert Hood (Live PA) - M-Plant Mix (EPM Podcast 6),https://www.mixesdb.com/w/2010-02-16_-_Robert_Hood_(Live_PA)_-_M-Plant_Mix_(EPM_Podcast_6),,1,,Robert Hood,Strativarius (The Puppeteer),Robert Hood - Strativarius (The Puppeteer)
2010-02-16 - Robert Hood (Live PA) - M-Plant Mix (EPM Podcast 6),https://www.mixesdb.com/w/2010-02-16_-_Robert_Hood_(Live_PA)_-_M-Plant_Mix_(EPM_Podcast_6),,2,,Robert Hood,Dark Room,Robert Hood - Dark Room
2010-02-16 - Robert Hood (Live PA) - M-Plant Mix (EPM Podcast 6),https://www.mixesdb.com/w/2010-02-16_-_Robert_Hood_(Live_PA)_-_M-Plant_Mix_(EPM_Podcast_6),,3,,Robert Hood,The Pace,Robert Hood - The Pace
2010-02-16 - Robert Hood (Live PA) - M-Plant Mix (EPM Podcast 6),https://www.mixesdb.com/w/2010-02-16_-_Robert_Hood_(Live_PA)_-_M-Plant_Mix_(EPM_Podcast_6),,4,,Robert Hood,Superman,Robert Hood - Superman
2010-02-16 - Robert Hood (Live PA) - M-Plant Mix (EPM Podcast 6),https://www.mixesdb.com/w/2010-02-16_-_Robert_Hood_(Live_PA)_-_M-Plant_Mix_(EPM_Podcast_6),,5,,Robert Hood,I,Robert Hood - I
2010-02-16 - Robert Hood (Live PA) - M-Plant Mix (EPM Podcast 6),https://www.mixesdb.com/w/2010-02-16_-_Robert_Hood_(Live_PA)_-_M-Plant_Mix_(EPM_Podcast_6),,6,,Robert Hood,Metronome (B Side),Robert Hood - Metronome (B Side)
2010-02-16 - Robert Hood (Live PA) - M-Plant Mix (EPM Podcast 6),https://www.mixesdb.com/w/2010-02-16_-_Robert_Hood_(Live_PA)_-_M-Plant_Mix_(EPM_Podcast_6),,7,,Robert Hood,Hard To Kill,Robert Hood - Hard To Kill
2010-02-16 - Robert Hood (Live PA) - M-Plant Mix (EPM Podcast 6),https://www.mixesdb.com/w/2010-02-16_-_Robert_Hood_(Live_PA)_-_M-Plant_Mix_(EPM_Podcast_6),,8,,Robert Hood,Teflon,Robert Hood - Teflon
2010-02-16 - Robert Hood (Live PA) - M-Plant Mix (EPM Podcast 6),https://www.mixesdb.com/w/2010-02-16_-_Robert_Hood_(Live_PA)_-_M-Plant_Mix_(EPM_Podcast_6),,9,,Robert Hood,Obey,Robert Hood - Obey
2010-02-16 - Robert Hood (Live PA) - M-Plant Mix (EPM Podcast 6),https://www.mixesdb.com/w/2010-02-16_-_Robert_Hood_(Live_PA)_-_M-Plant_Mix_(EPM_Podcast_6),,10,,Robert Hood,Stereotype (Track 1),Robert Hood - Stereotype (Track 1)
2010-02-16 - Robert Hood (Live PA) - M-Plant Mix (EPM Podcast 6),https://www.mixesdb.com/w/2010-02-16_-_Robert_Hood_(Live_PA)_-_M-Plant_Mix_(EPM_Podcast_6),,11,,Robert Hood,Externus Oblique,Robert Hood - Externus Oblique
2010-02-16 - Robert Hood (Live PA) - M-Plant Mix (EPM Podcast 6),https://www.mixesdb.com/w/2010-02-16_-_Robert_Hood_(Live_PA)_-_M-Plant_Mix_(EPM_Podcast_6),,12,,Robert Hood,"The Protein Valve (A Side, Track 3)","Robert Hood - The Protein Valve (A Side, Track 3)"
2010-02-16 - Robert Hood (Live PA) - M-Plant Mix (EPM Podcast 6),https://www.mixesdb.com/w/2010-02-16_-_Robert_Hood_(Live_PA)_-_M-Plant_Mix_(EPM_Podcast_6),,13,,Robert Hood,Untitled,Robert Hood - Untitled
2010-02-16 - Robert Hood (Live PA) - M-Plant Mix (EPM Podcast 6),https://www.mixesdb.com/w/2010-02-16_-_Robert_Hood_(Live_PA)_-_M-Plant_Mix_(EPM_Podcast_6),,14,,Robert Hood,"Untitled 5 (A Side, Track 2)","Robert Hood - Untitled 5 (A Side, Track 2)"
2010-02-16 - Robert Hood (Live PA) - M-Plant Mix (EPM Podcast 6),https://www.mixesdb.com/w/2010-02-16_-_Robert_Hood_(Live_PA)_-_M-Plant_Mix_(EPM_Podcast_6),,15,,Robert Hood,Grey Matter,Robert Hood - Grey Matter
2010-02-16 - Robert Hood (Live PA) - M-Plant Mix (EPM Podcast 6),https://www.mixesdb.com/w/2010-02-16_-_Robert_Hood_(Live_PA)_-_M-Plant_Mix_(EPM_Podcast_6),,16,,Robert Hood,Realm (Monobox),Robert Hood - Realm (Monobox)
2010-02-16 - Robert Hood (Live PA) - M-Plant Mix (EPM Podcast 6),https://www.mixesdb.com/w/2010-02-16_-_Robert_Hood_(Live_PA)_-_M-Plant_Mix_(EPM_Podcast_6),,17,,Robert Hood,Population,Robert Hood - Population
2010-02-16 - Robert Hood (Live PA) - M-Plant Mix (EPM Podcast 6),https://www.mixesdb.com/w/2010-02-16_-_Robert_Hood_(Live_PA)_-_M-Plant_Mix_(EPM_Podcast_6),,18,,Robert Hood,Untitled 1,Robert Hood - Untitled 1
2010-02-16 - Robert Hood (Live PA) - M-Plant Mix (EPM Podcast 6),https://www.mixesdb.com/w/2010-02-16_-_Robert_Hood_(Live_PA)_-_M-Plant_Mix_(EPM_Podcast_6),,19,,Robert Hood,Alpha,Robert Hood - Alpha
2010-02-16 - Robert Hood (Live PA) - M-Plant Mix (EPM Podcast 6),https://www.mixesdb.com/w/2010-02-16_-_Robert_Hood_(Live_PA)_-_M-Plant_Mix_(EPM_Podcast_6),,20,,Robert Hood,Range,Robert Hood - Range
2010-02-16 - Robert Hood (Live PA) - M-Plant Mix (EPM Podcast 6),https://www.mixesdb.com/w/2010-02-16_-_Robert_Hood_(Live_PA)_-_M-Plant_Mix_(EPM_Podcast_6),,21,,Robert Hood,Museum,Robert Hood - Museum
2010-02-16 - Robert Hood (Live PA) - M-Plant Mix (EPM Podcast 6),https://www.mixesdb.com/w/2010-02-16_-_Robert_Hood_(Live_PA)_-_M-Plant_Mix_(EPM_Podcast_6),,22,,Robert Hood,SH-101,Robert Hood - SH-101
2010-02-16 - Robert Hood (Live PA) - M-Plant Mix (EPM Podcast 6),https://www.mixesdb.com/w/2010-02-16_-_Robert_Hood_(Live_PA)_-_M-Plant_Mix_(EPM_Podcast_6),,23,,Robert Hood,The Greatest Dancer,Robert Hood - The Greatest Dancer
2010-02-16 - Robert Hood (Live PA) - M-Plant Mix (EPM Podcast 6),https://www.mixesdb.com/w/2010-02-16_-_Robert_Hood_(Live_PA)_-_M-Plant_Mix_(EPM_Podcast_6),,24,,Robert Hood,Omega (End Times),Robert Hood - Omega (End Times)
"1996-08-10 - Robert Hood @ Energy Rave, Zurich","https://www.mixesdb.com/w/1996-08-10_-_Robert_Hood_@_Energy_Rave,_Zurich",,1,00,G-Man,Sparticus,G-Man - Sparticus
"1996-08-10 - Robert Hood @ Energy Rave, Zurich","https://www.mixesdb.com/w/1996-08-10_-_Robert_Hood_@_Energy_Rave,_Zurich",,2,??,Robert Armani,Toxic Hangover,Robert Armani - Toxic Hangover
"1996-08-10 - Robert Hood @ Energy Rave, Zurich","https://www.mixesdb.com/w/1996-08-10_-_Robert_Hood_@_Energy_Rave,_Zurich",,3,??,iO,T.T.,iO - T.T.
"1996-08-10 - Robert Hood @ Energy Rave, Zurich","https://www.mixesdb.com/w/1996-08-10_-_Robert_Hood_@_Energy_Rave,_Zurich",,4,??,Ratio,Locked Groove 4,Ratio - Locked Groove 4
"1996-08-10 - Robert Hood @ Energy Rave, Zurich","https://www.mixesdb.com/w/1996-08-10_-_Robert_Hood_@_Energy_Rave,_Zurich",,5,11,Robert Hood,One Touch [M-Plant - M.PM1],Robert Hood - One Touch [M-Plant - M.PM1]
"1996-08-10 - Robert Hood @ Energy Rave, Zurich","https://www.mixesdb.com/w/1996-08-10_-_Robert_Hood_@_Energy_Rave,_Zurich",,6,14,Robert Hood,The Pace,Robert Hood - The Pace
"1996-08-10 - Robert Hood @ Energy Rave, Zurich","https://www.mixesdb.com/w/1996-08-10_-_Robert_Hood_@_Energy_Rave,_Zurich",,7,19,Thomas P. Heckmann,The Return [Trope - BP 008],Thomas P. Heckmann - The Return [Trope - BP 008]
"1996-08-10 - Robert Hood @ Energy Rave, Zurich","https://www.mixesdb.com/w/1996-08-10_-_Robert_Hood_@_Energy_Rave,_Zurich",,8,21,Access 58,Intercourse [Pacific - fic012],Access 58 - Intercourse [Pacific - fic012]
"1996-08-10 - Robert Hood @ Energy Rave, Zurich","https://www.mixesdb.com/w/1996-08-10_-_Robert_Hood_@_Energy_Rave,_Zurich",,9,26,Robert Hood,Untitled Scetch,Robert Hood - Untitled Scetch
"1996-08-10 - Robert Hood @ Energy Rave, Zurich","https://www.mixesdb.com/w/1996-08-10_-_Robert_Hood_@_Energy_Rave,_Zurich",,10,??,Robert Hood,All Day Long (B2),Robert Hood - All Day Long (B2)
"1996-08-10 - Robert Hood @ Energy Rave, Zurich","https://www.mixesdb.com/w/1996-08-10_-_Robert_Hood_@_Energy_Rave,_Zurich",,11,??,Robert Hood,Museum,Robert Hood - Museum
"1996-08-10 - Robert Hood @ Energy Rave, Zurich","https://www.mixesdb.com/w/1996-08-10_-_Robert_Hood_@_Energy_Rave,_Zurich",,12,??,Sounders Department,Redox,Sounders Department - Redox
"1996-08-10 - Robert Hood @ Energy Rave, Zurich","https://www.mixesdb.com/w/1996-08-10_-_Robert_Hood_@_Energy_Rave,_Zurich",,13,??,The Vectif,Octan [Spectron],The Vectif - Octan [Spectron]
"1996-08-10 - Robert Hood @ Energy Rave, Zurich","https://www.mixesdb.com/w/1996-08-10_-_Robert_Hood_@_Energy_Rave,_Zurich",,14,??,Sterac,Primus,Sterac - Primus
"1996-08-10 - Robert Hood @ Energy Rave, Zurich","https://www.mixesdb.com/w/1996-08-10_-_Robert_Hood_@_Energy_Rave,_Zurich",,15,??,Missing Channel,Legion Of Hunger [Hardwax Hx-008],Missing Channel - Legion Of Hunger [Hardwax Hx-008]
"1996-08-10 - Robert Hood @ Energy Rave, Zurich","https://www.mixesdb.com/w/1996-08-10_-_Robert_Hood_@_Energy_Rave,_Zurich",,16,??,Love,R.E.S.P.E.C.T. (Ian Pooley Remix) [Force Inc FIM-118],Love - R.E.S.P.E.C.T. (Ian Pooley Remix) [Force Inc FIM-118]
"1996-08-10 - Robert Hood @ Energy Rave, Zurich","https://www.mixesdb.com/w/1996-08-10_-_Robert_Hood_@_Energy_Rave,_Zurich",,17,??,Damon Wild,Arrakis,Damon Wild - Arrakis
2008-03-31 - Robert Hood - Bodytonic Podcast 7,https://www.mixesdb.com/w/2008-03-31_-_Robert_Hood_-_Bodytonic_Podcast_7,,1,0:00:00,[https://www.discogs.com/release/712848 Mono Junk,Channel B],[https://www.discogs.com/release/712848 Mono Junk - Channel B]
2008-03-31 - Robert Hood - Bodytonic Podcast 7,https://www.mixesdb.com/w/2008-03-31_-_Robert_Hood_-_Bodytonic_Podcast_7,,2,0:03:00,[https://www.discogs.com/release/54161 Mono Junk,A...],[https://www.discogs.com/release/54161 Mono Junk - A...]
2008-03-31 - Robert Hood - Bodytonic Podcast 7,https://www.mixesdb.com/w/2008-03-31_-_Robert_Hood_-_Bodytonic_Podcast_7,,3,0:06:00,[https://www.discogs.com/release/13410 The Vision,Spectral Nomad],[https://www.discogs.com/release/13410 The Vision - Spectral Nomad]
2008-03-31 - Robert Hood - Bodytonic Podcast 7,https://www.mixesdb.com/w/2008-03-31_-_Robert_Hood_-_Bodytonic_Podcast_7,,4,0:10:00,[https://www.discogs.com/release/35578 Jack Master,Basement Trax Vol. 1],[https://www.discogs.com/release/35578 Jack Master - Basement Trax Vol. 1]
2008-03-31 - Robert Hood - Bodytonic Podcast 7,https://www.mixesdb.com/w/2008-03-31_-_Robert_Hood_-_Bodytonic_Podcast_7,,5,0:12:30,[https://www.discogs.com/release/1093484 Steve Poindexter,Work That Mutha Fucker],[https://www.discogs.com/release/1093484 Steve Poindexter - Work That Mutha Fucker]
2008-03-31 - Robert Hood - Bodytonic Podcast 7,https://www.mixesdb.com/w/2008-03-31_-_Robert_Hood_-_Bodytonic_Podcast_7,,6,0:14:42,[https://www.discogs.com/release/173168 Murat,Moments],[https://www.discogs.com/release/173168 Murat - Moments]
2008-03-31 - Robert Hood - Bodytonic Podcast 7,https://www.mixesdb.com/w/2008-03-31_-_Robert_Hood_-_Bodytonic_Podcast_7,,7,0:16:40,[https://www.discogs.com/release/18051 Dave Clarke,No One's Driving],[https://www.discogs.com/release/18051 Dave Clarke - No One's Driving]
2008-03-31 - Robert Hood - Bodytonic Podcast 7,https://www.mixesdb.com/w/2008-03-31_-_Robert_Hood_-_Bodytonic_Podcast_7,,8,0:18:10,[https://www.discogs.com/release/38585 John Thomas,Magic],[https://www.discogs.com/release/38585 John Thomas - Magic]
2008-03-31 - Robert Hood - Bodytonic Podcast 7,https://www.mixesdb.com/w/2008-03-31_-_Robert_Hood_-_Bodytonic_Podcast_7,,9,0:20:00,[https://www.discogs.com/release/4901 Recyclopaedia Eclectronica,Earresistible Once],[https://www.discogs.com/release/4901 Recyclopaedia Eclectronica - Earresistible Once]
2008-03-31 - Robert Hood - Bodytonic Podcast 7,https://www.mixesdb.com/w/2008-03-31_-_Robert_Hood_-_Bodytonic_Podcast_7,,10,0:23:05,[https://www.discogs.com/release/5537 Scorp,New Energy / Energetix],[https://www.discogs.com/release/5537 Scorp - New Energy / Energetix]
2008-03-31 - Robert Hood - Bodytonic Podcast 7,https://www.mixesdb.com/w/2008-03-31_-_Robert_Hood_-_Bodytonic_Podcast_7,,11,0:24:50,[https://www.discogs.com/release/1093484 Steve Poindexter,Work That Mutha Fucker],[https://www.discogs.com/release/1093484 Steve Poindexter - Work That Mutha Fucker]
2008-03-31 - Robert Hood - Bodytonic Podcast 7,https://www.mixesdb.com/w/2008-03-31_-_Robert_Hood_-_Bodytonic_Podcast_7,,12,,,?,?
2008-03-31 - Robert Hood - Bodytonic Podcast 7,https://www.mixesdb.com/w/2008-03-31_-_Robert_Hood_-_Bodytonic_Podcast_7,,13,,,?,?
2008-03-31 - Robert Hood - Bodytonic Podcast 7,https://www.mixesdb.com/w/2008-03-31_-_Robert_Hood_-_Bodytonic_Podcast_7,,14,0:31:30,[https://www.discogs.com/release/2386 Robert Hood,Minimal Nation],[https://www.discogs.com/release/2386 Robert Hood - Minimal Nation]
2008-03-31 - Robert Hood - Bodytonic Podcast 7,https://www.mixesdb.com/w/2008-03-31_-_Robert_Hood_-_Bodytonic_Podcast_7,,15,,,?,?
2008-03-31 - Robert Hood - Bodytonic Podcast 7,https://www.mixesdb.com/w/2008-03-31_-_Robert_Hood_-_Bodytonic_Podcast_7,,16,,,?,?
2008-03-31 - Robert Hood - Bodytonic Podcast 7,https://www.mixesdb.com/w/2008-03-31_-_Robert_Hood_-_Bodytonic_Podcast_7,,17,0:42:42,[https://www.discogs.com/release/12023 iO,Sustain & Release],[https://www.discogs.com/release/12023 iO - Sustain & Release]
2008-03-31 - Robert Hood - Bodytonic Podcast 7,https://www.mixesdb.com/w/2008-03-31_-_Robert_Hood_-_Bodytonic_Podcast_7,,18,,,?,?
2008-03-31 - Robert Hood - Bodytonic Podcast 7,https://www.mixesdb.com/w/2008-03-31_-_Robert_Hood_-_Bodytonic_Podcast_7,,19,0:46:48,[https://www.discogs.com/release/26691 Aril Brikha,Deeparture In Time],[https://www.discogs.com/release/26691 Aril Brikha - Deeparture In Time]
2008-03-31 - Robert Hood - Bodytonic Podcast 7,https://www.mixesdb.com/w/2008-03-31_-_Robert_Hood_-_Bodytonic_Podcast_7,,20,,,?,?
2008-03-31 - Robert Hood - Bodytonic Podcast 7,https://www.mixesdb.com/w/2008-03-31_-_Robert_Hood_-_Bodytonic_Podcast_7,,21,,,?,?
2008-03-31 - Robert Hood - Bodytonic Podcast 7,https://www.mixesdb.com/w/2008-03-31_-_Robert_Hood_-_Bodytonic_Podcast_7,,22,0:56:45,[https://www.discogs.com/release/121325 Marco Lenzi,Taboo],[https://www.discogs.com/release/121325 Marco Lenzi - Taboo]
2008-03-31 - Robert Hood - Bodytonic Podcast 7,https://www.mixesdb.com/w/2008-03-31_-_Robert_Hood_-_Bodytonic_Podcast_7,,23,0:58:00,,,
2008-03-31 - Robert Hood - Bodytonic Podcast 7,https://www.mixesdb.com/w/2008-03-31_-_Robert_Hood_-_Bodytonic_Podcast_7,,24,,,?,?
2008-03-31 - Robert Hood - Bodytonic Podcast 7,https://www.mixesdb.com/w/2008-03-31_-_Robert_Hood_-_Bodytonic_Podcast_7,,25,,,?,?
2008-03-31 - Robert Hood - Bodytonic Podcast 7,https://www.mixesdb.com/w/2008-03-31_-_Robert_Hood_-_Bodytonic_Podcast_7,,26,1:04:00,[https://www.discogs.com/release/10735 Robert Hood,Moveable Parts Chapter 1],[https://www.discogs.com/release/10735 Robert Hood - Moveable Parts Chapter 1]
2008-03-31 - Robert Hood - Bodytonic Podcast 7,https://www.mixesdb.com/w/2008-03-31_-_Robert_Hood_-_Bodytonic_Podcast_7,,27,1:07:40,[https://www.discogs.com/release/31841 Ignacio,Organa],[https://www.discogs.com/release/31841 Ignacio - Organa]
2008-03-31 - Robert Hood - Bodytonic Podcast 7,https://www.mixesdb.com/w/2008-03-31_-_Robert_Hood_-_Bodytonic_Podcast_7,,28,1:12:00,[https://www.discogs.com/release/21371 Robert Hood,The Pace / Wandering Endlessly],[https://www.discogs.com/release/21371 Robert Hood - The Pace / Wandering Endlessly]
2008-03-31 - Robert Hood - Bodytonic Podcast 7,https://www.mixesdb.com/w/2008-03-31_-_Robert_Hood_-_Bodytonic_Podcast_7,,29,,,?,?
2008-03-31 - Robert Hood - Bodytonic Podcast 7,https://www.mixesdb.com/w/2008-03-31_-_Robert_Hood_-_Bodytonic_Podcast_7,,30,,,?,?
2008-03-31 - Robert Hood - Bodytonic Podcast 7,https://www.mixesdb.com/w/2008-03-31_-_Robert_Hood_-_Bodytonic_Podcast_7,,31,,,?,?
2008-03-31 - Robert Hood - Bodytonic Podcast 7,https://www.mixesdb.com/w/2008-03-31_-_Robert_Hood_-_Bodytonic_Podcast_7,,32,1:23:00,[https://www.discogs.com/release/244570 Diego,Mind Detergent (Robert Hood Remixes)],[https://www.discogs.com/release/244570 Diego - Mind Detergent (Robert Hood Remixes)]
2008-03-31 - Robert Hood - Bodytonic Podcast 7,https://www.mixesdb.com/w/2008-03-31_-_Robert_Hood_-_Bodytonic_Podcast_7,,33,,,?,?
2008-03-31 - Robert Hood - Bodytonic Podcast 7,https://www.mixesdb.com/w/2008-03-31_-_Robert_Hood_-_Bodytonic_Podcast_7,,34,,,?,?
2008-03-31 - Robert Hood - Bodytonic Podcast 7,https://www.mixesdb.com/w/2008-03-31_-_Robert_Hood_-_Bodytonic_Podcast_7,,35,1:28:30,[https://www.discogs.com/release/1617 UK Gold,Agent Wood],[https://www.discogs.com/release/1617 UK Gold - Agent Wood]
2008-03-31 - Robert Hood - Bodytonic Podcast 7,https://www.mixesdb.com/w/2008-03-31_-_Robert_Hood_-_Bodytonic_Podcast_7,,36,1:30:30,[https://www.discogs.com/release/3830 Steve Rachmad,Tir Na Nog],[https://www.discogs.com/release/3830 Steve Rachmad - Tir Na Nog]
2008-03-31 - Robert Hood - Bodytonic Podcast 7,https://www.mixesdb.com/w/2008-03-31_-_Robert_Hood_-_Bodytonic_Podcast_7,,37,,,?,?
2008-03-31 - Robert Hood - Bodytonic Podcast 7,https://www.mixesdb.com/w/2008-03-31_-_Robert_Hood_-_Bodytonic_Podcast_7,,38,1:34:50,[https://www.discogs.com/release/38410 Robert Hood,The Metronome],[https://www.discogs.com/release/38410 Robert Hood - The Metronome]
2008-03-31 - Robert Hood - Bodytonic Podcast 7,https://www.mixesdb.com/w/2008-03-31_-_Robert_Hood_-_Bodytonic_Podcast_7,,39,1:38:00,[https://www.discogs.com/release/779860 Robert Hood,Hoodmusic 2],[https://www.discogs.com/release/779860 Robert Hood - Hoodmusic 2]
2008-03-31 - Robert Hood - Bodytonic Podcast 7,https://www.mixesdb.com/w/2008-03-31_-_Robert_Hood_-_Bodytonic_Podcast_7,,40,1:39:22,[https://www.discogs.com/release/265 H&M,Tranquilizer EP],[https://www.discogs.com/release/265 H&M - Tranquilizer EP]
2008-03-31 - Robert Hood - Bodytonic Podcast 7,https://www.mixesdb.com/w/2008-03-31_-_Robert_Hood_-_Bodytonic_Podcast_7,,41,1:43:10,[https://www.discogs.com/release/5418 Robert Hood,Apartment Zero],[https://www.discogs.com/release/5418 Robert Hood - Apartment Zero]
2008-03-31 - Robert Hood - Bodytonic Podcast 7,https://www.mixesdb.com/w/2008-03-31_-_Robert_Hood_-_Bodytonic_Podcast_7,,42,1:44:11,[https://www.discogs.com/release/27947 Mark Broom,New Arrival],[https://www.discogs.com/release/27947 Mark Broom - New Arrival]
2008-03-31 - Robert Hood - Bodytonic Podcast 7,https://www.mixesdb.com/w/2008-03-31_-_Robert_Hood_-_Bodytonic_Podcast_7,,43,1:46:10,[https://www.discogs.com/release/151851 Robert Hood,I],[https://www.discogs.com/release/151851 Robert Hood - I]
2008-03-31 - Robert Hood - Bodytonic Podcast 7,https://www.mixesdb.com/w/2008-03-31_-_Robert_Hood_-_Bodytonic_Podcast_7,,44,,,?,?
2008-03-31 - Robert Hood - Bodytonic Podcast 7,https://www.mixesdb.com/w/2008-03-31_-_Robert_Hood_-_Bodytonic_Podcast_7,,45,,,?,?
"2007-10-13 - Dave Clarke, Robert Hood (Awakenings) - Whitenoise","https://www.mixesdb.com/w/2007-10-13_-_Dave_Clarke,_Robert_Hood_(Awakenings)_-_Whitenoise",Part 1,1,,DJ Nasty,Crank That,DJ Nasty - Crank That
"2007-10-13 - Dave Clarke, Robert Hood (Awakenings) - Whitenoise","https://www.mixesdb.com/w/2007-10-13_-_Dave_Clarke,_Robert_Hood_(Awakenings)_-_Whitenoise",Part 1,2,,Systemic,Audi Archetecture,Systemic - Audi Archetecture
"2007-10-13 - Dave Clarke, Robert Hood (Awakenings) - Whitenoise","https://www.mixesdb.com/w/2007-10-13_-_Dave_Clarke,_Robert_Hood_(Awakenings)_-_Whitenoise",Part 1,3,,UR,In Or Out,UR - In Or Out
"2007-10-13 - Dave Clarke, Robert Hood (Awakenings) - Whitenoise","https://www.mixesdb.com/w/2007-10-13_-_Dave_Clarke,_Robert_Hood_(Awakenings)_-_Whitenoise",Part 1,4,,DJ Skurge,Shut It Down,DJ Skurge - Shut It Down
"2007-10-13 - Dave Clarke, Robert Hood (Awakenings) - Whitenoise","https://www.mixesdb.com/w/2007-10-13_-_Dave_Clarke,_Robert_Hood_(Awakenings)_-_Whitenoise",Part 1,5,,Heuristic Audio,Engrave Anger,Heuristic Audio - Engrave Anger
"2007-10-13 - Dave Clarke, Robert Hood (Awakenings) - Whitenoise","https://www.mixesdb.com/w/2007-10-13_-_Dave_Clarke,_Robert_Hood_(Awakenings)_-_Whitenoise",Part 1,6,,Nukubus,Aux 88 Detroit Mix,Nukubus - Aux 88 Detroit Mix
"2007-10-13 - Dave Clarke, Robert Hood (Awakenings) - Whitenoise","https://www.mixesdb.com/w/2007-10-13_-_Dave_Clarke,_Robert_Hood_(Awakenings)_-_Whitenoise",Part 1,7,,Heuristic Audio,Fear Of The Future,Heuristic Audio - Fear Of The Future
"2007-10-13 - Dave Clarke, Robert Hood (Awakenings) - Whitenoise","https://www.mixesdb.com/w/2007-10-13_-_Dave_Clarke,_Robert_Hood_(Awakenings)_-_Whitenoise",Part 1,8,,Minimal Roma,Bunk 3065 A2,Minimal Roma - Bunk 3065 A2
"2007-10-13 - Dave Clarke, Robert Hood (Awakenings) - Whitenoise","https://www.mixesdb.com/w/2007-10-13_-_Dave_Clarke,_Robert_Hood_(Awakenings)_-_Whitenoise",Part 1,9,,UR,Technology Gap,UR - Technology Gap
"2007-10-13 - Dave Clarke, Robert Hood (Awakenings) - Whitenoise","https://www.mixesdb.com/w/2007-10-13_-_Dave_Clarke,_Robert_Hood_(Awakenings)_-_Whitenoise",Part 1,10,,Angel Face,Angel Face,Angel Face - Angel Face
"2007-10-13 - Dave Clarke, Robert Hood (Awakenings) - Whitenoise","https://www.mixesdb.com/w/2007-10-13_-_Dave_Clarke,_Robert_Hood_(Awakenings)_-_Whitenoise",Part 1,11,,Nomadico,Planeta,Nomadico - Planeta
"2007-10-13 - Dave Clarke, Robert Hood (Awakenings) - Whitenoise","https://www.mixesdb.com/w/2007-10-13_-_Dave_Clarke,_Robert_Hood_(Awakenings)_-_Whitenoise",Part 1,12,,Danny Casseau vs DJ SA,Tuneless,Danny Casseau vs DJ SA - Tuneless
"2007-10-13 - Dave Clarke, Robert Hood (Awakenings) - Whitenoise","https://www.mixesdb.com/w/2007-10-13_-_Dave_Clarke,_Robert_Hood_(Awakenings)_-_Whitenoise",Part 1,13,,O,Meara vs Bissmire - Swear Tin,O - Meara vs Bissmire - Swear Tin
"2007-10-13 - Dave Clarke, Robert Hood (Awakenings) - Whitenoise","https://www.mixesdb.com/w/2007-10-13_-_Dave_Clarke,_Robert_Hood_(Awakenings)_-_Whitenoise",2007-09-29 - Robert Hood @ Awakenings - Detroit Weekend,1,,John Thomas,Magic [Logistic],John Thomas - Magic [Logistic]
"2007-10-13 - Dave Clarke, Robert Hood (Awakenings) - Whitenoise","https://www.mixesdb.com/w/2007-10-13_-_Dave_Clarke,_Robert_Hood_(Awakenings)_-_Whitenoise",2007-09-29 - Robert Hood @ Awakenings - Detroit Weekend,2,,John Thomas,Mr. Funk [Logistic],John Thomas - Mr. Funk [Logistic]
"2007-10-13 - Dave Clarke, Robert Hood (Awakenings) - Whitenoise","https://www.mixesdb.com/w/2007-10-13_-_Dave_Clarke,_Robert_Hood_(Awakenings)_-_Whitenoise",2007-09-29 - Robert Hood @ Awakenings - Detroit Weekend,3,,DJ Julien & Gonzague,Basic Voice [Mirage],DJ Julien & Gonzague - Basic Voice [Mirage]
"2007-10-13 - Dave Clarke, Robert Hood (Awakenings) - Whitenoise","https://www.mixesdb.com/w/2007-10-13_-_Dave_Clarke,_Robert_Hood_(Awakenings)_-_Whitenoise",2007-09-29 - Robert Hood @ Awakenings - Detroit Weekend,4,,Diego,Mind Detergent (Robert Hood Mix #2) [Kanzleramt],Diego - Mind Detergent (Robert Hood Mix #2) [Kanzleramt]
"2007-10-13 - Dave Clarke, Robert Hood (Awakenings) - Whitenoise","https://www.mixesdb.com/w/2007-10-13_-_Dave_Clarke,_Robert_Hood_(Awakenings)_-_Whitenoise",2007-09-29 - Robert Hood @ Awakenings - Detroit Weekend,5,,,?,?
"2007-10-13 - Dave Clarke, Robert Hood (Awakenings) - Whitenoise","https://www.mixesdb.com/w/2007-10-13_-_Dave_Clarke,_Robert_Hood_(Awakenings)_-_Whitenoise",2007-09-29 - Robert Hood @ Awakenings - Detroit Weekend,6,,Jeff Mills,Skin Deep [Purpose Maker],Jeff Mills - Skin Deep [Purpose Maker]
"2007-10-13 - Dave Clarke, Robert Hood (Awakenings) - Whitenoise","https://www.mixesdb.com/w/2007-10-13_-_Dave_Clarke,_Robert_Hood_(Awakenings)_-_Whitenoise",2007-09-29 - Robert Hood @ Awakenings - Detroit Weekend,7,,Fix,Flash [KMS],Fix - Flash [KMS]
"2007-10-13 - Dave Clarke, Robert Hood (Awakenings) - Whitenoise","https://www.mixesdb.com/w/2007-10-13_-_Dave_Clarke,_Robert_Hood_(Awakenings)_-_Whitenoise",2007-09-29 - Robert Hood @ Awakenings - Detroit Weekend,8,,,?,?
"2007-10-13 - Dave Clarke, Robert Hood (Awakenings) - Whitenoise","https://www.mixesdb.com/w/2007-10-13_-_Dave_Clarke,_Robert_Hood_(Awakenings)_-_Whitenoise",2007-09-29 - Robert Hood @ Awakenings - Detroit Weekend,9,,,?,?
"2007-10-13 - Dave Clarke, Robert Hood (Awakenings) - Whitenoise","https://www.mixesdb.com/w/2007-10-13_-_Dave_Clarke,_Robert_Hood_(Awakenings)_-_Whitenoise",2007-09-29 - Robert Hood @ Awakenings - Detroit Weekend,10,,,?,?
"2007-10-13 - Dave Clarke, Robert Hood (Awakenings) - Whitenoise","https://www.mixesdb.com/w/2007-10-13_-_Dave_Clarke,_Robert_Hood_(Awakenings)_-_Whitenoise",2007-09-29 - Robert Hood @ Awakenings - Detroit Weekend,11,,,?,?
"2007-10-13 - Dave Clarke, Robert Hood (Awakenings) - Whitenoise","https://www.mixesdb.com/w/2007-10-13_-_Dave_Clarke,_Robert_Hood_(Awakenings)_-_Whitenoise",2007-09-29 - Robert Hood @ Awakenings - Detroit Weekend,12,,Robert Hood,Unix [Axis],Robert Hood - Unix [Axis]
"2007-10-13 - Dave Clarke, Robert Hood (Awakenings) - Whitenoise","https://www.mixesdb.com/w/2007-10-13_-_Dave_Clarke,_Robert_Hood_(Awakenings)_-_Whitenoise",2007-09-29 - Robert Hood @ Awakenings - Detroit Weekend,13,,Phase,Mass [Token],Phase - Mass [Token]
"2007-10-13 - Dave Clarke, Robert Hood (Awakenings) - Whitenoise","https://www.mixesdb.com/w/2007-10-13_-_Dave_Clarke,_Robert_Hood_(Awakenings)_-_Whitenoise",2007-09-29 - Robert Hood @ Awakenings - Detroit Weekend,14,,Ignacio,Organa [Music Man],Ignacio - Organa [Music Man]
"2007-10-13 - Dave Clarke, Robert Hood (Awakenings) - Whitenoise","https://www.mixesdb.com/w/2007-10-13_-_Dave_Clarke,_Robert_Hood_(Awakenings)_-_Whitenoise",2007-09-29 - Robert Hood @ Awakenings - Detroit Weekend,15,,Scorp,New Energy [Scorp],Scorp - New Energy [Scorp]
"2007-10-13 - Dave Clarke, Robert Hood (Awakenings) - Whitenoise","https://www.mixesdb.com/w/2007-10-13_-_Dave_Clarke,_Robert_Hood_(Awakenings)_-_Whitenoise",2007-09-29 - Robert Hood @ Awakenings - Detroit Weekend,16,,,?,?
"2007-10-13 - Dave Clarke, Robert Hood (Awakenings) - Whitenoise","https://www.mixesdb.com/w/2007-10-13_-_Dave_Clarke,_Robert_Hood_(Awakenings)_-_Whitenoise",2007-09-29 - Robert Hood @ Awakenings - Detroit Weekend,17,,,?,?
"2007-10-13 - Dave Clarke, Robert Hood (Awakenings) - Whitenoise","https://www.mixesdb.com/w/2007-10-13_-_Dave_Clarke,_Robert_Hood_(Awakenings)_-_Whitenoise",2007-09-29 - Robert Hood @ Awakenings - Detroit Weekend,18,,Marco Carola & Adam Beyer,Back+Forth [Zenit],Marco Carola & Adam Beyer - Back+Forth [Zenit]
"2007-10-13 - Dave Clarke, Robert Hood (Awakenings) - Whitenoise","https://www.mixesdb.com/w/2007-10-13_-_Dave_Clarke,_Robert_Hood_(Awakenings)_-_Whitenoise",2007-09-29 - Robert Hood @ Awakenings - Detroit Weekend,19,,Steve Rachmad,Tir Na Nog [Rotation],Steve Rachmad - Tir Na Nog [Rotation]
"2007-10-13 - Dave Clarke, Robert Hood (Awakenings) - Whitenoise","https://www.mixesdb.com/w/2007-10-13_-_Dave_Clarke,_Robert_Hood_(Awakenings)_-_Whitenoise",2007-09-29 - Robert Hood @ Awakenings - Detroit Weekend,20,,Dan March,Sand Dune (Dan March Mix) [Meta],Dan March - Sand Dune (Dan March Mix) [Meta]
"2007-10-13 - Dave Clarke, Robert Hood (Awakenings) - Whitenoise","https://www.mixesdb.com/w/2007-10-13_-_Dave_Clarke,_Robert_Hood_(Awakenings)_-_Whitenoise",2007-09-29 - Robert Hood @ Awakenings - Detroit Weekend,21,,,?,?
"2007-10-13 - Dave Clarke, Robert Hood (Awakenings) - Whitenoise","https://www.mixesdb.com/w/2007-10-13_-_Dave_Clarke,_Robert_Hood_(Awakenings)_-_Whitenoise",2007-09-29 - Robert Hood @ Awakenings - Detroit Weekend,22,,Steve Poindexter,Computer Madness [MUzique],Steve Poindexter - Computer Madness [MUzique]
"2007-10-13 - Dave Clarke, Robert Hood (Awakenings) - Whitenoise","https://www.mixesdb.com/w/2007-10-13_-_Dave_Clarke,_Robert_Hood_(Awakenings)_-_Whitenoise",2007-09-29 - Robert Hood @ Awakenings - Detroit Weekend,23,,Robert Hood,Museum [Axis],Robert Hood - Museum [Axis]
"2007-10-13 - Dave Clarke, Robert Hood (Awakenings) - Whitenoise","https://www.mixesdb.com/w/2007-10-13_-_Dave_Clarke,_Robert_Hood_(Awakenings)_-_Whitenoise",2007-09-29 - Robert Hood @ Awakenings - Detroit Weekend,24,,Pacou,All It Takes (Edit) [Cache],Pacou - All It Takes (Edit) [Cache]
"2007-10-13 - Dave Clarke, Robert Hood (Awakenings) - Whitenoise","https://www.mixesdb.com/w/2007-10-13_-_Dave_Clarke,_Robert_Hood_(Awakenings)_-_Whitenoise",2007-09-29 - Robert Hood @ Awakenings - Detroit Weekend,25,,Phase,The Hyperorganism [Token],Phase - The Hyperorganism [Token]
"2007-10-13 - Dave Clarke, Robert Hood (Awakenings) - Whitenoise","https://www.mixesdb.com/w/2007-10-13_-_Dave_Clarke,_Robert_Hood_(Awakenings)_-_Whitenoise",2007-09-29 - Robert Hood @ Awakenings - Detroit Weekend,26,,,?,?
"1996 - Robert Hood @ Deep Space, The End, London - Mastermix, Kiss 100 FM","https://www.mixesdb.com/w/1996_-_Robert_Hood_@_Deep_Space,_The_End,_London_-_Mastermix,_Kiss_100_FM",,1,00:00,Robert Hood,Quartz,Robert Hood - Quartz
"1996 - Robert Hood @ Deep Space, The End, London - Mastermix, Kiss 100 FM","https://www.mixesdb.com/w/1996_-_Robert_Hood_@_Deep_Space,_The_End,_London_-_Mastermix,_Kiss_100_FM",,2,00:30,iO,T.T.,iO - T.T.
"1996 - Robert Hood @ Deep Space, The End, London - Mastermix, Kiss 100 FM","https://www.mixesdb.com/w/1996_-_Robert_Hood_@_Deep_Space,_The_End,_London_-_Mastermix,_Kiss_100_FM",,3,02:35,Ratio,Nighttrain,Ratio - Nighttrain
"1996 - Robert Hood @ Deep Space, The End, London - Mastermix, Kiss 100 FM","https://www.mixesdb.com/w/1996_-_Robert_Hood_@_Deep_Space,_The_End,_London_-_Mastermix,_Kiss_100_FM",,4,06:30,Richard Benson,Rich As Rich,Richard Benson - Rich As Rich
"1996 - Robert Hood @ Deep Space, The End, London - Mastermix, Kiss 100 FM","https://www.mixesdb.com/w/1996_-_Robert_Hood_@_Deep_Space,_The_End,_London_-_Mastermix,_Kiss_100_FM",,5,09:00,Unknown Force,Circuit Maximus,Unknown Force - Circuit Maximus
"1996 - Robert Hood @ Deep Space, The End, London - Mastermix, Kiss 100 FM","https://www.mixesdb.com/w/1996_-_Robert_Hood_@_Deep_Space,_The_End,_London_-_Mastermix,_Kiss_100_FM",,6,12:30,Steve Bicknell,Lost Recordings #1 - Why? + For Whom? (C1),Steve Bicknell - Lost Recordings #1 - Why? + For Whom? (C1)
"1996 - Robert Hood @ Deep Space, The End, London - Mastermix, Kiss 100 FM","https://www.mixesdb.com/w/1996_-_Robert_Hood_@_Deep_Space,_The_End,_London_-_Mastermix,_Kiss_100_FM",,7,14:40,Robert Hood,The Pace,Robert Hood - The Pace
"1996 - Robert Hood @ Deep Space, The End, London - Mastermix, Kiss 100 FM","https://www.mixesdb.com/w/1996_-_Robert_Hood_@_Deep_Space,_The_End,_London_-_Mastermix,_Kiss_100_FM",,8,17:52,Robert Hood,Moveable Parts Chapter 1 A1,Robert Hood - Moveable Parts Chapter 1 A1
"1996 - Robert Hood @ Deep Space, The End, London - Mastermix, Kiss 100 FM","https://www.mixesdb.com/w/1996_-_Robert_Hood_@_Deep_Space,_The_End,_London_-_Mastermix,_Kiss_100_FM",,9,22:40,Joey Beltram,Ten Four,Joey Beltram - Ten Four
"1996 - Robert Hood @ Deep Space, The End, London - Mastermix, Kiss 100 FM","https://www.mixesdb.com/w/1996_-_Robert_Hood_@_Deep_Space,_The_End,_London_-_Mastermix,_Kiss_100_FM",,10,25:20,Missing Channel,Gold,Missing Channel - Gold
2008-09-09 - The Black Dog - One Hour With Robert Hood DJ Mix,https://www.mixesdb.com/w/2008-09-09_-_The_Black_Dog_-_One_Hour_With_Robert_Hood_DJ_Mix,,1,,The Black Dog,Train By The Autobahn [Part 2] (8 Mile Remix By Rob Hood),The Black Dog - Train By The Autobahn [Part 2] (8 Mile Remix By Rob Hood)
2008-09-09 - The Black Dog - One Hour With Robert Hood DJ Mix,https://www.mixesdb.com/w/2008-09-09_-_The_Black_Dog_-_One_Hour_With_Robert_Hood_DJ_Mix,,2,,Robert Hood,Sauna,Robert Hood - Sauna
2008-09-09 - The Black Dog - One Hour With Robert Hood DJ Mix,https://www.mixesdb.com/w/2008-09-09_-_The_Black_Dog_-_One_Hour_With_Robert_Hood_DJ_Mix,,3,,Robert Hood,Radio Active,Robert Hood - Radio Active
2008-09-09 - The Black Dog - One Hour With Robert Hood DJ Mix,https://www.mixesdb.com/w/2008-09-09_-_The_Black_Dog_-_One_Hour_With_Robert_Hood_DJ_Mix,,4,,Robert Hood,Needs And Wants,Robert Hood - Needs And Wants
2008-09-09 - The Black Dog - One Hour With Robert Hood DJ Mix,https://www.mixesdb.com/w/2008-09-09_-_The_Black_Dog_-_One_Hour_With_Robert_Hood_DJ_Mix,,5,,Robert Hood,And Then We Planned Our Escape,Robert Hood - And Then We Planned Our Escape
2008-09-09 - The Black Dog - One Hour With Robert Hood DJ Mix,https://www.mixesdb.com/w/2008-09-09_-_The_Black_Dog_-_One_Hour_With_Robert_Hood_DJ_Mix,,6,,Robert Hood,Square Remix,Robert Hood - Square Remix
2008-09-09 - The Black Dog - One Hour With Robert Hood DJ Mix,https://www.mixesdb.com/w/2008-09-09_-_The_Black_Dog_-_One_Hour_With_Robert_Hood_DJ_Mix,,7,,Robert Hood,Changes Remix,Robert Hood - Changes Remix
2008-09-09 - The Black Dog - One Hour With Robert Hood DJ Mix,https://www.mixesdb.com/w/2008-09-09_-_The_Black_Dog_-_One_Hour_With_Robert_Hood_DJ_Mix,,8,,Robert Hood,[Untitled] (Taken From Point Blank),Robert Hood - [Untitled] (Taken From Point Blank)
2008-09-09 - The Black Dog - One Hour With Robert Hood DJ Mix,https://www.mixesdb.com/w/2008-09-09_-_The_Black_Dog_-_One_Hour_With_Robert_Hood_DJ_Mix,,9,,Robert Hood,Special Heat,Robert Hood - Special Heat
2008-09-09 - The Black Dog - One Hour With Robert Hood DJ Mix,https://www.mixesdb.com/w/2008-09-09_-_The_Black_Dog_-_One_Hour_With_Robert_Hood_DJ_Mix,,10,,Robert Hood,Agent Wood,Robert Hood - Agent Wood
2008-09-09 - The Black Dog - One Hour With Robert Hood DJ Mix,https://www.mixesdb.com/w/2008-09-09_-_The_Black_Dog_-_One_Hour_With_Robert_Hood_DJ_Mix,,11,,Robert Hood,Strobe Light,Robert Hood - Strobe Light
2008-09-09 - The Black Dog - One Hour With Robert Hood DJ Mix,https://www.mixesdb.com/w/2008-09-09_-_The_Black_Dog_-_One_Hour_With_Robert_Hood_DJ_Mix,,12,,Robert Hood,Side Effect,Robert Hood - Side Effect
2008-09-09 - The Black Dog - One Hour With Robert Hood DJ Mix,https://www.mixesdb.com/w/2008-09-09_-_The_Black_Dog_-_One_Hour_With_Robert_Hood_DJ_Mix,,13,,Robert Hood,Razr,Robert Hood - Razr
2008-09-09 - The Black Dog - One Hour With Robert Hood DJ Mix,https://www.mixesdb.com/w/2008-09-09_-_The_Black_Dog_-_One_Hour_With_Robert_Hood_DJ_Mix,,14,,Robert Hood,Omega,Robert Hood - Omega
2008-09-09 - The Black Dog - One Hour With Robert Hood DJ Mix,https://www.mixesdb.com/w/2008-09-09_-_The_Black_Dog_-_One_Hour_With_Robert_Hood_DJ_Mix,,15,,Robert Hood,Special Heat,Robert Hood - Special Heat
2008-09-09 - The Black Dog - One Hour With Robert Hood DJ Mix,https://www.mixesdb.com/w/2008-09-09_-_The_Black_Dog_-_One_Hour_With_Robert_Hood_DJ_Mix,,16,,Robert Hood,The Pipes,Robert Hood - The Pipes
2008-09-09 - The Black Dog - One Hour With Robert Hood DJ Mix,https://www.mixesdb.com/w/2008-09-09_-_The_Black_Dog_-_One_Hour_With_Robert_Hood_DJ_Mix,,17,,Robert Hood,Wrath Meditation,Robert Hood - Wrath Meditation
2008-09-09 - The Black Dog - One Hour With Robert Hood DJ Mix,https://www.mixesdb.com/w/2008-09-09_-_The_Black_Dog_-_One_Hour_With_Robert_Hood_DJ_Mix,,18,,The Black Dog,Train By The Autobahn [Part 2] (DJ Remix By Rob Hood),The Black Dog - Train By The Autobahn [Part 2] (DJ Remix By Rob Hood)
2008-09-09 - The Black Dog - One Hour With Robert Hood DJ Mix,https://www.mixesdb.com/w/2008-09-09_-_The_Black_Dog_-_One_Hour_With_Robert_Hood_DJ_Mix,,19,,Robert Hood,Memo From Thunder,Robert Hood - Memo From Thunder
2008-09-09 - The Black Dog - One Hour With Robert Hood DJ Mix,https://www.mixesdb.com/w/2008-09-09_-_The_Black_Dog_-_One_Hour_With_Robert_Hood_DJ_Mix,,20,,Robert Hood,Nightmare World,Robert Hood - Nightmare World
2008-09-09 - The Black Dog - One Hour With Robert Hood DJ Mix,https://www.mixesdb.com/w/2008-09-09_-_The_Black_Dog_-_One_Hour_With_Robert_Hood_DJ_Mix,,21,,Robert Hood,Still Hear (Los Hermanos Remix),Robert Hood - Still Hear (Los Hermanos Remix)
"1996-08-10 - Jeff Mills, Robert Hood @ Energy Rave, Zurich","https://www.mixesdb.com/w/1996-08-10_-_Jeff_Mills,_Robert_Hood_@_Energy_Rave,_Zurich",Jeff Mills,1,00:00,Tan-Ru,Toggle [Trelik - TR3],Tan-Ru - Toggle [Trelik - TR3]
"1996-08-10 - Jeff Mills, Robert Hood @ Energy Rave, Zurich","https://www.mixesdb.com/w/1996-08-10_-_Jeff_Mills,_Robert_Hood_@_Energy_Rave,_Zurich",Jeff Mills,2,00:00,+ Jeff Mills,Black Is The Number [Axis - AX-11],+ Jeff Mills - Black Is The Number [Axis - AX-11]
"1996-08-10 - Jeff Mills, Robert Hood @ Energy Rave, Zurich","https://www.mixesdb.com/w/1996-08-10_-_Jeff_Mills,_Robert_Hood_@_Energy_Rave,_Zurich",Jeff Mills,3,01:20,Regis,Speak To Me [Downwards - LINO 8] (X2),Regis - Speak To Me [Downwards - LINO 8] (X2)
"1996-08-10 - Jeff Mills, Robert Hood @ Energy Rave, Zurich","https://www.mixesdb.com/w/1996-08-10_-_Jeff_Mills,_Robert_Hood_@_Energy_Rave,_Zurich",Jeff Mills,4,03:05,DJ Hyperactive,R-19 [Missile],DJ Hyperactive - R-19 [Missile]
"1996-08-10 - Jeff Mills, Robert Hood @ Energy Rave, Zurich","https://www.mixesdb.com/w/1996-08-10_-_Jeff_Mills,_Robert_Hood_@_Energy_Rave,_Zurich",Jeff Mills,5,04:20,Jeff Mills,The Bells [Purpose Maker - PM-002],Jeff Mills - The Bells [Purpose Maker - PM-002]
"1996-08-10 - Jeff Mills, Robert Hood @ Energy Rave, Zurich","https://www.mixesdb.com/w/1996-08-10_-_Jeff_Mills,_Robert_Hood_@_Energy_Rave,_Zurich",Jeff Mills,6,05:44,Jeff Mills,909 Drum Machine Track [Live],Jeff Mills - 909 Drum Machine Track [Live]
"1996-08-10 - Jeff Mills, Robert Hood @ Energy Rave, Zurich","https://www.mixesdb.com/w/1996-08-10_-_Jeff_Mills,_Robert_Hood_@_Energy_Rave,_Zurich",Jeff Mills,7,08:02,+ Jeff Mills,D.N.A. [Tresor - Tresor 11],+ Jeff Mills - D.N.A. [Tresor - Tresor 11]
"1996-08-10 - Jeff Mills, Robert Hood @ Energy Rave, Zurich","https://www.mixesdb.com/w/1996-08-10_-_Jeff_Mills,_Robert_Hood_@_Energy_Rave,_Zurich",Jeff Mills,8,10:06,Jeff Mills,Outsiders [Purpose Maker - PM-001],Jeff Mills - Outsiders [Purpose Maker - PM-001]
"1996-08-10 - Jeff Mills, Robert Hood @ Energy Rave, Zurich","https://www.mixesdb.com/w/1996-08-10_-_Jeff_Mills,_Robert_Hood_@_Energy_Rave,_Zurich",Jeff Mills,9,10:55,Jeff Mills,Gift Of The Hills [Purpose Maker - PM-001],Jeff Mills - Gift Of The Hills [Purpose Maker - PM-001]
"1996-08-10 - Jeff Mills, Robert Hood @ Energy Rave, Zurich","https://www.mixesdb.com/w/1996-08-10_-_Jeff_Mills,_Robert_Hood_@_Energy_Rave,_Zurich",Jeff Mills,10,11:39,+ Traxmen,Wet Floor [Dance Mania - DM054],+ Traxmen - Wet Floor [Dance Mania - DM054]
"1996-08-10 - Jeff Mills, Robert Hood @ Energy Rave, Zurich","https://www.mixesdb.com/w/1996-08-10_-_Jeff_Mills,_Robert_Hood_@_Energy_Rave,_Zurich",Jeff Mills,11,13:05,iO,Eternal Sun [Cheap - 12 CHEAP 10],iO - Eternal Sun [Cheap - 12 CHEAP 10]
"1996-08-10 - Jeff Mills, Robert Hood @ Energy Rave, Zurich","https://www.mixesdb.com/w/1996-08-10_-_Jeff_Mills,_Robert_Hood_@_Energy_Rave,_Zurich",Jeff Mills,12,14:26,Surgeon,Fivo,Surgeon - Fivo
"1996-08-10 - Jeff Mills, Robert Hood @ Energy Rave, Zurich","https://www.mixesdb.com/w/1996-08-10_-_Jeff_Mills,_Robert_Hood_@_Energy_Rave,_Zurich",Jeff Mills,13,15:16,Jeff Mills,909 Drum Machine Track [Live],Jeff Mills - 909 Drum Machine Track [Live]
"1996-08-10 - Jeff Mills, Robert Hood @ Energy Rave, Zurich","https://www.mixesdb.com/w/1996-08-10_-_Jeff_Mills,_Robert_Hood_@_Energy_Rave,_Zurich",Jeff Mills,14,17:10,+ Ian Pooley & The Jaguar,Two Space Cowboys On A Trip To Texas [Force Inc. Music Works - FIM 110],+ Ian Pooley & The Jaguar - Two Space Cowboys On A Trip To Texas [Force Inc. Music Works - FIM 110]
"1996-08-10 - Jeff Mills, Robert Hood @ Energy Rave, Zurich","https://www.mixesdb.com/w/1996-08-10_-_Jeff_Mills,_Robert_Hood_@_Energy_Rave,_Zurich",Jeff Mills,15,20:30,+ DJ Funk,Work That Body [Dance Mania - 070],+ DJ Funk - Work That Body [Dance Mania - 070]
"1996-08-10 - Jeff Mills, Robert Hood @ Energy Rave, Zurich","https://www.mixesdb.com/w/1996-08-10_-_Jeff_Mills,_Robert_Hood_@_Energy_Rave,_Zurich",Jeff Mills,16,22:50,,?,?
"1996-08-10 - Jeff Mills, Robert Hood @ Energy Rave, Zurich","https://www.mixesdb.com/w/1996-08-10_-_Jeff_Mills,_Robert_Hood_@_Energy_Rave,_Zurich",Jeff Mills,17,23:13,Spira,Rhythm Method,Spira - Rhythm Method
"1996-08-10 - Jeff Mills, Robert Hood @ Energy Rave, Zurich","https://www.mixesdb.com/w/1996-08-10_-_Jeff_Mills,_Robert_Hood_@_Energy_Rave,_Zurich",Jeff Mills,18,26:01,Millsart,Step To Enchantment (Stringent) [Axis - AX 004],Millsart - Step To Enchantment (Stringent) [Axis - AX 004]
"1996-08-10 - Jeff Mills, Robert Hood @ Energy Rave, Zurich","https://www.mixesdb.com/w/1996-08-10_-_Jeff_Mills,_Robert_Hood_@_Energy_Rave,_Zurich",Jeff Mills,19,27:04,+ Surgeon,Electric Chicken [Downwards - LINO 10],+ Surgeon - Electric Chicken [Downwards - LINO 10]
"1996-08-10 - Jeff Mills, Robert Hood @ Energy Rave, Zurich","https://www.mixesdb.com/w/1996-08-10_-_Jeff_Mills,_Robert_Hood_@_Energy_Rave,_Zurich",Jeff Mills,20,27:21,Jeff Mills,Life Cycle [Tresor - Tresor 25],Jeff Mills - Life Cycle [Tresor - Tresor 25]
"1996-08-10 - Jeff Mills, Robert Hood @ Energy Rave, Zurich","https://www.mixesdb.com/w/1996-08-10_-_Jeff_Mills,_Robert_Hood_@_Energy_Rave,_Zurich",Jeff Mills,21,28:10,E-Dancer,Pump The Move [KMS - KMS 033],E-Dancer - Pump The Move [KMS - KMS 033]
"1996-08-10 - Jeff Mills, Robert Hood @ Energy Rave, Zurich","https://www.mixesdb.com/w/1996-08-10_-_Jeff_Mills,_Robert_Hood_@_Energy_Rave,_Zurich",Jeff Mills,22,29:28,Jeff Mills,909 Drum Machine Track [Live],Jeff Mills - 909 Drum Machine Track [Live]
"1996-08-10 - Jeff Mills, Robert Hood @ Energy Rave, Zurich","https://www.mixesdb.com/w/1996-08-10_-_Jeff_Mills,_Robert_Hood_@_Energy_Rave,_Zurich",Jeff Mills,23,32:24,,+ ?,+ ?
"1996-08-10 - Jeff Mills, Robert Hood @ Energy Rave, Zurich","https://www.mixesdb.com/w/1996-08-10_-_Jeff_Mills,_Robert_Hood_@_Energy_Rave,_Zurich",Jeff Mills,24,32:53,+ Ratio,Slash [Central - 01],+ Ratio - Slash [Central - 01]
"1996-08-10 - Jeff Mills, Robert Hood @ Energy Rave, Zurich","https://www.mixesdb.com/w/1996-08-10_-_Jeff_Mills,_Robert_Hood_@_Energy_Rave,_Zurich",Jeff Mills,25,36:08,Jeff Mills,909 Drum Machine Track [Live],Jeff Mills - 909 Drum Machine Track [Live]
"1996-08-10 - Jeff Mills, Robert Hood @ Energy Rave, Zurich","https://www.mixesdb.com/w/1996-08-10_-_Jeff_Mills,_Robert_Hood_@_Energy_Rave,_Zurich",Jeff Mills,26,38:04,The Formula,Spiritual Vibe [KMS – KMSUK5],The Formula - Spiritual Vibe [KMS – KMSUK5]
"1996-08-10 - Jeff Mills, Robert Hood @ Energy Rave, Zurich","https://www.mixesdb.com/w/1996-08-10_-_Jeff_Mills,_Robert_Hood_@_Energy_Rave,_Zurich",Jeff Mills,27,39:39,Spira,Rhino,Spira - Rhino
"1996-08-10 - Jeff Mills, Robert Hood @ Energy Rave, Zurich","https://www.mixesdb.com/w/1996-08-10_-_Jeff_Mills,_Robert_Hood_@_Energy_Rave,_Zurich",Jeff Mills,28,41:10,Shi-Take,Digital Domain (Shi Mix) [Zoom - 028R],Shi-Take - Digital Domain (Shi Mix) [Zoom - 028R]
"1996-08-10 - Jeff Mills, Robert Hood @ Energy Rave, Zurich","https://www.mixesdb.com/w/1996-08-10_-_Jeff_Mills,_Robert_Hood_@_Energy_Rave,_Zurich",Jeff Mills,29,43:42,Zzino,Accelerate [Re-load - REL 962105],Zzino - Accelerate [Re-load - REL 962105]
"1996-08-10 - Jeff Mills, Robert Hood @ Energy Rave, Zurich","https://www.mixesdb.com/w/1996-08-10_-_Jeff_Mills,_Robert_Hood_@_Energy_Rave,_Zurich",Jeff Mills,30,44:30,Adam Beyer,Drum Code 1:1 [Planet Rhythm - PRR 014],Adam Beyer - Drum Code 1:1 [Planet Rhythm - PRR 014]
"1996-08-10 - Jeff Mills, Robert Hood @ Energy Rave, Zurich","https://www.mixesdb.com/w/1996-08-10_-_Jeff_Mills,_Robert_Hood_@_Energy_Rave,_Zurich",Jeff Mills,31,45:45,,?,?
"1996-08-10 - Jeff Mills, Robert Hood @ Energy Rave, Zurich","https://www.mixesdb.com/w/1996-08-10_-_Jeff_Mills,_Robert_Hood_@_Energy_Rave,_Zurich",Jeff Mills,32,47:05,Shi-Take,Digital Domain (Take Mix) [Zoom],Shi-Take - Digital Domain (Take Mix) [Zoom]
"1996-08-10 - Jeff Mills, Robert Hood @ Energy Rave, Zurich","https://www.mixesdb.com/w/1996-08-10_-_Jeff_Mills,_Robert_Hood_@_Energy_Rave,_Zurich",Jeff Mills,33,49:22,Speaker,Speaker (High),Speaker - Speaker (High)
"1996-08-10 - Jeff Mills, Robert Hood @ Energy Rave, Zurich","https://www.mixesdb.com/w/1996-08-10_-_Jeff_Mills,_Robert_Hood_@_Energy_Rave,_Zurich",Jeff Mills,34,50:48,JB³ (Joey Beltram),Believer [NovaMute - 12 NoMu 19],JB³ (Joey Beltram) - Believer [NovaMute - 12 NoMu 19]
"1996-08-10 - Jeff Mills, Robert Hood @ Energy Rave, Zurich","https://www.mixesdb.com/w/1996-08-10_-_Jeff_Mills,_Robert_Hood_@_Energy_Rave,_Zurich",Robert Hood (Version 2 only),1,52:00,G-Man,Sparticus,G-Man - Sparticus
"1996-08-10 - Jeff Mills, Robert Hood @ Energy Rave, Zurich","https://www.mixesdb.com/w/1996-08-10_-_Jeff_Mills,_Robert_Hood_@_Energy_Rave,_Zurich",Robert Hood (Version 2 only),2,54:45,Robert Armani,Toxic Hangover,Robert Armani - Toxic Hangover
"1996-08-10 - Jeff Mills, Robert Hood @ Energy Rave, Zurich","https://www.mixesdb.com/w/1996-08-10_-_Jeff_Mills,_Robert_Hood_@_Energy_Rave,_Zurich",Robert Hood (Version 2 only),3,57:30,iO,T.T.,iO - T.T.
"1996-08-10 - Jeff Mills, Robert Hood @ Energy Rave, Zurich","https://www.mixesdb.com/w/1996-08-10_-_Jeff_Mills,_Robert_Hood_@_Energy_Rave,_Zurich",Robert Hood (Version 2 only),4,60:15,Ratio,Locked Groove 4,Ratio - Locked Groove 4
"1996-08-10 - Jeff Mills, Robert Hood @ Energy Rave, Zurich","https://www.mixesdb.com/w/1996-08-10_-_Jeff_Mills,_Robert_Hood_@_Energy_Rave,_Zurich",Robert Hood (Version 2 only),5,62:45,Robert Hood,One Touch,Robert Hood - One Touch
"1996-08-10 - Jeff Mills, Robert Hood @ Energy Rave, Zurich","https://www.mixesdb.com/w/1996-08-10_-_Jeff_Mills,_Robert_Hood_@_Energy_Rave,_Zurich",Robert Hood (Version 2 only),6,65:00,Robert Hood,The Pace,Robert Hood - The Pace
"1996-08-10 - Jeff Mills, Robert Hood @ Energy Rave, Zurich","https://www.mixesdb.com/w/1996-08-10_-_Jeff_Mills,_Robert_Hood_@_Energy_Rave,_Zurich",Robert Hood (Version 2 only),7,69:50,Thomas P. Heckmann,The Return,Thomas P. Heckmann - The Return
"1996-08-10 - Jeff Mills, Robert Hood @ Energy Rave, Zurich","https://www.mixesdb.com/w/1996-08-10_-_Jeff_Mills,_Robert_Hood_@_Energy_Rave,_Zurich",Robert Hood (Version 2 only),8,72:30,Access 58,Intercourse,Access 58 - Intercourse
"1996-08-10 - Jeff Mills, Robert Hood @ Energy Rave, Zurich","https://www.mixesdb.com/w/1996-08-10_-_Jeff_Mills,_Robert_Hood_@_Energy_Rave,_Zurich",Robert Hood (Version 2 only),9,77:00,Robert Hood,Untitled Scetch,Robert Hood - Untitled Scetch
"1996-08-10 - Jeff Mills, Robert Hood @ Energy Rave, Zurich","https://www.mixesdb.com/w/1996-08-10_-_Jeff_Mills,_Robert_Hood_@_Energy_Rave,_Zurich",Robert Hood (Version 2 only),10,79:45,Robert Hood,All Day Long (B1),Robert Hood - All Day Long (B1)
"1996-08-10 - Jeff Mills, Robert Hood @ Energy Rave, Zurich","https://www.mixesdb.com/w/1996-08-10_-_Jeff_Mills,_Robert_Hood_@_Energy_Rave,_Zurich",Robert Hood (Version 2 only),11,82:00,Robert Hood,Untitled Scetch,Robert Hood - Untitled Scetch
"1996-08-10 - Jeff Mills, Robert Hood @ Energy Rave, Zurich","https://www.mixesdb.com/w/1996-08-10_-_Jeff_Mills,_Robert_Hood_@_Energy_Rave,_Zurich",Robert Hood (Version 2 only),12,82:45,Robert Hood,All Day Long (B1),Robert Hood - All Day Long (B1)
"1996-08-10 - Jeff Mills, Robert Hood @ Energy Rave, Zurich","https://www.mixesdb.com/w/1996-08-10_-_Jeff_Mills,_Robert_Hood_@_Energy_Rave,_Zurich",Robert Hood (Version 2 only),13,85:15,Robert Hood,Museum,Robert Hood - Museum
"1996-08-10 - Jeff Mills, Robert Hood @ Energy Rave, Zurich","https://www.mixesdb.com/w/1996-08-10_-_Jeff_Mills,_Robert_Hood_@_Energy_Rave,_Zurich",Robert Hood (Version 2 only),14,89:00,Sounders Department,Redox,Sounders Department - Redox
"1996-08-10 - Jeff Mills, Robert Hood @ Energy Rave, Zurich","https://www.mixesdb.com/w/1996-08-10_-_Jeff_Mills,_Robert_Hood_@_Energy_Rave,_Zurich",Robert Hood (Version 2 only),15,92:00,,?,?
"1996-08-10 - Jeff Mills, Robert Hood @ Energy Rave, Zurich","https://www.mixesdb.com/w/1996-08-10_-_Jeff_Mills,_Robert_Hood_@_Energy_Rave,_Zurich",Robert Hood (Version 2 only),16,95:15,Sterac,Primus,Sterac - Primus
"1996-08-10 - Jeff Mills, Robert Hood @ Energy Rave, Zurich","https://www.mixesdb.com/w/1996-08-10_-_Jeff_Mills,_Robert_Hood_@_Energy_Rave,_Zurich",Robert Hood (Version 2 only),17,102:15,Missing Channel,Legion Of Hunger,Missing Channel - Legion Of Hunger
"1996-08-10 - Jeff Mills, Robert Hood @ Energy Rave, Zurich","https://www.mixesdb.com/w/1996-08-10_-_Jeff_Mills,_Robert_Hood_@_Energy_Rave,_Zurich",Robert Hood (Version 2 only),18,105:20,Love,R.E.S.P.E.C.T. (Ian Pooley Remix),Love - R.E.S.P.E.C.T. (Ian Pooley Remix)
"1996-08-10 - Jeff Mills, Robert Hood @ Energy Rave, Zurich","https://www.mixesdb.com/w/1996-08-10_-_Jeff_Mills,_Robert_Hood_@_Energy_Rave,_Zurich",Robert Hood (Version 2 only),19,108:00,Damon Wild,Arrakis,Damon Wild - Arrakis
"200X - Robert Hood @ Fuse (Bleep, 2009-06)","https://www.mixesdb.com/w/200X_-_Robert_Hood_@_Fuse_(Bleep,_2009-06)",,1,00:00,Robert Hood,Untitled Scetch,Robert Hood - Untitled Scetch
"200X - Robert Hood @ Fuse (Bleep, 2009-06)","https://www.mixesdb.com/w/200X_-_Robert_Hood_@_Fuse_(Bleep,_2009-06)",,2,,Ignacio,Organa,Ignacio - Organa
"200X - Robert Hood @ Fuse (Bleep, 2009-06)","https://www.mixesdb.com/w/200X_-_Robert_Hood_@_Fuse_(Bleep,_2009-06)",,3,,Robert Hood,The Pace,Robert Hood - The Pace
"200X - Robert Hood @ Fuse (Bleep, 2009-06)","https://www.mixesdb.com/w/200X_-_Robert_Hood_@_Fuse_(Bleep,_2009-06)",,4,,DJ Bone,The Hold (Tight Packing),DJ Bone - The Hold (Tight Packing)
"200X - Robert Hood @ Fuse (Bleep, 2009-06)","https://www.mixesdb.com/w/200X_-_Robert_Hood_@_Fuse_(Bleep,_2009-06)",,5,,Static Drum,External,Static Drum - External
"200X - Robert Hood @ Fuse (Bleep, 2009-06)","https://www.mixesdb.com/w/200X_-_Robert_Hood_@_Fuse_(Bleep,_2009-06)",,6,,John Thomas,Mr. Funk,John Thomas - Mr. Funk
"200X - Robert Hood @ Fuse (Bleep, 2009-06)","https://www.mixesdb.com/w/200X_-_Robert_Hood_@_Fuse_(Bleep,_2009-06)",,7,,Diego,Mind Detergent (Robert Hood Mix #1),Diego - Mind Detergent (Robert Hood Mix #1)
"200X - Robert Hood @ Fuse (Bleep, 2009-06)","https://www.mixesdb.com/w/200X_-_Robert_Hood_@_Fuse_(Bleep,_2009-06)",,8,,Fab G,Bust The Vibes,Fab G - Bust The Vibes
"200X - Robert Hood @ Fuse (Bleep, 2009-06)","https://www.mixesdb.com/w/200X_-_Robert_Hood_@_Fuse_(Bleep,_2009-06)",,9,,Marco Lenzi,Taboo,Marco Lenzi - Taboo
"200X - Robert Hood @ Fuse (Bleep, 2009-06)","https://www.mixesdb.com/w/200X_-_Robert_Hood_@_Fuse_(Bleep,_2009-06)",,10,25:00,UK Gold,Agent Wood,UK Gold - Agent Wood
"200X - Robert Hood @ Fuse (Bleep, 2009-06)","https://www.mixesdb.com/w/200X_-_Robert_Hood_@_Fuse_(Bleep,_2009-06)",,11,,Steve Rachmad,Tir Na Nog,Steve Rachmad - Tir Na Nog
"200X - Robert Hood @ Fuse (Bleep, 2009-06)","https://www.mixesdb.com/w/200X_-_Robert_Hood_@_Fuse_(Bleep,_2009-06)",,12,,Secret Cinema,Kartonclip,Secret Cinema - Kartonclip
"200X - Robert Hood @ Fuse (Bleep, 2009-06)","https://www.mixesdb.com/w/200X_-_Robert_Hood_@_Fuse_(Bleep,_2009-06)",,13,,Robert Hood,The Metronome A1,Robert Hood - The Metronome A1
"200X - Robert Hood @ Fuse (Bleep, 2009-06)","https://www.mixesdb.com/w/200X_-_Robert_Hood_@_Fuse_(Bleep,_2009-06)",,14,,Robert Hood,School,Robert Hood - School
"200X - Robert Hood @ Fuse (Bleep, 2009-06)","https://www.mixesdb.com/w/200X_-_Robert_Hood_@_Fuse_(Bleep,_2009-06)",,15,,H & M,88,H & M - 88
"200X - Robert Hood @ Fuse (Bleep, 2009-06)","https://www.mixesdb.com/w/200X_-_Robert_Hood_@_Fuse_(Bleep,_2009-06)",,16,,Robert Hood,Apartment Zero,Robert Hood - Apartment Zero
"200X - Robert Hood @ Fuse (Bleep, 2009-06)","https://www.mixesdb.com/w/200X_-_Robert_Hood_@_Fuse_(Bleep,_2009-06)",,17,,,?,?
"200X - Robert Hood @ Fuse (Bleep, 2009-06)","https://www.mixesdb.com/w/200X_-_Robert_Hood_@_Fuse_(Bleep,_2009-06)",,18,,Robert Hood,Untitled B (MP330),Robert Hood - Untitled B (MP330)
"200X - Robert Hood @ Fuse (Bleep, 2009-06)","https://www.mixesdb.com/w/200X_-_Robert_Hood_@_Fuse_(Bleep,_2009-06)",,19,,,?,?
2011-10-04 - Robert Hood - XLR8R Podcast 218,https://www.mixesdb.com/w/2011-10-04_-_Robert_Hood_-_XLR8R_Podcast_218,,1,,Robert Hood,Darkroom [M-Plant],Robert Hood - Darkroom [M-Plant]
2011-10-04 - Robert Hood - XLR8R Podcast 218,https://www.mixesdb.com/w/2011-10-04_-_Robert_Hood_-_XLR8R_Podcast_218,,2,,Oliver Ho,Silver (Damon Wild Remix) [Sequential],Oliver Ho - Silver (Damon Wild Remix) [Sequential]
2011-10-04 - Robert Hood - XLR8R Podcast 218,https://www.mixesdb.com/w/2011-10-04_-_Robert_Hood_-_XLR8R_Podcast_218,,3,,Robert Hood,Superman [M-Plant],Robert Hood - Superman [M-Plant]
2011-10-04 - Robert Hood - XLR8R Podcast 218,https://www.mixesdb.com/w/2011-10-04_-_Robert_Hood_-_XLR8R_Podcast_218,,4,,Scorp,New Energy [Scorp],Scorp - New Energy [Scorp]
2011-10-04 - Robert Hood - XLR8R Podcast 218,https://www.mixesdb.com/w/2011-10-04_-_Robert_Hood_-_XLR8R_Podcast_218,,5,,DJ Pierre & Green Velvet,Acid Trax (Original 2011 Mix) [Afro Acid],DJ Pierre & Green Velvet - Acid Trax (Original 2011 Mix) [Afro Acid]
2011-10-04 - Robert Hood - XLR8R Podcast 218,https://www.mixesdb.com/w/2011-10-04_-_Robert_Hood_-_XLR8R_Podcast_218,,6,,Robert Hood,Stereotype [M-Plant],Robert Hood - Stereotype [M-Plant]
2011-10-04 - Robert Hood - XLR8R Podcast 218,https://www.mixesdb.com/w/2011-10-04_-_Robert_Hood_-_XLR8R_Podcast_218,,7,,Robert Hood,The Family [M-Plant],Robert Hood - The Family [M-Plant]
2011-10-04 - Robert Hood - XLR8R Podcast 218,https://www.mixesdb.com/w/2011-10-04_-_Robert_Hood_-_XLR8R_Podcast_218,,8,,Ben Sims,Dollar Bil Y'all (Version) [Hardgroove],Ben Sims - Dollar Bil Y'all (Version) [Hardgroove]
2011-10-04 - Robert Hood - XLR8R Podcast 218,https://www.mixesdb.com/w/2011-10-04_-_Robert_Hood_-_XLR8R_Podcast_218,,9,,Juju & Jordash,Deep Blue Meenies (Robert Hood Remix) [Dekmental],Juju & Jordash - Deep Blue Meenies (Robert Hood Remix) [Dekmental]
2011-10-04 - Robert Hood - XLR8R Podcast 218,https://www.mixesdb.com/w/2011-10-04_-_Robert_Hood_-_XLR8R_Podcast_218,,10,,James Ruskin,Work (Steve Rachmad Remix) [Blueprint],James Ruskin - Work (Steve Rachmad Remix) [Blueprint]
2011-10-04 - Robert Hood - XLR8R Podcast 218,https://www.mixesdb.com/w/2011-10-04_-_Robert_Hood_-_XLR8R_Podcast_218,,11,,Robert Hood,Unreleased,Robert Hood - Unreleased
2011-10-04 - Robert Hood - XLR8R Podcast 218,https://www.mixesdb.com/w/2011-10-04_-_Robert_Hood_-_XLR8R_Podcast_218,,12,,Floorplan,Basic Principle [M-Plant],Floorplan - Basic Principle [M-Plant]
2011-10-04 - Robert Hood - XLR8R Podcast 218,https://www.mixesdb.com/w/2011-10-04_-_Robert_Hood_-_XLR8R_Podcast_218,,13,,Italoboyz,Zinga [Get Physical],Italoboyz - Zinga [Get Physical]
2011-10-04 - Robert Hood - XLR8R Podcast 218,https://www.mixesdb.com/w/2011-10-04_-_Robert_Hood_-_XLR8R_Podcast_218,,14,,Floorplan,Wall To Wall [M-Plant],Floorplan - Wall To Wall [M-Plant]
2011-10-04 - Robert Hood - XLR8R Podcast 218,https://www.mixesdb.com/w/2011-10-04_-_Robert_Hood_-_XLR8R_Podcast_218,,15,,UK Gold,Agent Wood [Primate],UK Gold - Agent Wood [Primate]
2011-10-04 - Robert Hood - XLR8R Podcast 218,https://www.mixesdb.com/w/2011-10-04_-_Robert_Hood_-_XLR8R_Podcast_218,,16,,Robert Hood,Range [M-Plant],Robert Hood - Range [M-Plant]
2011-10-04 - Robert Hood - XLR8R Podcast 218,https://www.mixesdb.com/w/2011-10-04_-_Robert_Hood_-_XLR8R_Podcast_218,,17,,Robert Hood,"Minimal, Minimal [M-Plant]","Robert Hood - Minimal, Minimal [M-Plant]"
2011-10-04 - Robert Hood - XLR8R Podcast 218,https://www.mixesdb.com/w/2011-10-04_-_Robert_Hood_-_XLR8R_Podcast_218,,18,,Mark Broom & James Ruskin,No Time Too Soon [Blueprint],Mark Broom & James Ruskin - No Time Too Soon [Blueprint]
2011-10-04 - Robert Hood - XLR8R Podcast 218,https://www.mixesdb.com/w/2011-10-04_-_Robert_Hood_-_XLR8R_Podcast_218,,19,,Plastikman,Spastik (Dubfire Remix) [Plus 8],Plastikman - Spastik (Dubfire Remix) [Plus 8]
2011-10-04 - Robert Hood - XLR8R Podcast 218,https://www.mixesdb.com/w/2011-10-04_-_Robert_Hood_-_XLR8R_Podcast_218,,20,,Ortin Cam,Sneaker Pimp [Roots],Ortin Cam - Sneaker Pimp [Roots]
2011-10-04 - Robert Hood - XLR8R Podcast 218,https://www.mixesdb.com/w/2011-10-04_-_Robert_Hood_-_XLR8R_Podcast_218,,21,,Ben Sims,Dollar Bill Y'all (Vocal Mix) [Hardgroove],Ben Sims - Dollar Bill Y'all (Vocal Mix) [Hardgroove]
2011-10-04 - Robert Hood - XLR8R Podcast 218,https://www.mixesdb.com/w/2011-10-04_-_Robert_Hood_-_XLR8R_Podcast_218,,22,,Floorplan,We Magnify His Name [M-Plant],Floorplan - We Magnify His Name [M-Plant]
2011-10-04 - Robert Hood - XLR8R Podcast 218,https://www.mixesdb.com/w/2011-10-04_-_Robert_Hood_-_XLR8R_Podcast_218,,23,,Secret Cinema,Cartoon Clip [SC],Secret Cinema - Cartoon Clip [SC]
2011-10-04 - Robert Hood - XLR8R Podcast 218,https://www.mixesdb.com/w/2011-10-04_-_Robert_Hood_-_XLR8R_Podcast_218,,24,,Robert Hood,Clash [M-Plant],Robert Hood - Clash [M-Plant]
2011-10-04 - Robert Hood - XLR8R Podcast 218,https://www.mixesdb.com/w/2011-10-04_-_Robert_Hood_-_XLR8R_Podcast_218,,25,,Armando,100% Of Dissin You [Warehouse],Armando - 100% Of Dissin You [Warehouse]
2011-10-04 - Robert Hood - XLR8R Podcast 218,https://www.mixesdb.com/w/2011-10-04_-_Robert_Hood_-_XLR8R_Podcast_218,,26,,Kenny Larkin,War Of The Worlds [Elypsia],Kenny Larkin - War Of The Worlds [Elypsia]
"2009-02-14 - Robert Hood @ Awakenings, Eindhoven","https://www.mixesdb.com/w/2009-02-14_-_Robert_Hood_@_Awakenings,_Eindhoven",,1,,Pacou,All It Takes,Pacou - All It Takes
"2009-02-14 - Robert Hood @ Awakenings, Eindhoven","https://www.mixesdb.com/w/2009-02-14_-_Robert_Hood_@_Awakenings,_Eindhoven",,2,,,?,?
"2009-02-14 - Robert Hood @ Awakenings, Eindhoven","https://www.mixesdb.com/w/2009-02-14_-_Robert_Hood_@_Awakenings,_Eindhoven",,3,,Steve Rachmad,Tir Na Nog,Steve Rachmad - Tir Na Nog
"2009-02-14 - Robert Hood @ Awakenings, Eindhoven","https://www.mixesdb.com/w/2009-02-14_-_Robert_Hood_@_Awakenings,_Eindhoven",,4,,,?,?
"2009-02-14 - Robert Hood @ Awakenings, Eindhoven","https://www.mixesdb.com/w/2009-02-14_-_Robert_Hood_@_Awakenings,_Eindhoven",,5,,,?,?
"2009-02-14 - Robert Hood @ Awakenings, Eindhoven","https://www.mixesdb.com/w/2009-02-14_-_Robert_Hood_@_Awakenings,_Eindhoven",,6,,Elektrabel,Crocks,Elektrabel - Crocks
"2009-02-14 - Robert Hood @ Awakenings, Eindhoven","https://www.mixesdb.com/w/2009-02-14_-_Robert_Hood_@_Awakenings,_Eindhoven",,7,,Robert Hood,The Metronome,Robert Hood - The Metronome
"2009-02-14 - Robert Hood @ Awakenings, Eindhoven","https://www.mixesdb.com/w/2009-02-14_-_Robert_Hood_@_Awakenings,_Eindhoven",,8,,Phase,Ryder's Return,Phase - Ryder's Return
"2009-02-14 - Robert Hood @ Awakenings, Eindhoven","https://www.mixesdb.com/w/2009-02-14_-_Robert_Hood_@_Awakenings,_Eindhoven",,9,,,?,?
"2009-02-14 - Robert Hood @ Awakenings, Eindhoven","https://www.mixesdb.com/w/2009-02-14_-_Robert_Hood_@_Awakenings,_Eindhoven",,10,,Phase,Mass,Phase - Mass
"2009-02-14 - Robert Hood @ Awakenings, Eindhoven","https://www.mixesdb.com/w/2009-02-14_-_Robert_Hood_@_Awakenings,_Eindhoven",,11,,UK Gold,Agent Wood (Adam Beyer Remix),UK Gold - Agent Wood (Adam Beyer Remix)
"2009-02-14 - Robert Hood @ Awakenings, Eindhoven","https://www.mixesdb.com/w/2009-02-14_-_Robert_Hood_@_Awakenings,_Eindhoven",,12,,,?,?
"2009-02-14 - Robert Hood @ Awakenings, Eindhoven","https://www.mixesdb.com/w/2009-02-14_-_Robert_Hood_@_Awakenings,_Eindhoven",,13,,,?,?
"2009-02-14 - Robert Hood @ Awakenings, Eindhoven","https://www.mixesdb.com/w/2009-02-14_-_Robert_Hood_@_Awakenings,_Eindhoven",,14,,,?,?
"2009-02-14 - Robert Hood @ Awakenings, Eindhoven","https://www.mixesdb.com/w/2009-02-14_-_Robert_Hood_@_Awakenings,_Eindhoven",,15,,,?,?
"2009-02-14 - Robert Hood @ Awakenings, Eindhoven","https://www.mixesdb.com/w/2009-02-14_-_Robert_Hood_@_Awakenings,_Eindhoven",,16,,Secret Cinema,Cartoon Clip,Secret Cinema - Cartoon Clip
"2009-02-14 - Robert Hood @ Awakenings, Eindhoven","https://www.mixesdb.com/w/2009-02-14_-_Robert_Hood_@_Awakenings,_Eindhoven",,17,,UK Gold,Agent Wood,UK Gold - Agent Wood
"2009-02-14 - Robert Hood @ Awakenings, Eindhoven","https://www.mixesdb.com/w/2009-02-14_-_Robert_Hood_@_Awakenings,_Eindhoven",,18,,Joris Voorn,Fever (Rephrased),Joris Voorn - Fever (Rephrased)
"2009-02-14 - Robert Hood @ Awakenings, Eindhoven","https://www.mixesdb.com/w/2009-02-14_-_Robert_Hood_@_Awakenings,_Eindhoven",,19,,Untitled [Killa Bite,001],Untitled [Killa Bite - 001]
"2009-02-14 - Robert Hood @ Awakenings, Eindhoven","https://www.mixesdb.com/w/2009-02-14_-_Robert_Hood_@_Awakenings,_Eindhoven",,20,,Marco Lenzi,Taboo,Marco Lenzi - Taboo
"2009-02-14 - Robert Hood @ Awakenings, Eindhoven","https://www.mixesdb.com/w/2009-02-14_-_Robert_Hood_@_Awakenings,_Eindhoven",,21,,,?,?
"2009-02-14 - Robert Hood @ Awakenings, Eindhoven","https://www.mixesdb.com/w/2009-02-14_-_Robert_Hood_@_Awakenings,_Eindhoven",,22,,John Thomas,Mr. Funk,John Thomas - Mr. Funk
"2009-02-14 - Robert Hood @ Awakenings, Eindhoven","https://www.mixesdb.com/w/2009-02-14_-_Robert_Hood_@_Awakenings,_Eindhoven",,23,,Diego,Mind Detergent (Robert Hood Remix),Diego - Mind Detergent (Robert Hood Remix)
"2009-02-14 - Robert Hood @ Awakenings, Eindhoven","https://www.mixesdb.com/w/2009-02-14_-_Robert_Hood_@_Awakenings,_Eindhoven",,24,,,?,?
"2009-02-14 - Robert Hood @ Awakenings, Eindhoven","https://www.mixesdb.com/w/2009-02-14_-_Robert_Hood_@_Awakenings,_Eindhoven",,25,,Robert Hood,School,Robert Hood - School
"2009-02-14 - Robert Hood @ Awakenings, Eindhoven","https://www.mixesdb.com/w/2009-02-14_-_Robert_Hood_@_Awakenings,_Eindhoven",,26,,Jeff Mills,Reverting,Jeff Mills - Reverting
"2009-02-14 - Robert Hood @ Awakenings, Eindhoven","https://www.mixesdb.com/w/2009-02-14_-_Robert_Hood_@_Awakenings,_Eindhoven",,27,,,?,?
"2009-02-14 - Robert Hood @ Awakenings, Eindhoven","https://www.mixesdb.com/w/2009-02-14_-_Robert_Hood_@_Awakenings,_Eindhoven",,28,,Pacou,X-Factor,Pacou - X-Factor
"2009-02-14 - Robert Hood @ Awakenings, Eindhoven","https://www.mixesdb.com/w/2009-02-14_-_Robert_Hood_@_Awakenings,_Eindhoven",,29,,,?,?
"2009-02-14 - Robert Hood @ Awakenings, Eindhoven","https://www.mixesdb.com/w/2009-02-14_-_Robert_Hood_@_Awakenings,_Eindhoven",,30,,,?,?
"2009-02-14 - Robert Hood @ Awakenings, Eindhoven","https://www.mixesdb.com/w/2009-02-14_-_Robert_Hood_@_Awakenings,_Eindhoven",,31,,,?,?
"2009-02-14 - Robert Hood @ Awakenings, Eindhoven","https://www.mixesdb.com/w/2009-02-14_-_Robert_Hood_@_Awakenings,_Eindhoven",,32,,,?,?
"2009-02-14 - Robert Hood @ Awakenings, Eindhoven","https://www.mixesdb.com/w/2009-02-14_-_Robert_Hood_@_Awakenings,_Eindhoven",,33,,,?,?
"2009-02-14 - Robert Hood @ Awakenings, Eindhoven","https://www.mixesdb.com/w/2009-02-14_-_Robert_Hood_@_Awakenings,_Eindhoven",,34,,Robert Hood,Side Effect,Robert Hood - Side Effect
"2009-02-14 - Robert Hood @ Awakenings, Eindhoven","https://www.mixesdb.com/w/2009-02-14_-_Robert_Hood_@_Awakenings,_Eindhoven",,35,,,?,?
"2009-02-14 - Robert Hood @ Awakenings, Eindhoven","https://www.mixesdb.com/w/2009-02-14_-_Robert_Hood_@_Awakenings,_Eindhoven",,36,,Scorp,New Energy,Scorp - New Energy
"2009-02-14 - Robert Hood @ Awakenings, Eindhoven","https://www.mixesdb.com/w/2009-02-14_-_Robert_Hood_@_Awakenings,_Eindhoven",,37,,,?,?
"2009-02-14 - Robert Hood @ Awakenings, Eindhoven","https://www.mixesdb.com/w/2009-02-14_-_Robert_Hood_@_Awakenings,_Eindhoven",,38,,Robert Hood,Still Here (Los Hermanos Remix),Robert Hood - Still Here (Los Hermanos Remix)
"2009-02-14 - Robert Hood @ Awakenings, Eindhoven","https://www.mixesdb.com/w/2009-02-14_-_Robert_Hood_@_Awakenings,_Eindhoven",,39,,Tim Baker,Soul Provider,Tim Baker - Soul Provider
"1996-04-06 - Robert Hood @ Danube Mega Rave, Linz, Austria","https://www.mixesdb.com/w/1996-04-06_-_Robert_Hood_@_Danube_Mega_Rave,_Linz,_Austria",,1,00,G-Man,El Jem,G-Man - El Jem
"1996-04-06 - Robert Hood @ Danube Mega Rave, Linz, Austria","https://www.mixesdb.com/w/1996-04-06_-_Robert_Hood_@_Danube_Mega_Rave,_Linz,_Austria",,2,03,Robert Hood,Rhythm Of Vision [M-Plant - M.PM1],Robert Hood - Rhythm Of Vision [M-Plant - M.PM1]
"1996-04-06 - Robert Hood @ Danube Mega Rave, Linz, Austria","https://www.mixesdb.com/w/1996-04-06_-_Robert_Hood_@_Danube_Mega_Rave,_Linz,_Austria",,3,05,Gustav Schumann,2nd Gen,Gustav Schumann - 2nd Gen
"1996-04-06 - Robert Hood @ Danube Mega Rave, Linz, Austria","https://www.mixesdb.com/w/1996-04-06_-_Robert_Hood_@_Danube_Mega_Rave,_Linz,_Austria",,4,07,G-Man,Quo Vardis,G-Man - Quo Vardis
"1996-04-06 - Robert Hood @ Danube Mega Rave, Linz, Austria","https://www.mixesdb.com/w/1996-04-06_-_Robert_Hood_@_Danube_Mega_Rave,_Linz,_Austria",,5,10,Robert Hood,Untitled 1 [M-Plant - M.PM 24],Robert Hood - Untitled 1 [M-Plant - M.PM 24]
"1996-04-06 - Robert Hood @ Danube Mega Rave, Linz, Austria","https://www.mixesdb.com/w/1996-04-06_-_Robert_Hood_@_Danube_Mega_Rave,_Linz,_Austria",,6,13,Robert Hood,One Touch,Robert Hood - One Touch
"1996-04-06 - Robert Hood @ Danube Mega Rave, Linz, Austria","https://www.mixesdb.com/w/1996-04-06_-_Robert_Hood_@_Danube_Mega_Rave,_Linz,_Austria",,7,15,Manual,Baby [Out On A Limb - OOL 13T],Manual - Baby [Out On A Limb - OOL 13T]
"1996-04-06 - Robert Hood @ Danube Mega Rave, Linz, Austria","https://www.mixesdb.com/w/1996-04-06_-_Robert_Hood_@_Danube_Mega_Rave,_Linz,_Austria",,8,19,,?,?
"1996-04-06 - Robert Hood @ Danube Mega Rave, Linz, Austria","https://www.mixesdb.com/w/1996-04-06_-_Robert_Hood_@_Danube_Mega_Rave,_Linz,_Austria",,9,21,Patrick Pulsinger,Viagem [Disko B - DB 142],Patrick Pulsinger - Viagem [Disko B - DB 142]
"1996-04-06 - Robert Hood @ Danube Mega Rave, Linz, Austria","https://www.mixesdb.com/w/1996-04-06_-_Robert_Hood_@_Danube_Mega_Rave,_Linz,_Austria",,10,23,,?,?
"1996-04-06 - Robert Hood @ Danube Mega Rave, Linz, Austria","https://www.mixesdb.com/w/1996-04-06_-_Robert_Hood_@_Danube_Mega_Rave,_Linz,_Austria",,11,27,Psychic Warfare,Tensions [Black Nation - BNR 140],Psychic Warfare - Tensions [Black Nation - BNR 140]
"1996-04-06 - Robert Hood @ Danube Mega Rave, Linz, Austria","https://www.mixesdb.com/w/1996-04-06_-_Robert_Hood_@_Danube_Mega_Rave,_Linz,_Austria",,12,29,,?,?
"1996-04-06 - Robert Hood @ Danube Mega Rave, Linz, Austria","https://www.mixesdb.com/w/1996-04-06_-_Robert_Hood_@_Danube_Mega_Rave,_Linz,_Austria",,13,32,G-Man,Legion,G-Man - Legion
"1996-04-06 - Robert Hood @ Danube Mega Rave, Linz, Austria","https://www.mixesdb.com/w/1996-04-06_-_Robert_Hood_@_Danube_Mega_Rave,_Linz,_Austria",,14,34,Ratio,Nighttrain,Ratio - Nighttrain
"1996-04-06 - Robert Hood @ Danube Mega Rave, Linz, Austria","https://www.mixesdb.com/w/1996-04-06_-_Robert_Hood_@_Danube_Mega_Rave,_Linz,_Austria",,15,38,Missing Channel,Gold,Missing Channel - Gold
"2009-03-29 - Dave Clarke, Robert Hood - Whitenoise","https://www.mixesdb.com/w/2009-03-29_-_Dave_Clarke,_Robert_Hood_-_Whitenoise",Hour 1,1,,Virgil Enzinger,Real State Of Things,Virgil Enzinger - Real State Of Things
"2009-03-29 - Dave Clarke, Robert Hood - Whitenoise","https://www.mixesdb.com/w/2009-03-29_-_Dave_Clarke,_Robert_Hood_-_Whitenoise",Hour 1,2,,Subspace,The Bi Machine,Subspace - The Bi Machine
"2009-03-29 - Dave Clarke, Robert Hood - Whitenoise","https://www.mixesdb.com/w/2009-03-29_-_Dave_Clarke,_Robert_Hood_-_Whitenoise",Hour 1,3,,Matt Rissi,Stuck In The Mud (Crushed Cathedral Mix),Matt Rissi - Stuck In The Mud (Crushed Cathedral Mix)
"2009-03-29 - Dave Clarke, Robert Hood - Whitenoise","https://www.mixesdb.com/w/2009-03-29_-_Dave_Clarke,_Robert_Hood_-_Whitenoise",Hour 1,4,,Rob Glennon,Ratio,Rob Glennon - Ratio
"2009-03-29 - Dave Clarke, Robert Hood - Whitenoise","https://www.mixesdb.com/w/2009-03-29_-_Dave_Clarke,_Robert_Hood_-_Whitenoise",Hour 1,5,,Antony Dupont,Resistance,Antony Dupont - Resistance
"2009-03-29 - Dave Clarke, Robert Hood - Whitenoise","https://www.mixesdb.com/w/2009-03-29_-_Dave_Clarke,_Robert_Hood_-_Whitenoise",Hour 1,6,,Slam,Hot Knives,Slam - Hot Knives
"2009-03-29 - Dave Clarke, Robert Hood - Whitenoise","https://www.mixesdb.com/w/2009-03-29_-_Dave_Clarke,_Robert_Hood_-_Whitenoise",Hour 1,7,,Mighty Thor,Riddles (SubSpace Remix),Mighty Thor - Riddles (SubSpace Remix)
"2009-03-29 - Dave Clarke, Robert Hood - Whitenoise","https://www.mixesdb.com/w/2009-03-29_-_Dave_Clarke,_Robert_Hood_-_Whitenoise",Hour 1,8,,Exium,Plankton,Exium - Plankton
"2009-03-29 - Dave Clarke, Robert Hood - Whitenoise","https://www.mixesdb.com/w/2009-03-29_-_Dave_Clarke,_Robert_Hood_-_Whitenoise",Hour 1,9,,Mike Turrento,TeleCommander (Ritzi Lee Remix),Mike Turrento - TeleCommander (Ritzi Lee Remix)
"2009-03-29 - Dave Clarke, Robert Hood - Whitenoise","https://www.mixesdb.com/w/2009-03-29_-_Dave_Clarke,_Robert_Hood_-_Whitenoise",Hour 1,10,,Edit-Select,Bauer,Edit-Select - Bauer
"2009-03-29 - Dave Clarke, Robert Hood - Whitenoise","https://www.mixesdb.com/w/2009-03-29_-_Dave_Clarke,_Robert_Hood_-_Whitenoise",Hour 1,11,,Marco Bernardi,Cyber 9,Marco Bernardi - Cyber 9
"2009-03-29 - Dave Clarke, Robert Hood - Whitenoise","https://www.mixesdb.com/w/2009-03-29_-_Dave_Clarke,_Robert_Hood_-_Whitenoise",Hour 1,12,,Mad Scientist,Mad Scientist (Jimmy Edgar Remix),Mad Scientist - Mad Scientist (Jimmy Edgar Remix)
"2009-03-29 - Dave Clarke, Robert Hood - Whitenoise","https://www.mixesdb.com/w/2009-03-29_-_Dave_Clarke,_Robert_Hood_-_Whitenoise",Hour 2,1,,AS 1,Let's Be Honest (The Exaltics Remix),AS 1 - Let's Be Honest (The Exaltics Remix)
"2009-03-29 - Dave Clarke, Robert Hood - Whitenoise","https://www.mixesdb.com/w/2009-03-29_-_Dave_Clarke,_Robert_Hood_-_Whitenoise",Hour 2,2,,Faceless Mind,Herr Furste,Faceless Mind - Herr Furste
"2009-03-29 - Dave Clarke, Robert Hood - Whitenoise","https://www.mixesdb.com/w/2009-03-29_-_Dave_Clarke,_Robert_Hood_-_Whitenoise",Hour 2,3,,UHU,Behind The Moon,UHU - Behind The Moon
2012-09-24 - Robert Hood - RA Podcast (RA.330),https://www.mixesdb.com/w/2012-09-24_-_Robert_Hood_-_RA_Podcast_(RA.330),,1,00,,DJ Muggs vs GZA,DJ Muggs vs GZA
2012-09-24 - Robert Hood - RA Podcast (RA.330),https://www.mixesdb.com/w/2012-09-24_-_Robert_Hood_-_RA_Podcast_(RA.330),,2,01,Floorplan,Ritual [EPM],Floorplan - Ritual [EPM]
2012-09-24 - Robert Hood - RA Podcast (RA.330),https://www.mixesdb.com/w/2012-09-24_-_Robert_Hood_-_RA_Podcast_(RA.330),,3,03,Tim Wolff,Backstage Fridge [Dynamic Reflection],Tim Wolff - Backstage Fridge [Dynamic Reflection]
2012-09-24 - Robert Hood - RA Podcast (RA.330),https://www.mixesdb.com/w/2012-09-24_-_Robert_Hood_-_RA_Podcast_(RA.330),,4,05,Italoboyz,Zinga [Get Physical] (Unreleased Robert Hood Edit),Italoboyz - Zinga [Get Physical] (Unreleased Robert Hood Edit)
2012-09-24 - Robert Hood - RA Podcast (RA.330),https://www.mixesdb.com/w/2012-09-24_-_Robert_Hood_-_RA_Podcast_(RA.330),,5,07,Robert Hood,Omega (Alive) [M-Plant - MPM 12],Robert Hood - Omega (Alive) [M-Plant - MPM 12]
2012-09-24 - Robert Hood - RA Podcast (RA.330),https://www.mixesdb.com/w/2012-09-24_-_Robert_Hood_-_RA_Podcast_(RA.330),,6,08,Floorplan,Chord Principle [M-Plant],Floorplan - Chord Principle [M-Plant]
2012-09-24 - Robert Hood - RA Podcast (RA.330),https://www.mixesdb.com/w/2012-09-24_-_Robert_Hood_-_RA_Podcast_(RA.330),,7,10,Marco Lenzi,Taboo [Molecular],Marco Lenzi - Taboo [Molecular]
2012-09-24 - Robert Hood - RA Podcast (RA.330),https://www.mixesdb.com/w/2012-09-24_-_Robert_Hood_-_RA_Podcast_(RA.330),,8,12,69,Ladies & Gentleman [Planet E],69 - Ladies & Gentleman [Planet E]
2012-09-24 - Robert Hood - RA Podcast (RA.330),https://www.mixesdb.com/w/2012-09-24_-_Robert_Hood_-_RA_Podcast_(RA.330),,9,15,James Ruskin,Work (Steve Rachmad Remix) [Blueprint - BPLTD 03],James Ruskin - Work (Steve Rachmad Remix) [Blueprint - BPLTD 03]
2012-09-24 - Robert Hood - RA Podcast (RA.330),https://www.mixesdb.com/w/2012-09-24_-_Robert_Hood_-_RA_Podcast_(RA.330),,10,17,Carl Taylor,Debbie's Groove (Robert Hood Remix) [EPM],Carl Taylor - Debbie's Groove (Robert Hood Remix) [EPM]
2012-09-24 - Robert Hood - RA Podcast (RA.330),https://www.mixesdb.com/w/2012-09-24_-_Robert_Hood_-_RA_Podcast_(RA.330),,11,19,Mark Broom,Fever [Beard Man],Mark Broom - Fever [Beard Man]
2012-09-24 - Robert Hood - RA Podcast (RA.330),https://www.mixesdb.com/w/2012-09-24_-_Robert_Hood_-_RA_Podcast_(RA.330),,12,21,Robert Hood,Eleven [M-Plant],Robert Hood - Eleven [M-Plant]
2012-09-24 - Robert Hood - RA Podcast (RA.330),https://www.mixesdb.com/w/2012-09-24_-_Robert_Hood_-_RA_Podcast_(RA.330),,13,23,Floorplan,Confess [M-Plant],Floorplan - Confess [M-Plant]
2012-09-24 - Robert Hood - RA Podcast (RA.330),https://www.mixesdb.com/w/2012-09-24_-_Robert_Hood_-_RA_Podcast_(RA.330),,14,25,Robert Hood,Better Life [Music Man],Robert Hood - Better Life [Music Man]
2012-09-24 - Robert Hood - RA Podcast (RA.330),https://www.mixesdb.com/w/2012-09-24_-_Robert_Hood_-_RA_Podcast_(RA.330),,15,27,Robert Hood,Unreleased,Robert Hood - Unreleased
2012-09-24 - Robert Hood - RA Podcast (RA.330),https://www.mixesdb.com/w/2012-09-24_-_Robert_Hood_-_RA_Podcast_(RA.330),,16,30,DJ Bone,The Hold (Tight Packing Mix) [Subject Detroit - SUB-003],DJ Bone - The Hold (Tight Packing Mix) [Subject Detroit - SUB-003]
2012-09-24 - Robert Hood - RA Podcast (RA.330),https://www.mixesdb.com/w/2012-09-24_-_Robert_Hood_-_RA_Podcast_(RA.330),,17,32,Floorplan,Altered Ego [M-Plant],Floorplan - Altered Ego [M-Plant]
2012-09-24 - Robert Hood - RA Podcast (RA.330),https://www.mixesdb.com/w/2012-09-24_-_Robert_Hood_-_RA_Podcast_(RA.330),,18,??,Ben Sims & Vincent Davis,Freaks (Sims Disin' All Freaks Mix) [Ingoma],Ben Sims & Vincent Davis - Freaks (Sims Disin' All Freaks Mix) [Ingoma]
2012-09-24 - Robert Hood - RA Podcast (RA.330),https://www.mixesdb.com/w/2012-09-24_-_Robert_Hood_-_RA_Podcast_(RA.330),,19,??,Ritzi Lee,Backdraft [Theory],Ritzi Lee - Backdraft [Theory]
2012-09-24 - Robert Hood - RA Podcast (RA.330),https://www.mixesdb.com/w/2012-09-24_-_Robert_Hood_-_RA_Podcast_(RA.330),,20,??,Trolley Route,Neutron [Cheval],Trolley Route - Neutron [Cheval]
2012-09-24 - Robert Hood - RA Podcast (RA.330),https://www.mixesdb.com/w/2012-09-24_-_Robert_Hood_-_RA_Podcast_(RA.330),,21,??,Ben Sims,Metal Works [Machine],Ben Sims - Metal Works [Machine]
2012-09-24 - Robert Hood - RA Podcast (RA.330),https://www.mixesdb.com/w/2012-09-24_-_Robert_Hood_-_RA_Podcast_(RA.330),,22,44,Robert Hood,Power To Prohet [M-Plant - M.PM9],Robert Hood - Power To Prohet [M-Plant - M.PM9]
2012-09-24 - Robert Hood - RA Podcast (RA.330),https://www.mixesdb.com/w/2012-09-24_-_Robert_Hood_-_RA_Podcast_(RA.330),,23,46,Robert Hood,Black Technician [Music Man - MMCD 038D],Robert Hood - Black Technician [Music Man - MMCD 038D]
2012-09-24 - Robert Hood - RA Podcast (RA.330),https://www.mixesdb.com/w/2012-09-24_-_Robert_Hood_-_RA_Podcast_(RA.330),,24,48,Floorplan,"Baby, Baby [M-Plant - MPM 13]","Floorplan - Baby, Baby [M-Plant - MPM 13]"
2012-09-24 - Robert Hood - RA Podcast (RA.330),https://www.mixesdb.com/w/2012-09-24_-_Robert_Hood_-_RA_Podcast_(RA.330),,25,52,K Alexi Shelby,Vertigo [Transmat],K Alexi Shelby - Vertigo [Transmat]
2012-09-24 - Robert Hood - RA Podcast (RA.330),https://www.mixesdb.com/w/2012-09-24_-_Robert_Hood_-_RA_Podcast_(RA.330),,26,54,Phase,Xylo 3 [Token - 16D],Phase - Xylo 3 [Token - 16D]
2012-09-24 - Robert Hood - RA Podcast (RA.330),https://www.mixesdb.com/w/2012-09-24_-_Robert_Hood_-_RA_Podcast_(RA.330),,27,57,Robert Hood,Hate Transmissions [Music Man],Robert Hood - Hate Transmissions [Music Man]
2012-09-24 - Robert Hood - RA Podcast (RA.330),https://www.mixesdb.com/w/2012-09-24_-_Robert_Hood_-_RA_Podcast_(RA.330),,28,??,Robert Hood,Range [M-Plant],Robert Hood - Range [M-Plant]
2012-09-24 - Robert Hood - RA Podcast (RA.330),https://www.mixesdb.com/w/2012-09-24_-_Robert_Hood_-_RA_Podcast_(RA.330),,29,??,Rhythm Is Rhythm,Salsa Life [Transmat],Rhythm Is Rhythm - Salsa Life [Transmat]
2008-03 - Robert Hood - Fabric 39,https://www.mixesdb.com/w/2008-03_-_Robert_Hood_-_Fabric_39,,1,02:20,Robert Hood,[https://www.discogs.com/Robert-Hood-Who-Taught-You-Math/release/38257 Who Taught You Math (Peacefrog)],Robert Hood - [https://www.discogs.com/Robert-Hood-Who-Taught-You-Math/release/38257 Who Taught You Math (Peacefrog)]
2008-03 - Robert Hood - Fabric 39,https://www.mixesdb.com/w/2008-03_-_Robert_Hood_-_Fabric_39,,2,03:57,Pacou,[https://www.discogs.com/Pacou-Solid-Ground-EP/release/506529 X-Factor (Cache Records)],Pacou - [https://www.discogs.com/Pacou-Solid-Ground-EP/release/506529 X-Factor (Cache Records)]
2008-03 - Robert Hood - Fabric 39,https://www.mixesdb.com/w/2008-03_-_Robert_Hood_-_Fabric_39,,3,05:50,Robert Hood,[https://www.discogs.com/Robert-Hood-Hoodmusic-3/release/1148493 Strobe Light (Music Man)],Robert Hood - [https://www.discogs.com/Robert-Hood-Hoodmusic-3/release/1148493 Strobe Light (Music Man)]
2008-03 - Robert Hood - Fabric 39,https://www.mixesdb.com/w/2008-03_-_Robert_Hood_-_Fabric_39,,4,07:38,Marco Lenzi,[https://www.discogs.com/Marco-Lenzi-Taboo-Oliver-Ho-Remix/release/121325 Taboo (Molecular Recordings)],Marco Lenzi - [https://www.discogs.com/Marco-Lenzi-Taboo-Oliver-Ho-Remix/release/121325 Taboo (Molecular Recordings)]
2008-03 - Robert Hood - Fabric 39,https://www.mixesdb.com/w/2008-03_-_Robert_Hood_-_Fabric_39,,5,10:10,Joris Voorn,[https://www.discogs.com/Joris-Voorn-Muted-Trax-Part-2/release/145342 Fever (Rephrased) (Keynote)],Joris Voorn - [https://www.discogs.com/Joris-Voorn-Muted-Trax-Part-2/release/145342 Fever (Rephrased) (Keynote)]
2008-03 - Robert Hood - Fabric 39,https://www.mixesdb.com/w/2008-03_-_Robert_Hood_-_Fabric_39,,6,12:30,Fab G,[https://www.discogs.com/Fab-G-Bust-The-Vibes-Feelings/release/207499 Bust The Vibes (Real Disco Mix) (Grand Prix)],Fab G - [https://www.discogs.com/Fab-G-Bust-The-Vibes-Feelings/release/207499 Bust The Vibes (Real Disco Mix) (Grand Prix)]
2008-03 - Robert Hood - Fabric 39,https://www.mixesdb.com/w/2008-03_-_Robert_Hood_-_Fabric_39,,7,14:21,Dan March,[https://www.discogs.com/Dan-March-Sand-Dune/release/154145 Sand Dune (Meta)],Dan March - [https://www.discogs.com/Dan-March-Sand-Dune/release/154145 Sand Dune (Meta)]
2008-03 - Robert Hood - Fabric 39,https://www.mixesdb.com/w/2008-03_-_Robert_Hood_-_Fabric_39,,8,16:26,Robert Hood,Element 3,Robert Hood - Element 3
2008-03 - Robert Hood - Fabric 39,https://www.mixesdb.com/w/2008-03_-_Robert_Hood_-_Fabric_39,,9,18:32,Diego,[https://www.discogs.com/Diego-Mind-Detergent-Robert-Hood-Remixes/release/244570 Mind Detergent (Robert Hood Remix) (Kanzleramt)],Diego - [https://www.discogs.com/Diego-Mind-Detergent-Robert-Hood-Remixes/release/244570 Mind Detergent (Robert Hood Remix) (Kanzleramt)]
2008-03 - Robert Hood - Fabric 39,https://www.mixesdb.com/w/2008-03_-_Robert_Hood_-_Fabric_39,,10,19:57,Jeff Mills,[https://www.discogs.com/Jeff-Mills-Skin-Deep-EP/release/139 Skin Deep (Purpose Maker)],Jeff Mills - [https://www.discogs.com/Jeff-Mills-Skin-Deep-EP/release/139 Skin Deep (Purpose Maker)]
2008-03 - Robert Hood - Fabric 39,https://www.mixesdb.com/w/2008-03_-_Robert_Hood_-_Fabric_39,,11,21:04,Robert Hood,[https://www.discogs.com/Robert-Hood-Hoodmusic-2/release/779860 School (Music Man)],Robert Hood - [https://www.discogs.com/Robert-Hood-Hoodmusic-2/release/779860 School (Music Man)]
2008-03 - Robert Hood - Fabric 39,https://www.mixesdb.com/w/2008-03_-_Robert_Hood_-_Fabric_39,,12,23:11,Robert Hood,Element 23,Robert Hood - Element 23
2008-03 - Robert Hood - Fabric 39,https://www.mixesdb.com/w/2008-03_-_Robert_Hood_-_Fabric_39,,13,25:01,John Thomas,[https://www.discogs.com/John-Thomas-Mr-Funk/release/47620 Mr. Funk (Logistic)],John Thomas - [https://www.discogs.com/John-Thomas-Mr-Funk/release/47620 Mr. Funk (Logistic)]
2008-03 - Robert Hood - Fabric 39,https://www.mixesdb.com/w/2008-03_-_Robert_Hood_-_Fabric_39,,14,26:53,DJ Skull,[https://www.discogs.com/DJ-Skull-The-Gladiator-III-EP/release/530358 Informant (Hypnotic Tones)],DJ Skull - [https://www.discogs.com/DJ-Skull-The-Gladiator-III-EP/release/530358 Informant (Hypnotic Tones)]
2008-03 - Robert Hood - Fabric 39,https://www.mixesdb.com/w/2008-03_-_Robert_Hood_-_Fabric_39,,15,28:33,Scorp,[https://www.discogs.com/Scorp-Repaired-One-Side/release/108311 One Side (Scorp)],Scorp - [https://www.discogs.com/Scorp-Repaired-One-Side/release/108311 One Side (Scorp)]
2008-03 - Robert Hood - Fabric 39,https://www.mixesdb.com/w/2008-03_-_Robert_Hood_-_Fabric_39,,16,30:04,Pacou,[https://www.discogs.com/Pacou-Crossing-The-Domains/release/229618 All It Takes (Sonic Mind)],Pacou - [https://www.discogs.com/Pacou-Crossing-The-Domains/release/229618 All It Takes (Sonic Mind)]
2008-03 - Robert Hood - Fabric 39,https://www.mixesdb.com/w/2008-03_-_Robert_Hood_-_Fabric_39,,17,31:41,Phase,[https://www.discogs.com/%C3%98-Phase-Mass/release/982627 Mass (Token)],Phase - [https://www.discogs.com/%C3%98-Phase-Mass/release/982627 Mass (Token)]
2008-03 - Robert Hood - Fabric 39,https://www.mixesdb.com/w/2008-03_-_Robert_Hood_-_Fabric_39,,18,34:00,UK Gold,[https://www.discogs.com/UK-Gold-Agent-Wood-Remixes/release/1617 Agent Wood (Adam Beyer Remix) (Primevil)],UK Gold - [https://www.discogs.com/UK-Gold-Agent-Wood-Remixes/release/1617 Agent Wood (Adam Beyer Remix) (Primevil)]
2008-03 - Robert Hood - Fabric 39,https://www.mixesdb.com/w/2008-03_-_Robert_Hood_-_Fabric_39,,19,35:52,Solid Decay,[https://www.discogs.com/Various-Butminimalistoomuch/release/396095 Legalize! (Lessismorecordings)],Solid Decay - [https://www.discogs.com/Various-Butminimalistoomuch/release/396095 Legalize! (Lessismorecordings)]
2008-03 - Robert Hood - Fabric 39,https://www.mixesdb.com/w/2008-03_-_Robert_Hood_-_Fabric_39,,20,38:07,Robert Hood,Element 7,Robert Hood - Element 7
2008-03 - Robert Hood - Fabric 39,https://www.mixesdb.com/w/2008-03_-_Robert_Hood_-_Fabric_39,,21,40:42,Robert Hood,[https://www.discogs.com/Robert-Hood-Hoodmusic-3/release/1165762 Side Effect (Music Man)],Robert Hood - [https://www.discogs.com/Robert-Hood-Hoodmusic-3/release/1165762 Side Effect (Music Man)]
2008-03 - Robert Hood - Fabric 39,https://www.mixesdb.com/w/2008-03_-_Robert_Hood_-_Fabric_39,,22,45:05,Mion,[https://www.discogs.com/Mion-Miori-EP/release/18719 Drop The Filter (Music Man)],Mion - [https://www.discogs.com/Mion-Miori-EP/release/18719 Drop The Filter (Music Man)]
2008-03 - Robert Hood - Fabric 39,https://www.mixesdb.com/w/2008-03_-_Robert_Hood_-_Fabric_39,,23,46:46,Scorp,[https://www.discogs.com/Scorp-New-Energy-Energetix/release/5537 New Energy (Scorp)],Scorp - [https://www.discogs.com/Scorp-New-Energy-Energetix/release/5537 New Energy (Scorp)]
2008-03 - Robert Hood - Fabric 39,https://www.mixesdb.com/w/2008-03_-_Robert_Hood_-_Fabric_39,,24,48:30,UK Gold,[https://www.discogs.com/UK-Gold-Agent-Wood-Remixes/release/1617 Agent Wood (Primevil)],UK Gold - [https://www.discogs.com/UK-Gold-Agent-Wood-Remixes/release/1617 Agent Wood (Primevil)]
2008-03 - Robert Hood - Fabric 39,https://www.mixesdb.com/w/2008-03_-_Robert_Hood_-_Fabric_39,,25,52:00,Robert Hood,[https://www.discogs.com/Robert-Hood-Hoodmusic-2/release/779860 Still Here (Los Hermanos Remix) (Music Man)],Robert Hood - [https://www.discogs.com/Robert-Hood-Hoodmusic-2/release/779860 Still Here (Los Hermanos Remix) (Music Man)]
2008-03 - Robert Hood - Fabric 39,https://www.mixesdb.com/w/2008-03_-_Robert_Hood_-_Fabric_39,,26,54:11,John Thomas,[https://www.discogs.com/John-Thomas-Funkless-1/release/38585 Pulp Funktion 2 (Logistic)],John Thomas - [https://www.discogs.com/John-Thomas-Funkless-1/release/38585 Pulp Funktion 2 (Logistic)]
2008-03 - Robert Hood - Fabric 39,https://www.mixesdb.com/w/2008-03_-_Robert_Hood_-_Fabric_39,,27,56:43,Robert Hood,[https://www.discogs.com/Robert-Hood-The-Greatest-Dancer/release/10737 The Greatest Dancer (M-Plant)],Robert Hood - [https://www.discogs.com/Robert-Hood-The-Greatest-Dancer/release/10737 The Greatest Dancer (M-Plant)]
2008-03 - Robert Hood - Fabric 39,https://www.mixesdb.com/w/2008-03_-_Robert_Hood_-_Fabric_39,,28,60:56,Low-Life,[https://www.discogs.com/Low-Life-Sideways/release/71068 Exclamation (Mosaic)],Low-Life - [https://www.discogs.com/Low-Life-Sideways/release/71068 Exclamation (Mosaic)]
2008-03 - Robert Hood - Fabric 39,https://www.mixesdb.com/w/2008-03_-_Robert_Hood_-_Fabric_39,,29,63:27,Robert Hood,[https://www.discogs.com/Robert-Hood-Hoodmusic-3/release/1165762 And Then We Planned Our Escape (Music Man)],Robert Hood - [https://www.discogs.com/Robert-Hood-Hoodmusic-3/release/1165762 And Then We Planned Our Escape (Music Man)]
2008-03 - Robert Hood - Fabric 39,https://www.mixesdb.com/w/2008-03_-_Robert_Hood_-_Fabric_39,,30,67:00,Robert Hood,Element 12,Robert Hood - Element 12
"2014-09-27 - Robert Hood @ La Bacchanale, Montreal","https://www.mixesdb.com/w/2014-09-27_-_Robert_Hood_@_La_Bacchanale,_Montreal",,1,00,Psyk,Arcade [Mote Evolver - MOTE 035D],Psyk - Arcade [Mote Evolver - MOTE 035D]
"2014-09-27 - Robert Hood @ La Bacchanale, Montreal","https://www.mixesdb.com/w/2014-09-27_-_Robert_Hood_@_La_Bacchanale,_Montreal",,2,05,Kirk Degiorgio & Ben Sims,Metal Works [Machine Label - M 01],Kirk Degiorgio & Ben Sims - Metal Works [Machine Label - M 01]
"2014-09-27 - Robert Hood @ La Bacchanale, Montreal","https://www.mixesdb.com/w/2014-09-27_-_Robert_Hood_@_La_Bacchanale,_Montreal",,3,08,Ø [Phase],Dirtro II (Robert Hood's New Device Mix) [Token - 37D],Ø [Phase] - Dirtro II (Robert Hood's New Device Mix) [Token - 37D]
"2014-09-27 - Robert Hood @ La Bacchanale, Montreal","https://www.mixesdb.com/w/2014-09-27_-_Robert_Hood_@_La_Bacchanale,_Montreal",,4,12,Gary Beck,Before The Crash [Soma - 344D],Gary Beck - Before The Crash [Soma - 344D]
"2014-09-27 - Robert Hood @ La Bacchanale, Montreal","https://www.mixesdb.com/w/2014-09-27_-_Robert_Hood_@_La_Bacchanale,_Montreal",,5,14,Lee J Malcolm,Oh Yeah (Ben Sims Sims Rolling Dub Remix) [EPM - 36],Lee J Malcolm - Oh Yeah (Ben Sims Sims Rolling Dub Remix) [EPM - 36]
"2014-09-27 - Robert Hood @ La Bacchanale, Montreal","https://www.mixesdb.com/w/2014-09-27_-_Robert_Hood_@_La_Bacchanale,_Montreal",,6,18,Floorplan,Let's Ride [M-Plant - MPM 16],Floorplan - Let's Ride [M-Plant - MPM 16]
"2014-09-27 - Robert Hood @ La Bacchanale, Montreal","https://www.mixesdb.com/w/2014-09-27_-_Robert_Hood_@_La_Bacchanale,_Montreal",,7,20,Esteban Adame,Rays Of Saturn (Robert Hood Remix),Esteban Adame - Rays Of Saturn (Robert Hood Remix)
"2014-09-27 - Robert Hood @ La Bacchanale, Montreal","https://www.mixesdb.com/w/2014-09-27_-_Robert_Hood_@_La_Bacchanale,_Montreal",,8,24,Roman Poncet,Walfisch (Robert Hood Remix),Roman Poncet - Walfisch (Robert Hood Remix)
"2014-09-27 - Robert Hood @ La Bacchanale, Montreal","https://www.mixesdb.com/w/2014-09-27_-_Robert_Hood_@_La_Bacchanale,_Montreal",,9,28,Club MCM,Club Mcm (Mark Broom Re-Edit),Club MCM - Club Mcm (Mark Broom Re-Edit)
"2014-09-27 - Robert Hood @ La Bacchanale, Montreal","https://www.mixesdb.com/w/2014-09-27_-_Robert_Hood_@_La_Bacchanale,_Montreal",,10,32,Clouds,Chained To A Dead Camel [Overlee Assembly - OA 002],Clouds - Chained To A Dead Camel [Overlee Assembly - OA 002]
"2014-09-27 - Robert Hood @ La Bacchanale, Montreal","https://www.mixesdb.com/w/2014-09-27_-_Robert_Hood_@_La_Bacchanale,_Montreal",,11,35,Jeff Mills,The Bells,Jeff Mills - The Bells
"2014-09-27 - Robert Hood @ La Bacchanale, Montreal","https://www.mixesdb.com/w/2014-09-27_-_Robert_Hood_@_La_Bacchanale,_Montreal",,12,37,Ritzi Lee,Reverse Processed [Theory - 038],Ritzi Lee - Reverse Processed [Theory - 038]
"2016-08-13 - Robert Hood @ DGTL Festival, Barcelona","https://www.mixesdb.com/w/2016-08-13_-_Robert_Hood_@_DGTL_Festival,_Barcelona",,1,000,Robert Hood,Preface,Robert Hood - Preface
"2016-08-13 - Robert Hood @ DGTL Festival, Barcelona","https://www.mixesdb.com/w/2016-08-13_-_Robert_Hood_@_DGTL_Festival,_Barcelona",,2,0??,Truncate,Jack (Mark Broom Bonus Mix),Truncate - Jack (Mark Broom Bonus Mix)
"2016-08-13 - Robert Hood @ DGTL Festival, Barcelona","https://www.mixesdb.com/w/2016-08-13_-_Robert_Hood_@_DGTL_Festival,_Barcelona",,3,0??,Robert Hood,The Bond We Formed,Robert Hood - The Bond We Formed
"2016-08-13 - Robert Hood @ DGTL Festival, Barcelona","https://www.mixesdb.com/w/2016-08-13_-_Robert_Hood_@_DGTL_Festival,_Barcelona",,4,0??,,?,?
"2016-08-13 - Robert Hood @ DGTL Festival, Barcelona","https://www.mixesdb.com/w/2016-08-13_-_Robert_Hood_@_DGTL_Festival,_Barcelona",,5,013,Esteban Adame,Paper People (Robert Hood Remix) [Rogue Society - RS 003X],Esteban Adame - Paper People (Robert Hood Remix) [Rogue Society - RS 003X]
"2016-08-13 - Robert Hood @ DGTL Festival, Barcelona","https://www.mixesdb.com/w/2016-08-13_-_Robert_Hood_@_DGTL_Festival,_Barcelona",,6,016,Gary Beck,Get Down [Toolroom - TOOL 114/01Z],Gary Beck - Get Down [Toolroom - TOOL 114/01Z]
"2016-08-13 - Robert Hood @ DGTL Festival, Barcelona","https://www.mixesdb.com/w/2016-08-13_-_Robert_Hood_@_DGTL_Festival,_Barcelona",,7,020,Reese,Bassline (Ben Sims 25th Anniversary Edit) [KMS - 111],Reese - Bassline (Ben Sims 25th Anniversary Edit) [KMS - 111]
"2016-08-13 - Robert Hood @ DGTL Festival, Barcelona","https://www.mixesdb.com/w/2016-08-13_-_Robert_Hood_@_DGTL_Festival,_Barcelona",,8,024,Floorplan,Never Grow Old (Mark Broom Edit),Floorplan - Never Grow Old (Mark Broom Edit)
"2016-08-13 - Robert Hood @ DGTL Festival, Barcelona","https://www.mixesdb.com/w/2016-08-13_-_Robert_Hood_@_DGTL_Festival,_Barcelona",,9,028,Floorplan,They Can Tell [M-Plant - MPM 28],Floorplan - They Can Tell [M-Plant - MPM 28]
"2016-08-13 - Robert Hood @ DGTL Festival, Barcelona","https://www.mixesdb.com/w/2016-08-13_-_Robert_Hood_@_DGTL_Festival,_Barcelona",,10,0??,Floorplan,Let The Church,Floorplan - Let The Church
"2016-08-13 - Robert Hood @ DGTL Festival, Barcelona","https://www.mixesdb.com/w/2016-08-13_-_Robert_Hood_@_DGTL_Festival,_Barcelona",,11,0??,Robert Hood,Unreleased One,Robert Hood - Unreleased One
"2016-08-13 - Robert Hood @ DGTL Festival, Barcelona","https://www.mixesdb.com/w/2016-08-13_-_Robert_Hood_@_DGTL_Festival,_Barcelona",,12,0??,Paul Mac,Grind Returns (Ritzi Lee Remix),Paul Mac - Grind Returns (Ritzi Lee Remix)
"2016-08-13 - Robert Hood @ DGTL Festival, Barcelona","https://www.mixesdb.com/w/2016-08-13_-_Robert_Hood_@_DGTL_Festival,_Barcelona",,13,039,Donna Summer,I Feel Love (Glenn Underground Remix),Donna Summer - I Feel Love (Glenn Underground Remix)
"2016-08-13 - Robert Hood @ DGTL Festival, Barcelona","https://www.mixesdb.com/w/2016-08-13_-_Robert_Hood_@_DGTL_Festival,_Barcelona",,14,045,Frankie Knuckles & Directors Cut & B Slade,Get Over U (Gifted Souls Remix) [Nocturnal Groove Digital - NCTGD 082],Frankie Knuckles & Directors Cut & B Slade - Get Over U (Gifted Souls Remix) [Nocturnal Groove Digital - NCTGD 082]
"2016-08-13 - Robert Hood @ DGTL Festival, Barcelona","https://www.mixesdb.com/w/2016-08-13_-_Robert_Hood_@_DGTL_Festival,_Barcelona",,15,0??,Ben Sims,The Terrors,Ben Sims - The Terrors
"2016-08-13 - Robert Hood @ DGTL Festival, Barcelona","https://www.mixesdb.com/w/2016-08-13_-_Robert_Hood_@_DGTL_Festival,_Barcelona",,16,0??,Joey Negro,Feel It (Alex Kenji Radio Edit),Joey Negro - Feel It (Alex Kenji Radio Edit)
"2016-08-13 - Robert Hood @ DGTL Festival, Barcelona","https://www.mixesdb.com/w/2016-08-13_-_Robert_Hood_@_DGTL_Festival,_Barcelona",,17,053,Clouds,Chained To A Dead Camel [Overlee Assembly - OA 002],Clouds - Chained To A Dead Camel [Overlee Assembly - OA 002]
"2016-08-13 - Robert Hood @ DGTL Festival, Barcelona","https://www.mixesdb.com/w/2016-08-13_-_Robert_Hood_@_DGTL_Festival,_Barcelona",,18,056,George Tounisidis,Funk Time,George Tounisidis - Funk Time
"2016-08-13 - Robert Hood @ DGTL Festival, Barcelona","https://www.mixesdb.com/w/2016-08-13_-_Robert_Hood_@_DGTL_Festival,_Barcelona",,19,059,Floorplan,Sun In The Sky [M-Plant - MPM 28],Floorplan - Sun In The Sky [M-Plant - MPM 28]
"2016-08-13 - Robert Hood @ DGTL Festival, Barcelona","https://www.mixesdb.com/w/2016-08-13_-_Robert_Hood_@_DGTL_Festival,_Barcelona",,20,062,,?,?
"2016-08-13 - Robert Hood @ DGTL Festival, Barcelona","https://www.mixesdb.com/w/2016-08-13_-_Robert_Hood_@_DGTL_Festival,_Barcelona",,21,066,Mark Broom,M19 [Beard Man - BMD 011],Mark Broom - M19 [Beard Man - BMD 011]
"2016-08-13 - Robert Hood @ DGTL Festival, Barcelona","https://www.mixesdb.com/w/2016-08-13_-_Robert_Hood_@_DGTL_Festival,_Barcelona",,22,070,Floorplan,Ha Ya [M-Plant - MPM 28],Floorplan - Ha Ya [M-Plant - MPM 28]
"2016-08-13 - Robert Hood @ DGTL Festival, Barcelona","https://www.mixesdb.com/w/2016-08-13_-_Robert_Hood_@_DGTL_Festival,_Barcelona",,23,073,Dan Beaumont,Spirit Talkin [Spencer Parker Workmix],Dan Beaumont - Spirit Talkin [Spencer Parker Workmix]
"2016-08-13 - Robert Hood @ DGTL Festival, Barcelona","https://www.mixesdb.com/w/2016-08-13_-_Robert_Hood_@_DGTL_Festival,_Barcelona",,24,080,Floorplan,Spin [M-Plant - MPM 28],Floorplan - Spin [M-Plant - MPM 28]
"2016-08-13 - Robert Hood @ DGTL Festival, Barcelona","https://www.mixesdb.com/w/2016-08-13_-_Robert_Hood_@_DGTL_Festival,_Barcelona",,25,0??,Robert Hood,Unreleased Three,Robert Hood - Unreleased Three
"2016-08-13 - Robert Hood @ DGTL Festival, Barcelona","https://www.mixesdb.com/w/2016-08-13_-_Robert_Hood_@_DGTL_Festival,_Barcelona",,26,084,Floorplan,We Magnify His Name [M-Plant - MPM 13],Floorplan - We Magnify His Name [M-Plant - MPM 13]
"2016-08-13 - Robert Hood @ DGTL Festival, Barcelona","https://www.mixesdb.com/w/2016-08-13_-_Robert_Hood_@_DGTL_Festival,_Barcelona",,27,089,Club MCM,Club MCM (Mark Broom Re-Edit) [Do Not Sleep - DNS 002],Club MCM - Club MCM (Mark Broom Re-Edit) [Do Not Sleep - DNS 002]
"2016-08-13 - Robert Hood @ DGTL Festival, Barcelona","https://www.mixesdb.com/w/2016-08-13_-_Robert_Hood_@_DGTL_Festival,_Barcelona",,28,092,Gary Beck,Barefoot Sunday (Floorplan Remix) [Bek - 027],Gary Beck - Barefoot Sunday (Floorplan Remix) [Bek - 027]
"2016-08-13 - Robert Hood @ DGTL Festival, Barcelona","https://www.mixesdb.com/w/2016-08-13_-_Robert_Hood_@_DGTL_Festival,_Barcelona",,29,096,Oliver Deutschmann,Confuzed [Soma - 367D],Oliver Deutschmann - Confuzed [Soma - 367D]
"2016-08-13 - Robert Hood @ DGTL Festival, Barcelona","https://www.mixesdb.com/w/2016-08-13_-_Robert_Hood_@_DGTL_Festival,_Barcelona",,30,100,Tim Wolff,Backstage Fridge [Dynamic Reflection - DREF 013],Tim Wolff - Backstage Fridge [Dynamic Reflection - DREF 013]
"2016-08-13 - Robert Hood @ DGTL Festival, Barcelona","https://www.mixesdb.com/w/2016-08-13_-_Robert_Hood_@_DGTL_Festival,_Barcelona",,31,102,Sims vs Truncate,Untitled 8,Sims vs Truncate - Untitled 8
"2016-08-13 - Robert Hood @ DGTL Festival, Barcelona","https://www.mixesdb.com/w/2016-08-13_-_Robert_Hood_@_DGTL_Festival,_Barcelona",,32,1??,Robert Hood,Solid Thought,Robert Hood - Solid Thought
"2016-08-13 - Robert Hood @ DGTL Festival, Barcelona","https://www.mixesdb.com/w/2016-08-13_-_Robert_Hood_@_DGTL_Festival,_Barcelona",,33,108,Floorplan,Never Grow Old [M-Plant - M.PM 20],Floorplan - Never Grow Old [M-Plant - M.PM 20]
"2016-08-13 - Robert Hood @ DGTL Festival, Barcelona","https://www.mixesdb.com/w/2016-08-13_-_Robert_Hood_@_DGTL_Festival,_Barcelona",,34,1??,,?,?
"2016-08-13 - Robert Hood @ DGTL Festival, Barcelona","https://www.mixesdb.com/w/2016-08-13_-_Robert_Hood_@_DGTL_Festival,_Barcelona",,35,112,Gary Beck,Feel It,Gary Beck - Feel It
"2008-04-12 - Dave Clarke, Robert Hood, Wyndell Long - Whitenoise","https://www.mixesdb.com/w/2008-04-12_-_Dave_Clarke,_Robert_Hood,_Wyndell_Long_-_Whitenoise",Part 1,1,,,Deutch Ass ?,Deutch Ass ?
"2008-04-12 - Dave Clarke, Robert Hood, Wyndell Long - Whitenoise","https://www.mixesdb.com/w/2008-04-12_-_Dave_Clarke,_Robert_Hood,_Wyndell_Long_-_Whitenoise",Part 1,2,,Strange Connection,Spain Scene,Strange Connection - Spain Scene
"2008-04-12 - Dave Clarke, Robert Hood, Wyndell Long - Whitenoise","https://www.mixesdb.com/w/2008-04-12_-_Dave_Clarke,_Robert_Hood,_Wyndell_Long_-_Whitenoise",Part 1,3,,Terence Fixmer,Energy Destiny Listening,Terence Fixmer - Energy Destiny Listening
"2008-04-12 - Dave Clarke, Robert Hood, Wyndell Long - Whitenoise","https://www.mixesdb.com/w/2008-04-12_-_Dave_Clarke,_Robert_Hood,_Wyndell_Long_-_Whitenoise",Part 1,4,,Bileebob,Sunshine (Agoria Vox Mix),Bileebob - Sunshine (Agoria Vox Mix)
"2008-04-12 - Dave Clarke, Robert Hood, Wyndell Long - Whitenoise","https://www.mixesdb.com/w/2008-04-12_-_Dave_Clarke,_Robert_Hood,_Wyndell_Long_-_Whitenoise",Part 1,5,,Kevin Gorman,Seven Eight Nine,Kevin Gorman - Seven Eight Nine
"2008-04-12 - Dave Clarke, Robert Hood, Wyndell Long - Whitenoise","https://www.mixesdb.com/w/2008-04-12_-_Dave_Clarke,_Robert_Hood,_Wyndell_Long_-_Whitenoise",Part 1,6,,Ortin Cam,Omerta,Ortin Cam - Omerta
"2008-04-12 - Dave Clarke, Robert Hood, Wyndell Long - Whitenoise","https://www.mixesdb.com/w/2008-04-12_-_Dave_Clarke,_Robert_Hood,_Wyndell_Long_-_Whitenoise",Part 1,7,,Luke Creed,Straw Dogs,Luke Creed - Straw Dogs
"2008-04-12 - Dave Clarke, Robert Hood, Wyndell Long - Whitenoise","https://www.mixesdb.com/w/2008-04-12_-_Dave_Clarke,_Robert_Hood,_Wyndell_Long_-_Whitenoise",Part 1,8,,Strange Connection,Midnight In Paris,Strange Connection - Midnight In Paris
"2008-04-12 - Dave Clarke, Robert Hood, Wyndell Long - Whitenoise","https://www.mixesdb.com/w/2008-04-12_-_Dave_Clarke,_Robert_Hood,_Wyndell_Long_-_Whitenoise",Part 1,9,,The Hacker,White Techno Funk,The Hacker - White Techno Funk
"2008-04-12 - Dave Clarke, Robert Hood, Wyndell Long - Whitenoise","https://www.mixesdb.com/w/2008-04-12_-_Dave_Clarke,_Robert_Hood,_Wyndell_Long_-_Whitenoise",Part 1,10,,Faceless Mind,Ocean Movers,Faceless Mind - Ocean Movers
"2008-04-12 - Dave Clarke, Robert Hood, Wyndell Long - Whitenoise","https://www.mixesdb.com/w/2008-04-12_-_Dave_Clarke,_Robert_Hood,_Wyndell_Long_-_Whitenoise",Part 1,11,,Synapse,Mech Annoyed (Dexorcist Remix),Synapse - Mech Annoyed (Dexorcist Remix)
"2008-04-12 - Dave Clarke, Robert Hood, Wyndell Long - Whitenoise","https://www.mixesdb.com/w/2008-04-12_-_Dave_Clarke,_Robert_Hood,_Wyndell_Long_-_Whitenoise",Part 1,12,,Sougon,Tripwire,Sougon - Tripwire
"2009-07-03 - Carl Cox, Robert Hood - Global 329","https://www.mixesdb.com/w/2009-07-03_-_Carl_Cox,_Robert_Hood_-_Global_329",Global Warmer,1,,Ian Pooley,Chord Memory - Daft Punk Remix / Cox Re-Edit,Ian Pooley - Chord Memory - Daft Punk Remix / Cox Re-Edit
"2009-07-03 - Carl Cox, Robert Hood - Global 329","https://www.mixesdb.com/w/2009-07-03_-_Carl_Cox,_Robert_Hood_-_Global_329",Global Lowdown - DFA Records,1,,Q+A,Tumbling Cubes (DFA),Q+A - Tumbling Cubes (DFA)
"2009-07-03 - Carl Cox, Robert Hood - Global 329","https://www.mixesdb.com/w/2009-07-03_-_Carl_Cox,_Robert_Hood_-_Global_329",Global Lowdown - DFA Records,2,,Canyons,Fire Eyes (DFA),Canyons - Fire Eyes (DFA)
"2009-07-03 - Carl Cox, Robert Hood - Global 329","https://www.mixesdb.com/w/2009-07-03_-_Carl_Cox,_Robert_Hood_-_Global_329",Global Lowdown - DFA Records,3,,Sh.t Robot,Simple Things (DFA),Sh.t Robot - Simple Things (DFA)
"2009-07-03 - Carl Cox, Robert Hood - Global 329","https://www.mixesdb.com/w/2009-07-03_-_Carl_Cox,_Robert_Hood_-_Global_329",Global Lowdown - DFA Records,4,,Altair Nouveau,Space Fortress (DFA),Altair Nouveau - Space Fortress (DFA)
"2009-07-03 - Carl Cox, Robert Hood - Global 329","https://www.mixesdb.com/w/2009-07-03_-_Carl_Cox,_Robert_Hood_-_Global_329",Global Lowdown - DFA Records,5,,Walter Jones,Living Without Your Love (DFA),Walter Jones - Living Without Your Love (DFA)
"2009-07-03 - Carl Cox, Robert Hood - Global 329","https://www.mixesdb.com/w/2009-07-03_-_Carl_Cox,_Robert_Hood_-_Global_329",Global Studio Session,1,,Marnyus And Dario Guida,Stardust - Andy Chatterly Dub Mix (Eqo),Marnyus And Dario Guida - Stardust - Andy Chatterly Dub Mix (Eqo)
"2009-07-03 - Carl Cox, Robert Hood - Global 329","https://www.mixesdb.com/w/2009-07-03_-_Carl_Cox,_Robert_Hood_-_Global_329",Global Studio Session,2,,Inner City,Big Fun - Jon Rundell Remix,Inner City - Big Fun - Jon Rundell Remix
"2009-07-03 - Carl Cox, Robert Hood - Global 329","https://www.mixesdb.com/w/2009-07-03_-_Carl_Cox,_Robert_Hood_-_Global_329",Global Studio Session,3,,Abi Bah,It's A Hybrid - Carl Lekebusch Remix (H-Productions),Abi Bah - It's A Hybrid - Carl Lekebusch Remix (H-Productions)
"2009-07-03 - Carl Cox, Robert Hood - Global 329","https://www.mixesdb.com/w/2009-07-03_-_Carl_Cox,_Robert_Hood_-_Global_329",Global Studio Session,4,,Christian Vance,Chase The Night (Haul Music),Christian Vance - Chase The Night (Haul Music)
"2009-07-03 - Carl Cox, Robert Hood - Global 329","https://www.mixesdb.com/w/2009-07-03_-_Carl_Cox,_Robert_Hood_-_Global_329",Global Studio Session,5,,Paride Saraceni,Nightsound (Absolutely Records),Paride Saraceni - Nightsound (Absolutely Records)
"2009-07-03 - Carl Cox, Robert Hood - Global 329","https://www.mixesdb.com/w/2009-07-03_-_Carl_Cox,_Robert_Hood_-_Global_329",Global Studio Session,6,,Sebastian Davidson,Northern Soul (Night Drive Music),Sebastian Davidson - Northern Soul (Night Drive Music)
"2009-07-03 - Carl Cox, Robert Hood - Global 329","https://www.mixesdb.com/w/2009-07-03_-_Carl_Cox,_Robert_Hood_-_Global_329",Global Studio Session,7,,Trevor Rockcliffe,The Jam - 2009 Mix (Mentor),Trevor Rockcliffe - The Jam - 2009 Mix (Mentor)
"2009-07-03 - Carl Cox, Robert Hood - Global 329","https://www.mixesdb.com/w/2009-07-03_-_Carl_Cox,_Robert_Hood_-_Global_329",Global Studio Session,8,,Trevor Rockcliffe,Music!!! - 2009 Remix (Mentor),Trevor Rockcliffe - Music!!! - 2009 Remix (Mentor)
"2009-07-03 - Carl Cox, Robert Hood - Global 329","https://www.mixesdb.com/w/2009-07-03_-_Carl_Cox,_Robert_Hood_-_Global_329",Global Studio Session,9,,Starkillers vs Armand Van Helden,Funk Phenomena,Starkillers vs Armand Van Helden - Funk Phenomena
"2009-07-03 - Carl Cox, Robert Hood - Global 329","https://www.mixesdb.com/w/2009-07-03_-_Carl_Cox,_Robert_Hood_-_Global_329",Global Studio Session,10,,Feddde Le Grand -Output,F.L.G Edit (Flamingo),Feddde Le Grand -Output - F.L.G Edit (Flamingo)
"2009-07-03 - Carl Cox, Robert Hood - Global 329","https://www.mixesdb.com/w/2009-07-03_-_Carl_Cox,_Robert_Hood_-_Global_329",Global Studio Session,11,,Ferhat Albayrak,Wait A Minute - Jon Rundell Mix,Ferhat Albayrak - Wait A Minute - Jon Rundell Mix
"2009-07-03 - Carl Cox, Robert Hood - Global 329","https://www.mixesdb.com/w/2009-07-03_-_Carl_Cox,_Robert_Hood_-_Global_329",Global Studio Session,12,,Trevor Rockcliffe,Move(Mentor),Trevor Rockcliffe - Move(Mentor)
"2009-07-03 - Carl Cox, Robert Hood - Global 329","https://www.mixesdb.com/w/2009-07-03_-_Carl_Cox,_Robert_Hood_-_Global_329",Global Studio Session,13,,Onionz,1+1=3,Onionz - 1+1=3
"2010-08-08 - Dave Clarke, Robert Hood (Awakenings) - Whitenoise 251","https://www.mixesdb.com/w/2010-08-08_-_Dave_Clarke,_Robert_Hood_(Awakenings)_-_Whitenoise_251",Part 1,1,,Fast Eddie,Clap Your Hands (Alanis Edit),Fast Eddie - Clap Your Hands (Alanis Edit)
"2010-08-08 - Dave Clarke, Robert Hood (Awakenings) - Whitenoise 251","https://www.mixesdb.com/w/2010-08-08_-_Dave_Clarke,_Robert_Hood_(Awakenings)_-_Whitenoise_251",Part 1,2,,Minimum Syndicat,Forces,Minimum Syndicat - Forces
"2010-08-08 - Dave Clarke, Robert Hood (Awakenings) - Whitenoise 251","https://www.mixesdb.com/w/2010-08-08_-_Dave_Clarke,_Robert_Hood_(Awakenings)_-_Whitenoise_251",Part 1,3,,Quenum Feat. Paris,Just Take It,Quenum Feat. Paris - Just Take It
"2010-08-08 - Dave Clarke, Robert Hood (Awakenings) - Whitenoise 251","https://www.mixesdb.com/w/2010-08-08_-_Dave_Clarke,_Robert_Hood_(Awakenings)_-_Whitenoise_251",Part 1,4,,Trust The Machine,Inside,Trust The Machine - Inside
"2010-08-08 - Dave Clarke, Robert Hood (Awakenings) - Whitenoise 251","https://www.mixesdb.com/w/2010-08-08_-_Dave_Clarke,_Robert_Hood_(Awakenings)_-_Whitenoise_251",Part 1,5,,Patch Park,Oddity (Deetron Remix),Patch Park - Oddity (Deetron Remix)
"2010-08-08 - Dave Clarke, Robert Hood (Awakenings) - Whitenoise 251","https://www.mixesdb.com/w/2010-08-08_-_Dave_Clarke,_Robert_Hood_(Awakenings)_-_Whitenoise_251",Part 1,6,,LeviVerspeek,Hurken,LeviVerspeek - Hurken
"2010-08-08 - Dave Clarke, Robert Hood (Awakenings) - Whitenoise 251","https://www.mixesdb.com/w/2010-08-08_-_Dave_Clarke,_Robert_Hood_(Awakenings)_-_Whitenoise_251",Part 1,7,,DJ Compufunk,A1 Soul,DJ Compufunk - A1 Soul
"2010-08-08 - Dave Clarke, Robert Hood (Awakenings) - Whitenoise 251","https://www.mixesdb.com/w/2010-08-08_-_Dave_Clarke,_Robert_Hood_(Awakenings)_-_Whitenoise_251",Part 1,8,,Projekt Inertia,Bangkok (Ian O'Donovan Dub Mix),Projekt Inertia - Bangkok (Ian O'Donovan Dub Mix)
"2010-08-08 - Dave Clarke, Robert Hood (Awakenings) - Whitenoise 251","https://www.mixesdb.com/w/2010-08-08_-_Dave_Clarke,_Robert_Hood_(Awakenings)_-_Whitenoise_251",Part 1,9,,Kev Willis,Thrust (Antony Dupont Lifting Dust Remix),Kev Willis - Thrust (Antony Dupont Lifting Dust Remix)
"2010-08-08 - Dave Clarke, Robert Hood (Awakenings) - Whitenoise 251","https://www.mixesdb.com/w/2010-08-08_-_Dave_Clarke,_Robert_Hood_(Awakenings)_-_Whitenoise_251",Part 1,10,,Dead Sound & VideoHead,Recent Thought,Dead Sound & VideoHead - Recent Thought
"2010-08-08 - Dave Clarke, Robert Hood (Awakenings) - Whitenoise 251","https://www.mixesdb.com/w/2010-08-08_-_Dave_Clarke,_Robert_Hood_(Awakenings)_-_Whitenoise_251",Part 1,11,,GabeeN,Afterburner,GabeeN - Afterburner
"2010-08-08 - Dave Clarke, Robert Hood (Awakenings) - Whitenoise 251","https://www.mixesdb.com/w/2010-08-08_-_Dave_Clarke,_Robert_Hood_(Awakenings)_-_Whitenoise_251",Part 1,12,,Logotech,Blind (Mark Morris Remix),Logotech - Blind (Mark Morris Remix)
"2010-08-08 - Dave Clarke, Robert Hood (Awakenings) - Whitenoise 251","https://www.mixesdb.com/w/2010-08-08_-_Dave_Clarke,_Robert_Hood_(Awakenings)_-_Whitenoise_251",Part 2,1,,Technasia,Force (Petkovski Properly Deep Remix),Technasia - Force (Petkovski Properly Deep Remix)
"2010-08-08 - Dave Clarke, Robert Hood (Awakenings) - Whitenoise 251","https://www.mixesdb.com/w/2010-08-08_-_Dave_Clarke,_Robert_Hood_(Awakenings)_-_Whitenoise_251",Part 2,2,,Nomenklatür,Master & Slave,Nomenklatür - Master & Slave
"2010-08-08 - Dave Clarke, Robert Hood (Awakenings) - Whitenoise 251","https://www.mixesdb.com/w/2010-08-08_-_Dave_Clarke,_Robert_Hood_(Awakenings)_-_Whitenoise_251",Part 2,3,,Danny Daze,Steady Groovin,Danny Daze - Steady Groovin
"2010-08-08 - Dave Clarke, Robert Hood (Awakenings) - Whitenoise 251","https://www.mixesdb.com/w/2010-08-08_-_Dave_Clarke,_Robert_Hood_(Awakenings)_-_Whitenoise_251",Part 2,4,,Deviant,Caballo (DJ 3000 Remix),Deviant - Caballo (DJ 3000 Remix)
2020-09-20 - Robert Hood - The Alternative Top 100 DJs Virtual Festival,https://www.mixesdb.com/w/2020-09-20_-_Robert_Hood_-_The_Alternative_Top_100_DJs_Virtual_Festival,,1,,Phara,Anomalie,Phara - Anomalie
2020-09-20 - Robert Hood - The Alternative Top 100 DJs Virtual Festival,https://www.mixesdb.com/w/2020-09-20_-_Robert_Hood_-_The_Alternative_Top_100_DJs_Virtual_Festival,,2,,Robert Hood,Fear Not,Robert Hood - Fear Not
2020-09-20 - Robert Hood - The Alternative Top 100 DJs Virtual Festival,https://www.mixesdb.com/w/2020-09-20_-_Robert_Hood_-_The_Alternative_Top_100_DJs_Virtual_Festival,,3,,D_Func & Milo Maal,Grey Area,D_Func & Milo Maal - Grey Area
2020-09-20 - Robert Hood - The Alternative Top 100 DJs Virtual Festival,https://www.mixesdb.com/w/2020-09-20_-_Robert_Hood_-_The_Alternative_Top_100_DJs_Virtual_Festival,,4,,Roberta Capuano,Free,Roberta Capuano - Free
2020-09-20 - Robert Hood - The Alternative Top 100 DJs Virtual Festival,https://www.mixesdb.com/w/2020-09-20_-_Robert_Hood_-_The_Alternative_Top_100_DJs_Virtual_Festival,,5,,Alphadrum,Saturn 5,Alphadrum - Saturn 5
2020-09-20 - Robert Hood - The Alternative Top 100 DJs Virtual Festival,https://www.mixesdb.com/w/2020-09-20_-_Robert_Hood_-_The_Alternative_Top_100_DJs_Virtual_Festival,,6,,Ian Axide,Inverse,Ian Axide - Inverse
2020-09-20 - Robert Hood - The Alternative Top 100 DJs Virtual Festival,https://www.mixesdb.com/w/2020-09-20_-_Robert_Hood_-_The_Alternative_Top_100_DJs_Virtual_Festival,,7,,Lidvall,Alone (RNGD Remix),Lidvall - Alone (RNGD Remix)
2020-09-20 - Robert Hood - The Alternative Top 100 DJs Virtual Festival,https://www.mixesdb.com/w/2020-09-20_-_Robert_Hood_-_The_Alternative_Top_100_DJs_Virtual_Festival,,8,,Gary Beck,Before The Crash,Gary Beck - Before The Crash
2020-09-20 - Robert Hood - The Alternative Top 100 DJs Virtual Festival,https://www.mixesdb.com/w/2020-09-20_-_Robert_Hood_-_The_Alternative_Top_100_DJs_Virtual_Festival,,9,,Planetary Assault Systems,The Grinder,Planetary Assault Systems - The Grinder
2020-09-20 - Robert Hood - The Alternative Top 100 DJs Virtual Festival,https://www.mixesdb.com/w/2020-09-20_-_Robert_Hood_-_The_Alternative_Top_100_DJs_Virtual_Festival,,10,,Robert Hood,7 Mile Dog,Robert Hood - 7 Mile Dog
2020-09-20 - Robert Hood - The Alternative Top 100 DJs Virtual Festival,https://www.mixesdb.com/w/2020-09-20_-_Robert_Hood_-_The_Alternative_Top_100_DJs_Virtual_Festival,,11,,Lyric Hood,Social Distance,Lyric Hood - Social Distance
2020-09-20 - Robert Hood - The Alternative Top 100 DJs Virtual Festival,https://www.mixesdb.com/w/2020-09-20_-_Robert_Hood_-_The_Alternative_Top_100_DJs_Virtual_Festival,,12,,Gary Beck,Rascal,Gary Beck - Rascal
2020-09-20 - Robert Hood - The Alternative Top 100 DJs Virtual Festival,https://www.mixesdb.com/w/2020-09-20_-_Robert_Hood_-_The_Alternative_Top_100_DJs_Virtual_Festival,,13,,Robert Hood,Reflector,Robert Hood - Reflector
2020-09-20 - Robert Hood - The Alternative Top 100 DJs Virtual Festival,https://www.mixesdb.com/w/2020-09-20_-_Robert_Hood_-_The_Alternative_Top_100_DJs_Virtual_Festival,,14,,Hertzqvake,End 2.0,Hertzqvake - End 2.0
2020-09-20 - Robert Hood - The Alternative Top 100 DJs Virtual Festival,https://www.mixesdb.com/w/2020-09-20_-_Robert_Hood_-_The_Alternative_Top_100_DJs_Virtual_Festival,,15,,Robert Hood,The Struggle,Robert Hood - The Struggle
2005-09 - Pacou - Robert Hood Works (Promo Mix),https://www.mixesdb.com/w/2005-09_-_Pacou_-_Robert_Hood_Works_(Promo_Mix),,1,,,Drama 003 Hoodlum-Grace under fire,Drama 003 Hoodlum-Grace under fire
2005-09 - Pacou - Robert Hood Works (Promo Mix),https://www.mixesdb.com/w/2005-09_-_Pacou_-_Robert_Hood_Works_(Promo_Mix),,2,,,logistic 28b monobox,logistic 28b monobox
2005-09 - Pacou - Robert Hood Works (Promo Mix),https://www.mixesdb.com/w/2005-09_-_Pacou_-_Robert_Hood_Works_(Promo_Mix),,3,,,underdog overcame hoodlum drama003,underdog overcame hoodlum drama003
2005-09 - Pacou - Robert Hood Works (Promo Mix),https://www.mixesdb.com/w/2005-09_-_Pacou_-_Robert_Hood_Works_(Promo_Mix),,4,,,untitled mp307-1,untitled mp307-1
2005-09 - Pacou - Robert Hood Works (Promo Mix),https://www.mixesdb.com/w/2005-09_-_Pacou_-_Robert_Hood_Works_(Promo_Mix),,5,,,untitled the figure mp307-1,untitled the figure mp307-1
2005-09 - Pacou - Robert Hood Works (Promo Mix),https://www.mixesdb.com/w/2005-09_-_Pacou_-_Robert_Hood_Works_(Promo_Mix),,6,,,mp325b2,mp325b2
2005-09 - Pacou - Robert Hood Works (Promo Mix),https://www.mixesdb.com/w/2005-09_-_Pacou_-_Robert_Hood_Works_(Promo_Mix),,7,,,mp309a1 all day long,mp309a1 all day long
2005-09 - Pacou - Robert Hood Works (Promo Mix),https://www.mixesdb.com/w/2005-09_-_Pacou_-_Robert_Hood_Works_(Promo_Mix),,8,,,mp301a3 protein valve,mp301a3 protein valve
2005-09 - Pacou - Robert Hood Works (Promo Mix),https://www.mixesdb.com/w/2005-09_-_Pacou_-_Robert_Hood_Works_(Promo_Mix),,9,,,metroplex 25 explain the style the vision,metroplex 25 explain the style the vision
2005-09 - Pacou - Robert Hood Works (Promo Mix),https://www.mixesdb.com/w/2005-09_-_Pacou_-_Robert_Hood_Works_(Promo_Mix),,10,,,329 a2 untitled,329 a2 untitled
2005-09 - Pacou - Robert Hood Works (Promo Mix),https://www.mixesdb.com/w/2005-09_-_Pacou_-_Robert_Hood_Works_(Promo_Mix),,11,,,axis 07 D2 pace,axis 07 D2 pace
2005-09 - Pacou - Robert Hood Works (Promo Mix),https://www.mixesdb.com/w/2005-09_-_Pacou_-_Robert_Hood_Works_(Promo_Mix),,12,,,duet 03B red passion 2,duet 03B red passion 2
2005-09 - Pacou - Robert Hood Works (Promo Mix),https://www.mixesdb.com/w/2005-09_-_Pacou_-_Robert_Hood_Works_(Promo_Mix),,13,,,drama 004B floorplan,drama 004B floorplan
2005-09 - Pacou - Robert Hood Works (Promo Mix),https://www.mixesdb.com/w/2005-09_-_Pacou_-_Robert_Hood_Works_(Promo_Mix),,14,,,drama 003 a 2 hoodlum public enemy no.1,drama 003 a 2 hoodlum public enemy no.1
2005-09 - Pacou - Robert Hood Works (Promo Mix),https://www.mixesdb.com/w/2005-09_-_Pacou_-_Robert_Hood_Works_(Promo_Mix),,15,,,mp 317 b1 teflon,mp 317 b1 teflon
2005-09 - Pacou - Robert Hood Works (Promo Mix),https://www.mixesdb.com/w/2005-09_-_Pacou_-_Robert_Hood_Works_(Promo_Mix),,16,,,minimal nation repress sleep cycles,minimal nation repress sleep cycles
2005-09 - Pacou - Robert Hood Works (Promo Mix),https://www.mixesdb.com/w/2005-09_-_Pacou_-_Robert_Hood_Works_(Promo_Mix),,17,,,mp317 fiber,mp317 fiber
2005-09 - Pacou - Robert Hood Works (Promo Mix),https://www.mixesdb.com/w/2005-09_-_Pacou_-_Robert_Hood_Works_(Promo_Mix),,18,,,who taught you math,who taught you math
2005-09 - Pacou - Robert Hood Works (Promo Mix),https://www.mixesdb.com/w/2005-09_-_Pacou_-_Robert_Hood_Works_(Promo_Mix),,19,,,pace,pace
2005-09 - Pacou - Robert Hood Works (Promo Mix),https://www.mixesdb.com/w/2005-09_-_Pacou_-_Robert_Hood_Works_(Promo_Mix),,20,,,the metronome,the metronome
2005-09 - Pacou - Robert Hood Works (Promo Mix),https://www.mixesdb.com/w/2005-09_-_Pacou_-_Robert_Hood_Works_(Promo_Mix),,21,,,mp 316 bpole position,mp 316 bpole position
2005-09 - Pacou - Robert Hood Works (Promo Mix),https://www.mixesdb.com/w/2005-09_-_Pacou_-_Robert_Hood_Works_(Promo_Mix),,22,,,mp312 b2,mp312 b2
2005-09 - Pacou - Robert Hood Works (Promo Mix),https://www.mixesdb.com/w/2005-09_-_Pacou_-_Robert_Hood_Works_(Promo_Mix),,23,,,moveable parts mp304 untitled scetch,moveable parts mp304 untitled scetch
2005-09 - Pacou - Robert Hood Works (Promo Mix),https://www.mixesdb.com/w/2005-09_-_Pacou_-_Robert_Hood_Works_(Promo_Mix),,24,,,mp 323 b1,mp 323 b1
2005-09 - Pacou - Robert Hood Works (Promo Mix),https://www.mixesdb.com/w/2005-09_-_Pacou_-_Robert_Hood_Works_(Promo_Mix),,25,,,mp 321 b,mp 321 b
2005-09 - Pacou - Robert Hood Works (Promo Mix),https://www.mixesdb.com/w/2005-09_-_Pacou_-_Robert_Hood_Works_(Promo_Mix),,26,,,mp 323 b2,mp 323 b2
2005-09 - Pacou - Robert Hood Works (Promo Mix),https://www.mixesdb.com/w/2005-09_-_Pacou_-_Robert_Hood_Works_(Promo_Mix),,27,,,mp 309-2 b2 externus oblique,mp 309-2 b2 externus oblique
2005-09 - Pacou - Robert Hood Works (Promo Mix),https://www.mixesdb.com/w/2005-09_-_Pacou_-_Robert_Hood_Works_(Promo_Mix),,28,,,tresor sandman option b2,tresor sandman option b2
2005-09 - Pacou - Robert Hood Works (Promo Mix),https://www.mixesdb.com/w/2005-09_-_Pacou_-_Robert_Hood_Works_(Promo_Mix),,29,,,duet 02 red passion1,duet 02 red passion1
2005-09 - Pacou - Robert Hood Works (Promo Mix),https://www.mixesdb.com/w/2005-09_-_Pacou_-_Robert_Hood_Works_(Promo_Mix),,30,,,"NSC side 5 ""the feel""","NSC side 5 ""the feel"""
2005-09 - Pacou - Robert Hood Works (Promo Mix),https://www.mixesdb.com/w/2005-09_-_Pacou_-_Robert_Hood_Works_(Promo_Mix),,31,,,drama 005 a 2 rock,drama 005 a 2 rock
2005-09 - Pacou - Robert Hood Works (Promo Mix),https://www.mixesdb.com/w/2005-09_-_Pacou_-_Robert_Hood_Works_(Promo_Mix),,32,,,downtown,downtown
2005-09 - Pacou - Robert Hood Works (Promo Mix),https://www.mixesdb.com/w/2005-09_-_Pacou_-_Robert_Hood_Works_(Promo_Mix),,33,,,minimal nation,minimal nation
2005-09 - Pacou - Robert Hood Works (Promo Mix),https://www.mixesdb.com/w/2005-09_-_Pacou_-_Robert_Hood_Works_(Promo_Mix),,34,,,duet 01 a 2 the first night,duet 01 a 2 the first night
2005-09 - Pacou - Robert Hood Works (Promo Mix),https://www.mixesdb.com/w/2005-09_-_Pacou_-_Robert_Hood_Works_(Promo_Mix),,35,,,envy/drive 33,envy/drive 33
2005-09 - Pacou - Robert Hood Works (Promo Mix),https://www.mixesdb.com/w/2005-09_-_Pacou_-_Robert_Hood_Works_(Promo_Mix),,36,,,"cheap ""Nighttime World""","cheap ""Nighttime World"""
2005-09 - Pacou - Robert Hood Works (Promo Mix),https://www.mixesdb.com/w/2005-09_-_Pacou_-_Robert_Hood_Works_(Promo_Mix),,37,,,mp 317,mp 317
"2024-08-10 - Robert Hood @ Loveland Festival, Sloterpark, Amsterdam (Loveland Legacy, LL249)","https://www.mixesdb.com/w/2024-08-10_-_Robert_Hood_@_Loveland_Festival,_Sloterpark,_Amsterdam_(Loveland_Legacy,_LL249)",,1,000,,?,?
"2024-08-10 - Robert Hood @ Loveland Festival, Sloterpark, Amsterdam (Loveland Legacy, LL249)","https://www.mixesdb.com/w/2024-08-10_-_Robert_Hood_@_Loveland_Festival,_Sloterpark,_Amsterdam_(Loveland_Legacy,_LL249)",,2,004,Ramon Tapia,Circular [Tronic],Ramon Tapia - Circular [Tronic]
"2024-08-10 - Robert Hood @ Loveland Festival, Sloterpark, Amsterdam (Loveland Legacy, LL249)","https://www.mixesdb.com/w/2024-08-10_-_Robert_Hood_@_Loveland_Festival,_Sloterpark,_Amsterdam_(Loveland_Legacy,_LL249)",,3,008,,?,?
"2024-08-10 - Robert Hood @ Loveland Festival, Sloterpark, Amsterdam (Loveland Legacy, LL249)","https://www.mixesdb.com/w/2024-08-10_-_Robert_Hood_@_Loveland_Festival,_Sloterpark,_Amsterdam_(Loveland_Legacy,_LL249)",,4,011,Marco Faraone,HEY DJ (Marco Faraone vs Josh Wink 6am Mix) [Uncage],Marco Faraone - HEY DJ (Marco Faraone vs Josh Wink 6am Mix) [Uncage]
"2024-08-10 - Robert Hood @ Loveland Festival, Sloterpark, Amsterdam (Loveland Legacy, LL249)","https://www.mixesdb.com/w/2024-08-10_-_Robert_Hood_@_Loveland_Festival,_Sloterpark,_Amsterdam_(Loveland_Legacy,_LL249)",,5,015,Flug,Against The Limits (Rave Mix),Flug - Against The Limits (Rave Mix)
"2024-08-10 - Robert Hood @ Loveland Festival, Sloterpark, Amsterdam (Loveland Legacy, LL249)","https://www.mixesdb.com/w/2024-08-10_-_Robert_Hood_@_Loveland_Festival,_Sloterpark,_Amsterdam_(Loveland_Legacy,_LL249)",,6,020,UFO95 & Rødhåd,LAVANDE 01 [240107.2],UFO95 & Rødhåd - LAVANDE 01 [240107.2]
"2024-08-10 - Robert Hood @ Loveland Festival, Sloterpark, Amsterdam (Loveland Legacy, LL249)","https://www.mixesdb.com/w/2024-08-10_-_Robert_Hood_@_Loveland_Festival,_Sloterpark,_Amsterdam_(Loveland_Legacy,_LL249)",,7,024,Robert Hood,Alpha Key,Robert Hood - Alpha Key
"2024-08-10 - Robert Hood @ Loveland Festival, Sloterpark, Amsterdam (Loveland Legacy, LL249)","https://www.mixesdb.com/w/2024-08-10_-_Robert_Hood_@_Loveland_Festival,_Sloterpark,_Amsterdam_(Loveland_Legacy,_LL249)",,8,028,Roberto Capuano,Free [Analytic Trail],Roberto Capuano - Free [Analytic Trail]
"2024-08-10 - Robert Hood @ Loveland Festival, Sloterpark, Amsterdam (Loveland Legacy, LL249)","https://www.mixesdb.com/w/2024-08-10_-_Robert_Hood_@_Loveland_Festival,_Sloterpark,_Amsterdam_(Loveland_Legacy,_LL249)",,9,033,Sciahri & Hertz Collision,Orbital Resonance [Clergy],Sciahri & Hertz Collision - Orbital Resonance [Clergy]
"2024-08-10 - Robert Hood @ Loveland Festival, Sloterpark, Amsterdam (Loveland Legacy, LL249)","https://www.mixesdb.com/w/2024-08-10_-_Robert_Hood_@_Loveland_Festival,_Sloterpark,_Amsterdam_(Loveland_Legacy,_LL249)",,10,036,KUSP,Freedom Of Fear [Rekids],KUSP - Freedom Of Fear [Rekids]
"2024-08-10 - Robert Hood @ Loveland Festival, Sloterpark, Amsterdam (Loveland Legacy, LL249)","https://www.mixesdb.com/w/2024-08-10_-_Robert_Hood_@_Loveland_Festival,_Sloterpark,_Amsterdam_(Loveland_Legacy,_LL249)",,11,040,Richey V & Simone Zino,Volcano [JAM],Richey V & Simone Zino - Volcano [JAM]
"2024-08-10 - Robert Hood @ Loveland Festival, Sloterpark, Amsterdam (Loveland Legacy, LL249)","https://www.mixesdb.com/w/2024-08-10_-_Robert_Hood_@_Loveland_Festival,_Sloterpark,_Amsterdam_(Loveland_Legacy,_LL249)",,12,043,Mark Broom,Love Train [Beard Man],Mark Broom - Love Train [Beard Man]
"2024-08-10 - Robert Hood @ Loveland Festival, Sloterpark, Amsterdam (Loveland Legacy, LL249)","https://www.mixesdb.com/w/2024-08-10_-_Robert_Hood_@_Loveland_Festival,_Sloterpark,_Amsterdam_(Loveland_Legacy,_LL249)",,13,046,Hertz,Timballe,Hertz - Timballe
"2024-08-10 - Robert Hood @ Loveland Festival, Sloterpark, Amsterdam (Loveland Legacy, LL249)","https://www.mixesdb.com/w/2024-08-10_-_Robert_Hood_@_Loveland_Festival,_Sloterpark,_Amsterdam_(Loveland_Legacy,_LL249)",,14,049,Slam & Gary Beck,Pressure Lights [Soma],Slam & Gary Beck - Pressure Lights [Soma]
"2024-08-10 - Robert Hood @ Loveland Festival, Sloterpark, Amsterdam (Loveland Legacy, LL249)","https://www.mixesdb.com/w/2024-08-10_-_Robert_Hood_@_Loveland_Festival,_Sloterpark,_Amsterdam_(Loveland_Legacy,_LL249)",,15,053,Phara,Rhythm Sticks,Phara - Rhythm Sticks
"2024-08-10 - Robert Hood @ Loveland Festival, Sloterpark, Amsterdam (Loveland Legacy, LL249)","https://www.mixesdb.com/w/2024-08-10_-_Robert_Hood_@_Loveland_Festival,_Sloterpark,_Amsterdam_(Loveland_Legacy,_LL249)",,16,056,Obscure Shape,Elemental [Clergy],Obscure Shape - Elemental [Clergy]
"2024-08-10 - Robert Hood @ Loveland Festival, Sloterpark, Amsterdam (Loveland Legacy, LL249)","https://www.mixesdb.com/w/2024-08-10_-_Robert_Hood_@_Loveland_Festival,_Sloterpark,_Amsterdam_(Loveland_Legacy,_LL249)",,17,060,DJ Dextro,Humana,DJ Dextro - Humana
"2024-08-10 - Robert Hood @ Loveland Festival, Sloterpark, Amsterdam (Loveland Legacy, LL249)","https://www.mixesdb.com/w/2024-08-10_-_Robert_Hood_@_Loveland_Festival,_Sloterpark,_Amsterdam_(Loveland_Legacy,_LL249)",,18,064,Robert Hood,Pathetic,Robert Hood - Pathetic
"2024-08-10 - Robert Hood @ Loveland Festival, Sloterpark, Amsterdam (Loveland Legacy, LL249)","https://www.mixesdb.com/w/2024-08-10_-_Robert_Hood_@_Loveland_Festival,_Sloterpark,_Amsterdam_(Loveland_Legacy,_LL249)",,19,069,Patti LaBelle,The Spirit's In It [Philadelphia International Records/Epic/Legacy],Patti LaBelle - The Spirit's In It [Philadelphia International Records/Epic/Legacy]
"2024-08-10 - Robert Hood @ Loveland Festival, Sloterpark, Amsterdam (Loveland Legacy, LL249)","https://www.mixesdb.com/w/2024-08-10_-_Robert_Hood_@_Loveland_Festival,_Sloterpark,_Amsterdam_(Loveland_Legacy,_LL249)",,20,075,Fhase 87,Assignation [Fhase],Fhase 87 - Assignation [Fhase]
"2024-08-10 - Robert Hood @ Loveland Festival, Sloterpark, Amsterdam (Loveland Legacy, LL249)","https://www.mixesdb.com/w/2024-08-10_-_Robert_Hood_@_Loveland_Festival,_Sloterpark,_Amsterdam_(Loveland_Legacy,_LL249)",,21,078,Gary Beck,I Like It [Trick],Gary Beck - I Like It [Trick]
"2024-08-10 - Robert Hood @ Loveland Festival, Sloterpark, Amsterdam (Loveland Legacy, LL249)","https://www.mixesdb.com/w/2024-08-10_-_Robert_Hood_@_Loveland_Festival,_Sloterpark,_Amsterdam_(Loveland_Legacy,_LL249)",,22,082,Bailey Ibbs,Manic Room,Bailey Ibbs - Manic Room
"2024-08-10 - Robert Hood @ Loveland Festival, Sloterpark, Amsterdam (Loveland Legacy, LL249)","https://www.mixesdb.com/w/2024-08-10_-_Robert_Hood_@_Loveland_Festival,_Sloterpark,_Amsterdam_(Loveland_Legacy,_LL249)",,23,086,Drumcomplex,Over You [EI8HT],Drumcomplex - Over You [EI8HT]
"2024-08-10 - Robert Hood @ Loveland Festival, Sloterpark, Amsterdam (Loveland Legacy, LL249)","https://www.mixesdb.com/w/2024-08-10_-_Robert_Hood_@_Loveland_Festival,_Sloterpark,_Amsterdam_(Loveland_Legacy,_LL249)",,24,089,,?,?
"2024-08-10 - Robert Hood @ Loveland Festival, Sloterpark, Amsterdam (Loveland Legacy, LL249)","https://www.mixesdb.com/w/2024-08-10_-_Robert_Hood_@_Loveland_Festival,_Sloterpark,_Amsterdam_(Loveland_Legacy,_LL249)",,25,092,Christian Bonori,HL Tauri [Unity],Christian Bonori - HL Tauri [Unity]
"2024-08-10 - Robert Hood @ Loveland Festival, Sloterpark, Amsterdam (Loveland Legacy, LL249)","https://www.mixesdb.com/w/2024-08-10_-_Robert_Hood_@_Loveland_Festival,_Sloterpark,_Amsterdam_(Loveland_Legacy,_LL249)",,26,095,,?,?
"2024-08-10 - Robert Hood @ Loveland Festival, Sloterpark, Amsterdam (Loveland Legacy, LL249)","https://www.mixesdb.com/w/2024-08-10_-_Robert_Hood_@_Loveland_Festival,_Sloterpark,_Amsterdam_(Loveland_Legacy,_LL249)",,27,099,Floorplan,Save The Children (Detroit Mix) [M-Plant],Floorplan - Save The Children (Detroit Mix) [M-Plant]
"2024-08-10 - Robert Hood @ Loveland Festival, Sloterpark, Amsterdam (Loveland Legacy, LL249)","https://www.mixesdb.com/w/2024-08-10_-_Robert_Hood_@_Loveland_Festival,_Sloterpark,_Amsterdam_(Loveland_Legacy,_LL249)",,28,103,Adoo,After Six Years,Adoo - After Six Years
2020-11-12 - Robert Hood - Stamp Mix 108,https://www.mixesdb.com/w/2020-11-12_-_Robert_Hood_-_Stamp_Mix_108,,1,00,Depeche Mode,Just Can't Get Enough (Schizo Mix; 2006 Remaster) [Mute],Depeche Mode - Just Can't Get Enough (Schizo Mix; 2006 Remaster) [Mute]
2020-11-12 - Robert Hood - Stamp Mix 108,https://www.mixesdb.com/w/2020-11-12_-_Robert_Hood_-_Stamp_Mix_108,,2,04,Kano,Its A War,Kano - Its A War
2020-11-12 - Robert Hood - Stamp Mix 108,https://www.mixesdb.com/w/2020-11-12_-_Robert_Hood_-_Stamp_Mix_108,,3,07,Man Parrish,"Hip Hop, Be Bop (Don't Stop) (Remix)","Man Parrish - Hip Hop, Be Bop (Don't Stop) (Remix)"
2020-11-12 - Robert Hood - Stamp Mix 108,https://www.mixesdb.com/w/2020-11-12_-_Robert_Hood_-_Stamp_Mix_108,,4,10,C-Bank,One More Shot,C-Bank - One More Shot
2020-11-12 - Robert Hood - Stamp Mix 108,https://www.mixesdb.com/w/2020-11-12_-_Robert_Hood_-_Stamp_Mix_108,,5,13,Tom Tom Club,The Man With The 4-Way Hips (Extended Version),Tom Tom Club - The Man With The 4-Way Hips (Extended Version)
2020-11-12 - Robert Hood - Stamp Mix 108,https://www.mixesdb.com/w/2020-11-12_-_Robert_Hood_-_Stamp_Mix_108,,6,15,VA,Din Daa Daa [Essential Media],VA - Din Daa Daa [Essential Media]
2020-11-12 - Robert Hood - Stamp Mix 108,https://www.mixesdb.com/w/2020-11-12_-_Robert_Hood_-_Stamp_Mix_108,,7,18,John Rocca,I Want It To Be Real [Citybeat],John Rocca - I Want It To Be Real [Citybeat]
2020-11-12 - Robert Hood - Stamp Mix 108,https://www.mixesdb.com/w/2020-11-12_-_Robert_Hood_-_Stamp_Mix_108,,8,22,Gino Soccio,Remember,Gino Soccio - Remember
2020-11-12 - Robert Hood - Stamp Mix 108,https://www.mixesdb.com/w/2020-11-12_-_Robert_Hood_-_Stamp_Mix_108,,9,25,ABC,Look Of Love [Mercury],ABC - Look Of Love [Mercury]
2020-11-12 - Robert Hood - Stamp Mix 108,https://www.mixesdb.com/w/2020-11-12_-_Robert_Hood_-_Stamp_Mix_108,,10,28,Nocera,"Summertime, Summertime (Club) [Sleeping Bag]","Nocera - Summertime, Summertime (Club) [Sleeping Bag]"
2020-11-12 - Robert Hood - Stamp Mix 108,https://www.mixesdb.com/w/2020-11-12_-_Robert_Hood_-_Stamp_Mix_108,,11,32,Freeez,"Scratch Goes My Dub (12"" Mix) [Beggars Banquet]","Freeez - Scratch Goes My Dub (12"" Mix) [Beggars Banquet]"
2020-11-12 - Robert Hood - Stamp Mix 108,https://www.mixesdb.com/w/2020-11-12_-_Robert_Hood_-_Stamp_Mix_108,,12,36,Todd Terry & The Todd Terry Project,Bango (Club Mix),Todd Terry & The Todd Terry Project - Bango (Club Mix)
2020-11-12 - Robert Hood - Stamp Mix 108,https://www.mixesdb.com/w/2020-11-12_-_Robert_Hood_-_Stamp_Mix_108,,13,36,The Todd Terry Project,Bango [Fresh],The Todd Terry Project - Bango [Fresh]
2020-11-12 - Robert Hood - Stamp Mix 108,https://www.mixesdb.com/w/2020-11-12_-_Robert_Hood_-_Stamp_Mix_108,,14,40,Joey Beltram,Energy Flash,Joey Beltram - Energy Flash
2020-11-12 - Robert Hood - Stamp Mix 108,https://www.mixesdb.com/w/2020-11-12_-_Robert_Hood_-_Stamp_Mix_108,,15,45,Master C And J,Face It (Dub It) [Trax],Master C And J - Face It (Dub It) [Trax]
2020-11-12 - Robert Hood - Stamp Mix 108,https://www.mixesdb.com/w/2020-11-12_-_Robert_Hood_-_Stamp_Mix_108,,16,47,Cultural Vibe,"Ma Foom Bey (Love Chant Club 12"" Mix) [Harmless]","Cultural Vibe - Ma Foom Bey (Love Chant Club 12"" Mix) [Harmless]"
2020-11-12 - Robert Hood - Stamp Mix 108,https://www.mixesdb.com/w/2020-11-12_-_Robert_Hood_-_Stamp_Mix_108,,17,48,Fresh,Dum Dum Pt.2 [Trax],Fresh - Dum Dum Pt.2 [Trax]
2020-11-12 - Robert Hood - Stamp Mix 108,https://www.mixesdb.com/w/2020-11-12_-_Robert_Hood_-_Stamp_Mix_108,,18,50,Blaze,If You Should Need A Friend (Friendship Mix) [Quark],Blaze - If You Should Need A Friend (Friendship Mix) [Quark]
2020-11-12 - Robert Hood - Stamp Mix 108,https://www.mixesdb.com/w/2020-11-12_-_Robert_Hood_-_Stamp_Mix_108,,19,53,David Joseph,You Can't Hide (Your Love From Me) (Larry Levan Mix),David Joseph - You Can't Hide (Your Love From Me) (Larry Levan Mix)
2020-11-12 - Robert Hood - Stamp Mix 108,https://www.mixesdb.com/w/2020-11-12_-_Robert_Hood_-_Stamp_Mix_108,,20,57,DePrieto,Kill The Beat [Looping],DePrieto - Kill The Beat [Looping]
"2016-06-04 - Robert Hood @ Weather Festival, Paris","https://www.mixesdb.com/w/2016-06-04_-_Robert_Hood_@_Weather_Festival,_Paris",,1,000,Nas,Nas Is Like,Nas - Nas Is Like
"2016-06-04 - Robert Hood @ Weather Festival, Paris","https://www.mixesdb.com/w/2016-06-04_-_Robert_Hood_@_Weather_Festival,_Paris",,2,002,Gang Starr Feat. K.Ci And Jojo,Royalty,Gang Starr Feat. K.Ci And Jojo - Royalty
"2016-06-04 - Robert Hood @ Weather Festival, Paris","https://www.mixesdb.com/w/2016-06-04_-_Robert_Hood_@_Weather_Festival,_Paris",,3,004,Gang Starr Feat. Hannibal Stax,Itz A Setup,Gang Starr Feat. Hannibal Stax - Itz A Setup
"2016-06-04 - Robert Hood @ Weather Festival, Paris","https://www.mixesdb.com/w/2016-06-04_-_Robert_Hood_@_Weather_Festival,_Paris",,4,007,Nas,World Is Yours,Nas - World Is Yours
"2016-06-04 - Robert Hood @ Weather Festival, Paris","https://www.mixesdb.com/w/2016-06-04_-_Robert_Hood_@_Weather_Festival,_Paris",,5,010,Pete Rock & CL Smooth,For Pete's Sake,Pete Rock & CL Smooth - For Pete's Sake
"2016-06-04 - Robert Hood @ Weather Festival, Paris","https://www.mixesdb.com/w/2016-06-04_-_Robert_Hood_@_Weather_Festival,_Paris",,6,012,Notorious B.I.G.,Unbelievable,Notorious B.I.G. - Unbelievable
"2016-06-04 - Robert Hood @ Weather Festival, Paris","https://www.mixesdb.com/w/2016-06-04_-_Robert_Hood_@_Weather_Festival,_Paris",,7,014,Jeru The Damaja,D. Original,Jeru The Damaja - D. Original
"2016-06-04 - Robert Hood @ Weather Festival, Paris","https://www.mixesdb.com/w/2016-06-04_-_Robert_Hood_@_Weather_Festival,_Paris",,8,017,Craig Mack,Jockin' My Style,Craig Mack - Jockin' My Style
"2016-06-04 - Robert Hood @ Weather Festival, Paris","https://www.mixesdb.com/w/2016-06-04_-_Robert_Hood_@_Weather_Festival,_Paris",,9,019,Mobb Deep,Allustrious,Mobb Deep - Allustrious
"2016-06-04 - Robert Hood @ Weather Festival, Paris","https://www.mixesdb.com/w/2016-06-04_-_Robert_Hood_@_Weather_Festival,_Paris",,10,021,Mobb Deep Feat. Big Noyd And Vita,Burn,Mobb Deep Feat. Big Noyd And Vita - Burn
"2016-06-04 - Robert Hood @ Weather Festival, Paris","https://www.mixesdb.com/w/2016-06-04_-_Robert_Hood_@_Weather_Festival,_Paris",,11,023,Mobb Deep,Shook Ones Pt.II,Mobb Deep - Shook Ones Pt.II
"2016-06-04 - Robert Hood @ Weather Festival, Paris","https://www.mixesdb.com/w/2016-06-04_-_Robert_Hood_@_Weather_Festival,_Paris",,12,026,Gang Star Feat. WC And Rakim,The Militia Pt.II,Gang Star Feat. WC And Rakim - The Militia Pt.II
"2016-06-04 - Robert Hood @ Weather Festival, Paris","https://www.mixesdb.com/w/2016-06-04_-_Robert_Hood_@_Weather_Festival,_Paris",,13,028,M.O.P.,Ante Up,M.O.P. - Ante Up
"2016-06-04 - Robert Hood @ Weather Festival, Paris","https://www.mixesdb.com/w/2016-06-04_-_Robert_Hood_@_Weather_Festival,_Paris",,14,030,Nas,Made You Look,Nas - Made You Look
"2016-06-04 - Robert Hood @ Weather Festival, Paris","https://www.mixesdb.com/w/2016-06-04_-_Robert_Hood_@_Weather_Festival,_Paris",,15,033,Nas,It Ain't Hard To Tell,Nas - It Ain't Hard To Tell
"2016-06-04 - Robert Hood @ Weather Festival, Paris","https://www.mixesdb.com/w/2016-06-04_-_Robert_Hood_@_Weather_Festival,_Paris",,16,034,Wu Tang Clan,Protect Your Neck,Wu Tang Clan - Protect Your Neck
"2016-06-04 - Robert Hood @ Weather Festival, Paris","https://www.mixesdb.com/w/2016-06-04_-_Robert_Hood_@_Weather_Festival,_Paris",,17,036,Old Dirty Bastard,Shimmy Shimmy Ya,Old Dirty Bastard - Shimmy Shimmy Ya
"2016-06-04 - Robert Hood @ Weather Festival, Paris","https://www.mixesdb.com/w/2016-06-04_-_Robert_Hood_@_Weather_Festival,_Paris",,18,038,Wu Tang Clan,M.E.T.H.O.D Man,Wu Tang Clan - M.E.T.H.O.D Man
"2016-06-04 - Robert Hood @ Weather Festival, Paris","https://www.mixesdb.com/w/2016-06-04_-_Robert_Hood_@_Weather_Festival,_Paris",,19,042,Inspectah Deck,The Movement,Inspectah Deck - The Movement
"2016-06-04 - Robert Hood @ Weather Festival, Paris","https://www.mixesdb.com/w/2016-06-04_-_Robert_Hood_@_Weather_Festival,_Paris",,20,046,Lauryn Hill,Doo-Wop (That Thing),Lauryn Hill - Doo-Wop (That Thing)
"2016-06-04 - Robert Hood @ Weather Festival, Paris","https://www.mixesdb.com/w/2016-06-04_-_Robert_Hood_@_Weather_Festival,_Paris",,21,049,Q-Tip,Let's Ride,Q-Tip - Let's Ride
"2016-06-04 - Robert Hood @ Weather Festival, Paris","https://www.mixesdb.com/w/2016-06-04_-_Robert_Hood_@_Weather_Festival,_Paris",,22,052,Notorious BIG,Warning,Notorious BIG - Warning
"2016-06-04 - Robert Hood @ Weather Festival, Paris","https://www.mixesdb.com/w/2016-06-04_-_Robert_Hood_@_Weather_Festival,_Paris",,23,054,Lil' Kim,Lighters Up,Lil' Kim - Lighters Up
"2016-06-04 - Robert Hood @ Weather Festival, Paris","https://www.mixesdb.com/w/2016-06-04_-_Robert_Hood_@_Weather_Festival,_Paris",,24,058,Lupe Fiasco,Kick Push,Lupe Fiasco - Kick Push
"2016-06-04 - Robert Hood @ Weather Festival, Paris","https://www.mixesdb.com/w/2016-06-04_-_Robert_Hood_@_Weather_Festival,_Paris",,25,060,,?,?
"2016-06-04 - Robert Hood @ Weather Festival, Paris","https://www.mixesdb.com/w/2016-06-04_-_Robert_Hood_@_Weather_Festival,_Paris",,26,061,Pete Rock,Tha Game,Pete Rock - Tha Game
"2016-06-04 - Robert Hood @ Weather Festival, Paris","https://www.mixesdb.com/w/2016-06-04_-_Robert_Hood_@_Weather_Festival,_Paris",,27,063,Group Home,Supa Star,Group Home - Supa Star
"2016-06-04 - Robert Hood @ Weather Festival, Paris","https://www.mixesdb.com/w/2016-06-04_-_Robert_Hood_@_Weather_Festival,_Paris",,28,065,Gang Starr,Mass Appeal,Gang Starr - Mass Appeal
"2016-06-04 - Robert Hood @ Weather Festival, Paris","https://www.mixesdb.com/w/2016-06-04_-_Robert_Hood_@_Weather_Festival,_Paris",,29,067,The Roots,Proceed V (Beatminerz Remix),The Roots - Proceed V (Beatminerz Remix)
"2016-06-04 - Robert Hood @ Weather Festival, Paris","https://www.mixesdb.com/w/2016-06-04_-_Robert_Hood_@_Weather_Festival,_Paris",,30,069,Rakim,The Saga Begins,Rakim - The Saga Begins
"2016-06-04 - Robert Hood @ Weather Festival, Paris","https://www.mixesdb.com/w/2016-06-04_-_Robert_Hood_@_Weather_Festival,_Paris",,31,071,The Pharcyde,Drop (Beatminerz Remix),The Pharcyde - Drop (Beatminerz Remix)
"2016-06-04 - Robert Hood @ Weather Festival, Paris","https://www.mixesdb.com/w/2016-06-04_-_Robert_Hood_@_Weather_Festival,_Paris",,32,074,"Mos Def, Pharoahe Monch & Nate Dogg",Oh No,"Mos Def, Pharoahe Monch & Nate Dogg - Oh No"
"2016-06-04 - Robert Hood @ Weather Festival, Paris","https://www.mixesdb.com/w/2016-06-04_-_Robert_Hood_@_Weather_Festival,_Paris",,33,077,A Tribe Called Quest,Check The Rhime,A Tribe Called Quest - Check The Rhime
"2016-06-04 - Robert Hood @ Weather Festival, Paris","https://www.mixesdb.com/w/2016-06-04_-_Robert_Hood_@_Weather_Festival,_Paris",,34,078,A Tribe Called Quest,Sucka Nigga,A Tribe Called Quest - Sucka Nigga
"2016-06-04 - Robert Hood @ Weather Festival, Paris","https://www.mixesdb.com/w/2016-06-04_-_Robert_Hood_@_Weather_Festival,_Paris",,35,080,A Tribe Called Quest,1nce Again,A Tribe Called Quest - 1nce Again
"2016-06-04 - Robert Hood @ Weather Festival, Paris","https://www.mixesdb.com/w/2016-06-04_-_Robert_Hood_@_Weather_Festival,_Paris",,36,082,A Tribe Called Quest,Can I Kick It?,A Tribe Called Quest - Can I Kick It?
"2016-06-04 - Robert Hood @ Weather Festival, Paris","https://www.mixesdb.com/w/2016-06-04_-_Robert_Hood_@_Weather_Festival,_Paris",,37,085,A Tribe Called Quest,Buggin' Out,A Tribe Called Quest - Buggin' Out
"2016-06-04 - Robert Hood @ Weather Festival, Paris","https://www.mixesdb.com/w/2016-06-04_-_Robert_Hood_@_Weather_Festival,_Paris",,38,087,A Tribe Called Quest,8 Million Stories,A Tribe Called Quest - 8 Million Stories
"2016-06-04 - Robert Hood @ Weather Festival, Paris","https://www.mixesdb.com/w/2016-06-04_-_Robert_Hood_@_Weather_Festival,_Paris",,39,090,A Tribe Called Quest,Scenario,A Tribe Called Quest - Scenario
"2016-06-04 - Robert Hood @ Weather Festival, Paris","https://www.mixesdb.com/w/2016-06-04_-_Robert_Hood_@_Weather_Festival,_Paris",,40,091,A Tribe Called Quest,Scenario (Remix),A Tribe Called Quest - Scenario (Remix)
"2016-06-04 - Robert Hood @ Weather Festival, Paris","https://www.mixesdb.com/w/2016-06-04_-_Robert_Hood_@_Weather_Festival,_Paris",,41,093,D'Angelo,Me And Those Dreamin' Eyes Of Mine,D'Angelo - Me And Those Dreamin' Eyes Of Mine
"2016-06-04 - Robert Hood @ Weather Festival, Paris","https://www.mixesdb.com/w/2016-06-04_-_Robert_Hood_@_Weather_Festival,_Paris",,42,095,Rampage,Wild For Da Night,Rampage - Wild For Da Night
"2016-06-04 - Robert Hood @ Weather Festival, Paris","https://www.mixesdb.com/w/2016-06-04_-_Robert_Hood_@_Weather_Festival,_Paris",,43,099,GZA,Labels,GZA - Labels
"2016-06-04 - Robert Hood @ Weather Festival, Paris","https://www.mixesdb.com/w/2016-06-04_-_Robert_Hood_@_Weather_Festival,_Paris",,44,101,Pharcyde,Runnin' (Rae & Christian Remix),Pharcyde - Runnin' (Rae & Christian Remix)
"2016-06-04 - Robert Hood @ Weather Festival, Paris","https://www.mixesdb.com/w/2016-06-04_-_Robert_Hood_@_Weather_Festival,_Paris",,45,104,Nas Feat. Lauryn Hill,If I Ruled The World,Nas Feat. Lauryn Hill - If I Ruled The World
"2016-06-04 - Robert Hood @ Weather Festival, Paris","https://www.mixesdb.com/w/2016-06-04_-_Robert_Hood_@_Weather_Festival,_Paris",,46,106,"LL Cool J Feat. Method Man, Redman, DMX","4, 3, 2, 1","LL Cool J Feat. Method Man, Redman, DMX - 4, 3, 2, 1"
"2016-06-04 - Robert Hood @ Weather Festival, Paris","https://www.mixesdb.com/w/2016-06-04_-_Robert_Hood_@_Weather_Festival,_Paris",,47,108,Dead Prez,Hip Hop,Dead Prez - Hip Hop
2008-09-09 - Robert Hood - The Black Dog Mix,https://www.mixesdb.com/w/2008-09-09_-_Robert_Hood_-_The_Black_Dog_Mix,,1,00,The Black Dog,Train By The Autobahn (Robert Hood 8 Mile Remix) [Soma - SLAMFOC 001],The Black Dog - Train By The Autobahn (Robert Hood 8 Mile Remix) [Soma - SLAMFOC 001]
2008-09-09 - Robert Hood - The Black Dog Mix,https://www.mixesdb.com/w/2008-09-09_-_Robert_Hood_-_The_Black_Dog_Mix,,2,04,Robert Hood,Sauna,Robert Hood - Sauna
2008-09-09 - Robert Hood - The Black Dog Mix,https://www.mixesdb.com/w/2008-09-09_-_Robert_Hood_-_The_Black_Dog_Mix,,3,??,Robert Hood,Radio Active,Robert Hood - Radio Active
2008-09-09 - Robert Hood - The Black Dog Mix,https://www.mixesdb.com/w/2008-09-09_-_Robert_Hood_-_The_Black_Dog_Mix,,4,??,Robert Hood,Needs And Wants,Robert Hood - Needs And Wants
2008-09-09 - Robert Hood - The Black Dog Mix,https://www.mixesdb.com/w/2008-09-09_-_Robert_Hood_-_The_Black_Dog_Mix,,5,14,Robert Hood,And Then We Planned Our Escape [Music Man - MM 138D],Robert Hood - And Then We Planned Our Escape [Music Man - MM 138D]
2008-09-09 - Robert Hood - The Black Dog Mix,https://www.mixesdb.com/w/2008-09-09_-_Robert_Hood_-_The_Black_Dog_Mix,,6,17,Robert Hood,Square (Remix),Robert Hood - Square (Remix)
2008-09-09 - Robert Hood - The Black Dog Mix,https://www.mixesdb.com/w/2008-09-09_-_Robert_Hood_-_The_Black_Dog_Mix,,7,??,Robert Hood,Changes (Remix),Robert Hood - Changes (Remix)
2008-09-09 - Robert Hood - The Black Dog Mix,https://www.mixesdb.com/w/2008-09-09_-_Robert_Hood_-_The_Black_Dog_Mix,,8,??,Robert Hood,Untitled (Taken From Point Blank),Robert Hood - Untitled (Taken From Point Blank)
2008-09-09 - Robert Hood - The Black Dog Mix,https://www.mixesdb.com/w/2008-09-09_-_Robert_Hood_-_The_Black_Dog_Mix,,9,??,Robert Hood,Special Heat,Robert Hood - Special Heat
2008-09-09 - Robert Hood - The Black Dog Mix,https://www.mixesdb.com/w/2008-09-09_-_Robert_Hood_-_The_Black_Dog_Mix,,10,??,Robert Hood,Agent Wood,Robert Hood - Agent Wood
2008-09-09 - Robert Hood - The Black Dog Mix,https://www.mixesdb.com/w/2008-09-09_-_Robert_Hood_-_The_Black_Dog_Mix,,11,33,Robert Hood,Strobe Light [Music Man - MM 138D],Robert Hood - Strobe Light [Music Man - MM 138D]
2008-09-09 - Robert Hood - The Black Dog Mix,https://www.mixesdb.com/w/2008-09-09_-_Robert_Hood_-_The_Black_Dog_Mix,,12,37,Robert Hood,Side Effect [Music Man - MM 138D],Robert Hood - Side Effect [Music Man - MM 138D]
2008-09-09 - Robert Hood - The Black Dog Mix,https://www.mixesdb.com/w/2008-09-09_-_Robert_Hood_-_The_Black_Dog_Mix,,13,41,Robert Hood,Razr,Robert Hood - Razr
2008-09-09 - Robert Hood - The Black Dog Mix,https://www.mixesdb.com/w/2008-09-09_-_Robert_Hood_-_The_Black_Dog_Mix,,14,4?,Robert Hood,Omega,Robert Hood - Omega
2008-09-09 - Robert Hood - The Black Dog Mix,https://www.mixesdb.com/w/2008-09-09_-_Robert_Hood_-_The_Black_Dog_Mix,,15,4?,Robert Hood,Special Heat,Robert Hood - Special Heat
2008-09-09 - Robert Hood - The Black Dog Mix,https://www.mixesdb.com/w/2008-09-09_-_Robert_Hood_-_The_Black_Dog_Mix,,16,4?,Robert Hood,The Pipes,Robert Hood - The Pipes
2008-09-09 - Robert Hood - The Black Dog Mix,https://www.mixesdb.com/w/2008-09-09_-_Robert_Hood_-_The_Black_Dog_Mix,,17,4?,Robert Hood,Wrath Meditation,Robert Hood - Wrath Meditation
2008-09-09 - Robert Hood - The Black Dog Mix,https://www.mixesdb.com/w/2008-09-09_-_Robert_Hood_-_The_Black_Dog_Mix,,18,48,The Black Dog,Train By The Autobahn (Robert Hood's DJ Remix) [Soma - 248D],The Black Dog - Train By The Autobahn (Robert Hood's DJ Remix) [Soma - 248D]
2008-09-09 - Robert Hood - The Black Dog Mix,https://www.mixesdb.com/w/2008-09-09_-_Robert_Hood_-_The_Black_Dog_Mix,,19,52,Robert Hood,Memo From Thunder,Robert Hood - Memo From Thunder
2008-09-09 - Robert Hood - The Black Dog Mix,https://www.mixesdb.com/w/2008-09-09_-_Robert_Hood_-_The_Black_Dog_Mix,,20,5?,Robert Hood,Nightmare World,Robert Hood - Nightmare World
2008-09-09 - Robert Hood - The Black Dog Mix,https://www.mixesdb.com/w/2008-09-09_-_Robert_Hood_-_The_Black_Dog_Mix,,21,58,Robert Hood,Still Hear (Los Hermanos Remix) [Music Man - MM 127],Robert Hood - Still Hear (Los Hermanos Remix) [Music Man - MM 127]
"2014-04-04 - Robert Hood - Fireside Chat, RBMA Radio","https://www.mixesdb.com/w/2014-04-04_-_Robert_Hood_-_Fireside_Chat,_RBMA_Radio",,1,,Robert Hood,Peace (Closing Theme) [M-Plant],Robert Hood - Peace (Closing Theme) [M-Plant]
"2014-04-04 - Robert Hood - Fireside Chat, RBMA Radio","https://www.mixesdb.com/w/2014-04-04_-_Robert_Hood_-_Fireside_Chat,_RBMA_Radio",,2,,X-101,Sonic Destroyer [Underground Resistance],X-101 - Sonic Destroyer [Underground Resistance]
"2014-04-04 - Robert Hood - Fireside Chat, RBMA Radio","https://www.mixesdb.com/w/2014-04-04_-_Robert_Hood_-_Fireside_Chat,_RBMA_Radio",,3,,Underground Resistance,Panic [Underground Resistance],Underground Resistance - Panic [Underground Resistance]
"2014-04-04 - Robert Hood - Fireside Chat, RBMA Radio","https://www.mixesdb.com/w/2014-04-04_-_Robert_Hood_-_Fireside_Chat,_RBMA_Radio",,4,,Robert Hood,Minus [Tresor],Robert Hood - Minus [Tresor]
"2014-04-04 - Robert Hood - Fireside Chat, RBMA Radio","https://www.mixesdb.com/w/2014-04-04_-_Robert_Hood_-_Fireside_Chat,_RBMA_Radio",,5,,Robert Hood,Museum [Axis],Robert Hood - Museum [Axis]
"2014-04-04 - Robert Hood - Fireside Chat, RBMA Radio","https://www.mixesdb.com/w/2014-04-04_-_Robert_Hood_-_Fireside_Chat,_RBMA_Radio",,6,,Robert Hood,One Touch [Axis],Robert Hood - One Touch [Axis]
"2014-04-04 - Robert Hood - Fireside Chat, RBMA Radio","https://www.mixesdb.com/w/2014-04-04_-_Robert_Hood_-_Fireside_Chat,_RBMA_Radio",,7,,Robert Hood,Unix [Axis],Robert Hood - Unix [Axis]
"2014-04-04 - Robert Hood - Fireside Chat, RBMA Radio","https://www.mixesdb.com/w/2014-04-04_-_Robert_Hood_-_Fireside_Chat,_RBMA_Radio",,8,,Robert Hood,The Color Of Skin [Cheap],Robert Hood - The Color Of Skin [Cheap]
"2014-04-04 - Robert Hood - Fireside Chat, RBMA Radio","https://www.mixesdb.com/w/2014-04-04_-_Robert_Hood_-_Fireside_Chat,_RBMA_Radio",,9,,The Vision,Detroit: One Circle [Metroplex],The Vision - Detroit: One Circle [Metroplex]
"2014-04-04 - Robert Hood - Fireside Chat, RBMA Radio","https://www.mixesdb.com/w/2014-04-04_-_Robert_Hood_-_Fireside_Chat,_RBMA_Radio",,10,,Floorplan,Funky Souls (Club 246 Mix) [Drama],Floorplan - Funky Souls (Club 246 Mix) [Drama]
"2014-04-04 - Robert Hood - Fireside Chat, RBMA Radio","https://www.mixesdb.com/w/2014-04-04_-_Robert_Hood_-_Fireside_Chat,_RBMA_Radio",,11,,Monobox,Realm I [M-Plant],Monobox - Realm I [M-Plant]
"2014-04-04 - Robert Hood - Fireside Chat, RBMA Radio","https://www.mixesdb.com/w/2014-04-04_-_Robert_Hood_-_Fireside_Chat,_RBMA_Radio",,12,,Robert Hood,The Key To Midnight [M-Plant],Robert Hood - The Key To Midnight [M-Plant]
"2014-04-04 - Robert Hood - Fireside Chat, RBMA Radio","https://www.mixesdb.com/w/2014-04-04_-_Robert_Hood_-_Fireside_Chat,_RBMA_Radio",,13,,Robert Hood,The Grey Area [M-Plant],Robert Hood - The Grey Area [M-Plant]
"2014-04-04 - Robert Hood - Fireside Chat, RBMA Radio","https://www.mixesdb.com/w/2014-04-04_-_Robert_Hood_-_Fireside_Chat,_RBMA_Radio",,14,,Robert Hood,Obey [M-Plant],Robert Hood - Obey [M-Plant]
"2014-04-04 - Robert Hood - Fireside Chat, RBMA Radio","https://www.mixesdb.com/w/2014-04-04_-_Robert_Hood_-_Fireside_Chat,_RBMA_Radio",,15,,Robert Hood,Towns That Disappeared Completely [M-Plant],Robert Hood - Towns That Disappeared Completely [M-Plant]
"2014-04-04 - Robert Hood - Fireside Chat, RBMA Radio","https://www.mixesdb.com/w/2014-04-04_-_Robert_Hood_-_Fireside_Chat,_RBMA_Radio",,16,,Robert Hood,Hate Transmissions [Music Man],Robert Hood - Hate Transmissions [Music Man]
"2014-04-04 - Robert Hood - Fireside Chat, RBMA Radio","https://www.mixesdb.com/w/2014-04-04_-_Robert_Hood_-_Fireside_Chat,_RBMA_Radio",,17,,Floorplan,Confess [M-Plant],Floorplan - Confess [M-Plant]
2002-04-02 - Robert Hood - Rare Species (Promo Mix),https://www.mixesdb.com/w/2002-04-02_-_Robert_Hood_-_Rare_Species_(Promo_Mix),,1,,Raekwon,Incarcerated Scarfaces (Intro),Raekwon - Incarcerated Scarfaces (Intro)
2002-04-02 - Robert Hood - Rare Species (Promo Mix),https://www.mixesdb.com/w/2002-04-02_-_Robert_Hood_-_Rare_Species_(Promo_Mix),,2,,Robert Hood,Stereotype (B2),Robert Hood - Stereotype (B2)
2002-04-02 - Robert Hood - Rare Species (Promo Mix),https://www.mixesdb.com/w/2002-04-02_-_Robert_Hood_-_Rare_Species_(Promo_Mix),,3,,Mark Broom,Upside Down,Mark Broom - Upside Down
2002-04-02 - Robert Hood - Rare Species (Promo Mix),https://www.mixesdb.com/w/2002-04-02_-_Robert_Hood_-_Rare_Species_(Promo_Mix),,4,,Robert Hood,Teflon,Robert Hood - Teflon
2002-04-02 - Robert Hood - Rare Species (Promo Mix),https://www.mixesdb.com/w/2002-04-02_-_Robert_Hood_-_Rare_Species_(Promo_Mix),,5,,Robert Hood,Dark Room,Robert Hood - Dark Room
2002-04-02 - Robert Hood - Rare Species (Promo Mix),https://www.mixesdb.com/w/2002-04-02_-_Robert_Hood_-_Rare_Species_(Promo_Mix),,6,,Patrick Pulsinger & Erdem Tunakan,I.O. Sustain,Patrick Pulsinger & Erdem Tunakan - I.O. Sustain
2002-04-02 - Robert Hood - Rare Species (Promo Mix),https://www.mixesdb.com/w/2002-04-02_-_Robert_Hood_-_Rare_Species_(Promo_Mix),,7,,John Thomas,Paint,John Thomas - Paint
2002-04-02 - Robert Hood - Rare Species (Promo Mix),https://www.mixesdb.com/w/2002-04-02_-_Robert_Hood_-_Rare_Species_(Promo_Mix),,8,,Robert Hood,Unix,Robert Hood - Unix
2002-04-02 - Robert Hood - Rare Species (Promo Mix),https://www.mixesdb.com/w/2002-04-02_-_Robert_Hood_-_Rare_Species_(Promo_Mix),,9,,Rhythim Is Rhythim,Kaos (Juice Bar Mix),Rhythim Is Rhythim - Kaos (Juice Bar Mix)
2002-04-02 - Robert Hood - Rare Species (Promo Mix),https://www.mixesdb.com/w/2002-04-02_-_Robert_Hood_-_Rare_Species_(Promo_Mix),,10,,Murat,Moments EP (A2),Murat - Moments EP (A2)
2002-04-02 - Robert Hood - Rare Species (Promo Mix),https://www.mixesdb.com/w/2002-04-02_-_Robert_Hood_-_Rare_Species_(Promo_Mix),,11,,Robert Hood,Loft,Robert Hood - Loft
2002-04-02 - Robert Hood - Rare Species (Promo Mix),https://www.mixesdb.com/w/2002-04-02_-_Robert_Hood_-_Rare_Species_(Promo_Mix),,12,,Vice,Temptations,Vice - Temptations
2002-04-02 - Robert Hood - Rare Species (Promo Mix),https://www.mixesdb.com/w/2002-04-02_-_Robert_Hood_-_Rare_Species_(Promo_Mix),,13,,Robert Hood,In Basements,Robert Hood - In Basements
2002-04-02 - Robert Hood - Rare Species (Promo Mix),https://www.mixesdb.com/w/2002-04-02_-_Robert_Hood_-_Rare_Species_(Promo_Mix),,14,,John Thomas,Vision,John Thomas - Vision
2002-04-02 - Robert Hood - Rare Species (Promo Mix),https://www.mixesdb.com/w/2002-04-02_-_Robert_Hood_-_Rare_Species_(Promo_Mix),,15,,D'Wachman & HD Substance,Move My Body,D'Wachman & HD Substance - Move My Body
2002-04-02 - Robert Hood - Rare Species (Promo Mix),https://www.mixesdb.com/w/2002-04-02_-_Robert_Hood_-_Rare_Species_(Promo_Mix),,16,,Christian Smith vs Block,Thor's Message,Christian Smith vs Block - Thor's Message
2002-04-02 - Robert Hood - Rare Species (Promo Mix),https://www.mixesdb.com/w/2002-04-02_-_Robert_Hood_-_Rare_Species_(Promo_Mix),,17,,Robert Hood,Red Passion 3 (B1),Robert Hood - Red Passion 3 (B1)
2002-04-02 - Robert Hood - Rare Species (Promo Mix),https://www.mixesdb.com/w/2002-04-02_-_Robert_Hood_-_Rare_Species_(Promo_Mix),,18,,Robert Hood,Red Passion 2 (B),Robert Hood - Red Passion 2 (B)
2002-04-02 - Robert Hood - Rare Species (Promo Mix),https://www.mixesdb.com/w/2002-04-02_-_Robert_Hood_-_Rare_Species_(Promo_Mix),,19,,Recycled Loops,Earisisable,Recycled Loops - Earisisable
2002-04-02 - Robert Hood - Rare Species (Promo Mix),https://www.mixesdb.com/w/2002-04-02_-_Robert_Hood_-_Rare_Species_(Promo_Mix),,20,,The Cause,Raid,The Cause - Raid
2002-04-02 - Robert Hood - Rare Species (Promo Mix),https://www.mixesdb.com/w/2002-04-02_-_Robert_Hood_-_Rare_Species_(Promo_Mix),,21,,John Thomas,Magic,John Thomas - Magic
2002-04-02 - Robert Hood - Rare Species (Promo Mix),https://www.mixesdb.com/w/2002-04-02_-_Robert_Hood_-_Rare_Species_(Promo_Mix),,22,,G.M. Cole,Regiment,G.M. Cole - Regiment
2002-04-02 - Robert Hood - Rare Species (Promo Mix),https://www.mixesdb.com/w/2002-04-02_-_Robert_Hood_-_Rare_Species_(Promo_Mix),,23,,Robert Hood,Hard To Kill,Robert Hood - Hard To Kill
2002-04-02 - Robert Hood - Rare Species (Promo Mix),https://www.mixesdb.com/w/2002-04-02_-_Robert_Hood_-_Rare_Species_(Promo_Mix),,24,,Grudge,Andronicus,Grudge - Andronicus
2002-04-02 - Robert Hood - Rare Species (Promo Mix),https://www.mixesdb.com/w/2002-04-02_-_Robert_Hood_-_Rare_Species_(Promo_Mix),,25,,Robert Hood,Tactel,Robert Hood - Tactel
2002-04-02 - Robert Hood - Rare Species (Promo Mix),https://www.mixesdb.com/w/2002-04-02_-_Robert_Hood_-_Rare_Species_(Promo_Mix),,26,,Robert Hood,Movable Parts (Untitled),Robert Hood - Movable Parts (Untitled)
2002-04-02 - Robert Hood - Rare Species (Promo Mix),https://www.mixesdb.com/w/2002-04-02_-_Robert_Hood_-_Rare_Species_(Promo_Mix),,27,,John Thomas,Square (Robert Hood Remix),John Thomas - Square (Robert Hood Remix)
2002-04-02 - Robert Hood - Rare Species (Promo Mix),https://www.mixesdb.com/w/2002-04-02_-_Robert_Hood_-_Rare_Species_(Promo_Mix),,28,,Johan Bacto,Entaprize (DJ G-Force Wild EFX),Johan Bacto - Entaprize (DJ G-Force Wild EFX)
2002-04-02 - Robert Hood - Rare Species (Promo Mix),https://www.mixesdb.com/w/2002-04-02_-_Robert_Hood_-_Rare_Species_(Promo_Mix),,29,,GhostFace Killah,The Soul Controller (Outro),GhostFace Killah - The Soul Controller (Outro)
2014-12-24 - Robert Hood - Groove Podcast 38,https://www.mixesdb.com/w/2014-12-24_-_Robert_Hood_-_Groove_Podcast_38,,1,00,Robert Hood,Eleven [M-Plant - M PM 25],Robert Hood - Eleven [M-Plant - M PM 25]
2014-12-24 - Robert Hood - Groove Podcast 38,https://www.mixesdb.com/w/2014-12-24_-_Robert_Hood_-_Groove_Podcast_38,,2,03,Roman Poncet,Aag (Robert Hood Remix),Roman Poncet - Aag (Robert Hood Remix)
2014-12-24 - Robert Hood - Groove Podcast 38,https://www.mixesdb.com/w/2014-12-24_-_Robert_Hood_-_Groove_Podcast_38,,3,06,Kirk Degiorgio & Ben Sims,Metal Works [Machine Label - M 01],Kirk Degiorgio & Ben Sims - Metal Works [Machine Label - M 01]
2014-12-24 - Robert Hood - Groove Podcast 38,https://www.mixesdb.com/w/2014-12-24_-_Robert_Hood_-_Groove_Podcast_38,,4,09,Floorplan,Phobia [M-Plant - MPM 17],Floorplan - Phobia [M-Plant - MPM 17]
2014-12-24 - Robert Hood - Groove Podcast 38,https://www.mixesdb.com/w/2014-12-24_-_Robert_Hood_-_Groove_Podcast_38,,5,12,Robert Hood,Full Armor [M-Plant - M PM 25],Robert Hood - Full Armor [M-Plant - M PM 25]
2014-12-24 - Robert Hood - Groove Podcast 38,https://www.mixesdb.com/w/2014-12-24_-_Robert_Hood_-_Groove_Podcast_38,,6,14,Frankie Knuckles & Director's Cut Feat. B. Slade,Get Over U (Rober Gaez Mix),Frankie Knuckles & Director's Cut Feat. B. Slade - Get Over U (Rober Gaez Mix)
2014-12-24 - Robert Hood - Groove Podcast 38,https://www.mixesdb.com/w/2014-12-24_-_Robert_Hood_-_Groove_Podcast_38,,7,17,Esteban Adame,Stomp (Robert Hood Re-Plant Mix),Esteban Adame - Stomp (Robert Hood Re-Plant Mix)
2014-12-24 - Robert Hood - Groove Podcast 38,https://www.mixesdb.com/w/2014-12-24_-_Robert_Hood_-_Groove_Podcast_38,,8,??,Mark Broom,Untitled [Demo],Mark Broom - Untitled [Demo]
2014-12-24 - Robert Hood - Groove Podcast 38,https://www.mixesdb.com/w/2014-12-24_-_Robert_Hood_-_Groove_Podcast_38,,9,24,Floorplan,We Magnify His Name [M-Plant - MPM 13],Floorplan - We Magnify His Name [M-Plant - MPM 13]
2014-12-24 - Robert Hood - Groove Podcast 38,https://www.mixesdb.com/w/2014-12-24_-_Robert_Hood_-_Groove_Podcast_38,,10,27,Floorplan,Higher! (Ben Sims Remix) [M-Plant - MPM 17],Floorplan - Higher! (Ben Sims Remix) [M-Plant - MPM 17]
2014-12-24 - Robert Hood - Groove Podcast 38,https://www.mixesdb.com/w/2014-12-24_-_Robert_Hood_-_Groove_Podcast_38,,11,30,Robert Hood,Untitled 1 (Mark Broom Edit),Robert Hood - Untitled 1 (Mark Broom Edit)
2014-12-24 - Robert Hood - Groove Podcast 38,https://www.mixesdb.com/w/2014-12-24_-_Robert_Hood_-_Groove_Podcast_38,,12,33,Robert Hood,Stereotype [M-Plant - M PM 25],Robert Hood - Stereotype [M-Plant - M PM 25]
2014-12-24 - Robert Hood - Groove Podcast 38,https://www.mixesdb.com/w/2014-12-24_-_Robert_Hood_-_Groove_Podcast_38,,13,36,Robert Hood,The Family [M-Plant - M PM 25],Robert Hood - The Family [M-Plant - M PM 25]
2014-12-24 - Robert Hood - Groove Podcast 38,https://www.mixesdb.com/w/2014-12-24_-_Robert_Hood_-_Groove_Podcast_38,,14,39,Robert Hood,Protein Valve (Edit 2) [M-Plant - M.PM 21],Robert Hood - Protein Valve (Edit 2) [M-Plant - M.PM 21]
2014-12-24 - Robert Hood - Groove Podcast 38,https://www.mixesdb.com/w/2014-12-24_-_Robert_Hood_-_Groove_Podcast_38,,15,42,Robert Hood,Unreleased 1 [Demo],Robert Hood - Unreleased 1 [Demo]
2014-12-24 - Robert Hood - Groove Podcast 38,https://www.mixesdb.com/w/2014-12-24_-_Robert_Hood_-_Groove_Podcast_38,,16,44,Floorplan,Never Grow Old [M-Plant - M.PM 20],Floorplan - Never Grow Old [M-Plant - M.PM 20]
2014-12-24 - Robert Hood - Groove Podcast 38,https://www.mixesdb.com/w/2014-12-24_-_Robert_Hood_-_Groove_Podcast_38,,17,47,Robert Hood,Range,Robert Hood - Range
2014-12-24 - Robert Hood - Groove Podcast 38,https://www.mixesdb.com/w/2014-12-24_-_Robert_Hood_-_Groove_Podcast_38,,18,??,Robert Hood,Untitled Sketch,Robert Hood - Untitled Sketch
2014-12-24 - Robert Hood - Groove Podcast 38,https://www.mixesdb.com/w/2014-12-24_-_Robert_Hood_-_Groove_Podcast_38,,19,??,Robert Hood,Detroit: One Circle (Mark Broom Edit),Robert Hood - Detroit: One Circle (Mark Broom Edit)
2014-12-24 - Robert Hood - Groove Podcast 38,https://www.mixesdb.com/w/2014-12-24_-_Robert_Hood_-_Groove_Podcast_38,,20,56,Robert Hood,Drive (The Age Of Automation) (Ø [Phase] Nocturnal Mix) [Music Man - MM 165D],Robert Hood - Drive (The Age Of Automation) (Ø [Phase] Nocturnal Mix) [Music Man - MM 165D]
2014-12-24 - Robert Hood - Groove Podcast 38,https://www.mixesdb.com/w/2014-12-24_-_Robert_Hood_-_Groove_Podcast_38,,21,58,Robert Hood,Unreleased 2 [Demo],Robert Hood - Unreleased 2 [Demo]
"1997 - Robert Hood @ Cube, Napoli","https://www.mixesdb.com/w/1997_-_Robert_Hood_@_Cube,_Napoli",,1,00,Dean & Deluca,Chapter 1 (B2) [M-Plant - M-P305],Dean & Deluca - Chapter 1 (B2) [M-Plant - M-P305]
"1997 - Robert Hood @ Cube, Napoli","https://www.mixesdb.com/w/1997_-_Robert_Hood_@_Cube,_Napoli",,2,02,Robert Hood,All Day Long (B2),Robert Hood - All Day Long (B2)
"1997 - Robert Hood @ Cube, Napoli","https://www.mixesdb.com/w/1997_-_Robert_Hood_@_Cube,_Napoli",,3,06,Robert Hood,The Rhythm Of Vision [M-Plant - M PM 25],Robert Hood - The Rhythm Of Vision [M-Plant - M PM 25]
"1997 - Robert Hood @ Cube, Napoli","https://www.mixesdb.com/w/1997_-_Robert_Hood_@_Cube,_Napoli",,4,10,Robert Hood,Untitled 1 [M-Plant - M PM 25],Robert Hood - Untitled 1 [M-Plant - M PM 25]
"1997 - Robert Hood @ Cube, Napoli","https://www.mixesdb.com/w/1997_-_Robert_Hood_@_Cube,_Napoli",,5,14,Monobox ‎- Realm [M-Plant,M-P308],Monobox ‎- Realm [M-Plant - M-P308]
"1997 - Robert Hood @ Cube, Napoli","https://www.mixesdb.com/w/1997_-_Robert_Hood_@_Cube,_Napoli",,6,17,Robert Hood,Realm [Telegraph - TEL 044],Robert Hood - Realm [Telegraph - TEL 044]
"1997 - Robert Hood @ Cube, Napoli","https://www.mixesdb.com/w/1997_-_Robert_Hood_@_Cube,_Napoli",,7,20,G-Man,Sparticus [Claque Musique - CLAQUE 009],G-Man - Sparticus [Claque Musique - CLAQUE 009]
"1997 - Robert Hood @ Cube, Napoli","https://www.mixesdb.com/w/1997_-_Robert_Hood_@_Cube,_Napoli",,8,23,Missing Channel,Legion Of Hunger [Hardwax Hx-008],Missing Channel - Legion Of Hunger [Hardwax Hx-008]
"1997 - Robert Hood @ Cube, Napoli","https://www.mixesdb.com/w/1997_-_Robert_Hood_@_Cube,_Napoli",,9,26,Jeff Mills,Casa,Jeff Mills - Casa
"1997 - Robert Hood @ Cube, Napoli","https://www.mixesdb.com/w/1997_-_Robert_Hood_@_Cube,_Napoli",,10,30,iO,T.T. [Cheap - 12 CHEAP 10],iO - T.T. [Cheap - 12 CHEAP 10]
"1997 - Robert Hood @ Cube, Napoli","https://www.mixesdb.com/w/1997_-_Robert_Hood_@_Cube,_Napoli",,11,33,Robert Hood,The Pace,Robert Hood - The Pace
"1997 - Robert Hood @ Cube, Napoli","https://www.mixesdb.com/w/1997_-_Robert_Hood_@_Cube,_Napoli",,12,37,Maurizio,M4 (B) [Maurizio - M04],Maurizio - M4 (B) [Maurizio - M04]
"1997 - Robert Hood @ Cube, Napoli","https://www.mixesdb.com/w/1997_-_Robert_Hood_@_Cube,_Napoli",,13,42,,?,?
"1997 - Robert Hood @ Cube, Napoli","https://www.mixesdb.com/w/1997_-_Robert_Hood_@_Cube,_Napoli",,14,46,Damon Wild,Arrakis,Damon Wild - Arrakis
"1997 - Robert Hood @ Cube, Napoli","https://www.mixesdb.com/w/1997_-_Robert_Hood_@_Cube,_Napoli",,15,51,Sterac,Primus [Rush Hour - RHM 022],Sterac - Primus [Rush Hour - RHM 022]
"1997 - Robert Hood @ Cube, Napoli","https://www.mixesdb.com/w/1997_-_Robert_Hood_@_Cube,_Napoli",,16,54,Age,The Return [Force Inc. Music Works – FIM 127],Age - The Return [Force Inc. Music Works – FIM 127]
"1997 - Robert Hood @ Cube, Napoli","https://www.mixesdb.com/w/1997_-_Robert_Hood_@_Cube,_Napoli",,17,58,Ratio,Interrupt (B3 - Locked Groove 4),Ratio - Interrupt (B3 - Locked Groove 4)
"1997 - Robert Hood @ Cube, Napoli","https://www.mixesdb.com/w/1997_-_Robert_Hood_@_Cube,_Napoli",,18,61,Millsart,Humana (B2) [Axis - AX-12],Millsart - Humana (B2) [Axis - AX-12]
2011-09-12 - Robert Hood - CLR Podcast 133,https://www.mixesdb.com/w/2011-09-12_-_Robert_Hood_-_CLR_Podcast_133,,1,,Floorplan,Wall To Wall [M-Plant],Floorplan - Wall To Wall [M-Plant]
2011-09-12 - Robert Hood - CLR Podcast 133,https://www.mixesdb.com/w/2011-09-12_-_Robert_Hood_-_CLR_Podcast_133,,2,,Lee J Malcolm,OneStar (Applicant James Ruskin Remix) [EPM],Lee J Malcolm - OneStar (Applicant James Ruskin Remix) [EPM]
2011-09-12 - Robert Hood - CLR Podcast 133,https://www.mixesdb.com/w/2011-09-12_-_Robert_Hood_-_CLR_Podcast_133,,3,,Ben Sims,Reject 2 [Hardgroove],Ben Sims - Reject 2 [Hardgroove]
2011-09-12 - Robert Hood - CLR Podcast 133,https://www.mixesdb.com/w/2011-09-12_-_Robert_Hood_-_CLR_Podcast_133,,4,,Floorplan,We Magnify His Name [M-Plant],Floorplan - We Magnify His Name [M-Plant]
2011-09-12 - Robert Hood - CLR Podcast 133,https://www.mixesdb.com/w/2011-09-12_-_Robert_Hood_-_CLR_Podcast_133,,5,,Gary Martin,Subterranean Substance (Deetron Remix) [Teknotika],Gary Martin - Subterranean Substance (Deetron Remix) [Teknotika]
2011-09-12 - Robert Hood - CLR Podcast 133,https://www.mixesdb.com/w/2011-09-12_-_Robert_Hood_-_CLR_Podcast_133,,6,,Nic Fanciulli,Materia (Robert Hood Remix) [Unreleased],Nic Fanciulli - Materia (Robert Hood Remix) [Unreleased]
2011-09-12 - Robert Hood - CLR Podcast 133,https://www.mixesdb.com/w/2011-09-12_-_Robert_Hood_-_CLR_Podcast_133,,7,,Scooz,Promo,Scooz - Promo
2011-09-12 - Robert Hood - CLR Podcast 133,https://www.mixesdb.com/w/2011-09-12_-_Robert_Hood_-_CLR_Podcast_133,,8,,James Ruskin,Work (Steve Rachmad Remix) [Blueprint],James Ruskin - Work (Steve Rachmad Remix) [Blueprint]
2011-09-12 - Robert Hood - CLR Podcast 133,https://www.mixesdb.com/w/2011-09-12_-_Robert_Hood_-_CLR_Podcast_133,,9,,Sebastian Kramer,Inside The Core [Pure Plastic],Sebastian Kramer - Inside The Core [Pure Plastic]
2011-09-12 - Robert Hood - CLR Podcast 133,https://www.mixesdb.com/w/2011-09-12_-_Robert_Hood_-_CLR_Podcast_133,,10,,Joey Beltram,Energy Flash [R&S],Joey Beltram - Energy Flash [R&S]
2011-09-12 - Robert Hood - CLR Podcast 133,https://www.mixesdb.com/w/2011-09-12_-_Robert_Hood_-_CLR_Podcast_133,,11,,Mark Broom & James Ruskin,No Time Too Soon [Blueprint],Mark Broom & James Ruskin - No Time Too Soon [Blueprint]
2011-09-12 - Robert Hood - CLR Podcast 133,https://www.mixesdb.com/w/2011-09-12_-_Robert_Hood_-_CLR_Podcast_133,,12,,Plastikman,Spastik (Dubfire Remix) [Plus 8],Plastikman - Spastik (Dubfire Remix) [Plus 8]
2011-09-12 - Robert Hood - CLR Podcast 133,https://www.mixesdb.com/w/2011-09-12_-_Robert_Hood_-_CLR_Podcast_133,,13,,Agent Wood,UK Gold [Primate],Agent Wood - UK Gold [Primate]
2011-09-12 - Robert Hood - CLR Podcast 133,https://www.mixesdb.com/w/2011-09-12_-_Robert_Hood_-_CLR_Podcast_133,,14,,Robert Hood,"Minimal, Minimal [M-Plant]","Robert Hood - Minimal, Minimal [M-Plant]"
2011-09-12 - Robert Hood - CLR Podcast 133,https://www.mixesdb.com/w/2011-09-12_-_Robert_Hood_-_CLR_Podcast_133,,15,,Robert Hood,Range [M-Plant],Robert Hood - Range [M-Plant]
2011-09-12 - Robert Hood - CLR Podcast 133,https://www.mixesdb.com/w/2011-09-12_-_Robert_Hood_-_CLR_Podcast_133,,16,,Robert Hood,Unreleased,Robert Hood - Unreleased
2011-09-12 - Robert Hood - CLR Podcast 133,https://www.mixesdb.com/w/2011-09-12_-_Robert_Hood_-_CLR_Podcast_133,,17,,Oliver Ho,Silver (Damon Wild Remix) [Sequential],Oliver Ho - Silver (Damon Wild Remix) [Sequential]
2011-09-12 - Robert Hood - CLR Podcast 133,https://www.mixesdb.com/w/2011-09-12_-_Robert_Hood_-_CLR_Podcast_133,,18,,DJ Pierre & Green Velvet,Acid Trax (Original 2011 Mix) [Afro Acid],DJ Pierre & Green Velvet - Acid Trax (Original 2011 Mix) [Afro Acid]
2011-09-12 - Robert Hood - CLR Podcast 133,https://www.mixesdb.com/w/2011-09-12_-_Robert_Hood_-_CLR_Podcast_133,,19,,Robert Hood,The Family [M-Plant],Robert Hood - The Family [M-Plant]
2011-09-12 - Robert Hood - CLR Podcast 133,https://www.mixesdb.com/w/2011-09-12_-_Robert_Hood_-_CLR_Podcast_133,,20,,Italoboyz,Zinga [Get Physical],Italoboyz - Zinga [Get Physical]
2011-09-12 - Robert Hood - CLR Podcast 133,https://www.mixesdb.com/w/2011-09-12_-_Robert_Hood_-_CLR_Podcast_133,,21,,Ben Sims,Hardgroove Promo,Ben Sims - Hardgroove Promo
2011-09-12 - Robert Hood - CLR Podcast 133,https://www.mixesdb.com/w/2011-09-12_-_Robert_Hood_-_CLR_Podcast_133,,22,,Floorplan,Unreleased,Floorplan - Unreleased
2011-09-12 - Robert Hood - CLR Podcast 133,https://www.mixesdb.com/w/2011-09-12_-_Robert_Hood_-_CLR_Podcast_133,,23,,Ben Sims,Dollar Bil Y'all (Version) [Hardgroove],Ben Sims - Dollar Bil Y'all (Version) [Hardgroove]
2011-09-12 - Robert Hood - CLR Podcast 133,https://www.mixesdb.com/w/2011-09-12_-_Robert_Hood_-_CLR_Podcast_133,,24,,Sebastian Kramer,Tomorrow [Pure Plastic],Sebastian Kramer - Tomorrow [Pure Plastic]
2011-09-12 - Robert Hood - CLR Podcast 133,https://www.mixesdb.com/w/2011-09-12_-_Robert_Hood_-_CLR_Podcast_133,,25,,Robert Hood,Clash [M-Plant],Robert Hood - Clash [M-Plant]
2011-09-12 - Robert Hood - CLR Podcast 133,https://www.mixesdb.com/w/2011-09-12_-_Robert_Hood_-_CLR_Podcast_133,,26,,Kevin Saunderson,Inside Out [Fragile],Kevin Saunderson - Inside Out [Fragile]
2011-09-12 - Robert Hood - CLR Podcast 133,https://www.mixesdb.com/w/2011-09-12_-_Robert_Hood_-_CLR_Podcast_133,,27,,Armando,100% Of Dissin' You [Warehouse],Armando - 100% Of Dissin' You [Warehouse]
2011-09-12 - Robert Hood - CLR Podcast 133,https://www.mixesdb.com/w/2011-09-12_-_Robert_Hood_-_CLR_Podcast_133,,28,,Robert Hood,Unreleased,Robert Hood - Unreleased
2013-03-28 - Robert Hood - Slam Radio 026,https://www.mixesdb.com/w/2013-03-28_-_Robert_Hood_-_Slam_Radio_026,,1,,Contakt,Tessera 04 (Robert Hood Remix) [Icee Hot - 004],Contakt - Tessera 04 (Robert Hood Remix) [Icee Hot - 004]
2013-03-28 - Robert Hood - Slam Radio 026,https://www.mixesdb.com/w/2013-03-28_-_Robert_Hood_-_Slam_Radio_026,,2,,Floorplan,Let's Ride [M-Plant - M.PM16CD],Floorplan - Let's Ride [M-Plant - M.PM16CD]
2013-03-28 - Robert Hood - Slam Radio 026,https://www.mixesdb.com/w/2013-03-28_-_Robert_Hood_-_Slam_Radio_026,,3,,Club MCM,Club MCM (Mark Broom Re-Edit) [Do Not Sleep - DNS002],Club MCM - Club MCM (Mark Broom Re-Edit) [Do Not Sleep - DNS002]
2013-03-28 - Robert Hood - Slam Radio 026,https://www.mixesdb.com/w/2013-03-28_-_Robert_Hood_-_Slam_Radio_026,,4,,Lee J Malcolm,Oh Yeah (Ben Sims Remix) [EPM],Lee J Malcolm - Oh Yeah (Ben Sims Remix) [EPM]
2013-03-28 - Robert Hood - Slam Radio 026,https://www.mixesdb.com/w/2013-03-28_-_Robert_Hood_-_Slam_Radio_026,,5,,Robert Hood,Eleven [M-Plant - M.PM18],Robert Hood - Eleven [M-Plant - M.PM18]
2013-03-28 - Robert Hood - Slam Radio 026,https://www.mixesdb.com/w/2013-03-28_-_Robert_Hood_-_Slam_Radio_026,,6,,Trolley Route,Neutron [Chaval],Trolley Route - Neutron [Chaval]
2013-03-28 - Robert Hood - Slam Radio 026,https://www.mixesdb.com/w/2013-03-28_-_Robert_Hood_-_Slam_Radio_026,,7,,Floorplan,Change [M-Plant - M.PM16CD],Floorplan - Change [M-Plant - M.PM16CD]
2013-03-28 - Robert Hood - Slam Radio 026,https://www.mixesdb.com/w/2013-03-28_-_Robert_Hood_-_Slam_Radio_026,,8,,Ben Sims,Love And Hurt (Gary Beck Remix) [Hardgroove - 016],Ben Sims - Love And Hurt (Gary Beck Remix) [Hardgroove - 016]
2013-03-28 - Robert Hood - Slam Radio 026,https://www.mixesdb.com/w/2013-03-28_-_Robert_Hood_-_Slam_Radio_026,,9,,Lil Louis,French Kiss (Mark Broom Edit),Lil Louis - French Kiss (Mark Broom Edit)
2013-03-28 - Robert Hood - Slam Radio 026,https://www.mixesdb.com/w/2013-03-28_-_Robert_Hood_-_Slam_Radio_026,,10,,Robert Hood,Full Armour [M-Plant],Robert Hood - Full Armour [M-Plant]
2013-03-28 - Robert Hood - Slam Radio 026,https://www.mixesdb.com/w/2013-03-28_-_Robert_Hood_-_Slam_Radio_026,,11,,Ben Sims,New Blood (Robert Hood Remix) [Theory],Ben Sims - New Blood (Robert Hood Remix) [Theory]
2013-03-28 - Robert Hood - Slam Radio 026,https://www.mixesdb.com/w/2013-03-28_-_Robert_Hood_-_Slam_Radio_026,,12,,Robert Hood,Drive (The Age Of Automation) (Ø [Phase] Nocturnal Mix) [Music Man],Robert Hood - Drive (The Age Of Automation) (Ø [Phase] Nocturnal Mix) [Music Man]
2013-03-28 - Robert Hood - Slam Radio 026,https://www.mixesdb.com/w/2013-03-28_-_Robert_Hood_-_Slam_Radio_026,,13,,Floorplan,Eclipse [M-Plant - M.PM16CD],Floorplan - Eclipse [M-Plant - M.PM16CD]
2013-03-28 - Robert Hood - Slam Radio 026,https://www.mixesdb.com/w/2013-03-28_-_Robert_Hood_-_Slam_Radio_026,,14,,Robert Hood,The Family [M-Plant],Robert Hood - The Family [M-Plant]
2013-03-28 - Robert Hood - Slam Radio 026,https://www.mixesdb.com/w/2013-03-28_-_Robert_Hood_-_Slam_Radio_026,,15,,Steve Rachmad,Tir Na Nog [Rotation],Steve Rachmad - Tir Na Nog [Rotation]
2013-03-28 - Robert Hood - Slam Radio 026,https://www.mixesdb.com/w/2013-03-28_-_Robert_Hood_-_Slam_Radio_026,,16,,Robert Hood,Hologram 4 [Forthcoming],Robert Hood - Hologram 4 [Forthcoming]
2013-03-28 - Robert Hood - Slam Radio 026,https://www.mixesdb.com/w/2013-03-28_-_Robert_Hood_-_Slam_Radio_026,,17,,Tim Wolff,Backstage Fridge [Dynamic Reflection],Tim Wolff - Backstage Fridge [Dynamic Reflection]
2013-03-28 - Robert Hood - Slam Radio 026,https://www.mixesdb.com/w/2013-03-28_-_Robert_Hood_-_Slam_Radio_026,,18,,James Ruskin,Work (Steve Rachmad Remix) [Blueprint],James Ruskin - Work (Steve Rachmad Remix) [Blueprint]
2013-03-28 - Robert Hood - Slam Radio 026,https://www.mixesdb.com/w/2013-03-28_-_Robert_Hood_-_Slam_Radio_026,,19,,Robert Hood,Alarm [M-Plant - 18],Robert Hood - Alarm [M-Plant - 18]
2013-03-28 - Robert Hood - Slam Radio 026,https://www.mixesdb.com/w/2013-03-28_-_Robert_Hood_-_Slam_Radio_026,,20,,O/V/R,Post Traumatic Son (DVS1 Pessimist Mix) [Blueprint],O/V/R - Post Traumatic Son (DVS1 Pessimist Mix) [Blueprint]
2013-03-28 - Robert Hood - Slam Radio 026,https://www.mixesdb.com/w/2013-03-28_-_Robert_Hood_-_Slam_Radio_026,,21,,Lee J Malcolm,One Star Applicant (James Ruskin Rework) [EPM],Lee J Malcolm - One Star Applicant (James Ruskin Rework) [EPM]
2013-03-28 - Robert Hood - Slam Radio 026,https://www.mixesdb.com/w/2013-03-28_-_Robert_Hood_-_Slam_Radio_026,,22,,Steve Silk Hurley,Jack Your Body (Hardfloor Remix) [Hardfloor The Label],Steve Silk Hurley - Jack Your Body (Hardfloor Remix) [Hardfloor The Label]
2013-03-28 - Robert Hood - Slam Radio 026,https://www.mixesdb.com/w/2013-03-28_-_Robert_Hood_-_Slam_Radio_026,,23,,Robert Hood,Eleven [M-Plant - 18],Robert Hood - Eleven [M-Plant - 18]
2013-03-28 - Robert Hood - Slam Radio 026,https://www.mixesdb.com/w/2013-03-28_-_Robert_Hood_-_Slam_Radio_026,,24,,Ritzi Lee,Backdraft [Theory],Ritzi Lee - Backdraft [Theory]
2013-03-28 - Robert Hood - Slam Radio 026,https://www.mixesdb.com/w/2013-03-28_-_Robert_Hood_-_Slam_Radio_026,,25,,Floorplan,Confess [M-Plant - M.PM16CD],Floorplan - Confess [M-Plant - M.PM16CD]
2013-03-28 - Robert Hood - Slam Radio 026,https://www.mixesdb.com/w/2013-03-28_-_Robert_Hood_-_Slam_Radio_026,,26,,Floorplan,Higher! (Ben Sims Remix) [M-Plant - 17],Floorplan - Higher! (Ben Sims Remix) [M-Plant - 17]
2013-03-28 - Robert Hood - Slam Radio 026,https://www.mixesdb.com/w/2013-03-28_-_Robert_Hood_-_Slam_Radio_026,,27,,Clone,White Label,Clone - White Label
2013-03-28 - Robert Hood - Slam Radio 026,https://www.mixesdb.com/w/2013-03-28_-_Robert_Hood_-_Slam_Radio_026,,28,,Robert Hood,Hate Transmissions [Music Man],Robert Hood - Hate Transmissions [Music Man]
2018-11-16 - Robert Hood - DJ-Kicks,https://www.mixesdb.com/w/2018-11-16_-_Robert_Hood_-_DJ-Kicks,,1,,N/A,Connected (Intro) [1:37],N/A - Connected (Intro) [1:37]
2018-11-16 - Robert Hood - DJ-Kicks,https://www.mixesdb.com/w/2018-11-16_-_Robert_Hood_-_DJ-Kicks,,2,,Robert Hood,Focus [4:40],Robert Hood - Focus [4:40]
2018-11-16 - Robert Hood - DJ-Kicks,https://www.mixesdb.com/w/2018-11-16_-_Robert_Hood_-_DJ-Kicks,,3,,Truncate,Terminal 5 [3:25],Truncate - Terminal 5 [3:25]
2018-11-16 - Robert Hood - DJ-Kicks,https://www.mixesdb.com/w/2018-11-16_-_Robert_Hood_-_DJ-Kicks,,4,,Slam,Remain [3:52],Slam - Remain [3:52]
2018-11-16 - Robert Hood - DJ-Kicks,https://www.mixesdb.com/w/2018-11-16_-_Robert_Hood_-_DJ-Kicks,,5,,Robert Hood,Clocks [3:22],Robert Hood - Clocks [3:22]
2018-11-16 - Robert Hood - DJ-Kicks,https://www.mixesdb.com/w/2018-11-16_-_Robert_Hood_-_DJ-Kicks,,6,,Marcel Fengler,Thwack [3:30],Marcel Fengler - Thwack [3:30]
2018-11-16 - Robert Hood - DJ-Kicks,https://www.mixesdb.com/w/2018-11-16_-_Robert_Hood_-_DJ-Kicks,,7,,Mark Broom,King (Gary Beck Remix) [3:12],Mark Broom - King (Gary Beck Remix) [3:12]
2018-11-16 - Robert Hood - DJ-Kicks,https://www.mixesdb.com/w/2018-11-16_-_Robert_Hood_-_DJ-Kicks,,8,,Robert Hood,Greytype I [3:28],Robert Hood - Greytype I [3:28]
2018-11-16 - Robert Hood - DJ-Kicks,https://www.mixesdb.com/w/2018-11-16_-_Robert_Hood_-_DJ-Kicks,,9,,Robert Hood,Mirror Man [3:23],Robert Hood - Mirror Man [3:23]
2018-11-16 - Robert Hood - DJ-Kicks,https://www.mixesdb.com/w/2018-11-16_-_Robert_Hood_-_DJ-Kicks,,10,,Stare 5,We Will Not [3:11],Stare 5 - We Will Not [3:11]
2018-11-16 - Robert Hood - DJ-Kicks,https://www.mixesdb.com/w/2018-11-16_-_Robert_Hood_-_DJ-Kicks,,11,,Gary Beck,Video Siren [4:21],Gary Beck - Video Siren [4:21]
2018-11-16 - Robert Hood - DJ-Kicks,https://www.mixesdb.com/w/2018-11-16_-_Robert_Hood_-_DJ-Kicks,,12,,Mark Reeve,Dice [4:36],Mark Reeve - Dice [4:36]
2018-11-16 - Robert Hood - DJ-Kicks,https://www.mixesdb.com/w/2018-11-16_-_Robert_Hood_-_DJ-Kicks,,13,,Robert Hood,Bond Solid [2:39],Robert Hood - Bond Solid [2:39]
2018-11-16 - Robert Hood - DJ-Kicks,https://www.mixesdb.com/w/2018-11-16_-_Robert_Hood_-_DJ-Kicks,,14,,Landside,Signs Of Change (Robert Hood Remix) [3:40],Landside - Signs Of Change (Robert Hood Remix) [3:40]
2018-11-16 - Robert Hood - DJ-Kicks,https://www.mixesdb.com/w/2018-11-16_-_Robert_Hood_-_DJ-Kicks,,15,,Adrian Hour,Make You Feel Good [3:11],Adrian Hour - Make You Feel Good [3:11]
2018-11-16 - Robert Hood - DJ-Kicks,https://www.mixesdb.com/w/2018-11-16_-_Robert_Hood_-_DJ-Kicks,,16,,Ben Long & Tom Hades,The Knight Rider [2:49],Ben Long & Tom Hades - The Knight Rider [2:49]
2018-11-16 - Robert Hood - DJ-Kicks,https://www.mixesdb.com/w/2018-11-16_-_Robert_Hood_-_DJ-Kicks,,17,,Clouds,Chained To A Dead Camel [3:12],Clouds - Chained To A Dead Camel [3:12]
2018-11-16 - Robert Hood - DJ-Kicks,https://www.mixesdb.com/w/2018-11-16_-_Robert_Hood_-_DJ-Kicks,,18,,Hans Bouffmyhre & Kyle Geiger,Inwards [3:04],Hans Bouffmyhre & Kyle Geiger - Inwards [3:04]
2018-11-16 - Robert Hood - DJ-Kicks,https://www.mixesdb.com/w/2018-11-16_-_Robert_Hood_-_DJ-Kicks,,19,,Robert Hood,Machine Form [3:47],Robert Hood - Machine Form [3:47]
2018-11-16 - Robert Hood - DJ-Kicks,https://www.mixesdb.com/w/2018-11-16_-_Robert_Hood_-_DJ-Kicks,,20,,Robert Hood,Hall Of Mirrors [3:17],Robert Hood - Hall Of Mirrors [3:17]
2018-11-16 - Robert Hood - DJ-Kicks,https://www.mixesdb.com/w/2018-11-16_-_Robert_Hood_-_DJ-Kicks,,21,,Oliver Deutschmann,Confuzed [3:13],Oliver Deutschmann - Confuzed [3:13]
2018-11-16 - Robert Hood - DJ-Kicks,https://www.mixesdb.com/w/2018-11-16_-_Robert_Hood_-_DJ-Kicks,,22,,MATRiXXMAN,Protocol (Saturation Edit) [1:31],MATRiXXMAN - Protocol (Saturation Edit) [1:31]
2013-12-05 - Robert Hood - fabric Promo Mix,https://www.mixesdb.com/w/2013-12-05_-_Robert_Hood_-_fabric_Promo_Mix,,1,00,Floorplan,Chord Principle [M-Plant - MPM 16],Floorplan - Chord Principle [M-Plant - MPM 16]
2013-12-05 - Robert Hood - fabric Promo Mix,https://www.mixesdb.com/w/2013-12-05_-_Robert_Hood_-_fabric_Promo_Mix,,2,03,Benjamin Damage,Delirium Tremens (Robert Hood Remix) [50 Weapons - Remix 03],Benjamin Damage - Delirium Tremens (Robert Hood Remix) [50 Weapons - Remix 03]
2013-12-05 - Robert Hood - fabric Promo Mix,https://www.mixesdb.com/w/2013-12-05_-_Robert_Hood_-_fabric_Promo_Mix,,3,06,Robert Hood,Eleven [M-Plant - M.PM 18],Robert Hood - Eleven [M-Plant - M.PM 18]
2013-12-05 - Robert Hood - fabric Promo Mix,https://www.mixesdb.com/w/2013-12-05_-_Robert_Hood_-_fabric_Promo_Mix,,4,07,Leandro Gamez,De Los Santos [Speaker Attack],Leandro Gamez - De Los Santos [Speaker Attack]
2013-12-05 - Robert Hood - fabric Promo Mix,https://www.mixesdb.com/w/2013-12-05_-_Robert_Hood_-_fabric_Promo_Mix,,5,11,Floorplan,Confess [M-Plant - MPM 16],Floorplan - Confess [M-Plant - MPM 16]
2013-12-05 - Robert Hood - fabric Promo Mix,https://www.mixesdb.com/w/2013-12-05_-_Robert_Hood_-_fabric_Promo_Mix,,6,13,Ben Sims,Raise Your Hands [Hardgroove],Ben Sims - Raise Your Hands [Hardgroove]
2013-12-05 - Robert Hood - fabric Promo Mix,https://www.mixesdb.com/w/2013-12-05_-_Robert_Hood_-_fabric_Promo_Mix,,7,??,Gingy & Bordello,All Day (Robert Hood Remix) [Turbo],Gingy & Bordello - All Day (Robert Hood Remix) [Turbo]
2013-12-05 - Robert Hood - fabric Promo Mix,https://www.mixesdb.com/w/2013-12-05_-_Robert_Hood_-_fabric_Promo_Mix,,8,??,Floorplan,Hold Back [M-Plant],Floorplan - Hold Back [M-Plant]
2013-12-05 - Robert Hood - fabric Promo Mix,https://www.mixesdb.com/w/2013-12-05_-_Robert_Hood_-_fabric_Promo_Mix,,9,21,Floorplan,Never Grow Old [M-Plant - MPM 16],Floorplan - Never Grow Old [M-Plant - MPM 16]
2013-12-05 - Robert Hood - fabric Promo Mix,https://www.mixesdb.com/w/2013-12-05_-_Robert_Hood_-_fabric_Promo_Mix,,10,23,Floorplan,We Magnify His Name [M-Plant],Floorplan - We Magnify His Name [M-Plant]
2013-12-05 - Robert Hood - fabric Promo Mix,https://www.mixesdb.com/w/2013-12-05_-_Robert_Hood_-_fabric_Promo_Mix,,11,2?,Ann Nesby,Love Is What We Need [Peppermint Jam],Ann Nesby - Love Is What We Need [Peppermint Jam]
2013-12-05 - Robert Hood - fabric Promo Mix,https://www.mixesdb.com/w/2013-12-05_-_Robert_Hood_-_fabric_Promo_Mix,,12,27,Ben Sims,Dollar Bill Y'all (Vocal Mix) [Hardgroove - 009],Ben Sims - Dollar Bill Y'all (Vocal Mix) [Hardgroove - 009]
2013-12-05 - Robert Hood - fabric Promo Mix,https://www.mixesdb.com/w/2013-12-05_-_Robert_Hood_-_fabric_Promo_Mix,,13,29,Ben Sims,New Blood (Robert Hood Mix) [Theory - 0403],Ben Sims - New Blood (Robert Hood Mix) [Theory - 0403]
2019-03-22 - Robert Hood @ Boiler Room Maastricht,https://www.mixesdb.com/w/2019-03-22_-_Robert_Hood_@_Boiler_Room_Maastricht,,1,00,Robert Hood,Intro (Internal Empire) [Tresor],Robert Hood - Intro (Internal Empire) [Tresor]
2019-03-22 - Robert Hood @ Boiler Room Maastricht,https://www.mixesdb.com/w/2019-03-22_-_Robert_Hood_@_Boiler_Room_Maastricht,,2,02,Phara,Mordecai [Stockholm],Phara - Mordecai [Stockholm]
2019-03-22 - Robert Hood @ Boiler Room Maastricht,https://www.mixesdb.com/w/2019-03-22_-_Robert_Hood_@_Boiler_Room_Maastricht,,3,06,Stare5,We Will Not [EPM],Stare5 - We Will Not [EPM]
2019-03-22 - Robert Hood @ Boiler Room Maastricht,https://www.mixesdb.com/w/2019-03-22_-_Robert_Hood_@_Boiler_Room_Maastricht,,4,10,Robert Hood,Master Jack [Dekmantel - DKMNTL 038],Robert Hood - Master Jack [Dekmantel - DKMNTL 038]
2019-03-22 - Robert Hood @ Boiler Room Maastricht,https://www.mixesdb.com/w/2019-03-22_-_Robert_Hood_@_Boiler_Room_Maastricht,,5,13,Truncate,Jack (Mark Broom Remix) [Truncate],Truncate - Jack (Mark Broom Remix) [Truncate]
2019-03-22 - Robert Hood @ Boiler Room Maastricht,https://www.mixesdb.com/w/2019-03-22_-_Robert_Hood_@_Boiler_Room_Maastricht,,6,17,Robert Hood,Gun Talk (Ben Sims JFF Edit) [Machine - LP 001],Robert Hood - Gun Talk (Ben Sims JFF Edit) [Machine - LP 001]
2019-03-22 - Robert Hood @ Boiler Room Maastricht,https://www.mixesdb.com/w/2019-03-22_-_Robert_Hood_@_Boiler_Room_Maastricht,,7,19,,?,?
2019-03-22 - Robert Hood @ Boiler Room Maastricht,https://www.mixesdb.com/w/2019-03-22_-_Robert_Hood_@_Boiler_Room_Maastricht,,8,21,MATRiXXMAN X Setaoc Mass,Vortex [Figure - 87],MATRiXXMAN X Setaoc Mass - Vortex [Figure - 87]
2019-03-22 - Robert Hood @ Boiler Room Maastricht,https://www.mixesdb.com/w/2019-03-22_-_Robert_Hood_@_Boiler_Room_Maastricht,,9,24,Robert Hood,Mirror Man,Robert Hood - Mirror Man
2019-03-22 - Robert Hood @ Boiler Room Maastricht,https://www.mixesdb.com/w/2019-03-22_-_Robert_Hood_@_Boiler_Room_Maastricht,,10,27,Dan Beaumont,Spirit Talkin' (Spencer Parker Workmix) [Work Them],Dan Beaumont - Spirit Talkin' (Spencer Parker Workmix) [Work Them]
2019-03-22 - Robert Hood @ Boiler Room Maastricht,https://www.mixesdb.com/w/2019-03-22_-_Robert_Hood_@_Boiler_Room_Maastricht,,11,31,Adrian Hour,Shoot To Thrill [Toolroom],Adrian Hour - Shoot To Thrill [Toolroom]
2019-03-22 - Robert Hood @ Boiler Room Maastricht,https://www.mixesdb.com/w/2019-03-22_-_Robert_Hood_@_Boiler_Room_Maastricht,,12,37,Clouds,Chained To A Dead Camel [Overlee Assembly],Clouds - Chained To A Dead Camel [Overlee Assembly]
2019-03-22 - Robert Hood @ Boiler Room Maastricht,https://www.mixesdb.com/w/2019-03-22_-_Robert_Hood_@_Boiler_Room_Maastricht,,13,41,Floorplan Let,The Church [M-Plant],Floorplan Let - The Church [M-Plant]
2019-03-22 - Robert Hood @ Boiler Room Maastricht,https://www.mixesdb.com/w/2019-03-22_-_Robert_Hood_@_Boiler_Room_Maastricht,,14,44,D-Unity,Tell You Something [Funk'n Deep],D-Unity - Tell You Something [Funk'n Deep]
2019-03-22 - Robert Hood @ Boiler Room Maastricht,https://www.mixesdb.com/w/2019-03-22_-_Robert_Hood_@_Boiler_Room_Maastricht,,15,46,Petter B,Global Writes,Petter B - Global Writes
2019-03-22 - Robert Hood @ Boiler Room Maastricht,https://www.mixesdb.com/w/2019-03-22_-_Robert_Hood_@_Boiler_Room_Maastricht,,16,48,Robert Hood,Unix: Alive [M-Plant - MPM 12],Robert Hood - Unix: Alive [M-Plant - MPM 12]
2019-03-22 - Robert Hood @ Boiler Room Maastricht,https://www.mixesdb.com/w/2019-03-22_-_Robert_Hood_@_Boiler_Room_Maastricht,,17,51,Floorplan,Spin [M-Plant],Floorplan - Spin [M-Plant]
2019-03-22 - Robert Hood @ Boiler Room Maastricht,https://www.mixesdb.com/w/2019-03-22_-_Robert_Hood_@_Boiler_Room_Maastricht,,18,55,Roberto Capuano,Free [Analytic Trail],Roberto Capuano - Free [Analytic Trail]
2019-03-22 - Robert Hood @ Boiler Room Maastricht,https://www.mixesdb.com/w/2019-03-22_-_Robert_Hood_@_Boiler_Room_Maastricht,,19,61,Recondite,Cleric [Dystopian],Recondite - Cleric [Dystopian]
2019-03-22 - Robert Hood @ Boiler Room Maastricht,https://www.mixesdb.com/w/2019-03-22_-_Robert_Hood_@_Boiler_Room_Maastricht,,20,65,,?,?
2019-03-22 - Robert Hood @ Boiler Room Maastricht,https://www.mixesdb.com/w/2019-03-22_-_Robert_Hood_@_Boiler_Room_Maastricht,,21,67,Robert Hood,Focus,Robert Hood - Focus
2019-03-22 - Robert Hood @ Boiler Room Maastricht,https://www.mixesdb.com/w/2019-03-22_-_Robert_Hood_@_Boiler_Room_Maastricht,,22,69,Robert Hood,Master Builder [Tresor],Robert Hood - Master Builder [Tresor]
2019-03-22 - Robert Hood @ Boiler Room Maastricht,https://www.mixesdb.com/w/2019-03-22_-_Robert_Hood_@_Boiler_Room_Maastricht,,23,72,Gary Beck Feat. Debra Debs,Get Together [Bek - 020],Gary Beck Feat. Debra Debs - Get Together [Bek - 020]
2019-03-22 - Robert Hood @ Boiler Room Maastricht,https://www.mixesdb.com/w/2019-03-22_-_Robert_Hood_@_Boiler_Room_Maastricht,,24,76,Slam & Gary Beck,Pressure Lights [Toolroom - TOOL 425/01Z],Slam & Gary Beck - Pressure Lights [Toolroom - TOOL 425/01Z]
2019-03-22 - Robert Hood @ Boiler Room Maastricht,https://www.mixesdb.com/w/2019-03-22_-_Robert_Hood_@_Boiler_Room_Maastricht,,25,81,Robert Hood,Minus [Tresor - 27],Robert Hood - Minus [Tresor - 27]
"1996-03-30 - Robert Hood - Stunde Null, Radio NRJ, Saxony","https://www.mixesdb.com/w/1996-03-30_-_Robert_Hood_-_Stunde_Null,_Radio_NRJ,_Saxony",,1,,Jeff Mills,DNA [Tresor - 25],Jeff Mills - DNA [Tresor - 25]
"1996-03-30 - Robert Hood - Stunde Null, Radio NRJ, Saxony","https://www.mixesdb.com/w/1996-03-30_-_Robert_Hood_-_Stunde_Null,_Radio_NRJ,_Saxony",,2,,Robert Hood,Untitled 1 [M-Plant - M-P304],Robert Hood - Untitled 1 [M-Plant - M-P304]
"1996-03-30 - Robert Hood - Stunde Null, Radio NRJ, Saxony","https://www.mixesdb.com/w/1996-03-30_-_Robert_Hood_-_Stunde_Null,_Radio_NRJ,_Saxony",,3,,Maurizio,M4 (B) [Maurizio - M04],Maurizio - M4 (B) [Maurizio - M04]
"1996-03-30 - Robert Hood - Stunde Null, Radio NRJ, Saxony","https://www.mixesdb.com/w/1996-03-30_-_Robert_Hood_-_Stunde_Null,_Radio_NRJ,_Saxony",,4,,Robert Hood,Untitled Scetch [M-Plant - M-P304],Robert Hood - Untitled Scetch [M-Plant - M-P304]
"1996-03-30 - Robert Hood - Stunde Null, Radio NRJ, Saxony","https://www.mixesdb.com/w/1996-03-30_-_Robert_Hood_-_Stunde_Null,_Radio_NRJ,_Saxony",,5,,H&M,Sleepchamber [Axis - AX-001],H&M - Sleepchamber [Axis - AX-001]
"1996-03-30 - Robert Hood - Stunde Null, Radio NRJ, Saxony","https://www.mixesdb.com/w/1996-03-30_-_Robert_Hood_-_Stunde_Null,_Radio_NRJ,_Saxony",,6,,Robert Hood,Ride [Axis - AX-007],Robert Hood - Ride [Axis - AX-007]
"1996-03-30 - Robert Hood - Stunde Null, Radio NRJ, Saxony","https://www.mixesdb.com/w/1996-03-30_-_Robert_Hood_-_Stunde_Null,_Radio_NRJ,_Saxony",,7,,,?,?
"1996-03-30 - Robert Hood - Stunde Null, Radio NRJ, Saxony","https://www.mixesdb.com/w/1996-03-30_-_Robert_Hood_-_Stunde_Null,_Radio_NRJ,_Saxony",,8,,The Memory Foundation,Made In Vienna (B) [M-Plant - M-P 303],The Memory Foundation - Made In Vienna (B) [M-Plant - M-P 303]
"1996-03-30 - Robert Hood - Stunde Null, Radio NRJ, Saxony","https://www.mixesdb.com/w/1996-03-30_-_Robert_Hood_-_Stunde_Null,_Radio_NRJ,_Saxony",,9,,,Interview,Interview
"1996-03-30 - Robert Hood - Stunde Null, Radio NRJ, Saxony","https://www.mixesdb.com/w/1996-03-30_-_Robert_Hood_-_Stunde_Null,_Radio_NRJ,_Saxony",,10,,DBX,Losing Control (Robert Hood Remix) [Peacefrog - PF 025],DBX - Losing Control (Robert Hood Remix) [Peacefrog - PF 025]
"1996-03-30 - Robert Hood - Stunde Null, Radio NRJ, Saxony","https://www.mixesdb.com/w/1996-03-30_-_Robert_Hood_-_Stunde_Null,_Radio_NRJ,_Saxony",,11,,Vein Melter,Hypnotized [Planet Records Berlin - CW-40045],Vein Melter - Hypnotized [Planet Records Berlin - CW-40045]
"1996-03-30 - Robert Hood - Stunde Null, Radio NRJ, Saxony","https://www.mixesdb.com/w/1996-03-30_-_Robert_Hood_-_Stunde_Null,_Radio_NRJ,_Saxony",,12,,Robert Hood,The Core [M-Plant - m-p 302],Robert Hood - The Core [M-Plant - m-p 302]
"1996-03-30 - Robert Hood - Stunde Null, Radio NRJ, Saxony","https://www.mixesdb.com/w/1996-03-30_-_Robert_Hood_-_Stunde_Null,_Radio_NRJ,_Saxony",,13,,,?,?
"1996-03-30 - Robert Hood - Stunde Null, Radio NRJ, Saxony","https://www.mixesdb.com/w/1996-03-30_-_Robert_Hood_-_Stunde_Null,_Radio_NRJ,_Saxony",,14,,Phuture Pfantasy Club,Spank Spank [Low Fat Vinyl - LFV 1],Phuture Pfantasy Club - Spank Spank [Low Fat Vinyl - LFV 1]
"1996-03-30 - Robert Hood - Stunde Null, Radio NRJ, Saxony","https://www.mixesdb.com/w/1996-03-30_-_Robert_Hood_-_Stunde_Null,_Radio_NRJ,_Saxony",,15,,Robert Hood,The Protein Valve (B2) [M-Plant - M-P 301],Robert Hood - The Protein Valve (B2) [M-Plant - M-P 301]
"1996-03-30 - Robert Hood - Stunde Null, Radio NRJ, Saxony","https://www.mixesdb.com/w/1996-03-30_-_Robert_Hood_-_Stunde_Null,_Radio_NRJ,_Saxony",,16,,,?,?
"1996-03-30 - Robert Hood - Stunde Null, Radio NRJ, Saxony","https://www.mixesdb.com/w/1996-03-30_-_Robert_Hood_-_Stunde_Null,_Radio_NRJ,_Saxony",,17,,Morganistic,Bellows [Input Neuron Musique - INM LP 1],Morganistic - Bellows [Input Neuron Musique - INM LP 1]
"1996-03-30 - Robert Hood - Stunde Null, Radio NRJ, Saxony","https://www.mixesdb.com/w/1996-03-30_-_Robert_Hood_-_Stunde_Null,_Radio_NRJ,_Saxony",,18,,Ian Pooley,Twin Gods EP (B2) [Force Inc. Music Works - FIM 066],Ian Pooley - Twin Gods EP (B2) [Force Inc. Music Works - FIM 066]
2021-10-08 - Robert Hood - Drumcode Radio (DCR584),https://www.mixesdb.com/w/2021-10-08_-_Robert_Hood_-_Drumcode_Radio_(DCR584),,1,00,Pfirter,Identity [Paralelo],Pfirter - Identity [Paralelo]
2021-10-08 - Robert Hood - Drumcode Radio (DCR584),https://www.mixesdb.com/w/2021-10-08_-_Robert_Hood_-_Drumcode_Radio_(DCR584),,2,05,KUSP,Freedom Of Fear [Rspx (Rekids)],KUSP - Freedom Of Fear [Rspx (Rekids)]
2021-10-08 - Robert Hood - Drumcode Radio (DCR584),https://www.mixesdb.com/w/2021-10-08_-_Robert_Hood_-_Drumcode_Radio_(DCR584),,3,09,Robert Hood,The Majestic (Deeper Edit) [Rekids],Robert Hood - The Majestic (Deeper Edit) [Rekids]
2021-10-08 - Robert Hood - Drumcode Radio (DCR584),https://www.mixesdb.com/w/2021-10-08_-_Robert_Hood_-_Drumcode_Radio_(DCR584),,4,??,Jerome Sydenham Feat. Eman,Abattoir,Jerome Sydenham Feat. Eman - Abattoir
2021-10-08 - Robert Hood - Drumcode Radio (DCR584),https://www.mixesdb.com/w/2021-10-08_-_Robert_Hood_-_Drumcode_Radio_(DCR584),,5,??,Stare5,Two,Stare5 - Two
2021-10-08 - Robert Hood - Drumcode Radio (DCR584),https://www.mixesdb.com/w/2021-10-08_-_Robert_Hood_-_Drumcode_Radio_(DCR584),,6,18,Renato Cohen,Pontape (Robert Hood Remix) [Suara],Renato Cohen - Pontape (Robert Hood Remix) [Suara]
2021-10-08 - Robert Hood - Drumcode Radio (DCR584),https://www.mixesdb.com/w/2021-10-08_-_Robert_Hood_-_Drumcode_Radio_(DCR584),,7,20,Gary Beck,Before The Crash [Soma],Gary Beck - Before The Crash [Soma]
2021-10-08 - Robert Hood - Drumcode Radio (DCR584),https://www.mixesdb.com/w/2021-10-08_-_Robert_Hood_-_Drumcode_Radio_(DCR584),,8,22,Charlotte de Witte & Chris Liebing,In Memory [KNTXT],Charlotte de Witte & Chris Liebing - In Memory [KNTXT]
2021-10-08 - Robert Hood - Drumcode Radio (DCR584),https://www.mixesdb.com/w/2021-10-08_-_Robert_Hood_-_Drumcode_Radio_(DCR584),,9,27,Slam & Gary Beck,Pressure Lights [Soma],Slam & Gary Beck - Pressure Lights [Soma]
2021-10-08 - Robert Hood - Drumcode Radio (DCR584),https://www.mixesdb.com/w/2021-10-08_-_Robert_Hood_-_Drumcode_Radio_(DCR584),,10,31,Phara,Great Attractor (Setaoc Mass Remix) [Soma],Phara - Great Attractor (Setaoc Mass Remix) [Soma]
2021-10-08 - Robert Hood - Drumcode Radio (DCR584),https://www.mixesdb.com/w/2021-10-08_-_Robert_Hood_-_Drumcode_Radio_(DCR584),,11,33,Robert Hood,Fear Not [Rekids],Robert Hood - Fear Not [Rekids]
2021-10-08 - Robert Hood - Drumcode Radio (DCR584),https://www.mixesdb.com/w/2021-10-08_-_Robert_Hood_-_Drumcode_Radio_(DCR584),,12,37,Monobox,Angel City [M-Plant],Monobox - Angel City [M-Plant]
2021-10-08 - Robert Hood - Drumcode Radio (DCR584),https://www.mixesdb.com/w/2021-10-08_-_Robert_Hood_-_Drumcode_Radio_(DCR584),,13,39,Jerome Sydenham,Black Orchid,Jerome Sydenham - Black Orchid
2021-10-08 - Robert Hood - Drumcode Radio (DCR584),https://www.mixesdb.com/w/2021-10-08_-_Robert_Hood_-_Drumcode_Radio_(DCR584),,14,42,E-Dancer,Anongay (Robert Hood Remix) [Drumcode],E-Dancer - Anongay (Robert Hood Remix) [Drumcode]
2021-10-08 - Robert Hood - Drumcode Radio (DCR584),https://www.mixesdb.com/w/2021-10-08_-_Robert_Hood_-_Drumcode_Radio_(DCR584),,15,45,Ian Axide,Symbiosis [Pornographic],Ian Axide - Symbiosis [Pornographic]
2021-10-08 - Robert Hood - Drumcode Radio (DCR584),https://www.mixesdb.com/w/2021-10-08_-_Robert_Hood_-_Drumcode_Radio_(DCR584),,16,48,Monobox,Rise [M-Plant],Monobox - Rise [M-Plant]
2021-10-08 - Robert Hood - Drumcode Radio (DCR584),https://www.mixesdb.com/w/2021-10-08_-_Robert_Hood_-_Drumcode_Radio_(DCR584),,17,??,Planetary Assault Systems,The Grinder (Ben Sims Remix) [Machine],Planetary Assault Systems - The Grinder (Ben Sims Remix) [Machine]
2021-10-08 - Robert Hood - Drumcode Radio (DCR584),https://www.mixesdb.com/w/2021-10-08_-_Robert_Hood_-_Drumcode_Radio_(DCR584),,18,53,Octavio,Spreading Waves [Lpz],Octavio - Spreading Waves [Lpz]
2021-10-08 - Robert Hood - Drumcode Radio (DCR584),https://www.mixesdb.com/w/2021-10-08_-_Robert_Hood_-_Drumcode_Radio_(DCR584),,19,57,Hertzqvake,End 2.0 [Khodem],Hertzqvake - End 2.0 [Khodem]
2021-10-08 - Robert Hood - Drumcode Radio (DCR584),https://www.mixesdb.com/w/2021-10-08_-_Robert_Hood_-_Drumcode_Radio_(DCR584),,20,60,Robert Hood,The Majestic [Rekids],Robert Hood - The Majestic [Rekids]
2000 - Robert Hood @ Unknown Gig,https://www.mixesdb.com/w/2000_-_Robert_Hood_@_Unknown_Gig,,1,00:00,Rob Jarvis,Killa Bite 1 (A1) [Killa Bite - Killa 01],Rob Jarvis - Killa Bite 1 (A1) [Killa Bite - Killa 01]
2000 - Robert Hood @ Unknown Gig,https://www.mixesdb.com/w/2000_-_Robert_Hood_@_Unknown_Gig,,2,02:38,Robert Hood,The Pace [M-Plant - M-P306],Robert Hood - The Pace [M-Plant - M-P306]
2000 - Robert Hood @ Unknown Gig,https://www.mixesdb.com/w/2000_-_Robert_Hood_@_Unknown_Gig,,3,06:49,Chancellor,Gettin' Funked Up! [Premier - PR-01],Chancellor - Gettin' Funked Up! [Premier - PR-01]
2000 - Robert Hood @ Unknown Gig,https://www.mixesdb.com/w/2000_-_Robert_Hood_@_Unknown_Gig,,4,09:57,,?,?
2000 - Robert Hood @ Unknown Gig,https://www.mixesdb.com/w/2000_-_Robert_Hood_@_Unknown_Gig,,5,12:21,John Thomas,Girth [Logistic - LOG.06],John Thomas - Girth [Logistic - LOG.06]
2000 - Robert Hood @ Unknown Gig,https://www.mixesdb.com/w/2000_-_Robert_Hood_@_Unknown_Gig,,6,14:22,SoulDestroyaz,Luftcontroller [Synewave - SW44],SoulDestroyaz - Luftcontroller [Synewave - SW44]
2000 - Robert Hood @ Unknown Gig,https://www.mixesdb.com/w/2000_-_Robert_Hood_@_Unknown_Gig,,7,16:18,Murat,Moments EP (B3) [Detor - DTR001],Murat - Moments EP (B3) [Detor - DTR001]
2000 - Robert Hood @ Unknown Gig,https://www.mixesdb.com/w/2000_-_Robert_Hood_@_Unknown_Gig,,8,18:06,Club M.C.M.,Club M.C.M. (K.A. Happy Mix) [Rhythm Beat - RB 203],Club M.C.M. - Club M.C.M. (K.A. Happy Mix) [Rhythm Beat - RB 203]
2000 - Robert Hood @ Unknown Gig,https://www.mixesdb.com/w/2000_-_Robert_Hood_@_Unknown_Gig,,9,20:06,Robert Hood,Hard To Kill [M-Plant - M-P 313],Robert Hood - Hard To Kill [M-Plant - M-P 313]
2000 - Robert Hood @ Unknown Gig,https://www.mixesdb.com/w/2000_-_Robert_Hood_@_Unknown_Gig,,10,23:53,John Thomas,Magic [Logistic - LOG009],John Thomas - Magic [Logistic - LOG009]
2000 - Robert Hood @ Unknown Gig,https://www.mixesdb.com/w/2000_-_Robert_Hood_@_Unknown_Gig,,11,26:07,,?,?
2000 - Robert Hood @ Unknown Gig,https://www.mixesdb.com/w/2000_-_Robert_Hood_@_Unknown_Gig,,12,29:33,,?,?
2000 - Robert Hood @ Unknown Gig,https://www.mixesdb.com/w/2000_-_Robert_Hood_@_Unknown_Gig,,13,31:33,Ratio,Locked Groove 4 [Central - 03],Ratio - Locked Groove 4 [Central - 03]
2000 - Robert Hood @ Unknown Gig,https://www.mixesdb.com/w/2000_-_Robert_Hood_@_Unknown_Gig,,14,33:19,Missing Channel,Legion Of Hunger [Hardwax - HX-008],Missing Channel - Legion Of Hunger [Hardwax - HX-008]
2000 - Robert Hood @ Unknown Gig,https://www.mixesdb.com/w/2000_-_Robert_Hood_@_Unknown_Gig,,15,35:59,Sterac,Skreel-Ah [M-Planet - M-P314],Sterac - Skreel-Ah [M-Planet - M-P314]
2000 - Robert Hood @ Unknown Gig,https://www.mixesdb.com/w/2000_-_Robert_Hood_@_Unknown_Gig,,16,39:18,,?,?
2000 - Robert Hood @ Unknown Gig,https://www.mixesdb.com/w/2000_-_Robert_Hood_@_Unknown_Gig,,17,43:17,Ignacio,Organa [Music Man - MM 038],Ignacio - Organa [Music Man - MM 038]
2000 - Robert Hood @ Unknown Gig,https://www.mixesdb.com/w/2000_-_Robert_Hood_@_Unknown_Gig,,18,46:44,Inspectah Deck,Word On The Street,Inspectah Deck - Word On The Street
2000 - Robert Hood @ Unknown Gig,https://www.mixesdb.com/w/2000_-_Robert_Hood_@_Unknown_Gig,,19,50:15,Vice,Tempations [Tresor - 127],Vice - Tempations [Tresor - 127]
2000 - Robert Hood @ Unknown Gig,https://www.mixesdb.com/w/2000_-_Robert_Hood_@_Unknown_Gig,,20,55:08,iO,TT [Cheap - 12 CHEAP 10],iO - TT [Cheap - 12 CHEAP 10]
2000 - Robert Hood @ Unknown Gig,https://www.mixesdb.com/w/2000_-_Robert_Hood_@_Unknown_Gig,,21,57:11,Jeff Mills,Skin Deep [Purpose Maker - PM 008],Jeff Mills - Skin Deep [Purpose Maker - PM 008]
2000 - Robert Hood @ Unknown Gig,https://www.mixesdb.com/w/2000_-_Robert_Hood_@_Unknown_Gig,,22,59:41,Phylyps,Trak II/I [Basic Channel - BC 09],Phylyps - Trak II/I [Basic Channel - BC 09]
2000 - Robert Hood @ Unknown Gig,https://www.mixesdb.com/w/2000_-_Robert_Hood_@_Unknown_Gig,,23,63:31,Plastikman,Spastik [Novamute - 12 NoMu 28],Plastikman - Spastik [Novamute - 12 NoMu 28]
2000 - Robert Hood @ Unknown Gig,https://www.mixesdb.com/w/2000_-_Robert_Hood_@_Unknown_Gig,,24,68:44,Steve Poindexter,Work That Mutha Fucker [Muzique - MR-001],Steve Poindexter - Work That Mutha Fucker [Muzique - MR-001]
2000 - Robert Hood @ Unknown Gig,https://www.mixesdb.com/w/2000_-_Robert_Hood_@_Unknown_Gig,,25,69:45,,?,?
2021-01-09 - Robert Hood - Junction 2: Connections,https://www.mixesdb.com/w/2021-01-09_-_Robert_Hood_-_Junction_2:_Connections,,1,000,Cristian Varela,EK0L0G1K [Rhythm Distrikt (Toolroom)],Cristian Varela - EK0L0G1K [Rhythm Distrikt (Toolroom)]
2021-01-09 - Robert Hood - Junction 2: Connections,https://www.mixesdb.com/w/2021-01-09_-_Robert_Hood_-_Junction_2:_Connections,,2,005,Floorplan,Save The Children (Detroit Mix) [M-Plant],Floorplan - Save The Children (Detroit Mix) [M-Plant]
2021-01-09 - Robert Hood - Junction 2: Connections,https://www.mixesdb.com/w/2021-01-09_-_Robert_Hood_-_Junction_2:_Connections,,3,009,Ian Axide,Anasthesia,Ian Axide - Anasthesia
2021-01-09 - Robert Hood - Junction 2: Connections,https://www.mixesdb.com/w/2021-01-09_-_Robert_Hood_-_Junction_2:_Connections,,4,012,Robert Hood,Fear Not [Rekids],Robert Hood - Fear Not [Rekids]
2021-01-09 - Robert Hood - Junction 2: Connections,https://www.mixesdb.com/w/2021-01-09_-_Robert_Hood_-_Junction_2:_Connections,,5,016,Slam,Catacoustics (Gary Beck Remix) [Soma],Slam - Catacoustics (Gary Beck Remix) [Soma]
2021-01-09 - Robert Hood - Junction 2: Connections,https://www.mixesdb.com/w/2021-01-09_-_Robert_Hood_-_Junction_2:_Connections,,6,018,Phara,Anomalie [Planet Rhythm],Phara - Anomalie [Planet Rhythm]
2021-01-09 - Robert Hood - Junction 2: Connections,https://www.mixesdb.com/w/2021-01-09_-_Robert_Hood_-_Junction_2:_Connections,,7,021,Ian Axide,Symbiosis [Pornographic],Ian Axide - Symbiosis [Pornographic]
2021-01-09 - Robert Hood - Junction 2: Connections,https://www.mixesdb.com/w/2021-01-09_-_Robert_Hood_-_Junction_2:_Connections,,8,023,Robert Hood,Reflector [M-Plant],Robert Hood - Reflector [M-Plant]
2021-01-09 - Robert Hood - Junction 2: Connections,https://www.mixesdb.com/w/2021-01-09_-_Robert_Hood_-_Junction_2:_Connections,,9,028,SCHÄDEL,Culprit,SCHÄDEL - Culprit
2021-01-09 - Robert Hood - Junction 2: Connections,https://www.mixesdb.com/w/2021-01-09_-_Robert_Hood_-_Junction_2:_Connections,,10,031,Cristian Varela,C-Duct [Intec],Cristian Varela - C-Duct [Intec]
2021-01-09 - Robert Hood - Junction 2: Connections,https://www.mixesdb.com/w/2021-01-09_-_Robert_Hood_-_Junction_2:_Connections,,11,033,Phara,Friend Or Foe [Voltage Imprint],Phara - Friend Or Foe [Voltage Imprint]
2021-01-09 - Robert Hood - Junction 2: Connections,https://www.mixesdb.com/w/2021-01-09_-_Robert_Hood_-_Junction_2:_Connections,,12,035,Robert Hood,Falling Apart [Rekids],Robert Hood - Falling Apart [Rekids]
2021-01-09 - Robert Hood - Junction 2: Connections,https://www.mixesdb.com/w/2021-01-09_-_Robert_Hood_-_Junction_2:_Connections,,13,038,Javadeep,Program One (Philippe Petit Remix) [Music From Exo-Planet],Javadeep - Program One (Philippe Petit Remix) [Music From Exo-Planet]
2021-01-09 - Robert Hood - Junction 2: Connections,https://www.mixesdb.com/w/2021-01-09_-_Robert_Hood_-_Junction_2:_Connections,,14,041,Planetary Assault Systems,The Grinder [Machine],Planetary Assault Systems - The Grinder [Machine]
2021-01-09 - Robert Hood - Junction 2: Connections,https://www.mixesdb.com/w/2021-01-09_-_Robert_Hood_-_Junction_2:_Connections,,15,044,Robert Hood,Nothing Stops Detroit [Rekids],Robert Hood - Nothing Stops Detroit [Rekids]
2021-01-09 - Robert Hood - Junction 2: Connections,https://www.mixesdb.com/w/2021-01-09_-_Robert_Hood_-_Junction_2:_Connections,,16,048,Petter B,Global Writes [Modularz],Petter B - Global Writes [Modularz]
2021-01-09 - Robert Hood - Junction 2: Connections,https://www.mixesdb.com/w/2021-01-09_-_Robert_Hood_-_Junction_2:_Connections,,17,051,Will Clarke,Hallelujah [All We Have Is Now],Will Clarke - Hallelujah [All We Have Is Now]
2021-01-09 - Robert Hood - Junction 2: Connections,https://www.mixesdb.com/w/2021-01-09_-_Robert_Hood_-_Junction_2:_Connections,,18,053,Amelie Lens,Storm [Lenske],Amelie Lens - Storm [Lenske]
2021-01-09 - Robert Hood - Junction 2: Connections,https://www.mixesdb.com/w/2021-01-09_-_Robert_Hood_-_Junction_2:_Connections,,19,058,Drumcomplex,Over You [Ei8ht],Drumcomplex - Over You [Ei8ht]
2021-01-09 - Robert Hood - Junction 2: Connections,https://www.mixesdb.com/w/2021-01-09_-_Robert_Hood_-_Junction_2:_Connections,,20,062,Slam & Gary Beck,Pressure Lights [Soma],Slam & Gary Beck - Pressure Lights [Soma]
2021-01-09 - Robert Hood - Junction 2: Connections,https://www.mixesdb.com/w/2021-01-09_-_Robert_Hood_-_Junction_2:_Connections,,21,066,Clouds,Chained To A Dead Camel [Overlee Assembly],Clouds - Chained To A Dead Camel [Overlee Assembly]
2021-01-09 - Robert Hood - Junction 2: Connections,https://www.mixesdb.com/w/2021-01-09_-_Robert_Hood_-_Junction_2:_Connections,,22,069,Lyric,Social Distance [M-Plant],Lyric - Social Distance [M-Plant]
2021-01-09 - Robert Hood - Junction 2: Connections,https://www.mixesdb.com/w/2021-01-09_-_Robert_Hood_-_Junction_2:_Connections,,23,073,Gary Beck,Rascal [Bek],Gary Beck - Rascal [Bek]
2021-01-09 - Robert Hood - Junction 2: Connections,https://www.mixesdb.com/w/2021-01-09_-_Robert_Hood_-_Junction_2:_Connections,,24,077,Truncate,Wave 2 [Truncate],Truncate - Wave 2 [Truncate]
2021-01-09 - Robert Hood - Junction 2: Connections,https://www.mixesdb.com/w/2021-01-09_-_Robert_Hood_-_Junction_2:_Connections,,25,079,Robert Hood,The Cure [Rekids],Robert Hood - The Cure [Rekids]
2021-01-09 - Robert Hood - Junction 2: Connections,https://www.mixesdb.com/w/2021-01-09_-_Robert_Hood_-_Junction_2:_Connections,,26,083,Adrian Hour,Shoot To Thrill [Toolroom],Adrian Hour - Shoot To Thrill [Toolroom]
2021-01-09 - Robert Hood - Junction 2: Connections,https://www.mixesdb.com/w/2021-01-09_-_Robert_Hood_-_Junction_2:_Connections,,27,086,Charlotte de Witte & Chris Liebing,In Memory [KNTXT],Charlotte de Witte & Chris Liebing - In Memory [KNTXT]
2021-01-09 - Robert Hood - Junction 2: Connections,https://www.mixesdb.com/w/2021-01-09_-_Robert_Hood_-_Junction_2:_Connections,,28,090,Gary Beck,Get Down [Saved],Gary Beck - Get Down [Saved]
2021-01-09 - Robert Hood - Junction 2: Connections,https://www.mixesdb.com/w/2021-01-09_-_Robert_Hood_-_Junction_2:_Connections,,29,093,Robert Hood,7 Mile Dog [Rekids],Robert Hood - 7 Mile Dog [Rekids]
2021-01-09 - Robert Hood - Junction 2: Connections,https://www.mixesdb.com/w/2021-01-09_-_Robert_Hood_-_Junction_2:_Connections,,30,096,Roberto Capuano,Free [Analytic Trail],Roberto Capuano - Free [Analytic Trail]
2021-01-09 - Robert Hood - Junction 2: Connections,https://www.mixesdb.com/w/2021-01-09_-_Robert_Hood_-_Junction_2:_Connections,,31,101,Alphadrum,Teleportation,Alphadrum - Teleportation
2021-01-09 - Robert Hood - Junction 2: Connections,https://www.mixesdb.com/w/2021-01-09_-_Robert_Hood_-_Junction_2:_Connections,,32,103,Robert Hood,The Struggle [M-Plant],Robert Hood - The Struggle [M-Plant]
"2014-08-22 - Skream & Luke Solomon, Robert Hood - Skream, BBC Radio 1","https://www.mixesdb.com/w/2014-08-22_-_Skream_&_Luke_Solomon,_Robert_Hood_-_Skream,_BBC_Radio_1",,1,000,,?,?
"2014-08-22 - Skream & Luke Solomon, Robert Hood - Skream, BBC Radio 1","https://www.mixesdb.com/w/2014-08-22_-_Skream_&_Luke_Solomon,_Robert_Hood_-_Skream,_BBC_Radio_1",,2,007,2ndsun,Neglect [Tessier-Ashpool - TAR 001],2ndsun - Neglect [Tessier-Ashpool - TAR 001]
"2014-08-22 - Skream & Luke Solomon, Robert Hood - Skream, BBC Radio 1","https://www.mixesdb.com/w/2014-08-22_-_Skream_&_Luke_Solomon,_Robert_Hood_-_Skream,_BBC_Radio_1",,3,011,Sidney Charles & Santé,All Night Long [Hot Creations],Sidney Charles & Santé - All Night Long [Hot Creations]
"2014-08-22 - Skream & Luke Solomon, Robert Hood - Skream, BBC Radio 1","https://www.mixesdb.com/w/2014-08-22_-_Skream_&_Luke_Solomon,_Robert_Hood_-_Skream,_BBC_Radio_1",,4,0??,Waifs & Strays,Free Your Soul,Waifs & Strays - Free Your Soul
"2014-08-22 - Skream & Luke Solomon, Robert Hood - Skream, BBC Radio 1","https://www.mixesdb.com/w/2014-08-22_-_Skream_&_Luke_Solomon,_Robert_Hood_-_Skream,_BBC_Radio_1",,5,0??,Joe Goddard Feat. Betsy,Endless Love (Luke Solomon's Body Mix) [Greco Roman],Joe Goddard Feat. Betsy - Endless Love (Luke Solomon's Body Mix) [Greco Roman]
"2014-08-22 - Skream & Luke Solomon, Robert Hood - Skream, BBC Radio 1","https://www.mixesdb.com/w/2014-08-22_-_Skream_&_Luke_Solomon,_Robert_Hood_-_Skream,_BBC_Radio_1",,6,0??,Seven Davis Jr.,Beautiful (Krystal Klear Remix),Seven Davis Jr. - Beautiful (Krystal Klear Remix)
"2014-08-22 - Skream & Luke Solomon, Robert Hood - Skream, BBC Radio 1","https://www.mixesdb.com/w/2014-08-22_-_Skream_&_Luke_Solomon,_Robert_Hood_-_Skream,_BBC_Radio_1",,7,0??,Steve Mac,Find Your Funk [Black Rock],Steve Mac - Find Your Funk [Black Rock]
"2014-08-22 - Skream & Luke Solomon, Robert Hood - Skream, BBC Radio 1","https://www.mixesdb.com/w/2014-08-22_-_Skream_&_Luke_Solomon,_Robert_Hood_-_Skream,_BBC_Radio_1",,8,0??,Aaron Snapes,Panther [Dirtybird],Aaron Snapes - Panther [Dirtybird]
"2014-08-22 - Skream & Luke Solomon, Robert Hood - Skream, BBC Radio 1","https://www.mixesdb.com/w/2014-08-22_-_Skream_&_Luke_Solomon,_Robert_Hood_-_Skream,_BBC_Radio_1",,9,0??,Hot Since 82,Somebody Everybody [Knee Deep In Sound],Hot Since 82 - Somebody Everybody [Knee Deep In Sound]
"2014-08-22 - Skream & Luke Solomon, Robert Hood - Skream, BBC Radio 1","https://www.mixesdb.com/w/2014-08-22_-_Skream_&_Luke_Solomon,_Robert_Hood_-_Skream,_BBC_Radio_1",,10,0??,Ben Sims,Days Of Snow [Mosaic Red Label],Ben Sims - Days Of Snow [Mosaic Red Label]
"2014-08-22 - Skream & Luke Solomon, Robert Hood - Skream, BBC Radio 1","https://www.mixesdb.com/w/2014-08-22_-_Skream_&_Luke_Solomon,_Robert_Hood_-_Skream,_BBC_Radio_1",,11,0??,Garnier,Enchante [Hypercolour],Garnier - Enchante [Hypercolour]
"2014-08-22 - Skream & Luke Solomon, Robert Hood - Skream, BBC Radio 1","https://www.mixesdb.com/w/2014-08-22_-_Skream_&_Luke_Solomon,_Robert_Hood_-_Skream,_BBC_Radio_1",,12,0??,Skream,Let It Go,Skream - Let It Go
"2014-08-22 - Skream & Luke Solomon, Robert Hood - Skream, BBC Radio 1","https://www.mixesdb.com/w/2014-08-22_-_Skream_&_Luke_Solomon,_Robert_Hood_-_Skream,_BBC_Radio_1",,13,074,Alex Niggemann,Materium [Poker Flat - PFR 149],Alex Niggemann - Materium [Poker Flat - PFR 149]
"2014-08-22 - Skream & Luke Solomon, Robert Hood - Skream, BBC Radio 1","https://www.mixesdb.com/w/2014-08-22_-_Skream_&_Luke_Solomon,_Robert_Hood_-_Skream,_BBC_Radio_1",,14,079,Trevino,Mesmerize [Birdie],Trevino - Mesmerize [Birdie]
"2014-08-22 - Skream & Luke Solomon, Robert Hood - Skream, BBC Radio 1","https://www.mixesdb.com/w/2014-08-22_-_Skream_&_Luke_Solomon,_Robert_Hood_-_Skream,_BBC_Radio_1",,15,087,Roman Flaggel,Your War Is Over [Dial - CD 31],Roman Flaggel - Your War Is Over [Dial - CD 31]
"2014-08-22 - Skream & Luke Solomon, Robert Hood - Skream, BBC Radio 1","https://www.mixesdb.com/w/2014-08-22_-_Skream_&_Luke_Solomon,_Robert_Hood_-_Skream,_BBC_Radio_1",,16,092,Robert Hood,Towns That Disappeared Completely [M-Plant],Robert Hood - Towns That Disappeared Completely [M-Plant]
"2014-08-22 - Skream & Luke Solomon, Robert Hood - Skream, BBC Radio 1","https://www.mixesdb.com/w/2014-08-22_-_Skream_&_Luke_Solomon,_Robert_Hood_-_Skream,_BBC_Radio_1",,17,100,Robert Hood,Distro II (Robert Hood's New Device Remix) [Token],Robert Hood - Distro II (Robert Hood's New Device Remix) [Token]
"2014-08-22 - Skream & Luke Solomon, Robert Hood - Skream, BBC Radio 1","https://www.mixesdb.com/w/2014-08-22_-_Skream_&_Luke_Solomon,_Robert_Hood_-_Skream,_BBC_Radio_1",,18,104,Robert Hood,Full Armour [M-Plant],Robert Hood - Full Armour [M-Plant]
"2014-08-22 - Skream & Luke Solomon, Robert Hood - Skream, BBC Radio 1","https://www.mixesdb.com/w/2014-08-22_-_Skream_&_Luke_Solomon,_Robert_Hood_-_Skream,_BBC_Radio_1",,19,107,Ø [Phase],Dirtro II (Robert Hood's New Device Mix) [Token - 37D],Ø [Phase] - Dirtro II (Robert Hood's New Device Mix) [Token - 37D]
"2014-08-22 - Skream & Luke Solomon, Robert Hood - Skream, BBC Radio 1","https://www.mixesdb.com/w/2014-08-22_-_Skream_&_Luke_Solomon,_Robert_Hood_-_Skream,_BBC_Radio_1",,20,113,Robert Hood,Range [M-Plant - M.PM3],Robert Hood - Range [M-Plant - M.PM3]
"2014-08-22 - Skream & Luke Solomon, Robert Hood - Skream, BBC Radio 1","https://www.mixesdb.com/w/2014-08-22_-_Skream_&_Luke_Solomon,_Robert_Hood_-_Skream,_BBC_Radio_1",,21,117,Floorplan,Eclipse [M-Plant],Floorplan - Eclipse [M-Plant]
2020-07-04 - Robert Hood - Boiler Room: Streaming From Isolation,https://www.mixesdb.com/w/2020-07-04_-_Robert_Hood_-_Boiler_Room:_Streaming_From_Isolation,,1,00,,Intro,Intro
2020-07-04 - Robert Hood - Boiler Room: Streaming From Isolation,https://www.mixesdb.com/w/2020-07-04_-_Robert_Hood_-_Boiler_Room:_Streaming_From_Isolation,,2,01,Public Enemy,Show 'Em Whatcha Got (Sample),Public Enemy - Show 'Em Whatcha Got (Sample)
2020-07-04 - Robert Hood - Boiler Room: Streaming From Isolation,https://www.mixesdb.com/w/2020-07-04_-_Robert_Hood_-_Boiler_Room:_Streaming_From_Isolation,,3,03,Petter B,Global Writes [Modularz],Petter B - Global Writes [Modularz]
2020-07-04 - Robert Hood - Boiler Room: Streaming From Isolation,https://www.mixesdb.com/w/2020-07-04_-_Robert_Hood_-_Boiler_Room:_Streaming_From_Isolation,,4,07,Floorplan,Spin [M-Plant],Floorplan - Spin [M-Plant]
2020-07-04 - Robert Hood - Boiler Room: Streaming From Isolation,https://www.mixesdb.com/w/2020-07-04_-_Robert_Hood_-_Boiler_Room:_Streaming_From_Isolation,,5,11,,?,?
2020-07-04 - Robert Hood - Boiler Room: Streaming From Isolation,https://www.mixesdb.com/w/2020-07-04_-_Robert_Hood_-_Boiler_Room:_Streaming_From_Isolation,,6,14,Robert Hood,Low Life [M-Plant],Robert Hood - Low Life [M-Plant]
2020-07-04 - Robert Hood - Boiler Room: Streaming From Isolation,https://www.mixesdb.com/w/2020-07-04_-_Robert_Hood_-_Boiler_Room:_Streaming_From_Isolation,,7,16,Javadeep,Program One & Two (X.A.X.A Rework) [Exo-Planet],Javadeep - Program One & Two (X.A.X.A Rework) [Exo-Planet]
2020-07-04 - Robert Hood - Boiler Room: Streaming From Isolation,https://www.mixesdb.com/w/2020-07-04_-_Robert_Hood_-_Boiler_Room:_Streaming_From_Isolation,,8,18,Clouds,Chained To A Dead Camel [Overlee Assembly],Clouds - Chained To A Dead Camel [Overlee Assembly]
2020-07-04 - Robert Hood - Boiler Room: Streaming From Isolation,https://www.mixesdb.com/w/2020-07-04_-_Robert_Hood_-_Boiler_Room:_Streaming_From_Isolation,,9,22,Will Clarke,Hallelujah [All We Have Is Now],Will Clarke - Hallelujah [All We Have Is Now]
2020-07-04 - Robert Hood - Boiler Room: Streaming From Isolation,https://www.mixesdb.com/w/2020-07-04_-_Robert_Hood_-_Boiler_Room:_Streaming_From_Isolation,,10,25,Floorplan,Save The Children (Detroit Mix) [M-Plant],Floorplan - Save The Children (Detroit Mix) [M-Plant]
2020-07-04 - Robert Hood - Boiler Room: Streaming From Isolation,https://www.mixesdb.com/w/2020-07-04_-_Robert_Hood_-_Boiler_Room:_Streaming_From_Isolation,,11,29,Mark Broom,Myth [EPM],Mark Broom - Myth [EPM]
2020-07-04 - Robert Hood - Boiler Room: Streaming From Isolation,https://www.mixesdb.com/w/2020-07-04_-_Robert_Hood_-_Boiler_Room:_Streaming_From_Isolation,,12,32,Amelie Lens,Hypnotized [Second State],Amelie Lens - Hypnotized [Second State]
2020-07-04 - Robert Hood - Boiler Room: Streaming From Isolation,https://www.mixesdb.com/w/2020-07-04_-_Robert_Hood_-_Boiler_Room:_Streaming_From_Isolation,,13,35,Slam,Remain [Paragraph],Slam - Remain [Paragraph]
2020-07-04 - Robert Hood - Boiler Room: Streaming From Isolation,https://www.mixesdb.com/w/2020-07-04_-_Robert_Hood_-_Boiler_Room:_Streaming_From_Isolation,,14,38,Lyric,Social Distance [M-Plant],Lyric - Social Distance [M-Plant]
2020-07-04 - Robert Hood - Boiler Room: Streaming From Isolation,https://www.mixesdb.com/w/2020-07-04_-_Robert_Hood_-_Boiler_Room:_Streaming_From_Isolation,,15,42,,?,?
2020-07-04 - Robert Hood - Boiler Room: Streaming From Isolation,https://www.mixesdb.com/w/2020-07-04_-_Robert_Hood_-_Boiler_Room:_Streaming_From_Isolation,,16,46,Robert Hood,The Struggle [M-Plant],Robert Hood - The Struggle [M-Plant]
2020-07-04 - Robert Hood - Boiler Room: Streaming From Isolation,https://www.mixesdb.com/w/2020-07-04_-_Robert_Hood_-_Boiler_Room:_Streaming_From_Isolation,,17,51,Robert Hood,7 Mile Dog [Rekids],Robert Hood - 7 Mile Dog [Rekids]
2020-07-04 - Robert Hood - Boiler Room: Streaming From Isolation,https://www.mixesdb.com/w/2020-07-04_-_Robert_Hood_-_Boiler_Room:_Streaming_From_Isolation,,18,54,Floorplan,Never Grow Old (Re-Plant) [M-Plant],Floorplan - Never Grow Old (Re-Plant) [M-Plant]
2020-07-04 - Robert Hood - Boiler Room: Streaming From Isolation,https://www.mixesdb.com/w/2020-07-04_-_Robert_Hood_-_Boiler_Room:_Streaming_From_Isolation,,19,55,Marvin Gaye,What's Going On [Tampla Motown],Marvin Gaye - What's Going On [Tampla Motown]
2020-07-04 - Robert Hood - Boiler Room: Streaming From Isolation,https://www.mixesdb.com/w/2020-07-04_-_Robert_Hood_-_Boiler_Room:_Streaming_From_Isolation,,20,56,T. Withsire,Memory Boy [Tender Hooks],T. Withsire - Memory Boy [Tender Hooks]
"2016-08-07 - Robert Hood @ Dekmantel Festival Day 3, Amsterdam","https://www.mixesdb.com/w/2016-08-07_-_Robert_Hood_@_Dekmantel_Festival_Day_3,_Amsterdam",,1,00,The Sound Of Blackness,The Pressure,The Sound Of Blackness - The Pressure
"2016-08-07 - Robert Hood @ Dekmantel Festival Day 3, Amsterdam","https://www.mixesdb.com/w/2016-08-07_-_Robert_Hood_@_Dekmantel_Festival_Day_3,_Amsterdam",,2,05,Floorplan,Ha Ya [M-Plant - MPM 28],Floorplan - Ha Ya [M-Plant - MPM 28]
"2016-08-07 - Robert Hood @ Dekmantel Festival Day 3, Amsterdam","https://www.mixesdb.com/w/2016-08-07_-_Robert_Hood_@_Dekmantel_Festival_Day_3,_Amsterdam",,3,08,Floorplan,Never Grow Old (Mark Broom Dubplate Mix),Floorplan - Never Grow Old (Mark Broom Dubplate Mix)
"2016-08-07 - Robert Hood @ Dekmantel Festival Day 3, Amsterdam","https://www.mixesdb.com/w/2016-08-07_-_Robert_Hood_@_Dekmantel_Festival_Day_3,_Amsterdam",,4,11,Floorplan,They Can Tell [M-Plant - MPM 28],Floorplan - They Can Tell [M-Plant - MPM 28]
"2016-08-07 - Robert Hood @ Dekmantel Festival Day 3, Amsterdam","https://www.mixesdb.com/w/2016-08-07_-_Robert_Hood_@_Dekmantel_Festival_Day_3,_Amsterdam",,5,13,Robert Hood,Master Jack [Dekmantel - DKMNTL 038],Robert Hood - Master Jack [Dekmantel - DKMNTL 038]
"2016-08-07 - Robert Hood @ Dekmantel Festival Day 3, Amsterdam","https://www.mixesdb.com/w/2016-08-07_-_Robert_Hood_@_Dekmantel_Festival_Day_3,_Amsterdam",,6,17,Reese,Bassline (Ben Sims 25th Anniversary Edit) [KMS - 111],Reese - Bassline (Ben Sims 25th Anniversary Edit) [KMS - 111]
"2016-08-07 - Robert Hood @ Dekmantel Festival Day 3, Amsterdam","https://www.mixesdb.com/w/2016-08-07_-_Robert_Hood_@_Dekmantel_Festival_Day_3,_Amsterdam",,7,21,Gary Beck,Barefoot Sunday (Floorplan Remix) [Bek - 027],Gary Beck - Barefoot Sunday (Floorplan Remix) [Bek - 027]
"2016-08-07 - Robert Hood @ Dekmantel Festival Day 3, Amsterdam","https://www.mixesdb.com/w/2016-08-07_-_Robert_Hood_@_Dekmantel_Festival_Day_3,_Amsterdam",,8,25,,?,?
"2016-08-07 - Robert Hood @ Dekmantel Festival Day 3, Amsterdam","https://www.mixesdb.com/w/2016-08-07_-_Robert_Hood_@_Dekmantel_Festival_Day_3,_Amsterdam",,9,28,Floorplan,Let The Church,Floorplan - Let The Church
"2016-08-07 - Robert Hood @ Dekmantel Festival Day 3, Amsterdam","https://www.mixesdb.com/w/2016-08-07_-_Robert_Hood_@_Dekmantel_Festival_Day_3,_Amsterdam",,10,32,Joey Negro,Feel It (Alex Kenji Remix) [Z - EDDDIGICD 030],Joey Negro - Feel It (Alex Kenji Remix) [Z - EDDDIGICD 030]
"2016-08-07 - Robert Hood @ Dekmantel Festival Day 3, Amsterdam","https://www.mixesdb.com/w/2016-08-07_-_Robert_Hood_@_Dekmantel_Festival_Day_3,_Amsterdam",,11,36,Gary Beck,Get Down [Toolroom - TOOL 114/01Z],Gary Beck - Get Down [Toolroom - TOOL 114/01Z]
"2016-08-07 - Robert Hood @ Dekmantel Festival Day 3, Amsterdam","https://www.mixesdb.com/w/2016-08-07_-_Robert_Hood_@_Dekmantel_Festival_Day_3,_Amsterdam",,12,40,Floorplan,Sun In The Sky [M-Plant - MPM 28],Floorplan - Sun In The Sky [M-Plant - MPM 28]
"2016-08-07 - Robert Hood @ Dekmantel Festival Day 3, Amsterdam","https://www.mixesdb.com/w/2016-08-07_-_Robert_Hood_@_Dekmantel_Festival_Day_3,_Amsterdam",,13,43,Donna Summer,I Feel Love (Glenn Underground Remix),Donna Summer - I Feel Love (Glenn Underground Remix)
"2016-08-07 - Robert Hood @ Dekmantel Festival Day 3, Amsterdam","https://www.mixesdb.com/w/2016-08-07_-_Robert_Hood_@_Dekmantel_Festival_Day_3,_Amsterdam",,14,48,Robert Hood,We Magnify His Name [M-Plant - M PM 25],Robert Hood - We Magnify His Name [M-Plant - M PM 25]
"2016-08-07 - Robert Hood @ Dekmantel Festival Day 3, Amsterdam","https://www.mixesdb.com/w/2016-08-07_-_Robert_Hood_@_Dekmantel_Festival_Day_3,_Amsterdam",,15,54,Frankie Knuckles & Directors Cut & B Slade,Get Over U (Gifted Souls Remix) [Nocturnal Groove Digital - NCTGD 082],Frankie Knuckles & Directors Cut & B Slade - Get Over U (Gifted Souls Remix) [Nocturnal Groove Digital - NCTGD 082]
"2016-08-07 - Robert Hood @ Dekmantel Festival Day 3, Amsterdam","https://www.mixesdb.com/w/2016-08-07_-_Robert_Hood_@_Dekmantel_Festival_Day_3,_Amsterdam",,16,59,Clouds,Chained To A Dead Camel [Overlee Assembly - OA 002],Clouds - Chained To A Dead Camel [Overlee Assembly - OA 002]
"2016-08-07 - Robert Hood @ Dekmantel Festival Day 3, Amsterdam","https://www.mixesdb.com/w/2016-08-07_-_Robert_Hood_@_Dekmantel_Festival_Day_3,_Amsterdam",,17,62,Floorplan,Spin [M-Plant - MPM 28],Floorplan - Spin [M-Plant - MPM 28]
"2016-08-07 - Robert Hood @ Dekmantel Festival Day 3, Amsterdam","https://www.mixesdb.com/w/2016-08-07_-_Robert_Hood_@_Dekmantel_Festival_Day_3,_Amsterdam",,18,66,Robert Hood,Form [Dekmantel - DKMNTL 031],Robert Hood - Form [Dekmantel - DKMNTL 031]
"2016-08-07 - Robert Hood @ Dekmantel Festival Day 3, Amsterdam","https://www.mixesdb.com/w/2016-08-07_-_Robert_Hood_@_Dekmantel_Festival_Day_3,_Amsterdam",,19,69,Spencer Parker,Spirit Talkin (Workmix),Spencer Parker - Spirit Talkin (Workmix)
"2016-08-07 - Robert Hood @ Dekmantel Festival Day 3, Amsterdam","https://www.mixesdb.com/w/2016-08-07_-_Robert_Hood_@_Dekmantel_Festival_Day_3,_Amsterdam",,20,72,Floorplan,"Baby, Baby [M-Plant - MPM 16]","Floorplan - Baby, Baby [M-Plant - MPM 16]"
"2016-08-07 - Robert Hood @ Dekmantel Festival Day 3, Amsterdam","https://www.mixesdb.com/w/2016-08-07_-_Robert_Hood_@_Dekmantel_Festival_Day_3,_Amsterdam",,21,76,Ben Sims,The Terrors,Ben Sims - The Terrors
"2016-08-07 - Robert Hood @ Dekmantel Festival Day 3, Amsterdam","https://www.mixesdb.com/w/2016-08-07_-_Robert_Hood_@_Dekmantel_Festival_Day_3,_Amsterdam",,22,80,Gary Beck,Rascal [Bek - 015],Gary Beck - Rascal [Bek - 015]
"2016-08-07 - Robert Hood @ Dekmantel Festival Day 3, Amsterdam","https://www.mixesdb.com/w/2016-08-07_-_Robert_Hood_@_Dekmantel_Festival_Day_3,_Amsterdam",,23,83,Floorplan,Let The Church,Floorplan - Let The Church
"2016-08-07 - Robert Hood @ Dekmantel Festival Day 3, Amsterdam","https://www.mixesdb.com/w/2016-08-07_-_Robert_Hood_@_Dekmantel_Festival_Day_3,_Amsterdam",,24,85,Gary Beck,Before The Crash,Gary Beck - Before The Crash
"2018-07-07 - Robert Hood @ FuturFestival, Turin","https://www.mixesdb.com/w/2018-07-07_-_Robert_Hood_@_FuturFestival,_Turin",,1,000,,?,?
"2018-07-07 - Robert Hood @ FuturFestival, Turin","https://www.mixesdb.com/w/2018-07-07_-_Robert_Hood_@_FuturFestival,_Turin",,2,003,Mr. G,You In Or You Out? (Ben Sims Jacker Edit) [Phoenix G - PG 054B],Mr. G - You In Or You Out? (Ben Sims Jacker Edit) [Phoenix G - PG 054B]
"2018-07-07 - Robert Hood @ FuturFestival, Turin","https://www.mixesdb.com/w/2018-07-07_-_Robert_Hood_@_FuturFestival,_Turin",,3,008,,?,?
"2018-07-07 - Robert Hood @ FuturFestival, Turin","https://www.mixesdb.com/w/2018-07-07_-_Robert_Hood_@_FuturFestival,_Turin",,4,012,Kirk Degiorgio & Ben Sims,Metal Works [Machine - M 01],Kirk Degiorgio & Ben Sims - Metal Works [Machine - M 01]
"2018-07-07 - Robert Hood @ FuturFestival, Turin","https://www.mixesdb.com/w/2018-07-07_-_Robert_Hood_@_FuturFestival,_Turin",,5,015,Mark Broom,Myth [EPM - 53],Mark Broom - Myth [EPM - 53]
"2018-07-07 - Robert Hood @ FuturFestival, Turin","https://www.mixesdb.com/w/2018-07-07_-_Robert_Hood_@_FuturFestival,_Turin",,6,017,Gary Beck,Get Down [Toolroom - TOOL 114/01Z],Gary Beck - Get Down [Toolroom - TOOL 114/01Z]
"2018-07-07 - Robert Hood @ FuturFestival, Turin","https://www.mixesdb.com/w/2018-07-07_-_Robert_Hood_@_FuturFestival,_Turin",,7,022,Floorplan,Sun In The Sky [M-Plant - MPM 28],Floorplan - Sun In The Sky [M-Plant - MPM 28]
"2018-07-07 - Robert Hood @ FuturFestival, Turin","https://www.mixesdb.com/w/2018-07-07_-_Robert_Hood_@_FuturFestival,_Turin",,8,026,Marcel Fengler,Thwack [Mote Evolver - MOTE 017D],Marcel Fengler - Thwack [Mote Evolver - MOTE 017D]
"2018-07-07 - Robert Hood @ FuturFestival, Turin","https://www.mixesdb.com/w/2018-07-07_-_Robert_Hood_@_FuturFestival,_Turin",,9,029,Mark Broom,M19 [Beard Man - BMD 011],Mark Broom - M19 [Beard Man - BMD 011]
"2018-07-07 - Robert Hood @ FuturFestival, Turin","https://www.mixesdb.com/w/2018-07-07_-_Robert_Hood_@_FuturFestival,_Turin",,10,032,,?,?
"2018-07-07 - Robert Hood @ FuturFestival, Turin","https://www.mixesdb.com/w/2018-07-07_-_Robert_Hood_@_FuturFestival,_Turin",,11,035,Gary Beck,What You Want [Suara - 091],Gary Beck - What You Want [Suara - 091]
"2018-07-07 - Robert Hood @ FuturFestival, Turin","https://www.mixesdb.com/w/2018-07-07_-_Robert_Hood_@_FuturFestival,_Turin",,12,039,,?,?
"2018-07-07 - Robert Hood @ FuturFestival, Turin","https://www.mixesdb.com/w/2018-07-07_-_Robert_Hood_@_FuturFestival,_Turin",,13,042,Mark Reeve,Dice [Soma - DA 103],Mark Reeve - Dice [Soma - DA 103]
"2018-07-07 - Robert Hood @ FuturFestival, Turin","https://www.mixesdb.com/w/2018-07-07_-_Robert_Hood_@_FuturFestival,_Turin",,14,047,Robert Hood,Low Life [M-Plant - MPM 30],Robert Hood - Low Life [M-Plant - MPM 30]
"2018-07-07 - Robert Hood @ FuturFestival, Turin","https://www.mixesdb.com/w/2018-07-07_-_Robert_Hood_@_FuturFestival,_Turin",,15,051,Adrian Hour,Lost In Groove [Toolroom - TOOL 341TRS],Adrian Hour - Lost In Groove [Toolroom - TOOL 341TRS]
"2018-07-07 - Robert Hood @ FuturFestival, Turin","https://www.mixesdb.com/w/2018-07-07_-_Robert_Hood_@_FuturFestival,_Turin",,16,054,Joey Negro,Feel It (Alex Kenji Remix),Joey Negro - Feel It (Alex Kenji Remix)
"2018-07-07 - Robert Hood @ FuturFestival, Turin","https://www.mixesdb.com/w/2018-07-07_-_Robert_Hood_@_FuturFestival,_Turin",,17,057,Gary Beck & Debra Debs,Get Together [Bek - 020],Gary Beck & Debra Debs - Get Together [Bek - 020]
"2018-07-07 - Robert Hood @ FuturFestival, Turin","https://www.mixesdb.com/w/2018-07-07_-_Robert_Hood_@_FuturFestival,_Turin",,18,061,Lil' Louis,French Kiss (Mark Broom Edit),Lil' Louis - French Kiss (Mark Broom Edit)
"2018-07-07 - Robert Hood @ FuturFestival, Turin","https://www.mixesdb.com/w/2018-07-07_-_Robert_Hood_@_FuturFestival,_Turin",,19,066,Landside,Signs Of Change (Robert Hood Remix) [Just This - 012D],Landside - Signs Of Change (Robert Hood Remix) [Just This - 012D]
"2018-07-07 - Robert Hood @ FuturFestival, Turin","https://www.mixesdb.com/w/2018-07-07_-_Robert_Hood_@_FuturFestival,_Turin",,20,070,Frankie Knuckles & Directors Cut & B Slade,Get Over U (Gifted Souls Remix) [Nocturnal Groove Digital - NCTGD 082],Frankie Knuckles & Directors Cut & B Slade - Get Over U (Gifted Souls Remix) [Nocturnal Groove Digital - NCTGD 082]
"2018-07-07 - Robert Hood @ FuturFestival, Turin","https://www.mixesdb.com/w/2018-07-07_-_Robert_Hood_@_FuturFestival,_Turin",,21,075,,?,?
"2018-07-07 - Robert Hood @ FuturFestival, Turin","https://www.mixesdb.com/w/2018-07-07_-_Robert_Hood_@_FuturFestival,_Turin",,22,080,Ben Long & Tom Hades,Night Riders [Driving Forces],Ben Long & Tom Hades - Night Riders [Driving Forces]
"2018-07-07 - Robert Hood @ FuturFestival, Turin","https://www.mixesdb.com/w/2018-07-07_-_Robert_Hood_@_FuturFestival,_Turin",,23,084,Hans Bouffmyhre & Kyle Geiger,Inwards [Bek - 022],Hans Bouffmyhre & Kyle Geiger - Inwards [Bek - 022]
"2018-07-07 - Robert Hood @ FuturFestival, Turin","https://www.mixesdb.com/w/2018-07-07_-_Robert_Hood_@_FuturFestival,_Turin",,24,087,Clouds,Chained To A Dead Camel [Overlee Assembly - OA 002],Clouds - Chained To A Dead Camel [Overlee Assembly - OA 002]
"2018-07-07 - Robert Hood @ FuturFestival, Turin","https://www.mixesdb.com/w/2018-07-07_-_Robert_Hood_@_FuturFestival,_Turin",,25,091,Slam,Remain [Paragraph - PARA 019],Slam - Remain [Paragraph - PARA 019]
"2018-07-07 - Robert Hood @ FuturFestival, Turin","https://www.mixesdb.com/w/2018-07-07_-_Robert_Hood_@_FuturFestival,_Turin",,26,096,Recondite,Cleric [Dystopian - 003],Recondite - Cleric [Dystopian - 003]
"2018-07-07 - Robert Hood @ FuturFestival, Turin","https://www.mixesdb.com/w/2018-07-07_-_Robert_Hood_@_FuturFestival,_Turin",,27,103,Gary Beck,Before The Crash [Soma - DA 100],Gary Beck - Before The Crash [Soma - DA 100]
"2018-07-07 - Robert Hood @ FuturFestival, Turin","https://www.mixesdb.com/w/2018-07-07_-_Robert_Hood_@_FuturFestival,_Turin",,28,108,Adrian Hour,Make You Feel Good [Toolroom - TOOL 362/01Z],Adrian Hour - Make You Feel Good [Toolroom - TOOL 362/01Z]
"2018-07-07 - Robert Hood @ FuturFestival, Turin","https://www.mixesdb.com/w/2018-07-07_-_Robert_Hood_@_FuturFestival,_Turin",,29,112,Floorplan,Never Grow Old [M-Plant - M.PM 20],Floorplan - Never Grow Old [M-Plant - M.PM 20]
"2018-07-07 - Robert Hood @ FuturFestival, Turin","https://www.mixesdb.com/w/2018-07-07_-_Robert_Hood_@_FuturFestival,_Turin",,30,116,,?,?
"2026-06-06 - Robert Hood @ The Crave Festival, Den Haag","https://www.mixesdb.com/w/2026-06-06_-_Robert_Hood_@_The_Crave_Festival,_Den_Haag",,1,000,,?,?
"2026-06-06 - Robert Hood @ The Crave Festival, Den Haag","https://www.mixesdb.com/w/2026-06-06_-_Robert_Hood_@_The_Crave_Festival,_Den_Haag",,2,004,Regent,Ephemera [Mutual Rytm],Regent - Ephemera [Mutual Rytm]
"2026-06-06 - Robert Hood @ The Crave Festival, Den Haag","https://www.mixesdb.com/w/2026-06-06_-_Robert_Hood_@_The_Crave_Festival,_Den_Haag",,3,007,Ramon Tapia,Circular [Tronic],Ramon Tapia - Circular [Tronic]
"2026-06-06 - Robert Hood @ The Crave Festival, Den Haag","https://www.mixesdb.com/w/2026-06-06_-_Robert_Hood_@_The_Crave_Festival,_Den_Haag",,4,010,Benales,Flood [Mitsubasa],Benales - Flood [Mitsubasa]
"2026-06-06 - Robert Hood @ The Crave Festival, Den Haag","https://www.mixesdb.com/w/2026-06-06_-_Robert_Hood_@_The_Crave_Festival,_Den_Haag",,5,012,Sera J,Similar Minds [Mutual Rytm],Sera J - Similar Minds [Mutual Rytm]
"2026-06-06 - Robert Hood @ The Crave Festival, Den Haag","https://www.mixesdb.com/w/2026-06-06_-_Robert_Hood_@_The_Crave_Festival,_Den_Haag",,6,014,Phil Berg,Iso [SK_Eleven],Phil Berg - Iso [SK_Eleven]
"2026-06-06 - Robert Hood @ The Crave Festival, Den Haag","https://www.mixesdb.com/w/2026-06-06_-_Robert_Hood_@_The_Crave_Festival,_Den_Haag",,7,019,Chris Liebing,Higher Things (FJAAK Remix) [CLR],Chris Liebing - Higher Things (FJAAK Remix) [CLR]
"2026-06-06 - Robert Hood @ The Crave Festival, Den Haag","https://www.mixesdb.com/w/2026-06-06_-_Robert_Hood_@_The_Crave_Festival,_Den_Haag",,8,023,Disguised,Crusher Wheels [Mutual Rytm],Disguised - Crusher Wheels [Mutual Rytm]
"2026-06-06 - Robert Hood @ The Crave Festival, Den Haag","https://www.mixesdb.com/w/2026-06-06_-_Robert_Hood_@_The_Crave_Festival,_Den_Haag",,9,026,X CLUB.,Native Wit,X CLUB. - Native Wit
"2026-06-06 - Robert Hood @ The Crave Festival, Den Haag","https://www.mixesdb.com/w/2026-06-06_-_Robert_Hood_@_The_Crave_Festival,_Den_Haag",,10,028,Floorplan,Save The Children (Detroit Mix) [M-Plant],Floorplan - Save The Children (Detroit Mix) [M-Plant]
"2026-06-06 - Robert Hood @ The Crave Festival, Den Haag","https://www.mixesdb.com/w/2026-06-06_-_Robert_Hood_@_The_Crave_Festival,_Den_Haag",,11,032,Will Clarke,WHAT?! [Black Book],Will Clarke - WHAT?! [Black Book]
"2026-06-06 - Robert Hood @ The Crave Festival, Den Haag","https://www.mixesdb.com/w/2026-06-06_-_Robert_Hood_@_The_Crave_Festival,_Den_Haag",,12,034,Gary Beck,Fold,Gary Beck - Fold
"2026-06-06 - Robert Hood @ The Crave Festival, Den Haag","https://www.mixesdb.com/w/2026-06-06_-_Robert_Hood_@_The_Crave_Festival,_Den_Haag",,13,037,Robert Hood,Insurrection [M-Plant],Robert Hood - Insurrection [M-Plant]
"2026-06-06 - Robert Hood @ The Crave Festival, Den Haag","https://www.mixesdb.com/w/2026-06-06_-_Robert_Hood_@_The_Crave_Festival,_Den_Haag",,14,040,,?,?
"2026-06-06 - Robert Hood @ The Crave Festival, Den Haag","https://www.mixesdb.com/w/2026-06-06_-_Robert_Hood_@_The_Crave_Festival,_Den_Haag",,15,043,,?,?
"2026-06-06 - Robert Hood @ The Crave Festival, Den Haag","https://www.mixesdb.com/w/2026-06-06_-_Robert_Hood_@_The_Crave_Festival,_Den_Haag",,16,046,THE DEVIANTT,Time Machine [Sungate],THE DEVIANTT - Time Machine [Sungate]
"2026-06-06 - Robert Hood @ The Crave Festival, Den Haag","https://www.mixesdb.com/w/2026-06-06_-_Robert_Hood_@_The_Crave_Festival,_Den_Haag",,17,050,Simone Zino,Volcano [JAM],Simone Zino - Volcano [JAM]
"2026-06-06 - Robert Hood @ The Crave Festival, Den Haag","https://www.mixesdb.com/w/2026-06-06_-_Robert_Hood_@_The_Crave_Festival,_Den_Haag",,18,054,DJ Dextro,Nada [CLR],DJ Dextro - Nada [CLR]
"2026-06-06 - Robert Hood @ The Crave Festival, Den Haag","https://www.mixesdb.com/w/2026-06-06_-_Robert_Hood_@_The_Crave_Festival,_Den_Haag",,19,057,,?,?
"2026-06-06 - Robert Hood @ The Crave Festival, Den Haag","https://www.mixesdb.com/w/2026-06-06_-_Robert_Hood_@_The_Crave_Festival,_Den_Haag",,20,062,Roberto Capuano,Free [Analytic Trail],Roberto Capuano - Free [Analytic Trail]
"2026-06-06 - Robert Hood @ The Crave Festival, Den Haag","https://www.mixesdb.com/w/2026-06-06_-_Robert_Hood_@_The_Crave_Festival,_Den_Haag",,21,066,DJ Dextro,Humana,DJ Dextro - Humana
"2026-06-06 - Robert Hood @ The Crave Festival, Den Haag","https://www.mixesdb.com/w/2026-06-06_-_Robert_Hood_@_The_Crave_Festival,_Den_Haag",,22,071,Border One,Reducing Valve [Fuse Imprint],Border One - Reducing Valve [Fuse Imprint]
"2026-06-06 - Robert Hood @ The Crave Festival, Den Haag","https://www.mixesdb.com/w/2026-06-06_-_Robert_Hood_@_The_Crave_Festival,_Den_Haag",,23,076,Patti LaBelle,The Spirit's In It [Philadelphia International Records/Epic/Legacy],Patti LaBelle - The Spirit's In It [Philadelphia International Records/Epic/Legacy]
"2026-06-06 - Robert Hood @ The Crave Festival, Den Haag","https://www.mixesdb.com/w/2026-06-06_-_Robert_Hood_@_The_Crave_Festival,_Den_Haag",,24,082,Slam & Gary Beck,Pressure Lights [Soma],Slam & Gary Beck - Pressure Lights [Soma]
"2026-06-06 - Robert Hood @ The Crave Festival, Den Haag","https://www.mixesdb.com/w/2026-06-06_-_Robert_Hood_@_The_Crave_Festival,_Den_Haag",,25,086,Floorplan,Eternal Life [M-Plant],Floorplan - Eternal Life [M-Plant]
"2026-06-06 - Robert Hood @ The Crave Festival, Den Haag","https://www.mixesdb.com/w/2026-06-06_-_Robert_Hood_@_The_Crave_Festival,_Den_Haag",,26,091,KUSP,Freedom Of Fear [Rekids],KUSP - Freedom Of Fear [Rekids]
"2026-06-06 - Robert Hood @ The Crave Festival, Den Haag","https://www.mixesdb.com/w/2026-06-06_-_Robert_Hood_@_The_Crave_Festival,_Den_Haag",,27,094,Harvey McKay,Hook Up [Hardgroove],Harvey McKay - Hook Up [Hardgroove]
"2026-06-06 - Robert Hood @ The Crave Festival, Den Haag","https://www.mixesdb.com/w/2026-06-06_-_Robert_Hood_@_The_Crave_Festival,_Den_Haag",,28,098,R.M.K,Kokane [Fossil Archive],R.M.K - Kokane [Fossil Archive]
"2026-06-06 - Robert Hood @ The Crave Festival, Den Haag","https://www.mixesdb.com/w/2026-06-06_-_Robert_Hood_@_The_Crave_Festival,_Den_Haag",,29,100,Len Faki & Jancen,Morgana [Figure],Len Faki & Jancen - Morgana [Figure]
"2026-06-06 - Robert Hood @ The Crave Festival, Den Haag","https://www.mixesdb.com/w/2026-06-06_-_Robert_Hood_@_The_Crave_Festival,_Den_Haag",,30,103,Jey Di,Granular [U.F.O.],Jey Di - Granular [U.F.O.]
"2026-06-06 - Robert Hood @ The Crave Festival, Den Haag","https://www.mixesdb.com/w/2026-06-06_-_Robert_Hood_@_The_Crave_Festival,_Den_Haag",,31,107,Truncate,First Phase (Planetary Assault Systems Remix),Truncate - First Phase (Planetary Assault Systems Remix)
"2026-06-06 - Robert Hood @ The Crave Festival, Den Haag","https://www.mixesdb.com/w/2026-06-06_-_Robert_Hood_@_The_Crave_Festival,_Den_Haag",,32,112,Axel Karakasis,Clutter,Axel Karakasis - Clutter
"2026-06-06 - Robert Hood @ The Crave Festival, Den Haag","https://www.mixesdb.com/w/2026-06-06_-_Robert_Hood_@_The_Crave_Festival,_Den_Haag",,33,113,Reign,Oblivion [Edit Select],Reign - Oblivion [Edit Select]
"2026-06-06 - Robert Hood @ The Crave Festival, Den Haag","https://www.mixesdb.com/w/2026-06-06_-_Robert_Hood_@_The_Crave_Festival,_Den_Haag",,34,116,Robert Hood,Art Form [M-Plant],Robert Hood - Art Form [M-Plant]
"2018-02-09 - Robert Hood, CFCF - Solid Steel","https://www.mixesdb.com/w/2018-02-09_-_Robert_Hood,_CFCF_-_Solid_Steel",Robert Hood,1,00,Robert Hood,The Bond We Formed [Soma - DA 999],Robert Hood - The Bond We Formed [Soma - DA 999]
"2018-02-09 - Robert Hood, CFCF - Solid Steel","https://www.mixesdb.com/w/2018-02-09_-_Robert_Hood,_CFCF_-_Solid_Steel",Robert Hood,2,05,Mark Broom,M19 [Beard Man - BMD 011],Mark Broom - M19 [Beard Man - BMD 011]
"2018-02-09 - Robert Hood, CFCF - Solid Steel","https://www.mixesdb.com/w/2018-02-09_-_Robert_Hood,_CFCF_-_Solid_Steel",Robert Hood,3,09,Robert Hood,Master Jack [Dekmantel - DKMNTL 2016],Robert Hood - Master Jack [Dekmantel - DKMNTL 2016]
"2018-02-09 - Robert Hood, CFCF - Solid Steel","https://www.mixesdb.com/w/2018-02-09_-_Robert_Hood,_CFCF_-_Solid_Steel",Robert Hood,4,12,Mr. G,You In Or You Out? (Ben Sims Jacker Edit) [Phoenix G - PG 054B],Mr. G - You In Or You Out? (Ben Sims Jacker Edit) [Phoenix G - PG 054B]
"2018-02-09 - Robert Hood, CFCF - Solid Steel","https://www.mixesdb.com/w/2018-02-09_-_Robert_Hood,_CFCF_-_Solid_Steel",Robert Hood,5,14,Troulley Route,Neutron [Chaval - CR 004],Troulley Route - Neutron [Chaval - CR 004]
"2018-02-09 - Robert Hood, CFCF - Solid Steel","https://www.mixesdb.com/w/2018-02-09_-_Robert_Hood,_CFCF_-_Solid_Steel",Robert Hood,6,17,Mark Broom,Myth [EPM - 53],Mark Broom - Myth [EPM - 53]
"2018-02-09 - Robert Hood, CFCF - Solid Steel","https://www.mixesdb.com/w/2018-02-09_-_Robert_Hood,_CFCF_-_Solid_Steel",Robert Hood,7,20,MATRiXXMAN,Protocol [Fifth Wall - 5WALL 005],MATRiXXMAN - Protocol [Fifth Wall - 5WALL 005]
"2018-02-09 - Robert Hood, CFCF - Solid Steel","https://www.mixesdb.com/w/2018-02-09_-_Robert_Hood,_CFCF_-_Solid_Steel",Robert Hood,8,22,Floorplan,Spin [M-Plant - MPM 28],Floorplan - Spin [M-Plant - MPM 28]
"2018-02-09 - Robert Hood, CFCF - Solid Steel","https://www.mixesdb.com/w/2018-02-09_-_Robert_Hood,_CFCF_-_Solid_Steel",Robert Hood,9,28,Ben Sims Pres. Ron Bacardi,Need Somebody,Ben Sims Pres. Ron Bacardi - Need Somebody
"2018-02-09 - Robert Hood, CFCF - Solid Steel","https://www.mixesdb.com/w/2018-02-09_-_Robert_Hood,_CFCF_-_Solid_Steel",Robert Hood,10,30,Ben Long & Tom Hades,Night Riders [Driving Forces],Ben Long & Tom Hades - Night Riders [Driving Forces]
"2018-02-09 - Robert Hood, CFCF - Solid Steel","https://www.mixesdb.com/w/2018-02-09_-_Robert_Hood,_CFCF_-_Solid_Steel",Robert Hood,11,33,Gary Beck,Before The Crash [Soma - 344D],Gary Beck - Before The Crash [Soma - 344D]
"2018-02-09 - Robert Hood, CFCF - Solid Steel","https://www.mixesdb.com/w/2018-02-09_-_Robert_Hood,_CFCF_-_Solid_Steel",Robert Hood,12,36,,?,?
"2018-02-09 - Robert Hood, CFCF - Solid Steel","https://www.mixesdb.com/w/2018-02-09_-_Robert_Hood,_CFCF_-_Solid_Steel",Robert Hood,13,38,,?,?
"2018-02-09 - Robert Hood, CFCF - Solid Steel","https://www.mixesdb.com/w/2018-02-09_-_Robert_Hood,_CFCF_-_Solid_Steel",Robert Hood,14,41,Donna Summer,I Feel Love (Glenn Underground Remix),Donna Summer - I Feel Love (Glenn Underground Remix)
"2018-02-09 - Robert Hood, CFCF - Solid Steel","https://www.mixesdb.com/w/2018-02-09_-_Robert_Hood,_CFCF_-_Solid_Steel",Robert Hood,15,43,Marcel Fengler,Thwack [Mote Evolver - MOTE 017D],Marcel Fengler - Thwack [Mote Evolver - MOTE 017D]
"2018-02-09 - Robert Hood, CFCF - Solid Steel","https://www.mixesdb.com/w/2018-02-09_-_Robert_Hood,_CFCF_-_Solid_Steel",Robert Hood,16,46,Alden Tyrell,Wurk It [Music Man - MMCD 041D],Alden Tyrell - Wurk It [Music Man - MMCD 041D]
"2018-02-09 - Robert Hood, CFCF - Solid Steel","https://www.mixesdb.com/w/2018-02-09_-_Robert_Hood,_CFCF_-_Solid_Steel",Robert Hood,17,49,Steve Poindexter,Computer Madness [Music Monday - MMCD 004D],Steve Poindexter - Computer Madness [Music Monday - MMCD 004D]
"2018-02-09 - Robert Hood, CFCF - Solid Steel","https://www.mixesdb.com/w/2018-02-09_-_Robert_Hood,_CFCF_-_Solid_Steel",Robert Hood,18,50,Radio Slave,Feel The Same (Floorplan Remix 2) [Rekids - 107],Radio Slave - Feel The Same (Floorplan Remix 2) [Rekids - 107]
"2018-02-09 - Robert Hood, CFCF - Solid Steel","https://www.mixesdb.com/w/2018-02-09_-_Robert_Hood,_CFCF_-_Solid_Steel",Robert Hood,19,54,Esteban Adame,Paper People (Robert Hood Remix) [Rogue Society - RS 003X],Esteban Adame - Paper People (Robert Hood Remix) [Rogue Society - RS 003X]
"2018-02-09 - Robert Hood, CFCF - Solid Steel","https://www.mixesdb.com/w/2018-02-09_-_Robert_Hood,_CFCF_-_Solid_Steel",Robert Hood,20,58,,?,?
"2018-02-09 - Robert Hood, CFCF - Solid Steel","https://www.mixesdb.com/w/2018-02-09_-_Robert_Hood,_CFCF_-_Solid_Steel",Robert Hood,21,61,,?,?
"2018-02-09 - Robert Hood, CFCF - Solid Steel","https://www.mixesdb.com/w/2018-02-09_-_Robert_Hood,_CFCF_-_Solid_Steel",Robert Hood,22,63,Clouds,Chained To A Dead Camel [Overlee Assembly - OA 002],Clouds - Chained To A Dead Camel [Overlee Assembly - OA 002]
"2018-02-09 - Robert Hood, CFCF - Solid Steel","https://www.mixesdb.com/w/2018-02-09_-_Robert_Hood,_CFCF_-_Solid_Steel",Robert Hood,23,67,Paul Mac,Grind Returns (Ritzi Lee Remix),Paul Mac - Grind Returns (Ritzi Lee Remix)
"2018-02-09 - Robert Hood, CFCF - Solid Steel","https://www.mixesdb.com/w/2018-02-09_-_Robert_Hood,_CFCF_-_Solid_Steel",Robert Hood,24,70,Joey Negro,Feel It (Alex Kenji Remix),Joey Negro - Feel It (Alex Kenji Remix)
"2018-02-09 - Robert Hood, CFCF - Solid Steel","https://www.mixesdb.com/w/2018-02-09_-_Robert_Hood,_CFCF_-_Solid_Steel",Robert Hood,25,73,Gary Beck & Debra Debs,Get Together [Bek - 020],Gary Beck & Debra Debs - Get Together [Bek - 020]
"2018-02-09 - Robert Hood, CFCF - Solid Steel","https://www.mixesdb.com/w/2018-02-09_-_Robert_Hood,_CFCF_-_Solid_Steel",Robert Hood,26,77,Carl Taylor,Debbie's Groove (Robert Hood Remix) [EPM - 36],Carl Taylor - Debbie's Groove (Robert Hood Remix) [EPM - 36]
"2018-02-09 - Robert Hood, CFCF - Solid Steel","https://www.mixesdb.com/w/2018-02-09_-_Robert_Hood,_CFCF_-_Solid_Steel",CFCF,1,00,CFCF,Self Service '99 Intro,CFCF - Self Service '99 Intro
"2018-02-09 - Robert Hood, CFCF - Solid Steel","https://www.mixesdb.com/w/2018-02-09_-_Robert_Hood,_CFCF_-_Solid_Steel",CFCF,2,0?,Dan Curtin,Incubate [Raygun],Dan Curtin - Incubate [Raygun]
"2018-02-09 - Robert Hood, CFCF - Solid Steel","https://www.mixesdb.com/w/2018-02-09_-_Robert_Hood,_CFCF_-_Solid_Steel",CFCF,3,06,Motorbass,Bad Vibes (D.Mix) [EMI],Motorbass - Bad Vibes (D.Mix) [EMI]
"2018-02-09 - Robert Hood, CFCF - Solid Steel","https://www.mixesdb.com/w/2018-02-09_-_Robert_Hood,_CFCF_-_Solid_Steel",CFCF,4,??,Susumu Yokota,Rainbow Flag [Play],Susumu Yokota - Rainbow Flag [Play]
"2018-02-09 - Robert Hood, CFCF - Solid Steel","https://www.mixesdb.com/w/2018-02-09_-_Robert_Hood,_CFCF_-_Solid_Steel",CFCF,5,??,Lim Giong,A Chat [Milan],Lim Giong - A Chat [Milan]
"2018-02-09 - Robert Hood, CFCF - Solid Steel","https://www.mixesdb.com/w/2018-02-09_-_Robert_Hood,_CFCF_-_Solid_Steel",CFCF,6,14,DJ Spider & Franklin De Costa,F Planet [Berceuse Heroique - BH 42],DJ Spider & Franklin De Costa - F Planet [Berceuse Heroique - BH 42]
"2018-02-09 - Robert Hood, CFCF - Solid Steel","https://www.mixesdb.com/w/2018-02-09_-_Robert_Hood,_CFCF_-_Solid_Steel",CFCF,7,17,z2,Black Finished Chrome [Hooj Choons - HOOJ 114],z2 - Black Finished Chrome [Hooj Choons - HOOJ 114]
"2018-02-09 - Robert Hood, CFCF - Solid Steel","https://www.mixesdb.com/w/2018-02-09_-_Robert_Hood,_CFCF_-_Solid_Steel",CFCF,8,21,Nitevision,2110 [Synewave UK],Nitevision - 2110 [Synewave UK]
"2018-02-09 - Robert Hood, CFCF - Solid Steel","https://www.mixesdb.com/w/2018-02-09_-_Robert_Hood,_CFCF_-_Solid_Steel",CFCF,9,2?,The Seatbelts,Cats On Mars (DMX Krew Remix) [Victor],The Seatbelts - Cats On Mars (DMX Krew Remix) [Victor]
"2018-02-09 - Robert Hood, CFCF - Solid Steel","https://www.mixesdb.com/w/2018-02-09_-_Robert_Hood,_CFCF_-_Solid_Steel",CFCF,10,26,Rockers Hi-Fi,Stoned (Manali Cream Mix) [Lion Head - LHDIG 00LP6],Rockers Hi-Fi - Stoned (Manali Cream Mix) [Lion Head - LHDIG 00LP6]
"2018-02-09 - Robert Hood, CFCF - Solid Steel","https://www.mixesdb.com/w/2018-02-09_-_Robert_Hood,_CFCF_-_Solid_Steel",CFCF,11,30,John Barera & Paul Morse,Pantheon (Noncompliant Remix) [Allergy Season - ALLERGYFREE 008],John Barera & Paul Morse - Pantheon (Noncompliant Remix) [Allergy Season - ALLERGYFREE 008]
"2018-02-09 - Robert Hood, CFCF - Solid Steel","https://www.mixesdb.com/w/2018-02-09_-_Robert_Hood,_CFCF_-_Solid_Steel",CFCF,12,33,DBX,Signal Zero [Peacefrog],DBX - Signal Zero [Peacefrog]
"2018-02-09 - Robert Hood, CFCF - Solid Steel","https://www.mixesdb.com/w/2018-02-09_-_Robert_Hood,_CFCF_-_Solid_Steel",CFCF,13,??,Thomas Bangalter,Extra Dry [Roulé],Thomas Bangalter - Extra Dry [Roulé]
"2018-02-09 - Robert Hood, CFCF - Solid Steel","https://www.mixesdb.com/w/2018-02-09_-_Robert_Hood,_CFCF_-_Solid_Steel",CFCF,14,??,T.B.C.,Alien CIA Agent [Brothers],T.B.C. - Alien CIA Agent [Brothers]
"2018-02-09 - Robert Hood, CFCF - Solid Steel","https://www.mixesdb.com/w/2018-02-09_-_Robert_Hood,_CFCF_-_Solid_Steel",CFCF,15,??,Towa Tei,GBI (German Bold Light) [EastWest],Towa Tei - GBI (German Bold Light) [EastWest]
"2018-02-09 - Robert Hood, CFCF - Solid Steel","https://www.mixesdb.com/w/2018-02-09_-_Robert_Hood,_CFCF_-_Solid_Steel",CFCF,16,45,Lustral,Everytime (Timo Maas Remix) [ARVA - 741],Lustral - Everytime (Timo Maas Remix) [ARVA - 741]
"2018-02-09 - Robert Hood, CFCF - Solid Steel","https://www.mixesdb.com/w/2018-02-09_-_Robert_Hood,_CFCF_-_Solid_Steel",CFCF,17,46,M.E.S.H.,Inspired By True Story [Self-Released],M.E.S.H. - Inspired By True Story [Self-Released]
"2018-02-09 - Robert Hood, CFCF - Solid Steel","https://www.mixesdb.com/w/2018-02-09_-_Robert_Hood,_CFCF_-_Solid_Steel",CFCF,18,49,Roy Davis Jr,Jack Da Rhythms [Clone Jack For Daze - CJFD 22],Roy Davis Jr - Jack Da Rhythms [Clone Jack For Daze - CJFD 22]
"2018-02-09 - Robert Hood, CFCF - Solid Steel","https://www.mixesdb.com/w/2018-02-09_-_Robert_Hood,_CFCF_-_Solid_Steel",CFCF,19,53,Greg Stainer,Weakness [V.I.P.],Greg Stainer - Weakness [V.I.P.]
"2018-02-09 - Robert Hood, CFCF - Solid Steel","https://www.mixesdb.com/w/2018-02-09_-_Robert_Hood,_CFCF_-_Solid_Steel",CFCF,20,??,Laurent Garnier,Cycles D'Oppositions [F Communications],Laurent Garnier - Cycles D'Oppositions [F Communications]
"2018-02-09 - Robert Hood, CFCF - Solid Steel","https://www.mixesdb.com/w/2018-02-09_-_Robert_Hood,_CFCF_-_Solid_Steel",CFCF,21,??,K2,Levitation [Vibraphone],K2 - Levitation [Vibraphone]
"2018-02-09 - Robert Hood, CFCF - Solid Steel","https://www.mixesdb.com/w/2018-02-09_-_Robert_Hood,_CFCF_-_Solid_Steel",CFCF,22,62,Jules Venturini,Keep Me Close [Whities - WHYT 014],Jules Venturini - Keep Me Close [Whities - WHYT 014]
"2019-05-24 - Robert Hood @ Elsewhere Rooftop, NYC (DJ Mag)","https://www.mixesdb.com/w/2019-05-24_-_Robert_Hood_@_Elsewhere_Rooftop,_NYC_(DJ_Mag)",,1,0:00:00,TWR72,Copy [Turbo],TWR72 - Copy [Turbo]
"2019-05-24 - Robert Hood @ Elsewhere Rooftop, NYC (DJ Mag)","https://www.mixesdb.com/w/2019-05-24_-_Robert_Hood_@_Elsewhere_Rooftop,_NYC_(DJ_Mag)",,2,0:02:30,Armando,Confusion's Revenge [Jack Trax],Armando - Confusion's Revenge [Jack Trax]
"2019-05-24 - Robert Hood @ Elsewhere Rooftop, NYC (DJ Mag)","https://www.mixesdb.com/w/2019-05-24_-_Robert_Hood_@_Elsewhere_Rooftop,_NYC_(DJ_Mag)",,3,0:05:58,Derrick May,R-Theme,Derrick May - R-Theme
"2019-05-24 - Robert Hood @ Elsewhere Rooftop, NYC (DJ Mag)","https://www.mixesdb.com/w/2019-05-24_-_Robert_Hood_@_Elsewhere_Rooftop,_NYC_(DJ_Mag)",,4,0:09:03,,?,?
"2019-05-24 - Robert Hood @ Elsewhere Rooftop, NYC (DJ Mag)","https://www.mixesdb.com/w/2019-05-24_-_Robert_Hood_@_Elsewhere_Rooftop,_NYC_(DJ_Mag)",,5,0:11:10,Adonis,No Way Back [Trax],Adonis - No Way Back [Trax]
"2019-05-24 - Robert Hood @ Elsewhere Rooftop, NYC (DJ Mag)","https://www.mixesdb.com/w/2019-05-24_-_Robert_Hood_@_Elsewhere_Rooftop,_NYC_(DJ_Mag)",,6,0:13:38,,?,?
"2019-05-24 - Robert Hood @ Elsewhere Rooftop, NYC (DJ Mag)","https://www.mixesdb.com/w/2019-05-24_-_Robert_Hood_@_Elsewhere_Rooftop,_NYC_(DJ_Mag)",,7,0:16:25,Steve Silk Hurley,Jack Your Body [S&s],Steve Silk Hurley - Jack Your Body [S&s]
"2019-05-24 - Robert Hood @ Elsewhere Rooftop, NYC (DJ Mag)","https://www.mixesdb.com/w/2019-05-24_-_Robert_Hood_@_Elsewhere_Rooftop,_NYC_(DJ_Mag)",,8,0:19:44,Fast Eddie,Let's Go Remix,Fast Eddie - Let's Go Remix
"2019-05-24 - Robert Hood @ Elsewhere Rooftop, NYC (DJ Mag)","https://www.mixesdb.com/w/2019-05-24_-_Robert_Hood_@_Elsewhere_Rooftop,_NYC_(DJ_Mag)",,9,0:22:13,,?,?
"2019-05-24 - Robert Hood @ Elsewhere Rooftop, NYC (DJ Mag)","https://www.mixesdb.com/w/2019-05-24_-_Robert_Hood_@_Elsewhere_Rooftop,_NYC_(DJ_Mag)",,10,0:24:19,The Housemaster Boyz Feat. The Rude Boy Of House,House Nation [Trax],The Housemaster Boyz Feat. The Rude Boy Of House - House Nation [Trax]
"2019-05-24 - Robert Hood @ Elsewhere Rooftop, NYC (DJ Mag)","https://www.mixesdb.com/w/2019-05-24_-_Robert_Hood_@_Elsewhere_Rooftop,_NYC_(DJ_Mag)",,11,0:27:24,,?,?
"2019-05-24 - Robert Hood @ Elsewhere Rooftop, NYC (DJ Mag)","https://www.mixesdb.com/w/2019-05-24_-_Robert_Hood_@_Elsewhere_Rooftop,_NYC_(DJ_Mag)",,12,0:29:01,Gary Beck,Get Down [Saved],Gary Beck - Get Down [Saved]
"2019-05-24 - Robert Hood @ Elsewhere Rooftop, NYC (DJ Mag)","https://www.mixesdb.com/w/2019-05-24_-_Robert_Hood_@_Elsewhere_Rooftop,_NYC_(DJ_Mag)",,13,0:32:57,Floorplan,They Can Tell [M-Plant],Floorplan - They Can Tell [M-Plant]
"2019-05-24 - Robert Hood @ Elsewhere Rooftop, NYC (DJ Mag)","https://www.mixesdb.com/w/2019-05-24_-_Robert_Hood_@_Elsewhere_Rooftop,_NYC_(DJ_Mag)",,14,0:35:36,Roberto Capuano,Free [Analytic Trail],Roberto Capuano - Free [Analytic Trail]
"2019-05-24 - Robert Hood @ Elsewhere Rooftop, NYC (DJ Mag)","https://www.mixesdb.com/w/2019-05-24_-_Robert_Hood_@_Elsewhere_Rooftop,_NYC_(DJ_Mag)",,15,0:40:10,,?,?
"2019-05-24 - Robert Hood @ Elsewhere Rooftop, NYC (DJ Mag)","https://www.mixesdb.com/w/2019-05-24_-_Robert_Hood_@_Elsewhere_Rooftop,_NYC_(DJ_Mag)",,16,0:43:01,Adrian Hour,Lost In Groove [Toolroom],Adrian Hour - Lost In Groove [Toolroom]
"2019-05-24 - Robert Hood @ Elsewhere Rooftop, NYC (DJ Mag)","https://www.mixesdb.com/w/2019-05-24_-_Robert_Hood_@_Elsewhere_Rooftop,_NYC_(DJ_Mag)",,17,0:46:44,Esteban Adame,Paper People (Robert Hood Remix) [Rogue Society],Esteban Adame - Paper People (Robert Hood Remix) [Rogue Society]
"2019-05-24 - Robert Hood @ Elsewhere Rooftop, NYC (DJ Mag)","https://www.mixesdb.com/w/2019-05-24_-_Robert_Hood_@_Elsewhere_Rooftop,_NYC_(DJ_Mag)",,18,0:50:45,Stare5,We Will Not [EPM],Stare5 - We Will Not [EPM]
"2019-05-24 - Robert Hood @ Elsewhere Rooftop, NYC (DJ Mag)","https://www.mixesdb.com/w/2019-05-24_-_Robert_Hood_@_Elsewhere_Rooftop,_NYC_(DJ_Mag)",,19,0:54:05,Big Lolo,Best Addiction 5 [Big Little Man],Big Lolo - Best Addiction 5 [Big Little Man]
"2019-05-24 - Robert Hood @ Elsewhere Rooftop, NYC (DJ Mag)","https://www.mixesdb.com/w/2019-05-24_-_Robert_Hood_@_Elsewhere_Rooftop,_NYC_(DJ_Mag)",,20,0:57:00,,?,?
"2019-05-24 - Robert Hood @ Elsewhere Rooftop, NYC (DJ Mag)","https://www.mixesdb.com/w/2019-05-24_-_Robert_Hood_@_Elsewhere_Rooftop,_NYC_(DJ_Mag)",,21,0:59:16,Don Armando's Second Avenue Rhumba Band,Deputy Of Love [Ze],Don Armando's Second Avenue Rhumba Band - Deputy Of Love [Ze]
"2019-05-24 - Robert Hood @ Elsewhere Rooftop, NYC (DJ Mag)","https://www.mixesdb.com/w/2019-05-24_-_Robert_Hood_@_Elsewhere_Rooftop,_NYC_(DJ_Mag)",,22,1:03:11,Ben Sims,Dollar Bil Yall,Ben Sims - Dollar Bil Yall
"2019-05-24 - Robert Hood @ Elsewhere Rooftop, NYC (DJ Mag)","https://www.mixesdb.com/w/2019-05-24_-_Robert_Hood_@_Elsewhere_Rooftop,_NYC_(DJ_Mag)",,23,1:07:03,Adrian Hour,Shoot To Thrill [Toolroom],Adrian Hour - Shoot To Thrill [Toolroom]
"2019-05-24 - Robert Hood @ Elsewhere Rooftop, NYC (DJ Mag)","https://www.mixesdb.com/w/2019-05-24_-_Robert_Hood_@_Elsewhere_Rooftop,_NYC_(DJ_Mag)",,24,1:09:56,Barbara Tucker,Beautiful People (Floorplan Remix) [Positiva],Barbara Tucker - Beautiful People (Floorplan Remix) [Positiva]
"2019-05-24 - Robert Hood @ Elsewhere Rooftop, NYC (DJ Mag)","https://www.mixesdb.com/w/2019-05-24_-_Robert_Hood_@_Elsewhere_Rooftop,_NYC_(DJ_Mag)",,25,1:14:58,Sophie Lloyd Feat. Dames Brown,Calling Out (Floorplan Club Mix) [Defected],Sophie Lloyd Feat. Dames Brown - Calling Out (Floorplan Club Mix) [Defected]
"2019-05-24 - Robert Hood @ Elsewhere Rooftop, NYC (DJ Mag)","https://www.mixesdb.com/w/2019-05-24_-_Robert_Hood_@_Elsewhere_Rooftop,_NYC_(DJ_Mag)",,26,1:19:41,Floorplan,So Glad [M-Plant],Floorplan - So Glad [M-Plant]
"2019-05-24 - Robert Hood @ Elsewhere Rooftop, NYC (DJ Mag)","https://www.mixesdb.com/w/2019-05-24_-_Robert_Hood_@_Elsewhere_Rooftop,_NYC_(DJ_Mag)",,27,1:23:05,Donna Summer,I Feel Love (Glenn Underground Remix) [Island Def Jam],Donna Summer - I Feel Love (Glenn Underground Remix) [Island Def Jam]
"2019-05-24 - Robert Hood @ Elsewhere Rooftop, NYC (DJ Mag)","https://www.mixesdb.com/w/2019-05-24_-_Robert_Hood_@_Elsewhere_Rooftop,_NYC_(DJ_Mag)",,28,1:26:38,Gary Beck Feat. Debra Debs,Get Together [Bek],Gary Beck Feat. Debra Debs - Get Together [Bek]
"2019-05-24 - Robert Hood @ Elsewhere Rooftop, NYC (DJ Mag)","https://www.mixesdb.com/w/2019-05-24_-_Robert_Hood_@_Elsewhere_Rooftop,_NYC_(DJ_Mag)",,29,1:30:16,Floorplan,Spin [M-Plant],Floorplan - Spin [M-Plant]
"2019-05-24 - Robert Hood @ Elsewhere Rooftop, NYC (DJ Mag)","https://www.mixesdb.com/w/2019-05-24_-_Robert_Hood_@_Elsewhere_Rooftop,_NYC_(DJ_Mag)",,30,1:33:41,Ann Nesby & DJ Spen,I Feel (DJ Spen Disco Dreams Re Edit) [Quantize],Ann Nesby & DJ Spen - I Feel (DJ Spen Disco Dreams Re Edit) [Quantize]
"2019-05-24 - Robert Hood @ Elsewhere Rooftop, NYC (DJ Mag)","https://www.mixesdb.com/w/2019-05-24_-_Robert_Hood_@_Elsewhere_Rooftop,_NYC_(DJ_Mag)",,31,1:38:38,Floorplan,Tell You No Lie [M-Plant],Floorplan - Tell You No Lie [M-Plant]
"2019-05-24 - Robert Hood @ Elsewhere Rooftop, NYC (DJ Mag)","https://www.mixesdb.com/w/2019-05-24_-_Robert_Hood_@_Elsewhere_Rooftop,_NYC_(DJ_Mag)",,32,1:43:55,Workidz,Street Sounds [Secret Service],Workidz - Street Sounds [Secret Service]
"2019-05-24 - Robert Hood @ Elsewhere Rooftop, NYC (DJ Mag)","https://www.mixesdb.com/w/2019-05-24_-_Robert_Hood_@_Elsewhere_Rooftop,_NYC_(DJ_Mag)",,33,1:47:31,Ann Nesby,Love Is What We Need (Mousse T Extended Mix) [Perspectives Digital],Ann Nesby - Love Is What We Need (Mousse T Extended Mix) [Perspectives Digital]
"2019-05-24 - Robert Hood @ Elsewhere Rooftop, NYC (DJ Mag)","https://www.mixesdb.com/w/2019-05-24_-_Robert_Hood_@_Elsewhere_Rooftop,_NYC_(DJ_Mag)",,34,1:52:28,Fire Island Feat. Love Nelson,There But For The Grace Of God (Joey Negro Remix),Fire Island Feat. Love Nelson - There But For The Grace Of God (Joey Negro Remix)
"2019-05-24 - Robert Hood @ Elsewhere Rooftop, NYC (DJ Mag)","https://www.mixesdb.com/w/2019-05-24_-_Robert_Hood_@_Elsewhere_Rooftop,_NYC_(DJ_Mag)",,35,1:56:47,,?,?
